timestamp,engineId,missionId,missionPhase,altitude,ambientTemperature,throttle,load,rpm,egt,cht,oilTemperature,oilPressure,fuelFlow,vibration,batteryVoltage,expectedRpm,expectedEgt,expectedCht,expectedOilTemperature,expectedOilPressure,expectedFuelFlow,expectedVibration,rpmResidual,egtResidual,chtResidual,oilTemperatureResidual,oilPressureResidual,fuelFlowResidual,vibrationResidual,normalizedRpmResidual,normalizedEgtResidual,normalizedChtResidual,normalizedOilTemperatureResidual,normalizedOilPressureResidual,normalizedFuelFlowResidual,normalizedVibrationResidual,runId,faultType,faultSeverity,faultStartTime,faultActive
2026-01-01T00:00:01Z,ENG-DATASET-000,MSN-NORMAL-000,TAKEOFF,500.0,10.0,0.9037402420015569,0.7462597579984431,5283.09261046026,1115.5329722968067,46.88832430742017,18.387488926357058,464.15463052301305,31.171182376542873,9.536865453801068,14.2,5283.09261046026,1115.5329722968067,46.88832430742017,18.387488926357058,464.15463052301305,31.171182376542873,9.536865453801068,0.0,0.0,0.0,0.0,0.0,0.0,0.0,0.0,0.0,0.0,0.0,0.0,0.0,0.0,0,NORMAL,0.0,2026-01-01T00:02:00+00:00,False
2026-01-01T00:00:02Z,ENG-DATASET-000,MSN-NORMAL-000,TAKEOFF,500.0,10.0,0.9074221187776357,0.7425778812223643,5303.342932728694,1119.6894851102556,71.19172900443455,21.64824466893621,465.1671466364347,31.312389725115096,9.008608306799909,14.2,5303.342932728694,1119.6894851102556,71.19172900443455,21.64824466893621,465.1671466364347,31.312389725115096,9.008608306799909,0.0,0.0,0.0,0.0,0.0,0.0,0.0,0.0,0.0,0.0,0.0,0.0,0.0,0.0,0,NORMAL,0.0,2026-01-01T00:02:00+00:00,False
2026-01-01T00:00:03Z,ENG-DATASET-000,MSN-NORMAL-000,TAKEOFF,500.0,10.0,0.9109881758725814,0.7390118241274186,5322.956246750895,1123.721290695219,93.16558837137157,24.78706079394302,466.14781233754474,31.449342223298576,9.097915438512377,14.2,5322.956246750895,1123.721290695219,93.16558837137157,24.78706079394302,466.14781233754474,31.449342223298576,9.097915438512377,0.0,0.0,0.0,0.0,0.0,0.0,0.0,0.0,0.0,0.0,0.0,0.0,0.0,0.0,0,NORMAL,0.0,2026-01-01T00:02:00+00:00,False
2026-01-01T00:00:04Z,ENG-DATASET-000,MSN-NORMAL-000,TAKEOFF,500.0,10.0,0.9143827661581261,0.7356172338418739,5341.626493321391,1127.5647703422144,113.03814879278977,27.808406631772282,467.0813246660695,31.57988098829462,9.70842217260372,14.2,5341.626493321391,1127.5647703422144,113.03814879278977,27.808406631772282,467.0813246660695,31.57988098829462,9.70842217260372,0.0,0.0,0.0,0.0,0.0,0.0,0.0,0.0,0.0,0.0,0.0,0.0,0.0,0.0,0,NORMAL,0.0,2026-01-01T00:02:00+00:00,False
2026-01-01T00:00:05Z,ENG-DATASET-000,MSN-NORMAL-000,TAKEOFF,500.0,10.0,0.9175529181882139,0.7324470818117861,5359.062329486874,1131.159017549825,131.0133093522564,30.716446617112393,467.9531164743437,31.701940208175117,9.995535235548072,14.2,5359.062329486874,1131.159017549825,131.0133093522564,30.716446617112393,467.9531164743437,31.701940208175117,9.995535235548072,0.0,0.0,0.0,0.0,0.0,0.0,0.0,0.0,0.0,0.0,0.0,0.0,0.0,0.0,0,NORMAL,0.0,2026-01-01T00:02:00+00:00,False
2026-01-01T00:00:06Z,ENG-DATASET-000,MSN-NORMAL-000,TAKEOFF,500.0,10.0,0.9204491628007,0.7295508371993,5374.991674855547,1134.4468460067783,147.27314956720022,33.51506082354482,468.74958374277736,31.81358115991774,9.575991804225273,14.2,5374.991674855547,1134.4468460067783,147.27314956720022,33.51506082354482,468.74958374277736,31.81358115991774,9.575991804225273,0.0,0.0,0.0,0.0,0.0,0.0,0.0,0.0,0.0,0.0,0.0,0.0,0.0,0.0,0,NORMAL,0.0,2026-01-01T00:02:00+00:00,False
2026-01-01T00:00:07Z,ENG-DATASET-000,MSN-NORMAL-000,TAKEOFF,500.0,10.0,0.9230263050670808,0.7269736949329192,5389.165957320642,1137.375750421596,161.9802283710201,36.207866514735144,469.45829786603207,31.913024581680613,9.076512678927147,14.2,5389.165957320642,1137.375750421596,161.9802283710201,36.207866514735144,469.45829786603207,31.913024581680613,9.076512678927147,0.0,0.0,0.0,0.0,0.0,0.0,0.0,0.0,0.0,0.0,0.0,0.0,0.0,0.0,0,NORMAL,0.0,2026-01-01T00:02:00+00:00,False
2026-01-01T00:00:08Z,ENG-DATASET-000,MSN-NORMAL-000,TAKEOFF,500.0,10.0,0.925244129544237,0.7247558704557631,5401.363991945001,1139.8988009365266,175.27967555733125,38.79824051274727,470.06819959725004,31.998680761979283,9.235514388915414,14.2,5401.363991945001,1139.8988009365266,175.27967555733125,38.79824051274727,470.06819959725004,31.998680761979283,9.235514388915414,0.0,0.0,0.0,0.0,0.0,0.0,0.0,0.0,0.0,0.0,0.0,0.0,0.0,0.0,0,NORMAL,0.0,2026-01-01T00:02:00+00:00,False
2026-01-01T00:00:09Z,ENG-DATASET-000,MSN-NORMAL-000,TAKEOFF,500.0,10.0,0.9270680278229729,0.7229319721770271,5411.395432478048,1141.975452433303,187.3010943124307,41.289342165788284,470.5697716239024,32.06917672964342,9.844841650988792,14.2,5411.395432478048,1141.975452433303,187.3010943124307,41.289342165788284,470.5697716239024,32.06917672964342,9.844841650988792,0.0,0.0,0.0,0.0,0.0,0.0,0.0,0.0,0.0,0.0,0.0,0.0,0.0,0.0,0,NORMAL,0.0,2026-01-01T00:02:00+00:00,False
2026-01-01T00:00:10Z,ENG-DATASET-000,MSN-NORMAL-000,TAKEOFF,500.0,10.0,0.9284695385806676,0.7215304614193324,5419.103741645369,1143.5722512042582,198.16029116129408,43.68413668308312,470.9551870822685,32.1233799686546,10.047679854714854,14.2,5419.103741645369,1143.5722512042582,198.16029116129408,43.68413668308312,470.9551870822685,32.1233799686546,10.047679854714854,0.0,0.0,0.0,0.0,0.0,0.0,0.0,0.0,0.0,0.0,0.0,0.0,0.0,0.0,0,NORMAL,0.0,2026-01-01T00:02:00+00:00,False
2026-01-01T00:00:11Z,ENG-DATASET-000,MSN-NORMAL-000,TAKEOFF,500.0,10.0,0.9294267917106946,0.7205732082893054,5424.3686338605185,1144.6634232218898,207.96084762571192,45.98541859380527,471.21843169302593,32.1604181410845,9.565840400219008,14.2,5424.3686338605185,1144.6634232218898,207.96084762571192,45.98541859380527,471.21843169302593,32.1604181410845,9.565840400219008,0.0,0.0,0.0,0.0,0.0,0.0,0.0,0.0,0.0,0.0,0.0,0.0,0.0,0.0,0,NORMAL,0.0,2026-01-01T00:02:00+00:00,False
2026-01-01T00:00:12Z,ENG-DATASET-000,MSN-NORMAL-000,TAKEOFF,500.0,10.0,0.9299248495981216,0.7200751504018784,5427.107952241366,1145.2313305598898,216.79554612713798,48.19583508021146,471.3553976120683,32.1796943782664,9.098121028679241,14.2,5427.107952241366,1145.2313305598898,216.79554612713798,48.19583508021146,471.3553976120683,32.1796943782664,9.098121028679241,0.0,0.0,0.0,0.0,0.0,0.0,0.0,0.0,0.0,0.0,0.0,0.0,0.0,0.0,0,NORMAL,0.0,2026-01-01T00:02:00+00:00,False
2026-01-01T00:00:13Z,ENG-DATASET-000,MSN-NORMAL-000,TAKEOFF,500.0,10.0,0.929955940216195,0.720044059783805,5427.27895064077,1145.2667853348885,224.7476611477964,50.31790893244253,471.3639475320385,32.18089779297805,9.319023031011373,14.2,5427.27895064077,1145.2667853348885,224.7476611477964,50.31790893244253,471.3639475320385,32.18089779297805,9.319023031011373,0.0,0.0,0.0,0.0,0.0,0.0,0.0,0.0,0.0,0.0,0.0,0.0,0.0,0.0,0,NORMAL,0.0,2026-01-01T00:02:00+00:00,False
2026-01-01T00:00:14Z,ENG-DATASET-000,MSN-NORMAL-000,TAKEOFF,500.0,10.0,0.9295195784062181,0.7204804215937819,5424.878960685897,1144.7692137579122,231.89212537696457,52.354060873893935,471.2439480342949,32.16400897083325,9.912340852136293,14.2,5424.878960685897,1144.7692137579122,231.89212537696457,52.354060873893935,471.2439480342949,32.16400897083325,9.912340852136293,0.0,0.0,0.0,0.0,0.0,0.0,0.0,0.0,0.0,0.0,0.0,0.0,0.0,0.0,0,NORMAL,0.0,2026-01-01T00:02:00+00:00,False
2026-01-01T00:00:15Z,ENG-DATASET-000,MSN-NORMAL-000,TAKEOFF,500.0,10.0,0.9286225734482908,0.7213774265517092,5419.945433417297,1143.7466663911705,238.29657949904737,54.306631011596984,470.99727167086485,32.1293003135728,10.024177786617608,14.2,5419.945433417297,1143.7466663911705,238.29657949904737,54.306631011596984,470.99727167086485,32.1293003135728,10.024177786617608,0.0,0.0,0.0,0.0,0.0,0.0,0.0,0.0,0.0,0.0,0.0,0.0,0.0,0.0,0,NORMAL,0.0,2026-01-01T00:02:00+00:00,False
2026-01-01T00:00:16Z,ENG-DATASET-000,MSN-NORMAL-000,TAKEOFF,500.0,10.0,0.9272789228047704,0.7227210771952296,5412.555354877935,1142.2156743653497,244.02231340827637,56.177899175593055,470.62776774389675,32.07733122627391,9.4863632859935,14.2,5412.555354877935,1142.2156743653497,244.02231340827637,56.177899175593055,470.62776774389675,32.07733122627391,9.4863632859935,0.0,0.0,0.0,0.0,0.0,0.0,0.0,0.0,0.0,0.0,0.0,0.0,0.0,0.0,0,NORMAL,0.0,2026-01-01T00:02:00+00:00,False
2026-01-01T00:00:17Z,ENG-DATASET-000,MSN-NORMAL-000,TAKEOFF,500.0,10.0,0.9255095936945535,0.7244904063054465,5402.824044771742,1140.2009549817576,249.12510594199267,57.97010392467162,470.1412022385871,32.00893826012877,9.057510776320086,14.2,5402.824044771742,1140.2009549817576,249.12510594199267,57.97010392467162,470.1412022385871,32.00893826012877,9.057510776320086,0.0,0.0,0.0,0.0,0.0,0.0,0.0,0.0,0.0,0.0,0.0,0.0,0.0,0.0,0,NORMAL,0.0,2026-01-01T00:02:00+00:00,False
2026-01-01T00:00:18Z,ENG-DATASET-000,MSN-NORMAL-000,TAKEOFF,500.0,10.0,0.9233421959066377,0.7266578040933623,5390.9033569382045,1137.734973658602,253.65596968925846,59.68546001286343,469.54516784691026,31.925220437831772,9.336356391004616,14.2,5390.9033569382045,1137.734973658602,253.65596968925846,59.68546001286343,469.54516784691026,31.925220437831772,9.336356391004616,0.0,0.0,0.0,0.0,0.0,0.0,0.0,0.0,0.0,0.0,0.0,0.0,0.0,0.0,0,NORMAL,0.0,2026-01-01T00:02:00+00:00,False
2026-01-01T00:00:19Z,ENG-DATASET-000,MSN-NORMAL-000,TAKEOFF,500.0,10.0,0.9208105509585982,0.7291894490414018,5376.979309723988,1134.8573724456687,257.6618070314743,61.32617413146081,468.8489654861994,31.827520095465513,9.904208835666534,14.2,5376.979309723988,1134.8573724456687,257.6618070314743,61.32617413146081,468.8489654861994,31.827520095465513,9.904208835666534,0.0,0.0,0.0,0.0,0.0,0.0,0.0,0.0,0.0,0.0,0.0,0.0,0.0,0.0,0,NORMAL,0.0,2026-01-01T00:02:00+00:00,False
2026-01-01T00:00:20Z,ENG-DATASET-000,MSN-NORMAL-000,TAKEOFF,500.0,10.0,0.9179541643231187,0.7320458356768813,5361.26918322885,1131.6142782073669,261.18598328351106,62.89445876475363,468.0634591614425,31.71739966930449,9.925097748517373,14.2,5361.26918322885,1131.6142782073669,261.18598328351106,62.89445876475363,468.0634591614425,31.71739966930449,9.925097748517373,0.0,0.0,0.0,0.0,0.0,0.0,0.0,0.0,0.0,0.0,0.0,0.0,0.0,0.0,0,NORMAL,0.0,2026-01-01T00:02:00+00:00,False
2026-01-01T00:00:21Z,ENG-DATASET-000,MSN-NORMAL-000,TAKEOFF,500.0,10.0,0.9148176089583027,0.7351823910416974,5344.018128722362,1128.0575059642908,264.26882260426726,64.39254402375089,467.20090643611815,31.596614935096966,9.343797952186902,14.2,5344.018128722362,1128.0575059642908,264.26882260426726,64.39254402375089,467.20090643611815,31.596614935096966,9.343797952186902,0.0,0.0,0.0,0.0,0.0,0.0,0.0,0.0,0.0,0.0,0.0,0.0,0.0,0.0,0,NORMAL,0.0,2026-01-01T00:02:00+00:00,False
2026-01-01T00:00:22Z,ENG-DATASET-000,MSN-NORMAL-000,TAKEOFF,500.0,10.0,0.91144982976157,0.7385501702384301,5325.495343140332,1124.2436747199438,266.9480322118391,65.82268735049128,466.2747671570166,31.4670852689494,8.965343988482001,14.2,5325.495343140332,1124.2436747199438,266.9480322118391,65.82268735049128,466.2747671570166,31.4670852689494,8.965343988482001,0.0,0.0,0.0,0.0,0.0,0.0,0.0,0.0,0.0,0.0,0.0,0.0,0.0,0.0,0,NORMAL,0.0,2026-01-01T00:02:00+00:00,False
2026-01-01T00:00:23Z,ENG-DATASET-000,MSN-NORMAL-000,TAKEOFF,500.0,10.0,0.9079033798009026,0.7420966201990974,5305.989868356662,1120.2332543448642,269.2590603492768,67.18718101568427,465.2994934178331,31.33086154169872,9.302110239733482,14.2,5305.989868356662,1120.2332543448642,269.2590603492768,67.18718101568427,465.2994934178331,31.33086154169872,9.302110239733482,0.0,0.0,0.0,0.0,0.0,0.0,0.0,0.0,0.0,0.0,0.0,0.0,0.0,0.0,0,NORMAL,0.0,2026-01-01T00:02:00+00:00,False
2026-01-01T00:00:24Z,ENG-DATASET-000,MSN-NORMAL-000,TAKEOFF,500.0,10.0,0.904233600241796,0.745766399758204,5285.8060807815755,1116.0895627392008,271.23539338282916,68.48835736389071,464.29030403907876,31.19009228236743,9.840210084685879,14.2,5285.8060807815755,1116.0895627392008,271.23539338282916,68.48835736389071,464.29030403907876,31.19009228236743,9.840210084685879,0.0,0.0,0.0,0.0,0.0,0.0,0.0,0.0,0.0,0.0,0.0,0.0,0.0,0.0,0,NORMAL,0.0,2026-01-01T00:02:00+00:00,False
2026-01-01T00:00:25Z,ENG-DATASET-000,MSN-NORMAL-000,TAKEOFF,500.0,10.0,0.9004977567668805,0.7495022432331195,5265.25894166954,1111.877732570793,272.90879735881606,69.72859179275244,463.262947083477,31.046988751641205,9.776218876619051,14.2,5265.25894166954,1111.877732570793,272.90879735881606,69.72859179275244,463.262947083477,31.046988751641205,9.776218876619051,0.0,0.0,0.0,0.0,0.0,0.0,0.0,0.0,0.0,0.0,0.0,0.0,0.0,0.0,0,NORMAL,0.0,2026-01-01T00:02:00+00:00,False
2026-01-01T00:00:26Z,ENG-DATASET-000,MSN-NORMAL-000,TAKEOFF,500.0,10.0,0.8967541459640967,0.7532458540359033,5244.66908225423,1107.6636664390426,274.30950928391053,70.91030348540545,462.2334541127115,30.903789554790286,9.16872803910154,14.2,5244.66908225423,1107.6636664390426,274.30950928391053,70.91030348540545,462.2334541127115,30.903789554790286,9.16872803910154,0.0,0.0,0.0,0.0,0.0,0.0,0.0,0.0,0.0,0.0,0.0,0.0,0.0,0.0,0,NORMAL,0.0,2026-01-01T00:02:00+00:00,False
2026-01-01T00:00:27Z,ENG-DATASET-000,MSN-NORMAL-000,TAKEOFF,500.0,10.0,0.8930611856279393,0.7569388143720607,5224.357800405363,1103.512998416575,275.46638331593385,72.0359539476472,461.21789002026816,30.76272539724411,8.854918876383973,14.2,5224.357800405363,1103.512998416575,275.46638331593385,72.0359539476472,461.21789002026816,30.76272539724411,8.854918876383973,0.0,0.0,0.0,0.0,0.0,0.0,0.0,0.0,0.0,0.0,0.0,0.0,0.0,0.0,0,NORMAL,0.0,2026-01-01T00:02:00+00:00,False
2026-01-01T00:00:28Z,ENG-DATASET-000,MSN-NORMAL-000,TAKEOFF,500.0,10.0,0.8894765031693115,0.7605234968306887,5204.64204688291,1099.4900786570888,276.4069969507677,73.10804343316445,460.2321023441455,30.625984547767185,9.251670710185254,14.2,5204.64204688291,1099.4900786570888,276.4069969507677,73.10804343316445,460.2321023441455,30.625984547767185,9.251670710185254,0.0,0.0,0.0,0.0,0.0,0.0,0.0,0.0,0.0,0.0,0.0,0.0,0.0,0.0,0,NORMAL,0.0,2026-01-01T00:02:00+00:00,False
2026-01-01T00:00:29Z,ENG-DATASET-000,MSN-NORMAL-000,TAKEOFF,500.0,10.0,0.8860560363590517,0.7639439636409483,5185.829479426482,1095.656996223623,277.15772216128147,74.12910537066516,459.29147397132414,30.495679526792735,9.758818423518019,14.2,5185.829479426482,1095.656996223623,277.15772216128147,74.12910537066516,459.29147397132414,30.495679526792735,9.758818423518019,0.0,0.0,0.0,0.0,0.0,0.0,0.0,0.0,0.0,0.0,0.0,0.0,0.0,0.0,0,NORMAL,0.0,2026-01-01T00:02:00+00:00,False
2026-01-01T00:00:30Z,ENG-DATASET-000,MSN-NORMAL-000,CLIMB,2500.0,10.0,0.7628531604377298,0.6671468395622704,4506.864631473722,941.2802187416,273.9739554136933,74.15421015626579,425.3432315736861,20.54237373969397,8.4274662753309,14.2,4506.864631473722,941.2802187416,273.9739554136933,74.15421015626579,425.3432315736861,20.54237373969397,8.4274662753309,0.0,0.0,0.0,0.0,0.0,0.0,0.0,0.0,0.0,0.0,0.0,0.0,0.0,0.0,0,NORMAL,0.0,2026-01-01T00:02:00+00:00,False
2026-01-01T00:00:31Z,ENG-DATASET-000,MSN-NORMAL-000,CLIMB,2500.0,10.0,0.7599178552128679,0.6700821447871321,4490.720452736982,938.1248379884323,271.0296808220348,74.17244013999267,424.5360226368491,20.45767446472751,7.8129071597466035,14.2,4490.720452736982,938.1248379884323,271.0296808220348,74.17244013999267,424.5360226368491,20.45767446472751,7.8129071597466035,0.0,0.0,0.0,0.0,0.0,0.0,0.0,0.0,0.0,0.0,0.0,0.0,0.0,0.0,0,NORMAL,0.0,2026-01-01T00:02:00+00:00,False
2026-01-01T00:00:32Z,ENG-DATASET-000,MSN-NORMAL-000,CLIMB,2500.0,10.0,0.7572959251407622,0.6727040748592379,4476.2998373404,935.3095200421992,268.3094507408863,74.18469706422627,423.81499186702,20.382095475485553,7.577584299939157,14.2,4476.2998373404,935.3095200421992,268.3094507408863,74.18469706422627,423.81499186702,20.382095475485553,7.577584299939157,0.0,0.0,0.0,0.0,0.0,0.0,0.0,0.0,0.0,0.0,0.0,0.0,0.0,0.0,0,NORMAL,0.0,2026-01-01T00:02:00+00:00,False
2026-01-01T00:00:33Z,ENG-DATASET-000,MSN-NORMAL-000,CLIMB,2500.0,10.0,0.7550282845632604,0.6749717154367396,4463.82781416414,932.8770488897327,265.80043188904096,74.19192843033552,423.191390708207,20.316788199216646,8.035417391033628,14.2,4463.82781416414,932.8770488897327,265.80043188904096,74.19192843033552,423.191390708207,20.316788199216646,8.035417391033628,0.0,0.0,0.0,0.0,0.0,0.0,0.0,0.0,0.0,0.0,0.0,0.0,0.0,0.0,0,NORMAL,0.0,2026-01-01T00:02:00+00:00,False
2026-01-01T00:00:34Z,ENG-DATASET-000,MSN-NORMAL-000,CLIMB,2500.0,10.0,0.7531503192531426,0.6768496807468575,4453.499004958491,930.864278835767,263.491995671031,74.19511461118017,422.6749502479246,20.262744860486798,8.510396323622397,14.2,4453.499004958491,930.864278835767,263.491995671031,74.19511461118017,422.6749502479246,20.262744860486798,8.510396323622397,0.0,0.0,0.0,0.0,0.0,0.0,0.0,0.0,0.0,0.0,0.0,0.0,0.0,0.0,0,NORMAL,0.0,2026-01-01T00:02:00+00:00,False
2026-01-01T00:00:35Z,ENG-DATASET-000,MSN-NORMAL-000,CLIMB,2500.0,10.0,0.7516913342309711,0.6783086657690289,4445.474587336549,929.3016271168876,261.37533678185014,74.1952553747467,422.27372936682747,20.220784646728596,8.305397793465364,14.2,4445.474587336549,929.3016271168876,261.37533678185014,74.1952553747467,422.27372936682747,20.220784646728596,8.305397793465364,0.0,0.0,0.0,0.0,0.0,0.0,0.0,0.0,0.0,0.0,0.0,0.0,0.0,0.0,0,NORMAL,0.0,2026-01-01T00:02:00+00:00,False
2026-01-01T00:00:36Z,ENG-DATASET-000,MSN-NORMAL-000,CLIMB,2500.0,10.0,0.7506740964700471,0.6793259035299529,4439.879779651467,928.2126599219542,259.443119601714,74.1933560322487,421.99398898257334,20.191542402501426,7.701196415519737,14.2,4439.879779651467,928.2126599219542,259.443119601714,74.1933560322487,421.99398898257334,20.191542402501426,7.701196415519737,0.0,0.0,0.0,0.0,0.0,0.0,0.0,0.0,0.0,0.0,0.0,0.0,0.0,0.0,0,NORMAL,0.0,2026-01-01T00:02:00+00:00,False
2026-01-01T00:00:37Z,ENG-DATASET-000,MSN-NORMAL-000,CLIMB,2500.0,10.0,0.7501144796254057,0.6798855203745944,4436.801887005939,927.6137746397478,257.6891520075363,74.19041342976135,421.8400943502969,20.175459940265235,7.554407415933285,14.2,4436.801887005939,927.6137746397478,257.6891520075363,74.19041342976135,421.8400943502969,20.175459940265235,7.554407415933285,0.0,0.0,0.0,0.0,0.0,0.0,0.0,0.0,0.0,0.0,0.0,0.0,0.0,0.0,0,NORMAL,0.0,2026-01-01T00:02:00+00:00,False
2026-01-01T00:00:38Z,ENG-DATASET-000,MSN-NORMAL-000,CLIMB,2500.0,10.0,0.7500212163307387,0.6799787836692613,4436.288938885271,927.5139803072963,256.1080863144651,74.18740200478415,421.8144469442635,20.17278003057351,8.070375462146824,14.2,4436.288938885271,927.5139803072963,256.1080863144651,74.18740200478415,421.8144469442635,20.17278003057351,8.070375462146824,0.0,0.0,0.0,0.0,0.0,0.0,0.0,0.0,0.0,0.0,0.0,0.0,0.0,0.0,0,NORMAL,0.0,2026-01-01T00:02:00+00:00,False
2026-01-01T00:00:39Z,ENG-DATASET-000,MSN-NORMAL-000,CLIMB,2500.0,10.0,0.7503957619285668,0.6796042380714332,4438.348939673326,927.9147775231269,254.69514712109674,74.1852601280017,421.9174469836663,20.183543112824815,8.509059704551797,14.2,4438.348939673326,927.9147775231269,254.69514712109674,74.1852601280017,421.9174469836663,20.183543112824815,8.509059704551797,0.0,0.0,0.0,0.0,0.0,0.0,0.0,0.0,0.0,0.0,0.0,0.0,0.0,0.0,0,NORMAL,0.0,2026-01-01T00:02:00+00:00,False
2026-01-01T00:00:40Z,ENG-DATASET-000,MSN-NORMAL-000,CLIMB,2500.0,10.0,0.7512322717601059,0.6787677282398942,4442.94974374679,928.8101384820873,253.44588587103925,74.18487694595362,422.1474871873395,20.20758674825874,8.245285155766014,14.2,4442.94974374679,928.8101384820873,253.44588587103925,74.18487694595362,422.1474871873395,20.20758674825874,8.245285155766014,0.0,0.0,0.0,0.0,0.0,0.0,0.0,0.0,0.0,0.0,0.0,0.0,0.0,0.0,0,NORMAL,0.0,2026-01-01T00:02:00+00:00,False
2026-01-01T00:00:41Z,ENG-DATASET-000,MSN-NORMAL-000,CLIMB,2500.0,10.0,0.7525176923692127,0.6774823076307873,4450.019557096878,930.1865872384966,252.35596196489774,74.18707993240568,422.5009778548439,20.244547818745268,7.664363894610883,14.2,4450.019557096878,930.1865872384966,252.35596196489774,74.18707993240568,422.5009778548439,20.244547818745268,7.664363894610883,0.0,0.0,0.0,0.0,0.0,0.0,0.0,0.0,0.0,0.0,0.0,0.0,0.0,0.0,0,NORMAL,0.0,2026-01-01T00:02:00+00:00,False
2026-01-01T00:00:42Z,ENG-DATASET-000,MSN-NORMAL-000,CLIMB,2500.0,10.0,0.7542319651972023,0.6757680348027978,4459.44805765082,932.0233797642514,251.42095026251425,74.19262334505564,422.972402882541,20.293867457002168,7.609952230735846,14.2,4459.44805765082,932.0233797642514,251.42095026251425,74.19262334505564,422.972402882541,20.293867457002168,7.609952230735846,0.0,0.0,0.0,0.0,0.0,0.0,0.0,0.0,0.0,0.0,0.0,0.0,0.0,0.0,0,NORMAL,0.0,2026-01-01T00:02:00+00:00,False
2026-01-01T00:00:43Z,ENG-DATASET-000,MSN-NORMAL-000,CLIMB,2500.0,10.0,0.7563483395899472,0.6736516604100529,4471.088116810917,934.2927827894598,250.63617480599933,74.20217776998508,423.5544058405459,20.354798675072697,8.17518721796274,14.2,4471.088116810917,934.2927827894598,250.63617480599933,74.20217776998508,423.5544058405459,20.354798675072697,8.17518721796274,0.0,0.0,0.0,0.0,0.0,0.0,0.0,0.0,0.0,0.0,0.0,0.0,0.0,0.0,0,NORMAL,0.0,2026-01-01T00:02:00+00:00,False
2026-01-01T00:00:44Z,ENG-DATASET-000,MSN-NORMAL-000,CLIMB,2500.0,10.0,0.7588337902328882,0.6711662097671118,4484.758095347093,936.9604497492794,249.9965685691314,74.21632091920324,424.2379047673547,20.42641663715994,8.569014544766405,14.2,4484.758095347093,936.9604497492794,249.9965685691314,74.21632091920324,424.2379047673547,20.42641663715994,8.569014544766405,0.0,0.0,0.0,0.0,0.0,0.0,0.0,0.0,0.0,0.0,0.0,0.0,0.0,0.0,0,NORMAL,0.0,2026-01-01T00:02:00+00:00,False
2026-01-01T00:00:45Z,ENG-DATASET-000,MSN-NORMAL-000,CLIMB,2500.0,10.0,0.7616495325000231,0.668350467499977,4500.244677816335,939.985891372099,249.49655899652072,74.23552982698693,425.0122338908168,20.507631499347703,8.249220272580827,14.2,4500.244677816335,939.985891372099,249.49655899652072,74.23552982698693,425.0122338908168,20.507631499347703,8.249220272580827,0.0,0.0,0.0,0.0,0.0,0.0,0.0,0.0,0.0,0.0,0.0,0.0,0.0,0.0,0,NORMAL,0.0,2026-01-01T00:02:00+00:00,False
2026-01-01T00:00:46Z,ENG-DATASET-000,MSN-NORMAL-000,CLIMB,2500.0,10.0,0.7647516276750222,0.6652483723249778,4517.3062012788305,943.3230375004929,249.12997903438097,74.26017456880928,425.86531006394154,20.597203711664847,7.698904027780763,14.2,4517.3062012788305,943.3230375004929,249.12997903438097,74.26017456880928,425.86531006394154,20.597203711664847,7.698904027780763,0.0,0.0,0.0,0.0,0.0,0.0,0.0,0.0,0.0,0.0,0.0,0.0,0.0,0.0,0,NORMAL,0.0,2026-01-01T00:02:00+00:00,False
2026-01-01T00:00:47Z,ENG-DATASET-000,MSN-NORMAL-000,CLIMB,2500.0,10.0,0.7680916686002026,0.6619083313997974,4535.676426367322,946.9208856190086,248.8900032714181,74.29051360280909,426.7838213183661,20.693761646984147,7.733964788815819,14.2,4535.676426367322,946.9208856190086,248.8900032714181,74.29051360280909,426.7838213183661,20.693761646984147,7.733964788815819,0.0,0.0,0.0,0.0,0.0,0.0,0.0,0.0,0.0,0.0,0.0,0.0,0.0,0.0,0,NORMAL,0.0,2026-01-01T00:02:00+00:00,False
2026-01-01T00:00:48Z,ENG-DATASET-000,MSN-NORMAL-000,CLIMB,2500.0,10.0,0.7716175350540323,0.6583824649459677,4555.0686918633855,950.7242302677696,248.76910870097052,74.32669080835656,427.7534345931693,20.7958213863488,8.333753576639813,14.2,4555.0686918633855,950.7242302677696,248.76910870097052,74.32669080835656,427.7534345931693,20.7958213863488,8.333753576639813,0.0,0.0,0.0,0.0,0.0,0.0,0.0,0.0,0.0,0.0,0.0,0.0,0.0,0.0,0,NORMAL,0.0,2026-01-01T00:02:00+00:00,False
2026-01-01T00:00:49Z,ENG-DATASET-000,MSN-NORMAL-000,CLIMB,2500.0,10.0,0.7752742070697557,0.6547257929302444,4575.180387949864,954.6744660601232,248.75905948237656,74.36873426971358,428.7590193974932,20.90180845183402,8.67019513092708,14.2,4575.180387949864,954.6744660601232,248.75905948237656,74.36873426971358,428.7590193974932,20.90180845183402,8.67019513092708,0.0,0.0,0.0,0.0,0.0,0.0,0.0,0.0,0.0,0.0,0.0,0.0,0.0,0.0,0,NORMAL,0.0,2026-01-01T00:02:00+00:00,False
2026-01-01T00:00:50Z,ENG-DATASET-000,MSN-NORMAL-000,CLIMB,2500.0,10.0,0.7790046235035734,0.6509953764964267,4595.697678335861,958.7104554252061,248.85091491976905,74.41655682548397,429.7848839167931,21.01008123673228,8.293663859596647,14.2,4595.697678335861,958.7104554252061,248.85091491976905,74.41655682548397,429.7848839167931,21.01008123673228,8.293663859596647,0.0,0.0,0.0,0.0,0.0,0.0,0.0,0.0,0.0,0.0,0.0,0.0,0.0,0.0,0,NORMAL,0.0,2026-01-01T00:02:00+00:00,False
2026-01-01T00:00:51Z,ENG-DATASET-000,MSN-NORMAL-000,CLIMB,2500.0,10.0,0.7827505724547054,0.6472494275452947,4616.300397567086,962.7694505083447,249.03505969050076,74.4699583769258,430.8150198783543,21.11895583985569,7.776646093731739,14.2,4616.300397567086,962.7694505083447,249.03505969050076,74.4699583769258,430.8150198783543,21.11895583985569,7.776646093731739,0.0,0.0,0.0,0.0,0.0,0.0,0.0,0.0,0.0,0.0,0.0,0.0,0.0,0.0,0,NORMAL,0.0,2026-01-01T00:02:00+00:00,False
2026-01-01T00:00:52Z,ENG-DATASET-000,MSN-NORMAL-000,CLIMB,2500.0,10.0,0.7864535996426345,0.6435464003573655,4636.667047100697,966.7880569455713,249.30125514508995,74.52862992068582,431.8333523550349,21.2267319676161,7.893037308094588,14.2,4636.667047100697,966.7880569455713,249.30125514508995,74.52862992068582,431.8333523550349,21.2267319676161,7.893037308094588,0.0,0.0,0.0,0.0,0.0,0.0,0.0,0.0,0.0,0.0,0.0,0.0,0.0,0.0,0,NORMAL,0.0,2026-01-01T00:02:00+00:00,False
2026-01-01T00:00:53Z,ENG-DATASET-000,MSN-NORMAL-000,CLIMB,2500.0,10.0,0.7900559205666026,0.6399440794333975,4656.4798121825215,970.7032255586589,249.63871026954743,74.59215924454337,432.8239906091261,21.331719526129337,8.508883223336664,14.2,4656.4798121825215,970.7032255586589,249.63871026954743,74.59215924454337,432.8239906091261,21.331719526129337,8.508883223336664,0.0,0.0,0.0,0.0,0.0,0.0,0.0,0.0,0.0,0.0,0.0,0.0,0.0,0.0,0,NORMAL,0.0,2026-01-01T00:02:00+00:00,False
2026-01-01T00:00:54Z,ENG-DATASET-000,MSN-NORMAL-000,CLIMB,2500.0,10.0,0.7935013222134185,0.6364986777865815,4675.429521240009,974.45325647967,250.03617065458445,74.66003819874025,433.7714760620005,21.43226548799482,8.773781057817907,14.2,4675.429521240009,974.45325647967,250.03617065458445,74.66003819874025,433.7714760620005,21.43226548799482,8.773781057817907,0.0,0.0,0.0,0.0,0.0,0.0,0.0,0.0,0.0,0.0,0.0,0.0,0.0,0.0,0,NORMAL,0.0,2026-01-01T00:02:00+00:00,False
2026-01-01T00:00:55Z,ENG-DATASET-000,MSN-NORMAL-000,CLIMB,2500.0,10.0,0.7967360402427283,0.6332639597572718,4693.220470401213,977.9787989003294,250.48202356163424,74.73167143082787,434.66102352006067,21.526780586848723,8.338733006328981,14.2,4693.220470401213,977.9787989003294,250.48202356163424,74.73167143082787,434.66102352006067,21.526780586848723,8.338733006328981,0.0,0.0,0.0,0.0,0.0,0.0,0.0,0.0,0.0,0.0,0.0,0.0,0.0,0.0,0,NORMAL,0.0,2026-01-01T00:02:00+00:00,False
2026-01-01T00:00:56Z,ENG-DATASET-000,MSN-NORMAL-000,CLIMB,2500.0,10.0,0.7997095979615637,0.6302904020384363,4709.575037854808,981.2238286432189,250.96441692155128,74.80638644906966,435.47875189274043,21.613765369504378,7.855670715929938,14.2,4709.575037854808,981.2238286432189,250.96441692155128,74.80638644906966,435.47875189274043,21.613765369504378,7.855670715929938,0.0,0.0,0.0,0.0,0.0,0.0,0.0,0.0,0.0,0.0,0.0,0.0,0.0,0.0,0,NORMAL,0.0,2026-01-01T00:02:00+00:00,False
2026-01-01T00:00:57Z,ENG-DATASET-000,MSN-NORMAL-000,CLIMB,2500.0,10.0,0.8023755939962547,0.6276244060037454,4724.238016045608,984.136585154668,251.47138985826285,74.88344485865116,436.2119008022804,21.69183512254972,8.043001646785864,14.2,4724.238016045608,984.136585154668,251.47138985826285,74.88344485865116,436.2119008022804,21.69183512254972,8.043001646785864,0.0,0.0,0.0,0.0,0.0,0.0,0.0,0.0,0.0,0.0,0.0,0.0,0.0,0.0,0,NORMAL,0.0,2026-01-01T00:02:00+00:00,False
2026-01-01T00:00:58Z,ENG-DATASET-000,MSN-NORMAL-000,CLIMB,2500.0,10.0,0.8046924263703452,0.6253075736296548,4736.980594103106,986.670449397179,251.99101210736603,74.96205459659758,436.8490297051553,21.75974318944469,8.655953249498141,14.2,4736.980594103106,986.670449397179,251.99101210736603,74.96205459659758,436.8490297051553,21.75974318944469,8.655953249498141,0.0,0.0,0.0,0.0,0.0,0.0,0.0,0.0,0.0,0.0,0.0,0.0,0.0,0.0,0,NORMAL,0.0,2026-01-01T00:02:00+00:00,False
2026-01-01T00:00:59Z,ENG-DATASET-000,MSN-NORMAL-000,CLIMB,2500.0,10.0,0.8066239416895222,0.6233760583104778,4747.603928358581,988.784744528246,252.51152950983558,75.0413829756645,437.380196417929,21.816402206779536,8.836884175338664,14.2,4747.603928358581,988.784744528246,252.51152950983558,75.0413829756645,437.380196417929,21.816402206779536,8.836884175338664,0.0,0.0,0.0,0.0,0.0,0.0,0.0,0.0,0.0,0.0,0.0,0.0,0.0,0.0,0,NORMAL,0.0,2026-01-01T00:02:00+00:00,False
2026-01-01T00:01:00Z,ENG-DATASET-000,MSN-NORMAL-000,CLIMB,2500.0,10.0,0.8081399993032422,0.6218600006967578,4755.94224523404,990.4454422252609,253.02151261448356,75.12057033479618,437.79711226170195,21.86090281517487,8.343685935525148,14.2,4755.94224523404,990.4454422252609,253.02151261448356,75.12057033479618,437.79711226170195,21.86090281517487,8.343685935525148,0.0,0.0,0.0,0.0,0.0,0.0,0.0,0.0,0.0,0.0,0.0,0.0,0.0,0.0,0,NORMAL,0.0,2026-01-01T00:02:00+00:00,False
2026-01-01T00:01:01Z,ENG-DATASET-000,MSN-NORMAL-000,CLIMB,2500.0,10.0,0.8092169416395014,0.6207830583604986,4761.865428083465,991.6257590584838,253.5100053294973,75.19874408423512,438.09327140417327,21.89252944141458,7.896378886186918,14.2,4761.865428083465,991.6257590584838,253.5100053294973,75.19874408423512,438.09327140417327,21.89252944141458,7.896378886186918,0.0,0.0,0.0,0.0,0.0,0.0,0.0,0.0,0.0,0.0,0.0,0.0,0.0,0.0,0,NORMAL,0.0,2026-01-01T00:02:00+00:00,False
2026-01-01T00:01:02Z,ENG-DATASET-000,MSN-NORMAL-000,CLIMB,2500.0,10.0,0.8098379633733354,0.6201620366266647,4765.281047619552,992.306629401931,253.96667053159584,75.27503292716416,438.2640523809776,21.910772803166154,8.14534708383685,14.2,4765.281047619552,992.306629401931,253.96667053159584,75.27503292716416,438.2640523809776,21.910772803166154,8.14534708383685,0.0,0.0,0.0,0.0,0.0,0.0,0.0,0.0,0.0,0.0,0.0,0.0,0.0,0.0,0,NORMAL,0.0,2026-01-01T00:02:00+00:00,False
2026-01-01T00:01:03Z,ENG-DATASET-000,MSN-NORMAL-000,CLIMB,2500.0,10.0,0.8099933736682935,0.6200066263317066,4766.135804241822,992.4770439518311,254.38192957723203,75.34858103696597,438.30679021209113,21.91533885469261,8.739400058454637,14.2,4766.135804241822,992.4770439518311,254.38192957723203,75.34858103696597,438.30679021209113,21.91533885469261,8.739400058454637,0.0,0.0,0.0,0.0,0.0,0.0,0.0,0.0,0.0,0.0,0.0,0.0,0.0,0.0,0,NORMAL,0.0,2026-01-01T00:02:00+00:00,False
2026-01-01T00:01:04Z,ENG-DATASET-000,MSN-NORMAL-000,CLIMB,2500.0,10.0,0.8096807473987014,0.6203192526012986,4764.416359759065,992.1342459123841,254.74709276731843,75.41856196983652,438.2208179879533,21.906153969241128,8.828829012279344,14.2,4764.416359759065,992.1342459123841,254.74709276731843,75.41856196983652,438.2208179879533,21.906153969241128,8.828829012279344,0.0,0.0,0.0,0.0,0.0,0.0,0.0,0.0,0.0,0.0,0.0,0.0,0.0,0.0,0,NORMAL,0.0,2026-01-01T00:02:00+00:00,False
2026-01-01T00:01:05Z,ENG-DATASET-000,MSN-NORMAL-000,CLIMB,2500.0,10.0,0.8089049629929357,0.6210950370070644,4760.149545527354,991.2837802032527,255.05447799566792,75.48419209658071,438.0074772763677,21.883366238662894,8.282742427576048,14.2,4760.149545527354,991.2837802032527,255.05447799566792,75.48419209658071,438.0074772763677,21.883366238662894,8.282742427576048,0.0,0.0,0.0,0.0,0.0,0.0,0.0,0.0,0.0,0.0,0.0,0.0,0.0,0.0,0,NORMAL,0.0,2026-01-01T00:02:00+00:00,False
2026-01-01T00:01:06Z,ENG-DATASET-000,MSN-NORMAL-000,CLIMB,2500.0,10.0,0.8076781263071803,0.6223218736928198,4753.4019437557,989.9393945185425,255.2975150590647,75.54474334488363,437.670097187785,21.84734286018601,7.8766343608920915,14.2,4753.4019437557,989.9393945185425,255.2975150590647,75.54474334488363,437.670097187785,21.84734286018601,7.8766343608920915,0.0,0.0,0.0,0.0,0.0,0.0,0.0,0.0,0.0,0.0,0.0,0.0,0.0,0.0,0,NORMAL,0.0,2026-01-01T00:02:00+00:00,False
2026-01-01T00:01:07Z,ENG-DATASET-000,MSN-NORMAL-000,CLIMB,2500.0,10.0,0.8060193817175902,0.6239806182824098,4744.278848512954,988.1227945882107,255.4708334178635,75.59955505407524,437.2139424256477,21.798663670771003,8.18146022560838,14.2,4744.278848512954,988.1227945882107,255.4708334178635,75.59955505407524,437.2139424256477,21.798663670771003,8.18146022560838,0.0,0.0,0.0,0.0,0.0,0.0,0.0,0.0,0.0,0.0,0.0,0.0,0.0,0.0,0,NORMAL,0.0,2026-01-01T00:02:00+00:00,False
2026-01-01T00:01:08Z,ENG-DATASET-000,MSN-NORMAL-000,CLIMB,2500.0,10.0,0.8039546133787048,0.6260453866212953,4732.922622649084,985.8632594220776,255.5703315616291,75.64804475822142,436.64613113245423,21.738110977698305,8.745812441773214,14.2,4732.922622649084,985.8632594220776,255.5703315616291,75.64804475822142,436.64613113245423,21.738110977698305,8.745812441773214,0.0,0.0,0.0,0.0,0.0,0.0,0.0,0.0,0.0,0.0,0.0,0.0,0.0,0.0,0,NORMAL,0.0,2026-01-01T00:02:00+00:00,False
2026-01-01T00:01:09Z,ENG-DATASET-000,MSN-NORMAL-000,CLIMB,2500.0,10.0,0.8015160413098724,0.6284839586901276,4719.510476270507,983.1971255219433,255.5932265435148,75.68971773006409,435.97552381352534,21.666655916680867,8.742870322701998,14.2,4719.510476270507,983.1971255219433,255.5932265435148,75.68971773006409,435.97552381352534,21.666655916680867,8.742870322701998,0.0,0.0,0.0,0.0,0.0,0.0,0.0,0.0,0.0,0.0,0.0,0.0,0.0,0.0,0,NORMAL,0.0,2026-01-01T00:02:00+00:00,False
2026-01-01T00:01:10Z,ENG-DATASET-000,MSN-NORMAL-000,CLIMB,2500.0,10.0,0.7987417186126258,0.6312582813873743,4704.25170143565,980.1671519101177,255.53808268691625,75.72417513763855,435.21258507178254,21.585441642903326,8.155251285240748,14.2,4704.25170143565,980.1671519101177,255.53808268691625,75.72417513763855,435.21258507178254,21.585441642903326,8.155251285240748,0.0,0.0,0.0,0.0,0.0,0.0,0.0,0.0,0.0,0.0,0.0,0.0,0.0,0.0,0,NORMAL,0.0,2026-01-01T00:02:00+00:00,False
2026-01-01T00:01:11Z,ENG-DATASET-000,MSN-NORMAL-000,CLIMB,2500.0,10.0,0.7956749376647593,0.6343250623352408,4687.384406222383,976.8217802448252,255.40481892434525,75.7511206870143,434.3692203111192,21.495763723503828,7.800251477679002,14.2,4687.384406222383,976.8217802448252,255.40481892434525,75.7511206870143,434.3692203111192,21.495763723503828,7.800251477679002,0.0,0.0,0.0,0.0,0.0,0.0,0.0,0.0,0.0,0.0,0.0,0.0,0.0,0.0,0,NORMAL,0.0,2026-01-01T00:02:00+00:00,False
2026-01-01T00:01:12Z,ENG-DATASET-000,MSN-NORMAL-000,CLIMB,2500.0,10.0,0.7923635545572527,0.6376364454427473,4669.171799131098,973.2143062018605,255.19469468695723,75.77036564820003,433.4585899565549,21.399048150303013,8.159308933681677,14.2,4669.171799131098,973.2143062018605,255.19469468695723,75.77036564820003,433.4585899565549,21.399048150303013,8.159308933681677,0.0,0.0,0.0,0.0,0.0,0.0,0.0,0.0,0.0,0.0,0.0,0.0,0.0,0.0,0,NORMAL,0.0,2026-01-01T00:02:00+00:00,False
2026-01-01T00:01:13Z,ENG-DATASET-000,MSN-NORMAL-000,CLIMB,2500.0,10.0,0.7888592423159781,0.6411407576840219,4649.898081804088,969.4019796538279,254.91027470960722,75.78183218645576,432.4949040902044,21.296827427923848,8.688682881279226,14.2,4649.898081804088,969.4019796538279,254.91027470960722,75.78183218645576,432.4949040902044,21.296827427923848,8.688682881279226,0.0,0.0,0.0,0.0,0.0,0.0,0.0,0.0,0.0,0.0,0.0,0.0,0.0,0.0,0,NORMAL,0.0,2026-01-01T00:02:00+00:00,False
2026-01-01T00:01:14Z,ENG-DATASET-000,MSN-NORMAL-000,CLIMB,2500.0,10.0,0.785216684561413,0.644783315438587,4629.86401415398,965.4450519594766,254.55537353763341,75.78555494767214,431.493200707699,21.19071521444504,8.598915547555555,14.2,4629.86401415398,965.4450519594766,254.55537353763341,75.78555494767214,431.493200707699,21.19071521444504,8.598915547555555,0.0,0.0,0.0,0.0,0.0,0.0,0.0,0.0,0.0,0.0,0.0,0.0,0.0,0.0,0,NORMAL,0.0,2026-01-01T00:02:00+00:00,False
2026-01-01T00:01:15Z,ENG-DATASET-000,MSN-NORMAL-000,CLIMB,2500.0,10.0,0.7814927221890324,0.6485072778109676,4609.382221105886,961.4057889011757,254.13498090639948,75.7816808736951,430.4691110552943,21.082379999712277,7.986353386154833,14.2,4609.382221105886,961.4057889011757,254.13498090639948,75.7816808736951,430.4691110552943,21.082379999712277,7.986353386154833,0.0,0.0,0.0,0.0,0.0,0.0,0.0,0.0,0.0,0.0,0.0,0.0,0.0,0.0,0,NORMAL,0.0,2026-01-01T00:02:00+00:00,False
2026-01-01T00:01:16Z,ENG-DATASET-000,MSN-NORMAL-000,CLIMB,2500.0,10.0,0.7777454663861457,0.6522545336138543,4588.77231419001,957.3474675194988,253.655169503747,75.77046725107137,429.4386157095005,20.97351830135617,7.695617283588573,14.2,4588.77231419001,957.3474675194988,253.655169503747,75.77046725107137,429.4386157095005,20.97351830135617,7.695617283588573,0.0,0.0,0.0,0.0,0.0,0.0,0.0,0.0,0.0,0.0,0.0,0.0,0.0,0.0,0,NORMAL,0.0,2026-01-01T00:02:00+00:00,False
2026-01-01T00:01:17Z,ENG-DATASET-000,MSN-NORMAL-000,CLIMB,2500.0,10.0,0.774033391826255,0.6559666081737451,4568.35590411061,953.3333743528949,253.12298691219468,75.75227802423281,428.4177952055305,20.865827841928695,8.110049472300291,14.2,4568.35590411061,953.3333743528949,253.12298691219468,75.75227802423281,428.4177952055305,20.865827841928695,8.110049472300291,0.0,0.0,0.0,0.0,0.0,0.0,0.0,0.0,0.0,0.0,0.0,0.0,0.0,0.0,0,NORMAL,0.0,2026-01-01T00:02:00+00:00,False
2026-01-01T00:01:18Z,ENG-DATASET-000,MSN-NORMAL-000,CLIMB,2500.0,10.0,0.7704144241913318,0.6595855758086683,4548.451582118531,949.4258214760491,252.54633375787643,75.72757843119794,427.4225791059266,20.76098114426256,8.603026348911051,14.2,4548.451582118531,949.4258214760491,252.54633375787643,75.72757843119794,427.4225791059266,20.76098114426256,8.603026348911051,0.0,0.0,0.0,0.0,0.0,0.0,0.0,0.0,0.0,0.0,0.0,0.0,0.0,0.0,0,NORMAL,0.0,2026-01-01T00:02:00+00:00,False
2026-01-01T00:01:19Z,ENG-DATASET-000,MSN-NORMAL-000,CLIMB,2500.0,10.0,0.766945036260924,0.663054963739076,4529.36994850129,945.6851953312844,251.9338302653709,75.69692804602366,426.4684974250645,20.6605999483217,8.436219869394993,14.2,4529.36994850129,945.6851953312844,251.9338302653709,75.69692804602366,426.4684974250645,20.6605999483217,8.436219869394993,0.0,0.0,0.0,0.0,0.0,0.0,0.0,0.0,0.0,0.0,0.0,0.0,0.0,0.0,0,NORMAL,0.0,2026-01-01T00:02:00+00:00,False
2026-01-01T00:01:20Z,ENG-DATASET-000,MSN-NORMAL-000,CLIMB,2500.0,10.0,0.7636793666733189,0.6663206333266811,4511.408765769462,942.1690517553878,251.2946735327185,75.66097233708113,425.5704382884731,20.566230813686996,7.817882306117515,14.2,4511.408765769462,942.1690517553878,251.2946735327185,75.66097233708113,425.5704382884731,20.566230813686996,7.817882306117515,0.0,0.0,0.0,0.0,0.0,0.0,0.0,0.0,0.0,0.0,0.0,0.0,0.0,0.0,0,NORMAL,0.0,2026-01-01T00:02:00+00:00,False
2026-01-01T00:01:21Z,ENG-DATASET-000,MSN-NORMAL-000,CLIMB,2500.0,10.0,0.7606683751101996,0.6693316248898005,4494.848312172305,938.9312689095193,250.63848790218464,75.62043287337006,424.74241560861526,20.479322229605323,7.604967781845201,14.2,4494.848312172305,938.9312689095193,250.63848790218464,75.62043287337006,424.74241560861526,20.479322229605323,7.604967781845201,0.0,0.0,0.0,0.0,0.0,0.0,0.0,0.0,0.0,0.0,0.0,0.0,0.0,0.0,0,NORMAL,0.0,2026-01-01T00:02:00+00:00,False
2026-01-01T00:01:22Z,ENG-DATASET-000,MSN-NORMAL-000,CLIMB,2500.0,10.0,0.7579590470878561,0.6720409529121438,4479.947008049416,936.0212681050282,249.97517081459188,75.57609633216275,423.99735040247083,20.401203511249797,8.075846317106675,14.2,4479.947008049416,936.0212681050282,249.97517081459188,75.57609633216275,423.99735040247083,20.401203511249797,8.075846317106675,0.0,0.0,0.0,0.0,0.0,0.0,0.0,0.0,0.0,0.0,0.0,0.0,0.0,0.0,0,NORMAL,0.0,2026-01-01T00:02:00+00:00,False
2026-01-01T00:01:23Z,ENG-DATASET-000,MSN-NORMAL-000,CLIMB,2500.0,10.0,0.7555936607639192,0.6744063392360808,4466.937383267764,933.4833108544037,249.31473650449277,75.52880247995586,423.3468691633882,20.333065718255064,8.531906022234311,14.2,4466.937383267764,933.4833108544037,249.31473650449277,75.52880247995586,423.3468691633882,20.333065718255064,8.531906022234311,0.0,0.0,0.0,0.0,0.0,0.0,0.0,0.0,0.0,0.0,0.0,0.0,0.0,0.0,0,NORMAL,0.0,2026-01-01T00:02:00+00:00,False
2026-01-01T00:01:24Z,ENG-DATASET-000,MSN-NORMAL-000,CLIMB,2500.0,10.0,0.7536091272008499,0.6763908727991501,4456.022448670883,931.3558789208262,248.66715982706415,75.4794313147111,422.80112243354415,20.27594479111507,8.298811770556853,14.2,4456.022448670883,931.3558789208262,248.66715982706415,75.4794313147111,422.80112243354415,20.27594479111507,8.298811770556853,0.0,0.0,0.0,0.0,0.0,0.0,0.0,0.0,0.0,0.0,0.0,0.0,0.0,0.0,0,NORMAL,0.0,2026-01-01T00:02:00+00:00,False
2026-01-01T00:01:25Z,ENG-DATASET-000,MSN-NORMAL-000,CLIMB,2500.0,10.0,0.7520364143811554,0.6779635856188446,4447.372528162563,929.6711427323843,248.04222241266734,75.42888957043675,422.3686264081282,20.23070706368879,7.6929356101773525,14.2,4447.372528162563,929.6711427323843,248.04222241266734,75.42888957043675,422.3686264081282,20.23070706368879,7.6929356101773525,0.0,0.0,0.0,0.0,0.0,0.0,0.0,0.0,0.0,0.0,0.0,0.0,0.0,0.0,0,NORMAL,0.0,2026-01-01T00:02:00+00:00,False
2026-01-01T00:01:26Z,ENG-DATASET-000,MSN-NORMAL-000,CLIMB,2500.0,10.0,0.7509000639623796,0.6790999360376204,4441.122600859295,928.4545222911829,247.44936322868017,75.37809679509581,422.05613004296475,20.198037276464404,7.568372514865902,14.2,4441.122600859295,928.4545222911829,247.44936322868017,75.37809679509581,422.05613004296475,20.198037276464404,7.568372514865902,0.0,0.0,0.0,0.0,0.0,0.0,0.0,0.0,0.0,0.0,0.0,0.0,0.0,0.0,0,NORMAL,0.0,2026-01-01T00:02:00+00:00,False
2026-01-01T00:01:27Z,ENG-DATASET-000,MSN-NORMAL-000,CLIMB,2500.0,10.0,0.7502178083127454,0.6797821916872546,4437.370194786308,927.724343649801,246.89753549705716,75.32797121946925,421.8685097393154,20.17842918559875,8.093516688164405,14.2,4437.370194786308,927.724343649801,246.89753549705716,75.32797121946925,421.8685097393154,20.17842918559875,8.093516688164405,0.0,0.0,0.0,0.0,0.0,0.0,0.0,0.0,0.0,0.0,0.0,0.0,0.0,0.0,0,NORMAL,0.0,2026-01-01T00:02:00+00:00,False
2026-01-01T00:01:28Z,ENG-DATASET-000,MSN-NORMAL-000,CLIMB,2500.0,10.0,0.7500002938034789,0.6799997061965212,4436.173864985341,927.4915931387659,246.39507177582058,75.27941563784921,421.8086932492671,20.17217883691375,8.509964342045599,14.2,4436.173864985341,927.4915931387659,246.39507177582058,75.27941563784921,421.8086932492671,20.17217883691375,8.509964342045599,0.0,0.0,0.0,0.0,0.0,0.0,0.0,0.0,0.0,0.0,0.0,0.0,0.0,0.0,0,NORMAL,0.0,2026-01-01T00:02:00+00:00,False
2026-01-01T00:01:29Z,ENG-DATASET-000,MSN-NORMAL-000,CLIMB,2500.0,10.0,0.7502509146757477,0.6797490853242524,4437.55227978282,927.7597707860083,245.94955886788873,75.23330352123853,421.87761398914097,20.179380551505044,8.21915461266387,14.2,4437.55227978282,927.7597707860083,245.94955886788873,75.23330352123853,421.87761398914097,20.179380551505044,8.21915461266387,0.0,0.0,0.0,0.0,0.0,0.0,0.0,0.0,0.0,0.0,0.0,0.0,0.0,0.0,0,NORMAL,0.0,2026-01-01T00:02:00+00:00,False
2026-01-01T00:01:30Z,ENG-DATASET-000,MSN-NORMAL-000,CRUISE,5000.0,10.0,0.5909657600746622,0.47903423992533783,3582.8642035314524,563.7394537572469,236.44808932503102,74.31260198976175,379.14321017657267,11.878529248194276,5.952013595339714,14.2,3582.8642035314524,563.7394537572469,236.44808932503102,74.31260198976175,379.14321017657267,11.878529248194276,5.952013595339714,0.0,0.0,0.0,0.0,0.0,0.0,0.0,0.0,0.0,0.0,0.0,0.0,0.0,0.0,0,NORMAL,0.0,2026-01-01T00:02:00+00:00,False
2026-01-01T00:01:31Z,ENG-DATASET-000,MSN-NORMAL-000,CRUISE,5000.0,10.0,0.5921336750768587,0.47786632492314135,3589.2877360435327,564.5943739196017,227.91813974051797,73.4306750445477,379.46438680217665,11.90235170004981,5.920553732081417,14.2,3589.2877360435327,564.5943739196017,227.91813974051797,73.4306750445477,379.46438680217665,11.90235170004981,5.920553732081417,0.0,0.0,0.0,0.0,0.0,0.0,0.0,0.0,0.0,0.0,0.0,0.0,0.0,0.0,0,NORMAL,0.0,2026-01-01T00:02:00+00:00,False
2026-01-01T00:01:32Z,ENG-DATASET-000,MSN-NORMAL-000,CRUISE,5000.0,10.0,0.5937364347593471,0.4762635652406529,3598.1029142972197,565.7682825702112,220.27053283072146,72.58669644327969,379.90514571486096,11.935060329305704,6.492261078589319,14.2,3598.1029142972197,565.7682825702112,220.27053283072146,72.58669644327969,379.90514571486096,11.935060329305704,6.492261078589319,0.0,0.0,0.0,0.0,0.0,0.0,0.0,0.0,0.0,0.0,0.0,0.0,0.0,0.0,0,NORMAL,0.0,2026-01-01T00:02:00+00:00,False
2026-01-01T00:01:33Z,ENG-DATASET-000,MSN-NORMAL-000,CRUISE,5000.0,10.0,0.5957490285933392,0.4742509714066608,3609.172180384176,567.243480737742,213.42456656609286,71.77983130911906,380.4586090192088,11.976159735538019,6.862259603856585,14.2,3609.172180384176,567.243480737742,213.42456656609286,71.77983130911906,380.4586090192088,11.976159735538019,6.862259603856585,0.0,0.0,0.0,0.0,0.0,0.0,0.0,0.0,0.0,0.0,0.0,0.0,0.0,0.0,0,NORMAL,0.0,2026-01-01T00:02:00+00:00,False
2026-01-01T00:01:34Z,ENG-DATASET-000,MSN-NORMAL-000,CRUISE,5000.0,10.0,0.598140050725185,0.4718599492748151,3622.3228021093273,568.9976756360809,207.3070518003856,71.00922581721126,381.11614010546634,12.025026192244459,6.518286364711737,14.2,3622.3228021093273,568.9976756360809,207.3070518003856,71.00922581721126,381.11614010546634,12.025026192244459,6.518286364711737,0.0,0.0,0.0,0.0,0.0,0.0,0.0,0.0,0.0,0.0,0.0,0.0,0.0,0.0,0,NORMAL,0.0,2026-01-01T00:02:00+00:00,False
2026-01-01T00:01:35Z,ENG-DATASET-000,MSN-NORMAL-000,CRUISE,5000.0,10.0,0.6008721900542148,0.46912780994578523,3637.3495684189916,571.0042839858888,201.85145371999425,70.27399811052815,381.8674784209496,12.08091630067472,5.974319988157346,14.2,3637.3495684189916,571.0042839858888,201.85145371999425,70.27399811052815,381.8674784209496,12.08091630067472,5.974319988157346,0.0,0.0,0.0,0.0,0.0,0.0,0.0,0.0,0.0,0.0,0.0,0.0,0.0,0.0,0,NORMAL,0.0,2026-01-01T00:02:00+00:00,False
2026-01-01T00:01:36Z,ENG-DATASET-000,MSN-NORMAL-000,CRUISE,5000.0,10.0,0.603902812459987,0.46609718754001306,3654.017991650739,573.2327982865478,196.99712830515853,69.57323054945533,382.700899582537,12.142977414175057,6.03388556561516,14.2,3654.017991650739,573.2327982865478,196.99712830515853,69.57323054945533,382.700899582537,12.142977414175057,6.03388556561516,0.0,0.0,0.0,0.0,0.0,0.0,0.0,0.0,0.0,0.0,0.0,0.0,0.0,0.0,0,NORMAL,0.0,2026-01-01T00:02:00+00:00,False
2026-01-01T00:01:37Z,ENG-DATASET-000,MSN-NORMAL-000,CRUISE,5000.0,10.0,0.6071846260934773,0.4628153739065227,3672.0679666349356,575.6492132602459,192.68864580614883,68.90596338021457,383.6033983317468,12.210259741534118,6.638486239758738,14.2,3672.0679666349356,575.6492132602459,192.68864580614883,68.90596338021457,383.6033983317468,12.210259741534118,6.638486239758738,0.0,0.0,0.0,0.0,0.0,0.0,0.0,0.0,0.0,0.0,0.0,0.0,0.0,0.0,0,NORMAL,0.0,2026-01-01T00:02:00+00:00,False
2026-01-01T00:01:38Z,ENG-DATASET-000,MSN-NORMAL-000,CRUISE,5000.0,10.0,0.6106664193505662,0.4593335806494338,3691.2178295489243,578.2165088382566,188.87519394649036,68.27118988650525,384.56089147744626,12.281730013731076,6.950991376969535,14.2,3691.2178295489243,578.2165088382566,188.87519394649036,68.27118988650525,384.56089147744626,12.281730013731076,6.950991376969535,0.0,0.0,0.0,0.0,0.0,0.0,0.0,0.0,0.0,0.0,0.0,0.0,0.0,0.0,0,NORMAL,0.0,2026-01-01T00:02:00+00:00,False
2026-01-01T00:01:39Z,ENG-DATASET-000,MSN-NORMAL-000,CRUISE,5000.0,10.0,0.6142938600119926,0.4557061399880074,3711.1687531867697,580.8951850847527,185.51005417896013,67.66785306698003,385.5584376593385,12.356286571852515,6.554519658990625,14.2,3711.1687531867697,580.8951850847527,185.51005417896013,67.66785306698003,385.5584376593385,12.356286571852515,6.554519658990625,0.0,0.0,0.0,0.0,0.0,0.0,0.0,0.0,0.0,0.0,0.0,0.0,0.0,0.0,0,NORMAL,0.0,2026-01-01T00:02:00+00:00,False
2026-01-01T00:01:40Z,ENG-DATASET-000,MSN-NORMAL-000,CRUISE,5000.0,10.0,0.618010343079464,0.45198965692053605,3731.6094100578625,583.6438433727773,182.55014484538356,67.0948438586816,386.58047050289315,12.432775705220891,6.049213583995083,14.2,3731.6094100578625,583.6438433727773,182.55014484538356,67.0948438586816,386.58047050289315,12.432775705220891,6.049213583995083,0.0,0.0,0.0,0.0,0.0,0.0,0.0,0.0,0.0,0.0,0.0,0.0,0.0,0.0,0,NORMAL,0.0,2026-01-01T00:02:00+00:00,False
2026-01-01T00:01:41Z,ENG-DATASET-000,MSN-NORMAL-000,CRUISE,5000.0,10.0,0.6217578740777223,0.4482421259222777,3752.2208305482827,586.4198069692779,179.95562553507716,66.5510009037122,387.61104152741416,12.510009038707059,6.191928602360414,14.2,3752.2208305482827,586.4198069692779,179.95562553507716,66.5510009037122,387.61104152741416,12.510009038707059,6.191928602360414,0.0,0.0,0.0,0.0,0.0,0.0,0.0,0.0,0.0,0.0,0.0,0.0,0.0,0.0,0,NORMAL,0.0,2026-01-01T00:02:00+00:00,False
2026-01-01T00:01:42Z,ENG-DATASET-000,MSN-NORMAL-000,CRUISE,5000.0,10.0,0.625477974038934,0.444522025961066,3772.6813803349473,589.179772991923,177.68955730636753,66.03511183354358,388.6340690167474,12.586781737795683,6.811391118887878,14.2,3772.6813803349473,589.179772991923,177.68955730636753,66.03511183354358,388.6340690167474,12.586781737795683,6.811391118887878,0.0,0.0,0.0,0.0,0.0,0.0,0.0,0.0,0.0,0.0,0.0,0.0,0.0,0.0,0,NORMAL,0.0,2026-01-01T00:02:00+00:00,False
2026-01-01T00:01:43Z,ENG-DATASET-000,MSN-NORMAL-000,CRUISE,5000.0,10.0,0.629112592047424,0.440887407952576,3792.6717793816424,591.8804865203663,175.71761373873994,65.54591602286254,389.6335889690821,12.661891270484082,7.053060068251948,14.2,3792.6717793816424,591.8804865203663,175.71761373873994,65.54591602286254,389.6335889690821,12.661891270484082,7.053060068251948,0.0,0.0,0.0,0.0,0.0,0.0,0.0,0.0,0.0,0.0,0.0,0.0,0.0,0.0,0,NORMAL,0.0,2026-01-01T00:02:00+00:00,False
2026-01-01T00:01:44Z,ENG-DATASET-000,MSN-NORMAL-000,CRUISE,5000.0,10.0,0.6326050111047993,0.4373949888952008,3811.880084197206,594.479426537162,174.007838028295,65.0821087430377,390.5940042098603,12.73415643795276,6.602892934165926,14.2,3811.880084197206,594.479426537162,174.007838028295,65.0821087430377,390.5940042098603,12.73415643795276,6.602892934165926,0.0,0.0,0.0,0.0,0.0,0.0,0.0,0.0,0.0,0.0,0.0,0.0,0.0,0.0,0,NORMAL,0.0,2026-01-01T00:02:00+00:00,False
2026-01-01T00:01:45Z,ENG-DATASET-000,MSN-NORMAL-000,CRUISE,5000.0,10.0,0.6359007331797392,0.43409926682026084,3830.0065556093755,596.9354924020394,172.53044153551647,64.64234662453075,391.50032778046875,12.802436362689212,6.13676448388657,14.2,3830.0065556093755,596.9354924020394,172.53044153551647,64.64234662453075,391.50032778046875,12.802436362689212,6.13676448388657,0.0,0.0,0.0,0.0,0.0,0.0,0.0,0.0,0.0,0.0,0.0,0.0,0.0,0.0,0,NORMAL,0.0,2026-01-01T00:02:00+00:00,False
2026-01-01T00:01:46Z,ENG-DATASET-000,MSN-NORMAL-000,CRUISE,5000.0,10.0,0.6389483296315471,0.4310516703684529,3846.7683360943197,599.2096787923452,171.25763935177346,64.22525431818376,392.33841680471596,12.865649104937392,6.35167478849862,14.2,3846.7683360943197,599.2096787923452,171.25763935177346,64.22525431818376,392.33841680471596,12.865649104937392,6.35167478849862,0.0,0.0,0.0,0.0,0.0,0.0,0.0,0.0,0.0,0.0,0.0,0.0,0.0,0.0,0,NORMAL,0.0,2026-01-01T00:02:00+00:00,False
2026-01-01T00:01:47Z,ENG-DATASET-000,MSN-NORMAL-000,CRUISE,5000.0,10.0,0.6417002437368877,0.42829975626311223,3861.9038636736927,601.2657265338997,170.1635185799436,63.82943222759955,393.0951931836846,12.922789567465053,6.966718719900248,14.2,3861.9038636736927,601.2657265338997,170.1635185799436,63.82943222759955,393.0951931836846,12.922789567465053,6.966718719900248,0.0,0.0,0.0,0.0,0.0,0.0,0.0,0.0,0.0,0.0,0.0,0.0,0.0,0.0,0,NORMAL,0.0,2026-01-01T00:02:00+00:00,False
2026-01-01T00:01:48Z,ENG-DATASET-000,MSN-NORMAL-000,CRUISE,5000.0,10.0,0.6441135327965486,0.42588646720345136,3875.176953501828,603.0707365548161,169.22393513581963,63.45346516907147,393.7588476750914,12.972946345989255,7.125110686592841,14.2,3875.176953501828,603.0707365548161,169.22393513581963,63.45346516907147,393.7588476750914,12.972946345989255,7.125110686592841,0.0,0.0,0.0,0.0,0.0,0.0,0.0,0.0,0.0,0.0,0.0,0.0,0.0,0.0,0,NORMAL,0.0,2026-01-01T00:02:00+00:00,False
2026-01-01T00:01:49Z,ENG-DATASET-000,MSN-NORMAL-000,CRUISE,5000.0,10.0,0.6461505382418992,0.42384946175810084,3886.380483451256,604.5957343630541,168.416434981314,63.0959318019601,394.3190241725628,13.015317189187574,6.621300139636488,14.2,3886.380483451256,604.5957343630541,168.416434981314,63.0959318019601,394.3190241725628,13.015317189187574,6.621300139636488,0.0,0.0,0.0,0.0,0.0,0.0,0.0,0.0,0.0,0.0,0.0,0.0,0.0,0.0,0,NORMAL,0.0,2026-01-01T00:02:00+00:00,False
2026-01-01T00:01:50Z,ENG-DATASET-000,MSN-NORMAL-000,CRUISE,5000.0,10.0,0.6477794732842588,0.4222205267157412,3895.339626184233,605.8161730043485,167.72019580829132,62.75541466127045,394.7669813092117,13.049222748682583,6.195125304258038,14.2,3895.339626184233,605.8161730043485,167.72019580829132,62.75541466127045,394.7669813092117,13.049222748682583,6.195125304258038,0.0,0.0,0.0,0.0,0.0,0.0,0.0,0.0,0.0,0.0,0.0,0.0,0.0,0.0,0,NORMAL,0.0,2026-01-01T00:02:00+00:00,False
2026-01-01T00:01:51Z,ENG-DATASET-000,MSN-NORMAL-000,CRUISE,5000.0,10.0,0.6489749189371029,0.42102508106289704,3901.914577274876,606.7123634100743,167.11598531271406,62.43051061562979,395.09572886374383,13.07411832590009,6.47158345926618,14.2,3901.914577274876,606.7123634100743,167.11598531271406,62.43051061562979,395.09572886374383,13.07411832590009,6.47158345926618,0.0,0.0,0.0,0.0,0.0,0.0,0.0,0.0,0.0,0.0,0.0,0.0,0.0,0.0,0,NORMAL,0.0,2026-01-01T00:02:00+00:00,False
2026-01-01T00:01:52Z,ENG-DATASET-000,MSN-NORMAL-000,CRUISE,5000.0,10.0,0.6497182206708461,0.4202817793291539,3906.002736810464,607.2698223836642,166.58613234103427,62.11984156803767,395.30013684052324,13.089603358950033,7.065187439291648,14.2,3906.002736810464,607.2698223836642,166.58613234103427,62.11984156803767,395.30013684052324,13.089603358950033,7.065187439291648,0.0,0.0,0.0,0.0,0.0,0.0,0.0,0.0,0.0,0.0,0.0,0.0,0.0,0.0,0,NORMAL,0.0,2026-01-01T00:02:00+00:00,False
2026-01-01T00:01:53Z,ENG-DATASET-000,MSN-NORMAL-000,CRUISE,5000.0,10.0,0.6499977795105369,0.4200022204894631,3907.5403104287634,607.4795301676111,166.11450736112113,61.822065213748715,395.3770155214382,13.09542843783358,7.132078484481086,14.2,3907.5403104287634,607.4795301676111,166.11450736112113,61.822065213748715,395.3770155214382,13.09542843783358,7.132078484481086,0.0,0.0,0.0,0.0,0.0,0.0,0.0,0.0,0.0,0.0,0.0,0.0,0.0,0.0,0,NORMAL,0.0,2026-01-01T00:02:00+00:00,False
2026-01-01T00:01:54Z,ENG-DATASET-000,MSN-NORMAL-000,CRUISE,5000.0,10.0,0.6498092330339829,0.42019076696601715,3906.503304807716,607.3380915290077,165.6865089132342,61.53588566950373,395.3251652403858,13.091499689020004,6.5788993915528575,14.2,3906.503304807716,607.3380915290077,165.6865089132342,61.53588566950373,395.3251652403858,13.091499689020004,6.5788993915528575,0.0,0.0,0.0,0.0,0.0,0.0,0.0,0.0,0.0,0.0,0.0,0.0,0.0,0.0,0,NORMAL,0.0,2026-01-01T00:02:00+00:00,False
2026-01-01T00:01:55Z,ENG-DATASET-000,MSN-NORMAL-000,CRUISE,5000.0,10.0,0.6491555234458896,0.4208444765541104,3902.907902073203,606.8477965305962,165.28905293517568,61.26006379104839,395.1453951036601,13.077880429012694,6.19650646710074,14.2,3902.907902073203,606.8477965305962,165.28905293517568,61.26006379104839,395.1453951036601,13.077880429012694,6.19650646710074,0.0,0.0,0.0,0.0,0.0,0.0,0.0,0.0,0.0,0.0,0.0,0.0,0.0,0.0,0,NORMAL,0.0,2026-01-01T00:02:00+00:00,False
2026-01-01T00:01:56Z,ENG-DATASET-000,MSN-NORMAL-000,CRUISE,5000.0,10.0,0.6480468516657405,0.4219531483342595,3896.810207282383,606.0165795329873,164.9105621299828,60.99342700143101,394.84051036411915,13.054790048842507,6.52695502924326,14.2,3896.810207282383,606.0165795329873,164.9105621299828,60.99342700143101,394.84051036411915,13.054790048842507,6.52695502924326,0.0,0.0,0.0,0.0,0.0,0.0,0.0,0.0,0.0,0.0,0.0,0.0,0.0,0.0,0,NORMAL,0.0,2026-01-01T00:02:00+00:00,False
2026-01-01T00:01:57Z,ENG-DATASET-000,MSN-NORMAL-000,CRUISE,5000.0,10.0,0.6465005181458598,0.42349948185414016,3888.3053729230396,604.8578774096843,164.5409528522266,60.73487846086519,394.41526864615196,13.022600155177543,7.087000310163078,14.2,3888.3053729230396,604.8578774096843,164.5409528522266,60.73487846086519,394.41526864615196,13.022600155177543,7.087000310163078,0.0,0.0,0.0,0.0,0.0,0.0,0.0,0.0,0.0,0.0,0.0,0.0,0.0,0.0,0,NORMAL,0.0,2026-01-01T00:02:00+00:00,False
2026-01-01T00:01:58Z,ENG-DATASET-000,MSN-NORMAL-000,CRUISE,5000.0,10.0,0.6445406529036408,0.4254593470963592,3877.526114090835,603.3903903538206,164.17161732584947,60.48340541985164,393.8763057045418,12.98182805652183,7.060583682640226,14.2,3877.526114090835,603.3903903538206,164.17161732584947,60.48340541985164,393.8763057045418,12.98182805652183,7.060583682640226,0.0,0.0,0.0,0.0,0.0,0.0,0.0,0.0,0.0,0.0,0.0,0.0,0.0,0.0,0,NORMAL,0.0,2026-01-01T00:02:00+00:00,False
2026-01-01T00:01:59Z,ENG-DATASET-000,MSN-NORMAL-000,CRUISE,5000.0,10.0,0.6421978389806943,0.4278021610193057,3864.6406375146294,601.6377509205679,163.79539936627873,60.238086610607056,393.2320318757315,12.933127742452623,6.468193679334103,14.2,3864.6406375146294,601.6377509205679,163.79539936627873,60.238086610607056,393.2320318757315,12.933127742452623,6.468193679334103,0.0,0.0,0.0,0.0,0.0,0.0,0.0,0.0,0.0,0.0,0.0,0.0,0.0,0.0,0,NORMAL,0.0,2026-01-01T00:02:00+00:00,False
2026-01-01T00:02:00Z,ENG-DATASET-000,MSN-NORMAL-000,CRUISE,5000.0,10.0,0.6395086352047135,0.4304913647952865,3849.850016746735,599.628108996413,163.4065621545612,59.99809854743896,392.49250083733676,12.8772785578714,6.137783435993401,14.2,3849.850016746735,599.628108996413,163.4065621545612,59.99809854743896,392.49250083733676,12.8772785578714,6.137783435993401,0.0,0.0,0.0,0.0,0.0,0.0,0.0,0.0,0.0,0.0,0.0,0.0,0.0,0.0,0,NORMAL,0.0,2026-01-01T00:02:00+00:00,False
2026-01-01T00:02:01Z,ENG-DATASET-000,MSN-NORMAL-000,CRUISE,5000.0,10.0,0.6365150057011951,0.43348499429880494,3833.3850544773836,597.393642143454,163.0007469926914,59.76272062429172,391.6692527238692,12.815171820992864,6.518906202186331,14.2,3833.3850544773836,597.393642143454,163.0007469926914,59.76272062429172,391.6692527238692,12.815171820992864,6.518906202186331,0.0,0.0,0.0,0.0,0.0,0.0,0.0,0.0,0.0,0.0,0.0,0.0,0.0,0.0,0,NORMAL,0.0,2026-01-01T00:02:00+00:00,False
2026-01-01T00:02:02Z,ENG-DATASET-000,MSN-NORMAL-000,CRUISE,5000.0,10.0,0.6332636650572961,0.4367363349427038,3815.5026809359383,594.9700021780538,162.5749223478736,59.5313389169972,390.7751340467969,12.747795671859409,7.039023020071876,14.2,3815.5026809359383,594.9700021780538,162.5749223478736,59.5313389169972,390.7751340467969,12.747795671859409,7.039023020071876,0.0,0.0,0.0,0.0,0.0,0.0,0.0,0.0,0.0,0.0,0.0,0.0,0.0,0.0,0,NORMAL,0.0,2026-01-01T00:02:00+00:00,False
2026-01-01T00:02:03Z,ENG-DATASET-000,MSN-NORMAL-000,CRUISE,5000.0,10.0,0.6298053493563258,0.44019465064367425,3796.4819445806024,592.3957098727763,162.12732285990566,59.303448618492844,389.82409722903014,12.676218466617541,6.924179072775254,14.2,3796.4819445806024,592.3957098727763,162.12732285990566,59.303448618492844,389.82409722903014,12.676218466617541,6.924179072775254,0.0,0.0,0.0,0.0,0.0,0.0,0.0,0.0,0.0,0.0,0.0,0.0,0.0,0.0,0,NORMAL,0.0,2026-01-01T00:02:00+00:00,False
2026-01-01T00:02:04Z,ENG-DATASET-000,MSN-NORMAL-000,CRUISE,5000.0,10.0,0.6261940244581339,0.4438059755418661,3776.619657640547,589.7115103035754,161.65737833150447,59.078655057098345,388.83098288202734,12.601571051210517,6.308279242468856,14.2,3776.619657640547,589.7115103035754,161.65737833150447,59.078655057098345,388.83098288202734,12.601571051210517,6.308279242468856,0.0,0.0,0.0,0.0,0.0,0.0,0.0,0.0,0.0,0.0,0.0,0.0,0.0,0.0,0,NORMAL,0.0,2026-01-01T00:02:00+00:00,False
2026-01-01T00:02:05Z,ENG-DATASET-000,MSN-NORMAL-000,CRUISE,5000.0,10.0,0.6224860438799179,0.44751395612008205,3756.225764460359,586.9597016062655,161.16563303851066,58.856673270529264,387.811288223018,12.52502825661474,6.041723808151269,14.2,3756.225764460359,586.9597016062655,161.16563303851066,58.856673270529264,387.811288223018,12.52502825661474,6.041723808151269,0.0,0.0,0.0,0.0,0.0,0.0,0.0,0.0,0.0,0.0,0.0,0.0,0.0,0.0,0,NORMAL,0.0,2026-01-01T00:02:00+00:00,False
2026-01-01T00:02:06Z,ENG-DATASET-000,MSN-NORMAL-000,CRUISE,5000.0,10.0,0.6187392694184348,0.45126073058156524,3735.6185049222017,584.1834497817003,160.6536559792021,58.63732613132048,386.7809252461101,12.447789956824812,6.473559796799342,14.2,3735.6185049222017,584.1834497817003,160.6536559792021,58.63732613132048,386.7809252461101,12.447789956824812,6.473559796799342,0.0,0.0,0.0,0.0,0.0,0.0,0.0,0.0,0.0,0.0,0.0,0.0,0.0,0.0,0,NORMAL,0.0,2026-01-01T00:02:00+00:00,False
2026-01-01T00:02:07Z,ENG-DATASET-000,MSN-NORMAL-000,CRUISE,5000.0,10.0,0.6150121682360147,0.45498783176398533,3715.1194484188914,581.4261017382588,160.12394292473837,58.42054104237601,385.75597242094454,12.371062021420068,6.951922278618402,14.2,3715.1194484188914,581.4261017382588,160.12394292473837,58.42054104237601,385.75597242094454,12.371062021420068,6.951922278618402,0.0,0.0,0.0,0.0,0.0,0.0,0.0,0.0,0.0,0.0,0.0,0.0,0.0,0.0,0,NORMAL,0.0,2026-01-01T00:02:00+00:00,False
2026-01-01T00:02:08Z,ENG-DATASET-000,MSN-NORMAL-000,CRUISE,5000.0,10.0,0.611362900500048,0.45863709949995196,3695.048475871075,578.7305080357166,159.57981133315747,58.20634524409604,384.75242379355376,12.296037477972918,6.7584631911446795,14.2,3695.048475871075,578.7305080357166,159.57981133315747,58.20634524409604,384.75242379355376,12.296037477972918,6.7584631911446795,0.0,0.0,0.0,0.0,0.0,0.0,0.0,0.0,0.0,0.0,0.0,0.0,0.0,0.0,0,NORMAL,0.0,2026-01-01T00:02:00+00:00,False
2026-01-01T00:02:09Z,ENG-DATASET-000,MSN-NORMAL-000,CRUISE,5000.0,10.0,0.6078484118130254,0.46215158818697455,3675.71878809245,576.138365857105,159.02528934626935,57.994859796602235,383.78593940462247,12.22387817724171,6.138026208307127,14.2,3675.71878809245,576.138365857105,159.02528934626935,57.994859796602235,383.78593940462247,12.22387817724171,6.138026208307127,0.0,0.0,0.0,0.0,0.0,0.0,0.0,0.0,0.0,0.0,0.0,0.0,0.0,0.0,0,NORMAL,0.0,2026-01-01T00:02:00+00:00,False
2026-01-01T00:02:10Z,ENG-DATASET-000,MSN-NORMAL-000,CRUISE,5000.0,10.0,0.6045235445954568,0.4654764554045433,3657.4320183958225,573.6895916491,158.4650002028699,57.78629232164556,382.87160091979115,12.155697227582369,5.9483695256052656,14.2,3657.4320183958225,573.6895916491,158.4650002028699,57.78629232164556,382.87160091979115,12.155697227582369,5.9483695256052656,0.0,0.0,0.0,0.0,0.0,0.0,0.0,0.0,0.0,0.0,0.0,0.0,0.0,0.0,0,NORMAL,0.0,2026-01-01T00:02:00+00:00,False
2026-01-01T00:02:11Z,ENG-DATASET-000,MSN-NORMAL-000,CRUISE,5000.0,10.0,0.6014401822882414,0.46855981771175864,3640.4735257061375,571.4217317007898,157.90404347510267,57.580928608508465,382.0236762853069,12.092542435864736,6.43176232028938,14.2,3640.4735257061375,571.4217317007898,157.90404347510267,57.580928608508465,382.0236762853069,12.092542435864736,6.43176232028938,0.0,0.0,0.0,0.0,0.0,0.0,0.0,0.0,0.0,0.0,0.0,0.0,0.0,0.0,0,NORMAL,0.0,2026-01-01T00:02:00+00:00,False
2026-01-01T00:02:12Z,ENG-DATASET-000,MSN-NORMAL-000,CRUISE,5000.0,10.0,0.5986464397289263,0.4713535602710737,3625.107941629905,569.3694177349699,157.34787457096664,57.379123206298,381.2553970814953,12.035380961849608,6.86835112117326,14.2,3625.107941629905,569.3694177349699,157.34787457096664,57.379123206298,381.2553970814953,12.035380961849608,6.86835112117326,0.0,0.0,0.0,0.0,0.0,0.0,0.0,0.0,0.0,0.0,0.0,0.0,0.0,0.0,0,NORMAL,0.0,2026-01-01T00:02:00+00:00,False
2026-01-01T00:02:13Z,ENG-DATASET-000,MSN-NORMAL-000,CRUISE,5000.0,10.0,0.5961859123357582,0.47381408766424177,3611.5750409674806,567.5638734177968,156.8021839493149,57.181289141187335,380.57875204837404,11.985085362759936,6.607902471676692,14.2,3611.5750409674806,567.5638734177968,156.8021839493149,57.181289141187335,380.57875204837404,11.985085362759936,6.607902471676692,0.0,0.0,0.0,0.0,0.0,0.0,0.0,0.0,0.0,0.0,0.0,0.0,0.0,0.0,0,NORMAL,0.0,2026-01-01T00:02:00+00:00,False
2026-01-01T00:02:14Z,ENG-DATASET-000,MSN-NORMAL-000,CRUISE,5000.0,10.0,0.5940969958157628,0.4759030041842372,3600.0860001075057,566.032476594269,156.27277746924014,56.98788691114777,380.0043000053753,11.942421175726814,6.001762667534564,14.2,3600.0860001075057,566.032476594269,156.27277746924014,56.98788691114777,380.0043000053753,11.942421175726814,6.001762667534564,0.0,0.0,0.0,0.0,0.0,0.0,0.0,0.0,0.0,0.0,0.0,0.0,0.0,0.0,0,NORMAL,0.0,2026-01-01T00:02:00+00:00,False
2026-01-01T00:02:15Z,ENG-DATASET-000,MSN-NORMAL-000,CRUISE,5000.0,10.0,0.5924122870125784,0.4775877129874216,3590.8201016899916,564.7983810599499,155.76545924881486,56.79941292230448,379.5410050844996,11.908036158704784,5.899832540541915,14.2,3590.8201016899916,564.7983810599499,155.76545924881486,56.79941292230448,379.5410050844996,11.908036158704784,5.899832540541915,0.0,0.0,0.0,0.0,0.0,0.0,0.0,0.0,0.0,0.0,0.0,0.0,0.0,0.0,0,NORMAL,0.0,2026-01-01T00:02:00+00:00,False
2026-01-01T00:02:16Z,ENG-DATASET-000,MSN-NORMAL-000,CRUISE,5000.0,10.0,0.5911580752436133,0.4788419247563867,3583.921936960683,563.8802008029332,155.28591834400672,56.61638754006665,379.19609684803413,11.88245128584619,6.433223949965737,14.2,3583.921936960683,563.8802008029332,155.28591834400672,56.61638754006665,379.19609684803413,11.88245128584619,6.433223949965737,0.0,0.0,0.0,0.0,0.0,0.0,0.0,0.0,0.0,0.0,0.0,0.0,0.0,0.0,0,NORMAL,0.0,2026-01-01T00:02:00+00:00,False
2026-01-01T00:02:17Z,ENG-DATASET-000,MSN-NORMAL-000,CRUISE,5000.0,10.0,0.5903539320640401,0.4796460679359599,3579.4991494730307,563.2917589016506,154.83962048214732,56.43934293448571,378.97495747365156,11.866053571431566,6.826651853517824,14.2,3579.4991494730307,563.2917589016506,154.83962048214732,56.43934293448571,378.97495747365156,11.866053571431566,6.826651853517824,0.0,0.0,0.0,0.0,0.0,0.0,0.0,0.0,0.0,0.0,0.0,0.0,0.0,0.0,0,NORMAL,0.0,2026-01-01T00:02:00+00:00,False
2026-01-01T00:02:18Z,ENG-DATASET-000,MSN-NORMAL-000,CRUISE,5000.0,10.0,0.5900124058592234,0.4799875941407765,3577.620755346539,563.0419026396809,154.43170599992462,56.26881090278664,378.881037767327,11.859090777233417,6.509339632292255,14.2,3577.620755346539,563.0419026396809,154.43170599992462,56.26881090278664,378.881037767327,11.859090777233417,6.509339632292255,0.0,0.0,0.0,0.0,0.0,0.0,0.0,0.0,0.0,0.0,0.0,0.0,0.0,0.0,0,NORMAL,0.0,2026-01-01T00:02:00+00:00,False
2026-01-01T00:02:19Z,ENG-DATASET-000,MSN-NORMAL-000,CRUISE,5000.0,10.0,0.5901388260313631,0.4798611739686368,3578.316066293308,563.1343858842575,154.0668950470386,56.10531085264244,378.91580331466537,11.861668041368883,5.932867979520279,14.2,3578.316066293308,563.1343858842575,154.0668950470386,56.10531085264244,378.91580331466537,11.861668041368883,5.932867979520279,0.0,0.0,0.0,0.0,0.0,0.0,0.0,0.0,0.0,0.0,0.0,0.0,0.0,0.0,0,NORMAL,0.0,2026-01-01T00:02:00+00:00,False
2026-01-01T00:02:20Z,ENG-DATASET-000,MSN-NORMAL-000,CRUISE,5000.0,10.0,0.5907312198359552,0.4792687801640447,3581.574232218564,563.5678193480779,153.74940102603668,55.94933812751166,379.07871161092817,11.873746451793437,5.924253447699702,14.2,3581.574232218564,563.5678193480779,153.74940102603668,55.94933812751166,379.07871161092817,11.873746451793437,5.924253447699702,0.0,0.0,0.0,0.0,0.0,0.0,0.0,0.0,0.0,0.0,0.0,0.0,0.0,0.0,0,NORMAL,0.0,2026-01-01T00:02:00+00:00,False
2026-01-01T00:02:21Z,ENG-DATASET-000,MSN-NORMAL-000,CRUISE,5000.0,10.0,0.5917803431658103,0.47821965683418965,3587.344410532767,564.3356889854723,153.4828531480698,55.801352850269204,379.36722052663833,11.89514357397557,6.501084516997396,14.2,3587.344410532767,564.3356889854723,153.4828531480698,55.801352850269204,379.36722052663833,11.89514357397557,6.501084516997396,0.0,0.0,0.0,0.0,0.0,0.0,0.0,0.0,0.0,0.0,0.0,0.0,0.0,0.0,0,NORMAL,0.0,2026-01-01T00:02:00+00:00,False
2026-01-01T00:02:22Z,ENG-DATASET-000,MSN-NORMAL-000,CRUISE,5000.0,10.0,0.5932698248022544,0.47673017519774563,3595.5365595332096,565.4264424308384,153.27022889403378,55.661769453510516,379.77682797666046,11.925535929241432,6.846241136137502,14.2,3595.5365595332096,565.4264424308384,153.27022889403378,55.661769453510516,379.77682797666046,11.925535929241432,6.846241136137502,0.0,0.0,0.0,0.0,0.0,0.0,0.0,0.0,0.0,0.0,0.0,0.0,0.0,0.0,0,NORMAL,0.0,2026-01-01T00:02:00+00:00,False
2026-01-01T00:02:23Z,ENG-DATASET-000,MSN-NORMAL-000,CRUISE,5000.0,10.0,0.5951764218825207,0.4748235781174793,3606.0228434746746,566.823643034661,153.11379708049694,55.53094705442262,380.30114217373375,11.964463407018856,6.47841771102532,14.2,3606.0228434746746,566.823643034661,153.11379708049694,55.53094705442262,380.30114217373375,11.964463407018856,6.47841771102532,0.0,0.0,0.0,0.0,0.0,0.0,0.0,0.0,0.0,0.0,0.0,0.0,0.0,0.0,0,NORMAL,0.0,2026-01-01T00:02:00+00:00,False
2026-01-01T00:02:24Z,ENG-DATASET-000,MSN-NORMAL-000,CRUISE,5000.0,10.0,0.5974703825968497,0.4725296174031503,3618.6396274034837,568.506190656188,153.01507213885193,55.40918081915545,380.9319813701742,12.01133557998647,5.941472044631434,14.2,3618.6396274034837,568.506190656188,153.01507213885193,55.40918081915545,380.9319813701742,12.01133557998647,5.941472044631434,0.0,0.0,0.0,0.0,0.0,0.0,0.0,0.0,0.0,0.0,0.0,0.0,0.0,0.0,0,NORMAL,0.0,2026-01-01T00:02:00+00:00,False
2026-01-01T00:02:25Z,ENG-DATASET-000,MSN-NORMAL-000,CRUISE,5000.0,10.0,0.6001159104555293,0.46988408954447075,3633.190030626221,570.4486079007955,152.97478012248664,55.29669444639677,381.6595015313111,12.065439875264142,6.0249900143335156,14.2,3633.190030626221,570.4486079007955,152.97478012248664,55.29669444639677,381.6595015313111,12.065439875264142,6.0249900143335156,0.0,0.0,0.0,0.0,0.0,0.0,0.0,0.0,0.0,0.0,0.0,0.0,0.0,0.0,0,NORMAL,0.0,2026-01-01T00:02:00+00:00,False
2026-01-01T00:02:26Z,ENG-DATASET-000,MSN-NORMAL-000,CRUISE,5000.0,10.0,0.6030717228811443,0.46692827711885565,3649.4469989671043,572.6213899185561,152.99283685820188,55.19363388259113,382.47234994835526,12.12595153671226,6.632748089798129,14.2,3649.4469989671043,572.6213899185561,152.99283685820188,55.19363388259113,382.47234994835526,12.12595153671226,6.632748089798129,0.0,0.0,0.0,0.0,0.0,0.0,0.0,0.0,0.0,0.0,0.0,0.0,0.0,0.0,0,NORMAL,0.0,2026-01-01T00:02:00+00:00,False
2026-01-01T00:02:27Z,ENG-DATASET-000,MSN-NORMAL-000,CRUISE,5000.0,10.0,0.6062916954093903,0.4637083045906097,3667.1568478724566,574.9914151902931,153.068338552139,55.100062362218125,383.35784239362283,12.19194529276468,6.920204812696897,14.2,3667.1568478724566,574.9914151902931,153.068338552139,55.100062362218125,383.35784239362283,12.19194529276468,6.920204812696897,0.0,0.0,0.0,0.0,0.0,0.0,0.0,0.0,0.0,0.0,0.0,0.0,0.0,0.0,0,NORMAL,0.0,2026-01-01T00:02:00+00:00,False
2026-01-01T00:02:28Z,ENG-DATASET-000,MSN-NORMAL-000,CRUISE,5000.0,10.0,0.6097255814459116,0.4602744185540884,3686.043221073324,577.5224139096943,153.19956504466745,55.015956846054245,384.30216105366617,12.262408620851371,6.504046251551588,14.2,3686.043221073324,577.5224139096943,153.19956504466745,55.015956846054245,384.30216105366617,12.262408620851371,6.504046251551588,0.0,0.0,0.0,0.0,0.0,0.0,0.0,0.0,0.0,0.0,0.0,0.0,0.0,0.0,0,NORMAL,0.0,2026-01-01T00:02:00+00:00,False
2026-01-01T00:02:29Z,ENG-DATASET-000,MSN-NORMAL-000,CRUISE,5000.0,10.0,0.6133197963476013,0.4566802036523988,3705.8114030326174,580.1754896268511,153.383995780872,54.9412059087064,385.29057015163085,12.33625647347595,6.0109055109606055,14.2,3705.8114030326174,580.1754896268511,153.383995780872,54.9412059087064,385.29057015163085,12.33625647347595,6.0109055109606055,0.0,0.0,0.0,0.0,0.0,0.0,0.0,0.0,0.0,0.0,0.0,0.0,0.0,0.0,0,NORMAL,0.0,2026-01-01T00:02:00+00:00,False
2026-01-01T00:02:30Z,ENG-DATASET-000,MSN-NORMAL-000,CRUISE,5000.0,10.0,0.6170182535930345,0.4529817464069655,3726.1529178825003,582.9096887636678,153.6183384218765,54.87560910426153,386.307645894125,12.41234730278347,6.179126171508674,14.2,3726.1529178825003,582.9096887636678,153.6183384218765,54.87560910426153,386.307645894125,12.41234730278347,6.179126171508674,0.0,0.0,0.0,0.0,0.0,0.0,0.0,0.0,0.0,0.0,0.0,0.0,0.0,0.0,0,NORMAL,0.0,2026-01-01T00:02:00+00:00,False
2026-01-01T00:02:31Z,ENG-DATASET-000,MSN-NORMAL-000,CRUISE,5000.0,10.0,0.6207632399938777,0.44923676000612234,3746.7503430871375,585.6826114708145,153.8985698664592,54.818877815995855,387.3375171543569,12.489500190652642,6.80045869484923,14.2,3746.7503430871375,585.6826114708145,153.8985698664592,54.818877815995855,387.3375171543569,12.489500190652642,6.80045869484923,0.0,0.0,0.0,0.0,0.0,0.0,0.0,0.0,0.0,0.0,0.0,0.0,0.0,0.0,0,NORMAL,0.0,2026-01-01T00:02:00+00:00,False
2026-01-01T00:02:32Z,ENG-DATASET-000,MSN-NORMAL-000,CRUISE,5000.0,10.0,0.6244963162898886,0.44550368371011145,3767.2822627151977,588.4510561068489,154.2199892824845,54.77063757308749,388.3641131357599,12.566512860919008,7.017903314038097,14.2,3767.2822627151977,588.4510561068489,154.2199892824845,54.77063757308749,388.3641131357599,12.566512860919008,7.017903314038097,0.0,0.0,0.0,0.0,0.0,0.0,0.0,0.0,0.0,0.0,0.0,0.0,0.0,0.0,0,NORMAL,0.0,2026-01-01T00:02:00+00:00,False
2026-01-01T00:02:33Z,ENG-DATASET-000,MSN-NORMAL-000,CRUISE,5000.0,10.0,0.6281592290740277,0.44184077092597235,3787.428283027962,591.1716884308911,154.57728256500832,54.7304317945357,389.3714141513981,12.642180320470787,6.552995135138503,14.2,3787.428283027962,591.1716884308911,154.57728256500832,54.7304317945357,389.3714141513981,12.642180320470787,6.552995135138503,0.0,0.0,0.0,0.0,0.0,0.0,0.0,0.0,0.0,0.0,0.0,0.0,0.0,0.0,0,NORMAL,0.0,2026-01-01T00:02:00+00:00,False
2026-01-01T00:02:34Z,ENG-DATASET-000,MSN-NORMAL-000,CRUISE,5000.0,10.0,0.6316948198173914,0.43830518018260867,3806.874032116463,593.8017254674749,154.96459744519436,54.69772689836491,390.3437016058232,12.715313848047186,6.104238071744078,14.2,3806.874032116463,593.8017254674749,154.96459744519436,54.69772689836491,390.3437016058232,12.715313848047186,6.104238071744078,0.0,0.0,0.0,0.0,0.0,0.0,0.0,0.0,0.0,0.0,0.0,0.0,0.0,0.0,0,NORMAL,0.0,2026-01-01T00:02:00+00:00,False
2026-01-01T00:02:35Z,ENG-DATASET-000,MSN-NORMAL-000,CRUISE,5000.0,10.0,0.6350479168089384,0.4349520831910616,3825.316065569971,596.2996229882763,155.3756282753818,54.67191869302687,391.26580327849854,12.78476002512741,6.345869075588087,14.2,3825.316065569971,596.2996229882763,155.3756282753818,54.67191869302687,391.26580327849854,12.78476002512741,6.345869075588087,0.0,0.0,0.0,0.0,0.0,0.0,0.0,0.0,0.0,0.0,0.0,0.0,0.0,0.0,0,NORMAL,0.0,2026-01-01T00:02:00+00:00,False
2026-01-01T00:02:36Z,ENG-DATASET-000,MSN-NORMAL-000,CRUISE,5000.0,10.0,0.638166196091588,0.431833803908412,3842.4666016245446,598.6257547250623,155.8037093159702,54.652339948040094,392.1233300812272,12.84941948389382,6.961406648638573,14.2,3842.4666016245446,598.6257547250623,155.8037093159702,54.652339948040094,392.1233300812272,12.84941948389382,6.961406648638573,0.0,0.0,0.0,0.0,0.0,0.0,0.0,0.0,0.0,0.0,0.0,0.0,0.0,0.0,0,NORMAL,0.0,2026-01-01T00:02:00+00:00,False
2026-01-01T00:02:37Z,ENG-DATASET-000,MSN-NORMAL-000,CRUISE,5000.0,10.0,0.64100099796007,0.42899900203993,3858.058011901196,600.7430708442911,156.24191515548046,54.6382690226336,392.9029005950598,12.908265034396777,7.096602755129693,14.2,3858.058011901196,600.7430708442911,156.24191515548046,54.6382690226336,392.9029005950598,12.908265034396777,7.096602755129693,0.0,0.0,0.0,0.0,0.0,0.0,0.0,0.0,0.0,0.0,0.0,0.0,0.0,0.0,0,NORMAL,0.0,2026-01-01T00:02:00+00:00,False
2026-01-01T00:02:38Z,ENG-DATASET-000,MSN-NORMAL-000,CRUISE,5000.0,10.0,0.6435080862793506,0.4264919137206494,3871.846997657239,602.6177229332454,156.68316671326355,54.6289394147755,393.592349882862,12.960358828100144,6.58287219949094,14.2,3871.846997657239,602.6177229332454,156.68316671326355,54.6289394147755,393.592349882862,12.960358828100144,6.58287219949094,0.0,0.0,0.0,0.0,0.0,0.0,0.0,0.0,0.0,0.0,0.0,0.0,0.0,0.0,0,NORMAL,0.0,2026-01-01T00:02:00+00:00,False
2026-01-01T00:02:39Z,ENG-DATASET-000,MSN-NORMAL-000,CRUISE,5000.0,10.0,0.645648338774725,0.42435166122527496,3883.618386381798,604.219642816841,157.1203411123582,54.623550078724016,394.18091931908987,13.004868219042171,6.178428741573017,14.2,3883.618386381798,604.219642816841,157.1203411123582,54.623550078724016,394.18091931908987,13.004868219042171,6.178428741573017,0.0,0.0,0.0,0.0,0.0,0.0,0.0,0.0,0.0,0.0,0.0,0.0,0.0,0.0,0,NORMAL,0.0,2026-01-01T00:02:00+00:00,False
2026-01-01T00:02:40Z,ENG-DATASET-000,MSN-NORMAL-000,CRUISE,5000.0,10.0,0.6473883575218288,0.4226116424781712,3893.1884894908685,605.5230629755088,157.5463835755101,54.62127634735976,394.65942447454347,13.041079997648014,6.4816642272845515,14.2,3893.1884894908685,605.5230629755088,157.5463835755101,54.62127634735976,394.65942447454347,13.041079997648014,6.4816642272845515,0.0,0.0,0.0,0.0,0.0,0.0,0.0,0.0,0.0,0.0,0.0,0.0,0.0,0.0,0,NORMAL,0.0,2026-01-01T00:02:00+00:00,False
2026-01-01T00:02:41Z,ENG-DATASET-000,MSN-NORMAL-000,CRUISE,5000.0,10.0,0.6487009901100778,0.42129900988992225,3900.4079687262374,606.5069671822492,157.95441939751532,54.62128128623049,395.0203984363119,13.068412696084248,7.073551379142113,14.2,3900.4079687262374,606.5069671822492,157.95441939751532,54.62128128623049,395.0203984363119,13.068412696084248,7.073551379142113,0.0,0.0,0.0,0.0,0.0,0.0,0.0,0.0,0.0,0.0,0.0,0.0,0.0,0.0,0,NORMAL,0.0,2026-01-01T00:02:00+00:00,False
2026-01-01T00:02:42Z,ENG-DATASET-000,MSN-NORMAL-000,CRUISE,5000.0,10.0,0.6495657533469535,0.4204342466530464,3905.164166529055,607.1554612157622,158.33786398815784,54.62272729960785,395.25820832645275,13.08642669776955,7.1177334840588316,14.2,3905.164166529055,607.1554612157622,158.33786398815784,54.62272729960785,395.25820832645275,13.08642669776955,7.1177334840588316,0.0,0.0,0.0,0.0,0.0,0.0,0.0,0.0,0.0,0.0,0.0,0.0,0.0,0.0,0,NORMAL,0.0,2026-01-01T00:02:00+00:00,False
2026-01-01T00:02:43Z,ENG-DATASET-000,MSN-NORMAL-000,CRUISE,5000.0,10.0,0.6499691528913724,0.42003084710862765,3907.3828640233583,607.4580551101349,158.69052896709542,54.62478780502415,395.36914320116796,13.09483192655489,6.558570860037521,14.2,3907.3828640233583,607.4580551101349,158.69052896709542,54.62478780502415,395.36914320116796,13.09483192655489,6.558570860037521,0.0,0.0,0.0,0.0,0.0,0.0,0.0,0.0,0.0,0.0,0.0,0.0,0.0,0.0,0,NORMAL,0.0,2026-01-01T00:02:00+00:00,False
2026-01-01T00:02:44Z,ENG-DATASET-000,MSN-NORMAL-000,CRUISE,5000.0,10.0,0.649904893828364,0.42009510617163603,3907.0294391768125,607.4098503233064,159.00672232846853,54.626658791785445,395.35147195884065,13.093492941967694,6.2007349573341894,14.2,3907.0294391768125,607.4098503233064,159.00672232846853,54.626658791785445,395.35147195884065,13.093492941967694,6.2007349573341894,0.0,0.0,0.0,0.0,0.0,0.0,0.0,0.0,0.0,0.0,0.0,0.0,0.0,0.0,0,NORMAL,0.0,2026-01-01T00:02:00+00:00,False
2026-01-01T00:02:45Z,ENG-DATASET-000,MSN-NORMAL-000,CRUISE,5000.0,10.0,0.6493739788991146,0.4206260211008854,3904.1094070659406,607.011627381273,159.2813407801535,54.62757008086088,395.2054703532971,13.082431324132163,6.556319430132355,14.2,3904.1094070659406,607.011627381273,159.2813407801535,54.62757008086088,395.2054703532971,13.082431324132163,6.556319430132355,0.0,0.0,0.0,0.0,0.0,0.0,0.0,0.0,0.0,0.0,0.0,0.0,0.0,0.0,0,NORMAL,0.0,2026-01-01T00:02:00+00:00,False
2026-01-01T00:02:46Z,ENG-DATASET-000,MSN-NORMAL-000,CRUISE,5000.0,10.0,0.6483846928535261,0.4216153071464739,3898.6683338152034,606.2698319027144,159.509952499706,54.62679610829731,394.93341669076017,13.061825293522341,7.11118491936246,14.2,3898.6683338152034,606.2698319027144,159.509952499706,54.62679610829731,394.93341669076017,13.061825293522341,7.11118491936246,0.0,0.0,0.0,0.0,0.0,0.0,0.0,0.0,0.0,0.0,0.0,0.0,0.0,0.0,0,NORMAL,0.0,2026-01-01T00:02:00+00:00,False
2026-01-01T00:02:47Z,ENG-DATASET-000,MSN-NORMAL-000,CRUISE,5000.0,10.0,0.6469524731694647,0.42304752683053537,3890.7911255528666,605.1964593387753,159.6888687332048,54.62366606182952,394.5395562776433,13.032006574307568,7.061627357879123,14.2,3890.7911255528666,605.1964593387753,159.6888687332048,54.62366606182952,394.5395562776433,13.032006574307568,7.061627357879123,0.0,0.0,0.0,0.0,0.0,0.0,0.0,0.0,0.0,0.0,0.0,0.0,0.0,0.0,0,NORMAL,0.0,2026-01-01T00:02:00+00:00,False
2026-01-01T00:02:48Z,ENG-DATASET-000,MSN-NORMAL-000,CRUISE,5000.0,10.0,0.6450996691560816,0.4249003308439183,3880.600703479259,603.8088411796285,159.81520288937503,54.61757321053146,394.030035173963,12.993454573323586,6.465961925457812,14.2,3880.600703479259,603.8088411796285,159.81520288937503,54.61757321053146,394.030035173963,12.993454573323586,6.465961925457812,0.0,0.0,0.0,0.0,0.0,0.0,0.0,0.0,0.0,0.0,0.0,0.0,0.0,0.0,0,NORMAL,0.0,2026-01-01T00:02:00+00:00,False
2026-01-01T00:02:49Z,ENG-DATASET-000,MSN-NORMAL-000,CRUISE,5000.0,10.0,0.6428551932003197,0.4271448067996803,3868.256085722568,602.1293376883607,159.88691604264653,54.60798328002573,393.41280428612845,12.946788007277034,6.1611742529070925,14.2,3868.256085722568,602.1293376883607,159.88691604264653,54.60798328002573,393.41280428612845,12.946788007277034,6.1611742529070925,0.0,0.0,0.0,0.0,0.0,0.0,0.0,0.0,0.0,0.0,0.0,0.0,0.0,0.0,0,NORMAL,0.0,2026-01-01T00:02:00+00:00,False
2026-01-01T00:02:50Z,ENG-DATASET-000,MSN-NORMAL-000,CRUISE,5000.0,10.0,0.6402540695987841,0.429745930401216,3853.949905914123,600.1849443354579,159.90284804676833,54.594441740737665,392.6974952957062,12.892754166456495,6.564047575074578,14.2,3853.949905914123,600.1849443354579,159.90284804676833,54.594441740737665,392.6974952957062,12.892754166456495,6.564047575074578,0.0,0.0,0.0,0.0,0.0,0.0,0.0,0.0,0.0,0.0,0.0,0.0,0.0,0.0,0,NORMAL,0.0,2026-01-01T00:02:00+00:00,False
2026-01-01T00:02:51Z,ENG-DATASET-000,MSN-NORMAL-000,CRUISE,5000.0,10.0,0.6373368880153083,0.43266311198469176,3837.9054072050067,598.006820947381,159.86273376577603,54.576579893715326,391.8952703602504,12.83221605206068,7.0743577471351715,14.2,3837.9054072050067,598.006820947381,159.86273376577603,54.576579893715326,391.8952703602504,12.83221605206068,7.0743577471351715,0.0,0.0,0.0,0.0,0.0,0.0,0.0,0.0,0.0,0.0,0.0,0.0,0.0,0.0,0,NORMAL,0.0,2026-01-01T00:02:00+00:00,False
2026-01-01T00:02:52Z,ENG-DATASET-000,MSN-NORMAL-000,CRUISE,5000.0,10.0,0.6341491700928259,0.4358508299071741,3820.372958631352,595.6297540900171,159.76720424144884,54.554119657369746,391.0186479315676,12.766137664734204,6.935159239076243,14.2,3820.372958631352,595.6297540900171,159.76720424144884,54.554119657369746,391.0186479315676,12.766137664734204,6.935159239076243,0.0,0.0,0.0,0.0,0.0,0.0,0.0,0.0,0.0,0.0,0.0,0.0,0.0,0.0,0,NORMAL,0.0,2026-01-01T00:02:00+00:00,False
2026-01-01T00:02:53Z,ENG-DATASET-000,MSN-NORMAL-000,CRUISE,5000.0,10.0,0.6307406591033574,0.4392593408966426,3801.626148189276,593.0915643410156,159.61777292582934,54.526876978828874,390.0813074094638,12.69556775296475,6.317645720322963,14.2,3801.626148189276,593.0915643410156,159.61777292582934,54.526876978828874,390.0813074094638,12.69556775296475,6.317645720322963,0.0,0.0,0.0,0.0,0.0,0.0,0.0,0.0,0.0,0.0,0.0,0.0,0.0,0.0,0,NORMAL,0.0,2026-01-01T00:02:00+00:00,False
2026-01-01T00:02:54Z,ENG-DATASET-000,MSN-NORMAL-000,CRUISE,5000.0,10.0,0.6271645437208875,0.4428354562791125,3781.957513585691,590.4324708436267,159.41680740433708,54.49476381512552,389.0978756792846,12.621622351088282,6.076325622616251,14.2,3781.957513585691,590.4324708436267,159.41680740433708,54.49476381512552,389.0978756792846,12.621622351088282,6.076325622616251,0.0,0.0,0.0,0.0,0.0,0.0,0.0,0.0,0.0,0.0,0.0,0.0,0.0,0.0,0,NORMAL,0.0,2026-01-01T00:02:00+00:00,False
2026-01-01T00:02:55Z,ENG-DATASET-000,MSN-NORMAL-000,CRUISE,5000.0,10.0,0.6234766280298968,0.4465233719701032,3761.6739772852434,587.6944258788652,159.167487310875,54.45778865181865,388.08369886426215,12.545466447726596,6.525259810804047,14.2,3761.6739772852434,587.6944258788652,159.167487310875,54.45778865181865,388.08369886426215,12.545466447726596,6.525259810804047,0.0,0.0,0.0,0.0,0.0,0.0,0.0,0.0,0.0,0.0,0.0,0.0,0.0,0.0,0,NORMAL,0.0,2026-01-01T00:02:00+00:00,False
2026-01-01T00:02:56Z,ENG-DATASET-000,MSN-NORMAL-000,CRUISE,5000.0,10.0,0.6197344607212879,0.4502655392787121,3741.092057087894,584.9204321622284,158.8737493838432,54.41605554952971,387.0546028543947,12.468295126976018,6.9886084754014135,14.2,3741.092057087894,584.9204321622284,158.8737493838432,54.41605554952971,387.0546028543947,12.468295126976018,6.9886084754014135,0.0,0.0,0.0,0.0,0.0,0.0,0.0,0.0,0.0,0.0,0.0,0.0,0.0,0.0,0,NORMAL,0.0,2026-01-01T00:02:00+00:00,False
2026-01-01T00:02:57Z,ENG-DATASET-000,MSN-NORMAL-000,CRUISE,5000.0,10.0,0.6159964370643114,0.4540035629356886,3720.532926974523,582.1538552022837,158.54022082551597,54.36976173190403,386.02664634872616,12.391314517426308,6.7694000479152505,14.2,3720.532926974523,582.1538552022837,158.54022082551597,54.36976173190403,386.02664634872616,12.391314517426308,6.7694000479152505,0.0,0.0,0.0,0.0,0.0,0.0,0.0,0.0,0.0,0.0,0.0,0.0,0.0,0.0,0,NORMAL,0.0,2026-01-01T00:02:00+00:00,False
2026-01-01T00:02:58Z,ENG-DATASET-000,MSN-NORMAL-000,CRUISE,5000.0,10.0,0.61232088766792,0.45767911233208003,3700.3174052943705,579.4377424009089,158.17214230298708,54.31919375132272,385.0158702647185,12.315722869292152,6.148582570184409,14.2,3700.3174052943705,579.4377424009089,158.17214230298708,54.31919375132272,385.0158702647185,12.315722869292152,6.148582570184409,0.0,0.0,0.0,0.0,0.0,0.0,0.0,0.0,0.0,0.0,0.0,0.0,0.0,0.0,0,NORMAL,0.0,2026-01-01T00:02:00+00:00,False
2026-01-01T00:02:59Z,ENG-DATASET-000,MSN-NORMAL-000,CRUISE,5000.0,10.0,0.6087651682511251,0.46123483174887486,3680.7609485019984,576.8141596878264,157.77528206488404,54.26472229093668,384.03804742509993,12.242692058998312,5.983032898127682,14.2,3680.7609485019984,576.8141596878264,157.77528206488404,54.26472229093668,384.03804742509993,12.242692058998312,5.983032898127682,0.0,0.0,0.0,0.0,0.0,0.0,0.0,0.0,0.0,0.0,0.0,0.0,0.0,0.0,0,NORMAL,0.0,2026-01-01T00:02:00+00:00,False
2026-01-01T00:03:00Z,ENG-DATASET-000,MSN-NORMAL-000,CRUISE,5000.0,10.0,0.6053847646261847,0.46461523537381527,3662.1687285648263,574.3235554291527,157.35584274412446,54.206795682924515,383.10843642824136,12.17334979501049,6.478438095176814,14.2,3662.1687285648263,574.3235554291527,157.35584274412446,54.206795682924515,383.10843642824136,12.17334979501049,6.478438095176814,0.0,0.0,0.0,0.0,0.0,0.0,0.0,0.0,0.0,0.0,0.0,0.0,0.0,0.0,0,NORMAL,0.0,2026-01-01T00:02:00+00:00,False
2026-01-01T00:03:01Z,ENG-DATASET-000,MSN-NORMAL-000,CRUISE,5000.0,10.0,0.6022324268610607,0.46776757313893935,3644.830870856644,572.0041601953734,156.92036247459635,54.14593224295763,382.24154354283223,12.10876277010877,6.895104010116121,14.2,3644.830870856644,572.0041601953734,156.92036247459635,54.14593224295763,382.24154354283223,12.10876277010877,6.895104010116121,0.0,0.0,0.0,0.0,0.0,0.0,0.0,0.0,0.0,0.0,0.0,0.0,0.0,0.0,0,NORMAL,0.0,2026-01-01T00:02:00+00:00,False
2026-01-01T00:03:02Z,ENG-DATASET-000,MSN-NORMAL-000,CRUISE,5000.0,10.0,0.5993573461322511,0.4706426538677489,3629.0179268481916,569.8914297796712,156.4756119716285,54.082711539374735,381.4508963424096,12.04992097515065,6.608164251682656,14.2,3629.0179268481916,569.8914297796712,156.4756119716285,54.082711539374735,381.4508963424096,12.04992097515065,6.608164251682656,0.0,0.0,0.0,0.0,0.0,0.0,0.0,0.0,0.0,0.0,0.0,0.0,0.0,0.0,0,NORMAL,0.0,2026-01-01T00:02:00+00:00,False
2026-01-01T00:03:03Z,ENG-DATASET-000,MSN-NORMAL-000,CRUISE,5000.0,10.0,0.5968043871129334,0.4731956128870666,3614.9766522419436,568.0175376773406,156.02848921639915,54.017764732236294,380.7488326120972,11.997723359005892,6.00324670993,14.2,3614.9766522419436,568.0175376773406,156.02848921639915,54.017764732236294,380.7488326120972,11.997723359005892,6.00324670993,0.0,0.0,0.0,0.0,0.0,0.0,0.0,0.0,0.0,0.0,0.0,0.0,0.0,0.0,0,NORMAL,0.0,2026-01-01T00:02:00+00:00,False
2026-01-01T00:03:04Z,ENG-DATASET-000,MSN-NORMAL-000,CRUISE,5000.0,10.0,0.5946133878747448,0.4753866121252551,3602.9261564319067,566.4109221165544,155.58591334767308,53.95176413198641,380.1463078215953,11.952964989892838,5.924391228917748,14.2,3602.9261564319067,566.4109221165544,155.58591334767308,53.95176413198641,380.1463078215953,11.952964989892838,5.924391228917748,0.0,0.0,0.0,0.0,0.0,0.0,0.0,0.0,0.0,0.0,0.0,0.0,0.0,0.0,0,NORMAL,0.0,2026-01-01T00:02:00+00:00,False
2026-01-01T00:03:05Z,ENG-DATASET-000,MSN-NORMAL-000,CRUISE,5000.0,10.0,0.5928185382279987,0.47718146177200127,3593.054483374803,565.0958917044104,155.15471930551604,53.88541213966861,379.6527241687402,11.916325845675638,6.465167125751285,14.2,3593.054483374803,565.0958917044104,155.15471930551604,53.88541213966861,379.6527241687402,11.916325845675638,6.465167125751285,0.0,0.0,0.0,0.0,0.0,0.0,0.0,0.0,0.0,0.0,0.0,0.0,0.0,0.0,0,NORMAL,0.0,2026-01-01T00:02:00+00:00,False
2026-01-01T00:03:06Z,ENG-DATASET-000,MSN-NORMAL-000,CRUISE,5000.0,10.0,0.5914478462011294,0.4785521537988706,3585.515677227022,564.0922928425512,154.7415546960282,53.81942974033207,379.2757838613511,11.888361335384579,6.834921519007375,14.2,3585.515677227022,564.0922928425512,154.7415546960282,53.81942974033207,379.2757838613511,11.888361335384579,6.834921519007375,0.0,0.0,0.0,0.0,0.0,0.0,0.0,0.0,0.0,0.0,0.0,0.0,0.0,0.0,0,NORMAL,0.0,2026-01-01T00:02:00+00:00,False
2026-01-01T00:03:07Z,ENG-DATASET-000,MSN-NORMAL-000,CRUISE,5000.0,10.0,0.5905227009847764,0.4794772990152236,3580.427378537081,563.4152412841888,154.35278025853012,53.75454472827507,379.02136892685405,11.869494631601604,6.491776501530006,14.2,3580.427378537081,563.4152412841888,154.35278025853012,53.75454472827507,379.02136892685405,11.869494631601604,6.491776501530006,0.0,0.0,0.0,0.0,0.0,0.0,0.0,0.0,0.0,0.0,0.0,0.0,0.0,0.0,0,NORMAL,0.0,2026-01-01T00:02:00+00:00,False
2026-01-01T00:03:08Z,ENG-DATASET-000,MSN-NORMAL-000,CRUISE,5000.0,10.0,0.5900575391606181,0.4799424608393819,3577.86898850421,563.07491954802,153.9943752213776,53.691479846993424,378.8934494252105,11.860010873442057,5.919153849452368,14.2,3577.86898850421,563.07491954802,153.9943752213776,53.691479846993424,378.8934494252105,11.860010873442057,5.919153849452368,0.0,0.0,0.0,0.0,0.0,0.0,0.0,0.0,0.0,0.0,0.0,0.0,0.0,0.0,0,NORMAL,0.0,2026-01-01T00:02:00+00:00,False
2026-01-01T00:03:09Z,ENG-DATASET-000,MSN-NORMAL-000,CRUISE,5000.0,10.0,0.5900596194233431,0.4799403805766569,3577.880429949197,563.0764413627193,153.67184873330783,53.63094102806758,378.8940214974599,11.860053282443968,5.933316285346813,14.2,3577.880429949197,563.0764413627193,153.67184873330783,53.63094102806758,378.8940214974599,11.860053282443968,5.933316285346813,0.0,0.0,0.0,0.0,0.0,0.0,0.0,0.0,0.0,0.0,0.0,0.0,0.0,0.0,0,NORMAL,0.0,2026-01-01T00:02:00+00:00,False
2026-01-01T00:03:10Z,ENG-DATASET-000,MSN-NORMAL-000,CRUISE,5000.0,10.0,0.5905289093111473,0.4794710906888527,3580.4615243321205,563.4197838680175,153.39015845667748,53.57360591171178,379.023076216606,11.869621218319859,6.513992056708456,14.2,3580.4615243321205,563.4197838680175,153.39015845667748,53.57360591171178,379.023076216606,11.869621218319859,6.513992056708456,0.0,0.0,0.0,0.0,0.0,0.0,0.0,0.0,0.0,0.0,0.0,0.0,0.0,0.0,0,NORMAL,0.0,2026-01-01T00:02:00+00:00,False
2026-01-01T00:03:11Z,ENG-DATASET-000,MSN-NORMAL-000,CRUISE,5000.0,10.0,0.5914580857122896,0.4785419142877104,3585.571994538403,564.0997879173756,153.15363730894413,53.52011282734545,379.27859972692016,11.888570187638747,6.833417494223276,14.2,3585.571994538403,564.0997879173756,153.15363730894413,53.52011282734545,379.27859972692016,11.888570187638747,6.833417494223276,0.0,0.0,0.0,0.0,0.0,0.0,0.0,0.0,0.0,0.0,0.0,0.0,0.0,0.0,0,NORMAL,0.0,2026-01-01T00:02:00+00:00,False
2026-01-01T00:03:12Z,ENG-DATASET-000,MSN-NORMAL-000,CRUISE,5000.0,10.0,0.5928326491398013,0.47716735086019874,3593.1320933897173,565.1062264807357,152.9659292400681,53.47105040539962,379.6566046694859,11.916613805380667,6.442188988870501,14.2,3593.1320933897173,565.1062264807357,152.9659292400681,53.47105040539962,379.6566046694859,11.916613805380667,6.442188988870501,0.0,0.0,0.0,0.0,0.0,0.0,0.0,0.0,0.0,0.0,0.0,0.0,0.0,0.0,0,NORMAL,0.0,2026-01-01T00:02:00+00:00,False
2026-01-01T00:03:13Z,ENG-DATASET-000,MSN-NORMAL-000,CRUISE,5000.0,10.0,0.5946311499911306,0.47536885000886936,3603.023848072029,566.4239407991662,152.82993483604045,53.426947981750516,380.1511924036015,11.953327696177096,5.912984172672046,14.2,3603.023848072029,566.4239407991662,152.82993483604045,53.426947981750516,380.1511924036015,11.953327696177096,5.912984172672046,0.0,0.0,0.0,0.0,0.0,0.0,0.0,0.0,0.0,0.0,0.0,0.0,0.0,0.0,0,NORMAL,0.0,2026-01-01T00:02:00+00:00,False
2026-01-01T00:03:14Z,ENG-DATASET-000,MSN-NORMAL-000,CRUISE,5000.0,10.0,0.5968255232620169,0.47317447673798313,3615.092901061903,568.0330435617486,152.7477674414801,53.38826694383218,380.75464505309515,11.998155308153358,6.019910659423201,14.2,3615.092901061903,568.0330435617486,152.7477674414801,53.38826694383218,380.75464505309515,11.998155308153358,6.019910659423201,0.0,0.0,0.0,0.0,0.0,0.0,0.0,0.0,0.0,0.0,0.0,0.0,0.0,0.0,0,NORMAL,0.0,2026-01-01T00:02:00+00:00,False
2026-01-01T00:03:15Z,ENG-DATASET-000,MSN-NORMAL-000,LOITER,4500.0,10.0,0.39938152649149494,0.32061847350850503,2664.5117882187847,431.30859474236917,149.25570556589133,52.9321858190017,333.2255894109393,9.177339211638412,4.8822536730785355,14.2,2664.5117882187847,431.30859474236917,149.25570556589133,52.9321858190017,333.2255894109393,9.177339211638412,4.8822536730785355,0.0,0.0,0.0,0.0,0.0,0.0,0.0,0.0,0.0,0.0,0.0,0.0,0.0,0.0,0,NORMAL,0.0,2026-01-01T00:02:00+00:00,False
2026-01-01T00:03:16Z,ENG-DATASET-000,MSN-NORMAL-000,LOITER,4500.0,10.0,0.40225927410404627,0.3177407258959537,2680.3394000878175,433.4374929977244,146.1660723342453,52.499309572979186,334.0169700043909,9.236579775900424,5.143636632654664,14.2,2680.3394000878175,433.4374929977244,146.1660723342453,52.499309572979186,334.0169700043909,9.236579775900424,5.143636632654664,0.0,0.0,0.0,0.0,0.0,0.0,0.0,0.0,0.0,0.0,0.0,0.0,0.0,0.0,0,NORMAL,0.0,2026-01-01T00:02:00+00:00,False
2026-01-01T00:03:17Z,ENG-DATASET-000,MSN-NORMAL-000,LOITER,4500.0,10.0,0.4054138598106645,0.31458614018933545,2697.689621474218,435.77406846412396,143.44381681242388,52.089187317671055,334.8844810737109,9.301588978762043,4.708111174842131,14.2,2697.689621474218,435.77406846412396,143.44381681242388,52.089187317671055,334.8844810737109,9.301588978762043,4.708111174842131,0.0,0.0,0.0,0.0,0.0,0.0,0.0,0.0,0.0,0.0,0.0,0.0,0.0,0.0,0,NORMAL,0.0,2026-01-01T00:02:00+00:00,False
2026-01-01T00:03:18Z,ENG-DATASET-000,MSN-NORMAL-000,LOITER,4500.0,10.0,0.40879605735647656,0.3112039426435234,2716.291707976184,438.2825835526762,141.05649971999838,51.701301327654235,335.8145853988092,9.371369909444976,4.227583207682696,14.2,2716.291707976184,438.2825835526762,141.05649971999838,51.701301327654235,335.8145853988092,9.371369909444976,4.227583207682696,0.0,0.0,0.0,0.0,0.0,0.0,0.0,0.0,0.0,0.0,0.0,0.0,0.0,0.0,0,NORMAL,0.0,2026-01-01T00:02:00+00:00,False
2026-01-01T00:03:19Z,ENG-DATASET-000,MSN-NORMAL-000,LOITER,4500.0,10.0,0.4123530886799851,0.30764691132001487,2735.855380255481,440.92451586720415,138.97396264467864,51.33506358986482,336.7927690127741,9.444848731153163,4.420448525908308,14.2,2735.855380255481,440.92451586720415,138.97396264467864,51.33506358986482,336.7927690127741,9.444848731153163,4.420448525908308,0.0,0.0,0.0,0.0,0.0,0.0,0.0,0.0,0.0,0.0,0.0,0.0,0.0,0.0,0,NORMAL,0.0,2026-01-01T00:02:00+00:00,False
2026-01-01T00:03:20Z,ENG-DATASET-000,MSN-NORMAL-000,LOITER,4500.0,10.0,0.4160294474970668,0.3039705525029332,2756.07535374943,443.659120510114,137.16804439296362,50.98981391127161,337.8037676874715,9.520890497451342,5.0418972246843605,14.2,2756.07535374943,443.659120510114,137.16804439296362,50.98981391127161,337.8037676874715,9.520890497451342,5.0418972246843605,0.0,0.0,0.0,0.0,0.0,0.0,0.0,0.0,0.0,0.0,0.0,0.0,0.0,0.0,0,NORMAL,0.0,2026-01-01T00:02:00+00:00,False
2026-01-01T00:03:21Z,ENG-DATASET-000,MSN-NORMAL-000,LOITER,4500.0,10.0,0.4197677654579711,0.30023223454202885,2776.636102534404,446.4440355885595,135.61234084338125,50.66481959561679,338.8318051267202,9.598316128607953,5.234155281875009,14.2,2776.636102534404,446.4440355885595,135.61234084338125,50.66481959561679,338.8318051267202,9.598316128607953,5.234155281875009,0.0,0.0,0.0,0.0,0.0,0.0,0.0,0.0,0.0,0.0,0.0,0.0,0.0,0.0,0,NORMAL,0.0,2026-01-01T00:02:00+00:00,False
2026-01-01T00:03:22Z,ENG-DATASET-000,MSN-NORMAL-000,LOITER,4500.0,10.0,0.4235097073612309,0.2964902926387691,2797.2167830023327,449.2359234057079,134.28200484418582,50.359276676559304,339.86083915011665,9.675920329831477,4.754888400917986,14.2,2797.2167830023327,449.2359234057079,134.28200484418582,50.359276676559304,339.86083915011665,9.675920329831477,4.754888400917986,0.0,0.0,0.0,0.0,0.0,0.0,0.0,0.0,0.0,0.0,0.0,0.0,0.0,0.0,0,NORMAL,0.0,2026-01-01T00:02:00+00:00,False
2026-01-01T00:03:23Z,ENG-DATASET-000,MSN-NORMAL-000,LOITER,4500.0,10.0,0.4271968814549707,0.2928031185450293,2817.4962405179017,451.9911386393011,133.15358282574977,50.07231267097746,340.8748120258951,9.752490203472574,4.323871794597098,14.2,2817.4962405179017,451.9911386393011,133.15358282574977,50.07231267097746,340.8748120258951,9.752490203472574,4.323871794597098,0.0,0.0,0.0,0.0,0.0,0.0,0.0,0.0,0.0,0.0,0.0,0.0,0.0,0.0,0,NORMAL,0.0,2026-01-01T00:02:00+00:00,False
2026-01-01T00:03:24Z,ENG-DATASET-000,MSN-NORMAL-000,LOITER,4500.0,10.0,0.43077175062066503,0.28922824937933495,2837.1580209292206,454.6664136714931,132.20488488496213,49.80299079314595,341.85790104646105,9.826824279064105,4.591268621425063,14.2,2837.1580209292206,454.6664136714931,132.20488488496213,49.80299079314595,341.85790104646105,9.826824279064105,4.591268621425063,0.0,0.0,0.0,0.0,0.0,0.0,0.0,0.0,0.0,0.0,0.0,0.0,0.0,0.0,0,NORMAL,0.0,2026-01-01T00:02:00+00:00,False
2026-01-01T00:03:25Z,ENG-DATASET-000,MSN-NORMAL-000,LOITER,4500.0,10.0,0.43417853022062913,0.28582146977937084,2855.895308729023,457.21955020040303,131.414885151476,49.550315548358675,342.79476543645114,9.897751659996906,5.2056474848959295,14.2,2855.895308729023,457.21955020040303,131.414885151476,49.550315548358675,342.79476543645114,9.897751659996906,5.2056474848959295,0.0,0.0,0.0,0.0,0.0,0.0,0.0,0.0,0.0,0.0,0.0,0.0,0.0,0.0,0,NORMAL,0.0,2026-01-01T00:02:00+00:00,False
2026-01-01T00:03:26Z,ENG-DATASET-000,MSN-NORMAL-000,LOITER,4500.0,10.0,0.4373640585986325,0.2826359414013675,2873.4157148080412,459.61010539828777,130.7636492712856,49.31323960366979,343.67078574040204,9.964150965216506,5.316975563111227,14.2,2873.4157148080412,459.61010539828777,130.7636492712856,49.31323960366979,343.67078574040204,9.964150965216506,5.316975563111227,0.0,0.0,0.0,0.0,0.0,0.0,0.0,0.0,0.0,0.0,0.0,0.0,0.0,0.0,0,NORMAL,0.0,2026-01-01T00:02:00+00:00,False
2026-01-01T00:03:27Z,ENG-DATASET-000,MSN-NORMAL-000,LOITER,4500.0,10.0,0.4402786266497639,0.27972137335023606,2889.4458390892646,461.8000602462793,130.232285850314,49.090671814098,344.47229195446323,10.024968730081234,4.793969080130158,14.2,2889.4458390892646,461.8000602462793,130.232285850314,49.090671814098,344.47229195446323,10.024968730081234,4.793969080130158,0.0,0.0,0.0,0.0,0.0,0.0,0.0,0.0,0.0,0.0,0.0,0.0,0.0,0.0,0,NORMAL,0.0,2026-01-01T00:02:00+00:00,False
2026-01-01T00:03:28Z,ENG-DATASET-000,MSN-NORMAL-000,LOITER,4500.0,10.0,0.44287675351438804,0.27712324648561193,2903.735536844697,463.75445732884407,129.8029186985037,48.88148626518602,345.18677684223485,10.079236923823323,4.4117401139452745,14.2,2903.735536844697,463.75445732884407,129.8029186985037,48.88148626518602,345.18677684223485,10.079236923823323,4.4117401139452745,0.0,0.0,0.0,0.0,0.0,0.0,0.0,0.0,0.0,0.0,0.0,0.0,0.0,0.0,0,NORMAL,0.0,2026-01-01T00:02:00+00:00,False
2026-01-01T00:03:29Z,ENG-DATASET-000,MSN-NORMAL-000,LOITER,4500.0,10.0,0.44511789629174847,0.2748821037082515,2916.0618221201794,465.44199536093436,129.4586767126767,48.68453217750183,345.803091106009,10.126089243048128,4.740909602507086,14.2,2916.0618221201794,465.44199536093436,129.4586767126767,48.68453217750183,345.803091106009,10.126089243048128,4.740909602507086,0.0,0.0,0.0,0.0,0.0,0.0,0.0,0.0,0.0,0.0,0.0,0.0,0.0,0.0,0,NORMAL,0.0,2026-01-01T00:02:00+00:00,False
2026-01-01T00:03:30Z,ENG-DATASET-000,MSN-NORMAL-000,LOITER,4500.0,10.0,0.446967082698374,0.273032917301626,2926.23234735662,466.835568082362,129.1836982434681,48.49864450575022,346.311617367831,10.164775852208894,5.329733556436776,14.2,2926.23234735662,466.835568082362,129.1836982434681,48.49864450575022,346.311617367831,10.164775852208894,5.329733556436776,0.0,0.0,0.0,0.0,0.0,0.0,0.0,0.0,0.0,0.0,0.0,0.0,0.0,0.0,0,NORMAL,0.0,2026-01-01T00:02:00+00:00,False
2026-01-01T00:03:31Z,ENG-DATASET-000,MSN-NORMAL-000,LOITER,4500.0,10.0,0.4483954567988657,0.27160454320113425,2934.0884049093243,467.91273590588065,128.9631468167683,48.32265505483504,346.7044202454662,10.19467626341463,5.350995924393226,14.2,2934.0884049093243,467.91273590588065,128.9631468167683,48.32265505483504,346.7044202454662,10.19467626341463,5.350995924393226,0.0,0.0,0.0,0.0,0.0,0.0,0.0,0.0,0.0,0.0,0.0,0.0,0.0,0.0,0,NORMAL,0.0,2026-01-01T00:02:00+00:00,False
2026-01-01T00:03:32Z,ENG-DATASET-000,MSN-NORMAL-000,LOITER,4500.0,10.0,0.4493807292931175,0.27061927070688246,2939.507403627709,468.6561198472549,128.78323513127285,48.15540392763621,346.9753701813855,10.215310079202952,4.786885301631761,14.2,2939.507403627709,468.6561198472549,128.78323513127285,48.15540392763621,346.9753701813855,10.215310079202952,4.786885301631761,0.0,0.0,0.0,0.0,0.0,0.0,0.0,0.0,0.0,0.0,0.0,0.0,0.0,0.0,0,NORMAL,0.0,2026-01-01T00:02:00+00:00,False
2026-01-01T00:03:33Z,ENG-DATASET-000,MSN-NORMAL-000,LOITER,4500.0,10.0,0.44990752533338946,0.2700924746666105,2942.404781849205,469.0537087763999,128.63125433755556,47.995751114560285,347.1202390924602,10.226345362477538,4.454315486001552,14.2,2942.404781849205,469.0537087763999,128.63125433755556,47.995751114560285,347.1202390924602,10.226345362477538,4.454315486001552,0.0,0.0,0.0,0.0,0.0,0.0,0.0,0.0,0.0,0.0,0.0,0.0,0.0,0.0,0,NORMAL,0.0,2026-01-01T00:02:00+00:00,False
2026-01-01T00:03:34Z,ENG-DATASET-000,MSN-NORMAL-000,LOITER,4500.0,10.0,0.4499676244436647,0.27003237555633525,2942.735326955719,469.0990728673494,128.49560572548373,47.84258803316305,347.13676634778597,10.227604446612222,4.834416818398818,14.2,2942.735326955719,469.0990728673494,128.49560572548373,47.84258803316305,347.13676634778597,10.227604446612222,4.834416818398818,0.0,0.0,0.0,0.0,0.0,0.0,0.0,0.0,0.0,0.0,0.0,0.0,0.0,0.0,0,NORMAL,0.0,2026-01-01T00:02:00+00:00,False
2026-01-01T00:03:35Z,ENG-DATASET-000,MSN-NORMAL-000,LOITER,4500.0,10.0,0.449560088797428,0.270439911202572,2940.4938809014166,468.79147823153977,128.36583210872385,47.69484882735577,347.0246940450709,10.219067054245563,5.383159662720265,14.2,2940.4938809014166,468.79147823153977,128.36583210872385,47.69484882735577,347.0246940450709,10.219067054245563,5.383159662720265,0.0,0.0,0.0,0.0,0.0,0.0,0.0,0.0,0.0,0.0,0.0,0.0,0.0,0.0,0,NORMAL,0.0,2026-01-01T00:02:00+00:00,False
2026-01-01T00:03:36Z,ENG-DATASET-000,MSN-NORMAL-000,LOITER,4500.0,10.0,0.4486912778521351,0.2713087221478649,2935.715420702306,468.1359000181792,128.23264639830595,47.55152123987511,346.7857710351153,10.20087065363164,5.3107641009600215,14.2,2935.715420702306,468.1359000181792,128.23264639830595,47.55152123987511,346.7857710351153,10.20087065363164,5.3107641009600215,0.0,0.0,0.0,0.0,0.0,0.0,0.0,0.0,0.0,0.0,0.0,0.0,0.0,0.0,0,NORMAL,0.0,2026-01-01T00:02:00+00:00,False
2026-01-01T00:03:37Z,ENG-DATASET-000,MSN-NORMAL-000,LOITER,4500.0,10.0,0.44737474911200587,0.2726252508879941,2928.474512631595,467.1429336702864,128.0879551002325,47.411656878755515,346.42372563157977,10.173308044394552,4.713254697833988,14.2,2928.474512631595,467.1429336702864,128.0879551002325,47.411656878755515,346.42372563157977,10.173308044394552,4.713254697833988,0.0,0.0,0.0,0.0,0.0,0.0,0.0,0.0,0.0,0.0,0.0,0.0,0.0,0.0,0,NORMAL,0.0,2026-01-01T00:02:00+00:00,False
2026-01-01T00:03:38Z,ENG-DATASET-000,MSN-NORMAL-000,LOITER,4500.0,10.0,0.44563104656770564,0.27436895343229434,2918.8841486379442,465.8286064419573,127.92487475125819,47.27438070838364,345.9442074318972,10.136822227819886,4.435008521778789,14.2,2918.8841486379442,465.8286064419573,127.92487475125819,47.27438070838364,345.9442074318972,10.136822227819886,4.435008521778789,0.0,0.0,0.0,0.0,0.0,0.0,0.0,0.0,0.0,0.0,0.0,0.0,0.0,0.0,0,NORMAL,0.0,2026-01-01T00:02:00+00:00,False
2026-01-01T00:03:39Z,ENG-DATASET-000,MSN-NORMAL-000,LOITER,4500.0,10.0,0.4434873801142418,0.27651261988575815,2907.093983143893,464.2140936174199,127.73773961656786,47.13889960818273,345.35469915719466,10.091998678051999,4.859218649083081,14.2,2907.093983143893,464.2140936174199,127.73773961656786,47.13889960818273,345.35469915719466,10.091998678051999,4.859218649083081,0.0,0.0,0.0,0.0,0.0,0.0,0.0,0.0,0.0,0.0,0.0,0.0,0.0,0.0,0,NORMAL,0.0,2026-01-01T00:02:00+00:00,False
2026-01-01T00:03:40Z,ENG-DATASET-000,MSN-NORMAL-000,LOITER,4500.0,10.0,0.4409772009496529,0.27902279905034705,2893.2879977386538,462.3253460363342,127.52209930581944,47.00450985687851,344.6643998869327,10.039555187519284,5.359143771959935,14.2,2893.2879977386538,462.3253460363342,127.52209930581944,47.00450985687851,344.6643998869327,10.039555187519284,5.359143771959935,0.0,0.0,0.0,0.0,0.0,0.0,0.0,0.0,0.0,0.0,0.0,0.0,0.0,0.0,0,NORMAL,0.0,2026-01-01T00:02:00+00:00,False
2026-01-01T00:03:41Z,ENG-DATASET-000,MSN-NORMAL-000,LOITER,4500.0,10.0,0.43813967958025113,0.28186032041974884,2877.681630206944,460.1926374436278,127.27470531132819,46.870603417403345,343.8840815103472,9.980329510597274,5.196321462955817,14.2,2877.681630206944,460.1926374436278,127.27470531132819,46.870603417403345,343.8840815103472,9.980329510597274,5.196321462955817,0.0,0.0,0.0,0.0,0.0,0.0,0.0,0.0,0.0,0.0,0.0,0.0,0.0,0.0,0,NORMAL,0.0,2026-01-01T00:02:00+00:00,False
2026-01-01T00:03:42Z,ENG-DATASET-000,MSN-NORMAL-000,LOITER,4500.0,10.0,0.43501909457797244,0.28498090542202753,2860.5184126944114,457.85004178181856,126.99348582474083,46.73667291653774,343.0259206347206,9.91526507232063,4.578892218919276,14.2,2860.5184126944114,457.85004178181856,126.99348582474083,46.73667291653774,343.0259206347206,9.91526507232063,4.578892218919276,0.0,0.0,0.0,0.0,0.0,0.0,0.0,0.0,0.0,0.0,0.0,0.0,0.0,0.0,0,NORMAL,0.0,2026-01-01T00:02:00+00:00,False
2026-01-01T00:03:43Z,ENG-DATASET-000,MSN-NORMAL-000,LOITER,4500.0,10.0,0.4316641416280707,0.28833585837192927,2842.0661714699518,455.334851783061,126.67750853684328,46.602315234069,342.1033085734976,9.845395042687715,4.363793805483996,14.2,2842.0661714699518,455.334851783061,126.67750853684328,46.602315234069,342.1033085734976,9.845395042687715,4.363793805483996,0.0,0.0,0.0,0.0,0.0,0.0,0.0,0.0,0.0,0.0,0.0,0.0,0.0,0.0,0,NORMAL,0.0,2026-01-01T00:02:00+00:00,False
2026-01-01T00:03:44Z,ENG-DATASET-000,MSN-NORMAL-000,LOITER,4500.0,10.0,0.4281271736492361,0.2918728263507639,2822.6128475863616,452.68695107099245,126.32693145993376,46.46723363824585,341.1306423793181,9.771825101075788,4.829478687372826,14.2,2822.6128475863616,452.68695107099245,126.32693145993376,46.46723363824585,341.1306423793181,9.771825101075788,4.829478687372826,0.0,0.0,0.0,0.0,0.0,0.0,0.0,0.0,0.0,0.0,0.0,0.0,0.0,0.0,0,NORMAL,0.0,2026-01-01T00:02:00+00:00,False
2026-01-01T00:03:45Z,ENG-DATASET-000,MSN-NORMAL-000,LOITER,4500.0,10.0,0.42446338384380866,0.2955366161561913,2802.4620036565107,449.94815244314736,125.94294212501907,46.331238427280745,340.1231001828255,9.695715229311201,5.277445642089707,14.2,2802.4620036565107,449.94815244314736,125.94294212501907,46.331238427280745,340.1231001828255,9.695715229311201,5.277445642089707,0.0,0.0,0.0,0.0,0.0,0.0,0.0,0.0,0.0,0.0,0.0,0.0,0.0,0.0,0,NORMAL,0.0,2026-01-01T00:02:00+00:00,False
2026-01-01T00:03:46Z,ENG-DATASET-000,MSN-NORMAL-000,LOITER,4500.0,10.0,0.42072994442631606,0.2992700555736839,2781.9280868603014,447.1615150871649,125.52768578969629,46.194246060241326,339.0964043430151,9.618260876309586,5.033454267545494,14.2,2781.9280868603014,447.1615150871649,125.52768578969629,46.194246060241326,339.0964043430151,9.618260876309586,5.033454267545494,0.0,0.0,0.0,0.0,0.0,0.0,0.0,0.0,0.0,0.0,0.0,0.0,0.0,0.0,0,NORMAL,0.0,2026-01-01T00:02:00+00:00,False
2026-01-01T00:03:47Z,ENG-DATASET-000,MSN-NORMAL-000,LOITER,4500.0,10.0,0.416985114470187,0.303014885529813,2761.3315221015914,444.37065321944317,125.08418354121274,46.05627678451085,338.06657610507955,9.540673832634779,4.413999131049866,14.2,2761.3315221015914,444.37065321944317,125.08418354121274,46.05627678451085,338.06657610507955,9.540673832634779,4.413999131049866,0.0,0.0,0.0,0.0,0.0,0.0,0.0,0.0,0.0,0.0,0.0,0.0,0.0,0.0,0,NORMAL,0.0,2026-01-01T00:02:00+00:00,False
2026-01-01T00:03:48Z,ENG-DATASET-000,MSN-NORMAL-000,LOITER,4500.0,10.0,0.4132873307943961,0.30671266920560386,2740.9937118847415,441.61904806868046,124.61624138880848,45.9174507907134,337.0496855942371,9.464163140893024,4.273391698750811,14.2,2740.9937118847415,441.61904806868046,124.61624138880848,45.9174507907134,337.0496855942371,9.464163140893024,4.273391698750811,0.0,0.0,0.0,0.0,0.0,0.0,0.0,0.0,0.0,0.0,0.0,0.0,0.0,0.0,0,NORMAL,0.0,2026-01-01T00:02:00+00:00,False
2026-01-01T00:03:49Z,ENG-DATASET-000,MSN-NORMAL-000,LOITER,4500.0,10.0,0.4096942960764483,0.31030570392355167,2721.2320209360287,438.94937431453167,124.12835160779092,45.777982949223116,336.06160104680146,9.389916348908454,4.780326675442377,14.2,2721.2320209360287,438.94937431453167,124.12835160779092,45.777982949223116,336.06160104680146,9.389916348908454,4.780326675442377,0.0,0.0,0.0,0.0,0.0,0.0,0.0,0.0,0.0,0.0,0.0,0.0,0.0,0.0,0,NORMAL,0.0,2026-01-01T00:02:00+00:00,False
2026-01-01T00:03:50Z,ENG-DATASET-000,MSN-NORMAL-000,LOITER,4500.0,10.0,0.40626207842139567,0.3137379215786043,2702.354823833239,436.4028510950934,123.62558772438916,45.6381762047458,335.11774119166193,9.319081388600944,5.176708267182548,14.2,2702.354823833239,436.4028510950934,123.62558772438916,45.6381762047458,335.11774119166193,9.319081388600944,5.176708267182548,0.0,0.0,0.0,0.0,0.0,0.0,0.0,0.0,0.0,0.0,0.0,0.0,0.0,0.0,0,NORMAL,0.0,2026-01-01T00:02:00+00:00,False
2026-01-01T00:03:51Z,ENG-DATASET-000,MSN-NORMAL-000,LOITER,4500.0,10.0,0.4030442364378103,0.3169557635621897,2684.6566929235196,434.0186265796471,123.11349461644143,45.4984137266276,334.232834646176,9.252749335944918,4.864252127799938,14.2,2684.6566929235196,434.0186265796471,123.11349461644143,45.4984137266276,334.232834646176,9.252749335944918,4.864252127799938,0.0,0.0,0.0,0.0,0.0,0.0,0.0,0.0,0.0,0.0,0.0,0.0,0.0,0.0,0,NORMAL,0.0,2026-01-01T00:02:00+00:00,False
2026-01-01T00:03:52Z,ENG-DATASET-000,MSN-NORMAL-000,LOITER,4500.0,10.0,0.40009098347361094,0.31990901652638903,2668.4138016204233,431.83320392642105,122.59797525295781,45.3591499321786,333.4206900810212,9.191938277822633,4.262107113091336,14.2,2668.4138016204233,431.83320392642105,122.59797525295781,45.3591499321786,333.4206900810212,9.191938277822633,4.262107113091336,0.0,0.0,0.0,0.0,0.0,0.0,0.0,0.0,0.0,0.0,0.0,0.0,0.0,0.0,0,NORMAL,0.0,2026-01-01T00:02:00+00:00,False
2026-01-01T00:03:53Z,ENG-DATASET-000,MSN-NORMAL-000,LOITER,4500.0,10.0,0.39744840405356296,0.322551595946437,2653.879614810159,429.87991526494045,122.08517560928554,45.2209005180937,332.693980740508,9.137578481367065,4.2067956544008105,14.2,2653.879614810159,429.87991526494045,122.08517560928554,45.2209005180937,332.693980740508,9.137578481367065,4.2067956544008105,0.0,0.0,0.0,0.0,0.0,0.0,0.0,0.0,0.0,0.0,0.0,0.0,0.0,0.0,0,NORMAL,0.0,2026-01-01T00:02:00+00:00,False
2026-01-01T00:03:54Z,ENG-DATASET-000,MSN-NORMAL-000,LOITER,4500.0,10.0,0.39515773474568266,0.3248422652543173,2641.2809336168175,428.1884492063346,121.58136927851535,45.08423165073102,332.0640466808409,9.09049903169476,4.754156614571677,14.2,2641.2809336168175,428.1884492063346,121.58136927851535,45.08423165073102,332.0640466808409,9.09049903169476,4.754156614571677,0.0,0.0,0.0,0.0,0.0,0.0,0.0,0.0,0.0,0.0,0.0,0.0,0.0,0.0,0,NORMAL,0.0,2026-01-01T00:02:00+00:00,False
2026-01-01T00:03:55Z,ENG-DATASET-000,MSN-NORMAL-000,LOITER,4500.0,10.0,0.39325472067838524,0.32674527932161473,2630.814356246682,426.78443633003894,121.0928432589148,44.949748479326125,331.54071781233415,9.051416075694315,5.099711529640514,14.2,2630.814356246682,426.78443633003894,121.0928432589148,44.949748479326125,331.54071781233415,9.051416075694315,5.099711529640514,0.0,0.0,0.0,0.0,0.0,0.0,0.0,0.0,0.0,0.0,0.0,0.0,0.0,0.0,0,NORMAL,0.0,2026-01-01T00:02:00+00:00,False
2026-01-01T00:03:56Z,ENG-DATASET-000,MSN-NORMAL-000,LOITER,4500.0,10.0,0.3917690577497114,0.3282309422502886,2622.6432101389755,425.6890961474336,120.62578633670915,44.818083146969364,331.1321605069488,9.020922783427853,4.731537881919367,14.2,2622.6432101389755,425.6890961474336,120.62578633670915,44.818083146969364,331.1321605069488,9.020922783427853,4.731537881919367,0.0,0.0,0.0,0.0,0.0,0.0,0.0,0.0,0.0,0.0,0.0,0.0,0.0,0.0,0,NORMAL,0.0,2026-01-01T00:02:00+00:00,False
2026-01-01T00:03:57Z,ENG-DATASET-000,MSN-NORMAL-000,LOITER,4500.0,10.0,0.3907239292327702,0.32927607076722976,2616.895003295799,424.91894821603535,120.18618140843913,44.68988248218801,330.84475016478996,8.99948111510756,4.163951022529059,14.2,2616.895003295799,424.91894821603535,120.18618140843913,44.68988248218801,330.84475016478996,8.99948111510756,4.163951022529059,0.0,0.0,0.0,0.0,0.0,0.0,0.0,0.0,0.0,0.0,0.0,0.0,0.0,0.0,0,NORMAL,0.0,2026-01-01T00:02:00+00:00,False
2026-01-01T00:03:58Z,ENG-DATASET-000,MSN-NORMAL-000,LOITER,4500.0,10.0,0.39013564400851636,0.3298643559914836,2613.659434562403,424.4855893742502,119.77970300195148,44.56579555912851,330.68297172812015,8.98741546063922,4.200862429334748,14.2,2613.659434562403,424.4855893742502,119.77970300195148,44.56579555912851,330.68297172812015,8.98741546063922,4.200862429334748,0.0,0.0,0.0,0.0,0.0,0.0,0.0,0.0,0.0,0.0,0.0,0.0,0.0,0.0,0,NORMAL,0.0,2026-01-01T00:02:00+00:00,False
2026-01-01T00:03:59Z,ENG-DATASET-000,MSN-NORMAL-000,LOITER,4500.0,10.0,0.39001338207111713,0.32998661792888284,2612.986993906707,424.39553847811686,119.41162116370924,44.4464613165476,330.64934969533533,8.984908200240788,4.784179767436322,14.2,2612.986993906707,424.39553847811686,119.41162116370924,44.4464613165476,330.64934969533533,8.984908200240788,4.784179767436322,0.0,0.0,0.0,0.0,0.0,0.0,0.0,0.0,0.0,0.0,0.0,0.0,0.0,0.0,0,NORMAL,0.0,2026-01-01T00:02:00+00:00,False
2026-01-01T00:04:00Z,ENG-DATASET-000,MSN-NORMAL-000,DESCENT,2200.0,10.0,0.32035905127721415,0.42964094872278585,2221.4375663331634,458.24813646521295,119.92666245896864,44.44284491206449,311.07187831665817,9.933054028257644,4.686939753700024,14.2,2221.4375663331634,458.24813646521295,119.92666245896864,44.44284491206449,311.07187831665817,9.933054028257644,4.686939753700024,0.0,0.0,0.0,0.0,0.0,0.0,0.0,0.0,0.0,0.0,0.0,0.0,0.0,0.0,0,NORMAL,0.0,2026-01-01T00:02:00+00:00,False
2026-01-01T00:04:01Z,ENG-DATASET-000,MSN-NORMAL-000,DESCENT,2200.0,10.0,0.3211672575744583,0.4288327424255417,2225.8827009680062,459.0024272524507,120.40905689438304,44.44102932420587,311.29413504840034,9.954339287841647,4.272873576197322,14.2,2225.8827009680062,459.0024272524507,120.40905689438304,44.44102932420587,311.29413504840034,9.954339287841647,4.272873576197322,0.0,0.0,0.0,0.0,0.0,0.0,0.0,0.0,0.0,0.0,0.0,0.0,0.0,0.0,0,NORMAL,0.0,2026-01-01T00:02:00+00:00,False
2026-01-01T00:04:02Z,ENG-DATASET-000,MSN-NORMAL-000,DESCENT,2200.0,10.0,0.3224253891738927,0.4275746108261073,2232.802424764895,460.1771039919651,120.87257880474387,44.44186449838503,311.6401212382448,9.987485964539566,3.7521858794266647,14.2,2232.802424764895,460.1771039919651,120.87257880474387,44.44186449838503,311.6401212382448,9.987485964539566,3.7521858794266647,0.0,0.0,0.0,0.0,0.0,0.0,0.0,0.0,0.0,0.0,0.0,0.0,0.0,0.0,0,NORMAL,0.0,2026-01-01T00:02:00+00:00,False
2026-01-01T00:04:03Z,ENG-DATASET-000,MSN-NORMAL-000,DESCENT,2200.0,10.0,0.3241138133527011,0.4258861866472989,2242.0887577483413,461.7544409684474,121.32918194848067,44.446126151209334,312.1044378874171,10.03199208093115,3.8819961228964392,14.2,2242.0887577483413,461.7544409684474,121.32918194848067,44.446126151209334,312.1044378874171,10.03199208093115,3.8819961228964392,0.0,0.0,0.0,0.0,0.0,0.0,0.0,0.0,0.0,0.0,0.0,0.0,0.0,0.0,0,NORMAL,0.0,2026-01-01T00:02:00+00:00,False
2026-01-01T00:04:04Z,ENG-DATASET-000,MSN-NORMAL-000,DESCENT,2200.0,10.0,0.32620618281628144,0.42379381718371856,2253.596789798033,463.7105945390298,121.78902861710834,44.45450498026407,312.67983948990167,10.08718257591601,4.491282189870367,14.2,2253.596789798033,463.7105945390298,121.78902861710834,44.45450498026407,312.67983948990167,10.08718257591601,4.491282189870367,0.0,0.0,0.0,0.0,0.0,0.0,0.0,0.0,0.0,0.0,0.0,0.0,0.0,0.0,0,NORMAL,0.0,2026-01-01T00:02:00+00:00,False
2026-01-01T00:04:05Z,ENG-DATASET-000,MSN-NORMAL-000,DESCENT,2200.0,10.0,0.3286698468389655,0.4213301531610345,2267.146941922796,466.01592807637905,122.26052395730699,44.46759714800638,313.3573470961398,10.15221864911004,4.725666256134709,14.2,2267.146941922796,466.01592807637905,122.26052395730699,44.46759714800638,313.3573470961398,10.15221864911004,4.725666256134709,0.0,0.0,0.0,0.0,0.0,0.0,0.0,0.0,0.0,0.0,0.0,0.0,0.0,0.0,0,NORMAL,0.0,2026-01-01T00:02:00+00:00,False
2026-01-01T00:04:06Z,ENG-DATASET-000,MSN-NORMAL-000,DESCENT,2200.0,10.0,0.3314663607676731,0.4185336392323269,2282.5277685306874,468.6354199502897,122.75035706033353,44.485896190368315,314.1263884265344,10.226109474568652,4.271171899299662,14.2,2282.5277685306874,468.6354199502897,122.75035706033353,44.485896190368315,314.1263884265344,10.226109474568652,4.271171899299662,0.0,0.0,0.0,0.0,0.0,0.0,0.0,0.0,0.0,0.0,0.0,0.0,0.0,0.0,0,NORMAL,0.0,2026-01-01T00:02:00+00:00,False
2026-01-01T00:04:07Z,ENG-DATASET-000,MSN-NORMAL-000,DESCENT,2200.0,10.0,0.33455208593786506,0.41544791406213494,2299.499256966743,471.5291514652251,123.2635501409308,44.50978647835174,314.97496284833716,10.307726183944675,3.8037099747510346,14.2,2299.499256966743,471.5291514652251,123.2635501409308,44.50978647835174,314.97496284833716,10.307726183944675,3.8037099747510346,0.0,0.0,0.0,0.0,0.0,0.0,0.0,0.0,0.0,0.0,0.0,0.0,0.0,0.0,0,NORMAL,0.0,2026-01-01T00:02:00+00:00,False
2026-01-01T00:04:08Z,ENG-DATASET-000,MSN-NORMAL-000,DESCENT,2200.0,10.0,0.337878870640308,0.412121129359692,2317.7965728301797,474.6528706911894,123.80351689411745,44.539538336583135,315.889828641509,10.395817990530785,4.020331111435211,14.2,2317.7965728301797,474.6528706911894,123.80351689411745,44.539538336583135,315.889828641509,10.395817990530785,4.020331111435211,0.0,0.0,0.0,0.0,0.0,0.0,0.0,0.0,0.0,0.0,0.0,0.0,0.0,0.0,0,NORMAL,0.0,2026-01-01T00:02:00+00:00,False
2026-01-01T00:04:09Z,ENG-DATASET-000,MSN-NORMAL-000,DESCENT,2200.0,10.0,0.3413948015123923,0.4086051984876077,2337.134192626643,477.9586270002179,124.37213087971115,44.57530489686249,316.85670963133214,10.489030293722832,4.64015179860603,14.2,2337.134192626643,477.9586270002179,124.37213087971115,44.57530489686249,316.85670963133214,10.489030293722832,4.64015179860603,0.0,0.0,0.0,0.0,0.0,0.0,0.0,0.0,0.0,0.0,0.0,0.0,0.0,0.0,0,NORMAL,0.0,2026-01-01T00:02:00+00:00,False
2026-01-01T00:04:10Z,ENG-DATASET-000,MSN-NORMAL-000,DESCENT,2200.0,10.0,0.3450450136287926,0.4049549863712074,2357.2103592668445,481.395469860959,124.96980453826401,44.61712073759215,317.8605179633422,10.585924568586545,4.806309565537098,14.2,2357.2103592668445,481.395469860959,124.96980453826401,44.61712073759215,317.8605179633422,10.585924568586545,4.806309565537098,0.0,0.0,0.0,0.0,0.0,0.0,0.0,0.0,0.0,0.0,0.0,0.0,0.0,0.0,0,NORMAL,0.0,2026-01-01T00:02:00+00:00,False
2026-01-01T00:04:11Z,ENG-DATASET-000,MSN-NORMAL-000,DESCENT,2200.0,10.0,0.34877254665027746,0.40122745334972254,2377.711790885011,484.9102040738846,125.59557918628472,44.66490233203173,318.88558954425054,10.684999808084491,4.313083038970517,14.2,2377.711790885011,484.9102040738846,125.59557918628472,44.66490233203173,318.88558954425054,10.684999808084491,4.313083038970517,0.0,0.0,0.0,0.0,0.0,0.0,0.0,0.0,0.0,0.0,0.0,0.0,0.0,0.0,0,NORMAL,0.0,2026-01-01T00:02:00+00:00,False
2026-01-01T00:04:12Z,ENG-DATASET-000,MSN-NORMAL-000,DESCENT,2200.0,10.0,0.3525192336707524,0.3974807663292476,2398.3185694976232,488.4481921884278,126.24722607236694,44.71845030003077,319.9159284748812,10.784715247142307,3.900119460695535,14.2,2398.3185694976232,488.4481921884278,126.24722607236694,44.71845030003077,319.9159284748812,10.784715247142307,3.900119460695535,0.0,0.0,0.0,0.0,0.0,0.0,0.0,0.0,0.0,0.0,0.0,0.0,0.0,0.0,0,NORMAL,0.0,2026-01-01T00:02:00+00:00,False
2026-01-01T00:04:13Z,ENG-DATASET-000,MSN-NORMAL-000,DESCENT,2200.0,10.0,0.3562266088923747,0.3937733911076253,2418.709133216546,491.9541933828558,126.92135829970164,44.77745342968202,320.9354566608273,10.88351405944825,4.192244943665212,14.2,2418.709133216546,491.9541933828558,126.92135829970164,44.77745342968202,320.9354566608273,10.88351405944825,4.192244943665212,0.0,0.0,0.0,0.0,0.0,0.0,0.0,0.0,0.0,0.0,0.0,0.0,0.0,0.0,0,NORMAL,0.0,2026-01-01T00:02:00+00:00,False
2026-01-01T00:04:14Z,ENG-DATASET-000,MSN-NORMAL-000,DESCENT,2200.0,10.0,0.3598368199647748,0.3901631800352252,2438.565294114747,495.3732266713334,127.61355313651481,44.841494407656235,321.9282647057373,10.979847681310572,4.803773513906801,14.2,2438.565294114747,495.3732266713334,127.61355313651481,44.841494407656235,321.9282647057373,10.979847681310572,4.803773513906801,0.0,0.0,0.0,0.0,0.0,0.0,0.0,0.0,0.0,0.0,0.0,0.0,0.0,0.0,0,NORMAL,0.0,2026-01-01T00:02:00+00:00,False
2026-01-01T00:04:15Z,ENG-DATASET-000,MSN-NORMAL-000,DESCENT,2200.0,10.0,0.3632935307516341,0.3867064692483659,2457.5772034424735,498.65144500225375,128.31848394791967,44.91005717025505,322.87886017212367,11.07220038386857,4.8905576253712395,14.2,2457.5772034424735,498.65144500225375,128.31848394791967,44.91005717025505,322.87886017212367,11.07220038386857,4.8905576253712395,0.0,0.0,0.0,0.0,0.0,0.0,0.0,0.0,0.0,0.0,0.0,0.0,0.0,0.0,0,NORMAL,0.0,2026-01-01T00:02:00+00:00,False
2026-01-01T00:04:16Z,ENG-DATASET-000,MSN-NORMAL-000,DESCENT,2200.0,10.0,0.3665428004372507,0.3834571995627493,2475.448186713364,501.73700570401087,129.03006069572797,44.98253576186962,323.7724093356682,11.159113687400794,4.358878824606293,14.2,2475.448186713364,501.73700570401087,129.03006069572797,44.98253576186962,323.7724093356682,11.159113687400794,4.358878824606293,0.0,0.0,0.0,0.0,0.0,0.0,0.0,0.0,0.0,0.0,0.0,0.0,0.0,0.0,0,NORMAL,0.0,2026-01-01T00:02:00+00:00,False
2026-01-01T00:04:17Z,ENG-DATASET-000,MSN-NORMAL-000,DESCENT,2200.0,10.0,0.3695339252549268,0.3804660747450732,2491.8993732105823,504.5809218956188,129.74157767354563,45.05824456395418,324.5949686605291,11.239210191325288,3.999238157739031,14.2,2491.8993732105823,504.5809218956188,129.74157767354563,45.05824456395418,324.5949686605291,11.239210191325288,3.999238157739031,0.0,0.0,0.0,0.0,0.0,0.0,0.0,0.0,0.0,0.0,0.0,0.0,0.0,0.0,0,NORMAL,0.0,2026-01-01T00:02:00+00:00,False
2026-01-01T00:04:18Z,ENG-DATASET-000,MSN-NORMAL-000,DESCENT,2200.0,10.0,0.3722202297022902,0.3777797702977098,2506.6740476710816,507.1378789817841,130.44586688073568,45.13642973618357,325.33370238355405,11.311216382540279,4.3533755192103705,14.2,2506.6740476710816,507.1378789817841,130.44586688073568,45.13642973618357,325.33370238355405,11.311216382540279,4.3533755192103705,0.0,0.0,0.0,0.0,0.0,0.0,0.0,0.0,0.0,0.0,0.0,0.0,0.0,0.0,0,NORMAL,0.0,2026-01-01T00:02:00+00:00,False
2026-01-01T00:04:19Z,ENG-DATASET-000,MSN-NORMAL-000,DESCENT,2200.0,10.0,0.37455979489689756,0.37544020510310244,2519.5416562414225,509.3670002570312,131.1354551990879,45.21628169249634,325.9770828120711,11.373983984544108,4.937718717093203,14.2,2519.5416562414225,509.3670002570312,131.1354551990879,45.21628169249634,325.9770828120711,11.373983984544108,4.937718717093203,0.0,0.0,0.0,0.0,0.0,0.0,0.0,0.0,0.0,0.0,0.0,0.0,0.0,0.0,0,NORMAL,0.0,2026-01-01T00:02:00+00:00,False
2026-01-01T00:04:20Z,ENG-DATASET-000,MSN-NORMAL-000,DESCENT,2200.0,10.0,0.3765161127063749,0.3734838872936251,2530.3014041935476,511.2325459981146,131.80272332913196,45.29694841852684,326.5150702096774,11.42650942144931,4.935814304669448,14.2,2530.3014041935476,511.2325459981146,131.80272332913196,45.29694841852684,326.5150702096774,11.42650942144931,4.935814304669448,0.0,0.0,0.0,0.0,0.0,0.0,0.0,0.0,0.0,0.0,0.0,0.0,0.0,0.0,0,NORMAL,0.0,2026-01-01T00:02:00+00:00,False
2026-01-01T00:04:21Z,ENG-DATASET-000,MSN-NORMAL-000,DESCENT,2200.0,10.0,0.37805865544561273,0.37194134455438727,2538.7853892593557,512.7045312557967,132.4400642776137,45.37754942375226,326.9392694629678,11.467950995220672,4.3677171944766435,14.2,2538.7853892593557,512.7045312557967,132.4400642776137,45.37754942375226,326.9392694629678,11.467950995220672,4.3677171944766435,0.0,0.0,0.0,0.0,0.0,0.0,0.0,0.0,0.0,0.0,0.0,0.0,0.0,0.0,0,NORMAL,0.0,2026-01-01T00:02:00+00:00,False
2026-01-01T00:04:22Z,ENG-DATASET-000,MSN-NORMAL-000,DESCENT,2200.0,10.0,0.379163352251082,0.370836647748918,2544.861221689436,513.7592488710538,133.04003907162866,45.45719011173069,327.24306108447183,11.49764341129554,4.060988099521264,14.2,2544.861221689436,513.7592488710538,133.04003907162866,45.45719011173069,327.24306108447183,11.49764341129554,4.060988099521264,0.0,0.0,0.0,0.0,0.0,0.0,0.0,0.0,0.0,0.0,0.0,0.0,0.0,0.0,0,NORMAL,0.0,2026-01-01T00:02:00+00:00,False
2026-01-01T00:04:23Z,ENG-DATASET-000,MSN-NORMAL-000,DESCENT,2200.0,10.0,0.3798129646986088,0.3701870353013912,2548.434090150834,514.3796860172996,133.59552731489828,45.53497634523819,327.4217045075417,11.515109336634227,4.464854279914526,14.2,2548.434090150834,514.3796860172996,133.59552731489828,45.53497634523819,327.4217045075417,11.515109336634227,4.464854279914526,0.0,0.0,0.0,0.0,0.0,0.0,0.0,0.0,0.0,0.0,0.0,0.0,0.0,0.0,0,NORMAL,0.0,2026-01-01T00:02:00+00:00,False
2026-01-01T00:04:24Z,ENG-DATASET-000,MSN-NORMAL-000,DESCENT,2200.0,10.0,0.379997355803218,0.370002644196782,2549.448241226184,514.5558247647754,134.09987020252782,45.6100289800296,327.4724120613092,11.520067734013047,5.006459919955852,14.2,2549.448241226184,514.5558247647754,134.09987020252782,45.6100289800296,327.4724120613092,11.520067734013047,5.006459919955852,0.0,0.0,0.0,0.0,0.0,0.0,0.0,0.0,0.0,0.0,0.0,0.0,0.0,0.0,0,NORMAL,0.0,2026-01-01T00:02:00+00:00,False
2026-01-01T00:04:25Z,ENG-DATASET-000,MSN-NORMAL-000,DESCENT,2200.0,10.0,0.3797136482033933,0.3702863517966067,2547.8878494271485,514.2848197080375,134.54700367497597,45.681498141396915,327.39439247135743,11.512438785231751,4.911492914090974,14.2,2547.8878494271485,514.2848197080375,134.54700367497597,45.681498141396915,327.39439247135743,11.512438785231751,4.911492914090974,0.0,0.0,0.0,0.0,0.0,0.0,0.0,0.0,0.0,0.0,0.0,0.0,0.0,0.0,0,NORMAL,0.0,2026-01-01T00:02:00+00:00,False
2026-01-01T00:04:26Z,ENG-DATASET-000,MSN-NORMAL-000,DESCENT,2200.0,10.0,0.3789662690613416,0.3710337309386584,2543.777264145864,513.5710485043348,134.93157952008676,45.74857702167419,327.1888632072932,11.492345291564318,4.313497465927057,14.2,2543.777264145864,513.5710485043348,134.93157952008676,45.74857702167419,327.1888632072932,11.492345291564318,4.313497465927057,0.0,0.0,0.0,0.0,0.0,0.0,0.0,0.0,0.0,0.0,0.0,0.0,0.0,0.0,0,NORMAL,0.0,2026-01-01T00:02:00+00:00,False
2026-01-01T00:04:27Z,ENG-DATASET-000,MSN-NORMAL-000,DESCENT,2200.0,10.0,0.37776688097860717,0.37223311902139283,2537.180629690825,512.4260341361645,135.2490724214822,45.81051498427575,326.8590314845412,11.460110519550717,4.062587772339515,14.2,2537.180629690825,512.4260341361645,135.2490724214822,45.81051498427575,326.8590314845412,11.460110519550717,4.062587772339515,0.0,0.0,0.0,0.0,0.0,0.0,0.0,0.0,0.0,0.0,0.0,0.0,0.0,0.0,0,NORMAL,0.0,2026-01-01T00:02:00+00:00,False
2026-01-01T00:04:28Z,ENG-DATASET-000,MSN-NORMAL-000,DESCENT,2200.0,10.0,0.37613420000507525,0.37386579999492475,2528.200884336399,510.8682407224205,135.49587119739448,45.8666297706406,326.41004421682,11.416252541177826,4.507613423766719,14.2,2528.200884336399,510.8682407224205,135.49587119739448,45.8666297706406,326.41004421682,11.416252541177826,4.507613423766719,0.0,0.0,0.0,0.0,0.0,0.0,0.0,0.0,0.0,0.0,0.0,0.0,0.0,0.0,0,NORMAL,0.0,2026-01-01T00:02:00+00:00,False
2026-01-01T00:04:29Z,ENG-DATASET-000,MSN-NORMAL-000,DESCENT,2200.0,10.0,0.37409370358127364,0.37590629641872636,2516.9781540054905,508.9227476435574,135.66935276874398,45.91631862042012,325.84890770027454,11.361475196631991,4.99653686009444,14.2,2516.9781540054905,508.9227476435574,135.66935276874398,45.91631862042012,325.84890770027454,11.361475196631991,4.99653686009444,0.0,0.0,0.0,0.0,0.0,0.0,0.0,0.0,0.0,0.0,0.0,0.0,0.0,0.0,0,NORMAL,0.0,2026-01-01T00:02:00+00:00,False
2026-01-01T00:04:30Z,ENG-DATASET-000,MSN-NORMAL-000,DESCENT,2200.0,10.0,0.371677232971434,0.378322767028566,2503.6875656513726,506.6208095056215,135.76793772951012,45.9590681321719,325.1843782825686,11.296655882232937,4.810817338154555,14.2,2503.6875656513726,506.6208095056215,135.76793772951012,45.9590681321719,325.1843782825686,11.296655882232937,4.810817338154555,0.0,0.0,0.0,0.0,0.0,0.0,0.0,0.0,0.0,0.0,0.0,0.0,0.0,0.0,0,NORMAL,0.0,2026-01-01T00:02:00+00:00,False
2026-01-01T00:04:31Z,ENG-DATASET-000,MSN-NORMAL-000,DESCENT,2200.0,10.0,0.36892249639121344,0.38107750360878656,2488.5365144601597,503.99931194511583,135.791126755187,45.99446271144496,324.426825723008,11.222830433261802,4.195128751277074,14.2,2488.5365144601597,503.99931194511583,135.791126755187,45.99446271144496,324.426825723008,11.222830433261802,4.195128751277074,0.0,0.0,0.0,0.0,0.0,0.0,0.0,0.0,0.0,0.0,0.0,0.0,0.0,0.0,0,NORMAL,0.0,2026-01-01T00:02:00+00:00,False
2026-01-01T00:04:32Z,ENG-DATASET-000,MSN-NORMAL-000,DESCENT,2200.0,10.0,0.36587248058360067,0.38412751941639933,2471.761427518289,501.10013538734756,135.739517464352,46.02219147515445,323.58807137591447,11.141175428980537,4.007155275355028,14.2,2471.761427518289,501.10013538734756,135.739517464352,46.02219147515445,323.58807137591447,11.141175428980537,4.007155275355028,0.0,0.0,0.0,0.0,0.0,0.0,0.0,0.0,0.0,0.0,0.0,0.0,0.0,0.0,0,NORMAL,0.0,2026-01-01T00:02:00+00:00,False
2026-01-01T00:04:33Z,ENG-DATASET-000,MSN-NORMAL-000,DESCENT,2200.0,10.0,0.3625747800251694,0.3874252199748306,2453.6240744469173,497.9694405520695,135.61480173171853,46.042053505204024,322.68120372234586,11.052988293545408,4.489188873008663,14.2,2453.6240744469173,497.9694405520695,135.61480173171853,46.042053505204024,322.68120372234586,11.052988293545408,4.489188873008663,0.0,0.0,0.0,0.0,0.0,0.0,0.0,0.0,0.0,0.0,0.0,0.0,0.0,0.0,0,NORMAL,0.0,2026-01-01T00:02:00+00:00,False
2026-01-01T00:04:34Z,ENG-DATASET-000,MSN-NORMAL-000,DESCENT,2200.0,10.0,0.35908085423018943,0.39091914576981057,2434.4074825745274,494.6568907125714,135.41974382636096,46.053961370045506,321.72037412872635,10.959665600690565,4.9214250333113645,14.2,2434.4074825745274,494.6568907125714,135.41974382636096,46.053961370045506,321.72037412872635,10.959665600690565,4.9214250333113645,0.0,0.0,0.0,0.0,0.0,0.0,0.0,0.0,0.0,0.0,0.0,0.0,0.0,0.0,0,NORMAL,0.0,2026-01-01T00:02:00+00:00,False
2026-01-01T00:04:35Z,ENG-DATASET-000,MSN-NORMAL-000,DESCENT,2200.0,10.0,0.35544522474211765,0.39455477525788235,2414.411520390133,491.2148264436391,135.15814010481583,46.057942859866955,320.72057601950667,10.862680011582444,4.653664913438113,14.2,2414.411520390133,491.2148264436391,135.15814010481583,46.057942859866955,320.72057601950667,10.862680011582444,4.653664913438113,0.0,0.0,0.0,0.0,0.0,0.0,0.0,0.0,0.0,0.0,0.0,0.0,0.0,0.0,0,NORMAL,0.0,2026-01-01T00:02:00+00:00,False
2026-01-01T00:04:36Z,ENG-DATASET-000,MSN-NORMAL-000,DESCENT,2200.0,10.0,0.3517246243431477,0.3982753756568523,2393.9482181957974,487.6974088498937,134.8347613155816,46.05414090895011,319.6974109097899,10.763556284323855,4.037322255433449,14.2,2393.9482181957974,487.6974088498937,134.8347613155816,46.05414090895011,319.6974109097899,10.763556284323855,4.037322255433449,0.0,0.0,0.0,0.0,0.0,0.0,0.0,0.0,0.0,0.0,0.0,0.0,0.0,0.0,0,NORMAL,0.0,2026-01-01T00:02:00+00:00,False
2026-01-01T00:04:37Z,ENG-DATASET-000,MSN-NORMAL-000,DESCENT,2200.0,10.0,0.34797711175811846,0.40202288824188154,2373.336898978137,484.1597470809547,134.4552788610473,46.04281170700226,318.6668449489068,10.663846790985351,3.9224639471272784,14.2,2373.336898978137,484.1597470809547,134.4552788610473,46.04281170700226,318.6668449489068,10.663846790985351,3.9224639471272784,0.0,0.0,0.0,0.0,0.0,0.0,0.0,0.0,0.0,0.0,0.0,0.0,0.0,0.0,0,NORMAL,0.0,2026-01-01T00:02:00+00:00,False
2026-01-01T00:04:38Z,ENG-DATASET-000,MSN-NORMAL-000,DESCENT,2200.0,10.0,0.34426116566753134,0.40573883433246866,2352.899195479908,480.65702536404524,134.02617660904372,46.024321029504065,317.6449597739954,10.565106965000671,4.440454117190739,14.2,2352.899195479908,480.65702536404524,134.02617660904372,46.024321029504065,317.6449597739954,10.565106965000671,4.440454117190739,0.0,0.0,0.0,0.0,0.0,0.0,0.0,0.0,0.0,0.0,0.0,0.0,0.0,0.0,0,NORMAL,0.0,2026-01-01T00:02:00+00:00,False
2026-01-01T00:04:39Z,ENG-DATASET-000,MSN-NORMAL-000,LANDING,500.0,10.0,0.24063477216729953,0.5593652278327005,1761.012526371845,386.635790711367,131.2894537159235,46.01582409126606,288.05062631859226,9.506825962362528,4.2583576199201785,14.2,1761.012526371845,386.635790711367,131.2894537159235,46.01582409126606,288.05062631859226,9.506825962362528,4.2583576199201785,0.0,0.0,0.0,0.0,0.0,0.0,0.0,0.0,0.0,0.0,0.0,0.0,0.0,0.0,0,NORMAL,0.0,2026-01-01T00:02:00+00:00,False
2026-01-01T00:04:40Z,ENG-DATASET-000,MSN-NORMAL-000,LANDING,500.0,10.0,0.23715451991511546,0.5628454800848846,1741.8711389848327,383.4983388603553,128.74796681584004,45.99938071567143,287.09355694924164,9.397851447476564,3.921459033669258,14.2,1741.8711389848327,383.4983388603553,128.74796681584004,45.99938071567143,287.09355694924164,9.397851447476564,3.921459033669258,0.0,0.0,0.0,0.0,0.0,0.0,0.0,0.0,0.0,0.0,0.0,0.0,0.0,0.0,0,NORMAL,0.0,2026-01-01T00:02:00+00:00,False
2026-01-01T00:04:41Z,ENG-DATASET-000,MSN-NORMAL-000,LANDING,500.0,10.0,0.233874717083374,0.566125282916626,1723.8322234102545,380.54545500252215,126.38680650931909,45.975786020739285,286.1916111705127,9.29527302514722,3.3236889675667114,14.2,1723.8322234102545,380.54545500252215,126.38680650931909,45.975786020739285,286.1916111705127,9.29527302514722,3.3236889675667114,0.0,0.0,0.0,0.0,0.0,0.0,0.0,0.0,0.0,0.0,0.0,0.0,0.0,0.0,0,NORMAL,0.0,2026-01-01T00:02:00+00:00,False
2026-01-01T00:04:42Z,ENG-DATASET-000,MSN-NORMAL-000,LANDING,500.0,10.0,0.230846543898306,0.569153456101694,1707.1772708923802,377.8224413948616,124.19368689325871,45.94592517744951,285.358863544619,9.20066735960223,3.2924098186137685,14.2,1707.1772708923802,377.8224413948616,124.19368689325871,45.94592517744951,285.358863544619,9.20066735960223,3.2924098186137685,0.0,0.0,0.0,0.0,0.0,0.0,0.0,0.0,0.0,0.0,0.0,0.0,0.0,0.0,0,NORMAL,0.0,2026-01-01T00:02:00+00:00,False
2026-01-01T00:04:43Z,ENG-DATASET-000,MSN-NORMAL-000,LANDING,500.0,10.0,0.2281172539896657,0.5718827460103344,1692.1661763948591,375.3709202332286,122.15859120976356,45.91076045858504,284.60830881974294,9.115483823543489,3.8456148593815556,14.2,1692.1661763948591,375.3709202332286,122.15859120976356,45.91076045858504,284.60830881974294,9.115483823543489,3.8456148593815556,0.0,0.0,0.0,0.0,0.0,0.0,0.0,0.0,0.0,0.0,0.0,0.0,0.0,0.0,0,NORMAL,0.0,2026-01-01T00:02:00+00:00,False
2026-01-01T00:04:44Z,ENG-DATASET-000,MSN-NORMAL-000,LANDING,500.0,10.0,0.22572943701364281,0.5742705629863573,1679.0331830267328,373.2282379815514,120.27343803832599,45.8713170499608,283.9516591513366,9.041023547533005,4.166568225827701,14.2,1679.0331830267328,373.2282379815514,120.27343803832599,45.8713170499608,283.9516591513366,9.041023547533005,4.166568225827701,0.0,0.0,0.0,0.0,0.0,0.0,0.0,0.0,0.0,0.0,0.0,0.0,0.0,0.0,0,NORMAL,0.0,2026-01-01T00:02:00+00:00,False
2026-01-01T00:04:45Z,ENG-DATASET-000,MSN-NORMAL-000,LANDING,500.0,10.0,0.2237203540555221,0.576279645944478,1667.9832267570694,371.4269386282082,118.5317677001986,45.82866784682887,283.39916133785346,8.978420850930988,3.774299688632258,14.2,1667.9832267570694,371.4269386282082,118.5317677001986,45.82866784682887,283.39916133785346,8.978420850930988,3.774299688632258,0.0,0.0,0.0,0.0,0.0,0.0,0.0,0.0,0.0,0.0,0.0,0.0,0.0,0.0,0,NORMAL,0.0,2026-01-01T00:02:00+00:00,False
2026-01-01T00:04:46Z,ENG-DATASET-000,MSN-NORMAL-000,LANDING,500.0,10.0,0.22212135618290982,0.5778786438170902,1659.1887384577014,369.99431066972977,116.92844869692199,45.78391747403028,282.95943692288506,8.928627238295423,3.2130089890669637,14.2,1659.1887384577014,369.99431066972977,116.92844869692199,45.78391747403028,282.95943692288506,8.928627238295423,3.2130089890669637,0.0,0.0,0.0,0.0,0.0,0.0,0.0,0.0,0.0,0.0,0.0,0.0,0.0,0.0,0,NORMAL,0.0,2026-01-01T00:02:00+00:00,False
2026-01-01T00:04:47Z,ENG-DATASET-000,MSN-NORMAL-000,LANDING,500.0,10.0,0.22095739522280947,0.5790426047771906,1652.7869531771496,368.95201156946985,115.45940411646654,45.73818578052435,282.6393476588575,8.892398108152133,3.2726817991244808,14.2,1652.7869531771496,368.95201156946985,115.45940411646654,45.73818578052435,282.6393476588575,8.892398108152133,3.2726817991244808,0.0,0.0,0.0,0.0,0.0,0.0,0.0,0.0,0.0,0.0,0.0,0.0,0.0,0.0,0,NORMAL,0.0,2026-01-01T00:02:00+00:00,False
2026-01-01T00:04:48Z,ENG-DATASET-000,MSN-NORMAL-000,LANDING,500.0,10.0,0.22024663439670653,0.5797533656032935,1648.8777686335839,368.3157725223936,114.12135801787973,45.69259106707745,282.44388843167917,8.870282287772714,3.857517492621798,14.2,1648.8777686335839,368.3157725223936,114.12135801787973,45.69259106707745,282.44388843167917,8.870282287772714,3.857517492621798,0.0,0.0,0.0,0.0,0.0,0.0,0.0,0.0,0.0,0.0,0.0,0.0,0.0,0.0,0,NORMAL,0.0,2026-01-01T00:02:00+00:00,False
2026-01-01T00:04:49Z,ENG-DATASET-000,MSN-NORMAL-000,LANDING,500.0,10.0,0.22000016488957225,0.5799998351104277,1647.522186344345,368.0951855714788,112.91160185537872,45.64823331000859,282.37610931721724,8.862614477970661,4.1233412336686905,14.2,1647.522186344345,368.0951855714788,112.91160185537872,45.64823331000859,282.37610931721724,8.862614477970661,4.1233412336686905,0.0,0.0,0.0,0.0,0.0,0.0,0.0,0.0,0.0,0.0,0.0,0.0,0.0,0.0,0,NORMAL,0.0,2026-01-01T00:02:00+00:00,False
2026-01-01T00:04:50Z,ENG-DATASET-000,MSN-NORMAL-000,LANDING,500.0,10.0,0.22022183277563162,0.5797781672243685,1648.7413597176715,368.2935744500003,111.82778103109085,45.60617764390358,282.4370679858836,8.869510665518565,3.6871309219508928,14.2,1648.7413597176715,368.2935744500003,111.82778103109085,45.60617764390358,282.4370679858836,8.869510665518565,3.6871309219508928,0.0,0.0,0.0,0.0,0.0,0.0,0.0,0.0,0.0,0.0,0.0,0.0,0.0,0.0,0,NORMAL,0.0,2026-01-01T00:02:00+00:00,False
2026-01-01T00:04:51Z,ENG-DATASET-000,MSN-NORMAL-000,LANDING,500.0,10.0,0.2209081790016614,0.5790918209983387,1652.5162639608352,368.9079499417036,110.86770167652435,45.56743836212379,282.6258131980418,8.890866536900385,3.1757976847475824,14.2,1652.5162639608352,368.9079499417036,110.86770167652435,45.56743836212379,282.6258131980418,8.890866536900385,3.1757976847475824,0.0,0.0,0.0,0.0,0.0,0.0,0.0,0.0,0.0,0.0,0.0,0.0,0.0,0.0,0,NORMAL,0.0,2026-01-01T00:02:00+00:00,False
2026-01-01T00:04:52Z,ENG-DATASET-000,MSN-NORMAL-000,LANDING,500.0,10.0,0.22204849336435883,0.5779515066356412,1658.7879929556711,369.9290500251887,110.02915775950163,45.53296368581209,282.93939964778355,8.92635890483226,3.327994947509205,14.2,1658.7879929556711,369.9290500251887,110.02915775950163,45.53296368581209,282.93939964778355,8.92635890483226,3.327994947509205,0.0,0.0,0.0,0.0,0.0,0.0,0.0,0.0,0.0,0.0,0.0,0.0,0.0,0.0,0,NORMAL,0.0,2026-01-01T00:02:00+00:00,False
2026-01-01T00:04:53Z,ENG-DATASET-000,MSN-NORMAL-000,LANDING,500.0,10.0,0.22362498163948205,0.576375018360518,1667.4586784688488,371.3414645631746,109.30977859763084,45.50362154006506,283.3729339234425,8.975450137274912,3.935772815894714,14.2,1667.4586784688488,371.3414645631746,109.30977859763084,45.50362154006506,283.3729339234425,8.975450137274912,3.935772815894714,0.0,0.0,0.0,0.0,0.0,0.0,0.0,0.0,0.0,0.0,0.0,0.0,0.0,0.0,0,NORMAL,0.0,2026-01-01T00:02:00+00:00,False
2026-01-01T00:04:54Z,ENG-DATASET-000,MSN-NORMAL-000,LANDING,500.0,10.0,0.22561304325476791,0.5743869567452321,1678.3930173529213,373.1238437736424,108.70689683220881,45.48018656018431,283.91965086764606,9.037395556437266,4.142345223471834,14.2,1678.3930173529213,373.1238437736424,108.70689683220881,45.48018656018431,283.91965086764606,9.037395556437266,4.142345223471834,0.0,0.0,0.0,0.0,0.0,0.0,0.0,0.0,0.0,0.0,0.0,0.0,0.0,0.0,0,NORMAL,0.0,2026-01-01T00:02:00+00:00,False
2026-01-01T00:04:55Z,ENG-DATASET-000,MSN-NORMAL-000,LANDING,500.0,10.0,0.22798165517363428,0.5720183448263658,1691.4203829066862,375.24918914143984,108.21743687752392,45.46332853168656,284.57101914533433,9.11125375149152,3.6693685686953676,14.2,1691.4203829066862,375.24918914143984,108.21743687752392,45.46332853168656,284.57101914533433,9.11125375149152,3.6693685686953676,0.0,0.0,0.0,0.0,0.0,0.0,0.0,0.0,0.0,0.0,0.0,0.0,0.0,0.0,0,NORMAL,0.0,2026-01-01T00:02:00+00:00,False
2026-01-01T00:04:56Z,ENG-DATASET-000,MSN-NORMAL-000,LANDING,500.0,10.0,0.23069385599929002,0.56930614400071,1706.3374874477927,377.68522476315536,107.83782380885042,45.453602445342185,285.31687437238963,9.195899722466221,3.215443047822428,14.2,1706.3374874477927,377.68522476315536,107.83782380885042,45.453602445342185,285.31687437238963,9.195899722466221,3.215443047822428,0.0,0.0,0.0,0.0,0.0,0.0,0.0,0.0,0.0,0.0,0.0,0.0,0.0,0.0,0,NORMAL,0.0,2026-01-01T00:02:00+00:00,False
2026-01-01T00:04:57Z,ENG-DATASET-000,MSN-NORMAL-000,LANDING,500.0,10.0,0.23370732274496983,0.5662926772550302,1722.911554549032,380.39484633896643,107.56391258643953,45.45144032327463,286.1455777274516,9.290040743340516,3.454917823505347,14.2,1722.911554549032,380.39484633896643,107.56391258643953,45.45144032327463,286.1455777274516,9.290040743340516,3.454917823505347,0.0,0.0,0.0,0.0,0.0,0.0,0.0,0.0,0.0,0.0,0.0,0.0,0.0,0.0,0,NORMAL,0.0,2026-01-01T00:02:00+00:00,False
2026-01-01T00:04:58Z,ENG-DATASET-000,MSN-NORMAL-000,LANDING,500.0,10.0,0.2369750312699874,0.5630249687300126,1740.8839514366286,383.3366441158669,107.39093743069225,45.457144944482685,287.04419757183143,9.392234799290266,4.071392572250807,14.2,1740.8839514366286,383.3366441158669,107.39093743069225,45.457144944482685,287.04419757183143,9.392234799290266,4.071392572250807,0.0,0.0,0.0,0.0,0.0,0.0,0.0,0.0,0.0,0.0,0.0,0.0,0.0,0.0,0,NORMAL,0.0,2026-01-01T00:02:00+00:00,False
2026-01-01T00:04:59Z,ENG-DATASET-000,MSN-NORMAL-000,LANDING,500.0,10.0,0.24044599007572326,0.5595540099242767,1759.9742248681755,386.4654950412971,107.31348106365544,45.47088556847512,287.99871124340876,9.500911416229949,4.210600038517504,14.2,1759.9742248681755,386.4654950412971,107.31348106365544,45.47088556847512,287.99871124340876,9.500911416229949,4.210600038517504,0.0,0.0,0.0,0.0,0.0,0.0,0.0,0.0,0.0,0.0,0.0,0.0,0.0,0.0,0,NORMAL,0.0,2026-01-01T00:02:00+00:00,False
2026-01-01T00:05:00Z,ENG-DATASET-000,MSN-NORMAL-000,TAKEOFF,500.0,10.0,0.8940660360109062,0.7559339639890938,5229.884477511681,1104.6417635561982,125.19817704619486,47.616505248305906,461.49422387558405,30.80108938761872,9.278842296370218,14.2,5229.884477511681,1104.6417635561982,125.19817704619486,47.616505248305906,461.49422387558405,30.80108938761872,9.278842296370218,0.0,0.0,0.0,0.0,0.0,0.0,0.0,0.0,0.0,0.0,0.0,0.0,0.0,0.0,0,NORMAL,0.0,2026-01-01T00:02:00+00:00,False
2026-01-01T00:00:01Z,ENG-DATASET-001,MSN-NORMAL-001,TAKEOFF,4000.0,23.0,0.9037402420015569,0.7462597579984431,5176.19353566915,913.5725473876976,54.83931368469244,30.444802805571605,458.8096767834575,19.185658285074343,9.376516841614404,14.2,5176.19353566915,913.5725473876976,54.83931368469244,30.444802805571605,458.8096767834575,19.185658285074343,9.376516841614404,0.0,0.0,0.0,0.0,0.0,0.0,0.0,0.0,0.0,0.0,0.0,0.0,0.0,0.0,1,NORMAL,0.0,2026-01-01T00:02:00+00:00,False
2026-01-01T00:00:02Z,ENG-DATASET-001,MSN-NORMAL-001,TAKEOFF,4000.0,23.0,0.9074221187776357,0.7425778812223643,5196.443857937584,916.8180136069178,74.57583265639614,32.798388278877624,459.8221928968792,19.27409027791807,8.848259694613242,14.2,5196.443857937584,916.8180136069178,74.57583265639614,32.798388278877624,459.8221928968792,19.27409027791807,8.848259694613242,0.0,0.0,0.0,0.0,0.0,0.0,0.0,0.0,0.0,0.0,0.0,0.0,0.0,0.0,1,NORMAL,0.0,2026-01-01T00:02:00+00:00,False
2026-01-01T00:00:03Z,ENG-DATASET-001,MSN-NORMAL-001,TAKEOFF,4000.0,23.0,0.9109881758725814,0.7390118241274186,5216.057171959785,919.9662241927343,92.41740499557488,35.06419829234952,460.80285859798926,19.359857643864302,8.937566826325712,14.2,5216.057171959785,919.9662241927343,92.41740499557488,35.06419829234952,460.80285859798926,19.359857643864302,8.937566826325712,0.0,0.0,0.0,0.0,0.0,0.0,0.0,0.0,0.0,0.0,0.0,0.0,0.0,0.0,1,NORMAL,0.0,2026-01-01T00:02:00+00:00,False
2026-01-01T00:00:04Z,ENG-DATASET-001,MSN-NORMAL-001,TAKEOFF,4000.0,23.0,0.9143827661581261,0.7356172338418739,5234.72741853028,922.9674891924964,108.54985172582981,37.24543767364959,461.73637092651404,19.441608368941143,9.548073560417055,14.2,5234.72741853028,922.9674891924964,108.54985172582981,37.24543767364959,461.73637092651404,19.441608368941143,9.548073560417055,0.0,0.0,0.0,0.0,0.0,0.0,0.0,0.0,0.0,0.0,0.0,0.0,0.0,0.0,1,NORMAL,0.0,2026-01-01T00:02:00+00:00,False
2026-01-01T00:00:05Z,ENG-DATASET-001,MSN-NORMAL-001,TAKEOFF,4000.0,23.0,0.9175529181882139,0.7324470818117861,5252.1632546957635,925.7742303836657,123.13922231283847,39.34508846546567,462.6081627347882,19.51804872539654,9.835186623361407,14.2,5252.1632546957635,925.7742303836657,123.13922231283847,39.34508846546567,462.6081627347882,19.51804872539654,9.835186623361407,0.0,0.0,0.0,0.0,0.0,0.0,0.0,0.0,0.0,0.0,0.0,0.0,0.0,0.0,1,NORMAL,0.0,2026-01-01T00:02:00+00:00,False
2026-01-01T00:00:06Z,ENG-DATASET-001,MSN-NORMAL-001,TAKEOFF,4000.0,23.0,0.9204491628007,0.7295508371993,5268.092600064437,928.3417697771247,136.33384432598274,41.36592509098855,463.4046300032218,19.587964575707407,9.415643192038608,14.2,5268.092600064437,928.3417697771247,136.33384432598274,41.36592509098855,463.4046300032218,19.587964575707407,9.415643192038608,0.0,0.0,0.0,0.0,0.0,0.0,0.0,0.0,0.0,0.0,0.0,0.0,0.0,0.0,1,NORMAL,0.0,2026-01-01T00:02:00+00:00,False
2026-01-01T00:00:07Z,ENG-DATASET-001,MSN-NORMAL-001,TAKEOFF,4000.0,23.0,0.9230263050670808,0.7269736949329192,5282.266882529531,930.6290815862345,148.26618693304033,43.3105302912519,464.1133441264766,19.65024164592087,8.916164066740482,14.2,5282.266882529531,930.6290815862345,148.26618693304033,43.3105302912519,464.1133441264766,19.65024164592087,8.916164066740482,0.0,0.0,0.0,0.0,0.0,0.0,0.0,0.0,0.0,0.0,0.0,0.0,0.0,0.0,1,NORMAL,0.0,2026-01-01T00:02:00+00:00,False
2026-01-01T00:00:08Z,ENG-DATASET-001,MSN-NORMAL-001,TAKEOFF,4000.0,23.0,0.925244129544237,0.7247558704557631,5294.46491715389,932.5994925103455,159.05455555249495,45.181311684356785,464.7232458576945,19.70388436919117,9.075165776728747,14.2,5294.46491715389,932.5994925103455,159.05455555249495,45.181311684356785,464.7232458576945,19.70388436919117,9.075165776728747,0.0,0.0,0.0,0.0,0.0,0.0,0.0,0.0,0.0,0.0,0.0,0.0,0.0,0.0,1,NORMAL,0.0,2026-01-01T00:02:00+00:00,False
2026-01-01T00:00:09Z,ENG-DATASET-001,MSN-NORMAL-001,TAKEOFF,4000.0,23.0,0.9270680278229729,0.7229319721770271,5304.496357686938,934.2213156154222,168.80463288763102,46.9805187829495,465.2248178843469,19.74803291366156,9.684493038802128,14.2,5304.496357686938,934.2213156154222,168.80463288763102,46.9805187829495,465.2248178843469,19.74803291366156,9.684493038802128,0.0,0.0,0.0,0.0,0.0,0.0,0.0,0.0,0.0,0.0,0.0,0.0,0.0,0.0,1,NORMAL,0.0,2026-01-01T00:02:00+00:00,False
2026-01-01T00:00:10Z,ENG-DATASET-001,MSN-NORMAL-001,TAKEOFF,4000.0,23.0,0.9284695385806676,0.7215304614193324,5312.204666854259,935.4684040009291,177.61087969889115,48.71026029538011,465.61023334271295,19.781978034031074,9.88733124252819,14.2,5312.204666854259,935.4684040009291,177.61087969889115,48.71026029538011,465.61023334271295,19.781978034031074,9.88733124252819,0.0,0.0,0.0,0.0,0.0,0.0,0.0,0.0,0.0,0.0,0.0,0.0,0.0,0.0,1,NORMAL,0.0,2026-01-01T00:02:00+00:00,False
2026-01-01T00:00:11Z,ENG-DATASET-001,MSN-NORMAL-001,TAKEOFF,4000.0,23.0,0.9294267917106946,0.7205732082893054,5317.469559069408,936.320611820239,185.557807024508,50.372521527902826,465.8734779534704,19.805173423168974,9.405491788032343,14.2,5317.469559069408,936.320611820239,185.557807024508,50.372521527902826,465.8734779534704,19.805173423168974,9.405491788032343,0.0,0.0,0.0,0.0,0.0,0.0,0.0,0.0,0.0,0.0,0.0,0.0,0.0,0.0,1,NORMAL,0.0,2026-01-01T00:02:00+00:00,False
2026-01-01T00:00:12Z,ENG-DATASET-001,MSN-NORMAL-001,TAKEOFF,4000.0,23.0,0.9299248495981216,0.7200751504018784,5320.208877450255,936.7641520455372,192.72113012319565,51.969181700209326,466.0104438725128,19.81724528830743,8.937772416492576,14.2,5320.208877450255,936.7641520455372,192.72113012319565,51.969181700209326,466.0104438725128,19.81724528830743,8.937772416492576,0.0,0.0,0.0,0.0,0.0,0.0,0.0,0.0,0.0,0.0,0.0,0.0,0.0,0.0,1,NORMAL,0.0,2026-01-01T00:02:00+00:00,False
2026-01-01T00:00:13Z,ENG-DATASET-001,MSN-NORMAL-001,TAKEOFF,4000.0,23.0,0.929955940216195,0.720044059783805,5320.37987584966,936.7918425866942,199.16881317554345,53.50203098458441,466.018993792483,19.8179989343623,9.158674418824706,14.2,5320.37987584966,936.7918425866942,199.16881317554345,53.50203098458441,466.018993792483,19.8179989343623,9.158674418824706,0.0,0.0,0.0,0.0,0.0,0.0,0.0,0.0,0.0,0.0,0.0,0.0,0.0,0.0,1,NORMAL,0.0,2026-01-01T00:02:00+00:00,False
2026-01-01T00:00:14Z,ENG-DATASET-001,MSN-NORMAL-001,TAKEOFF,4000.0,23.0,0.9295195784062181,0.7204804215937819,5317.979885894787,936.403234913163,204.96201273081817,54.972787080066674,465.89899429473934,19.807422202951717,9.751992239949626,14.2,5317.979885894787,936.403234913163,204.96201273081817,54.972787080066674,465.89899429473934,19.807422202951717,9.751992239949626,0.0,0.0,0.0,0.0,0.0,0.0,0.0,0.0,0.0,0.0,0.0,0.0,0.0,0.0,1,NORMAL,0.0,2026-01-01T00:02:00+00:00,False
2026-01-01T00:00:15Z,ENG-DATASET-001,MSN-NORMAL-001,TAKEOFF,4000.0,23.0,0.9286225734482908,0.7213774265517092,5313.046358626187,935.6046220959128,210.15592701013418,56.38311113716192,465.65231793130937,19.785685687384323,9.863829174430943,14.2,5313.046358626187,935.6046220959128,210.15592701013418,56.38311113716192,465.65231793130937,19.785685687384323,9.863829174430943,0.0,0.0,0.0,0.0,0.0,0.0,0.0,0.0,0.0,0.0,0.0,0.0,0.0,0.0,1,NORMAL,0.0,2026-01-01T00:02:00+00:00,False
2026-01-01T00:00:16Z,ENG-DATASET-001,MSN-NORMAL-001,TAKEOFF,4000.0,23.0,0.9272789228047704,0.7227210771952296,5305.656280086825,934.4089260760547,214.80055746102212,57.73462285582421,465.2828140043413,19.753139718618687,9.326014673806833,14.2,5305.656280086825,934.4089260760547,214.80055746102212,57.73462285582421,465.2828140043413,19.753139718618687,9.326014673806833,0.0,0.0,0.0,0.0,0.0,0.0,0.0,0.0,0.0,0.0,0.0,0.0,0.0,0.0,1,NORMAL,0.0,2026-01-01T00:02:00+00:00,False
2026-01-01T00:00:17Z,ENG-DATASET-001,MSN-NORMAL-001,TAKEOFF,4000.0,23.0,0.9255095936945535,0.7244904063054465,5295.924969980631,932.8354668641584,218.94138838652387,59.02891458947177,464.7962484990316,19.710308192116262,8.89716216413342,14.2,5295.924969980631,932.8354668641584,218.94138838652387,59.02891458947177,464.7962484990316,19.710308192116262,8.89716216413342,0.0,0.0,0.0,0.0,0.0,0.0,0.0,0.0,0.0,0.0,0.0,0.0,0.0,0.0,1,NORMAL,0.0,2026-01-01T00:02:00+00:00,False
2026-01-01T00:00:18Z,ENG-DATASET-001,MSN-NORMAL-001,TAKEOFF,4000.0,23.0,0.9233421959066377,0.7266578040933623,5284.004282147094,930.9096191647211,222.6199900269895,60.267564300580716,464.2002141073547,19.657879377772563,9.17600777881795,14.2,5284.004282147094,930.9096191647211,222.6199900269895,60.267564300580716,464.2002141073547,19.657879377772563,9.17600777881795,0.0,0.0,0.0,0.0,0.0,0.0,0.0,0.0,0.0,0.0,0.0,0.0,0.0,0.0,1,NORMAL,0.0,2026-01-01T00:02:00+00:00,False
2026-01-01T00:00:19Z,ENG-DATASET-001,MSN-NORMAL-001,TAKEOFF,4000.0,23.0,0.9208105509585982,0.7291894490414018,5270.080234932878,928.662364495844,225.87455013668665,61.45214722869524,463.5040117466439,19.59669392202737,9.743860223479869,14.2,5270.080234932878,928.662364495844,225.87455013668665,61.45214722869524,463.5040117466439,19.59669392202737,9.743860223479869,0.0,0.0,0.0,0.0,0.0,0.0,0.0,0.0,0.0,0.0,0.0,0.0,0.0,0.0,1,NORMAL,0.0,2026-01-01T00:02:00+00:00,False
2026-01-01T00:00:20Z,ENG-DATASET-001,MSN-NORMAL-001,TAKEOFF,4000.0,23.0,0.9179541643231187,0.7320458356768813,5254.37010843774,926.1297491400043,228.7403388515181,62.58424614926468,462.718505421887,19.52773031045415,9.764749136330707,14.2,5254.37010843774,926.1297491400043,228.7403388515181,62.58424614926468,462.718505421887,19.52773031045415,9.764749136330707,0.0,0.0,0.0,0.0,0.0,0.0,0.0,0.0,0.0,0.0,0.0,0.0,0.0,0.0,1,NORMAL,0.0,2026-01-01T00:02:00+00:00,False
2026-01-01T00:00:21Z,ENG-DATASET-001,MSN-NORMAL-001,TAKEOFF,4000.0,23.0,0.9148176089583027,0.7351823910416974,5237.119053931252,923.3522601413713,231.25011146990056,63.665460121288454,461.8559526965626,19.452088108691488,9.183449340000237,14.2,5237.119053931252,923.3522601413713,231.25011146990056,63.665460121288454,461.8559526965626,19.452088108691488,9.183449340000237,0.0,0.0,0.0,0.0,0.0,0.0,0.0,0.0,0.0,0.0,0.0,0.0,0.0,0.0,1,NORMAL,0.0,2026-01-01T00:02:00+00:00,False
2026-01-01T00:00:22Z,ENG-DATASET-001,MSN-NORMAL-001,TAKEOFF,4000.0,23.0,0.91144982976157,0.7385501702384301,5218.596268349222,920.3741330044134,233.43445364802085,64.69741164300854,460.9298134174611,19.370969338134355,8.804995376295334,14.2,5218.596268349222,920.3741330044134,233.43445364802085,64.69741164300854,460.9298134174611,19.370969338134355,8.804995376295334,0.0,0.0,0.0,0.0,0.0,0.0,0.0,0.0,0.0,0.0,0.0,0.0,0.0,0.0,1,NORMAL,0.0,2026-01-01T00:02:00+00:00,False
2026-01-01T00:00:23Z,ENG-DATASET-001,MSN-NORMAL-001,TAKEOFF,4000.0,23.0,0.9079033798009026,0.7420966201990974,5199.090793565551,917.2426057182541,235.3220734261751,65.68175215750149,459.95453967827757,19.285658369582208,9.141761627546815,14.2,5199.090793565551,917.2426057182541,235.3220734261751,65.68175215750149,459.95453967827757,19.285658369582208,9.141761627546815,0.0,0.0,0.0,0.0,0.0,0.0,0.0,0.0,0.0,0.0,0.0,0.0,0.0,0.0,1,NORMAL,0.0,2026-01-01T00:02:00+00:00,False
2026-01-01T00:00:24Z,ENG-DATASET-001,MSN-NORMAL-001,TAKEOFF,4000.0,23.0,0.904233600241796,0.745766399758204,5178.907005990465,914.0071342270725,236.9400444392344,66.62016587363061,458.9453502995233,19.197500732889292,9.679861472499216,14.2,5178.907005990465,914.0071342270725,236.9400444392344,66.62016587363061,458.9453502995233,19.197500732889292,9.679861472499216,0.0,0.0,0.0,0.0,0.0,0.0,0.0,0.0,0.0,0.0,0.0,0.0,0.0,0.0,1,NORMAL,0.0,2026-01-01T00:02:00+00:00,False
2026-01-01T00:00:25Z,ENG-DATASET-001,MSN-NORMAL-001,TAKEOFF,4000.0,23.0,0.9004977567668805,0.7495022432331195,5158.35986687843,910.7185845083613,238.31400460802,67.51437189205221,457.9179933439215,19.107881244009647,9.615870264432385,14.2,5158.35986687843,910.7185845083613,238.31400460802,67.51437189205221,457.9179933439215,19.107881244009647,9.615870264432385,0.0,0.0,0.0,0.0,0.0,0.0,0.0,0.0,0.0,0.0,0.0,0.0,0.0,0.0,1,NORMAL,0.0,2026-01-01T00:02:00+00:00,False
2026-01-01T00:00:26Z,ENG-DATASET-001,MSN-NORMAL-001,TAKEOFF,4000.0,23.0,0.8967541459640967,0.7532458540359033,5137.770007463119,907.4284160484137,239.46831454842837,68.36612465044627,456.888500373156,19.0182018436159,9.008379426914876,14.2,5137.770007463119,907.4284160484137,239.46831454842837,68.36612465044627,456.888500373156,19.0182018436159,9.008379426914876,0.0,0.0,0.0,0.0,0.0,0.0,0.0,0.0,0.0,0.0,0.0,0.0,0.0,0.0,1,NORMAL,0.0,2026-01-01T00:02:00+00:00,False
2026-01-01T00:00:27Z,ENG-DATASET-001,MSN-NORMAL-001,TAKEOFF,4000.0,23.0,0.8930611856279393,0.7569388143720607,5117.458725614253,904.1878707752203,240.42617986296602,69.1772127264757,455.8729362807127,18.929859525055562,8.694570264197308,14.2,5117.458725614253,904.1878707752203,240.42617986296602,69.1772127264757,455.8729362807127,18.929859525055562,8.694570264197308,0.0,0.0,0.0,0.0,0.0,0.0,0.0,0.0,0.0,0.0,0.0,0.0,0.0,0.0,1,NORMAL,0.0,2026-01-01T00:02:00+00:00,False
2026-01-01T00:00:28Z,ENG-DATASET-001,MSN-NORMAL-001,TAKEOFF,4000.0,23.0,0.8894765031693115,0.7605234968306887,5097.7429720918,901.047180492227,241.2097413889751,69.94945606078784,454.88714860459004,18.84422470544698,9.091322097998589,14.2,5097.7429720918,901.047180492227,241.2097413889751,69.94945606078784,454.88714860459004,18.84422470544698,9.091322097998589,0.0,0.0,0.0,0.0,0.0,0.0,0.0,0.0,0.0,0.0,0.0,0.0,0.0,0.0,1,NORMAL,0.0,2026-01-01T00:02:00+00:00,False
2026-01-01T00:00:29Z,ENG-DATASET-001,MSN-NORMAL-001,TAKEOFF,4000.0,23.0,0.8860560363590517,0.7639439636409483,5078.930404635372,898.0548046280023,241.84013736577765,70.6847016852806,453.9465202317686,18.762620364038227,9.598469811331354,14.2,5078.930404635372,898.0548046280023,241.84013736577765,70.6847016852806,453.9465202317686,18.762620364038227,9.598469811331354,0.0,0.0,0.0,0.0,0.0,0.0,0.0,0.0,0.0,0.0,0.0,0.0,0.0,0.0,1,NORMAL,0.0,2026-01-01T00:02:00+00:00,False
2026-01-01T00:00:30Z,ENG-DATASET-001,MSN-NORMAL-001,CLIMB,6000.0,23.0,0.7628531604377298,0.6671468395622704,4422.774840920797,633.457502053989,235.7925611805496,70.7694276029958,421.13874204603985,12.664034634257249,8.301331589501512,14.2,4422.774840920797,633.457502053989,235.7925611805496,70.7694276029958,421.13874204603985,12.664034634257249,8.301331589501512,0.0,0.0,0.0,0.0,0.0,0.0,0.0,0.0,0.0,0.0,0.0,0.0,0.0,0.0,1,NORMAL,0.0,2026-01-01T00:02:00+00:00,False
2026-01-01T00:00:31Z,ENG-DATASET-001,MSN-NORMAL-001,CLIMB,6000.0,23.0,0.7599178552128679,0.6700821447871321,4406.630662184058,631.5893363736828,230.30303847183671,70.84617806958856,420.3315331092029,12.610956890675833,7.686772473917217,14.2,4406.630662184058,631.5893363736828,230.30303847183671,70.84617806958856,420.3315331092029,12.610956890675833,7.686772473917217,0.0,0.0,0.0,0.0,0.0,0.0,0.0,0.0,0.0,0.0,0.0,0.0,0.0,0.0,1,NORMAL,0.0,2026-01-01T00:02:00+00:00,False
2026-01-01T00:00:32Z,ENG-DATASET-001,MSN-NORMAL-001,CLIMB,6000.0,23.0,0.7572959251407622,0.6727040748592379,4392.210046787475,629.9226281904309,225.32080032941383,70.91576175177994,419.61050233937374,12.56359447567623,7.451449614109771,14.2,4392.210046787475,629.9226281904309,225.32080032941383,70.91576175177994,419.61050233937374,12.56359447567623,7.451449614109771,0.0,0.0,0.0,0.0,0.0,0.0,0.0,0.0,0.0,0.0,0.0,0.0,0.0,0.0,1,NORMAL,0.0,2026-01-01T00:02:00+00:00,False
2026-01-01T00:00:33Z,ENG-DATASET-001,MSN-NORMAL-001,CLIMB,6000.0,23.0,0.7550282845632604,0.6749717154367396,4379.738023611216,628.4826627047977,220.8007868640924,70.97901889828131,418.98690118056084,12.52266894396212,7.909282705204241,14.2,4379.738023611216,628.4826627047977,220.8007868640924,70.97901889828131,418.98690118056084,12.52266894396212,7.909282705204241,0.0,0.0,0.0,0.0,0.0,0.0,0.0,0.0,0.0,0.0,0.0,0.0,0.0,0.0,1,NORMAL,0.0,2026-01-01T00:02:00+00:00,False
2026-01-01T00:00:34Z,ENG-DATASET-001,MSN-NORMAL-001,CLIMB,6000.0,23.0,0.7531503192531426,0.6768496807468575,4369.409214405567,627.2912149139611,216.70298855053218,71.03681143812557,418.4704607202783,12.488802084103849,8.384261637793008,14.2,4369.409214405567,627.2912149139611,216.70298855053218,71.03681143812557,418.4704607202783,12.488802084103849,8.384261637793008,0.0,0.0,0.0,0.0,0.0,0.0,0.0,0.0,0.0,0.0,0.0,0.0,0.0,0.0,1,NORMAL,0.0,2026-01-01T00:02:00+00:00,False
2026-01-01T00:00:35Z,ENG-DATASET-001,MSN-NORMAL-001,CLIMB,6000.0,23.0,0.7516913342309711,0.6783086657690289,4361.384796783625,626.3662524743754,212.99184600733835,71.09001261227891,418.06923983918125,12.462507249025732,8.179263107635975,14.2,4361.384796783625,626.3662524743754,212.99184600733835,71.09001261227891,418.06923983918125,12.462507249025732,8.179263107635975,0.0,0.0,0.0,0.0,0.0,0.0,0.0,0.0,0.0,0.0,0.0,0.0,0.0,0.0,1,NORMAL,0.0,2026-01-01T00:02:00+00:00,False
2026-01-01T00:00:36Z,ENG-DATASET-001,MSN-NORMAL-001,CLIMB,6000.0,23.0,0.7506740964700471,0.6793259035299529,4355.789989098543,625.7216935408873,209.6357037451267,71.13949630546469,417.7894994549272,12.444182271138384,7.57506172969035,14.2,4355.789989098543,625.7216935408873,209.6357037451267,71.13949630546469,417.7894994549272,12.444182271138384,7.57506172969035,0.0,0.0,0.0,0.0,0.0,0.0,0.0,0.0,0.0,0.0,0.0,0.0,0.0,0.0,1,NORMAL,0.0,2026-01-01T00:02:00+00:00,False
2026-01-01T00:00:37Z,ENG-DATASET-001,MSN-NORMAL-001,CLIMB,6000.0,23.0,0.7501144796254057,0.6798855203745944,4352.712096453014,625.3672210686765,206.60631389733095,71.18612624960328,417.63560482265075,12.434104017138353,7.428272730103896,14.2,4352.712096453014,625.3672210686765,206.60631389733095,71.18612624960328,417.63560482265075,12.434104017138353,7.428272730103896,0.0,0.0,0.0,0.0,0.0,0.0,0.0,0.0,0.0,0.0,0.0,0.0,0.0,0.0,1,NORMAL,0.0,2026-01-01T00:02:00+00:00,False
2026-01-01T00:00:38Z,ENG-DATASET-001,MSN-NORMAL-001,CLIMB,6000.0,23.0,0.7500212163307387,0.6799787836692613,4352.199148332346,625.3081545954711,203.87838637248464,71.23074527207841,417.60995741661736,12.43242462189565,7.944240776317435,14.2,4352.199148332346,625.3081545954711,203.87838637248464,71.23074527207841,417.60995741661736,12.43242462189565,7.944240776317435,0.0,0.0,0.0,0.0,0.0,0.0,0.0,0.0,0.0,0.0,0.0,0.0,0.0,0.0,1,NORMAL,0.0,2026-01-01T00:02:00+00:00,False
2026-01-01T00:00:39Z,ENG-DATASET-001,MSN-NORMAL-001,CLIMB,6000.0,23.0,0.7503957619285668,0.6796042380714332,4354.259149120401,625.5453801430695,201.42918223881293,71.27416476115114,417.71295745602004,12.43916942720959,8.38292501872241,14.2,4354.259149120401,625.5453801430695,201.42918223881293,71.27416476115114,417.71295745602004,12.43916942720959,8.38292501872241,0.0,0.0,0.0,0.0,0.0,0.0,0.0,0.0,0.0,0.0,0.0,0.0,0.0,0.0,1,NORMAL,0.0,2026-01-01T00:02:00+00:00,False
2026-01-01T00:00:40Z,ENG-DATASET-001,MSN-NORMAL-001,CLIMB,6000.0,23.0,0.7512322717601059,0.6787677282398942,4358.859953193865,626.0753385652408,199.23814747906266,71.31715451727274,417.9429976596933,12.45423663902259,8.119150469936628,14.2,4358.859953193865,626.0753385652408,199.23814747906266,71.31715451727274,417.9429976596933,12.45423663902259,8.119150469936628,0.0,0.0,0.0,0.0,0.0,0.0,0.0,0.0,0.0,0.0,0.0,0.0,0.0,0.0,1,NORMAL,0.0,2026-01-01T00:02:00+00:00,False
2026-01-01T00:00:41Z,ENG-DATASET-001,MSN-NORMAL-001,CLIMB,6000.0,23.0,0.7525176923692127,0.6774823076307873,4365.9297665439535,626.8900723948319,197.2865845410272,71.3604331528512,418.2964883271977,12.47739870531602,7.5382292087814955,14.2,4365.9297665439535,626.8900723948319,197.2865845410272,71.3604331528512,418.2964883271977,12.47739870531602,7.5382292087814955,0.0,0.0,0.0,0.0,0.0,0.0,0.0,0.0,0.0,0.0,0.0,0.0,0.0,0.0,1,NORMAL,0.0,2026-01-01T00:02:00+00:00,False
2026-01-01T00:00:42Z,ENG-DATASET-001,MSN-NORMAL-001,CLIMB,6000.0,23.0,0.7542319651972023,0.6757680348027978,4375.358267097896,627.9773309750184,195.55735936129994,71.40465919430027,418.7679133548948,12.50830540568582,7.483817544906461,14.2,4375.358267097896,627.9773309750184,195.55735936129994,71.40465919430027,418.7679133548948,12.50830540568582,7.483817544906461,0.0,0.0,0.0,0.0,0.0,0.0,0.0,0.0,0.0,0.0,0.0,0.0,0.0,0.0,1,NORMAL,0.0,2026-01-01T00:02:00+00:00,False
2026-01-01T00:00:43Z,ENG-DATASET-001,MSN-NORMAL-001,CLIMB,6000.0,23.0,0.7563483395899472,0.6736516604100529,4386.998326257993,629.3207333663456,194.0346417593286,71.45042302908003,419.3499163128996,12.54648863181298,8.049052532133354,14.2,4386.998326257993,629.3207333663456,194.0346417593286,71.45042302908003,419.3499163128996,12.54648863181298,8.049052532133354,0.0,0.0,0.0,0.0,0.0,0.0,0.0,0.0,0.0,0.0,0.0,0.0,0.0,0.0,1,NORMAL,0.0,2026-01-01T00:02:00+00:00,False
2026-01-01T00:00:44Z,ENG-DATASET-001,MSN-NORMAL-001,CLIMB,6000.0,23.0,0.7588337902328882,0.6711662097671118,4400.668304794169,630.8999881724268,192.7036772877064,71.49823982709819,420.03341523970846,12.591368825049527,8.442879858937019,14.2,4400.668304794169,630.8999881724268,192.7036772877064,71.49823982709819,420.03341523970846,12.591368825049527,8.442879858937019,0.0,0.0,0.0,0.0,0.0,0.0,0.0,0.0,0.0,0.0,0.0,0.0,0.0,0.0,1,NORMAL,0.0,2026-01-01T00:02:00+00:00,False
2026-01-01T00:00:45Z,ENG-DATASET-001,MSN-NORMAL-001,CLIMB,6000.0,23.0,0.7616495325000231,0.668350467499977,4416.15488726341,632.6911689967933,191.5505887838556,71.54854355048803,420.8077443631705,12.642263022572575,8.123085586751438,14.2,4416.15488726341,632.6911689967933,191.5505887838556,71.54854355048803,420.8077443631705,12.642263022572575,8.123085586751438,0.0,0.0,0.0,0.0,0.0,0.0,0.0,0.0,0.0,0.0,0.0,0.0,0.0,0.0,1,NORMAL,0.0,2026-01-01T00:02:00+00:00,False
2026-01-01T00:00:46Z,ENG-DATASET-001,MSN-NORMAL-001,CLIMB,6000.0,23.0,0.7647516276750222,0.6652483723249778,4433.216410725906,634.6670437111185,190.562205998248,71.60168214865321,421.6608205362953,12.698394446593287,7.572769341951377,14.2,4433.216410725906,634.6670437111185,190.562205998248,71.60168214865321,421.6608205362953,12.698394446593287,7.572769341951377,0.0,0.0,0.0,0.0,0.0,0.0,0.0,0.0,0.0,0.0,0.0,0.0,0.0,0.0,1,NORMAL,0.0,2026-01-01T00:02:00+00:00,False
2026-01-01T00:00:47Z,ENG-DATASET-001,MSN-NORMAL-001,CLIMB,6000.0,23.0,0.7680916686002026,0.6619083313997974,4451.586635814398,636.7974550682611,189.72592177512973,71.65791401683738,422.5793317907199,12.758903551702604,7.607830102986433,14.2,4451.586635814398,636.7974550682611,189.72592177512973,71.65791401683738,422.5793317907199,12.758903551702604,7.607830102986433,0.0,0.0,0.0,0.0,0.0,0.0,0.0,0.0,0.0,0.0,0.0,0.0,0.0,0.0,1,NORMAL,0.0,2026-01-01T00:02:00+00:00,False
2026-01-01T00:00:48Z,ENG-DATASET-001,MSN-NORMAL-001,CLIMB,6000.0,23.0,0.7716175350540323,0.6583824649459677,4470.978901310461,639.0497494288759,189.02957333333865,71.7174057766283,423.54894506552307,12.822860423566365,8.207618890810426,14.2,4470.978901310461,639.0497494288759,189.02957333333865,71.7174057766283,423.54894506552307,12.822860423566365,8.207618890810426,0.0,0.0,0.0,0.0,0.0,0.0,0.0,0.0,0.0,0.0,0.0,0.0,0.0,0.0,1,NORMAL,0.0,2026-01-01T00:02:00+00:00,False
2026-01-01T00:00:49Z,ENG-DATASET-001,MSN-NORMAL-001,CLIMB,6000.0,23.0,0.7752742070697557,0.6547257929302444,4491.090597396939,641.3892494944482,188.461347237366,71.78023141605215,424.554529869847,12.889278398064954,8.544060445097694,14.2,4491.090597396939,641.3892494944482,188.461347237366,71.78023141605215,424.554529869847,12.889278398064954,8.544060445097694,0.0,0.0,0.0,0.0,0.0,0.0,0.0,0.0,0.0,0.0,0.0,0.0,0.0,0.0,1,NORMAL,0.0,2026-01-01T00:02:00+00:00,False
2026-01-01T00:00:50Z,ENG-DATASET-001,MSN-NORMAL-001,CLIMB,6000.0,23.0,0.7790046235035734,0.6509953764964267,4511.607887782937,643.7797659702183,188.00970666288487,71.84637280557688,425.5803943891468,12.957128744079732,8.16752917376726,14.2,4511.607887782937,643.7797659702183,188.00970666288487,71.84637280557688,425.5803943891468,12.957128744079732,8.16752917376726,0.0,0.0,0.0,0.0,0.0,0.0,0.0,0.0,0.0,0.0,0.0,0.0,0.0,0.0,1,NORMAL,0.0,2026-01-01T00:02:00+00:00,False
2026-01-01T00:00:51Z,ENG-DATASET-001,MSN-NORMAL-001,CLIMB,6000.0,23.0,0.7827505724547054,0.6472494275452947,4532.210607014162,646.1841420469038,187.66333954776897,71.91572158475675,426.61053035070813,13.025356226185114,7.650511407902353,14.2,4532.210607014162,646.1841420469038,187.66333954776897,71.91572158475675,426.61053035070813,13.025356226185114,7.650511407902353,0.0,0.0,0.0,0.0,0.0,0.0,0.0,0.0,0.0,0.0,0.0,0.0,0.0,0.0,1,NORMAL,0.0,2026-01-01T00:02:00+00:00,False
2026-01-01T00:00:52Z,ENG-DATASET-001,MSN-NORMAL-001,CLIMB,6000.0,23.0,0.7864535996426345,0.6435464003573655,4552.577256547773,648.5648235290136,187.4111261812174,71.98808239275058,427.6288628273886,13.092895336475372,7.766902622265199,14.2,4552.577256547773,648.5648235290136,187.4111261812174,71.98808239275058,427.6288628273886,13.092895336475372,7.766902622265199,0.0,0.0,0.0,0.0,0.0,0.0,0.0,0.0,0.0,0.0,0.0,0.0,0.0,0.0,1,NORMAL,0.0,2026-01-01T00:02:00+00:00,False
2026-01-01T00:00:53Z,ENG-DATASET-001,MSN-NORMAL-001,CLIMB,6000.0,23.0,0.7900559205666026,0.6399440794333975,4572.390021629597,650.8844463970554,187.24212472302204,72.06317739486836,428.6195010814798,13.158686958802852,8.382748537507277,14.2,4572.390021629597,650.8844463970554,187.24212472302204,72.06317739486836,428.6195010814798,13.158686958802852,8.382748537507277,0.0,0.0,0.0,0.0,0.0,0.0,0.0,0.0,0.0,0.0,0.0,0.0,0.0,0.0,1,NORMAL,0.0,2026-01-01T00:02:00+00:00,False
2026-01-01T00:00:54Z,ENG-DATASET-001,MSN-NORMAL-001,CLIMB,6000.0,23.0,0.7935013222134185,0.6364986777865815,4591.339730687085,653.1064326248872,187.14557306634202,72.14065203697457,429.5669865343542,13.221695205144462,8.647646371988518,14.2,4591.339730687085,653.1064326248872,187.14557306634202,72.14065203697457,429.5669865343542,13.221695205144462,8.647646371988518,0.0,0.0,0.0,0.0,0.0,0.0,0.0,0.0,0.0,0.0,0.0,0.0,0.0,0.0,1,NORMAL,0.0,2026-01-01T00:02:00+00:00,False
2026-01-01T00:00:55Z,ENG-DATASET-001,MSN-NORMAL-001,CLIMB,6000.0,23.0,0.7967360402427283,0.6332639597572718,4609.130679848288,655.1955842392977,187.11090536569026,72.22008194031733,430.4565339924144,13.280924144040645,8.212598320499593,14.2,4609.130679848288,655.1955842392977,187.11090536569026,72.22008194031733,430.4565339924144,13.280924144040645,8.212598320499593,0.0,0.0,0.0,0.0,0.0,0.0,0.0,0.0,0.0,0.0,0.0,0.0,0.0,0.0,1,NORMAL,0.0,2026-01-01T00:02:00+00:00,False
2026-01-01T00:00:56Z,ENG-DATASET-001,MSN-NORMAL-001,CLIMB,6000.0,23.0,0.7997095979615637,0.6302904020384363,4625.485247301884,657.1186649644619,187.12778145323279,72.30098083146206,431.27426236509416,13.335434126459157,7.729536030100552,14.2,4625.485247301884,657.1186649644619,187.12778145323279,72.30098083146206,431.27426236509416,13.335434126459157,7.729536030100552,0.0,0.0,0.0,0.0,0.0,0.0,0.0,0.0,0.0,0.0,0.0,0.0,0.0,0.0,1,NORMAL,0.0,2026-01-01T00:02:00+00:00,False
2026-01-01T00:00:57Z,ENG-DATASET-001,MSN-NORMAL-001,CLIMB,6000.0,23.0,0.8023755939962547,0.6276244060037454,4640.148225492683,658.8449583935014,187.18612726774705,72.3828093857652,432.00741127463414,13.38435740632484,7.916866960956477,14.2,4640.148225492683,658.8449583935014,187.18612726774705,72.3828093857652,432.00741127463414,13.38435740632484,7.916866960956477,0.0,0.0,0.0,0.0,0.0,0.0,0.0,0.0,0.0,0.0,0.0,0.0,0.0,0.0,1,NORMAL,0.0,2026-01-01T00:02:00+00:00,False
2026-01-01T00:00:58Z,ENG-DATASET-001,MSN-NORMAL-001,CLIMB,6000.0,23.0,0.8046924263703452,0.6253075736296548,4652.890803550182,660.3467915199171,187.2761843289703,72.46498484848074,432.6445401775091,13.426912752438353,8.529818563668755,14.2,4652.890803550182,660.3467915199171,187.2761843289703,72.46498484848074,432.6445401775091,13.426912752438353,8.529818563668755,0.0,0.0,0.0,0.0,0.0,0.0,0.0,0.0,0.0,0.0,0.0,0.0,0.0,0.0,1,NORMAL,0.0,2026-01-01T00:02:00+00:00,False
2026-01-01T00:00:59Z,ENG-DATASET-001,MSN-NORMAL-001,CLIMB,6000.0,23.0,0.8066239416895222,0.6233760583104778,4663.514137805656,661.6000126789127,187.3885662130461,72.54689128537387,433.1757068902828,13.462418756413761,8.710749489509276,14.2,4663.514137805656,661.6000126789127,187.3885662130461,72.54689128537387,433.1757068902828,13.462418756413761,8.710749489509276,0.0,0.0,0.0,0.0,0.0,0.0,0.0,0.0,0.0,0.0,0.0,0.0,0.0,0.0,1,NORMAL,0.0,2026-01-01T00:02:00+00:00,False
2026-01-01T00:01:00Z,ENG-DATASET-001,MSN-NORMAL-001,CLIMB,6000.0,23.0,0.8081399993032422,0.6218600006967578,4671.852454681115,662.5844135138742,187.51431992958834,72.62789030481271,433.5926227340558,13.490305558072453,8.217551249695761,14.2,4671.852454681115,662.5844135138742,187.51431992958834,72.62789030481271,433.5926227340558,13.490305558072453,8.217551249695761,0.0,0.0,0.0,0.0,0.0,0.0,0.0,0.0,0.0,0.0,0.0,0.0,0.0,0.0,1,NORMAL,0.0,2026-01-01T00:02:00+00:00,False
2026-01-01T00:01:01Z,ENG-DATASET-001,MSN-NORMAL-001,CLIMB,6000.0,23.0,0.8092169416395014,0.6207830583604986,4677.775637530541,663.2840855007789,187.64499007414898,72.7073320858744,433.88878187652705,13.510124735492347,7.770244200357531,14.2,4677.775637530541,663.2840855007789,187.64499007414898,72.7073320858744,433.88878187652705,13.510124735492347,7.770244200357531,0.0,0.0,0.0,0.0,0.0,0.0,0.0,0.0,0.0,0.0,0.0,0.0,0.0,0.0,1,NORMAL,0.0,2026-01-01T00:02:00+00:00,False
2026-01-01T00:01:02Z,ENG-DATASET-001,MSN-NORMAL-001,CLIMB,6000.0,23.0,0.8098379633733354,0.6201620366266647,4681.191257066627,663.6877028189132,187.7726836372069,72.78456654215275,434.0595628533314,13.521557141230137,8.019212398007463,14.2,4681.191257066627,663.6877028189132,187.7726836372069,72.78456654215275,434.0595628533314,13.521557141230137,8.019212398007463,0.0,0.0,0.0,0.0,0.0,0.0,0.0,0.0,0.0,0.0,0.0,0.0,0.0,0.0,1,NORMAL,0.0,2026-01-01T00:02:00+00:00,False
2026-01-01T00:01:03Z,ENG-DATASET-001,MSN-NORMAL-001,CLIMB,6000.0,23.0,0.8099933736682935,0.6200066263317066,4682.046013688898,663.7887249170988,187.8901333964137,72.85895444876583,434.1023006844449,13.524418508251241,8.61326537262525,14.2,4682.046013688898,663.7887249170988,187.8901333964137,72.85895444876583,434.1023006844449,13.524418508251241,8.61326537262525,0.0,0.0,0.0,0.0,0.0,0.0,0.0,0.0,0.0,0.0,0.0,0.0,0.0,0.0,1,NORMAL,0.0,2026-01-01T00:02:00+00:00,False
2026-01-01T00:01:04Z,ENG-DATASET-001,MSN-NORMAL-001,CLIMB,6000.0,23.0,0.8096807473987014,0.6203192526012986,4680.32656920614,663.5855139402372,187.99075790527826,72.92987836056815,434.016328460307,13.518662697531358,8.702694326449958,14.2,4680.32656920614,663.5855139402372,187.99075790527826,72.92987836056815,434.016328460307,13.518662697531358,8.702694326449958,0.0,0.0,0.0,0.0,0.0,0.0,0.0,0.0,0.0,0.0,0.0,0.0,0.0,0.0,1,NORMAL,0.0,2026-01-01T00:02:00+00:00,False
2026-01-01T00:01:05Z,ENG-DATASET-001,MSN-NORMAL-001,CLIMB,6000.0,23.0,0.8089049629929357,0.6210950370070644,4676.05975497443,663.0813641858555,188.06871621939683,72.99675315276437,433.80298774872153,13.504382512477676,8.156607741746662,14.2,4676.05975497443,663.0813641858555,188.06871621939683,72.99675315276437,433.80298774872153,13.504382512477676,8.156607741746662,0.0,0.0,0.0,0.0,0.0,0.0,0.0,0.0,0.0,0.0,0.0,0.0,0.0,0.0,1,NORMAL,0.0,2026-01-01T00:02:00+00:00,False
2026-01-01T00:01:06Z,ENG-DATASET-001,MSN-NORMAL-001,CLIMB,6000.0,23.0,0.8076781263071803,0.6223218736928198,4669.312153202775,662.2844428775429,188.11895566939572,73.05903602095124,433.46560766013874,13.481808061321043,7.750499675062707,14.2,4669.312153202775,662.2844428775429,188.11895566939572,73.05903602095124,433.46560766013874,13.481808061321043,7.750499675062707,0.0,0.0,0.0,0.0,0.0,0.0,0.0,0.0,0.0,0.0,0.0,0.0,0.0,0.0,1,NORMAL,0.0,2026-01-01T00:02:00+00:00,False
2026-01-01T00:01:07Z,ENG-DATASET-001,MSN-NORMAL-001,CLIMB,6000.0,23.0,0.8060193817175902,0.6239806182824098,4660.1890579600295,661.2076436878255,188.13725119465178,73.1162357859894,433.0094528980015,13.451302705347878,8.055325539778993,14.2,4660.1890579600295,661.2076436878255,188.13725119465178,73.1162357859894,433.0094528980015,13.451302705347878,8.055325539778993,0.0,0.0,0.0,0.0,0.0,0.0,0.0,0.0,0.0,0.0,0.0,0.0,0.0,0.0,1,NORMAL,0.0,2026-01-01T00:02:00+00:00,False
2026-01-01T00:01:08Z,ENG-DATASET-001,MSN-NORMAL-001,CLIMB,6000.0,23.0,0.8039546133787048,0.6260453866212953,4648.832832096159,659.8683565315652,188.12023498847574,73.16792135989654,432.44164160480796,13.413356686124578,8.61967775594383,14.2,4648.832832096159,659.8683565315652,188.12023498847574,73.16792135989654,432.44164160480796,13.413356686124578,8.61967775594383,0.0,0.0,0.0,0.0,0.0,0.0,0.0,0.0,0.0,0.0,0.0,0.0,0.0,0.0,1,NORMAL,0.0,2026-01-01T00:02:00+00:00,False
2026-01-01T00:01:09Z,ENG-DATASET-001,MSN-NORMAL-001,CLIMB,6000.0,23.0,0.8015160413098724,0.6284839586901276,4635.420685717582,658.2881591003123,188.06541546713598,73.21372924198984,431.7710342858791,13.368578576656935,8.616735636872612,14.2,4635.420685717582,658.2881591003123,188.06541546713598,73.21372924198984,431.7710342858791,13.368578576656935,8.616735636872612,0.0,0.0,0.0,0.0,0.0,0.0,0.0,0.0,0.0,0.0,0.0,0.0,0.0,0.0,1,NORMAL,0.0,2026-01-01T00:02:00+00:00,False
2026-01-01T00:01:10Z,ENG-DATASET-001,MSN-NORMAL-001,CLIMB,6000.0,23.0,0.7987417186126258,0.6312582813873743,4620.161910882725,656.49243734459,187.97118485403712,73.25336992958495,431.00809554413627,13.317684747867705,8.029116599411362,14.2,4620.161910882725,656.49243734459,187.97118485403712,73.25336992958495,431.00809554413627,13.317684747867705,8.029116599411362,0.0,0.0,0.0,0.0,0.0,0.0,0.0,0.0,0.0,0.0,0.0,0.0,0.0,0.0,1,NORMAL,0.0,2026-01-01T00:02:00+00:00,False
2026-01-01T00:01:11Z,ENG-DATASET-001,MSN-NORMAL-001,CLIMB,6000.0,23.0,0.7956749376647593,0.6343250623352408,4603.294615669459,654.5099435740566,187.8368149579848,73.28663314444522,430.1647307834729,13.261487081327036,7.674116791849614,14.2,4603.294615669459,654.5099435740566,187.8368149579848,73.28663314444522,430.1647307834729,13.261487081327036,7.674116791849614,0.0,0.0,0.0,0.0,0.0,0.0,0.0,0.0,0.0,0.0,0.0,0.0,0.0,0.0,1,NORMAL,0.0,2026-01-01T00:02:00+00:00,False
2026-01-01T00:01:12Z,ENG-DATASET-001,MSN-NORMAL-001,CLIMB,6000.0,23.0,0.7923635545572527,0.6376364454427473,4585.082008578173,652.3723019901521,187.66244101194013,73.3133917946056,429.2541004289087,13.200879190684349,8.03317424785229,14.2,4585.082008578173,652.3723019901521,187.66244101194013,73.3133917946056,429.2541004289087,13.200879190684349,8.03317424785229,0.0,0.0,0.0,0.0,0.0,0.0,0.0,0.0,0.0,0.0,0.0,0.0,0.0,0.0,1,NORMAL,0.0,2026-01-01T00:02:00+00:00,False
2026-01-01T00:01:13Z,ENG-DATASET-001,MSN-NORMAL-001,CLIMB,6000.0,23.0,0.7888592423159781,0.6411407576840219,4565.808291251164,650.1134722655265,187.44903371738428,73.33360461088256,428.2904145625582,13.136821437022386,8.562548195449839,14.2,4565.808291251164,650.1134722655265,187.44903371738428,73.33360461088256,428.2904145625582,13.136821437022386,8.562548195449839,0.0,0.0,0.0,0.0,0.0,0.0,0.0,0.0,0.0,0.0,0.0,0.0,0.0,0.0,1,NORMAL,0.0,2026-01-01T00:02:00+00:00,False
2026-01-01T00:01:14Z,ENG-DATASET-001,MSN-NORMAL-001,CLIMB,6000.0,23.0,0.785216684561413,0.644783315438587,4545.774223601055,647.7691822314,187.19835990143085,73.34731741801694,427.2887111800528,13.070325037140394,8.47278086172617,14.2,4545.774223601055,647.7691822314,187.19835990143085,73.34731741801694,427.2887111800528,13.070325037140394,8.47278086172617,0.0,0.0,0.0,0.0,0.0,0.0,0.0,0.0,0.0,0.0,0.0,0.0,0.0,0.0,1,NORMAL,0.0,2026-01-01T00:02:00+00:00,False
2026-01-01T00:01:15Z,ENG-DATASET-001,MSN-NORMAL-001,CLIMB,6000.0,23.0,0.7814927221890324,0.6485072778109676,4525.292430552961,645.3763408382309,186.91293243224354,73.3546630216591,426.26462152764805,13.002435568774816,7.860218700325446,14.2,4525.292430552961,645.3763408382309,186.91293243224354,73.3546630216591,426.26462152764805,13.002435568774816,7.860218700325446,0.0,0.0,0.0,0.0,0.0,0.0,0.0,0.0,0.0,0.0,0.0,0.0,0.0,0.0,1,NORMAL,0.0,2026-01-01T00:02:00+00:00,False
2026-01-01T00:01:16Z,ENG-DATASET-001,MSN-NORMAL-001,CLIMB,6000.0,23.0,0.7777454663861457,0.6522545336138543,4504.682523637085,642.9724423431346,186.59595024759756,73.35585971396358,425.23412618185426,12.93421617358553,7.569482597759185,14.2,4504.682523637085,642.9724423431346,186.59595024759756,73.35585971396358,425.23412618185426,12.93421617358553,7.569482597759185,0.0,0.0,0.0,0.0,0.0,0.0,0.0,0.0,0.0,0.0,0.0,0.0,0.0,0.0,1,NORMAL,0.0,2026-01-01T00:02:00+00:00,False
2026-01-01T00:01:17Z,ENG-DATASET-001,MSN-NORMAL-001,CLIMB,6000.0,23.0,0.774033391826255,0.6559666081737451,4484.2661135576855,640.5949721893412,186.25122952757133,73.35120842207604,424.21330567788425,12.866730748309818,7.983914786470905,14.2,4484.2661135576855,640.5949721893412,186.25122952757133,73.35120842207604,424.21330567788425,12.866730748309818,7.983914786470905,0.0,0.0,0.0,0.0,0.0,0.0,0.0,0.0,0.0,0.0,0.0,0.0,0.0,0.0,1,NORMAL,0.0,2026-01-01T00:02:00+00:00,False
2026-01-01T00:01:18Z,ENG-DATASET-001,MSN-NORMAL-001,CLIMB,6000.0,23.0,0.7704144241913318,0.6595855758086683,4464.361791565607,638.280824328407,185.88312718302436,73.34108854493444,423.21808957828034,12.801027398000326,8.476891663081664,14.2,4464.361791565607,638.280824328407,185.88312718302436,73.34108854493444,423.21808957828034,12.801027398000326,8.476891663081664,0.0,0.0,0.0,0.0,0.0,0.0,0.0,0.0,0.0,0.0,0.0,0.0,0.0,0.0,1,NORMAL,0.0,2026-01-01T00:02:00+00:00,False
2026-01-01T00:01:19Z,ENG-DATASET-001,MSN-NORMAL-001,CLIMB,6000.0,23.0,0.766945036260924,0.663054963739076,4445.280157948366,636.0657388508805,185.49645793599393,73.32595254423724,422.2640078974183,12.738122404059647,8.310085183565608,14.2,4445.280157948366,636.0657388508805,185.49645793599393,73.32595254423724,422.2640078974183,12.738122404059647,8.310085183565608,0.0,0.0,0.0,0.0,0.0,0.0,0.0,0.0,0.0,0.0,0.0,0.0,0.0,0.0,1,NORMAL,0.0,2026-01-01T00:02:00+00:00,False
2026-01-01T00:01:20Z,ENG-DATASET-001,MSN-NORMAL-001,CLIMB,6000.0,23.0,0.7636793666733189,0.6663206333266811,4427.318975216537,633.9837677937314,185.09640633723782,73.30631937483729,421.3659487608269,12.67898493526639,7.69174762028813,14.2,4427.318975216537,633.9837677937314,185.09640633723782,73.30631937483729,421.3659487608269,12.67898493526639,7.69174762028813,0.0,0.0,0.0,0.0,0.0,0.0,0.0,0.0,0.0,0.0,0.0,0.0,0.0,0.0,1,NORMAL,0.0,2026-01-01T00:02:00+00:00,False
2026-01-01T00:01:21Z,ENG-DATASET-001,MSN-NORMAL-001,CLIMB,6000.0,23.0,0.7606683751101996,0.6693316248898005,4410.75852161938,632.0667759397019,184.6884351020066,73.28276685789596,420.537926080969,12.624522703532554,7.478833096015813,14.2,4410.75852161938,632.0667759397019,184.6884351020066,73.28276685789596,420.537926080969,12.624522703532554,7.478833096015813,0.0,0.0,0.0,0.0,0.0,0.0,0.0,0.0,0.0,0.0,0.0,0.0,0.0,0.0,1,NORMAL,0.0,2026-01-01T00:02:00+00:00,False
2026-01-01T00:01:22Z,ENG-DATASET-001,MSN-NORMAL-001,CLIMB,6000.0,23.0,0.7579590470878561,0.6720409529121438,4395.857217496491,630.343982366674,184.2781911509728,73.25592311659739,419.79286087482456,12.575568739010132,7.949711631277289,14.2,4395.857217496491,630.343982366674,184.2781911509728,73.25592311659739,419.79286087482456,12.575568739010132,7.949711631277289,0.0,0.0,0.0,0.0,0.0,0.0,0.0,0.0,0.0,0.0,0.0,0.0,0.0,0.0,1,NORMAL,0.0,2026-01-01T00:02:00+00:00,False
2026-01-01T00:01:23Z,ENG-DATASET-001,MSN-NORMAL-001,CLIMB,6000.0,23.0,0.7555936607639192,0.6744063392360808,4382.847592714839,628.841547488692,183.87141072309282,73.2264572088196,419.142379635742,12.532869432478755,8.405771336404923,14.2,4382.847592714839,628.841547488692,183.87141072309282,73.2264572088196,419.142379635742,12.532869432478755,8.405771336404923,0.0,0.0,0.0,0.0,0.0,0.0,0.0,0.0,0.0,0.0,0.0,0.0,0.0,0.0,1,NORMAL,0.0,2026-01-01T00:02:00+00:00,False
2026-01-01T00:01:24Z,ENG-DATASET-001,MSN-NORMAL-001,CLIMB,6000.0,23.0,0.7536091272008499,0.6763908727991501,4371.932658117958,627.5822093896785,183.47382488552552,73.19506910366061,418.59663290589793,12.497073967581684,8.172677084727466,14.2,4371.932658117958,627.5822093896785,183.47382488552552,73.19506910366061,418.59663290589793,12.497073967581684,8.172677084727466,0.0,0.0,0.0,0.0,0.0,0.0,0.0,0.0,0.0,0.0,0.0,0.0,0.0,0.0,1,NORMAL,0.0,2026-01-01T00:02:00+00:00,False
2026-01-01T00:01:25Z,ENG-DATASET-001,MSN-NORMAL-001,CLIMB,6000.0,23.0,0.7520364143811554,0.6779635856188446,4363.282737609638,626.5849724109784,183.09106670724742,73.16247915892723,418.1641368804819,12.4687252420762,7.566800924347967,14.2,4363.282737609638,626.5849724109784,183.09106670724742,73.16247915892723,418.1641368804819,12.4687252420762,7.566800924347967,0.0,0.0,0.0,0.0,0.0,0.0,0.0,0.0,0.0,0.0,0.0,0.0,0.0,0.0,1,NORMAL,0.0,2026-01-01T00:02:00+00:00,False
2026-01-01T00:01:26Z,ENG-DATASET-001,MSN-NORMAL-001,CLIMB,6000.0,23.0,0.7509000639623796,0.6790999360376204,4357.03281030637,625.8648502285762,182.7285812922371,73.12941726445383,417.85164051531854,12.448252356212159,7.442237829036515,14.2,4357.03281030637,625.8648502285762,182.7285812922371,73.12941726445383,417.85164051531854,12.448252356212159,7.442237829036515,0.0,0.0,0.0,0.0,0.0,0.0,0.0,0.0,0.0,0.0,0.0,0.0,0.0,0.0,1,NORMAL,0.0,2026-01-01T00:02:00+00:00,False
2026-01-01T00:01:27Z,ENG-DATASET-001,MSN-NORMAL-001,CLIMB,6000.0,23.0,0.7502178083127454,0.6797821916872546,4353.280404233384,625.4326650484405,182.3915397892244,73.09661182130682,417.6640202116692,12.435964727782038,7.9673820023350155,14.2,4353.280404233384,625.4326650484405,182.3915397892244,73.09661182130682,417.6640202116692,12.435964727782038,7.9673820023350155,0.0,0.0,0.0,0.0,0.0,0.0,0.0,0.0,0.0,0.0,0.0,0.0,0.0,0.0,1,NORMAL,0.0,2026-01-01T00:02:00+00:00,False
2026-01-01T00:01:28Z,ENG-DATASET-001,MSN-NORMAL-001,CLIMB,6000.0,23.0,0.7500002938034789,0.6799997061965212,4352.084074432417,625.2949040522647,182.08475841160856,73.06477872946496,417.6042037216208,12.432047877195913,8.383829656216212,14.2,4352.084074432417,625.2949040522647,182.08475841160856,73.06477872946496,417.6042037216208,12.432047877195913,8.383829656216212,0.0,0.0,0.0,0.0,0.0,0.0,0.0,0.0,0.0,0.0,0.0,0.0,0.0,0.0,1,NORMAL,0.0,2026-01-01T00:02:00+00:00,False
2026-01-01T00:01:29Z,ENG-DATASET-001,MSN-NORMAL-001,CLIMB,6000.0,23.0,0.7502509146757477,0.6797490853242524,4353.462489229895,625.4536338255313,181.81262341608598,73.0346105564097,417.6731244614948,12.4365609118184,8.093019926834483,14.2,4353.462489229895,625.4536338255313,181.81262341608598,73.0346105564097,417.6731244614948,12.4365609118184,8.093019926834483,0.0,0.0,0.0,0.0,0.0,0.0,0.0,0.0,0.0,0.0,0.0,0.0,0.0,0.0,1,NORMAL,0.0,2026-01-01T00:02:00+00:00,False
2026-01-01T00:01:30Z,ENG-DATASET-001,MSN-NORMAL-001,CRUISE,8500.0,23.0,0.5909657600746622,0.47903423992533783,3520.5689545165365,389.075361144749,175.6582451030961,72.38218222315342,376.0284477258268,7.332402973666711,5.85857072181734,14.2,3520.5689545165365,389.075361144749,175.6582451030961,72.38218222315342,376.0284477258268,7.332402973666711,5.85857072181734,0.0,0.0,0.0,0.0,0.0,0.0,0.0,0.0,0.0,0.0,0.0,0.0,0.0,0.0,1,NORMAL,0.0,2026-01-01T00:02:00+00:00,False
2026-01-01T00:01:31Z,ENG-DATASET-001,MSN-NORMAL-001,CRUISE,8500.0,23.0,0.5921336750768587,0.47786632492314135,3526.992487028617,389.56352425714607,170.13150869921515,71.75742928674387,376.34962435143086,7.347340807063966,5.827110858559043,14.2,3526.992487028617,389.56352425714607,170.13150869921515,71.75742928674387,376.34962435143086,7.347340807063966,5.827110858559043,0.0,0.0,0.0,0.0,0.0,0.0,0.0,0.0,0.0,0.0,0.0,0.0,0.0,0.0,1,NORMAL,0.0,2026-01-01T00:02:00+00:00,False
2026-01-01T00:01:32Z,ENG-DATASET-001,MSN-NORMAL-001,CRUISE,8500.0,23.0,0.5937364347593471,0.4762635652406529,3535.807665282304,390.23386927598494,165.17420456119325,71.15983235925353,376.79038326411523,7.367850704930066,6.398818205066945,14.2,3535.807665282304,390.23386927598494,165.17420456119325,71.15983235925353,376.79038326411523,7.367850704930066,6.398818205066945,0.0,0.0,0.0,0.0,0.0,0.0,0.0,0.0,0.0,0.0,0.0,0.0,0.0,0.0,1,NORMAL,0.0,2026-01-01T00:02:00+00:00,False
2026-01-01T00:01:33Z,ENG-DATASET-001,MSN-NORMAL-001,CRUISE,8500.0,23.0,0.5957490285933392,0.4742509714066608,3546.87693136926,391.0763241358079,160.7336922084691,70.58885903026008,377.34384656846305,7.39362202715783,6.768816730334211,14.2,3546.87693136926,391.0763241358079,160.7336922084691,70.58885903026008,377.34384656846305,7.39362202715783,6.768816730334211,0.0,0.0,0.0,0.0,0.0,0.0,0.0,0.0,0.0,0.0,0.0,0.0,0.0,0.0,1,NORMAL,0.0,2026-01-01T00:02:00+00:00,False
2026-01-01T00:01:34Z,ENG-DATASET-001,MSN-NORMAL-001,CRUISE,8500.0,23.0,0.598140050725185,0.4718599492748151,3560.0275530944114,392.0781985923958,156.7622779524321,70.04395574541536,378.0013776547206,7.424263666961389,6.424843491189363,14.2,3560.0275530944114,392.0781985923958,156.7622779524321,70.04395574541536,378.0013776547206,7.424263666961389,6.424843491189363,0.0,0.0,0.0,0.0,0.0,0.0,0.0,0.0,0.0,0.0,0.0,0.0,0.0,0.0,1,NORMAL,0.0,2026-01-01T00:02:00+00:00,False
2026-01-01T00:01:35Z,ENG-DATASET-001,MSN-NORMAL-001,CRUISE,8500.0,23.0,0.6008721900542148,0.46912780994578523,3575.0543194040756,393.2243543148247,153.21665901505952,69.52454067213878,378.7527159702038,7.459309477247779,5.880877114634972,14.2,3575.0543194040756,393.2243543148247,153.21665901505952,69.52454067213878,378.7527159702038,7.459309477247779,5.880877114634972,0.0,0.0,0.0,0.0,0.0,0.0,0.0,0.0,0.0,0.0,0.0,0.0,0.0,0.0,1,NORMAL,0.0,2026-01-01T00:02:00+00:00,False
2026-01-01T00:01:36Z,ENG-DATASET-001,MSN-NORMAL-001,CRUISE,8500.0,23.0,0.603902812459987,0.46609718754001306,3591.722742635823,394.49741067007506,150.05742838030545,69.02999763747675,379.58613713179113,7.498224807186863,5.940442692092786,14.2,3591.722742635823,394.49741067007506,150.05742838030545,69.02999763747675,379.58613713179113,7.498224807186863,5.940442692092786,0.0,0.0,0.0,0.0,0.0,0.0,0.0,0.0,0.0,0.0,0.0,0.0,0.0,0.0,1,NORMAL,0.0,2026-01-01T00:02:00+00:00,False
2026-01-01T00:01:37Z,ENG-DATASET-001,MSN-NORMAL-001,CRUISE,8500.0,23.0,0.6071846260934773,0.4628153739065227,3609.7727176200196,395.87798483082304,147.2486351630455,68.5596712074897,380.48863588100096,7.540414091596548,6.5450433662363645,14.2,3609.7727176200196,395.87798483082304,147.2486351630455,68.5596712074897,380.48863588100096,7.540414091596548,6.5450433662363645,0.0,0.0,0.0,0.0,0.0,0.0,0.0,0.0,0.0,0.0,0.0,0.0,0.0,0.0,1,NORMAL,0.0,2026-01-01T00:02:00+00:00,False
2026-01-01T00:01:38Z,ENG-DATASET-001,MSN-NORMAL-001,CRUISE,8500.0,23.0,0.6106664193505662,0.4593335806494338,3628.9225805340084,397.3449643561621,144.757395755645,68.11286296072522,381.4461290267004,7.585229420657083,6.857548503447161,14.2,3628.9225805340084,397.3449643561621,144.757395755645,68.11286296072522,381.4461290267004,7.585229420657083,6.857548503447161,0.0,0.0,0.0,0.0,0.0,0.0,0.0,0.0,0.0,0.0,0.0,0.0,0.0,0.0,1,NORMAL,0.0,2026-01-01T00:02:00+00:00,False
2026-01-01T00:01:39Z,ENG-DATASET-001,MSN-NORMAL-001,CRUISE,8500.0,23.0,0.6142938600119926,0.4557061399880074,3648.8735041718537,398.87580983034934,142.55355142583923,67.68882899067108,382.4436752085927,7.6319800007671645,6.461076785468251,14.2,3648.8735041718537,398.87580983034934,142.55355142583923,67.68882899067108,382.4436752085927,7.6319800007671645,6.461076785468251,0.0,0.0,0.0,0.0,0.0,0.0,0.0,0.0,0.0,0.0,0.0,0.0,0.0,0.0,1,NORMAL,0.0,2026-01-01T00:02:00+00:00,False
2026-01-01T00:01:40Z,ENG-DATASET-001,MSN-NORMAL-001,CRUISE,8500.0,23.0,0.618010343079464,0.45198965692053605,3669.3141610429466,400.4468845061524,140.60936839590912,67.28677865383462,383.4657080521473,7.67994239934335,5.955770710472709,14.2,3669.3141610429466,400.4468845061524,140.60936839590912,67.28677865383462,383.4657080521473,7.67994239934335,5.955770710472709,0.0,0.0,0.0,0.0,0.0,0.0,0.0,0.0,0.0,0.0,0.0,0.0,0.0,0.0,1,NORMAL,0.0,2026-01-01T00:02:00+00:00,False
2026-01-01T00:01:41Z,ENG-DATASET-001,MSN-NORMAL-001,CRUISE,8500.0,23.0,0.6217578740777223,0.4482421259222777,3689.9255815333668,402.0338072046141,138.89927673643356,66.90587456155033,384.4962790766683,7.728371447508807,6.09848572883804,14.2,3689.9255815333668,402.0338072046141,138.89927673643356,66.90587456155033,384.4962790766683,7.728371447508807,6.09848572883804,0.0,0.0,0.0,0.0,0.0,0.0,0.0,0.0,0.0,0.0,0.0,0.0,0.0,0.0,1,NORMAL,0.0,2026-01-01T00:02:00+00:00,False
2026-01-01T00:01:42Z,ENG-DATASET-001,MSN-NORMAL-001,CRUISE,8500.0,23.0,0.625477974038934,0.444522025961066,3710.3861313200314,403.6118239969366,137.39964466271363,66.54523379506718,385.51930656600155,7.7765116555527944,6.717948245365504,14.2,3710.3861313200314,403.6118239969366,137.39964466271363,66.54523379506718,385.51930656600155,7.7765116555527944,6.717948245365504,0.0,0.0,0.0,0.0,0.0,0.0,0.0,0.0,0.0,0.0,0.0,0.0,0.0,0.0,1,NORMAL,0.0,2026-01-01T00:02:00+00:00,False
2026-01-01T00:01:43Z,ENG-DATASET-001,MSN-NORMAL-001,CRUISE,8500.0,23.0,0.629112592047424,0.440887407952576,3730.3765303667265,405.15619346812,136.08858503314525,66.20393030520076,386.51882651833637,7.82360897755176,6.959617194729575,14.2,3730.3765303667265,405.15619346812,136.08858503314525,66.20393030520076,386.51882651833637,7.82360897755176,6.959617194729575,0.0,0.0,0.0,0.0,0.0,0.0,0.0,0.0,0.0,0.0,0.0,0.0,0.0,0.0,1,NORMAL,0.0,2026-01-01T00:02:00+00:00,False
2026-01-01T00:01:44Z,ENG-DATASET-001,MSN-NORMAL-001,CRUISE,8500.0,23.0,0.6326050111047993,0.4373949888952008,3749.58483518229,406.64257967239274,134.94579102164053,65.88099844014167,387.47924175911453,7.868922744523272,6.509450060643552,14.2,3749.58483518229,406.64257967239274,134.94579102164053,65.88099844014167,387.47924175911453,7.868922744523272,6.509450060643552,0.0,0.0,0.0,0.0,0.0,0.0,0.0,0.0,0.0,0.0,0.0,0.0,0.0,0.0,1,NORMAL,0.0,2026-01-01T00:02:00+00:00,False
2026-01-01T00:01:45Z,ENG-DATASET-001,MSN-NORMAL-001,CRUISE,8500.0,23.0,0.6359007331797392,0.43409926682026084,3767.7113065944595,408.0474462770283,133.95239807640218,65.57543752816458,388.385565329723,7.911737570901154,6.043321610364196,14.2,3767.7113065944595,408.0474462770283,133.95239807640218,65.57543752816458,388.385565329723,7.911737570901154,6.043321610364196,0.0,0.0,0.0,0.0,0.0,0.0,0.0,0.0,0.0,0.0,0.0,0.0,0.0,0.0,1,NORMAL,0.0,2026-01-01T00:02:00+00:00,False
2026-01-01T00:01:46Z,ENG-DATASET-001,MSN-NORMAL-001,CRUISE,8500.0,23.0,0.6389483296315471,0.4310516703684529,3784.4730870794037,409.34844489441815,133.09086939112242,65.28621742625012,389.22365435397023,7.951375027952723,6.258231914976246,14.2,3784.4730870794037,409.34844489441815,133.09086939112242,65.28621742625012,389.22365435397023,7.951375027952723,6.258231914976246,0.0,0.0,0.0,0.0,0.0,0.0,0.0,0.0,0.0,0.0,0.0,0.0,0.0,0.0,1,NORMAL,0.0,2026-01-01T00:02:00+00:00,False
2026-01-01T00:01:47Z,ENG-DATASET-001,MSN-NORMAL-001,CRUISE,8500.0,23.0,0.6417002437368877,0.42829975626311223,3799.608614658777,410.5247902612147,132.34490220854056,65.01228493125728,389.9804307329389,7.9872048709368295,6.873275846377874,14.2,3799.608614658777,410.5247902612147,132.34490220854056,65.01228493125728,389.9804307329389,7.9872048709368295,6.873275846377874,0.0,0.0,0.0,0.0,0.0,0.0,0.0,0.0,0.0,0.0,0.0,0.0,0.0,0.0,1,NORMAL,0.0,2026-01-01T00:02:00+00:00,False
2026-01-01T00:01:48Z,ENG-DATASET-001,MSN-NORMAL-001,CRUISE,8500.0,23.0,0.6441135327965486,0.42588646720345136,3812.881704486912,411.5576147724917,131.6993523569988,64.75257093749613,390.64408522434564,8.018655605138374,7.031667813070467,14.2,3812.881704486912,411.5576147724917,131.6993523569988,64.75257093749613,390.64408522434564,8.018655605138374,7.031667813070467,0.0,0.0,0.0,0.0,0.0,0.0,0.0,0.0,0.0,0.0,0.0,0.0,0.0,0.0,1,NORMAL,0.0,2026-01-01T00:02:00+00:00,False
2026-01-01T00:01:49Z,ENG-DATASET-001,MSN-NORMAL-001,CRUISE,8500.0,23.0,0.6461505382418992,0.42384946175810084,3824.08523443634,412.4302949456736,131.14017449494074,64.5059982135467,391.20426172181703,8.045224180045604,6.527857266114114,14.2,3824.08523443634,412.4302949456736,131.14017449494074,64.5059982135467,391.20426172181703,8.045224180045604,6.527857266114114,0.0,0.0,0.0,0.0,0.0,0.0,0.0,0.0,0.0,0.0,0.0,0.0,0.0,0.0,1,NORMAL,0.0,2026-01-01T00:02:00+00:00,False
2026-01-01T00:01:50Z,ENG-DATASET-001,MSN-NORMAL-001,CRUISE,8500.0,23.0,0.6477794732842588,0.4222205267157412,3833.044377169317,413.12874269144777,130.65437561273285,64.27148966212602,391.65221885846586,8.066484611257662,6.101682430735664,14.2,3833.044377169317,413.12874269144777,130.65437561273285,64.27148966212602,391.65221885846586,8.066484611257662,6.101682430735664,0.0,0.0,0.0,0.0,0.0,0.0,0.0,0.0,0.0,0.0,0.0,0.0,0.0,0.0,1,NORMAL,0.0,2026-01-01T00:02:00+00:00,False
2026-01-01T00:01:51Z,ENG-DATASET-001,MSN-NORMAL-001,CRUISE,8500.0,23.0,0.6489749189371029,0.42102508106289704,3839.61932825996,413.6416548136174,130.2299794218,64.04797691986059,391.980966412998,8.082095346334755,6.378140585743806,14.2,3839.61932825996,413.6416548136174,130.2299794218,64.04797691986059,391.980966412998,8.082095346334755,6.378140585743806,0.0,0.0,0.0,0.0,0.0,0.0,0.0,0.0,0.0,0.0,0.0,0.0,0.0,0.0,1,NORMAL,0.0,2026-01-01T00:02:00+00:00,False
2026-01-01T00:01:52Z,ENG-DATASET-001,MSN-NORMAL-001,CRUISE,8500.0,23.0,0.6497182206708461,0.4202817793291539,3843.707487795548,413.96071494084435,129.85599935314113,63.83440914908814,392.1853743897774,8.091805213532885,6.971744565769274,14.2,3843.707487795548,413.96071494084435,129.85599935314113,63.83440914908814,392.1853743897774,8.091805213532885,6.971744565769274,0.0,0.0,0.0,0.0,0.0,0.0,0.0,0.0,0.0,0.0,0.0,0.0,0.0,0.0,1,NORMAL,0.0,2026-01-01T00:02:00+00:00,False
2026-01-01T00:01:53Z,ENG-DATASET-001,MSN-NORMAL-001,CRUISE,8500.0,23.0,0.6499977795105369,0.4200022204894631,3845.2450614138475,414.08074309147474,129.5224179951139,63.62976187136238,392.2622530706924,8.095457820679115,7.038635610958712,14.2,3845.2450614138475,414.08074309147474,129.5224179951139,63.62976187136238,392.2622530706924,8.095457820679115,7.038635610958712,0.0,0.0,0.0,0.0,0.0,0.0,0.0,0.0,0.0,0.0,0.0,0.0,0.0,0.0,1,NORMAL,0.0,2026-01-01T00:02:00+00:00,False
2026-01-01T00:01:54Z,ENG-DATASET-001,MSN-NORMAL-001,CRUISE,8500.0,23.0,0.6498092330339829,0.42019076696601715,3844.2080557928,413.99978925660315,129.2201709270176,63.433045692209774,392.21040278964006,8.09299430451408,6.4854565180304835,14.2,3844.2080557928,413.99978925660315,129.2201709270176,63.433045692209774,392.21040278964006,8.09299430451408,6.4854565180304835,0.0,0.0,0.0,0.0,0.0,0.0,0.0,0.0,0.0,0.0,0.0,0.0,0.0,0.0,1,NORMAL,0.0,2026-01-01T00:02:00+00:00,False
2026-01-01T00:01:55Z,ENG-DATASET-001,MSN-NORMAL-001,CRUISE,8500.0,23.0,0.6491555234458896,0.4208444765541104,3840.612653058287,413.7191687137506,128.94113305215959,63.24331476888801,392.0306326529144,8.084454367558102,6.103063593578366,14.2,3840.612653058287,413.7191687137506,128.94113305215959,63.24331476888801,392.0306326529144,8.084454367558102,6.103063593578366,0.0,0.0,0.0,0.0,0.0,0.0,0.0,0.0,0.0,0.0,0.0,0.0,0.0,0.0,1,NORMAL,0.0,2026-01-01T00:02:00+00:00,False
2026-01-01T00:01:56Z,ENG-DATASET-001,MSN-NORMAL-001,CRUISE,8500.0,23.0,0.6480468516657405,0.4219531483342595,3834.514958267467,413.24343820279637,128.67810570201354,63.05967487739081,391.72574791337337,8.069975578634397,6.433512155720886,14.2,3834.514958267467,413.24343820279637,128.67810570201354,63.05967487739081,391.72574791337337,8.069975578634397,6.433512155720886,0.0,0.0,0.0,0.0,0.0,0.0,0.0,0.0,0.0,0.0,0.0,0.0,0.0,0.0,1,NORMAL,0.0,2026-01-01T00:02:00+00:00,False
2026-01-01T00:01:57Z,ENG-DATASET-001,MSN-NORMAL-001,CRUISE,8500.0,23.0,0.6465005181458598,0.42349948185414016,3826.0101239081237,412.58031355030175,128.42480297056971,62.88129094166177,391.30050619540623,8.049790953157617,6.993557436640704,14.2,3826.0101239081237,412.58031355030175,128.42480297056971,62.88129094166177,391.30050619540623,8.049790953157617,6.993557436640704,0.0,0.0,0.0,0.0,0.0,0.0,0.0,0.0,0.0,0.0,0.0,0.0,0.0,0.0,1,NORMAL,0.0,2026-01-01T00:02:00+00:00,False
2026-01-01T00:01:58Z,ENG-DATASET-001,MSN-NORMAL-001,CRUISE,8500.0,23.0,0.6445406529036408,0.4254593470963592,3815.230865075919,411.74053075906363,128.17583594248933,62.707393896818346,390.76154325379594,8.024224868664344,6.967140809117852,14.2,3815.230865075919,411.74053075906363,128.17583594248933,62.707393896818346,390.76154325379594,8.024224868664344,6.967140809117852,0.0,0.0,0.0,0.0,0.0,0.0,0.0,0.0,0.0,0.0,0.0,0.0,0.0,0.0,1,NORMAL,0.0,2026-01-01T00:02:00+00:00,False
2026-01-01T00:01:59Z,ENG-DATASET-001,MSN-NORMAL-001,CRUISE,8500.0,23.0,0.6421978389806943,0.4278021610193057,3802.3453884997134,410.73765392910457,127.926693696468,62.53728676900792,390.1172694249857,7.993687408357096,6.37475080581173,14.2,3802.3453884997134,410.73765392910457,127.926693696468,62.53728676900792,390.1172694249857,7.993687408357096,6.37475080581173,0.0,0.0,0.0,0.0,0.0,0.0,0.0,0.0,0.0,0.0,0.0,0.0,0.0,0.0,1,NORMAL,0.0,2026-01-01T00:02:00+00:00,False
2026-01-01T00:02:00Z,ENG-DATASET-001,MSN-NORMAL-001,CRUISE,8500.0,23.0,0.6395086352047135,0.4304913647952865,3787.554767731819,409.5878345918005,127.67372019161621,62.37034986715318,389.377738386591,7.9586672593100545,6.044340562471027,14.2,3787.554767731819,409.5878345918005,127.67372019161621,62.37034986715318,389.377738386591,7.9586672593100545,6.044340562471027,0.0,0.0,0.0,0.0,0.0,0.0,0.0,0.0,0.0,0.0,0.0,0.0,0.0,0.0,1,NORMAL,0.0,2026-01-01T00:02:00+00:00,False
2026-01-01T00:02:01Z,ENG-DATASET-001,MSN-NORMAL-001,CRUISE,8500.0,23.0,0.6365150057011951,0.43348499429880494,3771.0898054624677,408.309528076082,127.41408637435664,62.20604499609761,388.5544902731234,7.919723321298775,6.425463328663957,14.2,3771.0898054624677,408.309528076082,127.41408637435664,62.20604499609761,388.5544902731234,7.919723321298775,6.425463328663957,0.0,0.0,0.0,0.0,0.0,0.0,0.0,0.0,0.0,0.0,0.0,0.0,0.0,0.0,1,NORMAL,0.0,2026-01-01T00:02:00+00:00,False
2026-01-01T00:02:02Z,ENG-DATASET-001,MSN-NORMAL-001,CRUISE,8500.0,23.0,0.6332636650572961,0.4367363349427038,3753.2074319210224,406.92317335082237,127.14575707069153,62.04391861631142,387.66037159605116,7.877475206083454,6.945580146549502,14.2,3753.2074319210224,406.92317335082237,127.14575707069153,62.04391861631142,387.66037159605116,7.877475206083454,6.945580146549502,0.0,0.0,0.0,0.0,0.0,0.0,0.0,0.0,0.0,0.0,0.0,0.0,0.0,0.0,1,NORMAL,0.0,2026-01-01T00:02:00+00:00,False
2026-01-01T00:02:03Z,ENG-DATASET-001,MSN-NORMAL-001,CRUISE,8500.0,23.0,0.6298053493563258,0.44019465064367425,3734.1866955656865,405.45084337914193,126.86745244810092,61.883603892120775,386.7093347782843,7.832592824814384,6.83073619925288,14.2,3734.1866955656865,405.45084337914193,126.86745244810092,61.883603892120775,386.7093347782843,7.832592824814384,6.83073619925288,0.0,0.0,0.0,0.0,0.0,0.0,0.0,0.0,0.0,0.0,0.0,0.0,0.0,0.0,1,NORMAL,0.0,2026-01-01T00:02:00+00:00,False
2026-01-01T00:02:04Z,ENG-DATASET-001,MSN-NORMAL-001,CRUISE,8500.0,23.0,0.6261940244581339,0.4438059755418661,3714.324408625631,403.9158733698403,126.57860403753683,61.72482158811641,385.71622043128156,7.785785272777013,6.214836368946483,14.2,3714.324408625631,403.9158733698403,126.57860403753683,61.72482158811641,385.71622043128156,7.785785272777013,6.214836368946483,0.0,0.0,0.0,0.0,0.0,0.0,0.0,0.0,0.0,0.0,0.0,0.0,0.0,0.0,1,NORMAL,0.0,2026-01-01T00:02:00+00:00,False
2026-01-01T00:02:05Z,ENG-DATASET-001,MSN-NORMAL-001,CRUISE,8500.0,23.0,0.6224860438799179,0.44751395612008205,3693.9305154454432,402.34247442278263,126.27930549435271,61.56737979170707,384.69652577227214,7.737789226007113,5.948280934628895,14.2,3693.9305154454432,402.34247442278263,126.27930549435271,61.56737979170707,384.69652577227214,7.737789226007113,5.948280934628895,0.0,0.0,0.0,0.0,0.0,0.0,0.0,0.0,0.0,0.0,0.0,0.0,0.0,0.0,1,NORMAL,0.0,2026-01-01T00:02:00+00:00,False
2026-01-01T00:02:06Z,ENG-DATASET-001,MSN-NORMAL-001,CRUISE,8500.0,23.0,0.6187392694184348,0.45126073058156524,3673.323255907286,400.7553399546717,125.97025844378423,61.411172458422364,383.6661627953643,7.6893570637281865,6.380116923276968,14.2,3673.323255907286,400.7553399546717,125.97025844378423,61.411172458422364,383.6661627953643,7.6893570637281865,6.380116923276968,0.0,0.0,0.0,0.0,0.0,0.0,0.0,0.0,0.0,0.0,0.0,0.0,0.0,0.0,1,NORMAL,0.0,2026-01-01T00:02:00+00:00,False
2026-01-01T00:02:07Z,ENG-DATASET-001,MSN-NORMAL-001,CRUISE,8500.0,23.0,0.6150121682360147,0.45498783176398533,3652.8241994039754,399.1792519850903,125.65271389903306,61.256176795249566,382.6412099701988,7.641244924686335,6.858479405096028,14.2,3652.8241994039754,399.1792519850903,125.65271389903306,61.256176795249566,382.6412099701988,7.641244924686335,6.858479405096028,0.0,0.0,0.0,0.0,0.0,0.0,0.0,0.0,0.0,0.0,0.0,0.0,0.0,0.0,1,NORMAL,0.0,2026-01-01T00:02:00+00:00,False
2026-01-01T00:02:08Z,ENG-DATASET-001,MSN-NORMAL-001,CRUISE,8500.0,23.0,0.611362900500048,0.45863709949995196,3632.753226856159,397.6386938933231,125.32840985646283,61.10244951571723,381.637661342808,7.594200895066095,6.6650203176223055,14.2,3632.753226856159,397.6386938933231,125.32840985646283,61.10244951571723,381.637661342808,7.594200895066095,6.6650203176223055,0.0,0.0,0.0,0.0,0.0,0.0,0.0,0.0,0.0,0.0,0.0,0.0,0.0,0.0,1,NORMAL,0.0,2026-01-01T00:02:00+00:00,False
2026-01-01T00:02:09Z,ENG-DATASET-001,MSN-NORMAL-001,CRUISE,8500.0,23.0,0.6078484118130254,0.46215158818697455,3613.423539077534,396.1574756625771,124.99950576238098,60.95012201832968,380.67117695387674,7.548953511676598,6.044583334784753,14.2,3613.423539077534,396.1574756625771,124.99950576238098,60.95012201832968,380.67117695387674,7.548953511676598,6.044583334784753,0.0,0.0,0.0,0.0,0.0,0.0,0.0,0.0,0.0,0.0,0.0,0.0,0.0,0.0,1,NORMAL,0.0,2026-01-01T00:02:00+00:00,False
2026-01-01T00:02:10Z,ENG-DATASET-001,MSN-NORMAL-001,CRUISE,8500.0,23.0,0.6045235445954568,0.4654764554045433,3595.1367693809066,394.7583769502778,124.66851460989983,60.799394557030105,379.7568384690453,7.506200747475242,5.8549266520828915,14.2,3595.1367693809066,394.7583769502778,124.66851460989983,60.799394557030105,379.7568384690453,7.506200747475242,5.8549266520828915,0.0,0.0,0.0,0.0,0.0,0.0,0.0,0.0,0.0,0.0,0.0,0.0,0.0,0.0,1,NORMAL,0.0,2026-01-01T00:02:00+00:00,False
2026-01-01T00:02:11Z,ENG-DATASET-001,MSN-NORMAL-001,CRUISE,8500.0,23.0,0.6014401822882414,0.46855981771175864,3578.1782766912215,393.462812601158,124.33823346393879,60.65052948836195,378.9089138345611,7.466599628218618,6.338319446767006,14.2,3578.1782766912215,393.462812601158,124.33823346393879,60.65052948836195,378.9089138345611,7.466599628218618,6.338319446767006,0.0,0.0,0.0,0.0,0.0,0.0,0.0,0.0,0.0,0.0,0.0,0.0,0.0,0.0,1,NORMAL,0.0,2026-01-01T00:02:00+00:00,False
2026-01-01T00:02:12Z,ENG-DATASET-001,MSN-NORMAL-001,CRUISE,8500.0,23.0,0.5986464397289263,0.4713535602710737,3562.812692614989,392.2905244911218,124.01167322982296,60.50384369465766,378.14063463074945,7.430756610012201,6.774908247650886,14.2,3562.812692614989,392.2905244911218,124.01167322982296,60.50384369465766,378.14063463074945,7.430756610012201,6.774908247650886,0.0,0.0,0.0,0.0,0.0,0.0,0.0,0.0,0.0,0.0,0.0,0.0,0.0,0.0,1,NORMAL,0.0,2026-01-01T00:02:00+00:00,False
2026-01-01T00:02:13Z,ENG-DATASET-001,MSN-NORMAL-001,CRUISE,8500.0,23.0,0.5961859123357582,0.47381408766424177,3549.2797919525647,391.2593028868184,123.69198847901113,60.35970029568375,377.46398959762826,7.39921882857926,6.514459598154318,14.2,3549.2797919525647,391.2593028868184,123.69198847901113,60.35970029568375,377.46398959762826,7.39921882857926,6.514459598154318,0.0,0.0,0.0,0.0,0.0,0.0,0.0,0.0,0.0,0.0,0.0,0.0,0.0,0.0,1,NORMAL,0.0,2026-01-01T00:02:00+00:00,False
2026-01-01T00:02:14Z,ENG-DATASET-001,MSN-NORMAL-001,CRUISE,8500.0,23.0,0.5940969958157628,0.4759030041842372,3537.7907510925897,390.3847398547916,123.3824081274798,60.21849977250664,376.8895375546295,7.372466312851876,5.90831979401219,14.2,3537.7907510925897,390.3847398547916,123.3824081274798,60.21849977250664,376.8895375546295,7.372466312851876,5.90831979401219,0.0,0.0,0.0,0.0,0.0,0.0,0.0,0.0,0.0,0.0,0.0,0.0,0.0,0.0,1,NORMAL,0.0,2026-01-01T00:02:00+00:00,False
2026-01-01T00:02:15Z,ENG-DATASET-001,MSN-NORMAL-001,CRUISE,8500.0,23.0,0.5924122870125784,0.4775877129874216,3528.5248526750756,389.68001667400773,123.08616773158202,60.080670636738795,376.42624263375376,7.3509052385026985,5.806389667019541,14.2,3528.5248526750756,389.68001667400773,123.08616773158202,60.080670636738795,376.42624263375376,7.3509052385026985,5.806389667019541,0.0,0.0,0.0,0.0,0.0,0.0,0.0,0.0,0.0,0.0,0.0,0.0,0.0,0.0,1,NORMAL,0.0,2026-01-01T00:02:00+00:00,False
2026-01-01T00:02:16Z,ENG-DATASET-001,MSN-NORMAL-001,CRUISE,8500.0,23.0,0.5911580752436133,0.4788419247563867,3521.626687945767,389.15572670796826,122.80644412612303,59.9466597856328,376.0813343972884,7.334862281607698,6.339781076443363,14.2,3521.626687945767,389.15572670796826,122.80644412612303,59.9466597856328,376.0813343972884,7.334862281607698,6.339781076443363,0.0,0.0,0.0,0.0,0.0,0.0,0.0,0.0,0.0,0.0,0.0,0.0,0.0,0.0,1,NORMAL,0.0,2026-01-01T00:02:00+00:00,False
2026-01-01T00:02:17Z,ENG-DATASET-001,MSN-NORMAL-001,CRUISE,8500.0,23.0,0.5903539320640401,0.4796460679359599,3517.2039004581147,388.81973478124024,122.54629308304173,59.81692268859864,375.8601950229057,7.3245801189022455,6.73320897999545,14.2,3517.2039004581147,388.81973478124024,122.54629308304173,59.81692268859864,375.8601950229057,7.3245801189022455,6.73320897999545,0.0,0.0,0.0,0.0,0.0,0.0,0.0,0.0,0.0,0.0,0.0,0.0,0.0,0.0,1,NORMAL,0.0,2026-01-01T00:02:00+00:00,False
2026-01-01T00:02:18Z,ENG-DATASET-001,MSN-NORMAL-001,CRUISE,8500.0,23.0,0.5900124058592234,0.4799875941407765,3515.3255063316233,388.6770737767135,122.3085906191554,59.691913553547444,375.7662753165812,7.320214109041378,6.415896758769881,14.2,3515.3255063316233,388.6770737767135,122.3085906191554,59.691913553547444,375.7662753165812,7.320214109041378,6.415896758769881,0.0,0.0,0.0,0.0,0.0,0.0,0.0,0.0,0.0,0.0,0.0,0.0,0.0,0.0,1,NORMAL,0.0,2026-01-01T00:02:00+00:00,False
2026-01-01T00:02:19Z,ENG-DATASET-001,MSN-NORMAL-001,CRUISE,8500.0,23.0,0.5901388260313631,0.4798611739686368,3516.020817278392,388.7298789143926,122.09597853009967,59.57207562196876,375.80104086391964,7.321830178726806,5.839425105997905,14.2,3516.020817278392,388.7298789143926,122.09597853009967,59.57207562196876,375.80104086391964,7.321830178726806,5.839425105997905,0.0,0.0,0.0,0.0,0.0,0.0,0.0,0.0,0.0,0.0,0.0,0.0,0.0,0.0,1,NORMAL,0.0,2026-01-01T00:02:00+00:00,False
2026-01-01T00:02:20Z,ENG-DATASET-001,MSN-NORMAL-001,CRUISE,8500.0,23.0,0.5907312198359552,0.4792687801640447,3519.278983203648,388.97735997489394,121.91081467646205,59.457831739821586,375.96394916018244,7.329403928218242,5.830810574177328,14.2,3519.278983203648,388.97735997489394,121.91081467646205,59.457831739821586,375.96394916018244,7.329403928218242,5.830810574177328,0.0,0.0,0.0,0.0,0.0,0.0,0.0,0.0,0.0,0.0,0.0,0.0,0.0,0.0,1,NORMAL,0.0,2026-01-01T00:02:00+00:00,False
2026-01-01T00:02:21Z,ENG-DATASET-001,MSN-NORMAL-001,CRUISE,8500.0,23.0,0.5917803431658103,0.47821965683418965,3525.049161517851,389.41581157183236,121.75512849811166,59.349575347189834,376.2524580758926,7.342820962211035,6.407641643475022,14.2,3525.049161517851,389.41581157183236,121.75512849811166,59.349575347189834,376.2524580758926,7.342820962211035,6.407641643475022,0.0,0.0,0.0,0.0,0.0,0.0,0.0,0.0,0.0,0.0,0.0,0.0,0.0,0.0,1,NORMAL,0.0,2026-01-01T00:02:00+00:00,False
2026-01-01T00:02:22Z,ENG-DATASET-001,MSN-NORMAL-001,CRUISE,8500.0,23.0,0.5932698248022544,0.47673017519774563,3533.2413105182936,390.03866143505763,121.63058218417693,59.24766202328558,376.6620655259147,7.3618784438785285,6.752798262615128,14.2,3533.2413105182936,390.03866143505763,121.63058218417693,59.24766202328558,376.6620655259147,7.3618784438785285,6.752798262615128,0.0,0.0,0.0,0.0,0.0,0.0,0.0,0.0,0.0,0.0,0.0,0.0,0.0,0.0,1,NORMAL,0.0,2026-01-01T00:02:00+00:00,False
2026-01-01T00:02:23Z,ENG-DATASET-001,MSN-NORMAL-001,CRUISE,8500.0,23.0,0.5951764218825207,0.4748235781174793,3543.7275944597586,390.8365565182512,121.53843787871551,59.152401714878394,377.1863797229879,7.38628786156319,6.384974837502947,14.2,3543.7275944597586,390.8365565182512,121.53843787871551,59.152401714878394,377.1863797229879,7.38628786156319,6.384974837502947,0.0,0.0,0.0,0.0,0.0,0.0,0.0,0.0,0.0,0.0,0.0,0.0,0.0,0.0,1,NORMAL,0.0,2026-01-01T00:02:00+00:00,False
2026-01-01T00:02:24Z,ENG-DATASET-001,MSN-NORMAL-001,CRUISE,8500.0,23.0,0.5974703825968497,0.4725296174031503,3556.3443783885677,391.7974865671218,121.47953125502201,59.06405176571875,377.8172189194284,7.41567898868157,5.84802917110906,14.2,3556.3443783885677,391.7974865671218,121.47953125502201,59.06405176571875,377.8172189194284,7.41567898868157,5.84802917110906,0.0,0.0,0.0,0.0,0.0,0.0,0.0,0.0,0.0,0.0,0.0,0.0,0.0,0.0,1,NORMAL,0.0,2026-01-01T00:02:00+00:00,False
2026-01-01T00:02:25Z,ENG-DATASET-001,MSN-NORMAL-001,CRUISE,8500.0,23.0,0.6001159104555293,0.46988408954447075,3570.894781611305,392.9069445577272,121.45425174346299,58.982810852172356,378.54473908056525,7.4496050074572535,5.9315471408111415,14.2,3570.894781611305,392.9069445577272,121.45425174346299,58.982810852172356,378.54473908056525,7.4496050074572535,5.9315471408111415,0.0,0.0,0.0,0.0,0.0,0.0,0.0,0.0,0.0,0.0,0.0,0.0,0.0,0.0,1,NORMAL,0.0,2026-01-01T00:02:00+00:00,False
2026-01-01T00:02:26Z,ENG-DATASET-001,MSN-NORMAL-001,CRUISE,8500.0,23.0,0.6030717228811443,0.46692827711885565,3587.1517499521883,394.1481231210936,121.46252964714404,58.90881391628351,379.3575874976094,7.487548755765976,6.539305216275755,14.2,3587.1517499521883,394.1481231210936,121.46252964714404,58.90881391628351,379.3575874976094,7.487548755765976,6.539305216275755,0.0,0.0,0.0,0.0,0.0,0.0,0.0,0.0,0.0,0.0,0.0,0.0,0.0,0.0,1,NORMAL,0.0,2026-01-01T00:02:00+00:00,False
2026-01-01T00:02:27Z,ENG-DATASET-001,MSN-NORMAL-001,CRUISE,8500.0,23.0,0.6062916954093903,0.4637083045906097,3604.8615988575407,395.5021456978853,121.50383032487676,58.842128172057585,380.24307994287705,7.528930043433097,6.826761939174523,14.2,3604.8615988575407,395.5021456978853,121.50383032487676,58.842128172057585,380.24307994287705,7.528930043433097,6.826761939174523,0.0,0.0,0.0,0.0,0.0,0.0,0.0,0.0,0.0,0.0,0.0,0.0,0.0,0.0,1,NORMAL,0.0,2026-01-01T00:02:00+00:00,False
2026-01-01T00:02:28Z,ENG-DATASET-001,MSN-NORMAL-001,CRUISE,8500.0,23.0,0.6097255814459116,0.4602744185540884,3623.747972058408,396.94833070894117,121.57715556011262,58.78275024413653,381.18739860292044,7.5731139696703345,6.410603378029214,14.2,3623.747972058408,396.94833070894117,121.57715556011262,58.78275024413653,381.18739860292044,7.5731139696703345,6.410603378029214,0.0,0.0,0.0,0.0,0.0,0.0,0.0,0.0,0.0,0.0,0.0,0.0,0.0,0.0,1,NORMAL,0.0,2026-01-01T00:02:00+00:00,False
2026-01-01T00:02:29Z,ENG-DATASET-001,MSN-NORMAL-001,CRUISE,8500.0,23.0,0.6133197963476013,0.4566802036523988,3643.5161540177014,398.4644864844161,121.68105216621176,58.730604480496766,382.1758077008851,7.619420157040995,5.9174626374382315,14.2,3643.5161540177014,398.4644864844161,121.68105216621176,58.730604480496766,382.1758077008851,7.619420157040995,5.9174626374382315,0.0,0.0,0.0,0.0,0.0,0.0,0.0,0.0,0.0,0.0,0.0,0.0,0.0,0.0,1,NORMAL,0.0,2026-01-01T00:02:00+00:00,False
2026-01-01T00:02:30Z,ENG-DATASET-001,MSN-NORMAL-001,CRUISE,8500.0,23.0,0.6170182535930345,0.4529817464069655,3663.8576688675844,400.0272340739738,121.81362780143992,58.68554246259912,383.19288344337923,7.6671327996416565,6.0856832979863,14.2,3663.8576688675844,400.0272340739738,121.81362780143992,58.68554246259912,383.19288344337923,7.6671327996416565,6.0856832979863,0.0,0.0,0.0,0.0,0.0,0.0,0.0,0.0,0.0,0.0,0.0,0.0,0.0,0.0,1,NORMAL,0.0,2026-01-01T00:02:00+00:00,False
2026-01-01T00:02:31Z,ENG-DATASET-001,MSN-NORMAL-001,CRUISE,8500.0,23.0,0.6207632399938777,0.44923676000612234,3684.4550940722215,401.612354378487,121.9725738807581,58.64734371785096,384.2227547036111,7.715511404501298,6.707015821326856,14.2,3684.4550940722215,401.612354378487,121.9725738807581,58.64734371785096,384.2227547036111,7.715511404501298,6.707015821326856,0.0,0.0,0.0,0.0,0.0,0.0,0.0,0.0,0.0,0.0,0.0,0.0,0.0,0.0,1,NORMAL,0.0,2026-01-01T00:02:00+00:00,False
2026-01-01T00:02:32Z,ENG-DATASET-001,MSN-NORMAL-001,CRUISE,8500.0,23.0,0.6244963162898886,0.44550368371011145,3704.9870137002818,403.1951553231183,122.15519537576026,58.61571762059003,385.24935068501406,7.763802086119333,6.924460440515723,14.2,3704.9870137002818,403.1951553231183,122.15519537576026,58.61571762059003,385.24935068501406,7.763802086119333,6.924460440515723,0.0,0.0,0.0,0.0,0.0,0.0,0.0,0.0,0.0,0.0,0.0,0.0,0.0,0.0,1,NORMAL,0.0,2026-01-01T00:02:00+00:00,False
2026-01-01T00:02:33Z,ENG-DATASET-001,MSN-NORMAL-001,CRUISE,8500.0,23.0,0.6281592290740277,0.44184077092597235,3725.133034013046,404.75085406218335,122.35844718973881,58.59030644936027,386.25665170065236,7.811249255337364,6.459552261616129,14.2,3725.133034013046,404.75085406218335,122.35844718973881,58.59030644936027,386.25665170065236,7.811249255337364,6.459552261616129,0.0,0.0,0.0,0.0,0.0,0.0,0.0,0.0,0.0,0.0,0.0,0.0,0.0,0.0,1,NORMAL,0.0,2026-01-01T00:02:00+00:00,False
2026-01-01T00:02:34Z,ENG-DATASET-001,MSN-NORMAL-001,CRUISE,8500.0,23.0,0.6316948198173914,0.43830518018260867,3744.578783101547,406.25496850315903,122.57897668334391,58.57068955030857,387.22893915507734,7.857107526237212,6.010795198221704,14.2,3744.578783101547,406.25496850315903,122.57897668334391,58.57068955030857,387.22893915507734,7.857107526237212,6.010795198221704,0.0,0.0,0.0,0.0,0.0,0.0,0.0,0.0,0.0,0.0,0.0,0.0,0.0,0.0,1,NORMAL,0.0,2026-01-01T00:02:00+00:00,False
2026-01-01T00:02:35Z,ENG-DATASET-001,MSN-NORMAL-001,CRUISE,8500.0,23.0,0.6350479168089384,0.4349520831910616,3763.0208165550553,407.6837117995656,122.81317180999866,58.55638853936968,388.1510408277528,7.9006536494318995,6.252426202065713,14.2,3763.0208165550553,407.6837117995656,122.81317180999866,58.55638853936968,388.1510408277528,7.9006536494318995,6.252426202065713,0.0,0.0,0.0,0.0,0.0,0.0,0.0,0.0,0.0,0.0,0.0,0.0,0.0,0.0,1,NORMAL,0.0,2026-01-01T00:02:00+00:00,False
2026-01-01T00:02:36Z,ENG-DATASET-001,MSN-NORMAL-001,CRUISE,8500.0,23.0,0.638166196091588,0.431833803908412,3780.1713526096287,409.0143829308334,123.05721420226963,58.54687345979084,389.0085676304815,7.941198267948354,6.867963775116199,14.2,3780.1713526096287,409.0143829308334,123.05721420226963,58.54687345979084,389.0085676304815,7.941198267948354,6.867963775116199,0.0,0.0,0.0,0.0,0.0,0.0,0.0,0.0,0.0,0.0,0.0,0.0,0.0,0.0,1,NORMAL,0.0,2026-01-01T00:02:00+00:00,False
2026-01-01T00:02:37Z,ENG-DATASET-001,MSN-NORMAL-001,CRUISE,8500.0,23.0,0.64100099796007,0.42899900203993,3795.76276288628,410.22574610128595,123.30713643457482,58.54156979673094,389.788138144314,7.978097283839477,7.003159881607319,14.2,3795.76276288628,410.22574610128595,123.30713643457482,58.54156979673094,389.788138144314,7.978097283839477,7.003159881607319,0.0,0.0,0.0,0.0,0.0,0.0,0.0,0.0,0.0,0.0,0.0,0.0,0.0,0.0,1,NORMAL,0.0,2026-01-01T00:02:00+00:00,False
2026-01-01T00:02:38Z,ENG-DATASET-001,MSN-NORMAL-001,CRUISE,8500.0,23.0,0.6435080862793506,0.4264919137206494,3809.551748642323,411.29839148599217,123.55888257826714,58.53986623738165,390.47758743211614,8.010762620560095,6.489429325968566,14.2,3809.551748642323,411.29839148599217,123.55888257826714,58.53986623738165,390.47758743211614,8.010762620560095,6.489429325968566,0.0,0.0,0.0,0.0,0.0,0.0,0.0,0.0,0.0,0.0,0.0,0.0,0.0,0.0,1,NORMAL,0.0,2026-01-01T00:02:00+00:00,False
2026-01-01T00:02:39Z,ENG-DATASET-001,MSN-NORMAL-001,CRUISE,8500.0,23.0,0.645648338774725,0.42435166122527496,3821.323137366882,412.21506985807974,123.80837106689242,58.541123053508194,391.06615686834414,8.038672168684581,6.084985868050643,14.2,3821.323137366882,412.21506985807974,123.80837106689242,58.541123053508194,391.06615686834414,8.038672168684581,6.084985868050643,0.0,0.0,0.0,0.0,0.0,0.0,0.0,0.0,0.0,0.0,0.0,0.0,0.0,0.0,1,NORMAL,0.0,2026-01-01T00:02:00+00:00,False
2026-01-01T00:02:40Z,ENG-DATASET-001,MSN-NORMAL-001,CRUISE,8500.0,23.0,0.6473883575218288,0.4226116424781712,3830.8932404759526,412.96099387085354,124.05155880697451,58.54468097367495,391.5446620237976,8.061378711198032,6.3882213537621775,14.2,3830.8932404759526,412.96099387085354,124.05155880697451,58.54468097367495,391.5446620237976,8.061378711198032,6.3882213537621775,0.0,0.0,0.0,0.0,0.0,0.0,0.0,0.0,0.0,0.0,0.0,0.0,0.0,0.0,1,NORMAL,0.0,2026-01-01T00:02:00+00:00,False
2026-01-01T00:02:41Z,ENG-DATASET-001,MSN-NORMAL-001,CRUISE,8500.0,23.0,0.6487009901100778,0.42129900988992225,3838.1127197113215,413.524099248546,124.28450540749071,58.549870404856996,391.90563598556605,8.078517639550741,6.980108505619739,14.2,3838.1127197113215,413.524099248546,124.28450540749071,58.549870404856996,391.90563598556605,8.078517639550741,6.980108505619739,0.0,0.0,0.0,0.0,0.0,0.0,0.0,0.0,0.0,0.0,0.0,0.0,0.0,0.0,1,NORMAL,0.0,2026-01-01T00:02:00+00:00,False
2026-01-01T00:02:42Z,ENG-DATASET-001,MSN-NORMAL-001,CRUISE,8500.0,23.0,0.6495657533469535,0.4204342466530464,3842.868917514139,413.895259859114,124.50343636321949,58.55602085776051,392.14344587570696,8.08981329281199,7.0242906105364575,14.2,3842.868917514139,413.895259859114,124.50343636321949,58.55602085776051,392.14344587570696,8.08981329281199,7.0242906105364575,0.0,0.0,0.0,0.0,0.0,0.0,0.0,0.0,0.0,0.0,0.0,0.0,0.0,0.0,1,NORMAL,0.0,2026-01-01T00:02:00+00:00,False
2026-01-01T00:02:43Z,ENG-DATASET-001,MSN-NORMAL-001,CRUISE,8500.0,23.0,0.6499691528913724,0.42003084710862765,3845.0876150084423,414.0684515856399,124.70480401653855,58.56247042706737,392.2543807504221,8.095083779159177,6.465127986515147,14.2,3845.0876150084423,414.0684515856399,124.70480401653855,58.56247042706737,392.2543807504221,8.095083779159177,6.465127986515147,0.0,0.0,0.0,0.0,0.0,0.0,0.0,0.0,0.0,0.0,0.0,0.0,0.0,0.0,1,NORMAL,0.0,2026-01-01T00:02:00+00:00,False
2026-01-01T00:02:44Z,ENG-DATASET-001,MSN-NORMAL-001,CRUISE,8500.0,23.0,0.649904893828364,0.42009510617163603,3844.7341901618965,414.04086105128704,124.88534514116687,58.56857517703032,392.2367095080948,8.094244170843194,6.107292083811815,14.2,3844.7341901618965,414.04086105128704,124.88534514116687,58.56857517703032,392.2367095080948,8.094244170843194,6.107292083811815,0.0,0.0,0.0,0.0,0.0,0.0,0.0,0.0,0.0,0.0,0.0,0.0,0.0,0.0,1,NORMAL,0.0,2026-01-01T00:02:00+00:00,False
2026-01-01T00:02:45Z,ENG-DATASET-001,MSN-NORMAL-001,CRUISE,8500.0,23.0,0.6493739788991146,0.4206260211008854,3841.8141580510246,413.81293654661533,125.04213404071557,58.57371828438766,392.09070790255123,8.087307999649175,6.462876556609981,14.2,3841.8141580510246,413.81293654661533,125.04213404071557,58.57371828438766,392.09070790255123,8.087307999649175,6.462876556609981,0.0,0.0,0.0,0.0,0.0,0.0,0.0,0.0,0.0,0.0,0.0,0.0,0.0,0.0,1,NORMAL,0.0,2026-01-01T00:02:00+00:00,False
2026-01-01T00:02:46Z,ENG-DATASET-001,MSN-NORMAL-001,CRUISE,8500.0,23.0,0.6483846928535261,0.4216153071464739,3836.3730848002874,413.3883799082747,125.17263013435088,58.57731879441613,391.8186542400144,8.074387018463243,7.017742045840086,14.2,3836.3730848002874,413.3883799082747,125.17263013435088,58.57731879441613,391.8186542400144,8.074387018463243,7.017742045840086,0.0,0.0,0.0,0.0,0.0,0.0,0.0,0.0,0.0,0.0,0.0,0.0,0.0,0.0,1,NORMAL,0.0,2026-01-01T00:02:00+00:00,False
2026-01-01T00:02:47Z,ENG-DATASET-001,MSN-NORMAL-001,CRUISE,8500.0,23.0,0.6469524731694647,0.42304752683053537,3828.4958765379506,412.77407954895386,125.27471910963965,58.57883985203797,391.42479382689754,8.055689234437862,6.968184484356749,14.2,3828.4958765379506,412.77407954895386,125.27471910963965,58.57883985203797,391.42479382689754,8.055689234437862,6.968184484356749,0.0,0.0,0.0,0.0,0.0,0.0,0.0,0.0,0.0,0.0,0.0,0.0,0.0,0.0,1,NORMAL,0.0,2026-01-01T00:02:00+00:00,False
2026-01-01T00:02:48Z,ENG-DATASET-001,MSN-NORMAL-001,CRUISE,8500.0,23.0,0.6450996691560816,0.4249003308439183,3818.3054544643433,411.9799862812247,125.3467468557063,58.577796278147666,390.9152727232172,8.031515258924266,6.372519051935438,14.2,3818.3054544643433,411.9799862812247,125.3467468557063,58.577796278147666,390.9152727232172,8.031515258924266,6.372519051935438,0.0,0.0,0.0,0.0,0.0,0.0,0.0,0.0,0.0,0.0,0.0,0.0,0.0,0.0,1,NORMAL,0.0,2026-01-01T00:02:00+00:00,False
2026-01-01T00:02:49Z,ENG-DATASET-001,MSN-NORMAL-001,CRUISE,8500.0,23.0,0.6428551932003197,0.4271448067996803,3805.960836707652,411.0189349542717,125.38754554399246,58.57376137159707,390.2980418353826,8.002253057323326,6.067731379384719,14.2,3805.960836707652,411.0189349542717,125.38754554399246,58.57376137159707,390.2980418353826,8.002253057323326,6.067731379384719,0.0,0.0,0.0,0.0,0.0,0.0,0.0,0.0,0.0,0.0,0.0,0.0,0.0,0.0,1,NORMAL,0.0,2026-01-01T00:02:00+00:00,False
2026-01-01T00:02:50Z,ENG-DATASET-001,MSN-NORMAL-001,CRUISE,8500.0,23.0,0.6402540695987841,0.429745930401216,3791.654656899207,409.9064161782347,125.39645139404908,58.56637282941454,389.58273284496033,7.968371216911359,6.470604701552204,14.2,3791.654656899207,409.9064161782347,125.39645139404908,58.56637282941454,389.58273284496033,7.968371216911359,6.470604701552204,0.0,0.0,0.0,0.0,0.0,0.0,0.0,0.0,0.0,0.0,0.0,0.0,0.0,0.0,1,NORMAL,0.0,2026-01-01T00:02:00+00:00,False
2026-01-01T00:02:51Z,ENG-DATASET-001,MSN-NORMAL-001,CRUISE,8500.0,23.0,0.6373368880153083,0.43266311198469176,3775.6101581900907,408.6603034992343,125.37331384212503,58.55533769164434,388.78050790950454,7.930410881320695,6.9809148736127975,14.2,3775.6101581900907,408.6603034992343,125.37331384212503,58.55533769164434,388.78050790950454,7.930410881320695,6.9809148736127975,0.0,0.0,0.0,0.0,0.0,0.0,0.0,0.0,0.0,0.0,0.0,0.0,0.0,0.0,1,NORMAL,0.0,2026-01-01T00:02:00+00:00,False
2026-01-01T00:02:52Z,ENG-DATASET-001,MSN-NORMAL-001,CRUISE,8500.0,23.0,0.6341491700928259,0.4358508299071741,3758.077709616436,407.3005422722394,125.3184960147185,58.540436232462675,387.9038854808218,7.888976525737652,6.841716365553869,14.2,3758.077709616436,407.3005422722394,125.3184960147185,58.540436232462675,387.9038854808218,7.888976525737652,6.841716365553869,0.0,0.0,0.0,0.0,0.0,0.0,0.0,0.0,0.0,0.0,0.0,0.0,0.0,0.0,1,NORMAL,0.0,2026-01-01T00:02:00+00:00,False
2026-01-01T00:02:53Z,ENG-DATASET-001,MSN-NORMAL-001,CRUISE,8500.0,23.0,0.6307406591033574,0.4392593408966426,3739.33089917436,405.84880713392636,125.23286659159481,58.52152473571656,386.96654495871803,7.844725766358906,6.224202846800589,14.2,3739.33089917436,405.84880713392636,125.23286659159481,58.52152473571656,386.96654495871803,7.844725766358906,6.224202846800589,0.0,0.0,0.0,0.0,0.0,0.0,0.0,0.0,0.0,0.0,0.0,0.0,0.0,0.0,1,NORMAL,0.0,2026-01-01T00:02:00+00:00,False
2026-01-01T00:02:54Z,ENG-DATASET-001,MSN-NORMAL-001,CRUISE,8500.0,23.0,0.6271645437208875,0.4428354562791125,3719.662264570775,404.3281353915534,125.11778331722417,58.49853711048561,385.98311322853874,7.7983584108733295,5.982882749093877,14.2,3719.662264570775,404.3281353915534,125.11778331722417,58.49853711048561,385.98311322853874,7.7983584108733295,5.982882749093877,0.0,0.0,0.0,0.0,0.0,0.0,0.0,0.0,0.0,0.0,0.0,0.0,0.0,0.0,1,NORMAL,0.0,2026-01-01T00:02:00+00:00,False
2026-01-01T00:02:55Z,ENG-DATASET-001,MSN-NORMAL-001,CRUISE,8500.0,23.0,0.6234766280298968,0.4465233719701032,3699.3787282703274,402.76254381753375,124.97506858094009,58.4714853204112,384.9689364135164,7.750604963682713,6.431816937281673,14.2,3699.3787282703274,402.76254381753375,124.97506858094009,58.4714853204112,384.9689364135164,7.750604963682713,6.431816937281673,0.0,0.0,0.0,0.0,0.0,0.0,0.0,0.0,0.0,0.0,0.0,0.0,0.0,0.0,1,NORMAL,0.0,2026-01-01T00:02:00+00:00,False
2026-01-01T00:02:56Z,ENG-DATASET-001,MSN-NORMAL-001,CRUISE,8500.0,23.0,0.6197344607212879,0.4502655392787121,3678.796808072978,401.1766362857894,124.80697762999081,58.44045861909029,383.9398404036489,7.702214800511897,6.8951656018790395,14.2,3678.796808072978,401.1766362857894,124.80697762999081,58.44045861909029,383.9398404036489,7.702214800511897,6.8951656018790395,0.0,0.0,0.0,0.0,0.0,0.0,0.0,0.0,0.0,0.0,0.0,0.0,0.0,0.0,1,NORMAL,0.0,2026-01-01T00:02:00+00:00,False
2026-01-01T00:02:57Z,ENG-DATASET-001,MSN-NORMAL-001,CRUISE,8500.0,23.0,0.6159964370643114,0.4540035629356886,3658.237677959607,399.5952094285136,124.61616010270457,58.40562160250199,382.9118838979804,7.653944222519086,6.6759571743928765,14.2,3658.237677959607,399.5952094285136,124.61616010270457,58.40562160250199,382.9118838979804,7.653944222519086,6.6759571743928765,0.0,0.0,0.0,0.0,0.0,0.0,0.0,0.0,0.0,0.0,0.0,0.0,0.0,0.0,1,NORMAL,0.0,2026-01-01T00:02:00+00:00,False
2026-01-01T00:02:58Z,ENG-DATASET-001,MSN-NORMAL-001,CRUISE,8500.0,23.0,0.61232088766792,0.45767911233208003,3638.0221562794545,398.04286306223344,124.40561566898995,58.36721110793344,381.90110781397277,7.606544590738969,6.055139696662035,14.2,3638.0221562794545,398.04286306223344,124.40561566898995,58.36721110793344,381.90110781397277,7.606544590738969,6.055139696662035,0.0,0.0,0.0,0.0,0.0,0.0,0.0,0.0,0.0,0.0,0.0,0.0,0.0,0.0,1,NORMAL,0.0,2026-01-01T00:02:00+00:00,False
2026-01-01T00:02:59Z,ENG-DATASET-001,MSN-NORMAL-001,CRUISE,8500.0,23.0,0.6087651682511251,0.46123483174887486,3618.4656994870825,396.54362156733583,124.17864464127436,58.32553200690872,380.92328497435415,7.560750728560068,5.889590024605308,14.2,3618.4656994870825,396.54362156733583,124.17864464127436,58.32553200690872,380.92328497435415,7.560750728560068,5.889590024605308,0.0,0.0,0.0,0.0,0.0,0.0,0.0,0.0,0.0,0.0,0.0,0.0,0.0,0.0,1,NORMAL,0.0,2026-01-01T00:02:00+00:00,False
2026-01-01T00:03:00Z,ENG-DATASET-001,MSN-NORMAL-001,CRUISE,8500.0,23.0,0.6053847646261847,0.46461523537381527,3599.8734795499104,395.12057174561903,123.9387944707874,58.28095195691832,379.9936739774955,7.5172697639171355,6.3849952216544406,14.2,3599.8734795499104,395.12057174561903,123.9387944707874,58.28095195691832,379.9936739774955,7.5172697639171355,6.3849952216544406,0.0,0.0,0.0,0.0,0.0,0.0,0.0,0.0,0.0,0.0,0.0,0.0,0.0,0.0,1,NORMAL,0.0,2026-01-01T00:02:00+00:00,False
2026-01-01T00:03:01Z,ENG-DATASET-001,MSN-NORMAL-001,CRUISE,8500.0,23.0,0.6022324268610607,0.46776757313893935,3582.5356218417282,393.7955219663779,123.6898030728681,58.233895193028715,379.1267810920864,7.476770564948997,6.801661136593747,14.2,3582.5356218417282,393.7955219663779,123.6898030728681,58.233895193028715,379.1267810920864,7.476770564948997,6.801661136593747,0.0,0.0,0.0,0.0,0.0,0.0,0.0,0.0,0.0,0.0,0.0,0.0,0.0,0.0,1,NORMAL,0.0,2026-01-01T00:02:00+00:00,False
2026-01-01T00:03:02Z,ENG-DATASET-001,MSN-NORMAL-001,CRUISE,8500.0,23.0,0.5993573461322511,0.4706426538677489,3566.7226778332756,392.58868668119953,123.43553993261128,58.184835455466576,378.3361338916638,7.439873903966742,6.514721378160282,14.2,3566.7226778332756,392.58868668119953,123.43553993261128,58.184835455466576,378.3361338916638,7.439873903966742,6.514721378160282,0.0,0.0,0.0,0.0,0.0,0.0,0.0,0.0,0.0,0.0,0.0,0.0,0.0,0.0,1,NORMAL,0.0,2026-01-01T00:02:00+00:00,False
2026-01-01T00:03:03Z,ENG-DATASET-001,MSN-NORMAL-001,CRUISE,8500.0,23.0,0.5968043871129334,0.4731956128870666,3552.6814032270277,391.51839967494266,123.17994593122371,58.13428816278622,377.63407016135136,7.407143465536953,5.909803836407626,14.2,3552.6814032270277,391.51839967494266,123.17994593122371,58.13428816278622,377.63407016135136,7.407143465536953,5.909803836407626,0.0,0.0,0.0,0.0,0.0,0.0,0.0,0.0,0.0,0.0,0.0,0.0,0.0,0.0,1,NORMAL,0.0,2026-01-01T00:02:00+00:00,False
2026-01-01T00:03:04Z,ENG-DATASET-001,MSN-NORMAL-001,CRUISE,8500.0,23.0,0.5946133878747448,0.4753866121252551,3540.630907416991,390.6008587533404,122.92697280693486,58.082801952031744,377.0315453708496,7.379077796016529,5.830948355395374,14.2,3540.630907416991,390.6008587533404,122.92697280693486,58.082801952031744,377.0315453708496,7.379077796016529,5.830948355395374,0.0,0.0,0.0,0.0,0.0,0.0,0.0,0.0,0.0,0.0,0.0,0.0,0.0,0.0,1,NORMAL,0.0,2026-01-01T00:02:00+00:00,False
2026-01-01T00:03:05Z,ENG-DATASET-001,MSN-NORMAL-001,CRUISE,8500.0,23.0,0.5928185382279987,0.47718146177200127,3530.759234359887,389.84990396731456,122.68052312542423,58.03094971721185,376.53796171799434,7.356103274525059,6.371724252228911,14.2,3530.759234359887,389.84990396731456,122.68052312542423,58.03094971721185,376.53796171799434,7.356103274525059,6.371724252228911,0.0,0.0,0.0,0.0,0.0,0.0,0.0,0.0,0.0,0.0,0.0,0.0,0.0,0.0,1,NORMAL,0.0,2026-01-01T00:02:00+00:00,False
2026-01-01T00:03:06Z,ENG-DATASET-001,MSN-NORMAL-001,CRUISE,8500.0,23.0,0.5914478462011294,0.4785521537988706,3523.220428212106,389.27683095393047,122.44439158673006,57.979319285261944,376.1610214106053,7.338568169478069,6.741478645485001,14.2,3523.220428212106,389.27683095393047,122.44439158673006,57.979319285261944,376.1610214106053,7.338568169478069,6.741478645485001,0.0,0.0,0.0,0.0,0.0,0.0,0.0,0.0,0.0,0.0,0.0,0.0,0.0,0.0,1,NORMAL,0.0,2026-01-01T00:02:00+00:00,False
2026-01-01T00:03:07Z,ENG-DATASET-001,MSN-NORMAL-001,CRUISE,8500.0,23.0,0.5905227009847764,0.4794772990152236,3518.132129522165,388.8902405396953,122.22220844154944,57.928503874351726,375.90660647610827,7.326737830620655,6.398333628007632,14.2,3518.132129522165,388.8902405396953,122.22220844154944,57.928503874351726,375.90660647610827,7.326737830620655,6.398333628007632,0.0,0.0,0.0,0.0,0.0,0.0,0.0,0.0,0.0,0.0,0.0,0.0,0.0,0.0,1,NORMAL,0.0,2026-01-01T00:02:00+00:00,False
2026-01-01T00:03:08Z,ENG-DATASET-001,MSN-NORMAL-001,CRUISE,8500.0,23.0,0.5900575391606181,0.4799424608393819,3515.573739489294,388.69592540210016,122.017385732447,57.879092482818244,375.7786869744647,7.320791054015701,5.825710975929994,14.2,3515.573739489294,388.69592540210016,122.017385732447,57.879092482818244,375.7786869744647,7.320791054015701,5.825710975929994,0.0,0.0,0.0,0.0,0.0,0.0,0.0,0.0,0.0,0.0,0.0,0.0,0.0,0.0,1,NORMAL,0.0,2026-01-01T00:02:00+00:00,False
2026-01-01T00:03:09Z,ENG-DATASET-001,MSN-NORMAL-001,CRUISE,8500.0,23.0,0.5900596194233431,0.4799403805766569,3515.585180934281,388.69679431169413,121.83306701699465,57.83166035811195,375.77925904671406,7.320817646517972,5.839873411824439,14.2,3515.585180934281,388.69679431169413,121.83306701699465,57.83166035811195,375.77925904671406,7.320817646517972,5.839873411824439,0.0,0.0,0.0,0.0,0.0,0.0,0.0,0.0,0.0,0.0,0.0,0.0,0.0,0.0,1,NORMAL,0.0,2026-01-01T00:02:00+00:00,False
2026-01-01T00:03:10Z,ENG-DATASET-001,MSN-NORMAL-001,CRUISE,8500.0,23.0,0.5905289093111473,0.4794710906888527,3518.1662753172045,388.89283426571404,121.67208117193803,57.78675969391796,375.90831376586027,7.326817206636149,6.420549183186082,14.2,3518.1662753172045,388.89283426571404,121.67208117193803,57.78675969391796,375.90831376586027,7.326817206636149,6.420549183186082,0.0,0.0,0.0,0.0,0.0,0.0,0.0,0.0,0.0,0.0,0.0,0.0,0.0,0.0,1,NORMAL,0.0,2026-01-01T00:02:00+00:00,False
2026-01-01T00:03:11Z,ENG-DATASET-001,MSN-NORMAL-001,CRUISE,8500.0,23.0,0.5914580857122896,0.4785419142877104,3523.276745523487,389.2811106570929,121.53690082117156,57.74491070007706,376.1638372761744,7.338699129976859,6.739974620700902,14.2,3523.276745523487,389.2811106570929,121.53690082117156,57.74491070007706,376.1638372761744,7.338699129976859,6.739974620700902,0.0,0.0,0.0,0.0,0.0,0.0,0.0,0.0,0.0,0.0,0.0,0.0,0.0,0.0,1,NORMAL,0.0,2026-01-01T00:02:00+00:00,False
2026-01-01T00:03:12Z,ENG-DATASET-001,MSN-NORMAL-001,CRUISE,8500.0,23.0,0.5928326491398013,0.47716735086019874,3530.8368443748013,389.8558054782245,121.42960587601002,57.70659318413508,376.54184221874004,7.3562838392345595,6.348746115348127,14.2,3530.8368443748013,389.8558054782245,121.42960587601002,57.70659318413508,376.54184221874004,7.3562838392345595,6.348746115348127,0.0,0.0,0.0,0.0,0.0,0.0,0.0,0.0,0.0,0.0,0.0,0.0,0.0,0.0,1,NORMAL,0.0,2026-01-01T00:02:00+00:00,False
2026-01-01T00:03:13Z,ENG-DATASET-001,MSN-NORMAL-001,CRUISE,8500.0,23.0,0.5946311499911306,0.47536885000886936,3540.728599057113,390.6082934143065,121.35185262376667,57.67223877538663,377.03642995285566,7.379305230458596,5.819541299149672,14.2,3540.728599057113,390.6082934143065,121.35185262376667,57.67223877538663,377.03642995285566,7.379305230458596,5.819541299149672,0.0,0.0,0.0,0.0,0.0,0.0,0.0,0.0,0.0,0.0,0.0,0.0,0.0,0.0,1,NORMAL,0.0,2026-01-01T00:02:00+00:00,False
2026-01-01T00:03:14Z,ENG-DATASET-001,MSN-NORMAL-001,CRUISE,8500.0,23.0,0.5968255232620169,0.47317447673798313,3552.797652046987,391.5272555135867,121.30484874922968,57.6422239122731,377.63988260234936,7.407414318614547,5.926467785900827,14.2,3552.797652046987,391.5272555135867,121.30484874922968,57.6422239122731,377.63988260234936,7.407414318614547,5.926467785900827,0.0,0.0,0.0,0.0,0.0,0.0,0.0,0.0,0.0,0.0,0.0,0.0,0.0,0.0,1,NORMAL,0.0,2026-01-01T00:02:00+00:00,False
2026-01-01T00:03:15Z,ENG-DATASET-001,MSN-NORMAL-001,LOITER,8000.0,23.0,0.39938152649149494,0.32061847350850503,2598.364416138603,297.54927070739984,118.9130956419917,57.265153527165495,329.91822080693015,5.622123028620743,4.7830326149582625,14.2,2598.364416138603,297.54927070739984,118.9130956419917,57.265153527165495,329.91822080693015,5.622123028620743,4.7830326149582625,0.0,0.0,0.0,0.0,0.0,0.0,0.0,0.0,0.0,0.0,0.0,0.0,0.0,0.0,1,NORMAL,0.0,2026-01-01T00:02:00+00:00,False
2026-01-01T00:03:16Z,ENG-DATASET-001,MSN-NORMAL-001,LOITER,8000.0,23.0,0.40225927410404627,0.3177407258959537,2614.1920280076356,298.76593747357003,116.79093451463179,56.90716282914629,330.70960140038176,5.659264961846296,5.044415574534389,14.2,2614.1920280076356,298.76593747357003,116.79093451463179,56.90716282914629,330.70960140038176,5.659264961846296,5.044415574534389,0.0,0.0,0.0,0.0,0.0,0.0,0.0,0.0,0.0,0.0,0.0,0.0,0.0,0.0,1,NORMAL,0.0,2026-01-01T00:02:00+00:00,False
2026-01-01T00:03:17Z,ENG-DATASET-001,MSN-NORMAL-001,LOITER,8000.0,23.0,0.4054138598106645,0.31458614018933545,2631.542249394036,300.1014515443541,114.91437735177746,56.56787312808482,331.5771124697018,5.700023646403276,4.6088901167218586,14.2,2631.542249394036,300.1014515443541,114.91437735177746,56.56787312808482,331.5771124697018,5.700023646403276,4.6088901167218586,0.0,0.0,0.0,0.0,0.0,0.0,0.0,0.0,0.0,0.0,0.0,0.0,0.0,0.0,1,NORMAL,0.0,2026-01-01T00:02:00+00:00,False
2026-01-01T00:03:18Z,ENG-DATASET-001,MSN-NORMAL-001,LOITER,8000.0,23.0,0.40879605735647656,0.3112039426435234,2650.1443358960023,301.5354265250155,113.2613252797251,56.24685251165722,332.5072167948001,5.743774051216763,4.128362149562423,14.2,2650.1443358960023,301.5354265250155,113.2613252797251,56.24685251165722,332.5072167948001,5.743774051216763,4.128362149562423,0.0,0.0,0.0,0.0,0.0,0.0,0.0,0.0,0.0,0.0,0.0,0.0,0.0,0.0,1,NORMAL,0.0,2026-01-01T00:02:00+00:00,False
2026-01-01T00:03:19Z,ENG-DATASET-001,MSN-NORMAL-001,LOITER,8000.0,23.0,0.4123530886799851,0.30764691132001487,2669.7080081752993,303.0458757791535,111.81133964623143,55.94361304116937,333.485400408765,5.789842915066663,4.321227467788035,14.2,2669.7080081752993,303.0458757791535,111.81133964623143,55.94361304116937,333.485400408765,5.789842915066663,4.321227467788035,0.0,0.0,0.0,0.0,0.0,0.0,0.0,0.0,0.0,0.0,0.0,0.0,0.0,0.0,1,NORMAL,0.0,2026-01-01T00:02:00+00:00,False
2026-01-01T00:03:20Z,ENG-DATASET-001,MSN-NORMAL-001,LOITER,8000.0,23.0,0.4160294474970668,0.3039705525029332,2689.9279816692488,304.60953118188326,110.54544396115537,55.65760920341365,334.49639908346245,5.837518662949627,4.942676166564088,14.2,2689.9279816692488,304.60953118188326,110.54544396115537,55.65760920341365,334.49639908346245,5.837518662949627,4.942676166564088,0.0,0.0,0.0,0.0,0.0,0.0,0.0,0.0,0.0,0.0,0.0,0.0,0.0,0.0,1,NORMAL,0.0,2026-01-01T00:02:00+00:00,False
2026-01-01T00:03:21Z,ENG-DATASET-001,MSN-NORMAL-001,LOITER,8000.0,23.0,0.4197677654579711,0.30023223454202885,2710.4887304542226,306.2021872112979,109.44595424532228,55.38823762744719,335.52443652271114,5.886062049701421,5.134934223754737,14.2,2710.4887304542226,306.2021872112979,109.44595424532228,55.38823762744719,335.52443652271114,5.886062049701421,5.134934223754737,0.0,0.0,0.0,0.0,0.0,0.0,0.0,0.0,0.0,0.0,0.0,0.0,0.0,0.0,1,NORMAL,0.0,2026-01-01T00:02:00+00:00,False
2026-01-01T00:03:22Z,ENG-DATASET-001,MSN-NORMAL-001,LOITER,8000.0,23.0,0.4235097073612309,0.2964902926387691,2731.0694109221513,307.7990662210344,108.49633547631592,55.13483805605169,336.5534705461076,5.934717394156245,4.655667342797714,14.2,2731.0694109221513,307.7990662210344,108.49633547631592,55.13483805605169,336.5534705461076,5.934717394156245,4.655667342797714,0.0,0.0,0.0,0.0,0.0,0.0,0.0,0.0,0.0,0.0,0.0,0.0,0.0,0.0,1,NORMAL,0.0,2026-01-01T00:02:00+00:00,False
2026-01-01T00:03:23Z,ENG-DATASET-001,MSN-NORMAL-001,LOITER,8000.0,23.0,0.4271968814549707,0.2928031185450293,2751.34886843772,309.375200013921,107.68108192903236,54.89669554264221,337.56744342188597,5.98272424840038,4.224650736476825,14.2,2751.34886843772,309.375200013921,107.68108192903236,54.89669554264221,337.56744342188597,5.98272424840038,4.224650736476825,0.0,0.0,0.0,0.0,0.0,0.0,0.0,0.0,0.0,0.0,0.0,0.0,0.0,0.0,1,NORMAL,0.0,2026-01-01T00:02:00+00:00,False
2026-01-01T00:03:24Z,ENG-DATASET-001,MSN-NORMAL-001,LOITER,8000.0,23.0,0.43077175062066503,0.28922824937933495,2771.010648849039,310.9058221327117,106.98561928944692,54.67304382583257,338.550532442452,6.029329328996726,4.492047563304791,14.2,2771.010648849039,310.9058221327117,106.98561928944692,54.67304382583257,338.550532442452,6.029329328996726,4.492047563304791,0.0,0.0,0.0,0.0,0.0,0.0,0.0,0.0,0.0,0.0,0.0,0.0,0.0,0.0,1,NORMAL,0.0,2026-01-01T00:02:00+00:00,False
2026-01-01T00:03:25Z,ENG-DATASET-001,MSN-NORMAL-001,LOITER,8000.0,23.0,0.43417853022062913,0.28582146977937084,2789.7479366488415,312.3667646364912,106.39622647641451,54.4630698160286,339.4873968324421,6.073798521336251,5.106426426775657,14.2,2789.7479366488415,312.3667646364912,106.39622647641451,54.4630698160286,339.4873968324421,6.073798521336251,5.106426426775657,0.0,0.0,0.0,0.0,0.0,0.0,0.0,0.0,0.0,0.0,0.0,0.0,0.0,0.0,1,NORMAL,0.0,2026-01-01T00:02:00+00:00,False
2026-01-01T00:03:26Z,ENG-DATASET-001,MSN-NORMAL-001,LOITER,8000.0,23.0,0.4373640585986325,0.2826359414013675,2807.26834272786,313.73485258012386,105.89997514327615,54.26591911158624,340.36341713639297,6.115428755474165,5.217754504990956,14.2,2807.26834272786,313.73485258012386,105.89997514327615,54.26591911158624,340.36341713639297,6.115428755474165,5.217754504990956,0.0,0.0,0.0,0.0,0.0,0.0,0.0,0.0,0.0,0.0,0.0,0.0,0.0,0.0,1,NORMAL,0.0,2026-01-01T00:02:00+00:00,False
2026-01-01T00:03:27Z,ENG-DATASET-001,MSN-NORMAL-001,LOITER,8000.0,23.0,0.4402786266497639,0.27972137335023606,2823.2984670090827,314.9882889985123,105.48468485391135,54.0807024465037,341.16492335045416,6.153559542877576,4.694748022009885,14.2,2823.2984670090827,314.9882889985123,105.48468485391135,54.0807024465037,341.16492335045416,6.153559542877576,4.694748022009885,0.0,0.0,0.0,0.0,0.0,0.0,0.0,0.0,0.0,0.0,0.0,0.0,0.0,0.0,1,NORMAL,0.0,2026-01-01T00:02:00+00:00,False
2026-01-01T00:03:28Z,ENG-DATASET-001,MSN-NORMAL-001,LOITER,8000.0,23.0,0.44287675351438804,0.27712324648561193,2837.5881647645156,316.1070229538022,105.13889194236526,53.906502957558665,341.8794082382258,6.187583959311651,4.312519055825002,14.2,2837.5881647645156,316.1070229538022,105.13889194236526,53.906502957558665,341.8794082382258,6.187583959311651,4.312519055825002,0.0,0.0,0.0,0.0,0.0,0.0,0.0,0.0,0.0,0.0,0.0,0.0,0.0,0.0,1,NORMAL,0.0,2026-01-01T00:02:00+00:00,False
2026-01-01T00:03:29Z,ENG-DATASET-001,MSN-NORMAL-001,LOITER,8000.0,23.0,0.44511789629174847,0.2748821037082515,2849.914450039998,317.0730931627776,104.85183007719817,53.74238414647332,342.4957225019999,6.216958860340841,4.641688544386813,14.2,2849.914450039998,317.0730931627776,104.85183007719817,53.74238414647332,342.4957225019999,6.216958860340841,4.641688544386813,0.0,0.0,0.0,0.0,0.0,0.0,0.0,0.0,0.0,0.0,0.0,0.0,0.0,0.0,1,NORMAL,0.0,2026-01-01T00:02:00+00:00,False
2026-01-01T00:03:30Z,ENG-DATASET-001,MSN-NORMAL-001,LOITER,8000.0,23.0,0.446967082698374,0.273032917301626,2860.084975276438,317.8709399061379,104.6134205671318,53.58739840228503,343.0042487638219,6.241214123133697,5.230512498316504,14.2,2860.084975276438,317.8709399061379,104.6134205671318,53.58739840228503,343.0042487638219,6.241214123133697,5.230512498316504,0.0,0.0,0.0,0.0,0.0,0.0,0.0,0.0,0.0,0.0,0.0,0.0,0.0,0.0,1,NORMAL,0.0,2026-01-01T00:02:00+00:00,False
2026-01-01T00:03:31Z,ENG-DATASET-001,MSN-NORMAL-001,LOITER,8000.0,23.0,0.4483954567988657,0.27160454320113425,2867.9410328291424,318.48767834345404,104.41427046900498,53.44059594078163,343.3970516414571,6.259960721689178,5.251774866272954,14.2,2867.9410328291424,318.48767834345404,104.41427046900498,53.44059594078163,343.3970516414571,6.259960721689178,5.251774866272954,0.0,0.0,0.0,0.0,0.0,0.0,0.0,0.0,0.0,0.0,0.0,0.0,0.0,0.0,1,NORMAL,0.0,2026-01-01T00:02:00+00:00,False
2026-01-01T00:03:32Z,ENG-DATASET-001,MSN-NORMAL-001,LOITER,8000.0,23.0,0.4493807292931175,0.27061927070688246,2873.360031547528,318.91332701780925,104.2456765975497,53.301034011758155,343.6680015773764,6.272897462210567,4.687664243511489,14.2,2873.360031547528,318.91332701780925,104.2456765975497,53.301034011758155,343.6680015773764,6.272897462210567,4.687664243511489,0.0,0.0,0.0,0.0,0.0,0.0,0.0,0.0,0.0,0.0,0.0,0.0,0.0,0.0,1,NORMAL,0.0,2026-01-01T00:02:00+00:00,False
2026-01-01T00:03:33Z,ENG-DATASET-001,MSN-NORMAL-001,LOITER,8000.0,23.0,0.44990752533338946,0.2700924746666105,2876.257409769023,319.14098622024477,104.09963359330085,53.16778622106266,343.81287048845115,6.279816230787733,4.35509442788128,14.2,2876.257409769023,319.14098622024477,104.09963359330085,53.16778622106266,343.81287048845115,6.279816230787733,4.35509442788128,0.0,0.0,0.0,0.0,0.0,0.0,0.0,0.0,0.0,0.0,0.0,0.0,0.0,0.0,1,NORMAL,0.0,2026-01-01T00:02:00+00:00,False
2026-01-01T00:03:34Z,ENG-DATASET-001,MSN-NORMAL-001,LOITER,8000.0,23.0,0.4499676244436647,0.27003237555633525,2876.5879548755374,319.16696197130426,103.96884428325338,53.039951812981485,343.8293977437769,6.280605636146012,4.735195760278546,14.2,2876.5879548755374,319.16696197130426,103.96884428325338,53.039951812981485,343.8293977437769,6.280605636146012,4.735195760278546,0.0,0.0,0.0,0.0,0.0,0.0,0.0,0.0,0.0,0.0,0.0,0.0,0.0,0.0,1,NORMAL,0.0,2026-01-01T00:02:00+00:00,False
2026-01-01T00:03:35Z,ENG-DATASET-001,MSN-NORMAL-001,LOITER,8000.0,23.0,0.449560088797428,0.270439911202572,2874.346508821235,318.9908326287343,103.8467306706464,52.91666475949267,343.7173254410618,6.275252965030315,5.283938604599993,14.2,2874.346508821235,318.9908326287343,103.8467306706464,52.91666475949267,343.7173254410618,6.275252965030315,5.283938604599993,0.0,0.0,0.0,0.0,0.0,0.0,0.0,0.0,0.0,0.0,0.0,0.0,0.0,0.0,1,NORMAL,0.0,2026-01-01T00:02:00+00:00,False
2026-01-01T00:03:36Z,ENG-DATASET-001,MSN-NORMAL-001,LOITER,8000.0,23.0,0.4486912778521351,0.2713087221478649,2869.5680486221245,318.6154565004929,103.72744401609408,52.797102506274946,343.47840243110625,6.263844405625672,5.211543042839749,14.2,2869.5680486221245,318.6154565004929,103.72744401609408,52.797102506274946,343.47840243110625,6.263844405625672,5.211543042839749,0.0,0.0,0.0,0.0,0.0,0.0,0.0,0.0,0.0,0.0,0.0,0.0,0.0,0.0,1,NORMAL,0.0,2026-01-01T00:02:00+00:00,False
2026-01-01T00:03:37Z,ENG-DATASET-001,MSN-NORMAL-001,LOITER,8000.0,23.0,0.44737474911200587,0.2726252508879941,2862.3271405514133,318.0469202771845,103.60587262141429,52.680494231046865,343.11635702757064,6.246563533902741,4.614033639713716,14.2,2862.3271405514133,318.0469202771845,103.60587262141429,52.680494231046865,343.11635702757064,6.246563533902741,4.614033639713716,0.0,0.0,0.0,0.0,0.0,0.0,0.0,0.0,0.0,0.0,0.0,0.0,0.0,0.0,1,NORMAL,0.0,2026-01-01T00:02:00+00:00,False
2026-01-01T00:03:38Z,ENG-DATASET-001,MSN-NORMAL-001,LOITER,8000.0,23.0,0.44563104656770564,0.27436895343229434,2852.736776557763,317.2944295405003,103.47764609778537,52.566128477738594,342.63683882788814,6.223688097455133,4.335787463658517,14.2,2852.736776557763,317.2944295405003,103.47764609778537,52.566128477738594,342.63683882788814,6.223688097455133,4.335787463658517,0.0,0.0,0.0,0.0,0.0,0.0,0.0,0.0,0.0,0.0,0.0,0.0,0.0,0.0,1,NORMAL,0.0,2026-01-01T00:02:00+00:00,False
2026-01-01T00:03:39Z,ENG-DATASET-001,MSN-NORMAL-001,LOITER,8000.0,23.0,0.4434873801142418,0.27651261988575815,2840.9466110637113,316.3701439962851,103.33913508791396,52.45336004004396,342.0473305531856,6.195585169788075,4.759997590962809,14.2,2840.9466110637113,316.3701439962851,103.33913508791396,52.45336004004396,342.0473305531856,6.195585169788075,4.759997590962809,0.0,0.0,0.0,0.0,0.0,0.0,0.0,0.0,0.0,0.0,0.0,0.0,0.0,0.0,1,NORMAL,0.0,2026-01-01T00:02:00+00:00,False
2026-01-01T00:03:40Z,ENG-DATASET-001,MSN-NORMAL-001,LOITER,8000.0,23.0,0.4409772009496529,0.27902279905034705,2827.1406256584723,315.2889613677397,103.18744561331606,52.341615979906294,341.35703128292363,6.162704783725813,5.259922713839662,14.2,2827.1406256584723,315.2889613677397,103.18744561331606,52.341615979906294,341.35703128292363,6.162704783725813,5.259922713839662,0.0,0.0,0.0,0.0,0.0,0.0,0.0,0.0,0.0,0.0,0.0,0.0,0.0,0.0,1,NORMAL,0.0,2026-01-01T00:02:00+00:00,False
2026-01-01T00:03:41Z,ENG-DATASET-001,MSN-NORMAL-001,LOITER,8000.0,23.0,0.43813967958025113,0.28186032041974884,2811.5342581267623,314.06825501757777,103.02040742742389,52.23040068027218,340.5767129063381,6.12557218438482,5.097100404835544,14.2,2811.5342581267623,314.06825501757777,103.02040742742389,52.23040068027218,340.5767129063381,6.12557218438482,5.097100404835544,0.0,0.0,0.0,0.0,0.0,0.0,0.0,0.0,0.0,0.0,0.0,0.0,0.0,0.0,1,NORMAL,0.0,2026-01-01T00:02:00+00:00,False
2026-01-01T00:03:42Z,ENG-DATASET-001,MSN-NORMAL-001,LOITER,8000.0,23.0,0.43501909457797244,0.28498090542202753,2794.37104061423,312.72757130852415,102.8365559673946,52.11929984678694,339.7185520307115,6.084778868994697,4.479671160799004,14.2,2794.37104061423,312.72757130852415,102.8365559673946,52.11929984678694,339.7185520307115,6.084778868994697,4.479671160799004,0.0,0.0,0.0,0.0,0.0,0.0,0.0,0.0,0.0,0.0,0.0,0.0,0.0,0.0,1,NORMAL,0.0,2026-01-01T00:02:00+00:00,False
2026-01-01T00:03:43Z,ENG-DATASET-001,MSN-NORMAL-001,LOITER,8000.0,23.0,0.4316641416280707,0.28833585837192927,2775.9187993897704,311.288293431392,102.63510770643994,52.00798338976624,338.79593996948853,6.040972601998058,4.264572747363724,14.2,2775.9187993897704,311.288293431392,102.63510770643994,52.00798338976624,338.79593996948853,6.040972601998058,4.264572747363724,0.0,0.0,0.0,0.0,0.0,0.0,0.0,0.0,0.0,0.0,0.0,0.0,0.0,0.0,1,NORMAL,0.0,2026-01-01T00:02:00+00:00,False
2026-01-01T00:03:44Z,ENG-DATASET-001,MSN-NORMAL-001,LOITER,8000.0,23.0,0.4281271736492361,0.2918728263507639,2756.46547550618,309.7732789136391,102.41592890863693,51.89620713550021,337.823273775309,5.994846608891839,4.730257629252554,14.2,2756.46547550618,309.7732789136391,102.41592890863693,51.89620713550021,337.823273775309,5.994846608891839,4.730257629252554,0.0,0.0,0.0,0.0,0.0,0.0,0.0,0.0,0.0,0.0,0.0,0.0,0.0,0.0,1,NORMAL,0.0,2026-01-01T00:02:00+00:00,False
2026-01-01T00:03:45Z,ENG-DATASET-001,MSN-NORMAL-001,LOITER,8000.0,23.0,0.42446338384380866,0.2955366161561913,2736.314631576329,308.20647826600236,102.1794979744233,51.783813334452844,336.81573157881644,5.947128161066409,5.178224583969434,14.2,2736.314631576329,308.20647826600236,102.1794979744233,51.783813334452844,336.81573157881644,5.947128161066409,5.178224583969434,0.0,0.0,0.0,0.0,0.0,0.0,0.0,0.0,0.0,0.0,0.0,0.0,0.0,0.0,1,NORMAL,0.0,2026-01-01T00:02:00+00:00,False
2026-01-01T00:03:46Z,ENG-DATASET-001,MSN-NORMAL-001,LOITER,8000.0,23.0,0.42072994442631606,0.2992700555736839,2715.7807147801195,306.61254223997395,101.92686173298031,51.670729952923075,335.78903573900595,5.898566766639262,4.934233209425221,14.2,2715.7807147801195,306.61254223997395,101.92686173298031,51.670729952923075,335.78903573900595,5.898566766639262,4.934233209425221,0.0,0.0,0.0,0.0,0.0,0.0,0.0,0.0,0.0,0.0,0.0,0.0,0.0,0.0,1,NORMAL,0.0,2026-01-01T00:02:00+00:00,False
2026-01-01T00:03:47Z,ENG-DATASET-001,MSN-NORMAL-001,LOITER,8000.0,23.0,0.416985114470187,0.303014885529813,2695.1841500214096,305.01642497461427,101.65958618404764,51.55696875393765,334.7592075010705,5.849922179417027,4.3147780729295935,14.2,2695.1841500214096,305.01642497461427,101.65958618404764,51.55696875393765,334.7592075010705,5.849922179417027,4.3147780729295935,0.0,0.0,0.0,0.0,0.0,0.0,0.0,0.0,0.0,0.0,0.0,0.0,0.0,0.0,1,NORMAL,0.0,2026-01-01T00:02:00+00:00,False
2026-01-01T00:03:48Z,ENG-DATASET-001,MSN-NORMAL-001,LOITER,8000.0,23.0,0.4132873307943961,0.30671266920560386,2674.8463398045596,303.44298993643633,101.37970231405379,51.44262219225082,333.742316990228,5.801952430325095,4.174170640630538,14.2,2674.8463398045596,303.44298993643633,101.37970231405379,51.44262219225082,333.742316990228,5.801952430325095,4.174170640630538,0.0,0.0,0.0,0.0,0.0,0.0,0.0,0.0,0.0,0.0,0.0,0.0,0.0,0.0,1,NORMAL,0.0,2026-01-01T00:02:00+00:00,False
2026-01-01T00:03:49Z,ENG-DATASET-001,MSN-NORMAL-001,LOITER,8000.0,23.0,0.4096942960764483,0.31030570392355167,2655.0846488558473,301.91662503599355,101.08964770854824,51.32785916703432,332.7542324427924,5.755402073750068,4.681105617322105,14.2,2655.0846488558473,301.91662503599355,101.08964770854824,51.32785916703432,332.7542324427924,5.755402073750068,4.681105617322105,0.0,0.0,0.0,0.0,0.0,0.0,0.0,0.0,0.0,0.0,0.0,0.0,0.0,0.0,1,NORMAL,0.0,2026-01-01T00:02:00+00:00,False
2026-01-01T00:03:50Z,ENG-DATASET-001,MSN-NORMAL-001,LOITER,8000.0,23.0,0.40626207842139567,0.3137379215786043,2636.2074517530573,300.46087267825544,100.7922047546498,51.212919693861124,331.81037258765286,5.710990826177542,5.077487209062276,14.2,2636.2074517530573,300.46087267825544,100.7922047546498,51.212919693861124,331.81037258765286,5.710990826177542,5.077487209062276,0.0,0.0,0.0,0.0,0.0,0.0,0.0,0.0,0.0,0.0,0.0,0.0,0.0,0.0,1,NORMAL,0.0,2026-01-01T00:02:00+00:00,False
2026-01-01T00:03:51Z,ENG-DATASET-001,MSN-NORMAL-001,LOITER,8000.0,23.0,0.4030442364378103,0.3169557635621897,2618.509320843338,299.0980798106825,100.49043627445188,51.098108574637656,330.92546604216693,5.669402757239382,4.765031069679667,14.2,2618.509320843338,299.0980798106825,100.49043627445188,51.098108574637656,330.92546604216693,5.669402757239382,4.765031069679667,0.0,0.0,0.0,0.0,0.0,0.0,0.0,0.0,0.0,0.0,0.0,0.0,0.0,0.0,1,NORMAL,0.0,2026-01-01T00:02:00+00:00,False
2026-01-01T00:03:52Z,ENG-DATASET-001,MSN-NORMAL-001,LOITER,8000.0,23.0,0.40009098347361094,0.31990901652638903,2602.266429540242,297.84907231151305,100.18761945479451,50.98378815995507,330.1133214770121,5.631276174748312,4.162886054971064,14.2,2602.266429540242,297.84907231151305,100.18761945479451,50.98378815995507,330.1133214770121,5.631276174748312,4.162886054971064,0.0,0.0,0.0,0.0,0.0,0.0,0.0,0.0,0.0,0.0,0.0,0.0,0.0,0.0,1,NORMAL,0.0,2026-01-01T00:02:00+00:00,False
2026-01-01T00:03:53Z,ENG-DATASET-001,MSN-NORMAL-001,LOITER,8000.0,23.0,0.39744840405356296,0.322551595946437,2587.7322427299778,296.7328573459065,99.88717894296272,50.87037031266527,329.3866121364989,5.597194326351706,4.107574596280538,14.2,2587.7322427299778,296.7328573459065,99.88717894296272,50.87037031266527,329.3866121364989,5.597194326351706,4.107574596280538,0.0,0.0,0.0,0.0,0.0,0.0,0.0,0.0,0.0,0.0,0.0,0.0,0.0,0.0,1,NORMAL,0.0,2026-01-01T00:02:00+00:00,False
2026-01-01T00:03:54Z,ENG-DATASET-001,MSN-NORMAL-001,LOITER,8000.0,23.0,0.39515773474568266,0.3248422652543173,2575.133561536636,295.76635663865386,99.59261996463279,50.758307694117235,328.7566780768318,5.567677021818772,4.654935556451404,14.2,2575.133561536636,295.76635663865386,99.59261996463279,50.758307694117235,328.7566780768318,5.567677021818772,4.654935556451404,0.0,0.0,0.0,0.0,0.0,0.0,0.0,0.0,0.0,0.0,0.0,0.0,0.0,0.0,1,NORMAL,0.0,2026-01-01T00:02:00+00:00,False
2026-01-01T00:03:55Z,ENG-DATASET-001,MSN-NORMAL-001,LOITER,8000.0,23.0,0.39325472067838524,0.32674527932161473,2564.6669841665007,294.9641729920115,99.3074622929698,50.64808450521765,328.2333492083251,5.543173262273108,5.000490471520242,14.2,2564.6669841665007,294.9641729920115,99.3074622929698,50.64808450521765,328.2333492083251,5.543173262273108,5.000490471520242,0.0,0.0,0.0,0.0,0.0,0.0,0.0,0.0,0.0,0.0,0.0,0.0,0.0,0.0,1,NORMAL,0.0,2026-01-01T00:02:00+00:00,False
2026-01-01T00:03:56Z,ENG-DATASET-001,MSN-NORMAL-001,LOITER,8000.0,23.0,0.3917690577497114,0.3282309422502886,2556.495838058794,294.3383918313519,99.03517585945661,50.54020682313978,327.8247919029397,5.524054946313473,4.632316823799095,14.2,2556.495838058794,294.3383918313519,99.03517585945661,50.54020682313978,327.8247919029397,5.524054946313473,4.632316823799095,0.0,0.0,0.0,0.0,0.0,0.0,0.0,0.0,0.0,0.0,0.0,0.0,0.0,0.0,1,NORMAL,0.0,2026-01-01T00:02:00+00:00,False
2026-01-01T00:03:57Z,ENG-DATASET-001,MSN-NORMAL-001,LOITER,8000.0,23.0,0.3907239292327702,0.32927607076722976,2550.7476312156177,293.89841909774424,98.77911875095455,50.43519268096039,327.5373815607809,5.510611708172212,4.0647299644087855,14.2,2550.7476312156177,293.89841909774424,98.77911875095455,50.43519268096039,327.5373815607809,5.510611708172212,4.0647299644087855,0.0,0.0,0.0,0.0,0.0,0.0,0.0,0.0,0.0,0.0,0.0,0.0,0.0,0.0,1,NORMAL,0.0,2026-01-01T00:02:00+00:00,False
2026-01-01T00:03:58Z,ENG-DATASET-001,MSN-NORMAL-001,LOITER,8000.0,23.0,0.39013564400851636,0.3298643559914836,2547.512062482221,293.6508564258767,98.54247828650601,50.333562041656705,327.3756031241111,5.503046929913119,4.101641371214474,14.2,2547.512062482221,293.6508564258767,98.54247828650601,50.333562041656705,327.3756031241111,5.503046929913119,4.101641371214474,0.0,0.0,0.0,0.0,0.0,0.0,0.0,0.0,0.0,0.0,0.0,0.0,0.0,0.0,1,NORMAL,0.0,2026-01-01T00:02:00+00:00,False
2026-01-01T00:03:59Z,ENG-DATASET-001,MSN-NORMAL-001,LOITER,8000.0,23.0,0.39001338207111713,0.32998661792888284,2546.839621826525,293.5994142417895,98.32821581390014,50.235826819678785,327.34198109132626,5.501474958081695,4.6849587093160485,14.2,2546.839621826525,293.5994142417895,98.32821581390014,50.235826819678785,327.34198109132626,5.501474958081695,4.6849587093160485,0.0,0.0,0.0,0.0,0.0,0.0,0.0,0.0,0.0,0.0,0.0,0.0,0.0,0.0,1,NORMAL,0.0,2026-01-01T00:02:00+00:00,False
2026-01-01T00:04:00Z,ENG-DATASET-001,MSN-NORMAL-001,DESCENT,5700.0,23.0,0.32035905127721415,0.42964094872278585,2134.2653933262773,325.2392712995556,98.92637601499902,50.180961896556596,306.71326966631386,5.995125168121347,4.556181494189695,14.2,2134.2653933262773,325.2392712995556,98.92637601499902,50.180961896556596,306.71326966631386,5.995125168121347,4.556181494189695,0.0,0.0,0.0,0.0,0.0,0.0,0.0,0.0,0.0,0.0,0.0,0.0,0.0,0.0,1,NORMAL,0.0,2026-01-01T00:02:00+00:00,False
2026-01-01T00:04:01Z,ENG-DATASET-001,MSN-NORMAL-001,DESCENT,5700.0,23.0,0.3211672575744583,0.4288327424255417,2138.71052796112,325.7009130785276,99.4762612404623,50.129578523061916,306.935526398056,6.008462001252858,4.1421153166869935,14.2,2138.71052796112,325.7009130785276,99.4762612404623,50.129578523061916,306.935526398056,6.008462001252858,4.1421153166869935,0.0,0.0,0.0,0.0,0.0,0.0,0.0,0.0,0.0,0.0,0.0,0.0,0.0,0.0,1,NORMAL,0.0,2026-01-01T00:02:00+00:00,False
2026-01-01T00:04:02Z,ENG-DATASET-001,MSN-NORMAL-001,DESCENT,5700.0,23.0,0.3224253891738927,0.4275746108261073,2145.630251758009,326.4198593147485,99.98913159928479,50.082253878773635,307.28151258790047,6.0292309138536035,3.621427619916335,14.2,2145.630251758009,326.4198593147485,99.98913159928479,50.082253878773635,307.28151258790047,6.0292309138536035,3.621427619916335,0.0,0.0,0.0,0.0,0.0,0.0,0.0,0.0,0.0,0.0,0.0,0.0,0.0,0.0,1,NORMAL,0.0,2026-01-01T00:02:00+00:00,False
2026-01-01T00:04:03Z,ENG-DATASET-001,MSN-NORMAL-001,DESCENT,5700.0,23.0,0.3241138133527011,0.4258861866472989,2154.916584741455,327.38528593268654,100.47485058767347,50.03951079379002,307.74582923707277,6.057117378911909,3.7512378633861103,14.2,2154.916584741455,327.38528593268654,100.47485058767347,50.03951079379002,307.74582923707277,6.057117378911909,3.7512378633861103,0.0,0.0,0.0,0.0,0.0,0.0,0.0,0.0,0.0,0.0,0.0,0.0,0.0,0.0,1,NORMAL,0.0,2026-01-01T00:02:00+00:00,False
2026-01-01T00:04:04Z,ENG-DATASET-001,MSN-NORMAL-001,DESCENT,5700.0,23.0,0.32620618281628144,0.42379381718371856,2166.424616791147,328.5826306402963,100.94193129491353,50.00180923071464,308.32123083955736,6.09169841933351,4.360523930360038,14.2,2166.424616791147,328.5826306402963,100.94193129491353,50.00180923071464,308.32123083955736,6.09169841933351,4.360523930360038,0.0,0.0,0.0,0.0,0.0,0.0,0.0,0.0,0.0,0.0,0.0,0.0,0.0,0.0,1,NORMAL,0.0,2026-01-01T00:02:00+00:00,False
2026-01-01T00:04:05Z,ENG-DATASET-001,MSN-NORMAL-001,DESCENT,5700.0,23.0,0.3286698468389655,0.4213301531610345,2179.97476891591,329.9937893968957,101.39758290034457,49.96953876204553,308.9987384457955,6.132448462916229,4.5949079966243795,14.2,2179.97476891591,329.9937893968957,101.39758290034457,49.96953876204553,308.9987384457955,6.132448462916229,4.5949079966243795,0.0,0.0,0.0,0.0,0.0,0.0,0.0,0.0,0.0,0.0,0.0,0.0,0.0,0.0,1,NORMAL,0.0,2026-01-01T00:02:00+00:00,False
2026-01-01T00:04:06Z,ENG-DATASET-001,MSN-NORMAL-001,DESCENT,5700.0,23.0,0.3314663607676731,0.4185336392323269,2195.355595523801,331.59736334389277,101.84775869390744,49.94301215978036,309.7677797761901,6.178746681888005,4.140413639789332,14.2,2195.355595523801,331.59736334389277,101.84775869390744,49.94301215978036,309.7677797761901,6.178746681888005,4.140413639789332,0.0,0.0,0.0,0.0,0.0,0.0,0.0,0.0,0.0,0.0,0.0,0.0,0.0,0.0,1,NORMAL,0.0,2026-01-01T00:02:00+00:00,False
2026-01-01T00:04:07Z,ENG-DATASET-001,MSN-NORMAL-001,DESCENT,5700.0,23.0,0.33455208593786506,0.41544791406213494,2212.3270839598567,333.36895448921985,102.29720668674719,49.922460196717566,310.61635419799285,6.229885754418241,3.6729517152407047,14.2,2212.3270839598567,333.36895448921985,102.29720668674719,49.922460196717566,310.61635419799285,6.229885754418241,3.6729517152407047,0.0,0.0,0.0,0.0,0.0,0.0,0.0,0.0,0.0,0.0,0.0,0.0,0.0,0.0,1,NORMAL,0.0,2026-01-01T00:02:00+00:00,False
2026-01-01T00:04:08Z,ENG-DATASET-001,MSN-NORMAL-001,DESCENT,5700.0,23.0,0.337878870640308,0.412121129359692,2230.6243998232935,335.2815078502803,102.74952371432948,49.908027740047416,311.5312199911647,6.285081967556061,3.889572851924881,14.2,2230.6243998232935,335.2815078502803,102.74952371432948,49.908027740047416,311.5312199911647,6.285081967556061,3.889572851924881,0.0,0.0,0.0,0.0,0.0,0.0,0.0,0.0,0.0,0.0,0.0,0.0,0.0,0.0,1,NORMAL,0.0,2026-01-01T00:02:00+00:00,False
2026-01-01T00:04:09Z,ENG-DATASET-001,MSN-NORMAL-001,DESCENT,5700.0,23.0,0.3413948015123923,0.4086051984876077,2249.962019619757,337.30569707389645,103.20721376974394,49.899771197682426,312.49810098098783,6.343486561052801,4.509393539095701,14.2,2249.962019619757,337.30569707389645,103.20721376974394,49.899771197682426,312.49810098098783,6.343486561052801,4.509393539095701,0.0,0.0,0.0,0.0,0.0,0.0,0.0,0.0,0.0,0.0,0.0,0.0,0.0,0.0,1,NORMAL,0.0,2026-01-01T00:02:00+00:00,False
2026-01-01T00:04:10Z,ENG-DATASET-001,MSN-NORMAL-001,DESCENT,5700.0,23.0,0.3450450136287926,0.4049549863712074,2270.0381862599584,339.41034977113117,103.67175113704783,49.89765735668783,313.5019093129979,6.4041981896874605,4.675551306026769,14.2,2270.0381862599584,339.41034977113117,103.67175113704783,49.89765735668783,313.5019093129979,6.4041981896874605,4.675551306026769,0.0,0.0,0.0,0.0,0.0,0.0,0.0,0.0,0.0,0.0,0.0,0.0,0.0,0.0,1,NORMAL,0.0,2026-01-01T00:02:00+00:00,False
2026-01-01T00:04:11Z,ENG-DATASET-001,MSN-NORMAL-001,DESCENT,5700.0,23.0,0.34877254665027746,0.40122745334972254,2290.539617878125,341.56290794536034,104.14364872197706,49.90156363146914,314.5269808939062,6.466276358451814,4.182324779460188,14.2,2290.539617878125,341.56290794536034,104.14364872197706,49.90156363146914,314.5269808939062,6.466276358451814,4.182324779460188,0.0,0.0,0.0,0.0,0.0,0.0,0.0,0.0,0.0,0.0,0.0,0.0,0.0,0.0,1,NORMAL,0.0,2026-01-01T00:02:00+00:00,False
2026-01-01T00:04:12Z,ENG-DATASET-001,MSN-NORMAL-001,DESCENT,5700.0,23.0,0.3525192336707524,0.3974807663292476,2311.146396490737,343.72991797838733,104.62253179923904,49.91127971739371,315.5573198245369,6.528755660905285,3.7693612011852062,14.2,2311.146396490737,343.72991797838733,104.62253179923904,49.91127971739371,315.5573198245369,6.528755660905285,3.7693612011852062,0.0,0.0,0.0,0.0,0.0,0.0,0.0,0.0,0.0,0.0,0.0,0.0,0.0,0.0,1,NORMAL,0.0,2026-01-01T00:02:00+00:00,False
2026-01-01T00:04:13Z,ENG-DATASET-001,MSN-NORMAL-001,DESCENT,5700.0,23.0,0.3562266088923747,0.3937733911076253,2331.53696020966,345.8775437052737,105.10721721194697,49.92651062361,316.576848010483,6.590660627021196,4.061486684154883,14.2,2331.53696020966,345.8775437052737,105.10721721194697,49.92651062361,316.576848010483,6.590660627021196,4.061486684154883,0.0,0.0,0.0,0.0,0.0,0.0,0.0,0.0,0.0,0.0,0.0,0.0,0.0,0.0,1,NORMAL,0.0,2026-01-01T00:02:00+00:00,False
2026-01-01T00:04:14Z,ENG-DATASET-001,MSN-NORMAL-001,DESCENT,5700.0,23.0,0.3598368199647748,0.3901631800352252,2351.3931211078607,347.9720951950026,105.59579787062734,49.94688103732349,317.569656055393,6.651020963932361,4.673015254396471,14.2,2351.3931211078607,347.9720951950026,105.59579787062734,49.94688103732349,317.569656055393,6.651020963932361,4.673015254396471,0.0,0.0,0.0,0.0,0.0,0.0,0.0,0.0,0.0,0.0,0.0,0.0,0.0,0.0,1,NORMAL,0.0,2026-01-01T00:02:00+00:00,False
2026-01-01T00:04:15Z,ENG-DATASET-001,MSN-NORMAL-001,DESCENT,5700.0,23.0,0.3632935307516341,0.3867064692483659,2370.4050304355874,349.98056500781854,106.08573220876006,49.97194095102803,318.52025152177936,6.708886952289203,4.759799365860911,14.2,2370.4050304355874,349.98056500781854,106.08573220876006,49.97194095102803,318.52025152177936,6.708886952289203,4.759799365860911,0.0,0.0,0.0,0.0,0.0,0.0,0.0,0.0,0.0,0.0,0.0,0.0,0.0,0.0,1,NORMAL,0.0,2026-01-01T00:02:00+00:00,False
2026-01-01T00:04:16Z,ENG-DATASET-001,MSN-NORMAL-001,DESCENT,5700.0,23.0,0.3665428004372507,0.3834571995627493,2388.276013706478,351.87116297099965,106.57393806215904,50.001172464499064,319.4138006853239,6.763344743679681,4.228120565095964,14.2,2388.276013706478,351.87116297099965,106.57393806215904,50.001172464499064,319.4138006853239,6.763344743679681,4.228120565095964,0.0,0.0,0.0,0.0,0.0,0.0,0.0,0.0,0.0,0.0,0.0,0.0,0.0,0.0,1,NORMAL,0.0,2026-01-01T00:02:00+00:00,False
2026-01-01T00:04:17Z,ENG-DATASET-001,MSN-NORMAL-001,DESCENT,5700.0,23.0,0.3695339252549268,0.3804660747450732,2404.727200203696,353.6138399530716,107.05689025476993,50.03399765503902,320.2363600101848,6.813531291935891,3.868479898228701,14.2,2404.727200203696,353.6138399530716,107.05689025476993,50.03399765503902,320.2363600101848,6.813531291935891,3.868479898228701,0.0,0.0,0.0,0.0,0.0,0.0,0.0,0.0,0.0,0.0,0.0,0.0,0.0,0.0,1,NORMAL,0.0,2026-01-01T00:02:00+00:00,False
2026-01-01T00:04:18Z,ENG-DATASET-001,MSN-NORMAL-001,DESCENT,5700.0,23.0,0.3722202297022902,0.3777797702977098,2419.5018746641954,355.1807907691751,107.53072099852231,50.06978739280987,320.97509373320975,6.8586486442932895,4.222617259700041,14.2,2419.5018746641954,355.1807907691751,107.53072099852231,50.06978739280987,320.97509373320975,6.8586486442932895,4.222617259700041,0.0,0.0,0.0,0.0,0.0,0.0,0.0,0.0,0.0,0.0,0.0,0.0,0.0,0.0,1,NORMAL,0.0,2026-01-01T00:02:00+00:00,False
2026-01-01T00:04:19Z,ENG-DATASET-001,MSN-NORMAL-001,DESCENT,5700.0,23.0,0.37455979489689756,0.37544020510310244,2432.3694832345363,356.546926258172,107.99132205512439,50.107870963354294,321.6184741617268,6.897977318237179,4.806960457582874,14.2,2432.3694832345363,356.546926258172,107.99132205512439,50.107870963354294,321.6184741617268,6.897977318237179,4.806960457582874,0.0,0.0,0.0,0.0,0.0,0.0,0.0,0.0,0.0,0.0,0.0,0.0,0.0,0.0,1,NORMAL,0.0,2026-01-01T00:02:00+00:00,False
2026-01-01T00:04:20Z,ENG-DATASET-001,MSN-NORMAL-001,DESCENT,5700.0,23.0,0.3765161127063749,0.3734838872936251,2443.1292311866614,357.69030476618184,108.43444746876649,50.14754634682451,322.1564615593331,6.930888497187091,4.805056045159118,14.2,2443.1292311866614,357.69030476618184,108.43444746876649,50.14754634682451,322.1564615593331,6.930888497187091,4.805056045159118,0.0,0.0,0.0,0.0,0.0,0.0,0.0,0.0,0.0,0.0,0.0,0.0,0.0,0.0,1,NORMAL,0.0,2026-01-01T00:02:00+00:00,False
2026-01-01T00:04:21Z,ENG-DATASET-001,MSN-NORMAL-001,DESCENT,5700.0,23.0,0.37805865544561273,0.37194134455438727,2451.6132162524696,358.5925137701474,108.85581556614353,50.18809099320312,322.5806608126235,6.95685479334217,4.236958934966315,14.2,2451.6132162524696,358.5925137701474,108.85581556614353,50.18809099320312,322.5806608126235,6.95685479334217,4.236958934966315,0.0,0.0,0.0,0.0,0.0,0.0,0.0,0.0,0.0,0.0,0.0,0.0,0.0,0.0,1,NORMAL,0.0,2026-01-01T00:02:00+00:00,False
2026-01-01T00:04:22Z,ENG-DATASET-001,MSN-NORMAL-001,DESCENT,5700.0,23.0,0.379163352251082,0.370836647748918,2457.68904868255,359.2389931826695,109.25120883909592,50.22877292507287,322.8844524341275,6.975459349086448,3.9302298400109343,14.2,2457.68904868255,359.2389931826695,109.25120883909592,50.22877292507287,322.8844524341275,6.975459349086448,3.9302298400109343,0.0,0.0,0.0,0.0,0.0,0.0,0.0,0.0,0.0,0.0,0.0,0.0,0.0,0.0,1,NORMAL,0.0,2026-01-01T00:02:00+00:00,False
2026-01-01T00:04:23Z,ENG-DATASET-001,MSN-NORMAL-001,DESCENT,5700.0,23.0,0.3798129646986088,0.3701870353013912,2461.261917143948,359.6192929836956,109.61657027977873,50.26886199439319,323.06309585719737,6.9864030789860125,4.334096020404196,14.2,2461.261917143948,359.6192929836956,109.61657027977873,50.26886199439319,323.06309585719737,6.9864030789860125,4.334096020404196,0.0,0.0,0.0,0.0,0.0,0.0,0.0,0.0,0.0,0.0,0.0,0.0,0.0,0.0,1,NORMAL,0.0,2026-01-01T00:02:00+00:00,False
2026-01-01T00:04:24Z,ENG-DATASET-001,MSN-NORMAL-001,DESCENT,5700.0,23.0,0.379997355803218,0.370002644196782,2462.276068219298,359.72725919750917,109.94809473173858,50.30764111734931,323.1138034109649,6.98950989185715,4.875701660445523,14.2,2462.276068219298,359.72725919750917,109.94809473173858,50.30764111734931,323.1138034109649,6.98950989185715,4.875701660445523,0.0,0.0,0.0,0.0,0.0,0.0,0.0,0.0,0.0,0.0,0.0,0.0,0.0,0.0,1,NORMAL,0.0,2026-01-01T00:02:00+00:00,False
2026-01-01T00:04:25Z,ENG-DATASET-001,MSN-NORMAL-001,DESCENT,5700.0,23.0,0.3797136482033933,0.3702863517966067,2460.7156764202623,359.5611438315053,110.24231385435235,50.3444173116932,323.0357838210131,6.984729775530006,4.7807346545806455,14.2,2460.7156764202623,359.5611438315053,110.24231385435235,50.3444173116932,323.0357838210131,6.984729775530006,4.7807346545806455,0.0,0.0,0.0,0.0,0.0,0.0,0.0,0.0,0.0,0.0,0.0,0.0,0.0,0.0,1,NORMAL,0.0,2026-01-01T00:02:00+00:00,False
2026-01-01T00:04:26Z,ENG-DATASET-001,MSN-NORMAL-001,DESCENT,5700.0,23.0,0.3789662690613416,0.3710337309386584,2456.605091138978,359.12363615990375,110.49617337291471,50.378532364088095,322.8302545569489,6.972139674337484,4.182739206416729,14.2,2456.605091138978,359.12363615990375,110.49617337291471,50.378532364088095,322.8302545569489,6.972139674337484,4.182739206416729,0.0,0.0,0.0,0.0,0.0,0.0,0.0,0.0,0.0,0.0,0.0,0.0,0.0,0.0,1,NORMAL,0.0,2026-01-01T00:02:00+00:00,False
2026-01-01T00:04:27Z,ENG-DATASET-001,MSN-NORMAL-001,DESCENT,5700.0,23.0,0.37776688097860717,0.37223311902139283,2450.0084566839387,358.4218146043098,110.70710140073099,50.409372960752265,322.5004228341969,6.951942139340034,3.9318295128291845,14.2,2450.0084566839387,358.4218146043098,110.70710140073099,50.409372960752265,322.5004228341969,6.951942139340034,3.9318295128291845,0.0,0.0,0.0,0.0,0.0,0.0,0.0,0.0,0.0,0.0,0.0,0.0,0.0,0.0,1,NORMAL,0.0,2026-01-01T00:02:00+00:00,False
2026-01-01T00:04:28Z,ENG-DATASET-001,MSN-NORMAL-001,DESCENT,5700.0,23.0,0.37613420000507525,0.37386579999492475,2441.028711329513,357.4670203611755,110.87306676968728,50.43638012308246,322.0514355664757,6.924461782018747,4.376855164256389,14.2,2441.028711329513,357.4670203611755,110.87306676968728,50.43638012308246,322.0514355664757,6.924461782018747,4.376855164256389,0.0,0.0,0.0,0.0,0.0,0.0,0.0,0.0,0.0,0.0,0.0,0.0,0.0,0.0,1,NORMAL,0.0,2026-01-01T00:02:00+00:00,False
2026-01-01T00:04:29Z,ENG-DATASET-001,MSN-NORMAL-001,DESCENT,5700.0,23.0,0.37409370358127364,0.37590629641872636,2429.8059809986044,356.2746557792189,110.99262648719903,50.45905780079237,321.49029904993023,6.890139611752884,4.865778600584111,14.2,2429.8059809986044,356.2746557792189,110.99262648719903,50.45905780079237,321.49029904993023,6.890139611752884,4.865778600584111,0.0,0.0,0.0,0.0,0.0,0.0,0.0,0.0,0.0,0.0,0.0,0.0,0.0,0.0,1,NORMAL,0.0,2026-01-01T00:02:00+00:00,False
2026-01-01T00:04:30Z,ENG-DATASET-001,MSN-NORMAL-001,DESCENT,5700.0,23.0,0.371677232971434,0.378322767028566,2416.5153926444864,354.86391222599013,111.06496164412889,50.476980488257205,320.8257696322243,6.849525384032169,4.680059078644225,14.2,2416.5153926444864,354.86391222599013,111.06496164412889,50.476980488257205,320.8257696322243,6.849525384032169,4.680059078644225,0.0,0.0,0.0,0.0,0.0,0.0,0.0,0.0,0.0,0.0,0.0,0.0,0.0,0.0,1,NORMAL,0.0,2026-01-01T00:02:00+00:00,False
2026-01-01T00:04:31Z,ENG-DATASET-001,MSN-NORMAL-001,DESCENT,5700.0,23.0,0.36892249639121344,0.38107750360878656,2401.3643414532735,353.2574337372938,111.08990132314834,50.48979974500653,320.0682170726637,6.803268128399401,4.064370491766744,14.2,2401.3643414532735,353.2574337372938,111.08990132314834,50.48979974500653,320.0682170726637,6.803268128399401,4.064370491766744,0.0,0.0,0.0,0.0,0.0,0.0,0.0,0.0,0.0,0.0,0.0,0.0,0.0,0.0,1,NORMAL,0.0,2026-01-01T00:02:00+00:00,False
2026-01-01T00:04:32Z,ENG-DATASET-001,MSN-NORMAL-001,DESCENT,5700.0,23.0,0.36587248058360067,0.38412751941639933,2384.589254511403,351.4809240621415,111.06793429238704,50.49724951841643,319.22946272557016,6.75210506120004,3.8763970158446988,14.2,2384.589254511403,351.4809240621415,111.06793429238704,50.49724951841643,319.22946272557016,6.75210506120004,3.8763970158446988,0.0,0.0,0.0,0.0,0.0,0.0,0.0,0.0,0.0,0.0,0.0,0.0,0.0,0.0,1,NORMAL,0.0,2026-01-01T00:02:00+00:00,False
2026-01-01T00:04:33Z,ENG-DATASET-001,MSN-NORMAL-001,DESCENT,5700.0,23.0,0.3625747800251694,0.3874252199748306,2366.451901440031,349.5627057590398,111.00020850712433,50.499150185351034,318.32259507200155,6.696849117291872,4.358430613498333,14.2,2366.451901440031,349.5627057590398,111.00020850712433,50.499150185351034,318.32259507200155,6.696849117291872,4.358430613498333,0.0,0.0,0.0,0.0,0.0,0.0,0.0,0.0,0.0,0.0,0.0,0.0,0.0,0.0,1,NORMAL,0.0,2026-01-01T00:02:00+00:00,False
2026-01-01T00:04:34Z,ENG-DATASET-001,MSN-NORMAL-001,DESCENT,5700.0,23.0,0.35908085423018943,0.39091914576981057,2347.2353095676413,347.53324074192176,110.88851867495994,50.4954112495016,317.36176547838204,6.638375356280102,4.790666773801036,14.2,2347.2353095676413,347.53324074192176,110.88851867495994,50.4954112495016,317.36176547838204,6.638375356280102,4.790666773801036,0.0,0.0,0.0,0.0,0.0,0.0,0.0,0.0,0.0,0.0,0.0,0.0,0.0,0.0,1,NORMAL,0.0,2026-01-01T00:02:00+00:00,False
2026-01-01T00:04:35Z,ENG-DATASET-001,MSN-NORMAL-001,DESCENT,5700.0,23.0,0.35544522474211765,0.39455477525788235,2327.2393473832467,345.42462210735175,110.73528236014774,50.48603265215609,316.36196736916236,6.577606512330056,4.522906653927783,14.2,2327.2393473832467,345.42462210735175,110.73528236014774,50.48603265215609,316.36196736916236,6.577606512330056,4.522906653927783,0.0,0.0,0.0,0.0,0.0,0.0,0.0,0.0,0.0,0.0,0.0,0.0,0.0,0.0,1,NORMAL,0.0,2026-01-01T00:02:00+00:00,False
2026-01-01T00:04:36Z,ENG-DATASET-001,MSN-NORMAL-001,DESCENT,5700.0,23.0,0.3517246243431477,0.3982753756568523,2306.776045188911,343.27004720590935,110.5435053042807,50.471104675776104,315.3388022594456,6.515497962297859,3.9065639959231193,14.2,2306.776045188911,343.27004720590935,110.5435053042807,50.471104675776104,315.3388022594456,6.515497962297859,3.9065639959231193,0.0,0.0,0.0,0.0,0.0,0.0,0.0,0.0,0.0,0.0,0.0,0.0,0.0,0.0,1,NORMAL,0.0,2026-01-01T00:02:00+00:00,False
2026-01-01T00:04:37Z,ENG-DATASET-001,MSN-NORMAL-001,DESCENT,5700.0,23.0,0.34797711175811846,0.40202288824188154,2286.164725971251,341.1032817713575,110.31673681813656,50.450806441723564,314.3082362985625,6.453022385289499,3.7917056876169495,14.2,2286.164725971251,341.1032817713575,110.31673681813656,50.450806441723564,314.3082362985625,6.453022385289499,3.7917056876169495,0.0,0.0,0.0,0.0,0.0,0.0,0.0,0.0,0.0,0.0,0.0,0.0,0.0,0.0,1,NORMAL,0.0,2026-01-01T00:02:00+00:00,False
2026-01-01T00:04:38Z,ENG-DATASET-001,MSN-NORMAL-001,DESCENT,5700.0,23.0,0.34426116566753134,0.40573883433246866,2265.727022473022,338.95812452467237,110.05901624943971,50.42540302542391,313.2863511236511,6.391154378587713,4.309695857680409,14.2,2265.727022473022,338.95812452467237,110.05901624943971,50.42540302542391,313.2863511236511,6.391154378587713,4.309695857680409,0.0,0.0,0.0,0.0,0.0,0.0,0.0,0.0,0.0,0.0,0.0,0.0,0.0,0.0,1,NORMAL,0.0,2026-01-01T00:02:00+00:00,False
2026-01-01T00:04:39Z,ENG-DATASET-001,MSN-NORMAL-001,LANDING,4000.0,23.0,0.24063477216729953,0.5593652278327005,1654.113451580735,324.0985388219895,109.45557809504547,50.35692994241739,282.7056725790368,5.60969873450563,4.098009007733513,14.2,1654.113451580735,324.0985388219895,109.45557809504547,50.35692994241739,282.7056725790368,5.60969873450563,4.098009007733513,0.0,0.0,0.0,0.0,0.0,0.0,0.0,0.0,0.0,0.0,0.0,0.0,0.0,0.0,1,NORMAL,0.0,2026-01-01T00:02:00+00:00,False
2026-01-01T00:04:40Z,ENG-DATASET-001,MSN-NORMAL-001,LANDING,4000.0,23.0,0.23715451991511546,0.5628454800848846,1634.9720641937226,321.66438354950407,108.85162987427853,50.28498104656651,281.74860320968617,5.5414578667676055,3.761110421482593,14.2,1634.9720641937226,321.66438354950407,108.85162987427853,50.28498104656651,281.74860320968617,5.5414578667676055,3.761110421482593,0.0,0.0,0.0,0.0,0.0,0.0,0.0,0.0,0.0,0.0,0.0,0.0,0.0,0.0,1,NORMAL,0.0,2026-01-01T00:02:00+00:00,False
2026-01-01T00:04:41Z,ENG-DATASET-001,MSN-NORMAL-001,LANDING,4000.0,23.0,0.233874717083374,0.566125282916626,1616.9331486191445,319.37351735268396,108.25080482066778,50.210053315778694,280.84665743095724,5.477222292438352,3.1633403553800465,14.2,1616.9331486191445,319.37351735268396,108.25080482066778,50.210053315778694,280.84665743095724,5.477222292438352,3.1633403553800465,0.0,0.0,0.0,0.0,0.0,0.0,0.0,0.0,0.0,0.0,0.0,0.0,0.0,0.0,1,NORMAL,0.0,2026-01-01T00:02:00+00:00,False
2026-01-01T00:04:42Z,ENG-DATASET-001,MSN-NORMAL-001,LANDING,4000.0,23.0,0.230846543898306,0.569153456101694,1600.2781961012702,317.26106705844234,107.65725101506206,50.1327152421062,280.0139098050635,5.417979333509109,3.1320612064271036,14.2,1600.2781961012702,317.26106705844234,107.65725101506206,50.1327152421062,280.0139098050635,5.417979333509109,3.1320612064271036,0.0,0.0,0.0,0.0,0.0,0.0,0.0,0.0,0.0,0.0,0.0,0.0,0.0,0.0,1,NORMAL,0.0,2026-01-01T00:02:00+00:00,False
2026-01-01T00:04:43Z,ENG-DATASET-001,MSN-NORMAL-001,LANDING,4000.0,23.0,0.2281172539896657,0.5718827460103344,1585.267101603749,315.3593009429279,107.07550843712905,50.05359695940089,279.26335508018747,5.364636600818582,3.6852662471948903,14.2,1585.267101603749,315.3593009429279,107.07550843712905,50.05359695940089,279.26335508018747,5.364636600818582,3.6852662471948903,0.0,0.0,0.0,0.0,0.0,0.0,0.0,0.0,0.0,0.0,0.0,0.0,0.0,0.0,1,NORMAL,0.0,2026-01-01T00:02:00+00:00,False
2026-01-01T00:04:44Z,ENG-DATASET-001,MSN-NORMAL-001,LANDING,4000.0,23.0,0.22572943701364281,0.5742705629863573,1572.1341082356228,313.697168271206,106.51038680019629,49.97337944911804,278.60670541178115,5.318008874581074,4.006219613641036,14.2,1572.1341082356228,313.697168271206,106.51038680019629,49.97337944911804,278.60670541178115,5.318008874581074,4.006219613641036,0.0,0.0,0.0,0.0,0.0,0.0,0.0,0.0,0.0,0.0,0.0,0.0,0.0,0.0,1,NORMAL,0.0,2026-01-01T00:02:00+00:00,False
2026-01-01T00:04:45Z,ENG-DATASET-001,MSN-NORMAL-001,LANDING,4000.0,23.0,0.2237203540555221,0.576279645944478,1561.0841519659593,312.2998923941112,105.96684543002944,49.892782991107005,278.054207598298,5.278806476264986,3.613951076445593,14.2,1561.0841519659593,312.2998923941112,105.96684543002944,49.892782991107005,278.054207598298,5.278806476264986,3.613951076445593,0.0,0.0,0.0,0.0,0.0,0.0,0.0,0.0,0.0,0.0,0.0,0.0,0.0,0.0,1,NORMAL,0.0,2026-01-01T00:02:00+00:00,False
2026-01-01T00:04:46Z,ENG-DATASET-001,MSN-NORMAL-001,LANDING,4000.0,23.0,0.22212135618290982,0.5778786438170902,1552.2896636665914,311.18862101552395,105.4498764124146,49.81255503807246,277.6144831833296,5.247625246987501,3.0526603768802985,14.2,1552.2896636665914,311.18862101552395,105.4498764124146,49.81255503807246,277.6144831833296,5.247625246987501,3.0526603768802985,0.0,0.0,0.0,0.0,0.0,0.0,0.0,0.0,0.0,0.0,0.0,0.0,0.0,0.0,1,NORMAL,0.0,2026-01-01T00:02:00+00:00,False
2026-01-01T00:04:47Z,ENG-DATASET-001,MSN-NORMAL-001,LANDING,4000.0,23.0,0.22095739522280947,0.5790426047771906,1545.8878783860396,310.3801364295971,104.96439218191307,49.733457701444834,277.29439391930197,5.224938224421177,3.112333186937815,14.2,1545.8878783860396,310.3801364295971,104.96439218191307,49.733457701444834,277.29439391930197,5.224938224421177,3.112333186937815,0.0,0.0,0.0,0.0,0.0,0.0,0.0,0.0,0.0,0.0,0.0,0.0,0.0,0.0,1,NORMAL,0.0,2026-01-01T00:02:00+00:00,False
2026-01-01T00:04:48Z,ENG-DATASET-001,MSN-NORMAL-001,LANDING,4000.0,23.0,0.22024663439670653,0.5797533656032935,1541.9786938424738,309.88662782569327,104.51511865936409,49.65625504252141,277.0989346921237,5.211089089373328,3.6971688804351333,14.2,1541.9786938424738,309.88662782569327,104.51511865936409,49.65625504252141,277.0989346921237,5.211089089373328,3.6971688804351333,0.0,0.0,0.0,0.0,0.0,0.0,0.0,0.0,0.0,0.0,0.0,0.0,0.0,0.0,1,NORMAL,0.0,2026-01-01T00:02:00+00:00,False
2026-01-01T00:04:49Z,ENG-DATASET-001,MSN-NORMAL-001,LANDING,4000.0,23.0,0.22000016488957225,0.5799998351104277,1540.623111553235,309.71552716434087,104.10649497253621,49.58170036583504,277.03115557766176,5.2062874346461685,3.962992621482026,14.2,1540.623111553235,309.71552716434087,104.10649497253621,49.58170036583504,277.03115557766176,5.2062874346461685,3.962992621482026,0.0,0.0,0.0,0.0,0.0,0.0,0.0,0.0,0.0,0.0,0.0,0.0,0.0,0.0,1,NORMAL,0.0,2026-01-01T00:02:00+00:00,False
2026-01-01T00:04:50Z,ENG-DATASET-001,MSN-NORMAL-001,LANDING,4000.0,23.0,0.22022183277563162,0.5797781672243685,1541.8422849265614,309.8694096267302,103.74258071595085,49.51052371172695,277.0921142463281,5.210605892249265,3.526782309764228,14.2,1541.8422849265614,309.8694096267302,103.74258071595085,49.51052371172695,277.0921142463281,5.210605892249265,3.526782309764228,0.0,0.0,0.0,0.0,0.0,0.0,0.0,0.0,0.0,0.0,0.0,0.0,0.0,0.0,1,NORMAL,0.0,2026-01-01T00:02:00+00:00,False
2026-01-01T00:04:51Z,ENG-DATASET-001,MSN-NORMAL-001,LANDING,4000.0,23.0,0.2209081790016614,0.5790918209983387,1545.6171891697252,310.3459592121654,103.4269716246599,49.44341974204394,277.28085945848625,5.223979140076263,3.0154490725609175,14.2,1545.6171891697252,310.3459592121654,103.4269716246599,49.44341974204394,277.28085945848625,5.223979140076263,3.0154490725609175,0.0,0.0,0.0,0.0,0.0,0.0,0.0,0.0,0.0,0.0,0.0,0.0,0.0,0.0,1,NORMAL,0.0,2026-01-01T00:02:00+00:00,False
2026-01-01T00:04:52Z,ENG-DATASET-001,MSN-NORMAL-001,LANDING,4000.0,23.0,0.22204849336435883,0.5779515066356412,1551.8889181645611,311.13799967601,103.16272445409416,49.38103620679593,277.59444590822807,5.246204795205656,3.1676463353225404,14.2,1551.8889181645611,311.13799967601,103.16272445409416,49.38103620679593,277.59444590822807,5.246204795205656,3.1676463353225404,0.0,0.0,0.0,0.0,0.0,0.0,0.0,0.0,0.0,0.0,0.0,0.0,0.0,0.0,1,NORMAL,0.0,2026-01-01T00:02:00+00:00,False
2026-01-01T00:04:53Z,ENG-DATASET-001,MSN-NORMAL-001,LANDING,4000.0,23.0,0.22362498163948205,0.576375018360518,1560.5596036777388,312.233590635119,102.95229177456272,49.323963170591995,278.02798018388694,5.276946187390069,3.775424203708049,14.2,1560.5596036777388,312.233590635119,102.95229177456272,49.323963170591995,278.02798018388694,5.276946187390069,3.775424203708049,0.0,0.0,0.0,0.0,0.0,0.0,0.0,0.0,0.0,0.0,0.0,0.0,0.0,0.0,1,NORMAL,0.0,2026-01-01T00:02:00+00:00,False
2026-01-01T00:04:54Z,ENG-DATASET-001,MSN-NORMAL-001,LANDING,4000.0,23.0,0.22561304325476791,0.5743869567452321,1571.4939425618113,313.61618828750557,102.79746730429409,49.27272316586351,278.5746971280906,5.315736992382027,3.9819966112851692,14.2,1571.4939425618113,313.61618828750557,102.79746730429409,49.27272316586351,278.5746971280906,5.315736992382027,3.9819966112851692,0.0,0.0,0.0,0.0,0.0,0.0,0.0,0.0,0.0,0.0,0.0,0.0,0.0,0.0,1,NORMAL,0.0,2026-01-01T00:02:00+00:00,False
2026-01-01T00:04:55Z,ENG-DATASET-001,MSN-NORMAL-001,LANDING,4000.0,23.0,0.22798165517363428,0.5720183448263658,1584.5213081155762,315.2648697680433,102.69934231806576,49.227762425464995,279.2260654057788,5.3619876898532715,3.509019956508703,14.2,1584.5213081155762,315.2648697680433,102.69934231806576,49.227762425464995,279.2260654057788,5.3619876898532715,3.509019956508703,0.0,0.0,0.0,0.0,0.0,0.0,0.0,0.0,0.0,0.0,0.0,0.0,0.0,0.0,1,NORMAL,0.0,2026-01-01T00:02:00+00:00,False
2026-01-01T00:04:56Z,ENG-DATASET-001,MSN-NORMAL-001,LANDING,4000.0,23.0,0.23069385599929002,0.56930614400071,1599.4384126566827,317.1546196656624,102.65827357790074,49.18944333044252,279.97192063283416,5.414993794224426,3.055094435635763,14.2,1599.4384126566827,317.1546196656624,102.65827357790074,49.18944333044252,279.97192063283416,5.414993794224426,3.055094435635763,0.0,0.0,0.0,0.0,0.0,0.0,0.0,0.0,0.0,0.0,0.0,0.0,0.0,0.0,1,NORMAL,0.0,2026-01-01T00:02:00+00:00,False
2026-01-01T00:04:57Z,ENG-DATASET-001,MSN-NORMAL-001,LANDING,4000.0,23.0,0.23370732274496983,0.5662926772550302,1616.012479757922,319.256676638418,102.67386313607112,49.15803818983824,280.8006239878961,5.473945788284028,3.294569211318682,14.2,1616.012479757922,319.256676638418,102.67386313607112,49.15803818983824,280.8006239878961,5.473945788284028,3.294569211318682,0.0,0.0,0.0,0.0,0.0,0.0,0.0,0.0,0.0,0.0,0.0,0.0,0.0,0.0,1,NORMAL,0.0,2026-01-01T00:02:00+00:00,False
2026-01-01T00:04:58Z,ENG-DATASET-001,MSN-NORMAL-001,LANDING,4000.0,23.0,0.2369750312699874,0.5630249687300126,1633.9848766455186,321.53893736695085,102.74495025663778,49.13372444865279,281.69924383227595,5.537940668765733,3.9110439600641422,14.2,1633.9848766455186,321.53893736695085,102.74495025663778,49.13372444865279,281.69924383227595,5.537940668765733,3.9110439600641422,0.0,0.0,0.0,0.0,0.0,0.0,0.0,0.0,0.0,0.0,0.0,0.0,0.0,0.0,1,NORMAL,0.0,2026-01-01T00:02:00+00:00,False
2026-01-01T00:04:59Z,ENG-DATASET-001,MSN-NORMAL-001,LANDING,4000.0,23.0,0.24044599007572326,0.5595540099242767,1653.0751500770655,323.9664142790216,102.86961558794954,49.1165813978393,282.6537575038533,5.605994990003661,4.050251426330839,14.2,1653.0751500770655,323.9664142790216,102.86961558794954,49.1165813978393,282.6537575038533,5.605994990003661,4.050251426330839,0.0,0.0,0.0,0.0,0.0,0.0,0.0,0.0,0.0,0.0,0.0,0.0,0.0,0.0,1,NORMAL,0.0,2026-01-01T00:02:00+00:00,False
2026-01-01T00:05:00Z,ENG-DATASET-001,MSN-NORMAL-001,TAKEOFF,4000.0,23.0,0.8940660360109062,0.7559339639890938,5122.985402720571,905.0691177571466,117.50938197308325,50.69944557965688,456.1492701360286,18.95388521604521,9.118493684183555,14.2,5122.985402720571,905.0691177571466,117.50938197308325,50.69944557965688,456.1492701360286,18.95388521604521,9.118493684183555,0.0,0.0,0.0,0.0,0.0,0.0,0.0,0.0,0.0,0.0,0.0,0.0,0.0,0.0,1,NORMAL,0.0,2026-01-01T00:02:00+00:00,False
2026-01-01T00:00:01Z,ENG-DATASET-002,MSN-NORMAL-002,TAKEOFF,2000.0,15.0,0.9037402420015569,0.7462597579984431,5231.5620522926165,1110.711375223676,51.767784380591905,22.913287531478606,461.57810261463084,25.335026832031204,9.459569616549603,14.2,5231.5620522926165,1110.711375223676,51.767784380591905,22.913287531478606,461.57810261463084,25.335026832031204,9.459569616549603,0.0,0.0,0.0,0.0,0.0,0.0,0.0,0.0,0.0,0.0,0.0,0.0,0.0,0.0,2,NORMAL,0.0,2026-01-01T00:02:00+00:00,False
2026-01-01T00:00:02Z,ENG-DATASET-002,MSN-NORMAL-002,TAKEOFF,2000.0,15.0,0.9074221187776357,0.7425778812223643,5251.81237456105,1114.8610683522513,75.962532651339,25.717714138314896,462.5906187280525,25.450753235744305,8.931312469548443,14.2,5251.81237456105,1114.8610683522513,75.962532651339,25.717714138314896,462.5906187280525,25.450753235744305,8.931312469548443,0.0,0.0,0.0,0.0,0.0,0.0,0.0,0.0,0.0,0.0,0.0,0.0,0.0,0.0,2,NORMAL,0.0,2026-01-01T00:02:00+00:00,False
2026-01-01T00:00:03Z,ENG-DATASET-002,MSN-NORMAL-002,TAKEOFF,2000.0,15.0,0.9109881758725814,0.7390118241274186,5271.425688583251,1118.8862597426303,97.83843587977086,28.417392966492205,463.5712844291626,25.562992579195992,9.020619601260911,14.2,5271.425688583251,1118.8862597426303,97.83843587977086,28.417392966492205,463.5712844291626,25.562992579195992,9.020619601260911,0.0,0.0,0.0,0.0,0.0,0.0,0.0,0.0,0.0,0.0,0.0,0.0,0.0,0.0,2,NORMAL,0.0,2026-01-01T00:02:00+00:00,False
2026-01-01T00:00:04Z,ENG-DATASET-002,MSN-NORMAL-002,TAKEOFF,2000.0,15.0,0.9143827661581261,0.7356172338418739,5290.095935153747,1122.7234349497355,117.62267816553717,31.016156704637307,464.50479675768736,25.66997555119346,9.631126335352254,14.2,5290.095935153747,1122.7234349497355,117.62267816553717,31.016156704637307,464.50479675768736,25.66997555119346,9.631126335352254,0.0,0.0,0.0,0.0,0.0,0.0,0.0,0.0,0.0,0.0,0.0,0.0,0.0,0.0,2,NORMAL,0.0,2026-01-01T00:02:00+00:00,False
2026-01-01T00:00:05Z,ENG-DATASET-002,MSN-NORMAL-002,TAKEOFF,2000.0,15.0,0.9175529181882139,0.7324470818117861,5307.53177131923,1126.3117872416497,135.5182050300247,33.51757437665262,465.3765885659615,25.77000911672402,9.918239398296606,14.2,5307.53177131923,1126.3117872416497,135.5182050300247,33.51757437665262,465.3765885659615,25.77000911672402,9.918239398296606,0.0,0.0,0.0,0.0,0.0,0.0,0.0,0.0,0.0,0.0,0.0,0.0,0.0,0.0,2,NORMAL,0.0,2026-01-01T00:02:00+00:00,False
2026-01-01T00:00:06Z,ENG-DATASET-002,MSN-NORMAL-002,TAKEOFF,2000.0,15.0,0.9204491628007,0.7295508371993,5323.461116687903,1129.5942239387723,151.70624012549152,35.924969184729996,466.17305583439514,25.86150439641673,9.498695966973807,14.2,5323.461116687903,1129.5942239387723,151.70624012549152,35.924969184729996,466.17305583439514,25.86150439641673,9.498695966973807,0.0,0.0,0.0,0.0,0.0,0.0,0.0,0.0,0.0,0.0,0.0,0.0,0.0,0.0,2,NORMAL,0.0,2026-01-01T00:02:00+00:00,False
2026-01-01T00:00:07Z,ENG-DATASET-002,MSN-NORMAL-002,TAKEOFF,2000.0,15.0,0.9230263050670808,0.7269736949329192,5337.635399152998,1132.518325680032,166.34857425494317,38.24143724687257,466.8817699576499,25.943003197222097,8.99921684167568,14.2,5337.635399152998,1132.518325680032,166.34857425494317,38.24143724687257,466.8817699576499,25.943003197222097,8.99921684167568,0.0,0.0,0.0,0.0,0.0,0.0,0.0,0.0,0.0,0.0,0.0,0.0,0.0,0.0,2,NORMAL,0.0,2026-01-01T00:02:00+00:00,False
2026-01-01T00:00:08Z,ENG-DATASET-002,MSN-NORMAL-002,TAKEOFF,2000.0,15.0,0.925244129544237,0.7247558704557631,5349.833433777357,1135.0372393836496,179.5896478140401,40.46986705419019,467.4916716888678,26.01320267198028,9.158218551663948,14.2,5349.833433777357,1135.0372393836496,179.5896478140401,40.46986705419019,467.4916716888678,26.01320267198028,9.158218551663948,0.0,0.0,0.0,0.0,0.0,0.0,0.0,0.0,0.0,0.0,0.0,0.0,0.0,0.0,2,NORMAL,0.0,2026-01-01T00:02:00+00:00,False
2026-01-01T00:00:09Z,ENG-DATASET-002,MSN-NORMAL-002,TAKEOFF,2000.0,15.0,0.9270680278229729,0.7229319721770271,5359.864874310404,1137.110486239738,191.55844518862955,42.6129594572958,467.99324371552024,26.0709776029349,9.767545813737328,14.2,5359.864874310404,1137.110486239738,191.55844518862955,42.6129594572958,467.99324371552024,26.0709776029349,9.767545813737328,0.0,0.0,0.0,0.0,0.0,0.0,0.0,0.0,0.0,0.0,0.0,0.0,0.0,0.0,2,NORMAL,0.0,2026-01-01T00:02:00+00:00,False
2026-01-01T00:00:10Z,ENG-DATASET-002,MSN-NORMAL-002,TAKEOFF,2000.0,15.0,0.9284695385806676,0.7215304614193324,5367.573183477725,1138.7046672361023,202.37021735066915,44.67324797835572,468.37865917388626,26.115399837215136,9.97038401746339,14.2,5367.573183477725,1138.7046672361023,202.37021735066915,44.67324797835572,468.37865917388626,26.115399837215136,9.97038401746339,0.0,0.0,0.0,0.0,0.0,0.0,0.0,0.0,0.0,0.0,0.0,0.0,0.0,0.0,2,NORMAL,0.0,2026-01-01T00:02:00+00:00,False
2026-01-01T00:00:11Z,ENG-DATASET-002,MSN-NORMAL-002,TAKEOFF,2000.0,15.0,0.9294267917106946,0.7205732082893054,5372.838075692875,1139.7940504752687,212.12804687748394,46.65311923592746,468.6419037846437,26.145754450758673,9.488544562967542,14.2,5372.838075692875,1139.7940504752687,212.12804687748394,46.65311923592746,468.6419037846437,26.145754450758673,9.488544562967542,0.0,0.0,0.0,0.0,0.0,0.0,0.0,0.0,0.0,0.0,0.0,0.0,0.0,0.0,2,NORMAL,0.0,2026-01-01T00:02:00+00:00,False
2026-01-01T00:00:12Z,ENG-DATASET-002,MSN-NORMAL-002,TAKEOFF,2000.0,15.0,0.9299248495981216,0.7200751504018784,5375.577394073722,1140.3610268570224,220.9242678611611,48.554833263795146,468.7788697036861,26.161552280182818,9.020825191427775,14.2,5375.577394073722,1140.3610268570224,220.9242678611611,48.554833263795146,468.7788697036861,26.161552280182818,9.020825191427775,0.0,0.0,0.0,0.0,0.0,0.0,0.0,0.0,0.0,0.0,0.0,0.0,0.0,0.0,2,NORMAL,0.0,2026-01-01T00:02:00+00:00,False
2026-01-01T00:00:13Z,ENG-DATASET-002,MSN-NORMAL-002,TAKEOFF,2000.0,15.0,0.929955940216195,0.720044059783805,5375.748392473126,1140.3964235124604,228.8417516628565,50.380543502669106,468.7874196236563,26.162538538038127,9.241727193759905,14.2,5375.748392473126,1140.3964235124604,228.8417516628565,50.380543502669106,468.7874196236563,26.162538538038127,9.241727193759905,0.0,0.0,0.0,0.0,0.0,0.0,0.0,0.0,0.0,0.0,0.0,0.0,0.0,0.0,2,NORMAL,0.0,2026-01-01T00:02:00+00:00,False
2026-01-01T00:00:14Z,ENG-DATASET-002,MSN-NORMAL-002,TAKEOFF,2000.0,15.0,0.9295195784062181,0.7204804215937819,5373.348402518253,1139.8996675902358,235.95506818632674,52.13231624488399,468.66742012591266,26.14869731327517,9.835045014884827,14.2,5373.348402518253,1139.8996675902358,235.95506818632674,52.13231624488399,468.66742012591266,26.14869731327517,9.835045014884827,0.0,0.0,0.0,0.0,0.0,0.0,0.0,0.0,0.0,0.0,0.0,0.0,0.0,0.0,2,NORMAL,0.0,2026-01-01T00:02:00+00:00,False
2026-01-01T00:00:15Z,ENG-DATASET-002,MSN-NORMAL-002,TAKEOFF,2000.0,15.0,0.9286225734482908,0.7213774265517092,5368.414875249653,1138.8787964967712,242.33153128011335,53.812149317081264,468.4207437624827,26.12025185258863,9.946881949366142,14.2,5368.414875249653,1138.8787964967712,242.33153128011335,53.812149317081264,468.4207437624827,26.12025185258863,9.946881949366142,0.0,0.0,0.0,0.0,0.0,0.0,0.0,0.0,0.0,0.0,0.0,0.0,0.0,0.0,2,NORMAL,0.0,2026-01-01T00:02:00+00:00,False
2026-01-01T00:00:16Z,ENG-DATASET-002,MSN-NORMAL-002,TAKEOFF,2000.0,15.0,0.9272789228047704,0.7227210771952296,5361.024796710291,1137.3503143459825,248.03213601075157,55.42198979421664,468.0512398355146,26.07766061609731,9.409067448742034,14.2,5361.024796710291,1137.3503143459825,248.03213601075157,55.42198979421664,468.0512398355146,26.07766061609731,9.409067448742034,0.0,0.0,0.0,0.0,0.0,0.0,0.0,0.0,0.0,0.0,0.0,0.0,0.0,0.0,2,NORMAL,0.0,2026-01-01T00:02:00+00:00,False
2026-01-01T00:00:17Z,ENG-DATASET-002,MSN-NORMAL-002,TAKEOFF,2000.0,15.0,0.9255095936945535,0.7244904063054465,5351.293486604098,1135.3388980374882,253.11239486061362,56.96375054995366,467.5646743302049,26.021609198863878,8.980214939068619,14.2,5351.293486604098,1135.3388980374882,253.11239486061362,56.96375054995366,467.5646743302049,26.021609198863878,8.980214939068619,0.0,0.0,0.0,0.0,0.0,0.0,0.0,0.0,0.0,0.0,0.0,0.0,0.0,0.0,2,NORMAL,0.0,2026-01-01T00:02:00+00:00,False
2026-01-01T00:00:18Z,ENG-DATASET-002,MSN-NORMAL-002,TAKEOFF,2000.0,15.0,0.9233421959066377,0.7266578040933623,5339.372798770561,1132.8769599116035,257.6230793723423,58.43932546340304,466.96863993852804,25.95299830432415,9.25906055375315,14.2,5339.372798770561,1132.8769599116035,257.6230793723423,58.43932546340304,466.96863993852804,25.95299830432415,9.25906055375315,0.0,0.0,0.0,0.0,0.0,0.0,0.0,0.0,0.0,0.0,0.0,0.0,0.0,0.0,2,NORMAL,0.0,2026-01-01T00:02:00+00:00,False
2026-01-01T00:00:19Z,ENG-DATASET-002,MSN-NORMAL-002,TAKEOFF,2000.0,15.0,0.9208105509585982,0.7291894490414018,5325.448751556344,1130.0040771892711,261.61087336483985,59.85060312000602,466.27243757781724,25.87292804326545,9.826912998415068,14.2,5325.448751556344,1130.0040771892711,261.61087336483985,59.85060312000602,466.27243757781724,25.87292804326545,9.826912998415068,0.0,0.0,0.0,0.0,0.0,0.0,0.0,0.0,0.0,0.0,0.0,0.0,0.0,0.0,2,NORMAL,0.0,2026-01-01T00:02:00+00:00,False
2026-01-01T00:00:20Z,ENG-DATASET-002,MSN-NORMAL-002,TAKEOFF,2000.0,15.0,0.9179541643231187,0.7320458356768813,5309.738625061206,1126.766301276199,265.11894356026085,61.199478864854306,465.48693125306033,25.78267890946452,9.847801911265908,14.2,5309.738625061206,1126.766301276199,265.11894356026085,61.199478864854306,465.48693125306033,25.78267890946452,9.847801911265908,0.0,0.0,0.0,0.0,0.0,0.0,0.0,0.0,0.0,0.0,0.0,0.0,0.0,0.0,2,NORMAL,0.0,2026-01-01T00:02:00+00:00,False
2026-01-01T00:00:21Z,ENG-DATASET-002,MSN-NORMAL-002,TAKEOFF,2000.0,15.0,0.9148176089583027,0.7351823910416974,5292.487570554718,1123.215362396848,268.18743326415597,62.48786508956529,464.6243785277359,25.683689847955943,9.266502114935436,14.2,5292.487570554718,1123.215362396848,268.18743326415597,62.48786508956529,464.6243785277359,25.683689847955943,9.266502114935436,0.0,0.0,0.0,0.0,0.0,0.0,0.0,0.0,0.0,0.0,0.0,0.0,0.0,0.0,2,NORMAL,0.0,2026-01-01T00:02:00+00:00,False
2026-01-01T00:00:22Z,ENG-DATASET-002,MSN-NORMAL-002,TAKEOFF,2000.0,15.0,0.91144982976157,0.7385501702384301,5273.964784972688,1119.4077868574184,270.85388460917585,63.71769965862798,463.6982392486344,25.577533882356533,8.888048151230535,14.2,5273.964784972688,1119.4077868574184,270.85388460917585,63.71769965862798,463.6982392486344,25.577533882356533,8.888048151230535,0.0,0.0,0.0,0.0,0.0,0.0,0.0,0.0,0.0,0.0,0.0,0.0,0.0,0.0,2,NORMAL,0.0,2026-01-01T00:02:00+00:00,False
2026-01-01T00:00:23Z,ENG-DATASET-002,MSN-NORMAL-002,TAKEOFF,2000.0,15.0,0.9079033798009026,0.7420966201990974,5254.459310189018,1115.4039454805395,273.15359478527176,64.8909524075101,462.7229655094509,25.4658918027161,9.224814402482016,14.2,5254.459310189018,1115.4039454805395,273.15359478527176,64.8909524075101,462.7229655094509,25.4658918027161,9.224814402482016,0.0,0.0,0.0,0.0,0.0,0.0,0.0,0.0,0.0,0.0,0.0,0.0,0.0,0.0,2,NORMAL,0.0,2026-01-01T00:02:00+00:00,False
2026-01-01T00:00:24Z,ENG-DATASET-002,MSN-NORMAL-002,TAKEOFF,2000.0,15.0,0.904233600241796,0.745766399758204,5234.275522613932,1111.2670524019943,275.11991161679447,66.00962967235546,461.7137761306966,25.35052443479592,9.762914247434415,14.2,5234.275522613932,1111.2670524019943,275.11991161679447,66.00962967235546,461.7137761306966,25.35052443479592,9.762914247434415,0.0,0.0,0.0,0.0,0.0,0.0,0.0,0.0,0.0,0.0,0.0,0.0,0.0,0.0,2,NORMAL,0.0,2026-01-01T00:02:00+00:00,False
2026-01-01T00:00:25Z,ENG-DATASET-002,MSN-NORMAL-002,TAKEOFF,2000.0,15.0,0.9004977567668805,0.7495022432331195,5213.728383501896,1107.0621334955974,276.78447379250497,67.0757768393676,460.68641917509484,25.23324401605679,9.698923039367585,14.2,5213.728383501896,1107.0621334955974,276.78447379250497,67.0757768393676,460.68641917509484,25.23324401605679,9.698923039367585,0.0,0.0,0.0,0.0,0.0,0.0,0.0,0.0,0.0,0.0,0.0,0.0,0.0,0.0,2,NORMAL,0.0,2026-01-01T00:02:00+00:00,False
2026-01-01T00:00:26Z,ENG-DATASET-002,MSN-NORMAL-002,TAKEOFF,2000.0,15.0,0.8967541459640967,0.7532458540359033,5193.138524086586,1102.8549832461044,278.1774009944071,68.09147893052679,459.6569262043293,25.115885194198547,9.091432201850076,14.2,5193.138524086586,1102.8549832461044,278.1774009944071,68.09147893052679,459.6569262043293,25.115885194198547,9.091432201850076,0.0,0.0,0.0,0.0,0.0,0.0,0.0,0.0,0.0,0.0,0.0,0.0,0.0,0.0,2,NORMAL,0.0,2026-01-01T00:02:00+00:00,False
2026-01-01T00:00:27Z,ENG-DATASET-002,MSN-NORMAL-002,TAKEOFF,2000.0,15.0,0.8930611856279393,0.7569388143720607,5172.8272422377195,1098.711127993023,279.32743909479194,69.05885927067261,458.641362111886,25.000276142610936,8.777623039132507,14.2,5172.8272422377195,1098.711127993023,279.32743909479194,69.05885927067261,458.641362111886,25.000276142610936,8.777623039132507,0.0,0.0,0.0,0.0,0.0,0.0,0.0,0.0,0.0,0.0,0.0,0.0,0.0,0.0,2,NORMAL,0.0,2026-01-01T00:02:00+00:00,False
2026-01-01T00:00:28Z,ENG-DATASET-002,MSN-NORMAL-002,TAKEOFF,2000.0,15.0,0.8894765031693115,0.7605234968306887,5153.111488715266,1094.6948122064332,280.26206549047356,69.98007630875713,457.6555744357633,24.888210255738596,9.17437487293379,14.2,5153.111488715266,1094.6948122064332,280.26206549047356,69.98007630875713,457.6555744357633,24.888210255738596,9.17437487293379,0.0,0.0,0.0,0.0,0.0,0.0,0.0,0.0,0.0,0.0,0.0,0.0,0.0,0.0,2,NORMAL,0.0,2026-01-01T00:02:00+00:00,False
2026-01-01T00:00:29Z,ENG-DATASET-002,MSN-NORMAL-002,TAKEOFF,2000.0,15.0,0.8860560363590517,0.7639439636409483,5134.298921258838,1090.8680229240642,281.0075595145278,70.8573186927969,456.7149460629419,24.781418848523554,9.681522586266553,14.2,5134.298921258838,1090.8680229240642,281.0075595145278,70.8573186927969,456.7149460629419,24.781418848523554,9.681522586266553,0.0,0.0,0.0,0.0,0.0,0.0,0.0,0.0,0.0,0.0,0.0,0.0,0.0,0.0,2,NORMAL,0.0,2026-01-01T00:02:00+00:00,False
2026-01-01T00:00:30Z,ENG-DATASET-002,MSN-NORMAL-002,CLIMB,4000.0,15.0,0.7628531604377298,0.6671468395622704,4466.329258722742,792.4357767967932,274.2176979829949,70.91839382143034,423.3164629361371,16.709050979770918,8.366663216204433,14.2,4466.329258722742,792.4357767967932,274.2176979829949,70.91839382143034,423.3164629361371,16.709050979770918,8.366663216204433,0.0,0.0,0.0,0.0,0.0,0.0,0.0,0.0,0.0,0.0,0.0,0.0,0.0,0.0,2,NORMAL,0.0,2026-01-01T00:02:00+00:00,False
2026-01-01T00:00:31Z,ENG-DATASET-002,MSN-NORMAL-002,CLIMB,4000.0,15.0,0.7599178552128679,0.6700821447871321,4450.185079986003,789.892307661552,268.0432358762342,70.9717843284455,422.5092539993002,16.639614140866463,7.7521041006201346,14.2,4450.185079986003,789.892307661552,268.0432358762342,70.9717843284455,422.5092539993002,16.639614140866463,7.7521041006201346,0.0,0.0,0.0,0.0,0.0,0.0,0.0,0.0,0.0,0.0,0.0,0.0,0.0,0.0,2,NORMAL,0.0,2026-01-01T00:02:00+00:00,False
2026-01-01T00:00:32Z,ENG-DATASET-002,MSN-NORMAL-002,CLIMB,4000.0,15.0,0.7572959251407622,0.6727040748592379,4435.764464589421,787.6230116453372,262.4294875797442,71.01835719719413,421.78822322947104,16.577654152393922,7.516781240812689,14.2,4435.764464589421,787.6230116453372,262.4294875797442,71.01835719719413,421.78822322947104,16.577654152393922,7.516781240812689,0.0,0.0,0.0,0.0,0.0,0.0,0.0,0.0,0.0,0.0,0.0,0.0,0.0,0.0,2,NORMAL,0.0,2026-01-01T00:02:00+00:00,False
2026-01-01T00:00:33Z,ENG-DATASET-002,MSN-NORMAL-002,CLIMB,4000.0,15.0,0.7550282845632604,0.6749717154367396,4423.292441413161,785.662354225632,257.3280976774106,71.05901779301871,421.1646220706581,16.52411495948621,7.9746143319071585,14.2,4423.292441413161,785.662354225632,257.3280976774106,71.05901779301871,421.1646220706581,16.52411495948621,7.9746143319071585,0.0,0.0,0.0,0.0,0.0,0.0,0.0,0.0,0.0,0.0,0.0,0.0,0.0,0.0,2,NORMAL,0.0,2026-01-01T00:02:00+00:00,False
2026-01-01T00:00:34Z,ENG-DATASET-002,MSN-NORMAL-002,CLIMB,4000.0,15.0,0.7531503192531426,0.6768496807468575,4412.963632207512,784.0400213608095,252.69628844368978,71.09469845552796,420.6481816103756,16.479809992215486,8.449593264495928,14.2,4412.963632207512,784.0400213608095,252.69628844368978,71.09469845552796,420.6481816103756,16.479809992215486,8.449593264495928,0.0,0.0,0.0,0.0,0.0,0.0,0.0,0.0,0.0,0.0,0.0,0.0,0.0,0.0,2,NORMAL,0.0,2026-01-01T00:02:00+00:00,False
2026-01-01T00:00:35Z,ENG-DATASET-002,MSN-NORMAL-002,CLIMB,4000.0,15.0,0.7516913342309711,0.6783086657690289,4404.93921458557,782.7805120513485,248.4961724006045,71.12634656114011,420.2469607292785,16.445410824049304,8.244594734338895,14.2,4404.93921458557,782.7805120513485,248.4961724006045,71.12634656114011,420.2469607292785,16.445410824049304,8.244594734338895,0.0,0.0,0.0,0.0,0.0,0.0,0.0,0.0,0.0,0.0,0.0,0.0,0.0,0.0,2,NORMAL,0.0,2026-01-01T00:02:00+00:00,False
2026-01-01T00:00:36Z,ENG-DATASET-002,MSN-NORMAL-002,CLIMB,4000.0,15.0,0.7506740964700471,0.6793259035299529,4399.344406900488,781.9028060388036,244.69412531151414,71.15491224652612,419.96722034502443,16.42143790335535,7.640393356393269,14.2,4399.344406900488,781.9028060388036,244.69412531151414,71.15491224652612,419.96722034502443,16.42143790335535,7.640393356393269,0.0,0.0,0.0,0.0,0.0,0.0,0.0,0.0,0.0,0.0,0.0,0.0,0.0,0.0,2,NORMAL,0.0,2026-01-01T00:02:00+00:00,False
2026-01-01T00:00:37Z,ENG-DATASET-002,MSN-NORMAL-002,CLIMB,4000.0,15.0,0.7501144796254057,0.6798855203745944,4396.2665142549595,781.4201088289401,241.26021550108624,71.18133598870268,419.813325712748,16.408253429935435,7.493604356806814,14.2,4396.2665142549595,781.4201088289401,241.26021550108624,71.18133598870268,419.813325712748,16.408253429935435,7.493604356806814,0.0,0.0,0.0,0.0,0.0,0.0,0.0,0.0,0.0,0.0,0.0,0.0,0.0,0.0,2,NORMAL,0.0,2026-01-01T00:02:00+00:00,False
2026-01-01T00:00:38Z,ENG-DATASET-002,MSN-NORMAL-002,CLIMB,4000.0,15.0,0.7500212163307387,0.6799787836692613,4395.753566134292,781.3396755580326,238.16768583992842,71.20653623959457,419.7876783067146,16.406056428159253,8.009572403020353,14.2,4395.753566134292,781.3396755580326,238.16768583992842,71.20653623959457,419.7876783067146,16.406056428159253,8.009572403020353,0.0,0.0,0.0,0.0,0.0,0.0,0.0,0.0,0.0,0.0,0.0,0.0,0.0,0.0,2,NORMAL,0.0,2026-01-01T00:02:00+00:00,False
2026-01-01T00:00:39Z,ENG-DATASET-002,MSN-NORMAL-002,CLIMB,4000.0,15.0,0.7503957619285668,0.6796042380714332,4397.813566922347,781.6627146693589,235.39248512266954,71.23139731187547,419.89067834611734,16.414880050423967,8.44825664542533,14.2,4397.813566922347,781.6627146693589,235.39248512266954,71.23139731187547,419.89067834611734,16.414880050423967,8.44825664542533,0.0,0.0,0.0,0.0,0.0,0.0,0.0,0.0,0.0,0.0,0.0,0.0,0.0,0.0,2,NORMAL,0.0,2026-01-01T00:02:00+00:00,False
2026-01-01T00:00:40Z,ENG-DATASET-002,MSN-NORMAL-002,CLIMB,4000.0,15.0,0.7512322717601059,0.6787677282398942,4402.414370995811,782.3843718998633,232.91284590789917,71.25675770882145,420.1207185497906,16.4345911287179,8.184482096639545,14.2,4402.414370995811,782.3843718998633,232.91284590789917,71.25675770882145,420.1207185497906,16.4345911287179,8.184482096639545,0.0,0.0,0.0,0.0,0.0,0.0,0.0,0.0,0.0,0.0,0.0,0.0,0.0,0.0,2,NORMAL,0.0,2026-01-01T00:02:00+00:00,False
2026-01-01T00:00:41Z,ENG-DATASET-002,MSN-NORMAL-002,CLIMB,4000.0,15.0,0.7525176923692127,0.6774823076307873,4409.484184345899,783.4937946581083,230.70890618356196,71.28339908383442,420.47420921729497,16.464891977197716,7.603560835484413,14.2,4409.484184345899,783.4937946581083,230.70890618356196,71.28339908383442,420.47420921729497,16.464891977197716,7.603560835484413,0.0,0.0,0.0,0.0,0.0,0.0,0.0,0.0,0.0,0.0,0.0,0.0,0.0,0.0,2,NORMAL,0.0,2026-01-01T00:02:00+00:00,False
2026-01-01T00:00:42Z,ENG-DATASET-002,MSN-NORMAL-002,CLIMB,4000.0,15.0,0.7542319651972023,0.6757680348027978,4418.912684899841,784.9742764639269,228.76237247680393,71.31203600532544,420.9456342449921,16.505324434002404,7.549149171609379,14.2,4418.912684899841,784.9742764639269,228.76237247680393,71.31203600532544,420.9456342449921,16.505324434002404,7.549149171609379,0.0,0.0,0.0,0.0,0.0,0.0,0.0,0.0,0.0,0.0,0.0,0.0,0.0,0.0,2,NORMAL,0.0,2026-01-01T00:02:00+00:00,False
2026-01-01T00:00:43Z,ENG-DATASET-002,MSN-NORMAL-002,CLIMB,4000.0,15.0,0.7563483395899472,0.6736516604100529,4430.552744059938,786.8034806769665,227.0562222460477,71.34330668994386,421.5276372029969,16.555276115112903,8.114384158836272,14.2,4430.552744059938,786.8034806769665,227.0562222460477,71.34330668994386,421.5276372029969,16.555276115112903,8.114384158836272,0.0,0.0,0.0,0.0,0.0,0.0,0.0,0.0,0.0,0.0,0.0,0.0,0.0,0.0,2,NORMAL,0.0,2026-01-01T00:02:00+00:00,False
2026-01-01T00:00:44Z,ENG-DATASET-002,MSN-NORMAL-002,CLIMB,4000.0,15.0,0.7588337902328882,0.6711662097671118,4444.222722596114,788.9537422272264,225.5744435771236,71.37776485189707,422.2111361298057,16.613988836066962,8.508211485639938,14.2,4444.222722596114,788.9537422272264,225.5744435771236,71.37776485189707,422.2111361298057,16.613988836066962,8.508211485639938,0.0,0.0,0.0,0.0,0.0,0.0,0.0,0.0,0.0,0.0,0.0,0.0,0.0,0.0,2,NORMAL,0.0,2026-01-01T00:02:00+00:00,False
2026-01-01T00:00:45Z,ENG-DATASET-002,MSN-NORMAL-002,CLIMB,4000.0,15.0,0.7616495325000231,0.668350467499977,4459.709305065356,791.3924454424184,224.3018103554717,71.41587279856347,422.98546525326776,16.680569138018917,8.188417213454356,14.2,4459.709305065356,791.3924454424184,224.3018103554717,71.41587279856347,422.98546525326776,16.680569138018917,8.188417213454356,0.0,0.0,0.0,0.0,0.0,0.0,0.0,0.0,0.0,0.0,0.0,0.0,0.0,0.0,2,NORMAL,0.0,2026-01-01T00:02:00+00:00,False
2026-01-01T00:00:46Z,ENG-DATASET-002,MSN-NORMAL-002,CLIMB,4000.0,15.0,0.7647516276750222,0.6652483723249778,4476.770828527851,794.0824753188494,223.22369120289576,71.45799588303285,423.83854142639257,16.754000832439484,7.638100968654294,14.2,4476.770828527851,794.0824753188494,223.22369120289576,71.45799588303285,423.83854142639257,16.754000832439484,7.638100968654294,0.0,0.0,0.0,0.0,0.0,0.0,0.0,0.0,0.0,0.0,0.0,0.0,0.0,0.0,2,NORMAL,0.0,2026-01-01T00:02:00+00:00,False
2026-01-01T00:00:47Z,ENG-DATASET-002,MSN-NORMAL-002,CLIMB,4000.0,15.0,0.7680916686002026,0.6619083313997974,4495.141053616343,796.9827386888733,222.32589054982802,71.50439840291843,424.7570526808172,16.83315945336472,7.67316172968935,14.2,4495.141053616343,796.9827386888733,222.32589054982802,71.50439840291843,424.7570526808172,16.83315945336472,7.67316172968935,0.0,0.0,0.0,0.0,0.0,0.0,0.0,0.0,0.0,0.0,0.0,0.0,0.0,0.0,2,NORMAL,0.0,2026-01-01T00:02:00+00:00,False
2026-01-01T00:00:48Z,ENG-DATASET-002,MSN-NORMAL-002,CLIMB,4000.0,15.0,0.7716175350540323,0.6583824649459677,4514.533319112406,800.048750695005,221.59452026222033,71.5552410121047,425.7266659556203,16.91682847749391,8.272950517513344,14.2,4514.533319112406,800.048750695005,221.59452026222033,71.5552410121047,425.7266659556203,16.91682847749391,8.272950517513344,0.0,0.0,0.0,0.0,0.0,0.0,0.0,0.0,0.0,0.0,0.0,0.0,0.0,0.0,2,NORMAL,0.0,2026-01-01T00:02:00+00:00,False
2026-01-01T00:00:49Z,ENG-DATASET-002,MSN-NORMAL-002,CLIMB,4000.0,15.0,0.7752742070697557,0.6547257929302444,4534.645015198885,803.2332807980706,221.01590025595007,71.61057968838017,426.73225075994424,17.003717140885268,8.609392071800613,14.2,4534.645015198885,803.2332807980706,221.01590025595007,71.61057968838017,426.73225075994424,17.003717140885268,8.609392071800613,0.0,0.0,0.0,0.0,0.0,0.0,0.0,0.0,0.0,0.0,0.0,0.0,0.0,0.0,2,NORMAL,0.0,2026-01-01T00:02:00+00:00,False
2026-01-01T00:00:50Z,ENG-DATASET-002,MSN-NORMAL-002,CLIMB,4000.0,15.0,0.7790046235035734,0.6509953764964267,4555.162305584882,806.4870512479293,220.5764865115533,71.67036627552216,427.7581152792441,17.09247964712506,8.232860800470178,14.2,4555.162305584882,806.4870512479293,220.5764865115533,71.67036627552216,427.7581152792441,17.09247964712506,8.232860800470178,0.0,0.0,0.0,0.0,0.0,0.0,0.0,0.0,0.0,0.0,0.0,0.0,0.0,0.0,2,NORMAL,0.0,2026-01-01T00:02:00+00:00,False
2026-01-01T00:00:51Z,ENG-DATASET-002,MSN-NORMAL-002,CLIMB,4000.0,15.0,0.7827505724547054,0.6472494275452947,4575.765024816107,809.7594795679547,220.26282484959683,71.73445059373405,428.7882512408054,17.181735526598167,7.71584303460527,14.2,4575.765024816107,809.7594795679547,220.26282484959683,71.73445059373405,428.7882512408054,17.181735526598167,7.71584303460527,0.0,0.0,0.0,0.0,0.0,0.0,0.0,0.0,0.0,0.0,0.0,0.0,0.0,0.0,2,NORMAL,0.0,2026-01-01T00:02:00+00:00,False
2026-01-01T00:00:52Z,ENG-DATASET-002,MSN-NORMAL-002,CLIMB,4000.0,15.0,0.7864535996426345,0.6435464003573655,4596.131674349718,812.9994551994528,220.06152874462347,71.80258408776734,429.8065837174859,17.270090871127486,7.832234248968119,14.2,4596.131674349718,812.9994551994528,220.06152874462347,71.80258408776734,429.8065837174859,17.270090871127486,7.832234248968119,0.0,0.0,0.0,0.0,0.0,0.0,0.0,0.0,0.0,0.0,0.0,0.0,0.0,0.0,2,NORMAL,0.0,2026-01-01T00:02:00+00:00,False
2026-01-01T00:00:53Z,ENG-DATASET-002,MSN-NORMAL-002,CLIMB,4000.0,15.0,0.7900559205666026,0.6399440794333975,4615.944439431542,816.1561390815027,219.9592793471987,71.87442495797497,430.79722197157713,17.356160134298182,8.448080164210197,14.2,4615.944439431542,816.1561390815027,219.9592793471987,71.87442495797497,430.79722197157713,17.356160134298182,8.448080164210197,0.0,0.0,0.0,0.0,0.0,0.0,0.0,0.0,0.0,0.0,0.0,0.0,0.0,0.0,2,NORMAL,0.0,2026-01-01T00:02:00+00:00,False
2026-01-01T00:00:54Z,ENG-DATASET-002,MSN-NORMAL-002,CLIMB,4000.0,15.0,0.7935013222134185,0.6364986777865815,4634.89414848903,819.1797736759161,219.94284575437672,71.94954469631503,431.7447074244515,17.438588156962016,8.712977998691436,14.2,4634.89414848903,819.1797736759161,219.94284575437672,71.94954469631503,431.7447074244515,17.438588156962016,8.712977998691436,0.0,0.0,0.0,0.0,0.0,0.0,0.0,0.0,0.0,0.0,0.0,0.0,0.0,0.0,2,NORMAL,0.0,2026-01-01T00:02:00+00:00,False
2026-01-01T00:00:55Z,ENG-DATASET-002,MSN-NORMAL-002,CLIMB,4000.0,15.0,0.7967360402427283,0.6332639597572718,4652.685097650234,822.0224898612726,219.99912342547086,72.02743592731669,432.6342548825117,17.516072051549724,8.27792994720251,14.2,4652.685097650234,822.0224898612726,219.99912342547086,72.02743592731669,432.6342548825117,17.516072051549724,8.27792994720251,0.0,0.0,0.0,0.0,0.0,0.0,0.0,0.0,0.0,0.0,0.0,0.0,0.0,0.0,2,NORMAL,0.0,2026-01-01T00:02:00+00:00,False
2026-01-01T00:00:56Z,ENG-DATASET-002,MSN-NORMAL-002,CLIMB,4000.0,15.0,0.7997095979615637,0.6302904020384363,4669.039665103829,824.6390962899022,220.11518849017133,72.1075214335762,433.45198325519146,17.58738255973048,7.794867656803471,14.2,4669.039665103829,824.6390962899022,220.11518849017133,72.1075214335762,433.45198325519146,17.58738255973048,7.794867656803471,0.0,0.0,0.0,0.0,0.0,0.0,0.0,0.0,0.0,0.0,0.0,0.0,0.0,0.0,2,NORMAL,0.0,2026-01-01T00:02:00+00:00,False
2026-01-01T00:00:57Z,ENG-DATASET-002,MSN-NORMAL-002,CLIMB,4000.0,15.0,0.8023755939962547,0.6276244060037454,4683.702643294629,826.9878362980688,220.27836554860593,72.18916422679013,434.18513216473144,17.651384487346338,7.982198587659396,14.2,4683.702643294629,826.9878362980688,220.27836554860593,72.18916422679013,434.18513216473144,17.651384487346338,7.982198587659396,0.0,0.0,0.0,0.0,0.0,0.0,0.0,0.0,0.0,0.0,0.0,0.0,0.0,0.0,2,NORMAL,0.0,2026-01-01T00:02:00+00:00,False
2026-01-01T00:00:58Z,ENG-DATASET-002,MSN-NORMAL-002,CLIMB,4000.0,15.0,0.8046924263703452,0.6253075736296548,4696.445221352127,829.031097343558,220.4763064273343,72.27167850894352,434.8222610676064,17.707055819871513,8.595150190371672,14.2,4696.445221352127,829.031097343558,220.4763064273343,72.27167850894352,434.8222610676064,17.707055819871513,8.595150190371672,0.0,0.0,0.0,0.0,0.0,0.0,0.0,0.0,0.0,0.0,0.0,0.0,0.0,0.0,2,NORMAL,0.0,2026-01-01T00:02:00+00:00,False
2026-01-01T00:00:59Z,ENG-DATASET-002,MSN-NORMAL-002,CLIMB,4000.0,15.0,0.8066239416895222,0.6233760583104778,4707.068555607601,830.7360582627177,220.6970772411688,72.35434135430931,435.3534277803801,17.753505131990437,8.776081116212193,14.2,4707.068555607601,830.7360582627177,220.6970772411688,72.35434135430931,435.3534277803801,17.753505131990437,8.776081116212193,0.0,0.0,0.0,0.0,0.0,0.0,0.0,0.0,0.0,0.0,0.0,0.0,0.0,0.0,2,NORMAL,0.0,2026-01-01T00:02:00+00:00,False
2026-01-01T00:01:00Z,ENG-DATASET-002,MSN-NORMAL-002,CLIMB,4000.0,15.0,0.8081399993032422,0.6218600006967578,4715.40687248306,832.075260418092,220.92925102750422,72.43640493159926,435.77034362415304,17.78998692687618,8.282882876398679,14.2,4715.40687248306,832.075260418092,220.92925102750422,72.43640493159926,435.77034362415304,17.78998692687618,8.282882876398679,0.0,0.0,0.0,0.0,0.0,0.0,0.0,0.0,0.0,0.0,0.0,0.0,0.0,0.0,2,NORMAL,0.0,2026-01-01T00:02:00+00:00,False
2026-01-01T00:01:01Z,ENG-DATASET-002,MSN-NORMAL-002,CLIMB,4000.0,15.0,0.8092169416395014,0.6207830583604986,4721.330055332486,833.0270900530528,221.16200317608013,72.51710907711235,436.06650276662435,17.81591457445247,7.835575827060449,14.2,4721.330055332486,833.0270900530528,221.16200317608013,72.51710907711235,436.06650276662435,17.81591457445247,7.835575827060449,0.0,0.0,0.0,0.0,0.0,0.0,0.0,0.0,0.0,0.0,0.0,0.0,0.0,0.0,2,NORMAL,0.0,2026-01-01T00:02:00+00:00,False
2026-01-01T00:01:02Z,ENG-DATASET-002,MSN-NORMAL-002,CLIMB,4000.0,15.0,0.8098379633733354,0.6201620366266647,4724.745674868573,833.5761608620858,221.38520688002427,72.59569402418677,436.23728374342863,17.83087056281862,8.084544024710382,14.2,4724.745674868573,833.5761608620858,221.38520688002427,72.59569402418677,436.23728374342863,17.83087056281862,8.084544024710382,0.0,0.0,0.0,0.0,0.0,0.0,0.0,0.0,0.0,0.0,0.0,0.0,0.0,0.0,2,NORMAL,0.0,2026-01-01T00:02:00+00:00,False
2026-01-01T00:01:03Z,ENG-DATASET-002,MSN-NORMAL-002,CLIMB,4000.0,15.0,0.8099933736682935,0.6200066263317066,4725.600431490843,833.7135878807674,221.58952588904103,72.67141309176206,436.28002157454216,17.834613831983518,8.678596999328168,14.2,4725.600431490843,833.7135878807674,221.58952588904103,72.67141309176206,436.28002157454216,17.834613831983518,8.678596999328168,0.0,0.0,0.0,0.0,0.0,0.0,0.0,0.0,0.0,0.0,0.0,0.0,0.0,0.0,2,NORMAL,0.0,2026-01-01T00:02:00+00:00,False
2026-01-01T00:01:04Z,ENG-DATASET-002,MSN-NORMAL-002,CLIMB,4000.0,15.0,0.8096807473987014,0.6203192526012986,4723.880987008086,833.4371462312581,221.7665019559184,72.74354513543864,436.19404935040427,17.82708402241074,8.768025953152875,14.2,4723.880987008086,833.4371462312581,221.7665019559184,72.74354513543864,436.19404935040427,17.82708402241074,8.768025953152875,0.0,0.0,0.0,0.0,0.0,0.0,0.0,0.0,0.0,0.0,0.0,0.0,0.0,0.0,2,NORMAL,0.0,2026-01-01T00:02:00+00:00,False
2026-01-01T00:01:05Z,ENG-DATASET-002,MSN-NORMAL-002,CLIMB,4000.0,15.0,0.8089049629929357,0.6210950370070644,4719.614172776375,832.7513109406577,221.90863453384299,72.81140656807214,435.9807086388188,17.808402540452537,8.221939368449581,14.2,4719.614172776375,832.7513109406577,221.90863453384299,72.81140656807214,435.9807086388188,17.808402540452537,8.221939368449581,0.0,0.0,0.0,0.0,0.0,0.0,0.0,0.0,0.0,0.0,0.0,0.0,0.0,0.0,2,NORMAL,0.0,2026-01-01T00:02:00+00:00,False
2026-01-01T00:01:06Z,ENG-DATASET-002,MSN-NORMAL-002,CLIMB,4000.0,15.0,0.8076781263071803,0.6223218736928198,4712.866571004721,831.6671768793022,222.00945050244124,72.87436276360432,435.64332855023605,17.778870416014826,7.815831301765624,14.2,4712.866571004721,831.6671768793022,222.00945050244124,72.87436276360432,435.64332855023605,17.778870416014826,7.815831301765624,0.0,0.0,0.0,0.0,0.0,0.0,0.0,0.0,0.0,0.0,0.0,0.0,0.0,0.0,2,NORMAL,0.0,2026-01-01T00:02:00+00:00,False
2026-01-01T00:01:07Z,ENG-DATASET-002,MSN-NORMAL-002,CLIMB,4000.0,15.0,0.8060193817175902,0.6239806182824098,4703.743475761975,830.2022607333486,222.06356197053083,72.93183866740523,435.1871737880988,17.738963001993305,8.12065716648191,14.2,4703.743475761975,830.2022607333486,222.06356197053083,72.93183866740523,435.1871737880988,17.738963001993305,8.12065716648191,0.0,0.0,0.0,0.0,0.0,0.0,0.0,0.0,0.0,0.0,0.0,0.0,0.0,0.0,2,NORMAL,0.0,2026-01-01T00:02:00+00:00,False
2026-01-01T00:01:08Z,ENG-DATASET-002,MSN-NORMAL-002,CLIMB,4000.0,15.0,0.8039546133787048,0.6260453866212953,4692.3872498981045,828.3801897179136,222.0667105164256,72.98332844873467,434.6193624949052,17.689321637344264,8.685009382646747,14.2,4692.3872498981045,828.3801897179136,222.0667105164256,72.98332844873467,434.6193624949052,17.689321637344264,8.685009382646747,0.0,0.0,0.0,0.0,0.0,0.0,0.0,0.0,0.0,0.0,0.0,0.0,0.0,0.0,2,NORMAL,0.0,2026-01-01T00:02:00+00:00,False
2026-01-01T00:01:09Z,ENG-DATASET-002,MSN-NORMAL-002,CLIMB,4000.0,15.0,0.8015160413098724,0.6284839586901276,4678.975103519528,826.2302843452793,222.015796573415,73.02840404583087,433.94875517597643,17.630742463405166,8.68206726357553,14.2,4678.975103519528,826.2302843452793,222.015796573415,73.02840404583087,433.94875517597643,17.630742463405166,8.68206726357553,0.0,0.0,0.0,0.0,0.0,0.0,0.0,0.0,0.0,0.0,0.0,0.0,0.0,0.0,2,NORMAL,0.0,2026-01-01T00:02:00+00:00,False
2026-01-01T00:01:10Z,ENG-DATASET-002,MSN-NORMAL-002,CLIMB,4000.0,15.0,0.7987417186126258,0.6312582813873743,4663.716328684671,823.7870448900995,221.908893038326,73.06672247136956,433.1858164342335,17.564162643834504,8.09444822611428,14.2,4663.716328684671,823.7870448900995,221.908893038326,73.06672247136956,433.1858164342335,17.564162643834504,8.09444822611428,0.0,0.0,0.0,0.0,0.0,0.0,0.0,0.0,0.0,0.0,0.0,0.0,0.0,0.0,2,NORMAL,0.0,2026-01-01T00:02:00+00:00,False
2026-01-01T00:01:11Z,ENG-DATASET-002,MSN-NORMAL-002,CLIMB,4000.0,15.0,0.7956749376647593,0.6343250623352408,4646.849033471404,821.0895531597157,221.7452425634863,73.09803176533694,432.3424516735702,17.490644290281956,7.739448418552532,14.2,4646.849033471404,821.0895531597157,221.7452425634863,73.09803176533694,432.3424516735702,17.490644290281956,7.739448418552532,0.0,0.0,0.0,0.0,0.0,0.0,0.0,0.0,0.0,0.0,0.0,0.0,0.0,0.0,2,NORMAL,0.0,2026-01-01T00:02:00+00:00,False
2026-01-01T00:01:12Z,ENG-DATASET-002,MSN-NORMAL-002,CLIMB,4000.0,15.0,0.7923635545572527,0.6376364454427473,4628.636426380119,818.1808027232928,221.52523837522,73.12217550342508,431.43182131900596,17.41135643712671,8.098505874555208,14.2,4628.636426380119,818.1808027232928,221.52523837522,73.12217550342508,431.43182131900596,17.41135643712671,8.098505874555208,0.0,0.0,0.0,0.0,0.0,0.0,0.0,0.0,0.0,0.0,0.0,0.0,0.0,0.0,2,NORMAL,0.0,2026-01-01T00:02:00+00:00,False
2026-01-01T00:01:13Z,ENG-DATASET-002,MSN-NORMAL-002,CLIMB,4000.0,15.0,0.7888592423159781,0.6411407576840219,4609.362709053109,815.1069718429203,221.250388833771,73.13909579155886,430.4681354526555,17.32755543841274,8.627879822152757,14.2,4609.362709053109,815.1069718429203,221.250388833771,73.13909579155886,430.4681354526555,17.32755543841274,8.627879822152757,0.0,0.0,0.0,0.0,0.0,0.0,0.0,0.0,0.0,0.0,0.0,0.0,0.0,0.0,2,NORMAL,0.0,2026-01-01T00:02:00+00:00,False
2026-01-01T00:01:14Z,ENG-DATASET-002,MSN-NORMAL-002,CLIMB,4000.0,15.0,0.785216684561413,0.644783315438587,4589.328641403001,811.9166539720572,220.92326629969534,73.14883470074841,429.46643207015006,17.240564178144687,8.538112488429087,14.2,4589.328641403001,811.9166539720572,220.92326629969534,73.14883470074841,429.46643207015006,17.240564178144687,8.538112488429087,0.0,0.0,0.0,0.0,0.0,0.0,0.0,0.0,0.0,0.0,0.0,0.0,0.0,0.0,2,NORMAL,0.0,2026-01-01T00:02:00+00:00,False
2026-01-01T00:01:15Z,ENG-DATASET-002,MSN-NORMAL-002,CLIMB,4000.0,15.0,0.7814927221890324,0.6485072778109676,4568.846848354907,808.6600608545773,220.54744119109023,73.15153412076256,428.44234241774535,17.151750491651427,7.925550327028366,14.2,4568.846848354907,808.6600608545773,220.54744119109023,73.15153412076256,428.44234241774535,17.151750491651427,7.925550327028366,0.0,0.0,0.0,0.0,0.0,0.0,0.0,0.0,0.0,0.0,0.0,0.0,0.0,0.0,2,NORMAL,0.0,2026-01-01T00:02:00+00:00,False
2026-01-01T00:01:16Z,ENG-DATASET-002,MSN-NORMAL-002,CLIMB,4000.0,15.0,0.7777454663861457,0.6522545336138543,4548.2369414390305,805.3882130052623,220.12740239711277,73.1474340357567,427.41184707195157,17.062505191563428,7.6348142244621044,14.2,4548.2369414390305,805.3882130052623,220.12740239711277,73.1474340357567,427.41184707195157,17.062505191563428,7.6348142244621044,0.0,0.0,0.0,0.0,0.0,0.0,0.0,0.0,0.0,0.0,0.0,0.0,0.0,0.0,2,NORMAL,0.0,2026-01-01T00:02:00+00:00,False
2026-01-01T00:01:17Z,ENG-DATASET-002,MSN-NORMAL-002,CLIMB,4000.0,15.0,0.774033391826255,0.6559666081737451,4527.820531359631,802.1521317317904,219.66846545069626,73.13686924957985,426.39102656798156,16.974220078311006,8.049246413173824,14.2,4527.820531359631,802.1521317317904,219.66846545069626,73.13686924957985,426.39102656798156,16.974220078311006,8.049246413173824,0.0,0.0,0.0,0.0,0.0,0.0,0.0,0.0,0.0,0.0,0.0,0.0,0.0,0.0,2,NORMAL,0.0,2026-01-01T00:02:00+00:00,False
2026-01-01T00:01:18Z,ENG-DATASET-002,MSN-NORMAL-002,CLIMB,4000.0,15.0,0.7704144241913318,0.6595855758086683,4507.916209367552,799.0020459339554,219.17667005397553,73.12026461264485,425.3958104683776,16.88826629348357,8.542223289784584,14.2,4507.916209367552,799.0020459339554,219.17667005397553,73.12026461264485,425.3958104683776,16.88826629348357,8.542223289784584,0.0,0.0,0.0,0.0,0.0,0.0,0.0,0.0,0.0,0.0,0.0,0.0,0.0,0.0,2,NORMAL,0.0,2026-01-01T00:02:00+00:00,False
2026-01-01T00:01:19Z,ENG-DATASET-002,MSN-NORMAL-002,CLIMB,4000.0,15.0,0.766945036260924,0.663054963739076,4488.834575750311,795.9866257610472,218.65866869260415,73.09812882559723,424.44172878751556,16.80597334665089,8.375416810268526,14.2,4488.834575750311,795.9866257610472,218.65866869260415,73.09812882559723,424.44172878751556,16.80597334665089,8.375416810268526,0.0,0.0,0.0,0.0,0.0,0.0,0.0,0.0,0.0,0.0,0.0,0.0,0.0,0.0,2,NORMAL,0.0,2026-01-01T00:02:00+00:00,False
2026-01-01T00:01:20Z,ENG-DATASET-002,MSN-NORMAL-002,CLIMB,4000.0,15.0,0.7636793666733189,0.6663206333266811,4470.873393018483,793.1522538990118,218.12160817081903,73.07104691719651,423.54366965092413,16.728609114173377,7.757079246991048,14.2,4470.873393018483,793.1522538990118,218.12160817081903,73.07104691719651,423.54366965092413,16.728609114173377,7.757079246991048,0.0,0.0,0.0,0.0,0.0,0.0,0.0,0.0,0.0,0.0,0.0,0.0,0.0,0.0,2,NORMAL,0.0,2026-01-01T00:02:00+00:00,False
2026-01-01T00:01:21Z,ENG-DATASET-002,MSN-NORMAL-002,CLIMB,4000.0,15.0,0.7606683751101996,0.6693316248898005,4454.312939421326,790.542343869271,217.5730059504689,73.03967151448339,422.7156469710663,16.657361073919404,7.5441647227187305,14.2,4454.312939421326,790.542343869271,217.5730059504689,73.03967151448339,422.7156469710663,16.657361073919404,7.5441647227187305,0.0,0.0,0.0,0.0,0.0,0.0,0.0,0.0,0.0,0.0,0.0,0.0,0.0,0.0,2,NORMAL,0.0,2026-01-01T00:02:00+00:00,False
2026-01-01T00:01:22Z,ENG-DATASET-002,MSN-NORMAL-002,CLIMB,4000.0,15.0,0.7579590470878561,0.6720409529121438,4439.4116352984365,788.1967133189318,217.02062318839532,73.0047130421246,421.9705817649218,16.593319004326453,8.015043257980206,14.2,4439.4116352984365,788.1967133189318,217.02062318839532,73.0047130421246,421.9705817649218,16.593319004326453,8.015043257980206,0.0,0.0,0.0,0.0,0.0,0.0,0.0,0.0,0.0,0.0,0.0,0.0,0.0,0.0,2,NORMAL,0.0,2026-01-01T00:02:00+00:00,False
2026-01-01T00:01:23Z,ENG-DATASET-002,MSN-NORMAL-002,CLIMB,4000.0,15.0,0.7555936607639192,0.6744063392360808,4426.402010516785,786.1510189261639,216.4723363427099,72.96692900451029,421.3201005258393,16.537459341332248,8.47110296310784,14.2,4426.402010516785,786.1510189261639,216.4723363427099,72.96692900451029,421.3201005258393,16.537459341332248,8.47110296310784,0.0,0.0,0.0,0.0,0.0,0.0,0.0,0.0,0.0,0.0,0.0,0.0,0.0,0.0,2,NORMAL,0.0,2026-01-01T00:02:00+00:00,False
2026-01-01T00:01:24Z,ENG-DATASET-002,MSN-NORMAL-002,CLIMB,4000.0,15.0,0.7536091272008499,0.6763908727991501,4415.487075919904,784.4362582811841,215.9360091654685,72.9271125184665,420.77435379599524,16.490631353519323,8.238008711430385,14.2,4415.487075919904,784.4362582811841,215.9360091654685,72.9271125184665,420.77435379599524,16.490631353519323,8.238008711430385,0.0,0.0,0.0,0.0,0.0,0.0,0.0,0.0,0.0,0.0,0.0,0.0,0.0,0.0,2,NORMAL,0.0,2026-01-01T00:02:00+00:00,False
2026-01-01T00:01:25Z,ENG-DATASET-002,MSN-NORMAL-002,CLIMB,4000.0,15.0,0.7520364143811554,0.6779635856188446,4406.837155411584,783.0783429656688,215.41936682306337,72.886080276115,420.34185777057917,16.45354526520339,7.632132551050884,14.2,4406.837155411584,783.0783429656688,215.41936682306337,72.886080276115,420.34185777057917,16.45354526520339,7.632132551050884,0.0,0.0,0.0,0.0,0.0,0.0,0.0,0.0,0.0,0.0,0.0,0.0,0.0,0.0,2,NORMAL,0.0,2026-01-01T00:02:00+00:00,False
2026-01-01T00:01:26Z,ENG-DATASET-002,MSN-NORMAL-002,CLIMB,4000.0,15.0,0.7509000639623796,0.6790999360376204,4400.587228108316,782.0977460602734,214.92987379226386,72.84466012628117,420.0293614054158,16.426762429654435,7.507569455739433,14.2,4400.587228108316,782.0977460602734,214.92987379226386,72.84466012628117,420.0293614054158,16.426762429654435,7.507569455739433,0.0,0.0,0.0,0.0,0.0,0.0,0.0,0.0,0.0,0.0,0.0,0.0,0.0,0.0,2,NORMAL,0.0,2026-01-01T00:02:00+00:00,False
2026-01-01T00:01:27Z,ENG-DATASET-002,MSN-NORMAL-002,CLIMB,4000.0,15.0,0.7502178083127454,0.6797821916872546,4396.834822035329,781.5092264662776,214.4746170746944,72.80367846878063,419.8417411017665,16.41068763034592,8.032713629037934,14.2,4396.834822035329,781.5092264662776,214.4746170746944,72.80367846878063,419.8417411017665,16.41068763034592,8.032713629037934,0.0,0.0,0.0,0.0,0.0,0.0,0.0,0.0,0.0,0.0,0.0,0.0,0.0,0.0,2,NORMAL,0.0,2026-01-01T00:02:00+00:00,False
2026-01-01T00:01:28Z,ENG-DATASET-002,MSN-NORMAL-002,CLIMB,4000.0,15.0,0.7500002938034789,0.6799997061965212,4395.638492234362,781.3216317252061,214.06019616035513,72.76394765881358,419.7819246117181,16.4055635669474,8.449161282919132,14.2,4395.638492234362,781.3216317252061,214.06019616035513,72.76394765881358,419.7819246117181,16.4055635669474,8.449161282919132,0.0,0.0,0.0,0.0,0.0,0.0,0.0,0.0,0.0,0.0,0.0,0.0,0.0,0.0,2,NORMAL,0.0,2026-01-01T00:02:00+00:00,False
2026-01-01T00:01:29Z,ENG-DATASET-002,MSN-NORMAL-002,CLIMB,4000.0,15.0,0.7502509146757477,0.6797490853242524,4397.016907031841,781.5377804403336,213.69262105532795,72.7262536185171,419.85084535159206,16.411467564308765,8.1583515535374,14.2,4397.016907031841,781.5377804403336,213.69262105532795,72.7262536185171,419.85084535159206,16.411467564308765,8.1583515535374,0.0,0.0,0.0,0.0,0.0,0.0,0.0,0.0,0.0,0.0,0.0,0.0,0.0,0.0,2,NORMAL,0.0,2026-01-01T00:02:00+00:00,False
2026-01-01T00:01:30Z,ENG-DATASET-002,MSN-NORMAL-002,CRUISE,6500.0,15.0,0.5909657600746622,0.47903423992533783,3552.8348608154015,477.48479838652776,205.76047890945836,71.94140244858218,377.64174304077005,9.667902906849335,5.9069695812656375,14.2,3552.8348608154015,477.48479838652776,205.76047890945836,71.94140244858218,377.64174304077005,9.667902906849335,5.9069695812656375,0.0,0.0,0.0,0.0,0.0,0.0,0.0,0.0,0.0,0.0,0.0,0.0,0.0,0.0,2,NORMAL,0.0,2026-01-01T00:02:00+00:00,False
2026-01-01T00:01:31Z,ENG-DATASET-002,MSN-NORMAL-002,CRUISE,6500.0,15.0,0.5921336750768587,0.47786632492314135,3559.258393327482,478.1627557951115,198.63849991339032,71.1897148936298,377.9629196663741,9.687438470289871,5.87550971800734,14.2,3559.258393327482,478.1627557951115,198.63849991339032,71.1897148936298,377.9629196663741,9.687438470289871,5.87550971800734,0.0,0.0,0.0,0.0,0.0,0.0,0.0,0.0,0.0,0.0,0.0,0.0,0.0,0.0,2,NORMAL,0.0,2026-01-01T00:02:00+00:00,False
2026-01-01T00:01:32Z,ENG-DATASET-002,MSN-NORMAL-002,CRUISE,6500.0,15.0,0.5937364347593471,0.4762635652406529,3568.073571581169,479.0936915922002,192.2519922118563,70.47052326463687,378.40367857905846,9.714261129256986,6.447217064515243,14.2,3568.073571581169,479.0936915922002,192.2519922118563,70.47052326463687,378.40367857905846,9.714261129256986,6.447217064515243,0.0,0.0,0.0,0.0,0.0,0.0,0.0,0.0,0.0,0.0,0.0,0.0,0.0,0.0,2,NORMAL,0.0,2026-01-01T00:02:00+00:00,False
2026-01-01T00:01:33Z,ENG-DATASET-002,MSN-NORMAL-002,CRUISE,6500.0,15.0,0.5957490285933392,0.4742509714066608,3579.142837668125,480.26358684005936,186.53338266167216,69.7831486854006,378.9571418834063,9.74796463142749,6.817215589782508,14.2,3579.142837668125,480.26358684005936,186.53338266167216,69.7831486854006,378.9571418834063,9.74796463142749,6.817215589782508,0.0,0.0,0.0,0.0,0.0,0.0,0.0,0.0,0.0,0.0,0.0,0.0,0.0,0.0,2,NORMAL,0.0,2026-01-01T00:02:00+00:00,False
2026-01-01T00:01:34Z,ENG-DATASET-002,MSN-NORMAL-002,CRUISE,6500.0,15.0,0.598140050725185,0.4718599492748151,3592.2934593932764,481.65478204389774,181.4214139466024,69.12689185013963,379.61467296966384,9.788037490883433,6.47324235063766,14.2,3592.2934593932764,481.65478204389774,181.4214139466024,69.12689185013963,379.61467296966384,9.788037490883433,6.47324235063766,0.0,0.0,0.0,0.0,0.0,0.0,0.0,0.0,0.0,0.0,0.0,0.0,0.0,0.0,2,NORMAL,0.0,2026-01-01T00:02:00+00:00,False
2026-01-01T00:01:35Z,ENG-DATASET-002,MSN-NORMAL-002,CRUISE,6500.0,15.0,0.6008721900542148,0.46912780994578523,3607.3202257029407,483.2462161892886,176.86042795667439,68.50102489333307,380.366011285147,9.833870084671808,5.92927597408327,14.2,3607.3202257029407,483.2462161892886,176.86042795667439,68.50102489333307,380.366011285147,9.833870084671808,5.92927597408327,0.0,0.0,0.0,0.0,0.0,0.0,0.0,0.0,0.0,0.0,0.0,0.0,0.0,0.0,2,NORMAL,0.0,2026-01-01T00:02:00+00:00,False
2026-01-01T00:01:36Z,ENG-DATASET-002,MSN-NORMAL-002,CRUISE,6500.0,15.0,0.603902812459987,0.46609718754001306,3623.988648934688,485.01371557789207,172.79972805045423,67.90478446692873,381.1994324467344,9.884763201271577,5.988841551541084,14.2,3623.988648934688,485.01371557789207,172.79972805045423,67.90478446692873,381.1994324467344,9.884763201271577,5.988841551541084,0.0,0.0,0.0,0.0,0.0,0.0,0.0,0.0,0.0,0.0,0.0,0.0,0.0,0.0,2,NORMAL,0.0,2026-01-01T00:02:00+00:00,False
2026-01-01T00:01:37Z,ENG-DATASET-002,MSN-NORMAL-002,CRUISE,6500.0,15.0,0.6071846260934773,0.4628153739065227,3642.0386239188847,486.9303303630205,169.19301350448433,67.33736610247979,382.10193119594425,9.93993796592304,6.593442225684662,14.2,3642.0386239188847,486.9303303630205,169.19301350448433,67.33736610247979,382.10193119594425,9.93993796592304,6.593442225684662,0.0,0.0,0.0,0.0,0.0,0.0,0.0,0.0,0.0,0.0,0.0,0.0,0.0,0.0,2,NORMAL,0.0,2026-01-01T00:02:00+00:00,False
2026-01-01T00:01:38Z,ENG-DATASET-002,MSN-NORMAL-002,CRUISE,6500.0,15.0,0.6106664193505662,0.4593335806494338,3661.1884868328734,488.96671601381433,165.99788005438126,66.79791991693773,383.05942434164365,9.99854704802269,6.905947362895458,14.2,3661.1884868328734,488.96671601381433,165.99788005438126,66.79791991693773,383.05942434164365,9.99854704802269,6.905947362895458,0.0,0.0,0.0,0.0,0.0,0.0,0.0,0.0,0.0,0.0,0.0,0.0,0.0,0.0,2,NORMAL,0.0,2026-01-01T00:02:00+00:00,False
2026-01-01T00:01:39Z,ENG-DATASET-002,MSN-NORMAL-002,CRUISE,6500.0,15.0,0.6142938600119926,0.4557061399880074,3681.1394104707188,491.0915561599426,163.1753809529417,66.28554770103163,384.05697052353594,10.059687033945297,6.509475644916548,14.2,3681.1394104707188,491.0915561599426,163.1753809529417,66.28554770103163,384.05697052353594,10.059687033945297,6.509475644916548,0.0,0.0,0.0,0.0,0.0,0.0,0.0,0.0,0.0,0.0,0.0,0.0,0.0,0.0,2,NORMAL,0.0,2026-01-01T00:02:00+00:00,False
2026-01-01T00:01:40Z,ENG-DATASET-002,MSN-NORMAL-002,CRUISE,6500.0,15.0,0.618010343079464,0.45198965692053605,3701.5800673418116,493.27202240138365,160.68964341768213,65.7993014087125,385.0790033670906,10.12241182509992,6.0041695699210065,14.2,3701.5800673418116,493.27202240138365,160.68964341768213,65.7993014087125,385.0790033670906,10.12241182509992,6.0041695699210065,0.0,0.0,0.0,0.0,0.0,0.0,0.0,0.0,0.0,0.0,0.0,0.0,0.0,0.0,2,NORMAL,0.0,2026-01-01T00:02:00+00:00,False
2026-01-01T00:01:41Z,ENG-DATASET-002,MSN-NORMAL-002,CRUISE,6500.0,15.0,0.6217578740777223,0.4482421259222777,3722.191487832232,495.47426573350845,158.50753571925162,65.33818304535622,386.1095743916116,10.185746896367682,6.146884588286337,14.2,3722.191487832232,495.47426573350845,158.50753571925162,65.33818304535622,386.1095743916116,10.185746896367682,6.146884588286337,0.0,0.0,0.0,0.0,0.0,0.0,0.0,0.0,0.0,0.0,0.0,0.0,0.0,0.0,2,NORMAL,0.0,2026-01-01T00:02:00+00:00,False
2026-01-01T00:01:42Z,ENG-DATASET-002,MSN-NORMAL-002,CRUISE,6500.0,15.0,0.625477974038934,0.444522025961066,3742.6520376188964,497.6639332693498,156.5983804790602,64.90114593162693,387.13260188094483,10.248704225136448,6.766347104813802,14.2,3742.6520376188964,497.6639332693498,156.5983804790602,64.90114593162693,387.13260188094483,10.248704225136448,6.766347104813802,0.0,0.0,0.0,0.0,0.0,0.0,0.0,0.0,0.0,0.0,0.0,0.0,0.0,0.0,2,NORMAL,0.0,2026-01-01T00:02:00+00:00,False
2026-01-01T00:01:43Z,ENG-DATASET-002,MSN-NORMAL-002,CRUISE,6500.0,15.0,0.629112592047424,0.440887407952576,3762.6424366655915,499.80670297993566,154.93371000565259,64.48709729942938,388.1321218332796,10.310297676965899,7.008016054177872,14.2,3762.6424366655915,499.80670297993566,154.93371000565259,64.48709729942938,388.1321218332796,10.310297676965899,7.008016054177872,0.0,0.0,0.0,0.0,0.0,0.0,0.0,0.0,0.0,0.0,0.0,0.0,0.0,0.0,2,NORMAL,0.0,2026-01-01T00:02:00+00:00,False
2026-01-01T00:01:44Z,ENG-DATASET-002,MSN-NORMAL-002,CRUISE,6500.0,15.0,0.6326050111047993,0.4373949888952008,3781.850741481155,501.86882826772944,153.48705971178057,64.09490215654606,389.09253707405776,10.369558611658366,6.55784892009185,14.2,3781.850741481155,501.86882826772944,153.48705971178057,64.09490215654606,389.09253707405776,10.369558611658366,6.55784892009185,0.0,0.0,0.0,0.0,0.0,0.0,0.0,0.0,0.0,0.0,0.0,0.0,0.0,0.0,2,NORMAL,0.0,2026-01-01T00:02:00+00:00,False
2026-01-01T00:01:45Z,ENG-DATASET-002,MSN-NORMAL-002,CRUISE,6500.0,15.0,0.6359007331797392,0.43409926682026084,3799.9772128933246,503.817683389484,152.23379582533963,63.72338833767343,389.99886064466625,10.425551454439328,6.091720469812494,14.2,3799.9772128933246,503.817683389484,152.23379582533963,63.72338833767343,389.99886064466625,10.425551454439328,6.091720469812494,0.0,0.0,0.0,0.0,0.0,0.0,0.0,0.0,0.0,0.0,0.0,0.0,0.0,0.0,2,NORMAL,0.0,2026-01-01T00:02:00+00:00,False
2026-01-01T00:01:46Z,ENG-DATASET-002,MSN-NORMAL-002,CRUISE,6500.0,15.0,0.6389483296315471,0.4310516703684529,3816.738993378269,505.6223001062107,151.15097374546093,63.37135264193723,390.83694966891346,10.47738896234692,6.306630774424543,14.2,3816.738993378269,505.6223001062107,151.15097374546093,63.37135264193723,390.83694966891346,10.47738896234692,6.306630774424543,0.0,0.0,0.0,0.0,0.0,0.0,0.0,0.0,0.0,0.0,0.0,0.0,0.0,0.0,2,NORMAL,0.0,2026-01-01T00:02:00+00:00,False
2026-01-01T00:01:47Z,ENG-DATASET-002,MSN-NORMAL-002,CRUISE,6500.0,15.0,0.6417002437368877,0.42829975626311223,3831.874520957642,507.2538855102202,150.21722350867034,63.03756794085675,391.5937260478821,10.5242469070077,6.921674705826171,14.2,3831.874520957642,507.2538855102202,150.21722350867034,63.03756794085675,391.5937260478821,10.5242469070077,6.921674705826171,0.0,0.0,0.0,0.0,0.0,0.0,0.0,0.0,0.0,0.0,0.0,0.0,0.0,0.0,2,NORMAL,0.0,2026-01-01T00:02:00+00:00,False
2026-01-01T00:01:48Z,ENG-DATASET-002,MSN-NORMAL-002,CRUISE,6500.0,15.0,0.6441135327965486,0.42588646720345136,3845.147610785777,508.68631080720644,149.41265892798347,62.720791126394744,392.2573805392889,10.565377892801038,7.080066672518765,14.2,3845.147610785777,508.68631080720644,149.41265892798347,62.720791126394744,392.2573805392889,10.565377892801038,7.080066672518765,0.0,0.0,0.0,0.0,0.0,0.0,0.0,0.0,0.0,0.0,0.0,0.0,0.0,0.0,2,NORMAL,0.0,2026-01-01T00:02:00+00:00,False
2026-01-01T00:01:49Z,ENG-DATASET-002,MSN-NORMAL-002,CRUISE,6500.0,15.0,0.6461505382418992,0.42384946175810084,3856.3511407352053,509.8965609506176,148.71880705895057,62.419771756398106,392.81755703676026,10.600124034816533,6.576256125562412,14.2,3856.3511407352053,509.8965609506176,148.71880705895057,62.419771756398106,392.81755703676026,10.600124034816533,6.576256125562412,0.0,0.0,0.0,0.0,0.0,0.0,0.0,0.0,0.0,0.0,0.0,0.0,0.0,0.0,2,NORMAL,0.0,2026-01-01T00:02:00+00:00,False
2026-01-01T00:01:50Z,ENG-DATASET-002,MSN-NORMAL-002,CRUISE,6500.0,15.0,0.6477794732842588,0.4222205267157412,3865.310283468182,510.8651354591698,148.11855473953477,62.13326124459885,393.2655141734091,10.62792823450674,6.150081290183961,14.2,3865.310283468182,510.8651354591698,148.11855473953477,62.13326124459885,393.2655141734091,10.62792823450674,6.150081290183961,0.0,0.0,0.0,0.0,0.0,0.0,0.0,0.0,0.0,0.0,0.0,0.0,0.0,0.0,2,NORMAL,0.0,2026-01-01T00:02:00+00:00,False
2026-01-01T00:01:51Z,ENG-DATASET-002,MSN-NORMAL-002,CRUISE,6500.0,15.0,0.6489749189371029,0.42102508106289704,3871.8852345588252,511.57639150432476,147.59610905318942,61.86002243456375,393.5942617279413,10.64834381267941,6.426539445192104,14.2,3871.8852345588252,511.57639150432476,147.59610905318942,61.86002243456375,393.5942617279413,10.64834381267941,6.426539445192104,0.0,0.0,0.0,0.0,0.0,0.0,0.0,0.0,0.0,0.0,0.0,0.0,0.0,0.0,2,NORMAL,0.0,2026-01-01T00:02:00+00:00,False
2026-01-01T00:01:52Z,ENG-DATASET-002,MSN-NORMAL-002,CRUISE,6500.0,15.0,0.6497182206708461,0.4202817793291539,3875.973394094413,512.0188214243408,147.136968683479,61.598839391678155,393.7986697047206,10.661042289198978,7.020143425217572,14.2,3875.973394094413,512.0188214243408,147.136968683479,61.598839391678155,393.7986697047206,10.661042289198978,7.020143425217572,0.0,0.0,0.0,0.0,0.0,0.0,0.0,0.0,0.0,0.0,0.0,0.0,0.0,0.0,2,NORMAL,0.0,2026-01-01T00:02:00+00:00,False
2026-01-01T00:01:53Z,ENG-DATASET-002,MSN-NORMAL-002,CRUISE,6500.0,15.0,0.6499977795105369,0.4200022204894631,3877.5109677127125,512.1852581794942,146.72790326961848,61.348527244507515,393.8755483856356,10.665819135795864,7.08703447040701,14.2,3877.5109677127125,512.1852581794942,146.72790326961848,61.348527244507515,393.8755483856356,10.665819135795864,7.08703447040701,0.0,0.0,0.0,0.0,0.0,0.0,0.0,0.0,0.0,0.0,0.0,0.0,0.0,0.0,2,NORMAL,0.0,2026-01-01T00:02:00+00:00,False
2026-01-01T00:01:54Z,ENG-DATASET-002,MSN-NORMAL-002,CRUISE,6500.0,15.0,0.6498092330339829,0.42019076696601715,3876.4739620916653,512.0730038672205,146.35693803933714,61.107941906744074,393.8236981045833,10.66259737163175,6.533855377478781,14.2,3876.4739620916653,512.0730038672205,146.35693803933714,61.107941906744074,393.8236981045833,10.66259737163175,6.533855377478781,0.0,0.0,0.0,0.0,0.0,0.0,0.0,0.0,0.0,0.0,0.0,0.0,0.0,0.0,2,NORMAL,0.0,2026-01-01T00:02:00+00:00,False
2026-01-01T00:01:55Z,ENG-DATASET-002,MSN-NORMAL-002,CRUISE,6500.0,15.0,0.6491555234458896,0.4208444765541104,3872.878559357152,511.68387820980854,146.01334119064865,60.8759895134183,393.6439279678576,10.651428919303692,6.151462453026664,14.2,3872.878559357152,511.68387820980854,146.01334119064865,60.8759895134183,393.6439279678576,10.651428919303692,6.151462453026664,0.0,0.0,0.0,0.0,0.0,0.0,0.0,0.0,0.0,0.0,0.0,0.0,0.0,0.0,2,NORMAL,0.0,2026-01-01T00:02:00+00:00,False
2026-01-01T00:01:56Z,ENG-DATASET-002,MSN-NORMAL-002,CRUISE,6500.0,15.0,0.6480468516657405,0.4219531483342595,3866.780864566332,511.02418584305286,145.6876117176601,60.65163541009805,393.33904322831665,10.632493690074718,6.481911015169184,14.2,3866.780864566332,511.02418584305286,145.6876117176601,60.65163541009805,393.33904322831665,10.632493690074718,6.481911015169184,0.0,0.0,0.0,0.0,0.0,0.0,0.0,0.0,0.0,0.0,0.0,0.0,0.0,0.0,2,NORMAL,0.0,2026-01-01T00:02:00+00:00,False
2026-01-01T00:01:57Z,ENG-DATASET-002,MSN-NORMAL-002,CRUISE,6500.0,15.0,0.6465005181458598,0.42349948185414016,3858.2760302069887,510.10460319666595,145.37146562581074,60.43391254133504,392.91380151034946,10.606096419397058,7.041956296089001,14.2,3858.2760302069887,510.10460319666595,145.37146562581074,60.43391254133504,392.91380151034946,10.606096419397058,7.041956296089001,0.0,0.0,0.0,0.0,0.0,0.0,0.0,0.0,0.0,0.0,0.0,0.0,0.0,0.0,2,NORMAL,0.0,2026-01-01T00:02:00+00:00,False
2026-01-01T00:01:58Z,ENG-DATASET-002,MSN-NORMAL-002,CRUISE,6500.0,15.0,0.6445406529036408,0.4254593470963592,3847.496771374784,508.9399876881516,145.05781875543346,60.22192909453131,392.3748385687392,10.572661325279846,7.0155396685661495,14.2,3847.496771374784,508.9399876881516,145.05781875543346,60.22192909453131,392.3748385687392,10.572661325279846,7.0155396685661495,0.0,0.0,0.0,0.0,0.0,0.0,0.0,0.0,0.0,0.0,0.0,0.0,0.0,0.0,2,NORMAL,0.0,2026-01-01T00:02:00+00:00,False
2026-01-01T00:01:59Z,ENG-DATASET-002,MSN-NORMAL-002,CRUISE,6500.0,15.0,0.6421978389806943,0.4278021610193057,3834.6112947985785,507.5491137750675,144.7407647242668,60.01487526753466,391.7305647399289,10.53272471082713,6.423149665260027,14.2,3834.6112947985785,507.5491137750675,144.7407647242668,60.01487526753466,391.7305647399289,10.53272471082713,6.423149665260027,0.0,0.0,0.0,0.0,0.0,0.0,0.0,0.0,0.0,0.0,0.0,0.0,0.0,0.0,2,NORMAL,0.0,2026-01-01T00:02:00+00:00,False
2026-01-01T00:02:00Z,ENG-DATASET-002,MSN-NORMAL-002,CRUISE,6500.0,15.0,0.6395086352047135,0.4304913647952865,3819.820674030684,505.9543420565193,144.4155468032531,59.81202904244215,390.9910337015342,10.486925676575527,6.092739421919325,14.2,3819.820674030684,505.9543420565193,144.4155468032531,59.81202904244215,390.9910337015342,10.486925676575527,6.092739421919325,0.0,0.0,0.0,0.0,0.0,0.0,0.0,0.0,0.0,0.0,0.0,0.0,0.0,0.0,2,NORMAL,0.0,2026-01-01T00:02:00+00:00,False
2026-01-01T00:02:01Z,ENG-DATASET-002,MSN-NORMAL-002,CRUISE,6500.0,15.0,0.6365150057011951,0.43348499429880494,3803.3557117613327,504.1812290244189,144.07852284853826,59.61276086407528,390.16778558806664,10.435995146597634,6.473862188112255,14.2,3803.3557117613327,504.1812290244189,144.07852284853826,59.61276086407528,390.16778558806664,10.435995146597634,6.473862188112255,0.0,0.0,0.0,0.0,0.0,0.0,0.0,0.0,0.0,0.0,0.0,0.0,0.0,0.0,2,NORMAL,0.0,2026-01-01T00:02:00+00:00,False
2026-01-01T00:02:02Z,ENG-DATASET-002,MSN-NORMAL-002,CRUISE,6500.0,15.0,0.6332636650572961,0.4367363349427038,3785.4733382198874,502.2580861934638,143.72712271852103,59.4165371391402,389.2736669109944,10.380743443550543,6.9939790059978,14.2,3785.4733382198874,502.2580861934638,143.72712271852103,59.4165371391402,389.2736669109944,10.380743443550543,6.9939790059978,0.0,0.0,0.0,0.0,0.0,0.0,0.0,0.0,0.0,0.0,0.0,0.0,0.0,0.0,2,NORMAL,0.0,2026-01-01T00:02:00+00:00,False
2026-01-01T00:02:03Z,ENG-DATASET-002,MSN-NORMAL-002,CRUISE,6500.0,15.0,0.6298053493563258,0.44019465064367425,3766.4526018645515,500.2154981570689,143.35979790059565,59.22292249092833,388.3226300932276,10.322046671178896,6.879135058701176,14.2,3766.4526018645515,500.2154981570689,143.35979790059565,59.22292249092833,388.3226300932276,10.322046671178896,6.879135058701176,0.0,0.0,0.0,0.0,0.0,0.0,0.0,0.0,0.0,0.0,0.0,0.0,0.0,0.0,2,NORMAL,0.0,2026-01-01T00:02:00+00:00,False
2026-01-01T00:02:04Z,ENG-DATASET-002,MSN-NORMAL-002,CRUISE,6500.0,15.0,0.6261940244581339,0.4438059755418661,3746.590314924496,498.08580961269604,142.97596335085348,59.031580724253736,387.32951574622484,10.260832177884952,6.26323522839478,14.2,3746.590314924496,498.08580961269604,142.97596335085348,59.031580724253736,387.32951574622484,10.260832177884952,6.26323522839478,0.0,0.0,0.0,0.0,0.0,0.0,0.0,0.0,0.0,0.0,0.0,0.0,0.0,0.0,2,NORMAL,0.0,2026-01-01T00:02:00+00:00,False
2026-01-01T00:02:05Z,ENG-DATASET-002,MSN-NORMAL-002,CRUISE,6500.0,15.0,0.6224860438799179,0.44751395612008205,3726.1964217443083,495.9025915791495,142.57593180524685,58.84227447585489,386.3098210872154,10.198063381926854,5.996679794077192,14.2,3726.1964217443083,495.9025915791495,142.57593180524685,58.84227447585489,386.3098210872154,10.198063381926854,5.996679794077192,0.0,0.0,0.0,0.0,0.0,0.0,0.0,0.0,0.0,0.0,0.0,0.0,0.0,0.0,2,NORMAL,0.0,2026-01-01T00:02:00+00:00,False
2026-01-01T00:02:06Z,ENG-DATASET-002,MSN-NORMAL-002,CRUISE,6500.0,15.0,0.6187392694184348,0.45126073058156524,3705.589162206151,493.7000969106619,142.1608410474887,58.654863546389755,385.2794581103076,10.134724238049655,6.428515782725266,14.2,3705.589162206151,493.7000969106619,142.1608410474887,58.654863546389755,385.2794581103076,10.134724238049655,6.428515782725266,0.0,0.0,0.0,0.0,0.0,0.0,0.0,0.0,0.0,0.0,0.0,0.0,0.0,0.0,2,NORMAL,0.0,2026-01-01T00:02:00+00:00,False
2026-01-01T00:02:07Z,ENG-DATASET-002,MSN-NORMAL-002,CRUISE,6500.0,15.0,0.6150121682360147,0.45498783176398533,3685.0901057028404,491.5127148313764,141.73257481352425,58.46930193109956,384.25450528514205,10.071803617668072,6.906878264544325,14.2,3685.0901057028404,491.5127148313764,141.73257481352425,58.46930193109956,384.25450528514205,10.071803617668072,6.906878264544325,0.0,0.0,0.0,0.0,0.0,0.0,0.0,0.0,0.0,0.0,0.0,0.0,0.0,0.0,2,NORMAL,0.0,2026-01-01T00:02:00+00:00,False
2026-01-01T00:02:08Z,ENG-DATASET-002,MSN-NORMAL-002,CRUISE,6500.0,15.0,0.611362900500048,0.45863709949995196,3665.019133155024,489.37443361242526,141.29367817248246,58.28563358688162,383.2509566577512,10.010279861129614,6.7134191770706035,14.2,3665.019133155024,489.37443361242526,141.29367817248246,58.28563358688162,383.2509566577512,10.010279861129614,6.7134191770706035,0.0,0.0,0.0,0.0,0.0,0.0,0.0,0.0,0.0,0.0,0.0,0.0,0.0,0.0,2,NORMAL,0.0,2026-01-01T00:02:00+00:00,False
2026-01-01T00:02:09Z,ENG-DATASET-002,MSN-NORMAL-002,CRUISE,6500.0,15.0,0.6078484118130254,0.46215158818697455,3645.689445376399,487.3183197421097,140.84726834878694,58.10398699357328,382.28447226881997,9.95110574228543,6.092982194233051,14.2,3645.689445376399,487.3183197421097,140.84726834878694,58.10398699357328,382.28447226881997,9.95110574228543,6.092982194233051,0.0,0.0,0.0,0.0,0.0,0.0,0.0,0.0,0.0,0.0,0.0,0.0,0.0,0.0,2,NORMAL,0.0,2026-01-01T00:02:00+00:00,False
2026-01-01T00:02:10Z,ENG-DATASET-002,MSN-NORMAL-002,CRUISE,6500.0,15.0,0.6045235445954568,0.4654764554045433,3627.4026756797716,485.37602105054674,140.39694204017192,57.92456858639489,381.3701337839886,9.895194063857728,5.90332551153119,14.2,3627.4026756797716,485.37602105054674,140.39694204017192,57.92456858639489,381.3701337839886,9.895194063857728,5.90332551153119,0.0,0.0,0.0,0.0,0.0,0.0,0.0,0.0,0.0,0.0,0.0,0.0,0.0,0.0,2,NORMAL,0.0,2026-01-01T00:02:00+00:00,False
2026-01-01T00:02:11Z,ENG-DATASET-002,MSN-NORMAL-002,CRUISE,6500.0,15.0,0.6014401822882414,0.46855981771175864,3610.4441829900866,483.57730029596746,139.9466803435539,57.7476551544321,380.5222091495043,9.843404078189778,6.386718306215304,14.2,3610.4441829900866,483.57730029596746,139.9466803435539,57.7476551544321,380.5222091495043,9.843404078189778,6.386718306215304,0.0,0.0,0.0,0.0,0.0,0.0,0.0,0.0,0.0,0.0,0.0,0.0,0.0,0.0,2,NORMAL,0.0,2026-01-01T00:02:00+00:00,False
2026-01-01T00:02:12Z,ENG-DATASET-002,MSN-NORMAL-002,CRUISE,6500.0,15.0,0.5986464397289263,0.4713535602710737,3595.078598913854,481.9496047494723,139.5007524279353,57.573585316476134,379.7539299456927,9.7965289030924,6.823307107099184,14.2,3595.078598913854,481.9496047494723,139.5007524279353,57.573585316476134,379.7539299456927,9.7965289030924,6.823307107099184,0.0,0.0,0.0,0.0,0.0,0.0,0.0,0.0,0.0,0.0,0.0,0.0,0.0,0.0,2,NORMAL,0.0,2026-01-01T00:02:00+00:00,False
2026-01-01T00:02:13Z,ENG-DATASET-002,MSN-NORMAL-002,CRUISE,6500.0,15.0,0.5961859123357582,0.47381408766424177,3581.5456982514297,480.517676371223,139.06361909442236,57.40275020023057,379.0772849125715,9.755284077716968,6.562858457602615,14.2,3581.5456982514297,480.517676371223,139.06361909442236,57.40275020023057,379.0772849125715,9.755284077716968,6.562858457602615,0.0,0.0,0.0,0.0,0.0,0.0,0.0,0.0,0.0,0.0,0.0,0.0,0.0,0.0,2,NORMAL,0.0,2026-01-01T00:02:00+00:00,False
2026-01-01T00:02:14Z,ENG-DATASET-002,MSN-NORMAL-002,CRUISE,6500.0,15.0,0.5940969958157628,0.4759030041842372,3570.056657391455,479.3032062885101,138.6398373421929,57.235583463604534,378.5028328695728,9.720297379560176,5.956718653460488,14.2,3570.056657391455,479.3032062885101,138.6398373421929,57.235583463604534,378.5028328695728,9.720297379560176,5.956718653460488,0.0,0.0,0.0,0.0,0.0,0.0,0.0,0.0,0.0,0.0,0.0,0.0,0.0,0.0,2,NORMAL,0.0,2026-01-01T00:02:00+00:00,False
2026-01-01T00:02:15Z,ENG-DATASET-002,MSN-NORMAL-002,CRUISE,6500.0,15.0,0.5924122870125784,0.4775877129874216,3560.7907589739407,478.3245364902815,138.23396702023064,57.07255080734781,378.03953794869705,9.692100001493827,5.854788526467839,14.2,3560.7907589739407,478.3245364902815,138.23396702023064,57.07255080734781,378.03953794869705,9.692100001493827,5.854788526467839,0.0,0.0,0.0,0.0,0.0,0.0,0.0,0.0,0.0,0.0,0.0,0.0,0.0,0.0,2,NORMAL,0.0,2026-01-01T00:02:00+00:00,False
2026-01-01T00:02:16Z,ENG-DATASET-002,MSN-NORMAL-002,CRUISE,6500.0,15.0,0.5911580752436133,0.4788419247563867,3553.892594244632,477.5964109590925,137.85048059218488,56.914139136479285,377.69462971223163,9.671119167536096,6.388179935891661,14.2,3553.892594244632,477.5964109590925,137.85048059218488,56.914139136479285,377.69462971223163,9.671119167536096,6.388179935891661,0.0,0.0,0.0,0.0,0.0,0.0,0.0,0.0,0.0,0.0,0.0,0.0,0.0,0.0,2,NORMAL,0.0,2026-01-01T00:02:00+00:00,False
2026-01-01T00:02:17Z,ENG-DATASET-002,MSN-NORMAL-002,CRUISE,6500.0,15.0,0.5903539320640401,0.4796460679359599,3549.46980675698,477.1297778756411,137.4936769798574,56.760845533688574,377.473490337849,9.657672248127072,6.781607839443748,14.2,3549.46980675698,477.1297778756411,137.4936769798574,56.760845533688574,377.473490337849,9.657672248127072,6.781607839443748,0.0,0.0,0.0,0.0,0.0,0.0,0.0,0.0,0.0,0.0,0.0,0.0,0.0,0.0,2,NORMAL,0.0,2026-01-01T00:02:00+00:00,False
2026-01-01T00:02:18Z,ENG-DATASET-002,MSN-NORMAL-002,CRUISE,6500.0,15.0,0.5900124058592234,0.4799875941407765,3547.5914126304883,476.9316440494105,137.16760038310693,56.6131662110628,377.3795706315244,9.651962419910976,6.464295618218178,14.2,3547.5914126304883,476.9316440494105,137.16760038310693,56.6131662110628,377.3795706315244,9.651962419910976,6.464295618218178,0.0,0.0,0.0,0.0,0.0,0.0,0.0,0.0,0.0,0.0,0.0,0.0,0.0,0.0,2,NORMAL,0.0,2026-01-01T00:02:00+00:00,False
2026-01-01T00:02:19Z,ENG-DATASET-002,MSN-NORMAL-002,CRUISE,6500.0,15.0,0.5901388260313631,0.4798611739686368,3548.286723577257,477.0049823394135,136.87596490328158,56.47158560705741,377.41433617886287,9.654075901232158,5.887823965446203,14.2,3548.286723577257,477.0049823394135,136.87596490328158,56.47158560705741,377.41433617886287,9.654075901232158,5.887823965446203,0.0,0.0,0.0,0.0,0.0,0.0,0.0,0.0,0.0,0.0,0.0,0.0,0.0,0.0,2,NORMAL,0.0,2026-01-01T00:02:00+00:00,False
2026-01-01T00:02:20Z,ENG-DATASET-002,MSN-NORMAL-002,CRUISE,6500.0,15.0,0.5907312198359552,0.4792687801640447,3551.544889502513,477.3486925126646,136.62208572577003,56.33656579358284,377.57724447512567,9.663980782330903,5.879209433625626,14.2,3551.544889502513,477.3486925126646,136.62208572577003,56.33656579358284,377.57724447512567,9.663980782330903,5.879209433625626,0.0,0.0,0.0,0.0,0.0,0.0,0.0,0.0,0.0,0.0,0.0,0.0,0.0,0.0,2,NORMAL,0.0,2026-01-01T00:02:00+00:00,False
2026-01-01T00:02:21Z,ENG-DATASET-002,MSN-NORMAL-002,CRUISE,6500.0,15.0,0.5917803431658103,0.47821965683418965,3557.3150678167162,477.95761572056927,136.40881754620727,56.208536353450064,377.86575339083583,9.68152745806222,6.456040502923318,14.2,3557.3150678167162,477.95761572056927,136.40881754620727,56.208536353450064,377.86575339083583,9.68152745806222,6.456040502923318,0.0,0.0,0.0,0.0,0.0,0.0,0.0,0.0,0.0,0.0,0.0,0.0,0.0,0.0,2,NORMAL,0.0,2026-01-01T00:02:00+00:00,False
2026-01-01T00:02:22Z,ENG-DATASET-002,MSN-NORMAL-002,CRUISE,6500.0,15.0,0.5932698248022544,0.47673017519774563,3565.5072168171587,478.82260252721755,136.23850085476698,56.08788488128084,378.27536084085796,9.706450660258371,6.801197122063426,14.2,3565.5072168171587,478.82260252721755,136.23850085476698,56.08788488128084,378.27536084085796,9.706450660258371,6.801197122063426,0.0,0.0,0.0,0.0,0.0,0.0,0.0,0.0,0.0,0.0,0.0,0.0,0.0,0.0,2,NORMAL,0.0,2026-01-01T00:02:00+00:00,False
2026-01-01T00:02:23Z,ENG-DATASET-002,MSN-NORMAL-002,CRUISE,6500.0,15.0,0.5951764218825207,0.4748235781174793,3575.9935007586237,479.93063416948115,136.11291662352733,55.97494825145334,378.7996750379312,9.73837307598252,6.433373696951244,14.2,3575.9935007586237,479.93063416948115,136.11291662352733,55.97494825145334,378.7996750379312,9.73837307598252,6.433373696951244,0.0,0.0,0.0,0.0,0.0,0.0,0.0,0.0,0.0,0.0,0.0,0.0,0.0,0.0,2,NORMAL,0.0,2026-01-01T00:02:00+00:00,False
2026-01-01T00:02:24Z,ENG-DATASET-002,MSN-NORMAL-002,CRUISE,6500.0,15.0,0.5974703825968497,0.4725296174031503,3588.610284687433,481.26499643822046,136.0332498721301,55.87000478487095,379.4305142343717,9.776810526256634,5.896428030557356,14.2,3588.610284687433,481.26499643822046,136.0332498721301,55.87000478487095,379.4305142343717,9.776810526256634,5.896428030557356,0.0,0.0,0.0,0.0,0.0,0.0,0.0,0.0,0.0,0.0,0.0,0.0,0.0,0.0,2,NORMAL,0.0,2026-01-01T00:02:00+00:00,False
2026-01-01T00:02:25Z,ENG-DATASET-002,MSN-NORMAL-002,CRUISE,6500.0,15.0,0.6001159104555293,0.46988408954447075,3603.16068791017,482.8055052167621,136.00006251533617,55.77326743249531,380.1580343955085,9.8211786668331,5.979946000259439,14.2,3603.16068791017,482.8055052167621,136.00006251533617,55.77326743249531,380.1580343955085,9.8211786668331,5.979946000259439,0.0,0.0,0.0,0.0,0.0,0.0,0.0,0.0,0.0,0.0,0.0,0.0,0.0,0.0,2,NORMAL,0.0,2026-01-01T00:02:00+00:00,False
2026-01-01T00:02:26Z,ENG-DATASET-002,MSN-NORMAL-002,CRUISE,6500.0,15.0,0.6030717228811443,0.46692827711885565,3619.4176562510534,484.5287822755008,136.01327582069007,55.68487807788987,380.97088281255265,9.870801157762275,6.587704075724052,14.2,3619.4176562510534,484.5287822755008,136.01327582069007,55.68487807788987,380.97088281255265,9.870801157762275,6.587704075724052,0.0,0.0,0.0,0.0,0.0,0.0,0.0,0.0,0.0,0.0,0.0,0.0,0.0,0.0,2,NORMAL,0.0,2026-01-01T00:02:00+00:00,False
2026-01-01T00:02:27Z,ENG-DATASET-002,MSN-NORMAL-002,CRUISE,6500.0,15.0,0.6062916954093903,0.4637083045906097,3637.1275051564057,486.4085793845968,136.07216272323598,55.60490304372357,381.85637525782033,9.92491923158018,6.875160798622821,14.2,3637.1275051564057,486.4085793845968,136.07216272323598,55.60490304372357,381.85637525782033,9.92491923158018,6.875160798622821,0.0,0.0,0.0,0.0,0.0,0.0,0.0,0.0,0.0,0.0,0.0,0.0,0.0,0.0,2,NORMAL,0.0,2026-01-01T00:02:00+00:00,False
2026-01-01T00:02:28Z,ENG-DATASET-002,MSN-NORMAL-002,CRUISE,6500.0,15.0,0.6097255814459116,0.4602744185540884,3656.013878357273,488.4161481626253,136.17535015497802,55.53332986855501,382.80069391786367,9.982702570777025,6.459002237477511,14.2,3656.013878357273,488.4161481626253,136.17535015497802,55.53332986855501,382.80069391786367,9.982702570777025,6.459002237477511,0.0,0.0,0.0,0.0,0.0,0.0,0.0,0.0,0.0,0.0,0.0,0.0,0.0,0.0,2,NORMAL,0.0,2026-01-01T00:02:00+00:00,False
2026-01-01T00:02:29Z,ENG-DATASET-002,MSN-NORMAL-002,CRUISE,6500.0,15.0,0.6133197963476013,0.4566802036523988,3675.7820603165665,490.52065232888634,136.32083144770237,55.47006540054727,383.78910301582835,10.043261383893471,5.96586149688653,14.2,3675.7820603165665,490.52065232888634,136.32083144770237,55.47006540054727,383.78910301582835,10.043261383893471,5.96586149688653,0.0,0.0,0.0,0.0,0.0,0.0,0.0,0.0,0.0,0.0,0.0,0.0,0.0,0.0,2,NORMAL,0.0,2026-01-01T00:02:00+00:00,False
2026-01-01T00:02:30Z,ENG-DATASET-002,MSN-NORMAL-002,CRUISE,6500.0,15.0,0.6170182535930345,0.4529817464069655,3696.1235751664494,492.68961818188126,136.50598875747917,55.41493523435898,384.8061787583225,10.105659546441741,6.134082157434598,14.2,3696.1235751664494,492.68961818188126,136.50598875747917,55.41493523435898,384.8061787583225,10.105659546441741,6.134082157434598,0.0,0.0,0.0,0.0,0.0,0.0,0.0,0.0,0.0,0.0,0.0,0.0,0.0,0.0,2,NORMAL,0.0,2026-01-01T00:02:00+00:00,False
2026-01-01T00:02:31Z,ENG-DATASET-002,MSN-NORMAL-002,CRUISE,6500.0,15.0,0.6207632399938777,0.44923676000612234,3716.7210003710866,494.8894182070503,136.72762533690752,55.36768449663768,385.8360500185544,10.168928648410292,6.755414680775154,14.2,3716.7210003710866,494.8894182070503,136.72762533690752,55.36768449663768,385.8360500185544,10.168928648410292,6.755414680775154,0.0,0.0,0.0,0.0,0.0,0.0,0.0,0.0,0.0,0.0,0.0,0.0,0.0,0.0,2,NORMAL,0.0,2026-01-01T00:02:00+00:00,False
2026-01-01T00:02:32Z,ENG-DATASET-002,MSN-NORMAL-002,CRUISE,6500.0,15.0,0.6244963162898886,0.44550368371011145,3737.252919999147,497.0857817538563,136.9820073470632,55.32797996463131,386.86264599995735,10.232082765158527,6.972859299964021,14.2,3737.252919999147,497.0857817538563,136.9820073470632,55.32797996463131,386.86264599995735,10.232082765158527,6.972859299964021,0.0,0.0,0.0,0.0,0.0,0.0,0.0,0.0,0.0,0.0,0.0,0.0,0.0,0.0,2,NORMAL,0.0,2026-01-01T00:02:00+00:00,False
2026-01-01T00:02:33Z,ENG-DATASET-002,MSN-NORMAL-002,CRUISE,6500.0,15.0,0.6281592290740277,0.44184077092597235,3757.3989403119112,499.2443257549016,137.26491475622942,55.29541348175995,387.8699470155956,10.294133744017554,6.507951121064426,14.2,3757.3989403119112,499.2443257549016,137.26491475622942,55.29541348175995,387.8699470155956,10.294133744017554,6.507951121064426,0.0,0.0,0.0,0.0,0.0,0.0,0.0,0.0,0.0,0.0,0.0,0.0,0.0,0.0,2,NORMAL,0.0,2026-01-01T00:02:00+00:00,False
2026-01-01T00:02:34Z,ENG-DATASET-002,MSN-NORMAL-002,CRUISE,6500.0,15.0,0.6316948198173914,0.43830518018260867,3776.844689400412,501.3310975343489,137.5717007189652,55.26950661387521,388.84223447002057,10.354106776023787,6.059194057670001,14.2,3776.844689400412,501.3310975343489,137.5717007189652,55.26950661387521,388.84223447002057,10.354106776023787,6.059194057670001,0.0,0.0,0.0,0.0,0.0,0.0,0.0,0.0,0.0,0.0,0.0,0.0,0.0,0.0,2,NORMAL,0.0,2026-01-01T00:02:00+00:00,False
2026-01-01T00:02:35Z,ENG-DATASET-002,MSN-NORMAL-002,CRUISE,6500.0,15.0,0.6350479168089384,0.4349520831910616,3795.2867228539203,503.3131209205515,137.89735867008247,55.24971647069305,389.76433614269604,10.411056002168962,6.300825061514011,14.2,3795.2867228539203,503.3131209205515,137.89735867008247,55.24971647069305,389.76433614269604,10.411056002168962,6.300825061514011,0.0,0.0,0.0,0.0,0.0,0.0,0.0,0.0,0.0,0.0,0.0,0.0,0.0,0.0,2,NORMAL,0.0,2026-01-01T00:02:00+00:00,False
2026-01-01T00:02:36Z,ENG-DATASET-002,MSN-NORMAL-002,CRUISE,6500.0,15.0,0.638166196091588,0.431833803908412,3812.4372589084937,505.1589361915915,138.236596207864,55.235442598817954,390.6218629454247,10.464079887637263,6.916362634564496,14.2,3812.4372589084937,505.1589361915915,138.236596207864,55.235442598817954,390.6218629454247,10.464079887637263,6.916362634564496,0.0,0.0,0.0,0.0,0.0,0.0,0.0,0.0,0.0,0.0,0.0,0.0,0.0,0.0,2,NORMAL,0.0,2026-01-01T00:02:00+00:00,False
2026-01-01T00:02:37Z,ENG-DATASET-002,MSN-NORMAL-002,CRUISE,6500.0,15.0,0.64100099796007,0.42899900203993,3828.028669185145,506.83912389400894,138.58391468442784,55.22603483616404,391.4014334592573,10.512336086957767,7.051558741055617,14.2,3828.028669185145,506.83912389400894,138.58391468442784,55.22603483616404,391.4014334592573,10.512336086957767,7.051558741055617,0.0,0.0,0.0,0.0,0.0,0.0,0.0,0.0,0.0,0.0,0.0,0.0,0.0,0.0,2,NORMAL,0.0,2026-01-01T00:02:00+00:00,False
2026-01-01T00:02:38Z,ENG-DATASET-002,MSN-NORMAL-002,CRUISE,6500.0,15.0,0.6435080862793506,0.4264919137206494,3841.8176549411883,508.3268023312147,138.9336932742654,55.220802002681864,392.0908827470594,10.555055518942424,6.537828185416864,14.2,3841.8176549411883,508.3268023312147,138.9336932742654,55.220802002681864,392.0908827470594,10.555055518942424,6.537828185416864,0.0,0.0,0.0,0.0,0.0,0.0,0.0,0.0,0.0,0.0,0.0,0.0,0.0,0.0,2,NORMAL,0.0,2026-01-01T00:02:00+00:00,False
2026-01-01T00:02:39Z,ENG-DATASET-002,MSN-NORMAL-002,CRUISE,6500.0,15.0,0.645648338774725,0.42435166122527496,3853.589043665747,509.59808855721957,139.28027616076935,55.219021289350145,392.67945218328737,10.591555373605605,6.133384727498941,14.2,3853.589043665747,509.59808855721957,139.28027616076935,55.219021289350145,392.67945218328737,10.591555373605605,6.133384727498941,0.0,0.0,0.0,0.0,0.0,0.0,0.0,0.0,0.0,0.0,0.0,0.0,0.0,0.0,2,NORMAL,0.0,2026-01-01T00:02:00+00:00,False
2026-01-01T00:02:40Z,ENG-DATASET-002,MSN-NORMAL-002,CRUISE,6500.0,15.0,0.6473883575218288,0.4226116424781712,3863.1591467748176,510.63251306002854,139.61806137119314,55.21994819659276,393.15795733874086,10.621250784579209,6.4366202132104755,14.2,3863.1591467748176,510.63251306002854,139.61806137119314,55.21994819659276,393.15795733874086,10.621250784579209,6.4366202132104755,0.0,0.0,0.0,0.0,0.0,0.0,0.0,0.0,0.0,0.0,0.0,0.0,0.0,0.0,2,NORMAL,0.0,2026-01-01T00:02:00+00:00,False
2026-01-01T00:02:41Z,ENG-DATASET-002,MSN-NORMAL-002,CRUISE,6500.0,15.0,0.6487009901100778,0.42129900988992225,3870.3786260101865,511.4133789895756,139.9415897088132,55.222826864800595,393.51893130050934,10.643664920098939,7.028507365068037,14.2,3870.3786260101865,511.4133789895756,139.9415897088132,55.222826864800595,393.51893130050934,10.643664920098939,7.028507365068037,0.0,0.0,0.0,0.0,0.0,0.0,0.0,0.0,0.0,0.0,0.0,0.0,0.0,0.0,2,NORMAL,0.0,2026-01-01T00:02:00+00:00,False
2026-01-01T00:02:42Z,ENG-DATASET-002,MSN-NORMAL-002,CRUISE,6500.0,15.0,0.6495657533469535,0.4204342466530464,3875.134823813004,511.92805777333996,140.24563218226538,55.226900633608714,393.75674119065025,10.65843727329227,7.072689469984756,14.2,3875.134823813004,511.92805777333996,140.24563218226538,55.226900633608714,393.75674119065025,10.65843727329227,7.072689469984756,0.0,0.0,0.0,0.0,0.0,0.0,0.0,0.0,0.0,0.0,0.0,0.0,0.0,0.0,2,NORMAL,0.0,2026-01-01T00:02:00+00:00,False
2026-01-01T00:02:43Z,ENG-DATASET-002,MSN-NORMAL-002,CRUISE,6500.0,15.0,0.6499691528913724,0.42003084710862765,3877.3535213073073,512.1682142477129,140.52527432023166,55.23142266309545,393.86767606536534,10.665329967678387,6.513526845963444,14.2,3877.3535213073073,512.1682142477129,140.52527432023166,55.23142266309545,393.86767606536534,10.665329967678387,6.513526845963444,0.0,0.0,0.0,0.0,0.0,0.0,0.0,0.0,0.0,0.0,0.0,0.0,0.0,0.0,2,NORMAL,0.0,2026-01-01T00:02:00+00:00,False
2026-01-01T00:02:44Z,ENG-DATASET-002,MSN-NORMAL-002,CRUISE,6500.0,15.0,0.649904893828364,0.42009510617163603,3877.0000964607616,512.1299559769375,140.77599578763193,55.235666449186034,393.8500048230381,10.66423193551496,6.1556909432601135,14.2,3877.0000964607616,512.1299559769375,140.77599578763193,55.235666449186034,393.8500048230381,10.66423193551496,6.1556909432601135,0.0,0.0,0.0,0.0,0.0,0.0,0.0,0.0,0.0,0.0,0.0,0.0,0.0,0.0,2,NORMAL,0.0,2026-01-01T00:02:00+00:00,False
2026-01-01T00:02:45Z,ENG-DATASET-002,MSN-NORMAL-002,CRUISE,6500.0,15.0,0.6493739788991146,0.4206260211008854,3874.0800643498897,511.8139031811683,140.99374378839795,55.23893606727353,393.70400321749446,10.65516087354823,6.511275416058278,14.2,3874.0800643498897,511.8139031811683,140.99374378839795,55.23893606727353,393.70400321749446,10.65516087354823,6.511275416058278,0.0,0.0,0.0,0.0,0.0,0.0,0.0,0.0,0.0,0.0,0.0,0.0,0.0,0.0,2,NORMAL,0.0,2026-01-01T00:02:00+00:00,False
2026-01-01T00:02:46Z,ENG-DATASET-002,MSN-NORMAL-002,CRUISE,6500.0,15.0,0.6483846928535261,0.4216153071464739,3868.6389910991525,511.2251775857234,141.17499884920124,55.24057598238663,393.43194955495767,10.638262931192132,7.066140905288384,14.2,3868.6389910991525,511.2251775857234,141.17499884920124,55.24057598238663,393.43194955495767,10.638262931192132,7.066140905288384,0.0,0.0,0.0,0.0,0.0,0.0,0.0,0.0,0.0,0.0,0.0,0.0,0.0,0.0,2,NORMAL,0.0,2026-01-01T00:02:00+00:00,False
2026-01-01T00:02:47Z,ENG-DATASET-002,MSN-NORMAL-002,CRUISE,6500.0,15.0,0.6469524731694647,0.42304752683053537,3860.7617828368157,510.3733104611981,141.31683172581108,55.23998027107087,393.0380891418408,10.61381013831975,7.016583343805046,14.2,3860.7617828368157,510.3733104611981,141.31683172581108,55.23998027107087,393.0380891418408,10.61381013831975,7.016583343805046,0.0,0.0,0.0,0.0,0.0,0.0,0.0,0.0,0.0,0.0,0.0,0.0,0.0,0.0,2,NORMAL,0.0,2026-01-01T00:02:00+00:00,False
2026-01-01T00:02:48Z,ENG-DATASET-002,MSN-NORMAL-002,CRUISE,6500.0,15.0,0.6450996691560816,0.4249003308439183,3850.5713607632083,509.2720720709722,141.41695035500427,55.23660110939959,392.5285680381604,10.582195631737918,6.420917911383736,14.2,3850.5713607632083,509.2720720709722,141.41695035500427,55.23660110939959,392.5285680381604,10.582195631737918,6.420917911383736,0.0,0.0,0.0,0.0,0.0,0.0,0.0,0.0,0.0,0.0,0.0,0.0,0.0,0.0,2,NORMAL,0.0,2026-01-01T00:02:00+00:00,False
2026-01-01T00:02:49Z,ENG-DATASET-002,MSN-NORMAL-002,CRUISE,6500.0,15.0,0.6428551932003197,0.4271448067996803,3838.226743006517,507.93922660158717,141.47373598454354,55.22995639305006,391.91133715032583,10.543926789089687,6.1161302388330165,14.2,3838.226743006517,507.93922660158717,141.47373598454354,55.22995639305006,391.91133715032583,10.543926789089687,6.1161302388330165,0.0,0.0,0.0,0.0,0.0,0.0,0.0,0.0,0.0,0.0,0.0,0.0,0.0,0.0,2,NORMAL,0.0,2026-01-01T00:02:00+00:00,False
2026-01-01T00:02:50Z,ENG-DATASET-002,MSN-NORMAL-002,CRUISE,6500.0,15.0,0.6402540695987841,0.429745930401216,3823.920563198072,506.3962183507058,141.48626784485683,55.21963636898855,391.1960281599036,10.49961642457781,6.519003561000501,14.2,3823.920563198072,506.3962183507058,141.48626784485683,55.21963636898855,391.1960281599036,10.49961642457781,6.519003561000501,0.0,0.0,0.0,0.0,0.0,0.0,0.0,0.0,0.0,0.0,0.0,0.0,0.0,0.0,2,NORMAL,0.0,2026-01-01T00:02:00+00:00,False
2026-01-01T00:02:51Z,ENG-DATASET-002,MSN-NORMAL-002,CRUISE,6500.0,15.0,0.6373368880153083,0.43266311198469176,3807.8760644889558,504.66779642478576,141.4543359709908,55.20530917379333,390.39380322444777,10.4499722409513,7.0293137330610955,14.2,3807.8760644889558,504.66779642478576,141.4543359709908,55.20530917379333,390.39380322444777,10.4499722409513,7.0293137330610955,0.0,0.0,0.0,0.0,0.0,0.0,0.0,0.0,0.0,0.0,0.0,0.0,0.0,0.0,2,NORMAL,0.0,2026-01-01T00:02:00+00:00,False
2026-01-01T00:02:52Z,ENG-DATASET-002,MSN-NORMAL-002,CRUISE,6500.0,15.0,0.6341491700928259,0.4358508299071741,3790.343615915301,502.781586405205,141.37844203402184,55.18672519076579,389.51718079576506,10.395784765392827,6.890115225002167,14.2,3790.343615915301,502.781586405205,141.37844203402184,55.18672519076579,389.51718079576506,10.395784765392827,6.890115225002167,0.0,0.0,0.0,0.0,0.0,0.0,0.0,0.0,0.0,0.0,0.0,0.0,0.0,0.0,2,NORMAL,0.0,2026-01-01T00:02:00+00:00,False
2026-01-01T00:02:53Z,ENG-DATASET-002,MSN-NORMAL-002,CRUISE,6500.0,15.0,0.6307406591033574,0.4392593408966426,3771.5968054732252,500.7676183440399,141.25978828922067,55.16372015646925,388.57984027366126,10.337914022417857,6.272601706248887,14.2,3771.5968054732252,500.7676183440399,141.25978828922067,55.16372015646925,388.57984027366126,10.337914022417857,6.272601706248887,0.0,0.0,0.0,0.0,0.0,0.0,0.0,0.0,0.0,0.0,0.0,0.0,0.0,0.0,2,NORMAL,0.0,2026-01-01T00:02:00+00:00,False
2026-01-01T00:02:54Z,ENG-DATASET-002,MSN-NORMAL-002,CRUISE,6500.0,15.0,0.6271645437208875,0.4428354562791125,3751.92817086964,498.6578210326244,141.1002549861142,55.13621696690447,387.59640854348197,10.277275214193846,6.031281608542175,14.2,3751.92817086964,498.6578210326244,141.1002549861142,55.13621696690447,387.59640854348197,10.277275214193846,6.031281608542175,0.0,0.0,0.0,0.0,0.0,0.0,0.0,0.0,0.0,0.0,0.0,0.0,0.0,0.0,2,NORMAL,0.0,2026-01-01T00:02:00+00:00,False
2026-01-01T00:02:55Z,ENG-DATASET-002,MSN-NORMAL-002,CRUISE,6500.0,15.0,0.6234766280298968,0.4465233719701032,3731.6446345691925,496.4854927479316,140.9023668062011,55.104226153875324,386.58223172845965,10.214823687771808,6.48021579672997,14.2,3731.6446345691925,496.4854927479316,140.9023668062011,55.104226153875324,386.58223172845965,10.214823687771808,6.48021579672997,0.0,0.0,0.0,0.0,0.0,0.0,0.0,0.0,0.0,0.0,0.0,0.0,0.0,0.0,2,NORMAL,0.0,2026-01-01T00:02:00+00:00,False
2026-01-01T00:02:56Z,ENG-DATASET-002,MSN-NORMAL-002,CRUISE,6500.0,15.0,0.6197344607212879,0.4502655392787121,3711.062714371843,494.284758640129,140.6692490915842,55.06784502289975,385.55313571859216,10.151539469948418,6.943564461327337,14.2,3711.062714371843,494.284758640129,140.6692490915842,55.06784502289975,385.55313571859216,10.151539469948418,6.943564461327337,0.0,0.0,0.0,0.0,0.0,0.0,0.0,0.0,0.0,0.0,0.0,0.0,0.0,0.0,2,NORMAL,0.0,2026-01-01T00:02:00+00:00,False
2026-01-01T00:02:57Z,ENG-DATASET-002,MSN-NORMAL-002,CRUISE,6500.0,15.0,0.6159964370643114,0.4540035629356886,3690.503584258472,492.0900246095148,140.40457479766366,55.027255464955665,384.5251792129236,10.088411644539464,6.724356033841174,14.2,3690.503584258472,492.0900246095148,140.40457479766366,55.027255464955665,384.5251792129236,10.088411644539464,6.724356033841174,0.0,0.0,0.0,0.0,0.0,0.0,0.0,0.0,0.0,0.0,0.0,0.0,0.0,0.0,2,NORMAL,0.0,2026-01-01T00:02:00+00:00,False
2026-01-01T00:02:58Z,ENG-DATASET-002,MSN-NORMAL-002,CRUISE,6500.0,15.0,0.61232088766792,0.45767911233208003,3670.2880625783196,489.93543697343523,140.11250324223317,54.98272047509238,383.514403128916,10.026422834711878,6.103538556110333,14.2,3670.2880625783196,489.93543697343523,140.11250324223317,54.98272047509238,383.514403128916,10.026422834711878,6.103538556110333,0.0,0.0,0.0,0.0,0.0,0.0,0.0,0.0,0.0,0.0,0.0,0.0,0.0,0.0,2,NORMAL,0.0,2026-01-01T00:02:00+00:00,False
2026-01-01T00:02:59Z,ENG-DATASET-002,MSN-NORMAL-002,CRUISE,6500.0,15.0,0.6087651682511251,0.46123483174887486,3650.7316057859475,487.8543564922016,139.7976118303149,54.934579431161815,382.5365802892974,9.966534035848483,5.937988884053605,14.2,3650.7316057859475,487.8543564922016,139.7976118303149,54.934579431161815,382.5365802892974,9.966534035848483,5.937988884053605,0.0,0.0,0.0,0.0,0.0,0.0,0.0,0.0,0.0,0.0,0.0,0.0,0.0,0.0,2,NORMAL,0.0,2026-01-01T00:02:00+00:00,False
2026-01-01T00:03:00Z,ENG-DATASET-002,MSN-NORMAL-002,CRUISE,6500.0,15.0,0.6053847646261847,0.46461523537381527,3632.1393858487754,485.87885445988235,139.4648220087805,54.883242205314325,381.60696929243875,9.909670023468088,6.433394081102738,14.2,3632.1393858487754,485.87885445988235,139.4648220087805,54.883242205314325,381.60696929243875,9.909670023468088,6.433394081102738,0.0,0.0,0.0,0.0,0.0,0.0,0.0,0.0,0.0,0.0,0.0,0.0,0.0,0.0,2,NORMAL,0.0,2026-01-01T00:02:00+00:00,False
2026-01-01T00:03:01Z,ENG-DATASET-002,MSN-NORMAL-002,CRUISE,6500.0,15.0,0.6022324268610607,0.46776757313893935,3614.8015281405933,484.0392376239692,139.11932074850168,54.82918219915963,380.7400764070297,9.856705537274369,6.850059996042045,14.2,3614.8015281405933,484.0392376239692,139.11932074850168,54.82918219915963,380.7400764070297,9.856705537274369,6.850059996042045,0.0,0.0,0.0,0.0,0.0,0.0,0.0,0.0,0.0,0.0,0.0,0.0,0.0,0.0,2,NORMAL,0.0,2026-01-01T00:02:00+00:00,False
2026-01-01T00:03:02Z,ENG-DATASET-002,MSN-NORMAL-002,CRUISE,6500.0,15.0,0.5993573461322511,0.4706426538677489,3598.9885841321407,482.3636077273813,138.76647886683605,54.77292841032869,379.9494292066071,9.808452417682386,6.56312023760858,14.2,3598.9885841321407,482.3636077273813,138.76647886683605,54.77292841032869,379.9494292066071,9.808452417682386,6.56312023760858,0.0,0.0,0.0,0.0,0.0,0.0,0.0,0.0,0.0,0.0,0.0,0.0,0.0,0.0,2,NORMAL,0.0,2026-01-01T00:02:00+00:00,False
2026-01-01T00:03:03Z,ENG-DATASET-002,MSN-NORMAL-002,CRUISE,6500.0,15.0,0.5968043871129334,0.4731956128870666,3584.9473095258927,480.8774605116509,138.4117674929437,54.715056653324744,379.24736547629465,9.765647846271161,5.958202695855923,14.2,3584.9473095258927,480.8774605116509,138.4117674929437,54.715056653324744,379.24736547629465,9.765647846271161,5.958202695855923,0.0,0.0,0.0,0.0,0.0,0.0,0.0,0.0,0.0,0.0,0.0,0.0,0.0,0.0,2,NORMAL,0.0,2026-01-01T00:02:00+00:00,False
2026-01-01T00:03:04Z,ENG-DATASET-002,MSN-NORMAL-002,CRUISE,6500.0,15.0,0.5946133878747448,0.4753866121252551,3572.896813715856,479.6033281184489,138.06067394661056,54.656180070785524,378.6448406857928,9.728943817458113,5.879347214843671,14.2,3572.896813715856,479.6033281184489,138.06067394661056,54.656180070785524,378.6448406857928,9.728943817458113,5.879347214843671,0.0,0.0,0.0,0.0,0.0,0.0,0.0,0.0,0.0,0.0,0.0,0.0,0.0,0.0,2,NORMAL,0.0,2026-01-01T00:02:00+00:00,False
2026-01-01T00:03:05Z,ENG-DATASET-002,MSN-NORMAL-002,CRUISE,6500.0,15.0,0.5928185382279987,0.47718146177200127,3563.025140658752,478.5604680058112,137.71861825209479,54.596939082386136,378.1512570329376,9.698897946000269,6.420123111677209,14.2,3563.025140658752,478.5604680058112,137.71861825209479,54.596939082386136,378.1512570329376,9.698897946000269,6.420123111677209,0.0,0.0,0.0,0.0,0.0,0.0,0.0,0.0,0.0,0.0,0.0,0.0,0.0,0.0,2,NORMAL,0.0,2026-01-01T00:02:00+00:00,False
2026-01-01T00:03:06Z,ENG-DATASET-002,MSN-NORMAL-002,CRUISE,6500.0,15.0,0.5914478462011294,0.4785521537988706,3555.486334510971,477.7646007737177,137.39087144622826,54.537990927421404,377.7743167255486,9.675965694182219,6.789877504933299,14.2,3555.486334510971,477.7646007737177,137.39087144622826,54.537990927421404,377.7743167255486,9.675965694182219,6.789877504933299,0.0,0.0,0.0,0.0,0.0,0.0,0.0,0.0,0.0,0.0,0.0,0.0,0.0,0.0,2,NORMAL,0.0,2026-01-01T00:02:00+00:00,False
2026-01-01T00:03:07Z,ENG-DATASET-002,MSN-NORMAL-002,CRUISE,6500.0,15.0,0.5905227009847764,0.4794772990152236,3550.39803582103,477.22769867924217,137.0824767685865,54.47999896347897,377.51990179105155,9.660494084001153,6.44673248745593,14.2,3550.39803582103,477.22769867924217,137.0824767685865,54.47999896347897,377.51990179105155,9.660494084001153,6.44673248745593,0.0,0.0,0.0,0.0,0.0,0.0,0.0,0.0,0.0,0.0,0.0,0.0,0.0,0.0,2,NORMAL,0.0,2026-01-01T00:02:00+00:00,False
2026-01-01T00:03:08Z,ENG-DATASET-002,MSN-NORMAL-002,CRUISE,6500.0,15.0,0.5900575391606181,0.4799424608393819,3547.839645788159,476.9578261130493,136.79817474455407,54.42362188745157,377.39198228940796,9.652716943331331,5.874109835378292,14.2,3547.839645788159,476.9578261130493,136.79817474455407,54.42362188745157,377.39198228940796,9.652716943331331,5.874109835378292,0.0,0.0,0.0,0.0,0.0,0.0,0.0,0.0,0.0,0.0,0.0,0.0,0.0,0.0,2,NORMAL,0.0,2026-01-01T00:02:00+00:00,False
2026-01-01T00:03:09Z,ENG-DATASET-002,MSN-NORMAL-002,CRUISE,6500.0,15.0,0.5900596194233431,0.4799403805766569,3547.8510872331462,476.95903289662533,136.5423330925143,54.36950304637848,377.3925543616573,9.652751720765337,5.8882722712727364,14.2,3547.8510872331462,476.95903289662533,136.5423330925143,54.36950304637848,377.3925543616573,9.652751720765337,5.8882722712727364,0.0,0.0,0.0,0.0,0.0,0.0,0.0,0.0,0.0,0.0,0.0,0.0,0.0,0.0,2,NORMAL,0.0,2026-01-01T00:02:00+00:00,False
2026-01-01T00:03:10Z,ENG-DATASET-002,MSN-NORMAL-002,CRUISE,6500.0,15.0,0.5905289093111473,0.4794710906888527,3550.4321816160696,477.2313009260145,136.31888230641323,54.318260004232876,377.5216090808035,9.660597891236453,6.468948042634379,14.2,3550.4321816160696,477.2313009260145,136.31888230641323,54.318260004232876,377.5216090808035,9.660597891236453,6.468948042634379,0.0,0.0,0.0,0.0,0.0,0.0,0.0,0.0,0.0,0.0,0.0,0.0,0.0,0.0,2,NORMAL,0.0,2026-01-01T00:02:00+00:00,False
2026-01-01T00:03:11Z,ENG-DATASET-002,MSN-NORMAL-002,CRUISE,6500.0,15.0,0.5914580857122896,0.4785419142877104,3555.542651822352,477.7705444099979,136.13125768602185,54.270474526805124,377.7771325911176,9.676136963138317,6.7883734801492,14.2,3555.542651822352,477.7705444099979,136.13125768602185,54.270474526805124,377.7771325911176,9.676136963138317,6.7883734801492,0.0,0.0,0.0,0.0,0.0,0.0,0.0,0.0,0.0,0.0,0.0,0.0,0.0,0.0,2,NORMAL,0.0,2026-01-01T00:02:00+00:00,False
2026-01-01T00:03:12Z,ENG-DATASET-002,MSN-NORMAL-002,CRUISE,6500.0,15.0,0.5928326491398013,0.47716735086019874,3563.1027506736664,478.5686637016303,135.98234850996042,54.22668314033435,378.15513753368333,9.699134086894585,6.397144974796425,14.2,3563.1027506736664,478.5686637016303,135.98234850996042,54.22668314033435,378.15513753368333,9.699134086894585,6.397144974796425,0.0,0.0,0.0,0.0,0.0,0.0,0.0,0.0,0.0,0.0,0.0,0.0,0.0,0.0,2,NORMAL,0.0,2026-01-01T00:02:00+00:00,False
2026-01-01T00:03:13Z,ENG-DATASET-002,MSN-NORMAL-002,CRUISE,6500.0,15.0,0.5946311499911306,0.47536885000886936,3572.994505355978,479.6136524729009,135.8744549707869,54.1873684106123,378.6497252677989,9.729241254164856,5.867940158597969,14.2,3572.994505355978,479.6136524729009,135.8744549707869,54.1873684106123,378.6497252677989,9.729241254164856,5.867940158597969,0.0,0.0,0.0,0.0,0.0,0.0,0.0,0.0,0.0,0.0,0.0,0.0,0.0,0.0,2,NORMAL,0.0,2026-01-01T00:02:00+00:00,False
2026-01-01T00:03:14Z,ENG-DATASET-002,MSN-NORMAL-002,CRUISE,6500.0,15.0,0.5968255232620169,0.47317447673798313,3585.063558345852,480.8897577040619,135.80925341630976,54.15295107806532,379.25317791729265,9.766002065476835,5.974866645349125,14.2,3585.063558345852,480.8897577040619,135.80925341630976,54.15295107806532,379.25317791729265,9.766002065476835,5.974866645349125,0.0,0.0,0.0,0.0,0.0,0.0,0.0,0.0,0.0,0.0,0.0,0.0,0.0,0.0,2,NORMAL,0.0,2026-01-01T00:02:00+00:00,False
2026-01-01T00:03:15Z,ENG-DATASET-002,MSN-NORMAL-002,LOITER,6000.0,15.0,0.39938152649149494,0.32061847350850503,2632.625534654146,364.6904137774474,132.84558841911496,53.734376847192266,331.6312767327073,7.442402657255618,4.834424292731578,14.2,2632.625534654146,364.6904137774474,132.84558841911496,53.734376847192266,331.6312767327073,7.442402657255618,4.834424292731578,0.0,0.0,0.0,0.0,0.0,0.0,0.0,0.0,0.0,0.0,0.0,0.0,0.0,0.0,2,NORMAL,0.0,2026-01-01T00:02:00+00:00,False
2026-01-01T00:03:16Z,ENG-DATASET-002,MSN-NORMAL-002,LOITER,6000.0,15.0,0.40225927410404627,0.3177407258959537,2648.453146523179,366.37912513832066,130.22050770566148,53.33704206619874,332.42265732615897,7.490979779306341,5.095807252307704,14.2,2648.453146523179,366.37912513832066,130.22050770566148,53.33704206619874,332.42265732615897,7.490979779306341,5.095807252307704,0.0,0.0,0.0,0.0,0.0,0.0,0.0,0.0,0.0,0.0,0.0,0.0,0.0,0.0,2,NORMAL,0.0,2026-01-01T00:02:00+00:00,False
2026-01-01T00:03:17Z,ENG-DATASET-002,MSN-NORMAL-002,LOITER,6000.0,15.0,0.4054138598106645,0.31458614018933545,2665.8033679095793,368.2326498526405,127.90427318141134,52.96052971661155,333.290168395479,7.5442871713133135,4.660281794495173,14.2,2665.8033679095793,368.2326498526405,127.90427318141134,52.96052971661155,333.290168395479,7.5442871713133135,4.660281794495173,0.0,0.0,0.0,0.0,0.0,0.0,0.0,0.0,0.0,0.0,0.0,0.0,0.0,0.0,2,NORMAL,0.0,2026-01-01T00:02:00+00:00,False
2026-01-01T00:03:18Z,ENG-DATASET-002,MSN-NORMAL-002,LOITER,6000.0,15.0,0.40879605735647656,0.3112039426435234,2684.4054544115456,370.22265787506274,125.86941231014677,52.60436254467318,334.2202727205773,7.601507368805115,4.1797538273357375,14.2,2684.4054544115456,370.22265787506274,125.86941231014677,52.60436254467318,334.2202727205773,7.601507368805115,4.1797538273357375,0.0,0.0,0.0,0.0,0.0,0.0,0.0,0.0,0.0,0.0,0.0,0.0,0.0,0.0,2,NORMAL,0.0,2026-01-01T00:02:00+00:00,False
2026-01-01T00:03:19Z,ENG-DATASET-002,MSN-NORMAL-002,LOITER,6000.0,15.0,0.4123530886799851,0.30764691132001487,2703.9691266908426,372.3186059515801,124.0904362279216,52.26799992105533,335.19845633454213,7.6617598281583925,4.372619145561351,14.2,2703.9691266908426,372.3186059515801,124.0904362279216,52.26799992105533,335.19845633454213,7.6617598281583925,4.372619145561351,0.0,0.0,0.0,0.0,0.0,0.0,0.0,0.0,0.0,0.0,0.0,0.0,0.0,0.0,2,NORMAL,0.0,2026-01-01T00:02:00+00:00,False
2026-01-01T00:03:20Z,ENG-DATASET-002,MSN-NORMAL-002,LOITER,6000.0,15.0,0.4160294474970668,0.3039705525029332,2724.1891001847916,374.48818240182004,122.54359716517494,51.95083611303388,336.2094550092396,7.724113895990731,4.994067844337403,14.2,2724.1891001847916,374.48818240182004,122.54359716517494,51.95083611303388,336.2094550092396,7.724113895990731,4.994067844337403,0.0,0.0,0.0,0.0,0.0,0.0,0.0,0.0,0.0,0.0,0.0,0.0,0.0,0.0,2,NORMAL,0.0,2026-01-01T00:02:00+00:00,False
2026-01-01T00:03:21Z,ENG-DATASET-002,MSN-NORMAL-002,LOITER,6000.0,15.0,0.4197677654579711,0.30023223454202885,2744.7498489697655,376.6977864825277,121.20668211072064,51.6521999791472,337.2374924484883,7.787602729721524,5.186325901528051,14.2,2744.7498489697655,376.6977864825277,121.20668211072064,51.6521999791472,337.2374924484883,7.787602729721524,5.186325901528051,0.0,0.0,0.0,0.0,0.0,0.0,0.0,0.0,0.0,0.0,0.0,0.0,0.0,0.0,2,NORMAL,0.0,2026-01-01T00:02:00+00:00,False
2026-01-01T00:03:22Z,ENG-DATASET-002,MSN-NORMAL-002,LOITER,6000.0,15.0,0.4235097073612309,0.2964902926387691,2765.330529437694,378.9130364374126,120.05883981058389,51.37135607483983,338.26652647188473,7.851237990483236,4.7070590205710285,14.2,2765.330529437694,378.9130364374126,120.05883981058389,51.37135607483983,338.26652647188473,7.851237990483236,4.7070590205710285,0.0,0.0,0.0,0.0,0.0,0.0,0.0,0.0,0.0,0.0,0.0,0.0,0.0,0.0,2,NORMAL,0.0,2026-01-01T00:02:00+00:00,False
2026-01-01T00:03:23Z,ENG-DATASET-002,MSN-NORMAL-002,LOITER,6000.0,15.0,0.4271968814549707,0.2928031185450293,2785.609986953263,381.0992993777785,119.08043831396996,51.107507136226225,339.2804993476632,7.914025105082976,4.27604241425014,14.2,2785.609986953263,381.0992993777785,119.08043831396996,51.107507136226225,339.2804993476632,7.914025105082976,4.27604241425014,0.0,0.0,0.0,0.0,0.0,0.0,0.0,0.0,0.0,0.0,0.0,0.0,0.0,0.0,2,NORMAL,0.0,2026-01-01T00:02:00+00:00,False
2026-01-01T00:03:24Z,ENG-DATASET-002,MSN-NORMAL-002,LOITER,6000.0,15.0,0.43077175062066503,0.28922824937933495,2805.271767364582,383.2222352096871,118.25295036281514,50.85979788822856,340.2635883682291,7.974978870590123,4.543439241078104,14.2,2805.271767364582,383.2222352096871,118.25295036281514,50.85979788822856,340.2635883682291,7.974978870590123,4.543439241078104,0.0,0.0,0.0,0.0,0.0,0.0,0.0,0.0,0.0,0.0,0.0,0.0,0.0,0.0,2,NORMAL,0.0,2026-01-01T00:02:00+00:00,False
2026-01-01T00:03:25Z,ENG-DATASET-002,MSN-NORMAL-002,LOITER,6000.0,15.0,0.43417853022062913,0.28582146977937084,2824.0090551643843,385.2483459761741,117.55886397593798,50.62732010327575,341.2004527582192,8.033139154565003,5.157818104548971,14.2,2824.0090551643843,385.2483459761741,117.55886397593798,50.62732010327575,341.2004527582192,8.033139154565003,5.157818104548971,0.0,0.0,0.0,0.0,0.0,0.0,0.0,0.0,0.0,0.0,0.0,0.0,0.0,0.0,2,NORMAL,0.0,2026-01-01T00:02:00+00:00,False
2026-01-01T00:03:26Z,ENG-DATASET-002,MSN-NORMAL-002,LOITER,6000.0,15.0,0.4373640585986325,0.2826359414013675,2841.5294612434027,387.14552126918335,116.98161561007376,50.40911881781168,342.0764730621702,8.087586427205256,5.26914618276427,14.2,2841.5294612434027,387.14552126918335,116.98161561007376,50.40911881781168,342.0764730621702,8.087586427205256,5.26914618276427,0.0,0.0,0.0,0.0,0.0,0.0,0.0,0.0,0.0,0.0,0.0,0.0,0.0,0.0,2,NORMAL,0.0,2026-01-01T00:02:00+00:00,False
2026-01-01T00:03:27Z,ENG-DATASET-002,MSN-NORMAL-002,LOITER,6000.0,15.0,0.4402786266497639,0.27972137335023606,2857.559585524626,388.88356983676323,116.50554329498547,50.204199596346065,342.8779792762313,8.137456850005748,4.7461396997832,14.2,2857.559585524626,388.88356983676323,116.50554329498547,50.204199596346065,342.8779792762313,8.137456850005748,4.7461396997832,0.0,0.0,0.0,0.0,0.0,0.0,0.0,0.0,0.0,0.0,0.0,0.0,0.0,0.0,2,NORMAL,0.0,2026-01-01T00:02:00+00:00,False
2026-01-01T00:03:28Z,ENG-DATASET-002,MSN-NORMAL-002,LOITER,6000.0,15.0,0.44287675351438804,0.27712324648561193,2871.8492832800584,390.4347272140676,116.11585714583862,50.01153671696505,343.59246416400293,8.181956640035132,4.363910733598317,14.2,2871.8492832800584,390.4347272140676,116.11585714583862,50.01153671696505,343.59246416400293,8.181956640035132,4.363910733598317,0.0,0.0,0.0,0.0,0.0,0.0,0.0,0.0,0.0,0.0,0.0,0.0,0.0,0.0,2,NORMAL,0.0,2026-01-01T00:02:00+00:00,False
2026-01-01T00:03:29Z,ENG-DATASET-002,MSN-NORMAL-002,LOITER,6000.0,15.0,0.44511789629174847,0.2748821037082515,2884.175568555541,391.77412918169324,115.79862466079709,49.8300821383489,344.208778427777,8.220375430566511,4.693080222160128,14.2,2884.175568555541,391.77412918169324,115.79862466079709,49.8300821383489,344.208778427777,8.220375430566511,4.693080222160128,0.0,0.0,0.0,0.0,0.0,0.0,0.0,0.0,0.0,0.0,0.0,0.0,0.0,0.0,2,NORMAL,0.0,2026-01-01T00:02:00+00:00,False
2026-01-01T00:03:30Z,ENG-DATASET-002,MSN-NORMAL-002,LOITER,6000.0,15.0,0.446967082698374,0.273032917301626,2894.3460937919813,392.88024113098515,115.54076822299201,49.65877509663775,344.7173046895991,8.252098358231741,5.281904176089819,14.2,2894.3460937919813,392.88024113098515,115.54076822299201,49.65877509663775,344.7173046895991,8.252098358231741,5.281904176089819,0.0,0.0,0.0,0.0,0.0,0.0,0.0,0.0,0.0,0.0,0.0,0.0,0.0,0.0,2,NORMAL,0.0,2026-01-01T00:02:00+00:00,False
2026-01-01T00:03:31Z,ENG-DATASET-002,MSN-NORMAL-002,LOITER,6000.0,15.0,0.4483954567988657,0.27160454320113425,2902.2021513446857,393.7352340087324,115.33007225091112,49.496552171127064,345.1101075672343,8.276616624433323,5.3031665440462685,14.2,2902.2021513446857,393.7352340087324,115.33007225091112,49.496552171127064,345.1101075672343,8.276616624433323,5.3031665440462685,0.0,0.0,0.0,0.0,0.0,0.0,0.0,0.0,0.0,0.0,0.0,0.0,0.0,0.0,2,NORMAL,0.0,2026-01-01T00:02:00+00:00,False
2026-01-01T00:03:32Z,ENG-DATASET-002,MSN-NORMAL-002,LOITER,6000.0,15.0,0.4493807292931175,0.27061927070688246,2907.6211500630707,394.3252984230845,115.15519748639711,49.34235765090907,345.38105750315356,8.293536304392623,4.739055921284804,14.2,2907.6211500630707,394.3252984230845,115.15519748639711,49.34235765090907,345.38105750315356,8.293536304392623,4.739055921284804,0.0,0.0,0.0,0.0,0.0,0.0,0.0,0.0,0.0,0.0,0.0,0.0,0.0,0.0,2,NORMAL,0.0,2026-01-01T00:02:00+00:00,False
2026-01-01T00:03:33Z,ENG-DATASET-002,MSN-NORMAL-002,LOITER,6000.0,15.0,0.44990752533338946,0.2700924746666105,2910.5185282845664,394.6408897018883,115.00569998030461,49.19515403031273,345.52592641422837,8.30258521047871,4.406486105654595,14.2,2910.5185282845664,394.6408897018883,115.00569998030461,49.19515403031273,345.52592641422837,8.30258521047871,4.406486105654595,0.0,0.0,0.0,0.0,0.0,0.0,0.0,0.0,0.0,0.0,0.0,0.0,0.0,0.0,2,NORMAL,0.0,2026-01-01T00:02:00+00:00,False
2026-01-01T00:03:34Z,ENG-DATASET-002,MSN-NORMAL-002,LOITER,6000.0,15.0,0.4499676244436647,0.27003237555633525,2910.8490733910803,394.6768981706887,114.87205243654137,49.053932459400045,345.542453669554,8.303617656479938,4.78658743805186,14.2,2910.8490733910803,394.6768981706887,114.87205243654137,49.053932459400045,345.542453669554,8.303617656479938,4.78658743805186,0.0,0.0,0.0,0.0,0.0,0.0,0.0,0.0,0.0,0.0,0.0,0.0,0.0,0.0,2,NORMAL,0.0,2026-01-01T00:02:00+00:00,False
2026-01-01T00:03:35Z,ENG-DATASET-002,MSN-NORMAL-002,LOITER,6000.0,15.0,0.449560088797428,0.270439911202572,2908.607627336778,394.43274061181563,114.74566570818263,48.91772297687662,345.4303813668389,8.29661701500806,5.335330282373308,14.2,2908.607627336778,394.43274061181563,114.74566570818263,48.91772297687662,345.4303813668389,8.29661701500806,5.335330282373308,0.0,0.0,0.0,0.0,0.0,0.0,0.0,0.0,0.0,0.0,0.0,0.0,0.0,0.0,2,NORMAL,0.0,2026-01-01T00:02:00+00:00,False
2026-01-01T00:03:36Z,ENG-DATASET-002,MSN-NORMAL-002,LOITER,6000.0,15.0,0.4486912778521351,0.2713087221478649,2903.8291671376674,393.9123707168898,114.61890840528662,48.78560435655211,345.19145835688335,8.281696009705055,5.262934720613063,14.2,2903.8291671376674,393.9123707168898,114.61890840528662,48.78560435655211,345.19145835688335,8.281696009705055,5.262934720613063,0.0,0.0,0.0,0.0,0.0,0.0,0.0,0.0,0.0,0.0,0.0,0.0,0.0,0.0,2,NORMAL,0.0,2026-01-01T00:02:00+00:00,False
2026-01-01T00:03:37Z,ENG-DATASET-002,MSN-NORMAL-002,LOITER,6000.0,15.0,0.44737474911200587,0.2726252508879941,2896.5882590669567,393.1242082819077,114.48512277180565,48.65671340488414,344.82941295334786,8.259094735567547,4.665425317487031,14.2,2896.5882590669567,393.1242082819077,114.48512277180565,48.65671340488414,344.82941295334786,8.259094735567547,4.665425317487031,0.0,0.0,0.0,0.0,0.0,0.0,0.0,0.0,0.0,0.0,0.0,0.0,0.0,0.0,2,NORMAL,0.0,2026-01-01T00:02:00+00:00,False
2026-01-01T00:03:38Z,ENG-DATASET-002,MSN-NORMAL-002,LOITER,6000.0,15.0,0.44563104656770564,0.27436895343229434,2886.9978950733057,392.08098884079675,114.338635215645,48.53025355605741,344.3498947536653,8.229176452597974,4.387179141431831,14.2,2886.9978950733057,392.08098884079675,114.338635215645,48.53025355605741,344.3498947536653,8.229176452597974,4.387179141431831,0.0,0.0,0.0,0.0,0.0,0.0,0.0,0.0,0.0,0.0,0.0,0.0,0.0,0.0,2,NORMAL,0.0,2026-01-01T00:02:00+00:00,False
2026-01-01T00:03:39Z,ENG-DATASET-002,MSN-NORMAL-002,LOITER,6000.0,15.0,0.4434873801142418,0.27651261988575815,2875.2077295792546,390.7995373133247,114.17476012691361,48.40550262235021,343.76038647896274,8.192421248204731,4.811389268736123,14.2,2875.2077295792546,390.7995373133247,114.17476012691361,48.40550262235021,343.76038647896274,8.192421248204731,4.811389268736123,0.0,0.0,0.0,0.0,0.0,0.0,0.0,0.0,0.0,0.0,0.0,0.0,0.0,0.0,2,NORMAL,0.0,2026-01-01T00:02:00+00:00,False
2026-01-01T00:03:40Z,ENG-DATASET-002,MSN-NORMAL-002,LOITER,6000.0,15.0,0.4409772009496529,0.27902279905034705,2861.401744174015,389.30047098394476,113.98979588882086,48.28181957104663,343.0700872087008,8.149417710474966,5.311314391612976,14.2,2861.401744174015,389.30047098394476,113.98979588882086,48.28181957104663,343.0700872087008,8.149417710474966,5.311314391612976,0.0,0.0,0.0,0.0,0.0,0.0,0.0,0.0,0.0,0.0,0.0,0.0,0.0,0.0,2,NORMAL,0.0,2026-01-01T00:02:00+00:00,False
2026-01-01T00:03:41Z,ENG-DATASET-002,MSN-NORMAL-002,LOITER,6000.0,15.0,0.43813967958025113,0.28186032041974884,2845.7953766423057,387.6078386653702,113.78101226657303,48.15865021465551,342.2897688321153,8.1008527960077,5.148492082608859,14.2,2845.7953766423057,387.6078386653702,113.78101226657303,48.15865021465551,342.2897688321153,8.1008527960077,5.148492082608859,0.0,0.0,0.0,0.0,0.0,0.0,0.0,0.0,0.0,0.0,0.0,0.0,0.0,0.0,2,NORMAL,0.0,2026-01-01T00:02:00+00:00,False
2026-01-01T00:03:42Z,ENG-DATASET-002,MSN-NORMAL-002,LOITER,6000.0,15.0,0.43501909457797244,0.28498090542202753,2828.632159129773,385.7487041822819,113.54662864447278,48.03553171845397,341.4316079564886,8.047500111091544,4.531062838572318,14.2,2828.632159129773,385.7487041822819,113.54662864447278,48.03553171845397,341.4316079564886,8.047500111091544,4.531062838572318,0.0,0.0,0.0,0.0,0.0,0.0,0.0,0.0,0.0,0.0,0.0,0.0,0.0,0.0,2,NORMAL,0.0,2026-01-01T00:02:00+00:00,False
2026-01-01T00:03:43Z,ENG-DATASET-002,MSN-NORMAL-002,LOITER,6000.0,15.0,0.4316641416280707,0.28833585837192927,2810.1799179053132,383.75268329922426,113.28578286250611,47.912095848116266,340.5089958952657,7.990206852672288,4.3159644251370395,14.2,2810.1799179053132,383.75268329922426,113.28578286250611,47.912095848116266,340.5089958952657,7.990206852672288,4.3159644251370395,0.0,0.0,0.0,0.0,0.0,0.0,0.0,0.0,0.0,0.0,0.0,0.0,0.0,0.0,2,NORMAL,0.0,2026-01-01T00:02:00+00:00,False
2026-01-01T00:03:44Z,ENG-DATASET-002,MSN-NORMAL-002,LOITER,6000.0,15.0,0.4281271736492361,0.2918728263507639,2790.726594021723,381.65144389142927,112.99849067354123,47.78807090012514,339.5363297010862,7.9298796752142735,4.7816493070258685,14.2,2790.726594021723,381.65144389142927,112.99849067354123,47.78807090012514,339.5363297010862,7.9298796752142735,4.7816493070258685,0.0,0.0,0.0,0.0,0.0,0.0,0.0,0.0,0.0,0.0,0.0,0.0,0.0,0.0,2,NORMAL,0.0,2026-01-01T00:02:00+00:00,False
2026-01-01T00:03:45Z,ENG-DATASET-002,MSN-NORMAL-002,LOITER,6000.0,15.0,0.42446338384380866,0.2955366161561913,2770.575750091872,379.4781795137862,112.68559609403175,47.66328227848268,338.52878750459365,7.867469761061171,5.229616261742749,14.2,2770.575750091872,379.4781795137862,112.68559609403175,47.66328227848268,338.52878750459365,7.867469761061171,5.229616261742749,0.0,0.0,0.0,0.0,0.0,0.0,0.0,0.0,0.0,0.0,0.0,0.0,0.0,0.0,2,NORMAL,0.0,2026-01-01T00:02:00+00:00,False
2026-01-01T00:03:46Z,ENG-DATASET-002,MSN-NORMAL-002,LOITER,6000.0,15.0,0.42072994442631606,0.2992700555736839,2750.041833295663,377.2670665731535,112.34871314895742,47.53765170261609,337.50209166478317,7.803957375485666,4.985624887198536,14.2,2750.041833295663,377.2670665731535,112.34871314895742,47.53765170261609,337.50209166478317,7.803957375485666,4.985624887198536,0.0,0.0,0.0,0.0,0.0,0.0,0.0,0.0,0.0,0.0,0.0,0.0,0.0,0.0,2,NORMAL,0.0,2026-01-01T00:02:00+00:00,False
2026-01-01T00:03:47Z,ENG-DATASET-002,MSN-NORMAL-002,LOITER,6000.0,15.0,0.416985114470187,0.303014885529813,2729.445268536953,375.05271507856366,111.99015971102577,47.41119505297771,336.4722634268477,7.740336183873165,4.366169750702908,14.2,2729.445268536953,375.05271507856366,111.99015971102577,47.41119505297771,336.4722634268477,7.740336183873165,4.366169750702908,0.0,0.0,0.0,0.0,0.0,0.0,0.0,0.0,0.0,0.0,0.0,0.0,0.0,0.0,2,NORMAL,0.0,2026-01-01T00:02:00+00:00,False
2026-01-01T00:03:48Z,ENG-DATASET-002,MSN-NORMAL-002,LOITER,6000.0,15.0,0.4132873307943961,0.30671266920560386,2709.107458320103,372.86962247004334,111.61288430167427,47.284018882331445,335.45537291600516,7.67759759829038,4.2255623184038535,14.2,2709.107458320103,372.86962247004334,111.61288430167427,47.284018882331445,335.45537291600516,7.67759759829038,4.2255623184038535,0.0,0.0,0.0,0.0,0.0,0.0,0.0,0.0,0.0,0.0,0.0,0.0,0.0,0.0,2,NORMAL,0.0,2026-01-01T00:02:00+00:00,False
2026-01-01T00:03:49Z,ENG-DATASET-002,MSN-NORMAL-002,LOITER,6000.0,15.0,0.4096942960764483,0.31030570392355167,2689.34576737139,370.7516393555108,111.22038685539461,47.15631564176424,334.4672883685695,7.616715405133723,4.73249729509542,14.2,2689.34576737139,370.7516393555108,111.22038685539461,47.15631564176424,334.4672883685695,7.616715405133723,4.73249729509542,0.0,0.0,0.0,0.0,0.0,0.0,0.0,0.0,0.0,0.0,0.0,0.0,0.0,0.0,2,NORMAL,0.0,2026-01-01T00:02:00+00:00,False
2026-01-01T00:03:50Z,ENG-DATASET-002,MSN-NORMAL-002,LOITER,6000.0,15.0,0.40626207842139567,0.3137379215786043,2670.4685702686006,368.73145516722366,110.81663454903574,47.02835769073369,333.5234285134301,7.5586309058521595,5.12887888683559,14.2,2670.4685702686006,368.73145516722366,110.81663454903574,47.02835769073369,333.5234285134301,7.5586309058521595,5.12887888683559,0.0,0.0,0.0,0.0,0.0,0.0,0.0,0.0,0.0,0.0,0.0,0.0,0.0,0.0,2,NORMAL,0.0,2026-01-01T00:02:00+00:00,False
2026-01-01T00:03:51Z,ENG-DATASET-002,MSN-NORMAL-002,LOITER,6000.0,15.0,0.4030442364378103,0.3169557635621897,2652.770439358881,366.8401108366134,110.4059738650475,46.90049017964502,332.63852196794403,7.504238780154374,4.816422747452981,14.2,2652.770439358881,366.8401108366134,110.4059738650475,46.90049017964502,332.63852196794403,7.504238780154374,4.816422747452981,0.0,0.0,0.0,0.0,0.0,0.0,0.0,0.0,0.0,0.0,0.0,0.0,0.0,0.0,2,NORMAL,0.0,2026-01-01T00:02:00+00:00,False
2026-01-01T00:03:52Z,ENG-DATASET-002,MSN-NORMAL-002,LOITER,6000.0,15.0,0.40009098347361094,0.31990901652638903,2636.527548055785,365.10654462936276,109.99304009427682,46.773122911243334,331.82637740278926,7.454373856866762,4.214277732744378,14.2,2636.527548055785,365.10654462936276,109.99304009427682,46.773122911243334,331.82637740278926,7.454373856866762,4.214277732744378,0.0,0.0,0.0,0.0,0.0,0.0,0.0,0.0,0.0,0.0,0.0,0.0,0.0,0.0,2,NORMAL,0.0,2026-01-01T00:02:00+00:00,False
2026-01-01T00:03:53Z,ENG-DATASET-002,MSN-NORMAL-002,LOITER,6000.0,15.0,0.39744840405356296,0.322551595946437,2621.9933612455206,363.5571763269222,109.58266549302219,46.64672130323389,331.099668062276,7.409798952829801,4.158966274053853,14.2,2621.9933612455206,363.5571763269222,109.58266549302219,46.64672130323389,331.099668062276,7.409798952829801,4.158966274053853,0.0,0.0,0.0,0.0,0.0,0.0,0.0,0.0,0.0,0.0,0.0,0.0,0.0,0.0,2,NORMAL,0.0,2026-01-01T00:02:00+00:00,False
2026-01-01T00:03:54Z,ENG-DATASET-002,MSN-NORMAL-002,LOITER,6000.0,15.0,0.39515773474568266,0.3248422652543173,2609.394680052179,362.2155340251176,109.17978729434792,46.52179658875126,330.46973400260896,7.3711939158707045,4.706327234224719,14.2,2609.394680052179,362.2155340251176,109.17978729434792,46.52179658875126,330.46973400260896,7.3711939158707045,4.706327234224719,0.0,0.0,0.0,0.0,0.0,0.0,0.0,0.0,0.0,0.0,0.0,0.0,0.0,0.0,2,NORMAL,0.0,2026-01-01T00:02:00+00:00,False
2026-01-01T00:03:55Z,ENG-DATASET-002,MSN-NORMAL-002,LOITER,6000.0,15.0,0.39325472067838524,0.32674527932161473,2598.9281026820436,361.1019269753586,108.78935673929709,46.39889540336778,329.9464051341022,7.339145984737913,5.051882149293556,14.2,2598.9281026820436,361.1019269753586,108.78935673929709,46.39889540336778,329.9464051341022,7.339145984737913,5.051882149293556,0.0,0.0,0.0,0.0,0.0,0.0,0.0,0.0,0.0,0.0,0.0,0.0,0.0,0.0,2,NORMAL,0.0,2026-01-01T00:02:00+00:00,False
2026-01-01T00:03:56Z,ENG-DATASET-002,MSN-NORMAL-002,LOITER,6000.0,15.0,0.3917690577497114,0.3282309422502886,2590.756956574337,360.2331671400629,108.41625024386896,46.27858891707359,329.53784782871685,7.314141557474106,4.683708501572409,14.2,2590.756956574337,360.2331671400629,108.41625024386896,46.27858891707359,329.53784782871685,7.314141557474106,4.683708501572409,0.0,0.0,0.0,0.0,0.0,0.0,0.0,0.0,0.0,0.0,0.0,0.0,0.0,0.0,2,NORMAL,0.0,2026-01-01T00:02:00+00:00,False
2026-01-01T00:03:57Z,ENG-DATASET-002,MSN-NORMAL-002,LOITER,6000.0,15.0,0.3907239292327702,0.32927607076722976,2585.0087497311606,359.6223414823128,108.06518375653988,46.161461676923444,329.25043748655804,7.296559440356528,4.116121642182099,14.2,2585.0087497311606,359.6223414823128,108.06518375653988,46.161461676923444,329.25043748655804,7.296559440356528,4.116121642182099,0.0,0.0,0.0,0.0,0.0,0.0,0.0,0.0,0.0,0.0,0.0,0.0,0.0,0.0,2,NORMAL,0.0,2026-01-01T00:02:00+00:00,False
2026-01-01T00:03:58Z,ENG-DATASET-002,MSN-NORMAL-002,LOITER,6000.0,15.0,0.39013564400851636,0.3298643559914836,2581.7731809977645,359.2786364619669,107.74063129243507,46.04810033071641,329.08865904988824,7.286665632337784,4.15303304898779,14.2,2581.7731809977645,359.2786364619669,107.74063129243507,46.04810033071641,329.08865904988824,7.286665632337784,4.15303304898779,0.0,0.0,0.0,0.0,0.0,0.0,0.0,0.0,0.0,0.0,0.0,0.0,0.0,0.0,2,NORMAL,0.0,2026-01-01T00:02:00+00:00,False
2026-01-01T00:03:59Z,ENG-DATASET-002,MSN-NORMAL-002,LOITER,6000.0,15.0,0.39001338207111713,0.32998661792888284,2581.1007403420685,359.2072157592187,107.44674855717203,45.939082404080466,329.0550370171035,7.2846096847636055,4.736350387089364,14.2,2581.1007403420685,359.2072157592187,107.44674855717203,45.939082404080466,329.0550370171035,7.2846096847636055,4.736350387089364,0.0,0.0,0.0,0.0,0.0,0.0,0.0,0.0,0.0,0.0,0.0,0.0,0.0,0.0,2,NORMAL,0.0,2026-01-01T00:02:00+00:00,False
2026-01-01T00:04:00Z,ENG-DATASET-002,MSN-NORMAL-002,DESCENT,3700.0,15.0,0.32035905127721415,0.42964094872278585,2179.4163351811717,399.94259378508946,108.20063854608206,45.90689323936756,308.9708167590586,7.998597127557727,4.623907906972036,14.2,2179.4163351811717,399.94259378508946,108.20063854608206,45.90689323936756,308.9708167590586,7.998597127557727,4.623907906972036,0.0,0.0,0.0,0.0,0.0,0.0,0.0,0.0,0.0,0.0,0.0,0.0,0.0,0.0,2,NORMAL,0.0,2026-01-01T00:02:00+00:00,False
2026-01-01T00:04:01Z,ENG-DATASET-002,MSN-NORMAL-002,DESCENT,3700.0,15.0,0.3211672575744583,0.4288327424255417,2183.8614698160145,400.57396965314757,108.89492393280254,45.87746647025274,309.1930734908007,8.01604573610315,4.209841729469335,14.2,2183.8614698160145,400.57396965314757,108.89492393280254,45.87746647025274,309.1930734908007,8.01604573610315,4.209841729469335,0.0,0.0,0.0,0.0,0.0,0.0,0.0,0.0,0.0,0.0,0.0,0.0,0.0,0.0,2,NORMAL,0.0,2026-01-01T00:02:00+00:00,False
2026-01-01T00:04:02Z,ENG-DATASET-002,MSN-NORMAL-002,DESCENT,3700.0,15.0,0.3224253891738927,0.4275746108261073,2190.7811936129033,401.5572359439753,109.54436243812167,45.851512632485424,309.53905968064515,8.043217750801926,3.689154032698677,14.2,2190.7811936129033,401.5572359439753,109.54436243812167,45.851512632485424,309.53905968064515,8.043217750801926,3.689154032698677,0.0,0.0,0.0,0.0,0.0,0.0,0.0,0.0,0.0,0.0,0.0,0.0,0.0,0.0,2,NORMAL,0.0,2026-01-01T00:02:00+00:00,False
2026-01-01T00:04:03Z,ENG-DATASET-002,MSN-NORMAL-002,DESCENT,3700.0,15.0,0.3241138133527011,0.4258861866472989,2200.0675265963496,402.87756568605323,110.16186533646083,45.82967801424852,310.00337632981746,8.079701675262847,3.8189642761684515,14.2,2200.0675265963496,402.87756568605323,110.16186533646083,45.82967801424852,310.00337632981746,8.079701675262847,3.8189642761684515,0.0,0.0,0.0,0.0,0.0,0.0,0.0,0.0,0.0,0.0,0.0,0.0,0.0,0.0,2,NORMAL,0.0,2026-01-01T00:02:00+00:00,False
2026-01-01T00:04:04Z,ENG-DATASET-002,MSN-NORMAL-002,DESCENT,3700.0,15.0,0.32620618281628144,0.42379381718371856,2211.5755586460414,404.51501347793635,110.75855413976316,45.81253497319289,310.57877793230205,8.124944127609673,4.42825034314238,14.2,2211.5755586460414,404.51501347793635,110.75855413976316,45.81253497319289,310.57877793230205,8.124944127609673,4.42825034314238,0.0,0.0,0.0,0.0,0.0,0.0,0.0,0.0,0.0,0.0,0.0,0.0,0.0,0.0,2,NORMAL,0.0,2026-01-01T00:02:00+00:00,False
2026-01-01T00:04:05Z,ENG-DATASET-002,MSN-NORMAL-002,DESCENT,3700.0,15.0,0.3286698468389655,0.4213301531610345,2225.1257107708043,406.4447864707293,111.34381838755507,45.80057339104715,311.2562855385402,8.178257500557546,4.662634409406722,14.2,2225.1257107708043,406.4447864707293,111.34381838755507,45.80057339104715,311.2562855385402,8.178257500557546,4.662634409406722,0.0,0.0,0.0,0.0,0.0,0.0,0.0,0.0,0.0,0.0,0.0,0.0,0.0,0.0,2,NORMAL,0.0,2026-01-01T00:02:00+00:00,False
2026-01-01T00:04:06Z,ENG-DATASET-002,MSN-NORMAL-002,DESCENT,3700.0,15.0,0.3314663607676731,0.4185336392323269,2240.5065373786956,408.6375847070311,111.92537616647535,45.79419339979437,312.02532686893477,8.238829563746975,4.208140052571674,14.2,2240.5065373786956,408.6375847070311,111.92537616647535,45.79419339979437,312.02532686893477,8.238829563746975,4.208140052571674,0.0,0.0,0.0,0.0,0.0,0.0,0.0,0.0,0.0,0.0,0.0,0.0,0.0,0.0,2,NORMAL,0.0,2026-01-01T00:02:00+00:00,False
2026-01-01T00:04:07Z,ENG-DATASET-002,MSN-NORMAL-002,DESCENT,3700.0,15.0,0.33455208593786506,0.41544791406213494,2257.478025814751,411.06000831063693,112.50933875759374,45.793699493538774,312.87390129073754,8.305734926448695,3.7406781280230468,14.2,2257.478025814751,411.06000831063693,112.50933875759374,45.793699493538774,312.87390129073754,8.305734926448695,3.7406781280230468,0.0,0.0,0.0,0.0,0.0,0.0,0.0,0.0,0.0,0.0,0.0,0.0,0.0,0.0,2,NORMAL,0.0,2026-01-01T00:02:00+00:00,False
2026-01-01T00:04:08Z,ENG-DATASET-002,MSN-NORMAL-002,DESCENT,3700.0,15.0,0.337878870640308,0.412121129359692,2275.775341678188,413.675028206712,113.10028058700216,45.79929611853785,313.7887670839094,8.377948255260318,3.957299264707223,14.2,2275.775341678188,413.675028206712,113.10028058700216,45.79929611853785,313.7887670839094,8.377948255260318,3.957299264707223,0.0,0.0,0.0,0.0,0.0,0.0,0.0,0.0,0.0,0.0,0.0,0.0,0.0,0.0,2,NORMAL,0.0,2026-01-01T00:02:00+00:00,False
2026-01-01T00:04:09Z,ENG-DATASET-002,MSN-NORMAL-002,DESCENT,3700.0,15.0,0.3413948015123923,0.4086051984876077,2295.1129614746515,416.44251611134723,113.70131543108562,45.8110848107853,314.7556480737326,8.454359115254613,4.577119951878042,14.2,2295.1129614746515,416.44251611134723,113.70131543108562,45.8110848107853,314.7556480737326,8.454359115254613,4.577119951878042,0.0,0.0,0.0,0.0,0.0,0.0,0.0,0.0,0.0,0.0,0.0,0.0,0.0,0.0,2,NORMAL,0.0,2026-01-01T00:02:00+00:00,False
2026-01-01T00:04:10Z,ENG-DATASET-002,MSN-NORMAL-002,DESCENT,3700.0,15.0,0.3450450136287926,0.4049549863712074,2315.189128114853,419.3198284708597,114.31417959974854,45.82906292635818,315.75945640574264,8.533788274467707,4.74327771880911,14.2,2315.189128114853,419.3198284708597,114.31417959974854,45.82906292635818,315.75945640574264,8.533788274467707,4.74327771880911,0.0,0.0,0.0,0.0,0.0,0.0,0.0,0.0,0.0,0.0,0.0,0.0,0.0,0.0,2,NORMAL,0.0,2026-01-01T00:02:00+00:00,False
2026-01-01T00:04:11Z,ENG-DATASET-002,MSN-NORMAL-002,DESCENT,3700.0,15.0,0.34877254665027746,0.40122745334972254,2335.690559733019,422.26243787565164,114.93932258666499,45.8531239848656,316.78452798665097,8.61500528118174,4.2500511922425295,14.2,2335.690559733019,422.26243787565164,114.93932258666499,45.8531239848656,316.78452798665097,8.61500528118174,4.2500511922425295,0.0,0.0,0.0,0.0,0.0,0.0,0.0,0.0,0.0,0.0,0.0,0.0,0.0,0.0,2,NORMAL,0.0,2026-01-01T00:02:00+00:00,False
2026-01-01T00:04:12Z,ENG-DATASET-002,MSN-NORMAL-002,DESCENT,3700.0,15.0,0.3525192336707524,0.3974807663292476,2356.2973383456315,425.22460425382565,115.57600543434413,45.883059621143076,317.81486691728156,8.696747091996327,3.8370876139675474,14.2,2356.2973383456315,425.22460425382565,115.57600543434413,45.883059621143076,317.81486691728156,8.696747091996327,3.8370876139675474,0.0,0.0,0.0,0.0,0.0,0.0,0.0,0.0,0.0,0.0,0.0,0.0,0.0,0.0,2,NORMAL,0.0,2026-01-01T00:02:00+00:00,False
2026-01-01T00:04:13Z,ENG-DATASET-002,MSN-NORMAL-002,DESCENT,3700.0,15.0,0.3562266088923747,0.3937733911076253,2376.6879020645542,428.1600769103383,116.22240681366817,45.918563115220586,318.83439510322773,8.777737497298924,4.1292130969372245,14.2,2376.6879020645542,428.1600769103383,116.22240681366817,45.918563115220586,318.83439510322773,8.777737497298924,4.1292130969372245,0.0,0.0,0.0,0.0,0.0,0.0,0.0,0.0,0.0,0.0,0.0,0.0,0.0,0.0,2,NORMAL,0.0,2026-01-01T00:02:00+00:00,False
2026-01-01T00:04:14Z,ENG-DATASET-002,MSN-NORMAL-002,DESCENT,3700.0,15.0,0.3598368199647748,0.3901631800352252,2396.544062962755,431.022817272308,116.87573656410905,45.95923444594449,319.82720314813776,8.85670706076631,4.740741667178813,14.2,2396.544062962755,431.022817272308,116.87573656410905,45.95923444594449,319.82720314813776,8.85670706076631,4.740741667178813,0.0,0.0,0.0,0.0,0.0,0.0,0.0,0.0,0.0,0.0,0.0,0.0,0.0,0.0,2,NORMAL,0.0,2026-01-01T00:02:00+00:00,False
2026-01-01T00:04:15Z,ENG-DATASET-002,MSN-NORMAL-002,DESCENT,3700.0,15.0,0.3632935307516341,0.3867064692483659,2415.555972290482,433.76773109143136,117.53235618498393,46.00458678983881,320.7777986145241,8.932413262454242,4.827525778643252,14.2,2415.555972290482,433.76773109143136,117.53235618498393,46.00458678983881,320.7777986145241,8.932413262454242,4.827525778643252,0.0,0.0,0.0,0.0,0.0,0.0,0.0,0.0,0.0,0.0,0.0,0.0,0.0,0.0,2,NORMAL,0.0,2026-01-01T00:02:00+00:00,False
2026-01-01T00:04:16Z,ENG-DATASET-002,MSN-NORMAL-002,DESCENT,3700.0,15.0,0.3665428004372507,0.3834571995627493,2433.4269555613723,436.3513979056785,118.1879055141275,46.05405436422119,321.6713477780686,9.003660512446125,4.2958469778783055,14.2,2433.4269555613723,436.3513979056785,118.1879055141275,46.05405436422119,321.6713477780686,9.003660512446125,4.2958469778783055,0.0,0.0,0.0,0.0,0.0,0.0,0.0,0.0,0.0,0.0,0.0,0.0,0.0,0.0,2,NORMAL,0.0,2026-01-01T00:02:00+00:00,False
2026-01-01T00:04:17Z,ENG-DATASET-002,MSN-NORMAL-002,DESCENT,3700.0,15.0,0.3695339252549268,0.3804660747450732,2449.8781420585906,438.7327848400048,118.83743458371487,46.10700149259483,322.49390710292954,9.0693196855147,3.936206311011043,14.2,2449.8781420585906,438.7327848400048,118.83743458371487,46.10700149259483,322.49390710292954,9.0693196855147,3.936206311011043,0.0,0.0,0.0,0.0,0.0,0.0,0.0,0.0,0.0,0.0,0.0,0.0,0.0,0.0,2,NORMAL,0.0,2026-01-01T00:02:00+00:00,False
2026-01-01T00:04:18Z,ENG-DATASET-002,MSN-NORMAL-002,DESCENT,3700.0,15.0,0.3722202297022902,0.3777797702977098,2464.65281651909,440.87393139124663,119.47553941012454,46.16273275124843,323.2326408259545,9.128346818277581,4.290343672482383,14.2,2464.65281651909,440.87393139124663,119.47553941012454,46.16273275124843,323.2326408259545,9.128346818277581,4.290343672482383,0.0,0.0,0.0,0.0,0.0,0.0,0.0,0.0,0.0,0.0,0.0,0.0,0.0,0.0,2,NORMAL,0.0,2026-01-01T00:02:00+00:00,False
2026-01-01T00:04:19Z,ENG-DATASET-002,MSN-NORMAL-002,DESCENT,3700.0,15.0,0.37455979489689756,0.37544020510310244,2477.520425089431,442.7405917485548,120.09650026282596,46.22050403910808,323.87602125447154,9.179800610155366,4.874686870365216,14.2,2477.520425089431,442.7405917485548,120.09650026282596,46.22050403910808,323.87602125447154,9.179800610155366,4.874686870365216,0.0,0.0,0.0,0.0,0.0,0.0,0.0,0.0,0.0,0.0,0.0,0.0,0.0,0.0,2,NORMAL,0.0,2026-01-01T00:02:00+00:00,False
2026-01-01T00:04:20Z,ENG-DATASET-002,MSN-NORMAL-002,DESCENT,3700.0,15.0,0.3765161127063749,0.3734838872936251,2488.280173041556,444.30282148794294,120.69442077374194,46.27953439846334,324.41400865207777,9.222858379012699,4.87278245794146,14.2,2488.280173041556,444.30282148794294,120.69442077374194,46.27953439846334,324.41400865207777,9.222858379012699,4.87278245794146,0.0,0.0,0.0,0.0,0.0,0.0,0.0,0.0,0.0,0.0,0.0,0.0,0.0,0.0,2,NORMAL,0.0,2026-01-01T00:02:00+00:00,False
2026-01-01T00:04:21Z,ENG-DATASET-002,MSN-NORMAL-002,DESCENT,3700.0,15.0,0.37805865544561273,0.37194134455438727,2496.764158107364,445.5354961715315,121.26336610065603,46.339018402457604,324.8382079053682,9.25683014221291,4.304685347748656,14.2,2496.764158107364,445.5354961715315,121.26336610065603,46.339018402457604,324.8382079053682,9.25683014221291,4.304685347748656,0.0,0.0,0.0,0.0,0.0,0.0,0.0,0.0,0.0,0.0,0.0,0.0,0.0,0.0,2,NORMAL,0.0,2026-01-01T00:02:00+00:00,False
2026-01-01T00:04:22Z,ENG-DATASET-002,MSN-NORMAL-002,DESCENT,3700.0,15.0,0.379163352251082,0.370836647748918,2502.8399905374445,446.4187504833848,121.79749825267504,46.39813891637507,325.1419995268722,9.281170524006876,3.9979562527932764,14.2,2502.8399905374445,446.4187504833848,121.79749825267504,46.39813891637507,325.1419995268722,9.281170524006876,3.9979562527932764,0.0,0.0,0.0,0.0,0.0,0.0,0.0,0.0,0.0,0.0,0.0,0.0,0.0,0.0,2,NORMAL,0.0,2026-01-01T00:02:00+00:00,False
2026-01-01T00:04:23Z,ENG-DATASET-002,MSN-NORMAL-002,DESCENT,3700.0,15.0,0.3798129646986088,0.3701870353013912,2506.4128589988422,446.9383280280398,122.29120662810853,46.456080033910155,325.3206429499421,9.295488230254039,4.401822433186538,14.2,2506.4128589988422,446.9383280280398,122.29120662810853,46.456080033910155,325.3206429499421,9.295488230254039,4.401822433186538,0.0,0.0,0.0,0.0,0.0,0.0,0.0,0.0,0.0,0.0,0.0,0.0,0.0,0.0,2,NORMAL,0.0,2026-01-01T00:02:00+00:00,False
2026-01-01T00:04:24Z,ENG-DATASET-002,MSN-NORMAL-002,DESCENT,3700.0,15.0,0.379997355803218,0.370002644196782,2507.4270100741924,447.0858337672746,122.73923180947953,46.51203998686174,325.3713505037096,9.299552880465809,4.943428073227865,14.2,2507.4270100741924,447.0858337672746,122.73923180947953,46.51203998686174,325.3713505037096,9.299552880465809,4.943428073227865,0.0,0.0,0.0,0.0,0.0,0.0,0.0,0.0,0.0,0.0,0.0,0.0,0.0,0.0,2,NORMAL,0.0,2026-01-01T00:02:00+00:00,False
2026-01-01T00:04:25Z,ENG-DATASET-002,MSN-NORMAL-002,DESCENT,3700.0,15.0,0.3797136482033933,0.3702863517966067,2505.8666182751567,446.85888321779714,123.13678070897652,46.565243827097035,325.2933309137578,9.29329904360878,4.848461067362987,14.2,2505.8666182751567,446.85888321779714,123.13678070897652,46.565243827097035,325.2933309137578,9.29329904360878,4.848461067362987,0.0,0.0,0.0,0.0,0.0,0.0,0.0,0.0,0.0,0.0,0.0,0.0,0.0,0.0,2,NORMAL,0.0,2026-01-01T00:02:00+00:00,False
2026-01-01T00:04:26Z,ENG-DATASET-002,MSN-NORMAL-002,DESCENT,3700.0,15.0,0.3789662690613416,0.3710337309386584,2501.7560329938724,446.2611449025078,123.47963126064155,46.61495568317173,325.08780164969363,9.276827386125374,4.250465619199069,14.2,2501.7560329938724,446.2611449025078,123.47963126064155,46.61495568317173,325.08780164969363,9.276827386125374,4.250465619199069,0.0,0.0,0.0,0.0,0.0,0.0,0.0,0.0,0.0,0.0,0.0,0.0,0.0,0.0,2,NORMAL,0.0,2026-01-01T00:02:00+00:00,False
2026-01-01T00:04:27Z,ENG-DATASET-002,MSN-NORMAL-002,DESCENT,3700.0,15.0,0.37776688097860717,0.37223311902139283,2495.159398538833,445.30227505285666,123.76422501089881,46.66049040061888,324.75796992694166,9.250402906019948,3.9995559256115265,14.2,2495.159398538833,445.30227505285666,123.76422501089881,46.66049040061888,324.75796992694166,9.250402906019948,3.9995559256115265,0.0,0.0,0.0,0.0,0.0,0.0,0.0,0.0,0.0,0.0,0.0,0.0,0.0,0.0,2,NORMAL,0.0,2026-01-01T00:02:00+00:00,False
2026-01-01T00:04:28Z,ENG-DATASET-002,MSN-NORMAL-002,DESCENT,3700.0,15.0,0.37613420000507525,0.37386579999492475,2486.1796531844075,443.99774610346185,123.98774616239548,46.70122438452594,324.30898265922036,9.214450293217542,4.444581577038731,14.2,2486.1796531844075,443.99774610346185,123.98774616239548,46.70122438452594,324.30898265922036,9.214450293217542,4.444581577038731,0.0,0.0,0.0,0.0,0.0,0.0,0.0,0.0,0.0,0.0,0.0,0.0,0.0,0.0,2,NORMAL,0.0,2026-01-01T00:02:00+00:00,False
2026-01-01T00:04:29Z,ENG-DATASET-002,MSN-NORMAL-002,DESCENT,3700.0,15.0,0.37409370358127364,0.37590629641872636,2474.956922853499,442.3685730042138,124.14818587126128,46.73660547545664,323.7478461426749,9.169546521273107,4.933505013366452,14.2,2474.956922853499,442.3685730042138,124.14818587126128,46.73660547545664,323.7478461426749,9.169546521273107,4.933505013366452,0.0,0.0,0.0,0.0,0.0,0.0,0.0,0.0,0.0,0.0,0.0,0.0,0.0,0.0,2,NORMAL,0.0,2026-01-01T00:02:00+00:00,False
2026-01-01T00:04:30Z,ENG-DATASET-002,MSN-NORMAL-002,DESCENT,3700.0,15.0,0.371677232971434,0.378322767028566,2461.666334499381,440.44094370471055,124.24439087675292,46.76616170484895,323.08331672496905,9.11641083652055,4.747785491426567,14.2,2461.666334499381,440.44094370471055,124.24439087675292,46.76616170484895,323.08331672496905,9.11641083652055,4.747785491426567,0.0,0.0,0.0,0.0,0.0,0.0,0.0,0.0,0.0,0.0,0.0,0.0,0.0,0.0,2,NORMAL,0.0,2026-01-01T00:02:00+00:00,False
2026-01-01T00:04:31Z,ENG-DATASET-002,MSN-NORMAL-002,DESCENT,3700.0,15.0,0.36892249639121344,0.38107750360878656,2446.515283308168,438.2457622554959,124.27609584546502,46.78950879349581,322.3257641654084,9.055892365758949,4.132096904549086,14.2,2446.515283308168,438.2457622554959,124.27609584546502,46.78950879349581,322.3257641654084,9.055892365758949,4.132096904549086,0.0,0.0,0.0,0.0,0.0,0.0,0.0,0.0,0.0,0.0,0.0,0.0,0.0,0.0,2,NORMAL,0.0,2026-01-01T00:02:00+00:00,False
2026-01-01T00:04:32Z,ENG-DATASET-002,MSN-NORMAL-002,DESCENT,3700.0,15.0,0.36587248058360067,0.38412751941639933,2429.7401963662974,435.8181147487226,124.24393912963659,46.80635627632014,321.48700981831485,8.988955610778069,3.94412342862704,14.2,2429.7401963662974,435.8181147487226,124.24393912963659,46.80635627632014,321.48700981831485,8.988955610778069,3.94412342862704,0.0,0.0,0.0,0.0,0.0,0.0,0.0,0.0,0.0,0.0,0.0,0.0,0.0,0.0,2,NORMAL,0.0,2026-01-01T00:02:00+00:00,False
2026-01-01T00:04:33Z,ENG-DATASET-002,MSN-NORMAL-002,DESCENT,3700.0,15.0,0.3625747800251694,0.3874252199748306,2411.6028432949256,433.196669734049,124.14946196002415,46.81651215808253,320.5801421647463,8.91666413606632,4.426157026280675,14.2,2411.6028432949256,433.196669734049,124.14946196002415,46.81651215808253,320.5801421647463,8.91666413606632,4.426157026280675,0.0,0.0,0.0,0.0,0.0,0.0,0.0,0.0,0.0,0.0,0.0,0.0,0.0,0.0,2,NORMAL,0.0,2026-01-01T00:02:00+00:00,False
2026-01-01T00:04:34Z,ENG-DATASET-002,MSN-NORMAL-002,DESCENT,3700.0,15.0,0.35908085423018943,0.39091914576981057,2392.3862514225357,430.4230257605841,123.99509140803634,46.81988602757629,319.6193125711268,8.840162784057775,4.858393186583378,14.2,2392.3862514225357,430.4230257605841,123.99509140803634,46.81988602757629,319.6193125711268,8.840162784057775,4.858393186583378,0.0,0.0,0.0,0.0,0.0,0.0,0.0,0.0,0.0,0.0,0.0,0.0,0.0,0.0,2,NORMAL,0.0,2026-01-01T00:02:00+00:00,False
2026-01-01T00:04:35Z,ENG-DATASET-002,MSN-NORMAL-002,DESCENT,3700.0,15.0,0.35544522474211765,0.39455477525788235,2372.390289238141,427.54101930066025,123.78410774974921,46.8164905819106,318.61951446190704,8.760658769919893,4.590633066710125,14.2,2372.390289238141,427.54101930066025,123.78410774974921,46.8164905819106,318.61951446190704,8.760658769919893,4.590633066710125,0.0,0.0,0.0,0.0,0.0,0.0,0.0,0.0,0.0,0.0,0.0,0.0,0.0,0.0,2,NORMAL,0.0,2026-01-01T00:02:00+00:00,False
2026-01-01T00:04:36Z,ENG-DATASET-002,MSN-NORMAL-002,DESCENT,3700.0,15.0,0.3517246243431477,0.3982753756568523,2351.9269870438056,424.59600651488387,123.52059713764639,46.806441537285096,317.59634935219026,8.679402015325342,3.9742904087054614,14.2,2351.9269870438056,424.59600651488387,123.52059713764639,46.806441537285096,317.59634935219026,8.679402015325342,3.9742904087054614,0.0,0.0,0.0,0.0,0.0,0.0,0.0,0.0,0.0,0.0,0.0,0.0,0.0,0.0,2,NORMAL,0.0,2026-01-01T00:02:00+00:00,False
2026-01-01T00:04:37Z,ENG-DATASET-002,MSN-NORMAL-002,DESCENT,3700.0,15.0,0.34797711175811846,0.40202288824188154,2331.3156678261453,421.6341321478676,123.20939072757844,46.789955927829595,316.56578339130726,8.59766507851891,3.8594321003992906,14.2,2331.3156678261453,421.6341321478676,123.20939072757844,46.789955927829595,316.56578339130726,8.59766507851891,3.8594321003992906,0.0,0.0,0.0,0.0,0.0,0.0,0.0,0.0,0.0,0.0,0.0,0.0,0.0,0.0,2,NORMAL,0.0,2026-01-01T00:02:00+00:00,False
2026-01-01T00:04:38Z,ENG-DATASET-002,MSN-NORMAL-002,DESCENT,3700.0,15.0,0.34426116566753134,0.40573883433246866,2310.8779643279163,418.7015983435272,122.85599161340878,46.76734881922935,315.5438982163958,8.516723027300284,4.377422270462751,14.2,2310.8779643279163,418.7015983435272,122.85599161340878,46.76734881922935,315.5438982163958,8.516723027300284,4.377422270462751,0.0,0.0,0.0,0.0,0.0,0.0,0.0,0.0,0.0,0.0,0.0,0.0,0.0,0.0,2,NORMAL,0.0,2026-01-01T00:02:00+00:00,False
2026-01-01T00:04:39Z,ENG-DATASET-002,MSN-NORMAL-002,LANDING,2000.0,15.0,0.24063477216729953,0.5593652278327005,1709.481968204201,382.64929938671133,121.63662493673569,46.72430600245074,285.47409841021005,7.57464978230557,4.181061782668712,14.2,1709.481968204201,382.64929938671133,121.63662493673569,46.72430600245074,285.47409841021005,7.57464978230557,4.181061782668712,0.0,0.0,0.0,0.0,0.0,0.0,0.0,0.0,0.0,0.0,0.0,0.0,0.0,0.0,2,NORMAL,0.0,2026-01-01T00:02:00+00:00,False
2026-01-01T00:04:40Z,ENG-DATASET-002,MSN-NORMAL-002,LANDING,2000.0,15.0,0.23715451991511546,0.5628454800848846,1690.3405808171885,379.5172371771745,120.46089337249148,46.67573437281789,284.5170290408594,7.485342997610061,3.8441631964177914,14.2,1690.3405808171885,379.5172371771745,120.46089337249148,46.67573437281789,284.5170290408594,7.485342997610061,3.8441631964177914,0.0,0.0,0.0,0.0,0.0,0.0,0.0,0.0,0.0,0.0,0.0,0.0,0.0,0.0,2,NORMAL,0.0,2026-01-01T00:02:00+00:00,False
2026-01-01T00:04:41Z,ENG-DATASET-002,MSN-NORMAL-002,LANDING,2000.0,15.0,0.233874717083374,0.566125282916626,1672.3016652426104,376.56942662404924,119.32903970084357,46.622272685804234,283.6150832621305,7.4012779381146565,3.2463931303152456,14.2,1672.3016652426104,376.56942662404924,119.32903970084357,46.622272685804234,283.6150832621305,7.4012779381146565,3.2463931303152456,0.0,0.0,0.0,0.0,0.0,0.0,0.0,0.0,0.0,0.0,0.0,0.0,0.0,0.0,2,NORMAL,0.0,2026-01-01T00:02:00+00:00,False
2026-01-01T00:04:42Z,ENG-DATASET-002,MSN-NORMAL-002,LANDING,2000.0,15.0,0.230846543898306,0.569153456101694,1655.646712724736,373.85109200596094,118.24241303090824,46.56464077213556,282.7823356362368,7.323746711546293,3.215113981362302,14.2,1655.646712724736,373.85109200596094,118.24241303090824,46.56464077213556,282.7823356362368,7.323746711546293,3.215113981362302,0.0,0.0,0.0,0.0,0.0,0.0,0.0,0.0,0.0,0.0,0.0,0.0,0.0,0.0,2,NORMAL,0.0,2026-01-01T00:02:00+00:00,False
2026-01-01T00:04:43Z,ENG-DATASET-002,MSN-NORMAL-002,LANDING,2000.0,15.0,0.2281172539896657,0.5718827460103344,1640.635618227215,371.40378383595635,117.20326632371632,46.503628114370635,282.0317809113608,7.253937107692027,3.7683190221300893,14.2,1640.635618227215,371.40378383595635,117.20326632371632,46.503628114370635,282.0317809113608,7.253937107692027,3.7683190221300893,0.0,0.0,0.0,0.0,0.0,0.0,0.0,0.0,0.0,0.0,0.0,0.0,0.0,0.0,2,NORMAL,0.0,2026-01-01T00:02:00+00:00,False
2026-01-01T00:04:44Z,ENG-DATASET-002,MSN-NORMAL-002,LANDING,2000.0,15.0,0.22572943701364281,0.5742705629863573,1627.5026248590887,369.2647842268881,116.21455929701689,46.44008134421626,281.37513124295447,7.192915428953701,4.089272388576235,14.2,1627.5026248590887,369.2647842268881,116.21455929701689,46.44008134421626,281.37513124295447,7.192915428953701,4.089272388576235,0.0,0.0,0.0,0.0,0.0,0.0,0.0,0.0,0.0,0.0,0.0,0.0,0.0,0.0,2,NORMAL,0.0,2026-01-01T00:02:00+00:00,False
2026-01-01T00:04:45Z,ENG-DATASET-002,MSN-NORMAL-002,LANDING,2000.0,15.0,0.2237203540555221,0.576279645944478,1616.4526685894252,367.4665810661767,115.27976789396962,46.37489085537197,280.82263342947124,7.141611272631969,3.6970038513807912,14.2,1616.4526685894252,367.4665810661767,115.27976789396962,46.37489085537197,280.82263342947124,7.141611272631969,3.6970038513807912,0.0,0.0,0.0,0.0,0.0,0.0,0.0,0.0,0.0,0.0,0.0,0.0,0.0,0.0,2,NORMAL,0.0,2026-01-01T00:02:00+00:00,False
2026-01-01T00:04:46Z,ENG-DATASET-002,MSN-NORMAL-002,LANDING,2000.0,15.0,0.22212135618290982,0.5778786438170902,1607.6581802900573,366.03641579101577,114.40270149934805,46.308976740513515,280.38290901450284,7.1008044156571115,3.1357131518154975,14.2,1607.6581802900573,366.03641579101577,114.40270149934805,46.308976740513515,280.38290901450284,7.1008044156571115,3.1357131518154975,0.0,0.0,0.0,0.0,0.0,0.0,0.0,0.0,0.0,0.0,0.0,0.0,0.0,0.0,2,NORMAL,0.0,2026-01-01T00:02:00+00:00,False
2026-01-01T00:04:47Z,ENG-DATASET-002,MSN-NORMAL-002,LANDING,2000.0,15.0,0.22095739522280947,0.5790426047771906,1601.2563950095055,364.9959085043979,113.5873290620232,46.24327427158252,280.0628197504753,7.07111392216147,3.195385961873015,14.2,1601.2563950095055,364.9959085043979,113.5873290620232,46.24327427158252,280.0628197504753,7.07111392216147,3.195385961873015,0.0,0.0,0.0,0.0,0.0,0.0,0.0,0.0,0.0,0.0,0.0,0.0,0.0,0.0,2,NORMAL,0.0,2026-01-01T00:02:00+00:00,False
2026-01-01T00:04:48Z,ENG-DATASET-002,MSN-NORMAL-002,LANDING,2000.0,15.0,0.22024663439670653,0.5797533656032935,1597.3472104659397,364.36076325749053,112.83761523725815,46.17871914968772,279.867360523297,7.052989567021593,3.7802216553703323,14.2,1597.3472104659397,364.36076325749053,112.83761523725815,46.17871914968772,279.867360523297,7.052989567021593,3.7802216553703323,0.0,0.0,0.0,0.0,0.0,0.0,0.0,0.0,0.0,0.0,0.0,0.0,0.0,0.0,2,NORMAL,0.0,2026-01-01T00:02:00+00:00,False
2026-01-01T00:04:49Z,ENG-DATASET-002,MSN-NORMAL-002,LANDING,2000.0,15.0,0.22000016488957225,0.5799998351104277,1595.991628176701,364.14055553969973,112.15736760202483,46.11623275452885,279.799581408835,7.046705644218224,4.046045396417225,14.2,1595.991628176701,364.14055553969973,112.15736760202483,46.11623275452885,279.799581408835,7.046705644218224,4.046045396417225,0.0,0.0,0.0,0.0,0.0,0.0,0.0,0.0,0.0,0.0,0.0,0.0,0.0,0.0,2,NORMAL,0.0,2026-01-01T00:02:00+00:00,False
2026-01-01T00:04:50Z,ENG-DATASET-002,MSN-NORMAL-002,LANDING,2000.0,15.0,0.22022183277563162,0.5797781672243685,1597.2108015500273,364.33860334784845,111.55009592551856,46.05670762327229,279.86054007750135,7.052357207220869,3.609835084699427,14.2,1597.2108015500273,364.33860334784845,111.55009592551856,46.05670762327229,279.86054007750135,7.052357207220869,3.609835084699427,0.0,0.0,0.0,0.0,0.0,0.0,0.0,0.0,0.0,0.0,0.0,0.0,0.0,0.0,2,NORMAL,0.0,2026-01-01T00:02:00+00:00,False
2026-01-01T00:04:51Z,ENG-DATASET-002,MSN-NORMAL-002,LANDING,2000.0,15.0,0.2209081790016614,0.5790918209983387,1600.985705793191,364.9519226248005,111.01888439858672,46.00099338523688,280.04928528965957,7.069858769026183,3.0985018474961166,14.2,1600.985705793191,364.9519226248005,111.01888439858672,46.00099338523688,280.04928528965957,7.069858769026183,3.0985018474961166,0.0,0.0,0.0,0.0,0.0,0.0,0.0,0.0,0.0,0.0,0.0,0.0,0.0,0.0,2,NORMAL,0.0,2026-01-01T00:02:00+00:00,False
2026-01-01T00:04:52Z,ENG-DATASET-002,MSN-NORMAL-002,LANDING,2000.0,15.0,0.22204849336435883,0.5779515066356412,1607.257434788027,365.9712673332931,110.56627764206037,45.94988337164518,280.3628717394014,7.098945471220201,3.2506991102577394,14.2,1607.257434788027,365.9712673332931,110.56627764206037,45.94988337164518,280.3628717394014,7.098945471220201,3.2506991102577394,0.0,0.0,0.0,0.0,0.0,0.0,0.0,0.0,0.0,0.0,0.0,0.0,0.0,0.0,2,NORMAL,0.0,2026-01-01T00:02:00+00:00,False
2026-01-01T00:04:53Z,ENG-DATASET-002,MSN-NORMAL-002,LANDING,2000.0,15.0,0.22362498163948205,0.576375018360518,1615.9281203012047,367.3812539261516,110.19418122600813,45.90410210917032,280.79640601506026,7.139176713642163,3.8584769786432482,14.2,1615.9281203012047,367.3812539261516,110.19418122600813,45.90410210917032,280.79640601506026,7.139176713642163,3.8584769786432482,0.0,0.0,0.0,0.0,0.0,0.0,0.0,0.0,0.0,0.0,0.0,0.0,0.0,0.0,2,NORMAL,0.0,2026-01-01T00:02:00+00:00,False
2026-01-01T00:04:54Z,ENG-DATASET-002,MSN-NORMAL-002,LANDING,2000.0,15.0,0.22561304325476791,0.5743869567452321,1626.8624591852772,369.1605694514941,109.90377733969467,45.8642938922263,281.34312295926384,7.189942218015314,4.065049386220368,14.2,1626.8624591852772,369.1605694514941,109.90377733969467,45.8642938922263,281.34312295926384,7.189942218015314,4.065049386220368,0.0,0.0,0.0,0.0,0.0,0.0,0.0,0.0,0.0,0.0,0.0,0.0,0.0,0.0,2,NORMAL,0.0,2026-01-01T00:02:00+00:00,False
2026-01-01T00:04:55Z,ENG-DATASET-002,MSN-NORMAL-002,LANDING,2000.0,15.0,0.22798165517363428,0.5720183448263658,1639.889824739042,371.28226195429147,109.69545615458249,45.83101261212435,281.9944912369521,7.250470479422224,3.592072731443902,14.2,1639.889824739042,371.28226195429147,109.69545615458249,45.83101261212435,281.9944912369521,7.250470479422224,3.592072731443902,0.0,0.0,0.0,0.0,0.0,0.0,0.0,0.0,0.0,0.0,0.0,0.0,0.0,0.0,2,NORMAL,0.0,2026-01-01T00:02:00+00:00,False
2026-01-01T00:04:56Z,ENG-DATASET-002,MSN-NORMAL-002,LANDING,2000.0,15.0,0.23069385599929002,0.56930614400071,1654.8069292801486,373.7141111711734,109.56876331840357,45.80471300161325,282.7403464640074,7.319839537986881,3.138147210570962,14.2,1654.8069292801486,373.7141111711734,109.56876331840357,45.80471300161325,282.7403464640074,7.319839537986881,3.138147210570962,0.0,0.0,0.0,0.0,0.0,0.0,0.0,0.0,0.0,0.0,0.0,0.0,0.0,0.0,2,NORMAL,0.0,2026-01-01T00:02:00+00:00,False
2026-01-01T00:04:57Z,ENG-DATASET-002,MSN-NORMAL-002,LANDING,2000.0,15.0,0.23370732274496983,0.5662926772550302,1671.3809963813878,376.41907673772295,109.52236390500629,45.78574343124277,283.5690498190694,7.396989978996268,3.377621986253881,14.2,1671.3809963813878,376.41907673772295,109.52236390500629,45.78574343124277,283.5690498190694,7.396989978996268,3.377621986253881,0.0,0.0,0.0,0.0,0.0,0.0,0.0,0.0,0.0,0.0,0.0,0.0,0.0,0.0,2,NORMAL,0.0,2026-01-01T00:02:00+00:00,False
2026-01-01T00:04:58Z,ENG-DATASET-002,MSN-NORMAL-002,LANDING,2000.0,15.0,0.2369750312699874,0.5630249687300126,1689.3533932689845,379.35582021983697,109.55402302000158,45.774340369780894,284.4676696634492,7.480740042590636,3.9940967349993413,14.2,1689.3533932689845,379.35582021983697,109.55402302000158,45.774340369780894,284.4676696634492,7.480740042590636,3.9940967349993413,0.0,0.0,0.0,0.0,0.0,0.0,0.0,0.0,0.0,0.0,0.0,0.0,0.0,0.0,2,NORMAL,0.0,2026-01-01T00:02:00+00:00,False
2026-01-01T00:04:59Z,ENG-DATASET-002,MSN-NORMAL-002,LANDING,2000.0,15.0,0.24044599007572326,0.5595540099242767,1708.4436667005314,382.479296237174,109.66060312393077,45.77062459495611,285.4221833350266,7.569802693987839,4.133304201266038,14.2,1708.4436667005314,382.479296237174,109.66060312393077,45.77062459495611,285.4221833350266,7.569802693987839,4.133304201266038,0.0,0.0,0.0,0.0,0.0,0.0,0.0,0.0,0.0,0.0,0.0,0.0,0.0,0.0,2,NORMAL,0.0,2026-01-01T00:02:00+00:00,False
2026-01-01T00:05:00Z,ENG-DATASET-002,MSN-NORMAL-002,TAKEOFF,2000.0,15.0,0.8940660360109062,0.7559339639890938,5178.353919344037,1099.8380403230901,127.69049381961494,47.632932546822616,458.9176959672019,25.031717329511117,9.201546459118754,14.2,5178.353919344037,1099.8380403230901,127.69049381961494,47.632932546822616,458.9176959672019,25.031717329511117,9.201546459118754,0.0,0.0,0.0,0.0,0.0,0.0,0.0,0.0,0.0,0.0,0.0,0.0,0.0,0.0,2,NORMAL,0.0,2026-01-01T00:02:00+00:00,False
2026-01-01T00:00:01Z,ENG-DATASET-003,MSN-NORMAL-003,TAKEOFF,500.0,10.0,0.9037402420015569,0.7462597579984431,5283.09261046026,1115.5329722968067,46.88832430742017,18.387488926357058,464.15463052301305,31.171182376542873,9.536865453801068,14.2,5283.09261046026,1115.5329722968067,46.88832430742017,18.387488926357058,464.15463052301305,31.171182376542873,9.536865453801068,0.0,0.0,0.0,0.0,0.0,0.0,0.0,0.0,0.0,0.0,0.0,0.0,0.0,0.0,3,NORMAL,0.0,2026-01-01T00:02:00+00:00,False
2026-01-01T00:00:02Z,ENG-DATASET-003,MSN-NORMAL-003,TAKEOFF,500.0,10.0,0.9074221187776357,0.7425778812223643,5303.342932728694,1119.6894851102556,71.19172900443455,21.64824466893621,465.1671466364347,31.312389725115096,9.008608306799909,14.2,5303.342932728694,1119.6894851102556,71.19172900443455,21.64824466893621,465.1671466364347,31.312389725115096,9.008608306799909,0.0,0.0,0.0,0.0,0.0,0.0,0.0,0.0,0.0,0.0,0.0,0.0,0.0,0.0,3,NORMAL,0.0,2026-01-01T00:02:00+00:00,False
2026-01-01T00:00:03Z,ENG-DATASET-003,MSN-NORMAL-003,TAKEOFF,500.0,10.0,0.9109881758725814,0.7390118241274186,5322.956246750895,1123.721290695219,93.16558837137157,24.78706079394302,466.14781233754474,31.449342223298576,9.097915438512377,14.2,5322.956246750895,1123.721290695219,93.16558837137157,24.78706079394302,466.14781233754474,31.449342223298576,9.097915438512377,0.0,0.0,0.0,0.0,0.0,0.0,0.0,0.0,0.0,0.0,0.0,0.0,0.0,0.0,3,NORMAL,0.0,2026-01-01T00:02:00+00:00,False
2026-01-01T00:00:04Z,ENG-DATASET-003,MSN-NORMAL-003,TAKEOFF,500.0,10.0,0.9143827661581261,0.7356172338418739,5341.626493321391,1127.5647703422144,113.03814879278977,27.808406631772282,467.0813246660695,31.57988098829462,9.70842217260372,14.2,5341.626493321391,1127.5647703422144,113.03814879278977,27.808406631772282,467.0813246660695,31.57988098829462,9.70842217260372,0.0,0.0,0.0,0.0,0.0,0.0,0.0,0.0,0.0,0.0,0.0,0.0,0.0,0.0,3,NORMAL,0.0,2026-01-01T00:02:00+00:00,False
2026-01-01T00:00:05Z,ENG-DATASET-003,MSN-NORMAL-003,TAKEOFF,500.0,10.0,0.9175529181882139,0.7324470818117861,5359.062329486874,1131.159017549825,131.0133093522564,30.716446617112393,467.9531164743437,31.701940208175117,9.995535235548072,14.2,5359.062329486874,1131.159017549825,131.0133093522564,30.716446617112393,467.9531164743437,31.701940208175117,9.995535235548072,0.0,0.0,0.0,0.0,0.0,0.0,0.0,0.0,0.0,0.0,0.0,0.0,0.0,0.0,3,NORMAL,0.0,2026-01-01T00:02:00+00:00,False
2026-01-01T00:00:06Z,ENG-DATASET-003,MSN-NORMAL-003,TAKEOFF,500.0,10.0,0.9204491628007,0.7295508371993,5374.991674855547,1134.4468460067783,147.27314956720022,33.51506082354482,468.74958374277736,31.81358115991774,9.575991804225273,14.2,5374.991674855547,1134.4468460067783,147.27314956720022,33.51506082354482,468.74958374277736,31.81358115991774,9.575991804225273,0.0,0.0,0.0,0.0,0.0,0.0,0.0,0.0,0.0,0.0,0.0,0.0,0.0,0.0,3,NORMAL,0.0,2026-01-01T00:02:00+00:00,False
2026-01-01T00:00:07Z,ENG-DATASET-003,MSN-NORMAL-003,TAKEOFF,500.0,10.0,0.9230263050670808,0.7269736949329192,5389.165957320642,1137.375750421596,161.9802283710201,36.207866514735144,469.45829786603207,31.913024581680613,9.076512678927147,14.2,5389.165957320642,1137.375750421596,161.9802283710201,36.207866514735144,469.45829786603207,31.913024581680613,9.076512678927147,0.0,0.0,0.0,0.0,0.0,0.0,0.0,0.0,0.0,0.0,0.0,0.0,0.0,0.0,3,NORMAL,0.0,2026-01-01T00:02:00+00:00,False
2026-01-01T00:00:08Z,ENG-DATASET-003,MSN-NORMAL-003,TAKEOFF,500.0,10.0,0.925244129544237,0.7247558704557631,5401.363991945001,1139.8988009365266,175.27967555733125,38.79824051274727,470.06819959725004,31.998680761979283,9.235514388915414,14.2,5401.363991945001,1139.8988009365266,175.27967555733125,38.79824051274727,470.06819959725004,31.998680761979283,9.235514388915414,0.0,0.0,0.0,0.0,0.0,0.0,0.0,0.0,0.0,0.0,0.0,0.0,0.0,0.0,3,NORMAL,0.0,2026-01-01T00:02:00+00:00,False
2026-01-01T00:00:09Z,ENG-DATASET-003,MSN-NORMAL-003,TAKEOFF,500.0,10.0,0.9270680278229729,0.7229319721770271,5411.395432478048,1141.975452433303,187.3010943124307,41.289342165788284,470.5697716239024,32.06917672964342,9.844841650988792,14.2,5411.395432478048,1141.975452433303,187.3010943124307,41.289342165788284,470.5697716239024,32.06917672964342,9.844841650988792,0.0,0.0,0.0,0.0,0.0,0.0,0.0,0.0,0.0,0.0,0.0,0.0,0.0,0.0,3,NORMAL,0.0,2026-01-01T00:02:00+00:00,False
2026-01-01T00:00:10Z,ENG-DATASET-003,MSN-NORMAL-003,TAKEOFF,500.0,10.0,0.9284695385806676,0.7215304614193324,5419.103741645369,1143.5722512042582,198.16029116129408,43.68413668308312,470.9551870822685,32.1233799686546,10.047679854714854,14.2,5419.103741645369,1143.5722512042582,198.16029116129408,43.68413668308312,470.9551870822685,32.1233799686546,10.047679854714854,0.0,0.0,0.0,0.0,0.0,0.0,0.0,0.0,0.0,0.0,0.0,0.0,0.0,0.0,3,NORMAL,0.0,2026-01-01T00:02:00+00:00,False
2026-01-01T00:00:11Z,ENG-DATASET-003,MSN-NORMAL-003,TAKEOFF,500.0,10.0,0.9294267917106946,0.7205732082893054,5424.3686338605185,1144.6634232218898,207.96084762571192,45.98541859380527,471.21843169302593,32.1604181410845,9.565840400219008,14.2,5424.3686338605185,1144.6634232218898,207.96084762571192,45.98541859380527,471.21843169302593,32.1604181410845,9.565840400219008,0.0,0.0,0.0,0.0,0.0,0.0,0.0,0.0,0.0,0.0,0.0,0.0,0.0,0.0,3,NORMAL,0.0,2026-01-01T00:02:00+00:00,False
2026-01-01T00:00:12Z,ENG-DATASET-003,MSN-NORMAL-003,TAKEOFF,500.0,10.0,0.9299248495981216,0.7200751504018784,5427.107952241366,1145.2313305598898,216.79554612713798,48.19583508021146,471.3553976120683,32.1796943782664,9.098121028679241,14.2,5427.107952241366,1145.2313305598898,216.79554612713798,48.19583508021146,471.3553976120683,32.1796943782664,9.098121028679241,0.0,0.0,0.0,0.0,0.0,0.0,0.0,0.0,0.0,0.0,0.0,0.0,0.0,0.0,3,NORMAL,0.0,2026-01-01T00:02:00+00:00,False
2026-01-01T00:00:13Z,ENG-DATASET-003,MSN-NORMAL-003,TAKEOFF,500.0,10.0,0.929955940216195,0.720044059783805,5427.27895064077,1145.2667853348885,224.7476611477964,50.31790893244253,471.3639475320385,32.18089779297805,9.319023031011373,14.2,5427.27895064077,1145.2667853348885,224.7476611477964,50.31790893244253,471.3639475320385,32.18089779297805,9.319023031011373,0.0,0.0,0.0,0.0,0.0,0.0,0.0,0.0,0.0,0.0,0.0,0.0,0.0,0.0,3,NORMAL,0.0,2026-01-01T00:02:00+00:00,False
2026-01-01T00:00:14Z,ENG-DATASET-003,MSN-NORMAL-003,TAKEOFF,500.0,10.0,0.9295195784062181,0.7204804215937819,5424.878960685897,1144.7692137579122,231.89212537696457,52.354060873893935,471.2439480342949,32.16400897083325,9.912340852136293,14.2,5424.878960685897,1144.7692137579122,231.89212537696457,52.354060873893935,471.2439480342949,32.16400897083325,9.912340852136293,0.0,0.0,0.0,0.0,0.0,0.0,0.0,0.0,0.0,0.0,0.0,0.0,0.0,0.0,3,NORMAL,0.0,2026-01-01T00:02:00+00:00,False
2026-01-01T00:00:15Z,ENG-DATASET-003,MSN-NORMAL-003,TAKEOFF,500.0,10.0,0.9286225734482908,0.7213774265517092,5419.945433417297,1143.7466663911705,238.29657949904737,54.306631011596984,470.99727167086485,32.1293003135728,10.024177786617608,14.2,5419.945433417297,1143.7466663911705,238.29657949904737,54.306631011596984,470.99727167086485,32.1293003135728,10.024177786617608,0.0,0.0,0.0,0.0,0.0,0.0,0.0,0.0,0.0,0.0,0.0,0.0,0.0,0.0,3,NORMAL,0.0,2026-01-01T00:02:00+00:00,False
2026-01-01T00:00:16Z,ENG-DATASET-003,MSN-NORMAL-003,TAKEOFF,500.0,10.0,0.9272789228047704,0.7227210771952296,5412.555354877935,1142.2156743653497,244.02231340827637,56.177899175593055,470.62776774389675,32.07733122627391,9.4863632859935,14.2,5412.555354877935,1142.2156743653497,244.02231340827637,56.177899175593055,470.62776774389675,32.07733122627391,9.4863632859935,0.0,0.0,0.0,0.0,0.0,0.0,0.0,0.0,0.0,0.0,0.0,0.0,0.0,0.0,3,NORMAL,0.0,2026-01-01T00:02:00+00:00,False
2026-01-01T00:00:17Z,ENG-DATASET-003,MSN-NORMAL-003,TAKEOFF,500.0,10.0,0.9255095936945535,0.7244904063054465,5402.824044771742,1140.2009549817576,249.12510594199267,57.97010392467162,470.1412022385871,32.00893826012877,9.057510776320086,14.2,5402.824044771742,1140.2009549817576,249.12510594199267,57.97010392467162,470.1412022385871,32.00893826012877,9.057510776320086,0.0,0.0,0.0,0.0,0.0,0.0,0.0,0.0,0.0,0.0,0.0,0.0,0.0,0.0,3,NORMAL,0.0,2026-01-01T00:02:00+00:00,False
2026-01-01T00:00:18Z,ENG-DATASET-003,MSN-NORMAL-003,TAKEOFF,500.0,10.0,0.9233421959066377,0.7266578040933623,5390.9033569382045,1137.734973658602,253.65596968925846,59.68546001286343,469.54516784691026,31.925220437831772,9.336356391004616,14.2,5390.9033569382045,1137.734973658602,253.65596968925846,59.68546001286343,469.54516784691026,31.925220437831772,9.336356391004616,0.0,0.0,0.0,0.0,0.0,0.0,0.0,0.0,0.0,0.0,0.0,0.0,0.0,0.0,3,NORMAL,0.0,2026-01-01T00:02:00+00:00,False
2026-01-01T00:00:19Z,ENG-DATASET-003,MSN-NORMAL-003,TAKEOFF,500.0,10.0,0.9208105509585982,0.7291894490414018,5376.979309723988,1134.8573724456687,257.6618070314743,61.32617413146081,468.8489654861994,31.827520095465513,9.904208835666534,14.2,5376.979309723988,1134.8573724456687,257.6618070314743,61.32617413146081,468.8489654861994,31.827520095465513,9.904208835666534,0.0,0.0,0.0,0.0,0.0,0.0,0.0,0.0,0.0,0.0,0.0,0.0,0.0,0.0,3,NORMAL,0.0,2026-01-01T00:02:00+00:00,False
2026-01-01T00:00:20Z,ENG-DATASET-003,MSN-NORMAL-003,TAKEOFF,500.0,10.0,0.9179541643231187,0.7320458356768813,5361.26918322885,1131.6142782073669,261.18598328351106,62.89445876475363,468.0634591614425,31.71739966930449,9.925097748517373,14.2,5361.26918322885,1131.6142782073669,261.18598328351106,62.89445876475363,468.0634591614425,31.71739966930449,9.925097748517373,0.0,0.0,0.0,0.0,0.0,0.0,0.0,0.0,0.0,0.0,0.0,0.0,0.0,0.0,3,NORMAL,0.0,2026-01-01T00:02:00+00:00,False
2026-01-01T00:00:21Z,ENG-DATASET-003,MSN-NORMAL-003,TAKEOFF,500.0,10.0,0.9148176089583027,0.7351823910416974,5344.018128722362,1128.0575059642908,264.26882260426726,64.39254402375089,467.20090643611815,31.596614935096966,9.343797952186902,14.2,5344.018128722362,1128.0575059642908,264.26882260426726,64.39254402375089,467.20090643611815,31.596614935096966,9.343797952186902,0.0,0.0,0.0,0.0,0.0,0.0,0.0,0.0,0.0,0.0,0.0,0.0,0.0,0.0,3,NORMAL,0.0,2026-01-01T00:02:00+00:00,False
2026-01-01T00:00:22Z,ENG-DATASET-003,MSN-NORMAL-003,TAKEOFF,500.0,10.0,0.91144982976157,0.7385501702384301,5325.495343140332,1124.2436747199438,266.9480322118391,65.82268735049128,466.2747671570166,31.4670852689494,8.965343988482001,14.2,5325.495343140332,1124.2436747199438,266.9480322118391,65.82268735049128,466.2747671570166,31.4670852689494,8.965343988482001,0.0,0.0,0.0,0.0,0.0,0.0,0.0,0.0,0.0,0.0,0.0,0.0,0.0,0.0,3,NORMAL,0.0,2026-01-01T00:02:00+00:00,False
2026-01-01T00:00:23Z,ENG-DATASET-003,MSN-NORMAL-003,TAKEOFF,500.0,10.0,0.9079033798009026,0.7420966201990974,5305.989868356662,1120.2332543448642,269.2590603492768,67.18718101568427,465.2994934178331,31.33086154169872,9.302110239733482,14.2,5305.989868356662,1120.2332543448642,269.2590603492768,67.18718101568427,465.2994934178331,31.33086154169872,9.302110239733482,0.0,0.0,0.0,0.0,0.0,0.0,0.0,0.0,0.0,0.0,0.0,0.0,0.0,0.0,3,NORMAL,0.0,2026-01-01T00:02:00+00:00,False
2026-01-01T00:00:24Z,ENG-DATASET-003,MSN-NORMAL-003,TAKEOFF,500.0,10.0,0.904233600241796,0.745766399758204,5285.8060807815755,1116.0895627392008,271.23539338282916,68.48835736389071,464.29030403907876,31.19009228236743,9.840210084685879,14.2,5285.8060807815755,1116.0895627392008,271.23539338282916,68.48835736389071,464.29030403907876,31.19009228236743,9.840210084685879,0.0,0.0,0.0,0.0,0.0,0.0,0.0,0.0,0.0,0.0,0.0,0.0,0.0,0.0,3,NORMAL,0.0,2026-01-01T00:02:00+00:00,False
2026-01-01T00:00:25Z,ENG-DATASET-003,MSN-NORMAL-003,TAKEOFF,500.0,10.0,0.9004977567668805,0.7495022432331195,5265.25894166954,1111.877732570793,272.90879735881606,69.72859179275244,463.262947083477,31.046988751641205,9.776218876619051,14.2,5265.25894166954,1111.877732570793,272.90879735881606,69.72859179275244,463.262947083477,31.046988751641205,9.776218876619051,0.0,0.0,0.0,0.0,0.0,0.0,0.0,0.0,0.0,0.0,0.0,0.0,0.0,0.0,3,NORMAL,0.0,2026-01-01T00:02:00+00:00,False
2026-01-01T00:00:26Z,ENG-DATASET-003,MSN-NORMAL-003,TAKEOFF,500.0,10.0,0.8967541459640967,0.7532458540359033,5244.66908225423,1107.6636664390426,274.30950928391053,70.91030348540545,462.2334541127115,30.903789554790286,9.16872803910154,14.2,5244.66908225423,1107.6636664390426,274.30950928391053,70.91030348540545,462.2334541127115,30.903789554790286,9.16872803910154,0.0,0.0,0.0,0.0,0.0,0.0,0.0,0.0,0.0,0.0,0.0,0.0,0.0,0.0,3,NORMAL,0.0,2026-01-01T00:02:00+00:00,False
2026-01-01T00:00:27Z,ENG-DATASET-003,MSN-NORMAL-003,TAKEOFF,500.0,10.0,0.8930611856279393,0.7569388143720607,5224.357800405363,1103.512998416575,275.46638331593385,72.0359539476472,461.21789002026816,30.76272539724411,8.854918876383973,14.2,5224.357800405363,1103.512998416575,275.46638331593385,72.0359539476472,461.21789002026816,30.76272539724411,8.854918876383973,0.0,0.0,0.0,0.0,0.0,0.0,0.0,0.0,0.0,0.0,0.0,0.0,0.0,0.0,3,NORMAL,0.0,2026-01-01T00:02:00+00:00,False
2026-01-01T00:00:28Z,ENG-DATASET-003,MSN-NORMAL-003,TAKEOFF,500.0,10.0,0.8894765031693115,0.7605234968306887,5204.64204688291,1099.4900786570888,276.4069969507677,73.10804343316445,460.2321023441455,30.625984547767185,9.251670710185254,14.2,5204.64204688291,1099.4900786570888,276.4069969507677,73.10804343316445,460.2321023441455,30.625984547767185,9.251670710185254,0.0,0.0,0.0,0.0,0.0,0.0,0.0,0.0,0.0,0.0,0.0,0.0,0.0,0.0,3,NORMAL,0.0,2026-01-01T00:02:00+00:00,False
2026-01-01T00:00:29Z,ENG-DATASET-003,MSN-NORMAL-003,TAKEOFF,500.0,10.0,0.8860560363590517,0.7639439636409483,5185.829479426482,1095.656996223623,277.15772216128147,74.12910537066516,459.29147397132414,30.495679526792735,9.758818423518019,14.2,5185.829479426482,1095.656996223623,277.15772216128147,74.12910537066516,459.29147397132414,30.495679526792735,9.758818423518019,0.0,0.0,0.0,0.0,0.0,0.0,0.0,0.0,0.0,0.0,0.0,0.0,0.0,0.0,3,NORMAL,0.0,2026-01-01T00:02:00+00:00,False
2026-01-01T00:00:30Z,ENG-DATASET-003,MSN-NORMAL-003,CLIMB,2500.0,10.0,0.7628531604377298,0.6671468395622704,4506.864631473722,941.2802187416,273.9739554136933,74.15421015626579,425.3432315736861,20.54237373969397,8.4274662753309,14.2,4506.864631473722,941.2802187416,273.9739554136933,74.15421015626579,425.3432315736861,20.54237373969397,8.4274662753309,0.0,0.0,0.0,0.0,0.0,0.0,0.0,0.0,0.0,0.0,0.0,0.0,0.0,0.0,3,NORMAL,0.0,2026-01-01T00:02:00+00:00,False
2026-01-01T00:00:31Z,ENG-DATASET-003,MSN-NORMAL-003,CLIMB,2500.0,10.0,0.7599178552128679,0.6700821447871321,4490.720452736982,938.1248379884323,271.0296808220348,74.17244013999267,424.5360226368491,20.45767446472751,7.8129071597466035,14.2,4490.720452736982,938.1248379884323,271.0296808220348,74.17244013999267,424.5360226368491,20.45767446472751,7.8129071597466035,0.0,0.0,0.0,0.0,0.0,0.0,0.0,0.0,0.0,0.0,0.0,0.0,0.0,0.0,3,NORMAL,0.0,2026-01-01T00:02:00+00:00,False
2026-01-01T00:00:32Z,ENG-DATASET-003,MSN-NORMAL-003,CLIMB,2500.0,10.0,0.7572959251407622,0.6727040748592379,4476.2998373404,935.3095200421992,268.3094507408863,74.18469706422627,423.81499186702,20.382095475485553,7.577584299939157,14.2,4476.2998373404,935.3095200421992,268.3094507408863,74.18469706422627,423.81499186702,20.382095475485553,7.577584299939157,0.0,0.0,0.0,0.0,0.0,0.0,0.0,0.0,0.0,0.0,0.0,0.0,0.0,0.0,3,NORMAL,0.0,2026-01-01T00:02:00+00:00,False
2026-01-01T00:00:33Z,ENG-DATASET-003,MSN-NORMAL-003,CLIMB,2500.0,10.0,0.7550282845632604,0.6749717154367396,4463.82781416414,932.8770488897327,265.80043188904096,74.19192843033552,423.191390708207,20.316788199216646,8.035417391033628,14.2,4463.82781416414,932.8770488897327,265.80043188904096,74.19192843033552,423.191390708207,20.316788199216646,8.035417391033628,0.0,0.0,0.0,0.0,0.0,0.0,0.0,0.0,0.0,0.0,0.0,0.0,0.0,0.0,3,NORMAL,0.0,2026-01-01T00:02:00+00:00,False
2026-01-01T00:00:34Z,ENG-DATASET-003,MSN-NORMAL-003,CLIMB,2500.0,10.0,0.7531503192531426,0.6768496807468575,4453.499004958491,930.864278835767,263.491995671031,74.19511461118017,422.6749502479246,20.262744860486798,8.510396323622397,14.2,4453.499004958491,930.864278835767,263.491995671031,74.19511461118017,422.6749502479246,20.262744860486798,8.510396323622397,0.0,0.0,0.0,0.0,0.0,0.0,0.0,0.0,0.0,0.0,0.0,0.0,0.0,0.0,3,NORMAL,0.0,2026-01-01T00:02:00+00:00,False
2026-01-01T00:00:35Z,ENG-DATASET-003,MSN-NORMAL-003,CLIMB,2500.0,10.0,0.7516913342309711,0.6783086657690289,4445.474587336549,929.3016271168876,261.37533678185014,74.1952553747467,422.27372936682747,20.220784646728596,8.305397793465364,14.2,4445.474587336549,929.3016271168876,261.37533678185014,74.1952553747467,422.27372936682747,20.220784646728596,8.305397793465364,0.0,0.0,0.0,0.0,0.0,0.0,0.0,0.0,0.0,0.0,0.0,0.0,0.0,0.0,3,NORMAL,0.0,2026-01-01T00:02:00+00:00,False
2026-01-01T00:00:36Z,ENG-DATASET-003,MSN-NORMAL-003,CLIMB,2500.0,10.0,0.7506740964700471,0.6793259035299529,4439.879779651467,928.2126599219542,259.443119601714,74.1933560322487,421.99398898257334,20.191542402501426,7.701196415519737,14.2,4439.879779651467,928.2126599219542,259.443119601714,74.1933560322487,421.99398898257334,20.191542402501426,7.701196415519737,0.0,0.0,0.0,0.0,0.0,0.0,0.0,0.0,0.0,0.0,0.0,0.0,0.0,0.0,3,NORMAL,0.0,2026-01-01T00:02:00+00:00,False
2026-01-01T00:00:37Z,ENG-DATASET-003,MSN-NORMAL-003,CLIMB,2500.0,10.0,0.7501144796254057,0.6798855203745944,4436.801887005939,927.6137746397478,257.6891520075363,74.19041342976135,421.8400943502969,20.175459940265235,7.554407415933285,14.2,4436.801887005939,927.6137746397478,257.6891520075363,74.19041342976135,421.8400943502969,20.175459940265235,7.554407415933285,0.0,0.0,0.0,0.0,0.0,0.0,0.0,0.0,0.0,0.0,0.0,0.0,0.0,0.0,3,NORMAL,0.0,2026-01-01T00:02:00+00:00,False
2026-01-01T00:00:38Z,ENG-DATASET-003,MSN-NORMAL-003,CLIMB,2500.0,10.0,0.7500212163307387,0.6799787836692613,4436.288938885271,927.5139803072963,256.1080863144651,74.18740200478415,421.8144469442635,20.17278003057351,8.070375462146824,14.2,4436.288938885271,927.5139803072963,256.1080863144651,74.18740200478415,421.8144469442635,20.17278003057351,8.070375462146824,0.0,0.0,0.0,0.0,0.0,0.0,0.0,0.0,0.0,0.0,0.0,0.0,0.0,0.0,3,NORMAL,0.0,2026-01-01T00:02:00+00:00,False
2026-01-01T00:00:39Z,ENG-DATASET-003,MSN-NORMAL-003,CLIMB,2500.0,10.0,0.7503957619285668,0.6796042380714332,4438.348939673326,927.9147775231269,254.69514712109674,74.1852601280017,421.9174469836663,20.183543112824815,8.509059704551797,14.2,4438.348939673326,927.9147775231269,254.69514712109674,74.1852601280017,421.9174469836663,20.183543112824815,8.509059704551797,0.0,0.0,0.0,0.0,0.0,0.0,0.0,0.0,0.0,0.0,0.0,0.0,0.0,0.0,3,NORMAL,0.0,2026-01-01T00:02:00+00:00,False
2026-01-01T00:00:40Z,ENG-DATASET-003,MSN-NORMAL-003,CLIMB,2500.0,10.0,0.7512322717601059,0.6787677282398942,4442.94974374679,928.8101384820873,253.44588587103925,74.18487694595362,422.1474871873395,20.20758674825874,8.245285155766014,14.2,4442.94974374679,928.8101384820873,253.44588587103925,74.18487694595362,422.1474871873395,20.20758674825874,8.245285155766014,0.0,0.0,0.0,0.0,0.0,0.0,0.0,0.0,0.0,0.0,0.0,0.0,0.0,0.0,3,NORMAL,0.0,2026-01-01T00:02:00+00:00,False
2026-01-01T00:00:41Z,ENG-DATASET-003,MSN-NORMAL-003,CLIMB,2500.0,10.0,0.7525176923692127,0.6774823076307873,4450.019557096878,930.1865872384966,252.35596196489774,74.18707993240568,422.5009778548439,20.244547818745268,7.664363894610883,14.2,4450.019557096878,930.1865872384966,252.35596196489774,74.18707993240568,422.5009778548439,20.244547818745268,7.664363894610883,0.0,0.0,0.0,0.0,0.0,0.0,0.0,0.0,0.0,0.0,0.0,0.0,0.0,0.0,3,NORMAL,0.0,2026-01-01T00:02:00+00:00,False
2026-01-01T00:00:42Z,ENG-DATASET-003,MSN-NORMAL-003,CLIMB,2500.0,10.0,0.7542319651972023,0.6757680348027978,4459.44805765082,932.0233797642514,251.42095026251425,74.19262334505564,422.972402882541,20.293867457002168,7.609952230735846,14.2,4459.44805765082,932.0233797642514,251.42095026251425,74.19262334505564,422.972402882541,20.293867457002168,7.609952230735846,0.0,0.0,0.0,0.0,0.0,0.0,0.0,0.0,0.0,0.0,0.0,0.0,0.0,0.0,3,NORMAL,0.0,2026-01-01T00:02:00+00:00,False
2026-01-01T00:00:43Z,ENG-DATASET-003,MSN-NORMAL-003,CLIMB,2500.0,10.0,0.7563483395899472,0.6736516604100529,4471.088116810917,934.2927827894598,250.63617480599933,74.20217776998508,423.5544058405459,20.354798675072697,8.17518721796274,14.2,4471.088116810917,934.2927827894598,250.63617480599933,74.20217776998508,423.5544058405459,20.354798675072697,8.17518721796274,0.0,0.0,0.0,0.0,0.0,0.0,0.0,0.0,0.0,0.0,0.0,0.0,0.0,0.0,3,NORMAL,0.0,2026-01-01T00:02:00+00:00,False
2026-01-01T00:00:44Z,ENG-DATASET-003,MSN-NORMAL-003,CLIMB,2500.0,10.0,0.7588337902328882,0.6711662097671118,4484.758095347093,936.9604497492794,249.9965685691314,74.21632091920324,424.2379047673547,20.42641663715994,8.569014544766405,14.2,4484.758095347093,936.9604497492794,249.9965685691314,74.21632091920324,424.2379047673547,20.42641663715994,8.569014544766405,0.0,0.0,0.0,0.0,0.0,0.0,0.0,0.0,0.0,0.0,0.0,0.0,0.0,0.0,3,NORMAL,0.0,2026-01-01T00:02:00+00:00,False
2026-01-01T00:00:45Z,ENG-DATASET-003,MSN-NORMAL-003,CLIMB,2500.0,10.0,0.7616495325000231,0.668350467499977,4500.244677816335,939.985891372099,249.49655899652072,74.23552982698693,425.0122338908168,20.507631499347703,8.249220272580827,14.2,4500.244677816335,939.985891372099,249.49655899652072,74.23552982698693,425.0122338908168,20.507631499347703,8.249220272580827,0.0,0.0,0.0,0.0,0.0,0.0,0.0,0.0,0.0,0.0,0.0,0.0,0.0,0.0,3,NORMAL,0.0,2026-01-01T00:02:00+00:00,False
2026-01-01T00:00:46Z,ENG-DATASET-003,MSN-NORMAL-003,CLIMB,2500.0,10.0,0.7647516276750222,0.6652483723249778,4517.3062012788305,943.3230375004929,249.12997903438097,74.26017456880928,425.86531006394154,20.597203711664847,7.698904027780763,14.2,4517.3062012788305,943.3230375004929,249.12997903438097,74.26017456880928,425.86531006394154,20.597203711664847,7.698904027780763,0.0,0.0,0.0,0.0,0.0,0.0,0.0,0.0,0.0,0.0,0.0,0.0,0.0,0.0,3,NORMAL,0.0,2026-01-01T00:02:00+00:00,False
2026-01-01T00:00:47Z,ENG-DATASET-003,MSN-NORMAL-003,CLIMB,2500.0,10.0,0.7680916686002026,0.6619083313997974,4535.676426367322,946.9208856190086,248.8900032714181,74.29051360280909,426.7838213183661,20.693761646984147,7.733964788815819,14.2,4535.676426367322,946.9208856190086,248.8900032714181,74.29051360280909,426.7838213183661,20.693761646984147,7.733964788815819,0.0,0.0,0.0,0.0,0.0,0.0,0.0,0.0,0.0,0.0,0.0,0.0,0.0,0.0,3,NORMAL,0.0,2026-01-01T00:02:00+00:00,False
2026-01-01T00:00:48Z,ENG-DATASET-003,MSN-NORMAL-003,CLIMB,2500.0,10.0,0.7716175350540323,0.6583824649459677,4555.0686918633855,950.7242302677696,248.76910870097052,74.32669080835656,427.7534345931693,20.7958213863488,8.333753576639813,14.2,4555.0686918633855,950.7242302677696,248.76910870097052,74.32669080835656,427.7534345931693,20.7958213863488,8.333753576639813,0.0,0.0,0.0,0.0,0.0,0.0,0.0,0.0,0.0,0.0,0.0,0.0,0.0,0.0,3,NORMAL,0.0,2026-01-01T00:02:00+00:00,False
2026-01-01T00:00:49Z,ENG-DATASET-003,MSN-NORMAL-003,CLIMB,2500.0,10.0,0.7752742070697557,0.6547257929302444,4575.180387949864,954.6744660601232,248.75905948237656,74.36873426971358,428.7590193974932,20.90180845183402,8.67019513092708,14.2,4575.180387949864,954.6744660601232,248.75905948237656,74.36873426971358,428.7590193974932,20.90180845183402,8.67019513092708,0.0,0.0,0.0,0.0,0.0,0.0,0.0,0.0,0.0,0.0,0.0,0.0,0.0,0.0,3,NORMAL,0.0,2026-01-01T00:02:00+00:00,False
2026-01-01T00:00:50Z,ENG-DATASET-003,MSN-NORMAL-003,CLIMB,2500.0,10.0,0.7790046235035734,0.6509953764964267,4595.697678335861,958.7104554252061,248.85091491976905,74.41655682548397,429.7848839167931,21.01008123673228,8.293663859596647,14.2,4595.697678335861,958.7104554252061,248.85091491976905,74.41655682548397,429.7848839167931,21.01008123673228,8.293663859596647,0.0,0.0,0.0,0.0,0.0,0.0,0.0,0.0,0.0,0.0,0.0,0.0,0.0,0.0,3,NORMAL,0.0,2026-01-01T00:02:00+00:00,False
2026-01-01T00:00:51Z,ENG-DATASET-003,MSN-NORMAL-003,CLIMB,2500.0,10.0,0.7827505724547054,0.6472494275452947,4616.300397567086,962.7694505083447,249.03505969050076,74.4699583769258,430.8150198783543,21.11895583985569,7.776646093731739,14.2,4616.300397567086,962.7694505083447,249.03505969050076,74.4699583769258,430.8150198783543,21.11895583985569,7.776646093731739,0.0,0.0,0.0,0.0,0.0,0.0,0.0,0.0,0.0,0.0,0.0,0.0,0.0,0.0,3,NORMAL,0.0,2026-01-01T00:02:00+00:00,False
2026-01-01T00:00:52Z,ENG-DATASET-003,MSN-NORMAL-003,CLIMB,2500.0,10.0,0.7864535996426345,0.6435464003573655,4636.667047100697,966.7880569455713,249.30125514508995,74.52862992068582,431.8333523550349,21.2267319676161,7.893037308094588,14.2,4636.667047100697,966.7880569455713,249.30125514508995,74.52862992068582,431.8333523550349,21.2267319676161,7.893037308094588,0.0,0.0,0.0,0.0,0.0,0.0,0.0,0.0,0.0,0.0,0.0,0.0,0.0,0.0,3,NORMAL,0.0,2026-01-01T00:02:00+00:00,False
2026-01-01T00:00:53Z,ENG-DATASET-003,MSN-NORMAL-003,CLIMB,2500.0,10.0,0.7900559205666026,0.6399440794333975,4656.4798121825215,970.7032255586589,249.63871026954743,74.59215924454337,432.8239906091261,21.331719526129337,8.508883223336664,14.2,4656.4798121825215,970.7032255586589,249.63871026954743,74.59215924454337,432.8239906091261,21.331719526129337,8.508883223336664,0.0,0.0,0.0,0.0,0.0,0.0,0.0,0.0,0.0,0.0,0.0,0.0,0.0,0.0,3,NORMAL,0.0,2026-01-01T00:02:00+00:00,False
2026-01-01T00:00:54Z,ENG-DATASET-003,MSN-NORMAL-003,CLIMB,2500.0,10.0,0.7935013222134185,0.6364986777865815,4675.429521240009,974.45325647967,250.03617065458445,74.66003819874025,433.7714760620005,21.43226548799482,8.773781057817907,14.2,4675.429521240009,974.45325647967,250.03617065458445,74.66003819874025,433.7714760620005,21.43226548799482,8.773781057817907,0.0,0.0,0.0,0.0,0.0,0.0,0.0,0.0,0.0,0.0,0.0,0.0,0.0,0.0,3,NORMAL,0.0,2026-01-01T00:02:00+00:00,False
2026-01-01T00:00:55Z,ENG-DATASET-003,MSN-NORMAL-003,CLIMB,2500.0,10.0,0.7967360402427283,0.6332639597572718,4693.220470401213,977.9787989003294,250.48202356163424,74.73167143082787,434.66102352006067,21.526780586848723,8.338733006328981,14.2,4693.220470401213,977.9787989003294,250.48202356163424,74.73167143082787,434.66102352006067,21.526780586848723,8.338733006328981,0.0,0.0,0.0,0.0,0.0,0.0,0.0,0.0,0.0,0.0,0.0,0.0,0.0,0.0,3,NORMAL,0.0,2026-01-01T00:02:00+00:00,False
2026-01-01T00:00:56Z,ENG-DATASET-003,MSN-NORMAL-003,CLIMB,2500.0,10.0,0.7997095979615637,0.6302904020384363,4709.575037854808,981.2238286432189,250.96441692155128,74.80638644906966,435.47875189274043,21.613765369504378,7.855670715929938,14.2,4709.575037854808,981.2238286432189,250.96441692155128,74.80638644906966,435.47875189274043,21.613765369504378,7.855670715929938,0.0,0.0,0.0,0.0,0.0,0.0,0.0,0.0,0.0,0.0,0.0,0.0,0.0,0.0,3,NORMAL,0.0,2026-01-01T00:02:00+00:00,False
2026-01-01T00:00:57Z,ENG-DATASET-003,MSN-NORMAL-003,CLIMB,2500.0,10.0,0.8023755939962547,0.6276244060037454,4724.238016045608,984.136585154668,251.47138985826285,74.88344485865116,436.2119008022804,21.69183512254972,8.043001646785864,14.2,4724.238016045608,984.136585154668,251.47138985826285,74.88344485865116,436.2119008022804,21.69183512254972,8.043001646785864,0.0,0.0,0.0,0.0,0.0,0.0,0.0,0.0,0.0,0.0,0.0,0.0,0.0,0.0,3,NORMAL,0.0,2026-01-01T00:02:00+00:00,False
2026-01-01T00:00:58Z,ENG-DATASET-003,MSN-NORMAL-003,CLIMB,2500.0,10.0,0.8046924263703452,0.6253075736296548,4736.980594103106,986.670449397179,251.99101210736603,74.96205459659758,436.8490297051553,21.75974318944469,8.655953249498141,14.2,4736.980594103106,986.670449397179,251.99101210736603,74.96205459659758,436.8490297051553,21.75974318944469,8.655953249498141,0.0,0.0,0.0,0.0,0.0,0.0,0.0,0.0,0.0,0.0,0.0,0.0,0.0,0.0,3,NORMAL,0.0,2026-01-01T00:02:00+00:00,False
2026-01-01T00:00:59Z,ENG-DATASET-003,MSN-NORMAL-003,CLIMB,2500.0,10.0,0.8066239416895222,0.6233760583104778,4747.603928358581,988.784744528246,252.51152950983558,75.0413829756645,437.380196417929,21.816402206779536,8.836884175338664,14.2,4747.603928358581,988.784744528246,252.51152950983558,75.0413829756645,437.380196417929,21.816402206779536,8.836884175338664,0.0,0.0,0.0,0.0,0.0,0.0,0.0,0.0,0.0,0.0,0.0,0.0,0.0,0.0,3,NORMAL,0.0,2026-01-01T00:02:00+00:00,False
2026-01-01T00:01:00Z,ENG-DATASET-003,MSN-NORMAL-003,CLIMB,2500.0,10.0,0.8081399993032422,0.6218600006967578,4755.94224523404,990.4454422252609,253.02151261448356,75.12057033479618,437.79711226170195,21.86090281517487,8.343685935525148,14.2,4755.94224523404,990.4454422252609,253.02151261448356,75.12057033479618,437.79711226170195,21.86090281517487,8.343685935525148,0.0,0.0,0.0,0.0,0.0,0.0,0.0,0.0,0.0,0.0,0.0,0.0,0.0,0.0,3,NORMAL,0.0,2026-01-01T00:02:00+00:00,False
2026-01-01T00:01:01Z,ENG-DATASET-003,MSN-NORMAL-003,CLIMB,2500.0,10.0,0.8092169416395014,0.6207830583604986,4761.865428083465,991.6257590584838,253.5100053294973,75.19874408423512,438.09327140417327,21.89252944141458,7.896378886186918,14.2,4761.865428083465,991.6257590584838,253.5100053294973,75.19874408423512,438.09327140417327,21.89252944141458,7.896378886186918,0.0,0.0,0.0,0.0,0.0,0.0,0.0,0.0,0.0,0.0,0.0,0.0,0.0,0.0,3,NORMAL,0.0,2026-01-01T00:02:00+00:00,False
2026-01-01T00:01:02Z,ENG-DATASET-003,MSN-NORMAL-003,CLIMB,2500.0,10.0,0.8098379633733354,0.6201620366266647,4765.281047619552,992.306629401931,253.96667053159584,75.27503292716416,438.2640523809776,21.910772803166154,8.14534708383685,14.2,4765.281047619552,992.306629401931,253.96667053159584,75.27503292716416,438.2640523809776,21.910772803166154,8.14534708383685,0.0,0.0,0.0,0.0,0.0,0.0,0.0,0.0,0.0,0.0,0.0,0.0,0.0,0.0,3,NORMAL,0.0,2026-01-01T00:02:00+00:00,False
2026-01-01T00:01:03Z,ENG-DATASET-003,MSN-NORMAL-003,CLIMB,2500.0,10.0,0.8099933736682935,0.6200066263317066,4766.135804241822,992.4770439518311,254.38192957723203,75.34858103696597,438.30679021209113,21.91533885469261,8.739400058454637,14.2,4766.135804241822,992.4770439518311,254.38192957723203,75.34858103696597,438.30679021209113,21.91533885469261,8.739400058454637,0.0,0.0,0.0,0.0,0.0,0.0,0.0,0.0,0.0,0.0,0.0,0.0,0.0,0.0,3,NORMAL,0.0,2026-01-01T00:02:00+00:00,False
2026-01-01T00:01:04Z,ENG-DATASET-003,MSN-NORMAL-003,CLIMB,2500.0,10.0,0.8096807473987014,0.6203192526012986,4764.416359759065,992.1342459123841,254.74709276731843,75.41856196983652,438.2208179879533,21.906153969241128,8.828829012279344,14.2,4764.416359759065,992.1342459123841,254.74709276731843,75.41856196983652,438.2208179879533,21.906153969241128,8.828829012279344,0.0,0.0,0.0,0.0,0.0,0.0,0.0,0.0,0.0,0.0,0.0,0.0,0.0,0.0,3,NORMAL,0.0,2026-01-01T00:02:00+00:00,False
2026-01-01T00:01:05Z,ENG-DATASET-003,MSN-NORMAL-003,CLIMB,2500.0,10.0,0.8089049629929357,0.6210950370070644,4760.149545527354,991.2837802032527,255.05447799566792,75.48419209658071,438.0074772763677,21.883366238662894,8.282742427576048,14.2,4760.149545527354,991.2837802032527,255.05447799566792,75.48419209658071,438.0074772763677,21.883366238662894,8.282742427576048,0.0,0.0,0.0,0.0,0.0,0.0,0.0,0.0,0.0,0.0,0.0,0.0,0.0,0.0,3,NORMAL,0.0,2026-01-01T00:02:00+00:00,False
2026-01-01T00:01:06Z,ENG-DATASET-003,MSN-NORMAL-003,CLIMB,2500.0,10.0,0.8076781263071803,0.6223218736928198,4753.4019437557,989.9393945185425,255.2975150590647,75.54474334488363,437.670097187785,21.84734286018601,7.8766343608920915,14.2,4753.4019437557,989.9393945185425,255.2975150590647,75.54474334488363,437.670097187785,21.84734286018601,7.8766343608920915,0.0,0.0,0.0,0.0,0.0,0.0,0.0,0.0,0.0,0.0,0.0,0.0,0.0,0.0,3,NORMAL,0.0,2026-01-01T00:02:00+00:00,False
2026-01-01T00:01:07Z,ENG-DATASET-003,MSN-NORMAL-003,CLIMB,2500.0,10.0,0.8060193817175902,0.6239806182824098,4744.278848512954,988.1227945882107,255.4708334178635,75.59955505407524,437.2139424256477,21.798663670771003,8.18146022560838,14.2,4744.278848512954,988.1227945882107,255.4708334178635,75.59955505407524,437.2139424256477,21.798663670771003,8.18146022560838,0.0,0.0,0.0,0.0,0.0,0.0,0.0,0.0,0.0,0.0,0.0,0.0,0.0,0.0,3,NORMAL,0.0,2026-01-01T00:02:00+00:00,False
2026-01-01T00:01:08Z,ENG-DATASET-003,MSN-NORMAL-003,CLIMB,2500.0,10.0,0.8039546133787048,0.6260453866212953,4732.922622649084,985.8632594220776,255.5703315616291,75.64804475822142,436.64613113245423,21.738110977698305,8.745812441773214,14.2,4732.922622649084,985.8632594220776,255.5703315616291,75.64804475822142,436.64613113245423,21.738110977698305,8.745812441773214,0.0,0.0,0.0,0.0,0.0,0.0,0.0,0.0,0.0,0.0,0.0,0.0,0.0,0.0,3,NORMAL,0.0,2026-01-01T00:02:00+00:00,False
2026-01-01T00:01:09Z,ENG-DATASET-003,MSN-NORMAL-003,CLIMB,2500.0,10.0,0.8015160413098724,0.6284839586901276,4719.510476270507,983.1971255219433,255.5932265435148,75.68971773006409,435.97552381352534,21.666655916680867,8.742870322701998,14.2,4719.510476270507,983.1971255219433,255.5932265435148,75.68971773006409,435.97552381352534,21.666655916680867,8.742870322701998,0.0,0.0,0.0,0.0,0.0,0.0,0.0,0.0,0.0,0.0,0.0,0.0,0.0,0.0,3,NORMAL,0.0,2026-01-01T00:02:00+00:00,False
2026-01-01T00:01:10Z,ENG-DATASET-003,MSN-NORMAL-003,CLIMB,2500.0,10.0,0.7987417186126258,0.6312582813873743,4704.25170143565,980.1671519101177,255.53808268691625,75.72417513763855,435.21258507178254,21.585441642903326,8.155251285240748,14.2,4704.25170143565,980.1671519101177,255.53808268691625,75.72417513763855,435.21258507178254,21.585441642903326,8.155251285240748,0.0,0.0,0.0,0.0,0.0,0.0,0.0,0.0,0.0,0.0,0.0,0.0,0.0,0.0,3,NORMAL,0.0,2026-01-01T00:02:00+00:00,False
2026-01-01T00:01:11Z,ENG-DATASET-003,MSN-NORMAL-003,CLIMB,2500.0,10.0,0.7956749376647593,0.6343250623352408,4687.384406222383,976.8217802448252,255.40481892434525,75.7511206870143,434.3692203111192,21.495763723503828,7.800251477679002,14.2,4687.384406222383,976.8217802448252,255.40481892434525,75.7511206870143,434.3692203111192,21.495763723503828,7.800251477679002,0.0,0.0,0.0,0.0,0.0,0.0,0.0,0.0,0.0,0.0,0.0,0.0,0.0,0.0,3,NORMAL,0.0,2026-01-01T00:02:00+00:00,False
2026-01-01T00:01:12Z,ENG-DATASET-003,MSN-NORMAL-003,CLIMB,2500.0,10.0,0.7923635545572527,0.6376364454427473,4669.171799131098,973.2143062018605,255.19469468695723,75.77036564820003,433.4585899565549,21.399048150303013,8.159308933681677,14.2,4669.171799131098,973.2143062018605,255.19469468695723,75.77036564820003,433.4585899565549,21.399048150303013,8.159308933681677,0.0,0.0,0.0,0.0,0.0,0.0,0.0,0.0,0.0,0.0,0.0,0.0,0.0,0.0,3,NORMAL,0.0,2026-01-01T00:02:00+00:00,False
2026-01-01T00:01:13Z,ENG-DATASET-003,MSN-NORMAL-003,CLIMB,2500.0,10.0,0.7888592423159781,0.6411407576840219,4649.898081804088,969.4019796538279,254.91027470960722,75.78183218645576,432.4949040902044,21.296827427923848,8.688682881279226,14.2,4649.898081804088,969.4019796538279,254.91027470960722,75.78183218645576,432.4949040902044,21.296827427923848,8.688682881279226,0.0,0.0,0.0,0.0,0.0,0.0,0.0,0.0,0.0,0.0,0.0,0.0,0.0,0.0,3,NORMAL,0.0,2026-01-01T00:02:00+00:00,False
2026-01-01T00:01:14Z,ENG-DATASET-003,MSN-NORMAL-003,CLIMB,2500.0,10.0,0.785216684561413,0.644783315438587,4629.86401415398,965.4450519594766,254.55537353763341,75.78555494767214,431.493200707699,21.19071521444504,8.598915547555555,14.2,4629.86401415398,965.4450519594766,254.55537353763341,75.78555494767214,431.493200707699,21.19071521444504,8.598915547555555,0.0,0.0,0.0,0.0,0.0,0.0,0.0,0.0,0.0,0.0,0.0,0.0,0.0,0.0,3,NORMAL,0.0,2026-01-01T00:02:00+00:00,False
2026-01-01T00:01:15Z,ENG-DATASET-003,MSN-NORMAL-003,CLIMB,2500.0,10.0,0.7814927221890324,0.6485072778109676,4609.382221105886,961.4057889011757,254.13498090639948,75.7816808736951,430.4691110552943,21.082379999712277,7.986353386154833,14.2,4609.382221105886,961.4057889011757,254.13498090639948,75.7816808736951,430.4691110552943,21.082379999712277,7.986353386154833,0.0,0.0,0.0,0.0,0.0,0.0,0.0,0.0,0.0,0.0,0.0,0.0,0.0,0.0,3,NORMAL,0.0,2026-01-01T00:02:00+00:00,False
2026-01-01T00:01:16Z,ENG-DATASET-003,MSN-NORMAL-003,CLIMB,2500.0,10.0,0.7777454663861457,0.6522545336138543,4588.77231419001,957.3474675194988,253.655169503747,75.77046725107137,429.4386157095005,20.97351830135617,7.695617283588573,14.2,4588.77231419001,957.3474675194988,253.655169503747,75.77046725107137,429.4386157095005,20.97351830135617,7.695617283588573,0.0,0.0,0.0,0.0,0.0,0.0,0.0,0.0,0.0,0.0,0.0,0.0,0.0,0.0,3,NORMAL,0.0,2026-01-01T00:02:00+00:00,False
2026-01-01T00:01:17Z,ENG-DATASET-003,MSN-NORMAL-003,CLIMB,2500.0,10.0,0.774033391826255,0.6559666081737451,4568.35590411061,953.3333743528949,253.12298691219468,75.75227802423281,428.4177952055305,20.865827841928695,8.110049472300291,14.2,4568.35590411061,953.3333743528949,253.12298691219468,75.75227802423281,428.4177952055305,20.865827841928695,8.110049472300291,0.0,0.0,0.0,0.0,0.0,0.0,0.0,0.0,0.0,0.0,0.0,0.0,0.0,0.0,3,NORMAL,0.0,2026-01-01T00:02:00+00:00,False
2026-01-01T00:01:18Z,ENG-DATASET-003,MSN-NORMAL-003,CLIMB,2500.0,10.0,0.7704144241913318,0.6595855758086683,4548.451582118531,949.4258214760491,252.54633375787643,75.72757843119794,427.4225791059266,20.76098114426256,8.603026348911051,14.2,4548.451582118531,949.4258214760491,252.54633375787643,75.72757843119794,427.4225791059266,20.76098114426256,8.603026348911051,0.0,0.0,0.0,0.0,0.0,0.0,0.0,0.0,0.0,0.0,0.0,0.0,0.0,0.0,3,NORMAL,0.0,2026-01-01T00:02:00+00:00,False
2026-01-01T00:01:19Z,ENG-DATASET-003,MSN-NORMAL-003,CLIMB,2500.0,10.0,0.766945036260924,0.663054963739076,4529.36994850129,945.6851953312844,251.9338302653709,75.69692804602366,426.4684974250645,20.6605999483217,8.436219869394993,14.2,4529.36994850129,945.6851953312844,251.9338302653709,75.69692804602366,426.4684974250645,20.6605999483217,8.436219869394993,0.0,0.0,0.0,0.0,0.0,0.0,0.0,0.0,0.0,0.0,0.0,0.0,0.0,0.0,3,NORMAL,0.0,2026-01-01T00:02:00+00:00,False
2026-01-01T00:01:20Z,ENG-DATASET-003,MSN-NORMAL-003,CLIMB,2500.0,10.0,0.7636793666733189,0.6663206333266811,4511.408765769462,942.1690517553878,251.2946735327185,75.66097233708113,425.5704382884731,20.566230813686996,7.817882306117515,14.2,4511.408765769462,942.1690517553878,251.2946735327185,75.66097233708113,425.5704382884731,20.566230813686996,7.817882306117515,0.0,0.0,0.0,0.0,0.0,0.0,0.0,0.0,0.0,0.0,0.0,0.0,0.0,0.0,3,NORMAL,0.0,2026-01-01T00:02:00+00:00,False
2026-01-01T00:01:21Z,ENG-DATASET-003,MSN-NORMAL-003,CLIMB,2500.0,10.0,0.7606683751101996,0.6693316248898005,4494.848312172305,938.9312689095193,250.63848790218464,75.62043287337006,424.74241560861526,20.479322229605323,7.604967781845201,14.2,4494.848312172305,938.9312689095193,250.63848790218464,75.62043287337006,424.74241560861526,20.479322229605323,7.604967781845201,0.0,0.0,0.0,0.0,0.0,0.0,0.0,0.0,0.0,0.0,0.0,0.0,0.0,0.0,3,NORMAL,0.0,2026-01-01T00:02:00+00:00,False
2026-01-01T00:01:22Z,ENG-DATASET-003,MSN-NORMAL-003,CLIMB,2500.0,10.0,0.7579590470878561,0.6720409529121438,4479.947008049416,936.0212681050282,249.97517081459188,75.57609633216275,423.99735040247083,20.401203511249797,8.075846317106675,14.2,4479.947008049416,936.0212681050282,249.97517081459188,75.57609633216275,423.99735040247083,20.401203511249797,8.075846317106675,0.0,0.0,0.0,0.0,0.0,0.0,0.0,0.0,0.0,0.0,0.0,0.0,0.0,0.0,3,NORMAL,0.0,2026-01-01T00:02:00+00:00,False
2026-01-01T00:01:23Z,ENG-DATASET-003,MSN-NORMAL-003,CLIMB,2500.0,10.0,0.7555936607639192,0.6744063392360808,4466.937383267764,933.4833108544037,249.31473650449277,75.52880247995586,423.3468691633882,20.333065718255064,8.531906022234311,14.2,4466.937383267764,933.4833108544037,249.31473650449277,75.52880247995586,423.3468691633882,20.333065718255064,8.531906022234311,0.0,0.0,0.0,0.0,0.0,0.0,0.0,0.0,0.0,0.0,0.0,0.0,0.0,0.0,3,NORMAL,0.0,2026-01-01T00:02:00+00:00,False
2026-01-01T00:01:24Z,ENG-DATASET-003,MSN-NORMAL-003,CLIMB,2500.0,10.0,0.7536091272008499,0.6763908727991501,4456.022448670883,931.3558789208262,248.66715982706415,75.4794313147111,422.80112243354415,20.27594479111507,8.298811770556853,14.2,4456.022448670883,931.3558789208262,248.66715982706415,75.4794313147111,422.80112243354415,20.27594479111507,8.298811770556853,0.0,0.0,0.0,0.0,0.0,0.0,0.0,0.0,0.0,0.0,0.0,0.0,0.0,0.0,3,NORMAL,0.0,2026-01-01T00:02:00+00:00,False
2026-01-01T00:01:25Z,ENG-DATASET-003,MSN-NORMAL-003,CLIMB,2500.0,10.0,0.7520364143811554,0.6779635856188446,4447.372528162563,929.6711427323843,248.04222241266734,75.42888957043675,422.3686264081282,20.23070706368879,7.6929356101773525,14.2,4447.372528162563,929.6711427323843,248.04222241266734,75.42888957043675,422.3686264081282,20.23070706368879,7.6929356101773525,0.0,0.0,0.0,0.0,0.0,0.0,0.0,0.0,0.0,0.0,0.0,0.0,0.0,0.0,3,NORMAL,0.0,2026-01-01T00:02:00+00:00,False
2026-01-01T00:01:26Z,ENG-DATASET-003,MSN-NORMAL-003,CLIMB,2500.0,10.0,0.7509000639623796,0.6790999360376204,4441.122600859295,928.4545222911829,247.44936322868017,75.37809679509581,422.05613004296475,20.198037276464404,7.568372514865902,14.2,4441.122600859295,928.4545222911829,247.44936322868017,75.37809679509581,422.05613004296475,20.198037276464404,7.568372514865902,0.0,0.0,0.0,0.0,0.0,0.0,0.0,0.0,0.0,0.0,0.0,0.0,0.0,0.0,3,NORMAL,0.0,2026-01-01T00:02:00+00:00,False
2026-01-01T00:01:27Z,ENG-DATASET-003,MSN-NORMAL-003,CLIMB,2500.0,10.0,0.7502178083127454,0.6797821916872546,4437.370194786308,927.724343649801,246.89753549705716,75.32797121946925,421.8685097393154,20.17842918559875,8.093516688164405,14.2,4437.370194786308,927.724343649801,246.89753549705716,75.32797121946925,421.8685097393154,20.17842918559875,8.093516688164405,0.0,0.0,0.0,0.0,0.0,0.0,0.0,0.0,0.0,0.0,0.0,0.0,0.0,0.0,3,NORMAL,0.0,2026-01-01T00:02:00+00:00,False
2026-01-01T00:01:28Z,ENG-DATASET-003,MSN-NORMAL-003,CLIMB,2500.0,10.0,0.7500002938034789,0.6799997061965212,4436.173864985341,927.4915931387659,246.39507177582058,75.27941563784921,421.8086932492671,20.17217883691375,8.509964342045599,14.2,4436.173864985341,927.4915931387659,246.39507177582058,75.27941563784921,421.8086932492671,20.17217883691375,8.509964342045599,0.0,0.0,0.0,0.0,0.0,0.0,0.0,0.0,0.0,0.0,0.0,0.0,0.0,0.0,3,NORMAL,0.0,2026-01-01T00:02:00+00:00,False
2026-01-01T00:01:29Z,ENG-DATASET-003,MSN-NORMAL-003,CLIMB,2500.0,10.0,0.7502509146757477,0.6797490853242524,4437.55227978282,927.7597707860083,245.94955886788873,75.23330352123853,421.87761398914097,20.179380551505044,8.21915461266387,14.2,4437.55227978282,927.7597707860083,245.94955886788873,75.23330352123853,421.87761398914097,20.179380551505044,8.21915461266387,0.0,0.0,0.0,0.0,0.0,0.0,0.0,0.0,0.0,0.0,0.0,0.0,0.0,0.0,3,NORMAL,0.0,2026-01-01T00:02:00+00:00,False
2026-01-01T00:01:30Z,ENG-DATASET-003,MSN-NORMAL-003,CRUISE,5000.0,10.0,0.5909657600746622,0.47903423992533783,3582.8642035314524,563.7394537572469,236.44808932503102,74.31260198976175,379.14321017657267,11.878529248194276,5.952013595339714,14.2,3582.8642035314524,563.7394537572469,236.44808932503102,74.31260198976175,379.14321017657267,11.878529248194276,5.952013595339714,0.0,0.0,0.0,0.0,0.0,0.0,0.0,0.0,0.0,0.0,0.0,0.0,0.0,0.0,3,NORMAL,0.0,2026-01-01T00:02:00+00:00,False
2026-01-01T00:01:31Z,ENG-DATASET-003,MSN-NORMAL-003,CRUISE,5000.0,10.0,0.5921336750768587,0.47786632492314135,3589.2877360435327,564.5943739196017,227.91813974051797,73.4306750445477,379.46438680217665,11.90235170004981,5.920553732081417,14.2,3589.2877360435327,564.5943739196017,227.91813974051797,73.4306750445477,379.46438680217665,11.90235170004981,5.920553732081417,0.0,0.0,0.0,0.0,0.0,0.0,0.0,0.0,0.0,0.0,0.0,0.0,0.0,0.0,3,NORMAL,0.0,2026-01-01T00:02:00+00:00,False
2026-01-01T00:01:32Z,ENG-DATASET-003,MSN-NORMAL-003,CRUISE,5000.0,10.0,0.5937364347593471,0.4762635652406529,3598.1029142972197,565.7682825702112,220.27053283072146,72.58669644327969,379.90514571486096,11.935060329305704,6.492261078589319,14.2,3598.1029142972197,565.7682825702112,220.27053283072146,72.58669644327969,379.90514571486096,11.935060329305704,6.492261078589319,0.0,0.0,0.0,0.0,0.0,0.0,0.0,0.0,0.0,0.0,0.0,0.0,0.0,0.0,3,NORMAL,0.0,2026-01-01T00:02:00+00:00,False
2026-01-01T00:01:33Z,ENG-DATASET-003,MSN-NORMAL-003,CRUISE,5000.0,10.0,0.5957490285933392,0.4742509714066608,3609.172180384176,567.243480737742,213.42456656609286,71.77983130911906,380.4586090192088,11.976159735538019,6.862259603856585,14.2,3609.172180384176,567.243480737742,213.42456656609286,71.77983130911906,380.4586090192088,11.976159735538019,6.862259603856585,0.0,0.0,0.0,0.0,0.0,0.0,0.0,0.0,0.0,0.0,0.0,0.0,0.0,0.0,3,NORMAL,0.0,2026-01-01T00:02:00+00:00,False
2026-01-01T00:01:34Z,ENG-DATASET-003,MSN-NORMAL-003,CRUISE,5000.0,10.0,0.598140050725185,0.4718599492748151,3622.3228021093273,568.9976756360809,207.3070518003856,71.00922581721126,381.11614010546634,12.025026192244459,6.518286364711737,14.2,3622.3228021093273,568.9976756360809,207.3070518003856,71.00922581721126,381.11614010546634,12.025026192244459,6.518286364711737,0.0,0.0,0.0,0.0,0.0,0.0,0.0,0.0,0.0,0.0,0.0,0.0,0.0,0.0,3,NORMAL,0.0,2026-01-01T00:02:00+00:00,False
2026-01-01T00:01:35Z,ENG-DATASET-003,MSN-NORMAL-003,CRUISE,5000.0,10.0,0.6008721900542148,0.46912780994578523,3637.3495684189916,571.0042839858888,201.85145371999425,70.27399811052815,381.8674784209496,12.08091630067472,5.974319988157346,14.2,3637.3495684189916,571.0042839858888,201.85145371999425,70.27399811052815,381.8674784209496,12.08091630067472,5.974319988157346,0.0,0.0,0.0,0.0,0.0,0.0,0.0,0.0,0.0,0.0,0.0,0.0,0.0,0.0,3,NORMAL,0.0,2026-01-01T00:02:00+00:00,False
2026-01-01T00:01:36Z,ENG-DATASET-003,MSN-NORMAL-003,CRUISE,5000.0,10.0,0.603902812459987,0.46609718754001306,3654.017991650739,573.2327982865478,196.99712830515853,69.57323054945533,382.700899582537,12.142977414175057,6.03388556561516,14.2,3654.017991650739,573.2327982865478,196.99712830515853,69.57323054945533,382.700899582537,12.142977414175057,6.03388556561516,0.0,0.0,0.0,0.0,0.0,0.0,0.0,0.0,0.0,0.0,0.0,0.0,0.0,0.0,3,NORMAL,0.0,2026-01-01T00:02:00+00:00,False
2026-01-01T00:01:37Z,ENG-DATASET-003,MSN-NORMAL-003,CRUISE,5000.0,10.0,0.6071846260934773,0.4628153739065227,3672.0679666349356,575.6492132602459,192.68864580614883,68.90596338021457,383.6033983317468,12.210259741534118,6.638486239758738,14.2,3672.0679666349356,575.6492132602459,192.68864580614883,68.90596338021457,383.6033983317468,12.210259741534118,6.638486239758738,0.0,0.0,0.0,0.0,0.0,0.0,0.0,0.0,0.0,0.0,0.0,0.0,0.0,0.0,3,NORMAL,0.0,2026-01-01T00:02:00+00:00,False
2026-01-01T00:01:38Z,ENG-DATASET-003,MSN-NORMAL-003,CRUISE,5000.0,10.0,0.6106664193505662,0.4593335806494338,3691.2178295489243,578.2165088382566,188.87519394649036,68.27118988650525,384.56089147744626,12.281730013731076,6.950991376969535,14.2,3691.2178295489243,578.2165088382566,188.87519394649036,68.27118988650525,384.56089147744626,12.281730013731076,6.950991376969535,0.0,0.0,0.0,0.0,0.0,0.0,0.0,0.0,0.0,0.0,0.0,0.0,0.0,0.0,3,NORMAL,0.0,2026-01-01T00:02:00+00:00,False
2026-01-01T00:01:39Z,ENG-DATASET-003,MSN-NORMAL-003,CRUISE,5000.0,10.0,0.6142938600119926,0.4557061399880074,3711.1687531867697,580.8951850847527,185.51005417896013,67.66785306698003,385.5584376593385,12.356286571852515,6.554519658990625,14.2,3711.1687531867697,580.8951850847527,185.51005417896013,67.66785306698003,385.5584376593385,12.356286571852515,6.554519658990625,0.0,0.0,0.0,0.0,0.0,0.0,0.0,0.0,0.0,0.0,0.0,0.0,0.0,0.0,3,NORMAL,0.0,2026-01-01T00:02:00+00:00,False
2026-01-01T00:01:40Z,ENG-DATASET-003,MSN-NORMAL-003,CRUISE,5000.0,10.0,0.618010343079464,0.45198965692053605,3731.6094100578625,583.6438433727773,182.55014484538356,67.0948438586816,386.58047050289315,12.432775705220891,6.049213583995083,14.2,3731.6094100578625,583.6438433727773,182.55014484538356,67.0948438586816,386.58047050289315,12.432775705220891,6.049213583995083,0.0,0.0,0.0,0.0,0.0,0.0,0.0,0.0,0.0,0.0,0.0,0.0,0.0,0.0,3,NORMAL,0.0,2026-01-01T00:02:00+00:00,False
2026-01-01T00:01:41Z,ENG-DATASET-003,MSN-NORMAL-003,CRUISE,5000.0,10.0,0.6217578740777223,0.4482421259222777,3752.2208305482827,586.4198069692779,179.95562553507716,66.5510009037122,387.61104152741416,12.510009038707059,6.191928602360414,14.2,3752.2208305482827,586.4198069692779,179.95562553507716,66.5510009037122,387.61104152741416,12.510009038707059,6.191928602360414,0.0,0.0,0.0,0.0,0.0,0.0,0.0,0.0,0.0,0.0,0.0,0.0,0.0,0.0,3,NORMAL,0.0,2026-01-01T00:02:00+00:00,False
2026-01-01T00:01:42Z,ENG-DATASET-003,MSN-NORMAL-003,CRUISE,5000.0,10.0,0.625477974038934,0.444522025961066,3772.6813803349473,589.179772991923,177.68955730636753,66.03511183354358,388.6340690167474,12.586781737795683,6.811391118887878,14.2,3772.6813803349473,589.179772991923,177.68955730636753,66.03511183354358,388.6340690167474,12.586781737795683,6.811391118887878,0.0,0.0,0.0,0.0,0.0,0.0,0.0,0.0,0.0,0.0,0.0,0.0,0.0,0.0,3,NORMAL,0.0,2026-01-01T00:02:00+00:00,False
2026-01-01T00:01:43Z,ENG-DATASET-003,MSN-NORMAL-003,CRUISE,5000.0,10.0,0.629112592047424,0.440887407952576,3792.6717793816424,591.8804865203663,175.71761373873994,65.54591602286254,389.6335889690821,12.661891270484082,7.053060068251948,14.2,3792.6717793816424,591.8804865203663,175.71761373873994,65.54591602286254,389.6335889690821,12.661891270484082,7.053060068251948,0.0,0.0,0.0,0.0,0.0,0.0,0.0,0.0,0.0,0.0,0.0,0.0,0.0,0.0,3,NORMAL,0.0,2026-01-01T00:02:00+00:00,False
2026-01-01T00:01:44Z,ENG-DATASET-003,MSN-NORMAL-003,CRUISE,5000.0,10.0,0.6326050111047993,0.4373949888952008,3811.880084197206,594.479426537162,174.007838028295,65.0821087430377,390.5940042098603,12.73415643795276,6.602892934165926,14.2,3811.880084197206,594.479426537162,174.007838028295,65.0821087430377,390.5940042098603,12.73415643795276,6.602892934165926,0.0,0.0,0.0,0.0,0.0,0.0,0.0,0.0,0.0,0.0,0.0,0.0,0.0,0.0,3,NORMAL,0.0,2026-01-01T00:02:00+00:00,False
2026-01-01T00:01:45Z,ENG-DATASET-003,MSN-NORMAL-003,CRUISE,5000.0,10.0,0.6359007331797392,0.43409926682026084,3830.0065556093755,596.9354924020394,172.53044153551647,64.64234662453075,391.50032778046875,12.802436362689212,6.13676448388657,14.2,3830.0065556093755,596.9354924020394,172.53044153551647,64.64234662453075,391.50032778046875,12.802436362689212,6.13676448388657,0.0,0.0,0.0,0.0,0.0,0.0,0.0,0.0,0.0,0.0,0.0,0.0,0.0,0.0,3,NORMAL,0.0,2026-01-01T00:02:00+00:00,False
2026-01-01T00:01:46Z,ENG-DATASET-003,MSN-NORMAL-003,CRUISE,5000.0,10.0,0.6389483296315471,0.4310516703684529,3846.7683360943197,599.2096787923452,171.25763935177346,64.22525431818376,392.33841680471596,12.865649104937392,6.35167478849862,14.2,3846.7683360943197,599.2096787923452,171.25763935177346,64.22525431818376,392.33841680471596,12.865649104937392,6.35167478849862,0.0,0.0,0.0,0.0,0.0,0.0,0.0,0.0,0.0,0.0,0.0,0.0,0.0,0.0,3,NORMAL,0.0,2026-01-01T00:02:00+00:00,False
2026-01-01T00:01:47Z,ENG-DATASET-003,MSN-NORMAL-003,CRUISE,5000.0,10.0,0.6417002437368877,0.42829975626311223,3861.9038636736927,601.2657265338997,170.1635185799436,63.82943222759955,393.0951931836846,12.922789567465053,6.966718719900248,14.2,3861.9038636736927,601.2657265338997,170.1635185799436,63.82943222759955,393.0951931836846,12.922789567465053,6.966718719900248,0.0,0.0,0.0,0.0,0.0,0.0,0.0,0.0,0.0,0.0,0.0,0.0,0.0,0.0,3,NORMAL,0.0,2026-01-01T00:02:00+00:00,False
2026-01-01T00:01:48Z,ENG-DATASET-003,MSN-NORMAL-003,CRUISE,5000.0,10.0,0.6441135327965486,0.42588646720345136,3875.176953501828,603.0707365548161,169.22393513581963,63.45346516907147,393.7588476750914,12.972946345989255,7.125110686592841,14.2,3875.176953501828,603.0707365548161,169.22393513581963,63.45346516907147,393.7588476750914,12.972946345989255,7.125110686592841,0.0,0.0,0.0,0.0,0.0,0.0,0.0,0.0,0.0,0.0,0.0,0.0,0.0,0.0,3,NORMAL,0.0,2026-01-01T00:02:00+00:00,False
2026-01-01T00:01:49Z,ENG-DATASET-003,MSN-NORMAL-003,CRUISE,5000.0,10.0,0.6461505382418992,0.42384946175810084,3886.380483451256,604.5957343630541,168.416434981314,63.0959318019601,394.3190241725628,13.015317189187574,6.621300139636488,14.2,3886.380483451256,604.5957343630541,168.416434981314,63.0959318019601,394.3190241725628,13.015317189187574,6.621300139636488,0.0,0.0,0.0,0.0,0.0,0.0,0.0,0.0,0.0,0.0,0.0,0.0,0.0,0.0,3,NORMAL,0.0,2026-01-01T00:02:00+00:00,False
2026-01-01T00:01:50Z,ENG-DATASET-003,MSN-NORMAL-003,CRUISE,5000.0,10.0,0.6477794732842588,0.4222205267157412,3895.339626184233,605.8161730043485,167.72019580829132,62.75541466127045,394.7669813092117,13.049222748682583,6.195125304258038,14.2,3895.339626184233,605.8161730043485,167.72019580829132,62.75541466127045,394.7669813092117,13.049222748682583,6.195125304258038,0.0,0.0,0.0,0.0,0.0,0.0,0.0,0.0,0.0,0.0,0.0,0.0,0.0,0.0,3,NORMAL,0.0,2026-01-01T00:02:00+00:00,False
2026-01-01T00:01:51Z,ENG-DATASET-003,MSN-NORMAL-003,CRUISE,5000.0,10.0,0.6489749189371029,0.42102508106289704,3901.914577274876,606.7123634100743,167.11598531271406,62.43051061562979,395.09572886374383,13.07411832590009,6.47158345926618,14.2,3901.914577274876,606.7123634100743,167.11598531271406,62.43051061562979,395.09572886374383,13.07411832590009,6.47158345926618,0.0,0.0,0.0,0.0,0.0,0.0,0.0,0.0,0.0,0.0,0.0,0.0,0.0,0.0,3,NORMAL,0.0,2026-01-01T00:02:00+00:00,False
2026-01-01T00:01:52Z,ENG-DATASET-003,MSN-NORMAL-003,CRUISE,5000.0,10.0,0.6497182206708461,0.4202817793291539,3906.002736810464,607.2698223836642,166.58613234103427,62.11984156803767,395.30013684052324,13.089603358950033,7.065187439291648,14.2,3906.002736810464,607.2698223836642,166.58613234103427,62.11984156803767,395.30013684052324,13.089603358950033,7.065187439291648,0.0,0.0,0.0,0.0,0.0,0.0,0.0,0.0,0.0,0.0,0.0,0.0,0.0,0.0,3,NORMAL,0.0,2026-01-01T00:02:00+00:00,False
2026-01-01T00:01:53Z,ENG-DATASET-003,MSN-NORMAL-003,CRUISE,5000.0,10.0,0.6499977795105369,0.4200022204894631,3907.5403104287634,607.4795301676111,166.11450736112113,61.822065213748715,395.3770155214382,13.09542843783358,7.132078484481086,14.2,3907.5403104287634,607.4795301676111,166.11450736112113,61.822065213748715,395.3770155214382,13.09542843783358,7.132078484481086,0.0,0.0,0.0,0.0,0.0,0.0,0.0,0.0,0.0,0.0,0.0,0.0,0.0,0.0,3,NORMAL,0.0,2026-01-01T00:02:00+00:00,False
2026-01-01T00:01:54Z,ENG-DATASET-003,MSN-NORMAL-003,CRUISE,5000.0,10.0,0.6498092330339829,0.42019076696601715,3906.503304807716,607.3380915290077,165.6865089132342,61.53588566950373,395.3251652403858,13.091499689020004,6.5788993915528575,14.2,3906.503304807716,607.3380915290077,165.6865089132342,61.53588566950373,395.3251652403858,13.091499689020004,6.5788993915528575,0.0,0.0,0.0,0.0,0.0,0.0,0.0,0.0,0.0,0.0,0.0,0.0,0.0,0.0,3,NORMAL,0.0,2026-01-01T00:02:00+00:00,False
2026-01-01T00:01:55Z,ENG-DATASET-003,MSN-NORMAL-003,CRUISE,5000.0,10.0,0.6491555234458896,0.4208444765541104,3902.907902073203,606.8477965305962,165.28905293517568,61.26006379104839,395.1453951036601,13.077880429012694,6.19650646710074,14.2,3902.907902073203,606.8477965305962,165.28905293517568,61.26006379104839,395.1453951036601,13.077880429012694,6.19650646710074,0.0,0.0,0.0,0.0,0.0,0.0,0.0,0.0,0.0,0.0,0.0,0.0,0.0,0.0,3,NORMAL,0.0,2026-01-01T00:02:00+00:00,False
2026-01-01T00:01:56Z,ENG-DATASET-003,MSN-NORMAL-003,CRUISE,5000.0,10.0,0.6480468516657405,0.4219531483342595,3896.810207282383,606.0165795329873,164.9105621299828,60.99342700143101,394.84051036411915,13.054790048842507,6.52695502924326,14.2,3896.810207282383,606.0165795329873,164.9105621299828,60.99342700143101,394.84051036411915,13.054790048842507,6.52695502924326,0.0,0.0,0.0,0.0,0.0,0.0,0.0,0.0,0.0,0.0,0.0,0.0,0.0,0.0,3,NORMAL,0.0,2026-01-01T00:02:00+00:00,False
2026-01-01T00:01:57Z,ENG-DATASET-003,MSN-NORMAL-003,CRUISE,5000.0,10.0,0.6465005181458598,0.42349948185414016,3888.3053729230396,604.8578774096843,164.5409528522266,60.73487846086519,394.41526864615196,13.022600155177543,7.087000310163078,14.2,3888.3053729230396,604.8578774096843,164.5409528522266,60.73487846086519,394.41526864615196,13.022600155177543,7.087000310163078,0.0,0.0,0.0,0.0,0.0,0.0,0.0,0.0,0.0,0.0,0.0,0.0,0.0,0.0,3,NORMAL,0.0,2026-01-01T00:02:00+00:00,False
2026-01-01T00:01:58Z,ENG-DATASET-003,MSN-NORMAL-003,CRUISE,5000.0,10.0,0.6445406529036408,0.4254593470963592,3877.526114090835,603.3903903538206,164.17161732584947,60.48340541985164,393.8763057045418,12.98182805652183,7.060583682640226,14.2,3877.526114090835,603.3903903538206,164.17161732584947,60.48340541985164,393.8763057045418,12.98182805652183,7.060583682640226,0.0,0.0,0.0,0.0,0.0,0.0,0.0,0.0,0.0,0.0,0.0,0.0,0.0,0.0,3,NORMAL,0.0,2026-01-01T00:02:00+00:00,False
2026-01-01T00:01:59Z,ENG-DATASET-003,MSN-NORMAL-003,CRUISE,5000.0,10.0,0.6421978389806943,0.4278021610193057,3864.6406375146294,601.6377509205679,163.79539936627873,60.238086610607056,393.2320318757315,12.933127742452623,6.468193679334103,14.2,3864.6406375146294,601.6377509205679,163.79539936627873,60.238086610607056,393.2320318757315,12.933127742452623,6.468193679334103,0.0,0.0,0.0,0.0,0.0,0.0,0.0,0.0,0.0,0.0,0.0,0.0,0.0,0.0,3,NORMAL,0.0,2026-01-01T00:02:00+00:00,False
2026-01-01T00:02:00Z,ENG-DATASET-003,MSN-NORMAL-003,CRUISE,5000.0,10.0,0.6395086352047135,0.4304913647952865,3849.850016746735,599.628108996413,163.4065621545612,59.99809854743896,392.49250083733676,12.8772785578714,6.137783435993401,14.2,3849.850016746735,599.628108996413,163.4065621545612,59.99809854743896,392.49250083733676,12.8772785578714,6.137783435993401,0.0,0.0,0.0,0.0,0.0,0.0,0.0,0.0,0.0,0.0,0.0,0.0,0.0,0.0,3,NORMAL,0.0,2026-01-01T00:02:00+00:00,False
2026-01-01T00:02:01Z,ENG-DATASET-003,MSN-NORMAL-003,CRUISE,5000.0,10.0,0.6365150057011951,0.43348499429880494,3833.3850544773836,597.393642143454,163.0007469926914,59.76272062429172,391.6692527238692,12.815171820992864,6.518906202186331,14.2,3833.3850544773836,597.393642143454,163.0007469926914,59.76272062429172,391.6692527238692,12.815171820992864,6.518906202186331,0.0,0.0,0.0,0.0,0.0,0.0,0.0,0.0,0.0,0.0,0.0,0.0,0.0,0.0,3,NORMAL,0.0,2026-01-01T00:02:00+00:00,False
2026-01-01T00:02:02Z,ENG-DATASET-003,MSN-NORMAL-003,CRUISE,5000.0,10.0,0.6332636650572961,0.4367363349427038,3815.5026809359383,594.9700021780538,162.5749223478736,59.5313389169972,390.7751340467969,12.747795671859409,7.039023020071876,14.2,3815.5026809359383,594.9700021780538,162.5749223478736,59.5313389169972,390.7751340467969,12.747795671859409,7.039023020071876,0.0,0.0,0.0,0.0,0.0,0.0,0.0,0.0,0.0,0.0,0.0,0.0,0.0,0.0,3,NORMAL,0.0,2026-01-01T00:02:00+00:00,False
2026-01-01T00:02:03Z,ENG-DATASET-003,MSN-NORMAL-003,CRUISE,5000.0,10.0,0.6298053493563258,0.44019465064367425,3796.4819445806024,592.3957098727763,162.12732285990566,59.303448618492844,389.82409722903014,12.676218466617541,6.924179072775254,14.2,3796.4819445806024,592.3957098727763,162.12732285990566,59.303448618492844,389.82409722903014,12.676218466617541,6.924179072775254,0.0,0.0,0.0,0.0,0.0,0.0,0.0,0.0,0.0,0.0,0.0,0.0,0.0,0.0,3,NORMAL,0.0,2026-01-01T00:02:00+00:00,False
2026-01-01T00:02:04Z,ENG-DATASET-003,MSN-NORMAL-003,CRUISE,5000.0,10.0,0.6261940244581339,0.4438059755418661,3776.619657640547,589.7115103035754,161.65737833150447,59.078655057098345,388.83098288202734,12.601571051210517,6.308279242468856,14.2,3776.619657640547,589.7115103035754,161.65737833150447,59.078655057098345,388.83098288202734,12.601571051210517,6.308279242468856,0.0,0.0,0.0,0.0,0.0,0.0,0.0,0.0,0.0,0.0,0.0,0.0,0.0,0.0,3,NORMAL,0.0,2026-01-01T00:02:00+00:00,False
2026-01-01T00:02:05Z,ENG-DATASET-003,MSN-NORMAL-003,CRUISE,5000.0,10.0,0.6224860438799179,0.44751395612008205,3756.225764460359,586.9597016062655,161.16563303851066,58.856673270529264,387.811288223018,12.52502825661474,6.041723808151269,14.2,3756.225764460359,586.9597016062655,161.16563303851066,58.856673270529264,387.811288223018,12.52502825661474,6.041723808151269,0.0,0.0,0.0,0.0,0.0,0.0,0.0,0.0,0.0,0.0,0.0,0.0,0.0,0.0,3,NORMAL,0.0,2026-01-01T00:02:00+00:00,False
2026-01-01T00:02:06Z,ENG-DATASET-003,MSN-NORMAL-003,CRUISE,5000.0,10.0,0.6187392694184348,0.45126073058156524,3735.6185049222017,584.1834497817003,160.6536559792021,58.63732613132048,386.7809252461101,12.447789956824812,6.473559796799342,14.2,3735.6185049222017,584.1834497817003,160.6536559792021,58.63732613132048,386.7809252461101,12.447789956824812,6.473559796799342,0.0,0.0,0.0,0.0,0.0,0.0,0.0,0.0,0.0,0.0,0.0,0.0,0.0,0.0,3,NORMAL,0.0,2026-01-01T00:02:00+00:00,False
2026-01-01T00:02:07Z,ENG-DATASET-003,MSN-NORMAL-003,CRUISE,5000.0,10.0,0.6150121682360147,0.45498783176398533,3715.1194484188914,581.4261017382588,160.12394292473837,58.42054104237601,385.75597242094454,12.371062021420068,6.951922278618402,14.2,3715.1194484188914,581.4261017382588,160.12394292473837,58.42054104237601,385.75597242094454,12.371062021420068,6.951922278618402,0.0,0.0,0.0,0.0,0.0,0.0,0.0,0.0,0.0,0.0,0.0,0.0,0.0,0.0,3,NORMAL,0.0,2026-01-01T00:02:00+00:00,False
2026-01-01T00:02:08Z,ENG-DATASET-003,MSN-NORMAL-003,CRUISE,5000.0,10.0,0.611362900500048,0.45863709949995196,3695.048475871075,578.7305080357166,159.57981133315747,58.20634524409604,384.75242379355376,12.296037477972918,6.7584631911446795,14.2,3695.048475871075,578.7305080357166,159.57981133315747,58.20634524409604,384.75242379355376,12.296037477972918,6.7584631911446795,0.0,0.0,0.0,0.0,0.0,0.0,0.0,0.0,0.0,0.0,0.0,0.0,0.0,0.0,3,NORMAL,0.0,2026-01-01T00:02:00+00:00,False
2026-01-01T00:02:09Z,ENG-DATASET-003,MSN-NORMAL-003,CRUISE,5000.0,10.0,0.6078484118130254,0.46215158818697455,3675.71878809245,576.138365857105,159.02528934626935,57.994859796602235,383.78593940462247,12.22387817724171,6.138026208307127,14.2,3675.71878809245,576.138365857105,159.02528934626935,57.994859796602235,383.78593940462247,12.22387817724171,6.138026208307127,0.0,0.0,0.0,0.0,0.0,0.0,0.0,0.0,0.0,0.0,0.0,0.0,0.0,0.0,3,NORMAL,0.0,2026-01-01T00:02:00+00:00,False
2026-01-01T00:02:10Z,ENG-DATASET-003,MSN-NORMAL-003,CRUISE,5000.0,10.0,0.6045235445954568,0.4654764554045433,3657.4320183958225,573.6895916491,158.4650002028699,57.78629232164556,382.87160091979115,12.155697227582369,5.9483695256052656,14.2,3657.4320183958225,573.6895916491,158.4650002028699,57.78629232164556,382.87160091979115,12.155697227582369,5.9483695256052656,0.0,0.0,0.0,0.0,0.0,0.0,0.0,0.0,0.0,0.0,0.0,0.0,0.0,0.0,3,NORMAL,0.0,2026-01-01T00:02:00+00:00,False
2026-01-01T00:02:11Z,ENG-DATASET-003,MSN-NORMAL-003,CRUISE,5000.0,10.0,0.6014401822882414,0.46855981771175864,3640.4735257061375,571.4217317007898,157.90404347510267,57.580928608508465,382.0236762853069,12.092542435864736,6.43176232028938,14.2,3640.4735257061375,571.4217317007898,157.90404347510267,57.580928608508465,382.0236762853069,12.092542435864736,6.43176232028938,0.0,0.0,0.0,0.0,0.0,0.0,0.0,0.0,0.0,0.0,0.0,0.0,0.0,0.0,3,NORMAL,0.0,2026-01-01T00:02:00+00:00,False
2026-01-01T00:02:12Z,ENG-DATASET-003,MSN-NORMAL-003,CRUISE,5000.0,10.0,0.5986464397289263,0.4713535602710737,3625.107941629905,569.3694177349699,157.34787457096664,57.379123206298,381.2553970814953,12.035380961849608,6.86835112117326,14.2,3625.107941629905,569.3694177349699,157.34787457096664,57.379123206298,381.2553970814953,12.035380961849608,6.86835112117326,0.0,0.0,0.0,0.0,0.0,0.0,0.0,0.0,0.0,0.0,0.0,0.0,0.0,0.0,3,NORMAL,0.0,2026-01-01T00:02:00+00:00,False
2026-01-01T00:02:13Z,ENG-DATASET-003,MSN-NORMAL-003,CRUISE,5000.0,10.0,0.5961859123357582,0.47381408766424177,3611.5750409674806,567.5638734177968,156.8021839493149,57.181289141187335,380.57875204837404,11.985085362759936,6.607902471676692,14.2,3611.5750409674806,567.5638734177968,156.8021839493149,57.181289141187335,380.57875204837404,11.985085362759936,6.607902471676692,0.0,0.0,0.0,0.0,0.0,0.0,0.0,0.0,0.0,0.0,0.0,0.0,0.0,0.0,3,NORMAL,0.0,2026-01-01T00:02:00+00:00,False
2026-01-01T00:02:14Z,ENG-DATASET-003,MSN-NORMAL-003,CRUISE,5000.0,10.0,0.5940969958157628,0.4759030041842372,3600.0860001075057,566.032476594269,156.27277746924014,56.98788691114777,380.0043000053753,11.942421175726814,6.001762667534564,14.2,3600.0860001075057,566.032476594269,156.27277746924014,56.98788691114777,380.0043000053753,11.942421175726814,6.001762667534564,0.0,0.0,0.0,0.0,0.0,0.0,0.0,0.0,0.0,0.0,0.0,0.0,0.0,0.0,3,NORMAL,0.0,2026-01-01T00:02:00+00:00,False
2026-01-01T00:02:15Z,ENG-DATASET-003,MSN-NORMAL-003,CRUISE,5000.0,10.0,0.5924122870125784,0.4775877129874216,3590.8201016899916,564.7983810599499,155.76545924881486,56.79941292230448,379.5410050844996,11.908036158704784,5.899832540541915,14.2,3590.8201016899916,564.7983810599499,155.76545924881486,56.79941292230448,379.5410050844996,11.908036158704784,5.899832540541915,0.0,0.0,0.0,0.0,0.0,0.0,0.0,0.0,0.0,0.0,0.0,0.0,0.0,0.0,3,NORMAL,0.0,2026-01-01T00:02:00+00:00,False
2026-01-01T00:02:16Z,ENG-DATASET-003,MSN-NORMAL-003,CRUISE,5000.0,10.0,0.5911580752436133,0.4788419247563867,3583.921936960683,563.8802008029332,155.28591834400672,56.61638754006665,379.19609684803413,11.88245128584619,6.433223949965737,14.2,3583.921936960683,563.8802008029332,155.28591834400672,56.61638754006665,379.19609684803413,11.88245128584619,6.433223949965737,0.0,0.0,0.0,0.0,0.0,0.0,0.0,0.0,0.0,0.0,0.0,0.0,0.0,0.0,3,NORMAL,0.0,2026-01-01T00:02:00+00:00,False
2026-01-01T00:02:17Z,ENG-DATASET-003,MSN-NORMAL-003,CRUISE,5000.0,10.0,0.5903539320640401,0.4796460679359599,3579.4991494730307,563.2917589016506,154.83962048214732,56.43934293448571,378.97495747365156,11.866053571431566,6.826651853517824,14.2,3579.4991494730307,563.2917589016506,154.83962048214732,56.43934293448571,378.97495747365156,11.866053571431566,6.826651853517824,0.0,0.0,0.0,0.0,0.0,0.0,0.0,0.0,0.0,0.0,0.0,0.0,0.0,0.0,3,NORMAL,0.0,2026-01-01T00:02:00+00:00,False
2026-01-01T00:02:18Z,ENG-DATASET-003,MSN-NORMAL-003,CRUISE,5000.0,10.0,0.5900124058592234,0.4799875941407765,3577.620755346539,563.0419026396809,154.43170599992462,56.26881090278664,378.881037767327,11.859090777233417,6.509339632292255,14.2,3577.620755346539,563.0419026396809,154.43170599992462,56.26881090278664,378.881037767327,11.859090777233417,6.509339632292255,0.0,0.0,0.0,0.0,0.0,0.0,0.0,0.0,0.0,0.0,0.0,0.0,0.0,0.0,3,NORMAL,0.0,2026-01-01T00:02:00+00:00,False
2026-01-01T00:02:19Z,ENG-DATASET-003,MSN-NORMAL-003,CRUISE,5000.0,10.0,0.5901388260313631,0.4798611739686368,3578.316066293308,563.1343858842575,154.0668950470386,56.10531085264244,378.91580331466537,11.861668041368883,5.932867979520279,14.2,3578.316066293308,563.1343858842575,154.0668950470386,56.10531085264244,378.91580331466537,11.861668041368883,5.932867979520279,0.0,0.0,0.0,0.0,0.0,0.0,0.0,0.0,0.0,0.0,0.0,0.0,0.0,0.0,3,NORMAL,0.0,2026-01-01T00:02:00+00:00,False
2026-01-01T00:02:20Z,ENG-DATASET-003,MSN-NORMAL-003,CRUISE,5000.0,10.0,0.5907312198359552,0.4792687801640447,3581.574232218564,563.5678193480779,153.74940102603668,55.94933812751166,379.07871161092817,11.873746451793437,5.924253447699702,14.2,3581.574232218564,563.5678193480779,153.74940102603668,55.94933812751166,379.07871161092817,11.873746451793437,5.924253447699702,0.0,0.0,0.0,0.0,0.0,0.0,0.0,0.0,0.0,0.0,0.0,0.0,0.0,0.0,3,NORMAL,0.0,2026-01-01T00:02:00+00:00,False
2026-01-01T00:02:21Z,ENG-DATASET-003,MSN-NORMAL-003,CRUISE,5000.0,10.0,0.5917803431658103,0.47821965683418965,3587.344410532767,564.3356889854723,153.4828531480698,55.801352850269204,379.36722052663833,11.89514357397557,6.501084516997396,14.2,3587.344410532767,564.3356889854723,153.4828531480698,55.801352850269204,379.36722052663833,11.89514357397557,6.501084516997396,0.0,0.0,0.0,0.0,0.0,0.0,0.0,0.0,0.0,0.0,0.0,0.0,0.0,0.0,3,NORMAL,0.0,2026-01-01T00:02:00+00:00,False
2026-01-01T00:02:22Z,ENG-DATASET-003,MSN-NORMAL-003,CRUISE,5000.0,10.0,0.5932698248022544,0.47673017519774563,3595.5365595332096,565.4264424308384,153.27022889403378,55.661769453510516,379.77682797666046,11.925535929241432,6.846241136137502,14.2,3595.5365595332096,565.4264424308384,153.27022889403378,55.661769453510516,379.77682797666046,11.925535929241432,6.846241136137502,0.0,0.0,0.0,0.0,0.0,0.0,0.0,0.0,0.0,0.0,0.0,0.0,0.0,0.0,3,NORMAL,0.0,2026-01-01T00:02:00+00:00,False
2026-01-01T00:02:23Z,ENG-DATASET-003,MSN-NORMAL-003,CRUISE,5000.0,10.0,0.5951764218825207,0.4748235781174793,3606.0228434746746,566.823643034661,153.11379708049694,55.53094705442262,380.30114217373375,11.964463407018856,6.47841771102532,14.2,3606.0228434746746,566.823643034661,153.11379708049694,55.53094705442262,380.30114217373375,11.964463407018856,6.47841771102532,0.0,0.0,0.0,0.0,0.0,0.0,0.0,0.0,0.0,0.0,0.0,0.0,0.0,0.0,3,NORMAL,0.0,2026-01-01T00:02:00+00:00,False
2026-01-01T00:02:24Z,ENG-DATASET-003,MSN-NORMAL-003,CRUISE,5000.0,10.0,0.5974703825968497,0.4725296174031503,3618.6396274034837,568.506190656188,153.01507213885193,55.40918081915545,380.9319813701742,12.01133557998647,5.941472044631434,14.2,3618.6396274034837,568.506190656188,153.01507213885193,55.40918081915545,380.9319813701742,12.01133557998647,5.941472044631434,0.0,0.0,0.0,0.0,0.0,0.0,0.0,0.0,0.0,0.0,0.0,0.0,0.0,0.0,3,NORMAL,0.0,2026-01-01T00:02:00+00:00,False
2026-01-01T00:02:25Z,ENG-DATASET-003,MSN-NORMAL-003,CRUISE,5000.0,10.0,0.6001159104555293,0.46988408954447075,3633.190030626221,570.4486079007955,152.97478012248664,55.29669444639677,381.6595015313111,12.065439875264142,6.0249900143335156,14.2,3633.190030626221,570.4486079007955,152.97478012248664,55.29669444639677,381.6595015313111,12.065439875264142,6.0249900143335156,0.0,0.0,0.0,0.0,0.0,0.0,0.0,0.0,0.0,0.0,0.0,0.0,0.0,0.0,3,NORMAL,0.0,2026-01-01T00:02:00+00:00,False
2026-01-01T00:02:26Z,ENG-DATASET-003,MSN-NORMAL-003,CRUISE,5000.0,10.0,0.6030717228811443,0.46692827711885565,3649.4469989671043,572.6213899185561,152.99283685820188,55.19363388259113,382.47234994835526,12.12595153671226,6.632748089798129,14.2,3649.4469989671043,572.6213899185561,152.99283685820188,55.19363388259113,382.47234994835526,12.12595153671226,6.632748089798129,0.0,0.0,0.0,0.0,0.0,0.0,0.0,0.0,0.0,0.0,0.0,0.0,0.0,0.0,3,NORMAL,0.0,2026-01-01T00:02:00+00:00,False
2026-01-01T00:02:27Z,ENG-DATASET-003,MSN-NORMAL-003,CRUISE,5000.0,10.0,0.6062916954093903,0.4637083045906097,3667.1568478724566,574.9914151902931,153.068338552139,55.100062362218125,383.35784239362283,12.19194529276468,6.920204812696897,14.2,3667.1568478724566,574.9914151902931,153.068338552139,55.100062362218125,383.35784239362283,12.19194529276468,6.920204812696897,0.0,0.0,0.0,0.0,0.0,0.0,0.0,0.0,0.0,0.0,0.0,0.0,0.0,0.0,3,NORMAL,0.0,2026-01-01T00:02:00+00:00,False
2026-01-01T00:02:28Z,ENG-DATASET-003,MSN-NORMAL-003,CRUISE,5000.0,10.0,0.6097255814459116,0.4602744185540884,3686.043221073324,577.5224139096943,153.19956504466745,55.015956846054245,384.30216105366617,12.262408620851371,6.504046251551588,14.2,3686.043221073324,577.5224139096943,153.19956504466745,55.015956846054245,384.30216105366617,12.262408620851371,6.504046251551588,0.0,0.0,0.0,0.0,0.0,0.0,0.0,0.0,0.0,0.0,0.0,0.0,0.0,0.0,3,NORMAL,0.0,2026-01-01T00:02:00+00:00,False
2026-01-01T00:02:29Z,ENG-DATASET-003,MSN-NORMAL-003,CRUISE,5000.0,10.0,0.6133197963476013,0.4566802036523988,3705.8114030326174,580.1754896268511,153.383995780872,54.9412059087064,385.29057015163085,12.33625647347595,6.0109055109606055,14.2,3705.8114030326174,580.1754896268511,153.383995780872,54.9412059087064,385.29057015163085,12.33625647347595,6.0109055109606055,0.0,0.0,0.0,0.0,0.0,0.0,0.0,0.0,0.0,0.0,0.0,0.0,0.0,0.0,3,NORMAL,0.0,2026-01-01T00:02:00+00:00,False
2026-01-01T00:02:30Z,ENG-DATASET-003,MSN-NORMAL-003,CRUISE,5000.0,10.0,0.6170182535930345,0.4529817464069655,3726.1529178825003,582.9096887636678,153.6183384218765,54.87560910426153,386.307645894125,12.41234730278347,6.179126171508674,14.2,3726.1529178825003,582.9096887636678,153.6183384218765,54.87560910426153,386.307645894125,12.41234730278347,6.179126171508674,0.0,0.0,0.0,0.0,0.0,0.0,0.0,0.0,0.0,0.0,0.0,0.0,0.0,0.0,3,NORMAL,0.0,2026-01-01T00:02:00+00:00,False
2026-01-01T00:02:31Z,ENG-DATASET-003,MSN-NORMAL-003,CRUISE,5000.0,10.0,0.6207632399938777,0.44923676000612234,3746.7503430871375,585.6826114708145,153.8985698664592,54.818877815995855,387.3375171543569,12.489500190652642,6.80045869484923,14.2,3746.7503430871375,585.6826114708145,153.8985698664592,54.818877815995855,387.3375171543569,12.489500190652642,6.80045869484923,0.0,0.0,0.0,0.0,0.0,0.0,0.0,0.0,0.0,0.0,0.0,0.0,0.0,0.0,3,NORMAL,0.0,2026-01-01T00:02:00+00:00,False
2026-01-01T00:02:32Z,ENG-DATASET-003,MSN-NORMAL-003,CRUISE,5000.0,10.0,0.6244963162898886,0.44550368371011145,3767.2822627151977,588.4510561068489,154.2199892824845,54.77063757308749,388.3641131357599,12.566512860919008,7.017903314038097,14.2,3767.2822627151977,588.4510561068489,154.2199892824845,54.77063757308749,388.3641131357599,12.566512860919008,7.017903314038097,0.0,0.0,0.0,0.0,0.0,0.0,0.0,0.0,0.0,0.0,0.0,0.0,0.0,0.0,3,NORMAL,0.0,2026-01-01T00:02:00+00:00,False
2026-01-01T00:02:33Z,ENG-DATASET-003,MSN-NORMAL-003,CRUISE,5000.0,10.0,0.6281592290740277,0.44184077092597235,3787.428283027962,591.1716884308911,154.57728256500832,54.7304317945357,389.3714141513981,12.642180320470787,6.552995135138503,14.2,3787.428283027962,591.1716884308911,154.57728256500832,54.7304317945357,389.3714141513981,12.642180320470787,6.552995135138503,0.0,0.0,0.0,0.0,0.0,0.0,0.0,0.0,0.0,0.0,0.0,0.0,0.0,0.0,3,NORMAL,0.0,2026-01-01T00:02:00+00:00,False
2026-01-01T00:02:34Z,ENG-DATASET-003,MSN-NORMAL-003,CRUISE,5000.0,10.0,0.6316948198173914,0.43830518018260867,3806.874032116463,593.8017254674749,154.96459744519436,54.69772689836491,390.3437016058232,12.715313848047186,6.104238071744078,14.2,3806.874032116463,593.8017254674749,154.96459744519436,54.69772689836491,390.3437016058232,12.715313848047186,6.104238071744078,0.0,0.0,0.0,0.0,0.0,0.0,0.0,0.0,0.0,0.0,0.0,0.0,0.0,0.0,3,NORMAL,0.0,2026-01-01T00:02:00+00:00,False
2026-01-01T00:02:35Z,ENG-DATASET-003,MSN-NORMAL-003,CRUISE,5000.0,10.0,0.6350479168089384,0.4349520831910616,3825.316065569971,596.2996229882763,155.3756282753818,54.67191869302687,391.26580327849854,12.78476002512741,6.345869075588087,14.2,3825.316065569971,596.2996229882763,155.3756282753818,54.67191869302687,391.26580327849854,12.78476002512741,6.345869075588087,0.0,0.0,0.0,0.0,0.0,0.0,0.0,0.0,0.0,0.0,0.0,0.0,0.0,0.0,3,NORMAL,0.0,2026-01-01T00:02:00+00:00,False
2026-01-01T00:02:36Z,ENG-DATASET-003,MSN-NORMAL-003,CRUISE,5000.0,10.0,0.638166196091588,0.431833803908412,3842.4666016245446,598.6257547250623,155.8037093159702,54.652339948040094,392.1233300812272,12.84941948389382,6.961406648638573,14.2,3842.4666016245446,598.6257547250623,155.8037093159702,54.652339948040094,392.1233300812272,12.84941948389382,6.961406648638573,0.0,0.0,0.0,0.0,0.0,0.0,0.0,0.0,0.0,0.0,0.0,0.0,0.0,0.0,3,NORMAL,0.0,2026-01-01T00:02:00+00:00,False
2026-01-01T00:02:37Z,ENG-DATASET-003,MSN-NORMAL-003,CRUISE,5000.0,10.0,0.64100099796007,0.42899900203993,3858.058011901196,600.7430708442911,156.24191515548046,54.6382690226336,392.9029005950598,12.908265034396777,7.096602755129693,14.2,3858.058011901196,600.7430708442911,156.24191515548046,54.6382690226336,392.9029005950598,12.908265034396777,7.096602755129693,0.0,0.0,0.0,0.0,0.0,0.0,0.0,0.0,0.0,0.0,0.0,0.0,0.0,0.0,3,NORMAL,0.0,2026-01-01T00:02:00+00:00,False
2026-01-01T00:02:38Z,ENG-DATASET-003,MSN-NORMAL-003,CRUISE,5000.0,10.0,0.6435080862793506,0.4264919137206494,3871.846997657239,602.6177229332454,156.68316671326355,54.6289394147755,393.592349882862,12.960358828100144,6.58287219949094,14.2,3871.846997657239,602.6177229332454,156.68316671326355,54.6289394147755,393.592349882862,12.960358828100144,6.58287219949094,0.0,0.0,0.0,0.0,0.0,0.0,0.0,0.0,0.0,0.0,0.0,0.0,0.0,0.0,3,NORMAL,0.0,2026-01-01T00:02:00+00:00,False
2026-01-01T00:02:39Z,ENG-DATASET-003,MSN-NORMAL-003,CRUISE,5000.0,10.0,0.645648338774725,0.42435166122527496,3883.618386381798,604.219642816841,157.1203411123582,54.623550078724016,394.18091931908987,13.004868219042171,6.178428741573017,14.2,3883.618386381798,604.219642816841,157.1203411123582,54.623550078724016,394.18091931908987,13.004868219042171,6.178428741573017,0.0,0.0,0.0,0.0,0.0,0.0,0.0,0.0,0.0,0.0,0.0,0.0,0.0,0.0,3,NORMAL,0.0,2026-01-01T00:02:00+00:00,False
2026-01-01T00:02:40Z,ENG-DATASET-003,MSN-NORMAL-003,CRUISE,5000.0,10.0,0.6473883575218288,0.4226116424781712,3893.1884894908685,605.5230629755088,157.5463835755101,54.62127634735976,394.65942447454347,13.041079997648014,6.4816642272845515,14.2,3893.1884894908685,605.5230629755088,157.5463835755101,54.62127634735976,394.65942447454347,13.041079997648014,6.4816642272845515,0.0,0.0,0.0,0.0,0.0,0.0,0.0,0.0,0.0,0.0,0.0,0.0,0.0,0.0,3,NORMAL,0.0,2026-01-01T00:02:00+00:00,False
2026-01-01T00:02:41Z,ENG-DATASET-003,MSN-NORMAL-003,CRUISE,5000.0,10.0,0.6487009901100778,0.42129900988992225,3900.4079687262374,606.5069671822492,157.95441939751532,54.62128128623049,395.0203984363119,13.068412696084248,7.073551379142113,14.2,3900.4079687262374,606.5069671822492,157.95441939751532,54.62128128623049,395.0203984363119,13.068412696084248,7.073551379142113,0.0,0.0,0.0,0.0,0.0,0.0,0.0,0.0,0.0,0.0,0.0,0.0,0.0,0.0,3,NORMAL,0.0,2026-01-01T00:02:00+00:00,False
2026-01-01T00:02:42Z,ENG-DATASET-003,MSN-NORMAL-003,CRUISE,5000.0,10.0,0.6495657533469535,0.4204342466530464,3905.164166529055,607.1554612157622,158.33786398815784,54.62272729960785,395.25820832645275,13.08642669776955,7.1177334840588316,14.2,3905.164166529055,607.1554612157622,158.33786398815784,54.62272729960785,395.25820832645275,13.08642669776955,7.1177334840588316,0.0,0.0,0.0,0.0,0.0,0.0,0.0,0.0,0.0,0.0,0.0,0.0,0.0,0.0,3,NORMAL,0.0,2026-01-01T00:02:00+00:00,False
2026-01-01T00:02:43Z,ENG-DATASET-003,MSN-NORMAL-003,CRUISE,5000.0,10.0,0.6499691528913724,0.42003084710862765,3907.3828640233583,607.4580551101349,158.69052896709542,54.62478780502415,395.36914320116796,13.09483192655489,6.558570860037521,14.2,3907.3828640233583,607.4580551101349,158.69052896709542,54.62478780502415,395.36914320116796,13.09483192655489,6.558570860037521,0.0,0.0,0.0,0.0,0.0,0.0,0.0,0.0,0.0,0.0,0.0,0.0,0.0,0.0,3,NORMAL,0.0,2026-01-01T00:02:00+00:00,False
2026-01-01T00:02:44Z,ENG-DATASET-003,MSN-NORMAL-003,CRUISE,5000.0,10.0,0.649904893828364,0.42009510617163603,3907.0294391768125,607.4098503233064,159.00672232846853,54.626658791785445,395.35147195884065,13.093492941967694,6.2007349573341894,14.2,3907.0294391768125,607.4098503233064,159.00672232846853,54.626658791785445,395.35147195884065,13.093492941967694,6.2007349573341894,0.0,0.0,0.0,0.0,0.0,0.0,0.0,0.0,0.0,0.0,0.0,0.0,0.0,0.0,3,NORMAL,0.0,2026-01-01T00:02:00+00:00,False
2026-01-01T00:02:45Z,ENG-DATASET-003,MSN-NORMAL-003,CRUISE,5000.0,10.0,0.6493739788991146,0.4206260211008854,3904.1094070659406,607.011627381273,159.2813407801535,54.62757008086088,395.2054703532971,13.082431324132163,6.556319430132355,14.2,3904.1094070659406,607.011627381273,159.2813407801535,54.62757008086088,395.2054703532971,13.082431324132163,6.556319430132355,0.0,0.0,0.0,0.0,0.0,0.0,0.0,0.0,0.0,0.0,0.0,0.0,0.0,0.0,3,NORMAL,0.0,2026-01-01T00:02:00+00:00,False
2026-01-01T00:02:46Z,ENG-DATASET-003,MSN-NORMAL-003,CRUISE,5000.0,10.0,0.6483846928535261,0.4216153071464739,3898.6683338152034,606.2698319027144,159.509952499706,54.62679610829731,394.93341669076017,13.061825293522341,7.11118491936246,14.2,3898.6683338152034,606.2698319027144,159.509952499706,54.62679610829731,394.93341669076017,13.061825293522341,7.11118491936246,0.0,0.0,0.0,0.0,0.0,0.0,0.0,0.0,0.0,0.0,0.0,0.0,0.0,0.0,3,NORMAL,0.0,2026-01-01T00:02:00+00:00,False
2026-01-01T00:02:47Z,ENG-DATASET-003,MSN-NORMAL-003,CRUISE,5000.0,10.0,0.6469524731694647,0.42304752683053537,3890.7911255528666,605.1964593387753,159.6888687332048,54.62366606182952,394.5395562776433,13.032006574307568,7.061627357879123,14.2,3890.7911255528666,605.1964593387753,159.6888687332048,54.62366606182952,394.5395562776433,13.032006574307568,7.061627357879123,0.0,0.0,0.0,0.0,0.0,0.0,0.0,0.0,0.0,0.0,0.0,0.0,0.0,0.0,3,NORMAL,0.0,2026-01-01T00:02:00+00:00,False
2026-01-01T00:02:48Z,ENG-DATASET-003,MSN-NORMAL-003,CRUISE,5000.0,10.0,0.6450996691560816,0.4249003308439183,3880.600703479259,603.8088411796285,159.81520288937503,54.61757321053146,394.030035173963,12.993454573323586,6.465961925457812,14.2,3880.600703479259,603.8088411796285,159.81520288937503,54.61757321053146,394.030035173963,12.993454573323586,6.465961925457812,0.0,0.0,0.0,0.0,0.0,0.0,0.0,0.0,0.0,0.0,0.0,0.0,0.0,0.0,3,NORMAL,0.0,2026-01-01T00:02:00+00:00,False
2026-01-01T00:02:49Z,ENG-DATASET-003,MSN-NORMAL-003,CRUISE,5000.0,10.0,0.6428551932003197,0.4271448067996803,3868.256085722568,602.1293376883607,159.88691604264653,54.60798328002573,393.41280428612845,12.946788007277034,6.1611742529070925,14.2,3868.256085722568,602.1293376883607,159.88691604264653,54.60798328002573,393.41280428612845,12.946788007277034,6.1611742529070925,0.0,0.0,0.0,0.0,0.0,0.0,0.0,0.0,0.0,0.0,0.0,0.0,0.0,0.0,3,NORMAL,0.0,2026-01-01T00:02:00+00:00,False
2026-01-01T00:02:50Z,ENG-DATASET-003,MSN-NORMAL-003,CRUISE,5000.0,10.0,0.6402540695987841,0.429745930401216,3853.949905914123,600.1849443354579,159.90284804676833,54.594441740737665,392.6974952957062,12.892754166456495,6.564047575074578,14.2,3853.949905914123,600.1849443354579,159.90284804676833,54.594441740737665,392.6974952957062,12.892754166456495,6.564047575074578,0.0,0.0,0.0,0.0,0.0,0.0,0.0,0.0,0.0,0.0,0.0,0.0,0.0,0.0,3,NORMAL,0.0,2026-01-01T00:02:00+00:00,False
2026-01-01T00:02:51Z,ENG-DATASET-003,MSN-NORMAL-003,CRUISE,5000.0,10.0,0.6373368880153083,0.43266311198469176,3837.9054072050067,598.006820947381,159.86273376577603,54.576579893715326,391.8952703602504,12.83221605206068,7.0743577471351715,14.2,3837.9054072050067,598.006820947381,159.86273376577603,54.576579893715326,391.8952703602504,12.83221605206068,7.0743577471351715,0.0,0.0,0.0,0.0,0.0,0.0,0.0,0.0,0.0,0.0,0.0,0.0,0.0,0.0,3,NORMAL,0.0,2026-01-01T00:02:00+00:00,False
2026-01-01T00:02:52Z,ENG-DATASET-003,MSN-NORMAL-003,CRUISE,5000.0,10.0,0.6341491700928259,0.4358508299071741,3820.372958631352,595.6297540900171,159.76720424144884,54.554119657369746,391.0186479315676,12.766137664734204,6.935159239076243,14.2,3820.372958631352,595.6297540900171,159.76720424144884,54.554119657369746,391.0186479315676,12.766137664734204,6.935159239076243,0.0,0.0,0.0,0.0,0.0,0.0,0.0,0.0,0.0,0.0,0.0,0.0,0.0,0.0,3,NORMAL,0.0,2026-01-01T00:02:00+00:00,False
2026-01-01T00:02:53Z,ENG-DATASET-003,MSN-NORMAL-003,CRUISE,5000.0,10.0,0.6307406591033574,0.4392593408966426,3801.626148189276,593.0915643410156,159.61777292582934,54.526876978828874,390.0813074094638,12.69556775296475,6.317645720322963,14.2,3801.626148189276,593.0915643410156,159.61777292582934,54.526876978828874,390.0813074094638,12.69556775296475,6.317645720322963,0.0,0.0,0.0,0.0,0.0,0.0,0.0,0.0,0.0,0.0,0.0,0.0,0.0,0.0,3,NORMAL,0.0,2026-01-01T00:02:00+00:00,False
2026-01-01T00:02:54Z,ENG-DATASET-003,MSN-NORMAL-003,CRUISE,5000.0,10.0,0.6271645437208875,0.4428354562791125,3781.957513585691,590.4324708436267,159.41680740433708,54.49476381512552,389.0978756792846,12.621622351088282,6.076325622616251,14.2,3781.957513585691,590.4324708436267,159.41680740433708,54.49476381512552,389.0978756792846,12.621622351088282,6.076325622616251,0.0,0.0,0.0,0.0,0.0,0.0,0.0,0.0,0.0,0.0,0.0,0.0,0.0,0.0,3,NORMAL,0.0,2026-01-01T00:02:00+00:00,False
2026-01-01T00:02:55Z,ENG-DATASET-003,MSN-NORMAL-003,CRUISE,5000.0,10.0,0.6234766280298968,0.4465233719701032,3761.6739772852434,587.6944258788652,159.167487310875,54.45778865181865,388.08369886426215,12.545466447726596,6.525259810804047,14.2,3761.6739772852434,587.6944258788652,159.167487310875,54.45778865181865,388.08369886426215,12.545466447726596,6.525259810804047,0.0,0.0,0.0,0.0,0.0,0.0,0.0,0.0,0.0,0.0,0.0,0.0,0.0,0.0,3,NORMAL,0.0,2026-01-01T00:02:00+00:00,False
2026-01-01T00:02:56Z,ENG-DATASET-003,MSN-NORMAL-003,CRUISE,5000.0,10.0,0.6197344607212879,0.4502655392787121,3741.092057087894,584.9204321622284,158.8737493838432,54.41605554952971,387.0546028543947,12.468295126976018,6.9886084754014135,14.2,3741.092057087894,584.9204321622284,158.8737493838432,54.41605554952971,387.0546028543947,12.468295126976018,6.9886084754014135,0.0,0.0,0.0,0.0,0.0,0.0,0.0,0.0,0.0,0.0,0.0,0.0,0.0,0.0,3,NORMAL,0.0,2026-01-01T00:02:00+00:00,False
2026-01-01T00:02:57Z,ENG-DATASET-003,MSN-NORMAL-003,CRUISE,5000.0,10.0,0.6159964370643114,0.4540035629356886,3720.532926974523,582.1538552022837,158.54022082551597,54.36976173190403,386.02664634872616,12.391314517426308,6.7694000479152505,14.2,3720.532926974523,582.1538552022837,158.54022082551597,54.36976173190403,386.02664634872616,12.391314517426308,6.7694000479152505,0.0,0.0,0.0,0.0,0.0,0.0,0.0,0.0,0.0,0.0,0.0,0.0,0.0,0.0,3,NORMAL,0.0,2026-01-01T00:02:00+00:00,False
2026-01-01T00:02:58Z,ENG-DATASET-003,MSN-NORMAL-003,CRUISE,5000.0,10.0,0.61232088766792,0.45767911233208003,3700.3174052943705,579.4377424009089,158.17214230298708,54.31919375132272,385.0158702647185,12.315722869292152,6.148582570184409,14.2,3700.3174052943705,579.4377424009089,158.17214230298708,54.31919375132272,385.0158702647185,12.315722869292152,6.148582570184409,0.0,0.0,0.0,0.0,0.0,0.0,0.0,0.0,0.0,0.0,0.0,0.0,0.0,0.0,3,NORMAL,0.0,2026-01-01T00:02:00+00:00,False
2026-01-01T00:02:59Z,ENG-DATASET-003,MSN-NORMAL-003,CRUISE,5000.0,10.0,0.6087651682511251,0.46123483174887486,3680.7609485019984,576.8141596878264,157.77528206488404,54.26472229093668,384.03804742509993,12.242692058998312,5.983032898127682,14.2,3680.7609485019984,576.8141596878264,157.77528206488404,54.26472229093668,384.03804742509993,12.242692058998312,5.983032898127682,0.0,0.0,0.0,0.0,0.0,0.0,0.0,0.0,0.0,0.0,0.0,0.0,0.0,0.0,3,NORMAL,0.0,2026-01-01T00:02:00+00:00,False
2026-01-01T00:03:00Z,ENG-DATASET-003,MSN-NORMAL-003,CRUISE,5000.0,10.0,0.6053847646261847,0.46461523537381527,3662.1687285648263,574.3235554291527,157.35584274412446,54.206795682924515,383.10843642824136,12.17334979501049,6.478438095176814,14.2,3662.1687285648263,574.3235554291527,157.35584274412446,54.206795682924515,383.10843642824136,12.17334979501049,6.478438095176814,0.0,0.0,0.0,0.0,0.0,0.0,0.0,0.0,0.0,0.0,0.0,0.0,0.0,0.0,3,NORMAL,0.0,2026-01-01T00:02:00+00:00,False
2026-01-01T00:03:01Z,ENG-DATASET-003,MSN-NORMAL-003,CRUISE,5000.0,10.0,0.6022324268610607,0.46776757313893935,3644.830870856644,572.0041601953734,156.92036247459635,54.14593224295763,382.24154354283223,12.10876277010877,6.895104010116121,14.2,3644.830870856644,572.0041601953734,156.92036247459635,54.14593224295763,382.24154354283223,12.10876277010877,6.895104010116121,0.0,0.0,0.0,0.0,0.0,0.0,0.0,0.0,0.0,0.0,0.0,0.0,0.0,0.0,3,NORMAL,0.0,2026-01-01T00:02:00+00:00,False
2026-01-01T00:03:02Z,ENG-DATASET-003,MSN-NORMAL-003,CRUISE,5000.0,10.0,0.5993573461322511,0.4706426538677489,3629.0179268481916,569.8914297796712,156.4756119716285,54.082711539374735,381.4508963424096,12.04992097515065,6.608164251682656,14.2,3629.0179268481916,569.8914297796712,156.4756119716285,54.082711539374735,381.4508963424096,12.04992097515065,6.608164251682656,0.0,0.0,0.0,0.0,0.0,0.0,0.0,0.0,0.0,0.0,0.0,0.0,0.0,0.0,3,NORMAL,0.0,2026-01-01T00:02:00+00:00,False
2026-01-01T00:03:03Z,ENG-DATASET-003,MSN-NORMAL-003,CRUISE,5000.0,10.0,0.5968043871129334,0.4731956128870666,3614.9766522419436,568.0175376773406,156.02848921639915,54.017764732236294,380.7488326120972,11.997723359005892,6.00324670993,14.2,3614.9766522419436,568.0175376773406,156.02848921639915,54.017764732236294,380.7488326120972,11.997723359005892,6.00324670993,0.0,0.0,0.0,0.0,0.0,0.0,0.0,0.0,0.0,0.0,0.0,0.0,0.0,0.0,3,NORMAL,0.0,2026-01-01T00:02:00+00:00,False
2026-01-01T00:03:04Z,ENG-DATASET-003,MSN-NORMAL-003,CRUISE,5000.0,10.0,0.5946133878747448,0.4753866121252551,3602.9261564319067,566.4109221165544,155.58591334767308,53.95176413198641,380.1463078215953,11.952964989892838,5.924391228917748,14.2,3602.9261564319067,566.4109221165544,155.58591334767308,53.95176413198641,380.1463078215953,11.952964989892838,5.924391228917748,0.0,0.0,0.0,0.0,0.0,0.0,0.0,0.0,0.0,0.0,0.0,0.0,0.0,0.0,3,NORMAL,0.0,2026-01-01T00:02:00+00:00,False
2026-01-01T00:03:05Z,ENG-DATASET-003,MSN-NORMAL-003,CRUISE,5000.0,10.0,0.5928185382279987,0.47718146177200127,3593.054483374803,565.0958917044104,155.15471930551604,53.88541213966861,379.6527241687402,11.916325845675638,6.465167125751285,14.2,3593.054483374803,565.0958917044104,155.15471930551604,53.88541213966861,379.6527241687402,11.916325845675638,6.465167125751285,0.0,0.0,0.0,0.0,0.0,0.0,0.0,0.0,0.0,0.0,0.0,0.0,0.0,0.0,3,NORMAL,0.0,2026-01-01T00:02:00+00:00,False
2026-01-01T00:03:06Z,ENG-DATASET-003,MSN-NORMAL-003,CRUISE,5000.0,10.0,0.5914478462011294,0.4785521537988706,3585.515677227022,564.0922928425512,154.7415546960282,53.81942974033207,379.2757838613511,11.888361335384579,6.834921519007375,14.2,3585.515677227022,564.0922928425512,154.7415546960282,53.81942974033207,379.2757838613511,11.888361335384579,6.834921519007375,0.0,0.0,0.0,0.0,0.0,0.0,0.0,0.0,0.0,0.0,0.0,0.0,0.0,0.0,3,NORMAL,0.0,2026-01-01T00:02:00+00:00,False
2026-01-01T00:03:07Z,ENG-DATASET-003,MSN-NORMAL-003,CRUISE,5000.0,10.0,0.5905227009847764,0.4794772990152236,3580.427378537081,563.4152412841888,154.35278025853012,53.75454472827507,379.02136892685405,11.869494631601604,6.491776501530006,14.2,3580.427378537081,563.4152412841888,154.35278025853012,53.75454472827507,379.02136892685405,11.869494631601604,6.491776501530006,0.0,0.0,0.0,0.0,0.0,0.0,0.0,0.0,0.0,0.0,0.0,0.0,0.0,0.0,3,NORMAL,0.0,2026-01-01T00:02:00+00:00,False
2026-01-01T00:03:08Z,ENG-DATASET-003,MSN-NORMAL-003,CRUISE,5000.0,10.0,0.5900575391606181,0.4799424608393819,3577.86898850421,563.07491954802,153.9943752213776,53.691479846993424,378.8934494252105,11.860010873442057,5.919153849452368,14.2,3577.86898850421,563.07491954802,153.9943752213776,53.691479846993424,378.8934494252105,11.860010873442057,5.919153849452368,0.0,0.0,0.0,0.0,0.0,0.0,0.0,0.0,0.0,0.0,0.0,0.0,0.0,0.0,3,NORMAL,0.0,2026-01-01T00:02:00+00:00,False
2026-01-01T00:03:09Z,ENG-DATASET-003,MSN-NORMAL-003,CRUISE,5000.0,10.0,0.5900596194233431,0.4799403805766569,3577.880429949197,563.0764413627193,153.67184873330783,53.63094102806758,378.8940214974599,11.860053282443968,5.933316285346813,14.2,3577.880429949197,563.0764413627193,153.67184873330783,53.63094102806758,378.8940214974599,11.860053282443968,5.933316285346813,0.0,0.0,0.0,0.0,0.0,0.0,0.0,0.0,0.0,0.0,0.0,0.0,0.0,0.0,3,NORMAL,0.0,2026-01-01T00:02:00+00:00,False
2026-01-01T00:03:10Z,ENG-DATASET-003,MSN-NORMAL-003,CRUISE,5000.0,10.0,0.5905289093111473,0.4794710906888527,3580.4615243321205,563.4197838680175,153.39015845667748,53.57360591171178,379.023076216606,11.869621218319859,6.513992056708456,14.2,3580.4615243321205,563.4197838680175,153.39015845667748,53.57360591171178,379.023076216606,11.869621218319859,6.513992056708456,0.0,0.0,0.0,0.0,0.0,0.0,0.0,0.0,0.0,0.0,0.0,0.0,0.0,0.0,3,NORMAL,0.0,2026-01-01T00:02:00+00:00,False
2026-01-01T00:03:11Z,ENG-DATASET-003,MSN-NORMAL-003,CRUISE,5000.0,10.0,0.5914580857122896,0.4785419142877104,3585.571994538403,564.0997879173756,153.15363730894413,53.52011282734545,379.27859972692016,11.888570187638747,6.833417494223276,14.2,3585.571994538403,564.0997879173756,153.15363730894413,53.52011282734545,379.27859972692016,11.888570187638747,6.833417494223276,0.0,0.0,0.0,0.0,0.0,0.0,0.0,0.0,0.0,0.0,0.0,0.0,0.0,0.0,3,NORMAL,0.0,2026-01-01T00:02:00+00:00,False
2026-01-01T00:03:12Z,ENG-DATASET-003,MSN-NORMAL-003,CRUISE,5000.0,10.0,0.5928326491398013,0.47716735086019874,3593.1320933897173,565.1062264807357,152.9659292400681,53.47105040539962,379.6566046694859,11.916613805380667,6.442188988870501,14.2,3593.1320933897173,565.1062264807357,152.9659292400681,53.47105040539962,379.6566046694859,11.916613805380667,6.442188988870501,0.0,0.0,0.0,0.0,0.0,0.0,0.0,0.0,0.0,0.0,0.0,0.0,0.0,0.0,3,NORMAL,0.0,2026-01-01T00:02:00+00:00,False
2026-01-01T00:03:13Z,ENG-DATASET-003,MSN-NORMAL-003,CRUISE,5000.0,10.0,0.5946311499911306,0.47536885000886936,3603.023848072029,566.4239407991662,152.82993483604045,53.426947981750516,380.1511924036015,11.953327696177096,5.912984172672046,14.2,3603.023848072029,566.4239407991662,152.82993483604045,53.426947981750516,380.1511924036015,11.953327696177096,5.912984172672046,0.0,0.0,0.0,0.0,0.0,0.0,0.0,0.0,0.0,0.0,0.0,0.0,0.0,0.0,3,NORMAL,0.0,2026-01-01T00:02:00+00:00,False
2026-01-01T00:03:14Z,ENG-DATASET-003,MSN-NORMAL-003,CRUISE,5000.0,10.0,0.5968255232620169,0.47317447673798313,3615.092901061903,568.0330435617486,152.7477674414801,53.38826694383218,380.75464505309515,11.998155308153358,6.019910659423201,14.2,3615.092901061903,568.0330435617486,152.7477674414801,53.38826694383218,380.75464505309515,11.998155308153358,6.019910659423201,0.0,0.0,0.0,0.0,0.0,0.0,0.0,0.0,0.0,0.0,0.0,0.0,0.0,0.0,3,NORMAL,0.0,2026-01-01T00:02:00+00:00,False
2026-01-01T00:03:15Z,ENG-DATASET-003,MSN-NORMAL-003,LOITER,4500.0,10.0,0.39938152649149494,0.32061847350850503,2664.5117882187847,431.30859474236917,149.25570556589133,52.9321858190017,333.2255894109393,9.177339211638412,4.8822536730785355,14.2,2664.5117882187847,431.30859474236917,149.25570556589133,52.9321858190017,333.2255894109393,9.177339211638412,4.8822536730785355,0.0,0.0,0.0,0.0,0.0,0.0,0.0,0.0,0.0,0.0,0.0,0.0,0.0,0.0,3,NORMAL,0.0,2026-01-01T00:02:00+00:00,False
2026-01-01T00:03:16Z,ENG-DATASET-003,MSN-NORMAL-003,LOITER,4500.0,10.0,0.40225927410404627,0.3177407258959537,2680.3394000878175,433.4374929977244,146.1660723342453,52.499309572979186,334.0169700043909,9.236579775900424,5.143636632654664,14.2,2680.3394000878175,433.4374929977244,146.1660723342453,52.499309572979186,334.0169700043909,9.236579775900424,5.143636632654664,0.0,0.0,0.0,0.0,0.0,0.0,0.0,0.0,0.0,0.0,0.0,0.0,0.0,0.0,3,NORMAL,0.0,2026-01-01T00:02:00+00:00,False
2026-01-01T00:03:17Z,ENG-DATASET-003,MSN-NORMAL-003,LOITER,4500.0,10.0,0.4054138598106645,0.31458614018933545,2697.689621474218,435.77406846412396,143.44381681242388,52.089187317671055,334.8844810737109,9.301588978762043,4.708111174842131,14.2,2697.689621474218,435.77406846412396,143.44381681242388,52.089187317671055,334.8844810737109,9.301588978762043,4.708111174842131,0.0,0.0,0.0,0.0,0.0,0.0,0.0,0.0,0.0,0.0,0.0,0.0,0.0,0.0,3,NORMAL,0.0,2026-01-01T00:02:00+00:00,False
2026-01-01T00:03:18Z,ENG-DATASET-003,MSN-NORMAL-003,LOITER,4500.0,10.0,0.40879605735647656,0.3112039426435234,2716.291707976184,438.2825835526762,141.05649971999838,51.701301327654235,335.8145853988092,9.371369909444976,4.227583207682696,14.2,2716.291707976184,438.2825835526762,141.05649971999838,51.701301327654235,335.8145853988092,9.371369909444976,4.227583207682696,0.0,0.0,0.0,0.0,0.0,0.0,0.0,0.0,0.0,0.0,0.0,0.0,0.0,0.0,3,NORMAL,0.0,2026-01-01T00:02:00+00:00,False
2026-01-01T00:03:19Z,ENG-DATASET-003,MSN-NORMAL-003,LOITER,4500.0,10.0,0.4123530886799851,0.30764691132001487,2735.855380255481,440.92451586720415,138.97396264467864,51.33506358986482,336.7927690127741,9.444848731153163,4.420448525908308,14.2,2735.855380255481,440.92451586720415,138.97396264467864,51.33506358986482,336.7927690127741,9.444848731153163,4.420448525908308,0.0,0.0,0.0,0.0,0.0,0.0,0.0,0.0,0.0,0.0,0.0,0.0,0.0,0.0,3,NORMAL,0.0,2026-01-01T00:02:00+00:00,False
2026-01-01T00:03:20Z,ENG-DATASET-003,MSN-NORMAL-003,LOITER,4500.0,10.0,0.4160294474970668,0.3039705525029332,2756.07535374943,443.659120510114,137.16804439296362,50.98981391127161,337.8037676874715,9.520890497451342,5.0418972246843605,14.2,2756.07535374943,443.659120510114,137.16804439296362,50.98981391127161,337.8037676874715,9.520890497451342,5.0418972246843605,0.0,0.0,0.0,0.0,0.0,0.0,0.0,0.0,0.0,0.0,0.0,0.0,0.0,0.0,3,NORMAL,0.0,2026-01-01T00:02:00+00:00,False
2026-01-01T00:03:21Z,ENG-DATASET-003,MSN-NORMAL-003,LOITER,4500.0,10.0,0.4197677654579711,0.30023223454202885,2776.636102534404,446.4440355885595,135.61234084338125,50.66481959561679,338.8318051267202,9.598316128607953,5.234155281875009,14.2,2776.636102534404,446.4440355885595,135.61234084338125,50.66481959561679,338.8318051267202,9.598316128607953,5.234155281875009,0.0,0.0,0.0,0.0,0.0,0.0,0.0,0.0,0.0,0.0,0.0,0.0,0.0,0.0,3,NORMAL,0.0,2026-01-01T00:02:00+00:00,False
2026-01-01T00:03:22Z,ENG-DATASET-003,MSN-NORMAL-003,LOITER,4500.0,10.0,0.4235097073612309,0.2964902926387691,2797.2167830023327,449.2359234057079,134.28200484418582,50.359276676559304,339.86083915011665,9.675920329831477,4.754888400917986,14.2,2797.2167830023327,449.2359234057079,134.28200484418582,50.359276676559304,339.86083915011665,9.675920329831477,4.754888400917986,0.0,0.0,0.0,0.0,0.0,0.0,0.0,0.0,0.0,0.0,0.0,0.0,0.0,0.0,3,NORMAL,0.0,2026-01-01T00:02:00+00:00,False
2026-01-01T00:03:23Z,ENG-DATASET-003,MSN-NORMAL-003,LOITER,4500.0,10.0,0.4271968814549707,0.2928031185450293,2817.4962405179017,451.9911386393011,133.15358282574977,50.07231267097746,340.8748120258951,9.752490203472574,4.323871794597098,14.2,2817.4962405179017,451.9911386393011,133.15358282574977,50.07231267097746,340.8748120258951,9.752490203472574,4.323871794597098,0.0,0.0,0.0,0.0,0.0,0.0,0.0,0.0,0.0,0.0,0.0,0.0,0.0,0.0,3,NORMAL,0.0,2026-01-01T00:02:00+00:00,False
2026-01-01T00:03:24Z,ENG-DATASET-003,MSN-NORMAL-003,LOITER,4500.0,10.0,0.43077175062066503,0.28922824937933495,2837.1580209292206,454.6664136714931,132.20488488496213,49.80299079314595,341.85790104646105,9.826824279064105,4.591268621425063,14.2,2837.1580209292206,454.6664136714931,132.20488488496213,49.80299079314595,341.85790104646105,9.826824279064105,4.591268621425063,0.0,0.0,0.0,0.0,0.0,0.0,0.0,0.0,0.0,0.0,0.0,0.0,0.0,0.0,3,NORMAL,0.0,2026-01-01T00:02:00+00:00,False
2026-01-01T00:03:25Z,ENG-DATASET-003,MSN-NORMAL-003,LOITER,4500.0,10.0,0.43417853022062913,0.28582146977937084,2855.895308729023,457.21955020040303,131.414885151476,49.550315548358675,342.79476543645114,9.897751659996906,5.2056474848959295,14.2,2855.895308729023,457.21955020040303,131.414885151476,49.550315548358675,342.79476543645114,9.897751659996906,5.2056474848959295,0.0,0.0,0.0,0.0,0.0,0.0,0.0,0.0,0.0,0.0,0.0,0.0,0.0,0.0,3,NORMAL,0.0,2026-01-01T00:02:00+00:00,False
2026-01-01T00:03:26Z,ENG-DATASET-003,MSN-NORMAL-003,LOITER,4500.0,10.0,0.4373640585986325,0.2826359414013675,2873.4157148080412,459.61010539828777,130.7636492712856,49.31323960366979,343.67078574040204,9.964150965216506,5.316975563111227,14.2,2873.4157148080412,459.61010539828777,130.7636492712856,49.31323960366979,343.67078574040204,9.964150965216506,5.316975563111227,0.0,0.0,0.0,0.0,0.0,0.0,0.0,0.0,0.0,0.0,0.0,0.0,0.0,0.0,3,NORMAL,0.0,2026-01-01T00:02:00+00:00,False
2026-01-01T00:03:27Z,ENG-DATASET-003,MSN-NORMAL-003,LOITER,4500.0,10.0,0.4402786266497639,0.27972137335023606,2889.4458390892646,461.8000602462793,130.232285850314,49.090671814098,344.47229195446323,10.024968730081234,4.793969080130158,14.2,2889.4458390892646,461.8000602462793,130.232285850314,49.090671814098,344.47229195446323,10.024968730081234,4.793969080130158,0.0,0.0,0.0,0.0,0.0,0.0,0.0,0.0,0.0,0.0,0.0,0.0,0.0,0.0,3,NORMAL,0.0,2026-01-01T00:02:00+00:00,False
2026-01-01T00:03:28Z,ENG-DATASET-003,MSN-NORMAL-003,LOITER,4500.0,10.0,0.44287675351438804,0.27712324648561193,2903.735536844697,463.75445732884407,129.8029186985037,48.88148626518602,345.18677684223485,10.079236923823323,4.4117401139452745,14.2,2903.735536844697,463.75445732884407,129.8029186985037,48.88148626518602,345.18677684223485,10.079236923823323,4.4117401139452745,0.0,0.0,0.0,0.0,0.0,0.0,0.0,0.0,0.0,0.0,0.0,0.0,0.0,0.0,3,NORMAL,0.0,2026-01-01T00:02:00+00:00,False
2026-01-01T00:03:29Z,ENG-DATASET-003,MSN-NORMAL-003,LOITER,4500.0,10.0,0.44511789629174847,0.2748821037082515,2916.0618221201794,465.44199536093436,129.4586767126767,48.68453217750183,345.803091106009,10.126089243048128,4.740909602507086,14.2,2916.0618221201794,465.44199536093436,129.4586767126767,48.68453217750183,345.803091106009,10.126089243048128,4.740909602507086,0.0,0.0,0.0,0.0,0.0,0.0,0.0,0.0,0.0,0.0,0.0,0.0,0.0,0.0,3,NORMAL,0.0,2026-01-01T00:02:00+00:00,False
2026-01-01T00:03:30Z,ENG-DATASET-003,MSN-NORMAL-003,LOITER,4500.0,10.0,0.446967082698374,0.273032917301626,2926.23234735662,466.835568082362,129.1836982434681,48.49864450575022,346.311617367831,10.164775852208894,5.329733556436776,14.2,2926.23234735662,466.835568082362,129.1836982434681,48.49864450575022,346.311617367831,10.164775852208894,5.329733556436776,0.0,0.0,0.0,0.0,0.0,0.0,0.0,0.0,0.0,0.0,0.0,0.0,0.0,0.0,3,NORMAL,0.0,2026-01-01T00:02:00+00:00,False
2026-01-01T00:03:31Z,ENG-DATASET-003,MSN-NORMAL-003,LOITER,4500.0,10.0,0.4483954567988657,0.27160454320113425,2934.0884049093243,467.91273590588065,128.9631468167683,48.32265505483504,346.7044202454662,10.19467626341463,5.350995924393226,14.2,2934.0884049093243,467.91273590588065,128.9631468167683,48.32265505483504,346.7044202454662,10.19467626341463,5.350995924393226,0.0,0.0,0.0,0.0,0.0,0.0,0.0,0.0,0.0,0.0,0.0,0.0,0.0,0.0,3,NORMAL,0.0,2026-01-01T00:02:00+00:00,False
2026-01-01T00:03:32Z,ENG-DATASET-003,MSN-NORMAL-003,LOITER,4500.0,10.0,0.4493807292931175,0.27061927070688246,2939.507403627709,468.6561198472549,128.78323513127285,48.15540392763621,346.9753701813855,10.215310079202952,4.786885301631761,14.2,2939.507403627709,468.6561198472549,128.78323513127285,48.15540392763621,346.9753701813855,10.215310079202952,4.786885301631761,0.0,0.0,0.0,0.0,0.0,0.0,0.0,0.0,0.0,0.0,0.0,0.0,0.0,0.0,3,NORMAL,0.0,2026-01-01T00:02:00+00:00,False
2026-01-01T00:03:33Z,ENG-DATASET-003,MSN-NORMAL-003,LOITER,4500.0,10.0,0.44990752533338946,0.2700924746666105,2942.404781849205,469.0537087763999,128.63125433755556,47.995751114560285,347.1202390924602,10.226345362477538,4.454315486001552,14.2,2942.404781849205,469.0537087763999,128.63125433755556,47.995751114560285,347.1202390924602,10.226345362477538,4.454315486001552,0.0,0.0,0.0,0.0,0.0,0.0,0.0,0.0,0.0,0.0,0.0,0.0,0.0,0.0,3,NORMAL,0.0,2026-01-01T00:02:00+00:00,False
2026-01-01T00:03:34Z,ENG-DATASET-003,MSN-NORMAL-003,LOITER,4500.0,10.0,0.4499676244436647,0.27003237555633525,2942.735326955719,469.0990728673494,128.49560572548373,47.84258803316305,347.13676634778597,10.227604446612222,4.834416818398818,14.2,2942.735326955719,469.0990728673494,128.49560572548373,47.84258803316305,347.13676634778597,10.227604446612222,4.834416818398818,0.0,0.0,0.0,0.0,0.0,0.0,0.0,0.0,0.0,0.0,0.0,0.0,0.0,0.0,3,NORMAL,0.0,2026-01-01T00:02:00+00:00,False
2026-01-01T00:03:35Z,ENG-DATASET-003,MSN-NORMAL-003,LOITER,4500.0,10.0,0.449560088797428,0.270439911202572,2940.4938809014166,468.79147823153977,128.36583210872385,47.69484882735577,347.0246940450709,10.219067054245563,5.383159662720265,14.2,2940.4938809014166,468.79147823153977,128.36583210872385,47.69484882735577,347.0246940450709,10.219067054245563,5.383159662720265,0.0,0.0,0.0,0.0,0.0,0.0,0.0,0.0,0.0,0.0,0.0,0.0,0.0,0.0,3,NORMAL,0.0,2026-01-01T00:02:00+00:00,False
2026-01-01T00:03:36Z,ENG-DATASET-003,MSN-NORMAL-003,LOITER,4500.0,10.0,0.4486912778521351,0.2713087221478649,2935.715420702306,468.1359000181792,128.23264639830595,47.55152123987511,346.7857710351153,10.20087065363164,5.3107641009600215,14.2,2935.715420702306,468.1359000181792,128.23264639830595,47.55152123987511,346.7857710351153,10.20087065363164,5.3107641009600215,0.0,0.0,0.0,0.0,0.0,0.0,0.0,0.0,0.0,0.0,0.0,0.0,0.0,0.0,3,NORMAL,0.0,2026-01-01T00:02:00+00:00,False
2026-01-01T00:03:37Z,ENG-DATASET-003,MSN-NORMAL-003,LOITER,4500.0,10.0,0.44737474911200587,0.2726252508879941,2928.474512631595,467.1429336702864,128.0879551002325,47.411656878755515,346.42372563157977,10.173308044394552,4.713254697833988,14.2,2928.474512631595,467.1429336702864,128.0879551002325,47.411656878755515,346.42372563157977,10.173308044394552,4.713254697833988,0.0,0.0,0.0,0.0,0.0,0.0,0.0,0.0,0.0,0.0,0.0,0.0,0.0,0.0,3,NORMAL,0.0,2026-01-01T00:02:00+00:00,False
2026-01-01T00:03:38Z,ENG-DATASET-003,MSN-NORMAL-003,LOITER,4500.0,10.0,0.44563104656770564,0.27436895343229434,2918.8841486379442,465.8286064419573,127.92487475125819,47.27438070838364,345.9442074318972,10.136822227819886,4.435008521778789,14.2,2918.8841486379442,465.8286064419573,127.92487475125819,47.27438070838364,345.9442074318972,10.136822227819886,4.435008521778789,0.0,0.0,0.0,0.0,0.0,0.0,0.0,0.0,0.0,0.0,0.0,0.0,0.0,0.0,3,NORMAL,0.0,2026-01-01T00:02:00+00:00,False
2026-01-01T00:03:39Z,ENG-DATASET-003,MSN-NORMAL-003,LOITER,4500.0,10.0,0.4434873801142418,0.27651261988575815,2907.093983143893,464.2140936174199,127.73773961656786,47.13889960818273,345.35469915719466,10.091998678051999,4.859218649083081,14.2,2907.093983143893,464.2140936174199,127.73773961656786,47.13889960818273,345.35469915719466,10.091998678051999,4.859218649083081,0.0,0.0,0.0,0.0,0.0,0.0,0.0,0.0,0.0,0.0,0.0,0.0,0.0,0.0,3,NORMAL,0.0,2026-01-01T00:02:00+00:00,False
2026-01-01T00:03:40Z,ENG-DATASET-003,MSN-NORMAL-003,LOITER,4500.0,10.0,0.4409772009496529,0.27902279905034705,2893.2879977386538,462.3253460363342,127.52209930581944,47.00450985687851,344.6643998869327,10.039555187519284,5.359143771959935,14.2,2893.2879977386538,462.3253460363342,127.52209930581944,47.00450985687851,344.6643998869327,10.039555187519284,5.359143771959935,0.0,0.0,0.0,0.0,0.0,0.0,0.0,0.0,0.0,0.0,0.0,0.0,0.0,0.0,3,NORMAL,0.0,2026-01-01T00:02:00+00:00,False
2026-01-01T00:03:41Z,ENG-DATASET-003,MSN-NORMAL-003,LOITER,4500.0,10.0,0.43813967958025113,0.28186032041974884,2877.681630206944,460.1926374436278,127.27470531132819,46.870603417403345,343.8840815103472,9.980329510597274,5.196321462955817,14.2,2877.681630206944,460.1926374436278,127.27470531132819,46.870603417403345,343.8840815103472,9.980329510597274,5.196321462955817,0.0,0.0,0.0,0.0,0.0,0.0,0.0,0.0,0.0,0.0,0.0,0.0,0.0,0.0,3,NORMAL,0.0,2026-01-01T00:02:00+00:00,False
2026-01-01T00:03:42Z,ENG-DATASET-003,MSN-NORMAL-003,LOITER,4500.0,10.0,0.43501909457797244,0.28498090542202753,2860.5184126944114,457.85004178181856,126.99348582474083,46.73667291653774,343.0259206347206,9.91526507232063,4.578892218919276,14.2,2860.5184126944114,457.85004178181856,126.99348582474083,46.73667291653774,343.0259206347206,9.91526507232063,4.578892218919276,0.0,0.0,0.0,0.0,0.0,0.0,0.0,0.0,0.0,0.0,0.0,0.0,0.0,0.0,3,NORMAL,0.0,2026-01-01T00:02:00+00:00,False
2026-01-01T00:03:43Z,ENG-DATASET-003,MSN-NORMAL-003,LOITER,4500.0,10.0,0.4316641416280707,0.28833585837192927,2842.0661714699518,455.334851783061,126.67750853684328,46.602315234069,342.1033085734976,9.845395042687715,4.363793805483996,14.2,2842.0661714699518,455.334851783061,126.67750853684328,46.602315234069,342.1033085734976,9.845395042687715,4.363793805483996,0.0,0.0,0.0,0.0,0.0,0.0,0.0,0.0,0.0,0.0,0.0,0.0,0.0,0.0,3,NORMAL,0.0,2026-01-01T00:02:00+00:00,False
2026-01-01T00:03:44Z,ENG-DATASET-003,MSN-NORMAL-003,LOITER,4500.0,10.0,0.4281271736492361,0.2918728263507639,2822.6128475863616,452.68695107099245,126.32693145993376,46.46723363824585,341.1306423793181,9.771825101075788,4.829478687372826,14.2,2822.6128475863616,452.68695107099245,126.32693145993376,46.46723363824585,341.1306423793181,9.771825101075788,4.829478687372826,0.0,0.0,0.0,0.0,0.0,0.0,0.0,0.0,0.0,0.0,0.0,0.0,0.0,0.0,3,NORMAL,0.0,2026-01-01T00:02:00+00:00,False
2026-01-01T00:03:45Z,ENG-DATASET-003,MSN-NORMAL-003,LOITER,4500.0,10.0,0.42446338384380866,0.2955366161561913,2802.4620036565107,449.94815244314736,125.94294212501907,46.331238427280745,340.1231001828255,9.695715229311201,5.277445642089707,14.2,2802.4620036565107,449.94815244314736,125.94294212501907,46.331238427280745,340.1231001828255,9.695715229311201,5.277445642089707,0.0,0.0,0.0,0.0,0.0,0.0,0.0,0.0,0.0,0.0,0.0,0.0,0.0,0.0,3,NORMAL,0.0,2026-01-01T00:02:00+00:00,False
2026-01-01T00:03:46Z,ENG-DATASET-003,MSN-NORMAL-003,LOITER,4500.0,10.0,0.42072994442631606,0.2992700555736839,2781.9280868603014,447.1615150871649,125.52768578969629,46.194246060241326,339.0964043430151,9.618260876309586,5.033454267545494,14.2,2781.9280868603014,447.1615150871649,125.52768578969629,46.194246060241326,339.0964043430151,9.618260876309586,5.033454267545494,0.0,0.0,0.0,0.0,0.0,0.0,0.0,0.0,0.0,0.0,0.0,0.0,0.0,0.0,3,NORMAL,0.0,2026-01-01T00:02:00+00:00,False
2026-01-01T00:03:47Z,ENG-DATASET-003,MSN-NORMAL-003,LOITER,4500.0,10.0,0.416985114470187,0.303014885529813,2761.3315221015914,444.37065321944317,125.08418354121274,46.05627678451085,338.06657610507955,9.540673832634779,4.413999131049866,14.2,2761.3315221015914,444.37065321944317,125.08418354121274,46.05627678451085,338.06657610507955,9.540673832634779,4.413999131049866,0.0,0.0,0.0,0.0,0.0,0.0,0.0,0.0,0.0,0.0,0.0,0.0,0.0,0.0,3,NORMAL,0.0,2026-01-01T00:02:00+00:00,False
2026-01-01T00:03:48Z,ENG-DATASET-003,MSN-NORMAL-003,LOITER,4500.0,10.0,0.4132873307943961,0.30671266920560386,2740.9937118847415,441.61904806868046,124.61624138880848,45.9174507907134,337.0496855942371,9.464163140893024,4.273391698750811,14.2,2740.9937118847415,441.61904806868046,124.61624138880848,45.9174507907134,337.0496855942371,9.464163140893024,4.273391698750811,0.0,0.0,0.0,0.0,0.0,0.0,0.0,0.0,0.0,0.0,0.0,0.0,0.0,0.0,3,NORMAL,0.0,2026-01-01T00:02:00+00:00,False
2026-01-01T00:03:49Z,ENG-DATASET-003,MSN-NORMAL-003,LOITER,4500.0,10.0,0.4096942960764483,0.31030570392355167,2721.2320209360287,438.94937431453167,124.12835160779092,45.777982949223116,336.06160104680146,9.389916348908454,4.780326675442377,14.2,2721.2320209360287,438.94937431453167,124.12835160779092,45.777982949223116,336.06160104680146,9.389916348908454,4.780326675442377,0.0,0.0,0.0,0.0,0.0,0.0,0.0,0.0,0.0,0.0,0.0,0.0,0.0,0.0,3,NORMAL,0.0,2026-01-01T00:02:00+00:00,False
2026-01-01T00:03:50Z,ENG-DATASET-003,MSN-NORMAL-003,LOITER,4500.0,10.0,0.40626207842139567,0.3137379215786043,2702.354823833239,436.4028510950934,123.62558772438916,45.6381762047458,335.11774119166193,9.319081388600944,5.176708267182548,14.2,2702.354823833239,436.4028510950934,123.62558772438916,45.6381762047458,335.11774119166193,9.319081388600944,5.176708267182548,0.0,0.0,0.0,0.0,0.0,0.0,0.0,0.0,0.0,0.0,0.0,0.0,0.0,0.0,3,NORMAL,0.0,2026-01-01T00:02:00+00:00,False
2026-01-01T00:03:51Z,ENG-DATASET-003,MSN-NORMAL-003,LOITER,4500.0,10.0,0.4030442364378103,0.3169557635621897,2684.6566929235196,434.0186265796471,123.11349461644143,45.4984137266276,334.232834646176,9.252749335944918,4.864252127799938,14.2,2684.6566929235196,434.0186265796471,123.11349461644143,45.4984137266276,334.232834646176,9.252749335944918,4.864252127799938,0.0,0.0,0.0,0.0,0.0,0.0,0.0,0.0,0.0,0.0,0.0,0.0,0.0,0.0,3,NORMAL,0.0,2026-01-01T00:02:00+00:00,False
2026-01-01T00:03:52Z,ENG-DATASET-003,MSN-NORMAL-003,LOITER,4500.0,10.0,0.40009098347361094,0.31990901652638903,2668.4138016204233,431.83320392642105,122.59797525295781,45.3591499321786,333.4206900810212,9.191938277822633,4.262107113091336,14.2,2668.4138016204233,431.83320392642105,122.59797525295781,45.3591499321786,333.4206900810212,9.191938277822633,4.262107113091336,0.0,0.0,0.0,0.0,0.0,0.0,0.0,0.0,0.0,0.0,0.0,0.0,0.0,0.0,3,NORMAL,0.0,2026-01-01T00:02:00+00:00,False
2026-01-01T00:03:53Z,ENG-DATASET-003,MSN-NORMAL-003,LOITER,4500.0,10.0,0.39744840405356296,0.322551595946437,2653.879614810159,429.87991526494045,122.08517560928554,45.2209005180937,332.693980740508,9.137578481367065,4.2067956544008105,14.2,2653.879614810159,429.87991526494045,122.08517560928554,45.2209005180937,332.693980740508,9.137578481367065,4.2067956544008105,0.0,0.0,0.0,0.0,0.0,0.0,0.0,0.0,0.0,0.0,0.0,0.0,0.0,0.0,3,NORMAL,0.0,2026-01-01T00:02:00+00:00,False
2026-01-01T00:03:54Z,ENG-DATASET-003,MSN-NORMAL-003,LOITER,4500.0,10.0,0.39515773474568266,0.3248422652543173,2641.2809336168175,428.1884492063346,121.58136927851535,45.08423165073102,332.0640466808409,9.09049903169476,4.754156614571677,14.2,2641.2809336168175,428.1884492063346,121.58136927851535,45.08423165073102,332.0640466808409,9.09049903169476,4.754156614571677,0.0,0.0,0.0,0.0,0.0,0.0,0.0,0.0,0.0,0.0,0.0,0.0,0.0,0.0,3,NORMAL,0.0,2026-01-01T00:02:00+00:00,False
2026-01-01T00:03:55Z,ENG-DATASET-003,MSN-NORMAL-003,LOITER,4500.0,10.0,0.39325472067838524,0.32674527932161473,2630.814356246682,426.78443633003894,121.0928432589148,44.949748479326125,331.54071781233415,9.051416075694315,5.099711529640514,14.2,2630.814356246682,426.78443633003894,121.0928432589148,44.949748479326125,331.54071781233415,9.051416075694315,5.099711529640514,0.0,0.0,0.0,0.0,0.0,0.0,0.0,0.0,0.0,0.0,0.0,0.0,0.0,0.0,3,NORMAL,0.0,2026-01-01T00:02:00+00:00,False
2026-01-01T00:03:56Z,ENG-DATASET-003,MSN-NORMAL-003,LOITER,4500.0,10.0,0.3917690577497114,0.3282309422502886,2622.6432101389755,425.6890961474336,120.62578633670915,44.818083146969364,331.1321605069488,9.020922783427853,4.731537881919367,14.2,2622.6432101389755,425.6890961474336,120.62578633670915,44.818083146969364,331.1321605069488,9.020922783427853,4.731537881919367,0.0,0.0,0.0,0.0,0.0,0.0,0.0,0.0,0.0,0.0,0.0,0.0,0.0,0.0,3,NORMAL,0.0,2026-01-01T00:02:00+00:00,False
2026-01-01T00:03:57Z,ENG-DATASET-003,MSN-NORMAL-003,LOITER,4500.0,10.0,0.3907239292327702,0.32927607076722976,2616.895003295799,424.91894821603535,120.18618140843913,44.68988248218801,330.84475016478996,8.99948111510756,4.163951022529059,14.2,2616.895003295799,424.91894821603535,120.18618140843913,44.68988248218801,330.84475016478996,8.99948111510756,4.163951022529059,0.0,0.0,0.0,0.0,0.0,0.0,0.0,0.0,0.0,0.0,0.0,0.0,0.0,0.0,3,NORMAL,0.0,2026-01-01T00:02:00+00:00,False
2026-01-01T00:03:58Z,ENG-DATASET-003,MSN-NORMAL-003,LOITER,4500.0,10.0,0.39013564400851636,0.3298643559914836,2613.659434562403,424.4855893742502,119.77970300195148,44.56579555912851,330.68297172812015,8.98741546063922,4.200862429334748,14.2,2613.659434562403,424.4855893742502,119.77970300195148,44.56579555912851,330.68297172812015,8.98741546063922,4.200862429334748,0.0,0.0,0.0,0.0,0.0,0.0,0.0,0.0,0.0,0.0,0.0,0.0,0.0,0.0,3,NORMAL,0.0,2026-01-01T00:02:00+00:00,False
2026-01-01T00:03:59Z,ENG-DATASET-003,MSN-NORMAL-003,LOITER,4500.0,10.0,0.39001338207111713,0.32998661792888284,2612.986993906707,424.39553847811686,119.41162116370924,44.4464613165476,330.64934969533533,8.984908200240788,4.784179767436322,14.2,2612.986993906707,424.39553847811686,119.41162116370924,44.4464613165476,330.64934969533533,8.984908200240788,4.784179767436322,0.0,0.0,0.0,0.0,0.0,0.0,0.0,0.0,0.0,0.0,0.0,0.0,0.0,0.0,3,NORMAL,0.0,2026-01-01T00:02:00+00:00,False
2026-01-01T00:04:00Z,ENG-DATASET-003,MSN-NORMAL-003,DESCENT,2200.0,10.0,0.32035905127721415,0.42964094872278585,2221.4375663331634,458.24813646521295,119.92666245896864,44.44284491206449,311.07187831665817,9.933054028257644,4.686939753700024,14.2,2221.4375663331634,458.24813646521295,119.92666245896864,44.44284491206449,311.07187831665817,9.933054028257644,4.686939753700024,0.0,0.0,0.0,0.0,0.0,0.0,0.0,0.0,0.0,0.0,0.0,0.0,0.0,0.0,3,NORMAL,0.0,2026-01-01T00:02:00+00:00,False
2026-01-01T00:04:01Z,ENG-DATASET-003,MSN-NORMAL-003,DESCENT,2200.0,10.0,0.3211672575744583,0.4288327424255417,2225.8827009680062,459.0024272524507,120.40905689438304,44.44102932420587,311.29413504840034,9.954339287841647,4.272873576197322,14.2,2225.8827009680062,459.0024272524507,120.40905689438304,44.44102932420587,311.29413504840034,9.954339287841647,4.272873576197322,0.0,0.0,0.0,0.0,0.0,0.0,0.0,0.0,0.0,0.0,0.0,0.0,0.0,0.0,3,NORMAL,0.0,2026-01-01T00:02:00+00:00,False
2026-01-01T00:04:02Z,ENG-DATASET-003,MSN-NORMAL-003,DESCENT,2200.0,10.0,0.3224253891738927,0.4275746108261073,2232.802424764895,460.1771039919651,120.87257880474387,44.44186449838503,311.6401212382448,9.987485964539566,3.7521858794266647,14.2,2232.802424764895,460.1771039919651,120.87257880474387,44.44186449838503,311.6401212382448,9.987485964539566,3.7521858794266647,0.0,0.0,0.0,0.0,0.0,0.0,0.0,0.0,0.0,0.0,0.0,0.0,0.0,0.0,3,NORMAL,0.0,2026-01-01T00:02:00+00:00,False
2026-01-01T00:04:03Z,ENG-DATASET-003,MSN-NORMAL-003,DESCENT,2200.0,10.0,0.3241138133527011,0.4258861866472989,2242.0887577483413,461.7544409684474,121.32918194848067,44.446126151209334,312.1044378874171,10.03199208093115,3.8819961228964392,14.2,2242.0887577483413,461.7544409684474,121.32918194848067,44.446126151209334,312.1044378874171,10.03199208093115,3.8819961228964392,0.0,0.0,0.0,0.0,0.0,0.0,0.0,0.0,0.0,0.0,0.0,0.0,0.0,0.0,3,NORMAL,0.0,2026-01-01T00:02:00+00:00,False
2026-01-01T00:04:04Z,ENG-DATASET-003,MSN-NORMAL-003,DESCENT,2200.0,10.0,0.32620618281628144,0.42379381718371856,2253.596789798033,463.7105945390298,121.78902861710834,44.45450498026407,312.67983948990167,10.08718257591601,4.491282189870367,14.2,2253.596789798033,463.7105945390298,121.78902861710834,44.45450498026407,312.67983948990167,10.08718257591601,4.491282189870367,0.0,0.0,0.0,0.0,0.0,0.0,0.0,0.0,0.0,0.0,0.0,0.0,0.0,0.0,3,NORMAL,0.0,2026-01-01T00:02:00+00:00,False
2026-01-01T00:04:05Z,ENG-DATASET-003,MSN-NORMAL-003,DESCENT,2200.0,10.0,0.3286698468389655,0.4213301531610345,2267.146941922796,466.01592807637905,122.26052395730699,44.46759714800638,313.3573470961398,10.15221864911004,4.725666256134709,14.2,2267.146941922796,466.01592807637905,122.26052395730699,44.46759714800638,313.3573470961398,10.15221864911004,4.725666256134709,0.0,0.0,0.0,0.0,0.0,0.0,0.0,0.0,0.0,0.0,0.0,0.0,0.0,0.0,3,NORMAL,0.0,2026-01-01T00:02:00+00:00,False
2026-01-01T00:04:06Z,ENG-DATASET-003,MSN-NORMAL-003,DESCENT,2200.0,10.0,0.3314663607676731,0.4185336392323269,2282.5277685306874,468.6354199502897,122.75035706033353,44.485896190368315,314.1263884265344,10.226109474568652,4.271171899299662,14.2,2282.5277685306874,468.6354199502897,122.75035706033353,44.485896190368315,314.1263884265344,10.226109474568652,4.271171899299662,0.0,0.0,0.0,0.0,0.0,0.0,0.0,0.0,0.0,0.0,0.0,0.0,0.0,0.0,3,NORMAL,0.0,2026-01-01T00:02:00+00:00,False
2026-01-01T00:04:07Z,ENG-DATASET-003,MSN-NORMAL-003,DESCENT,2200.0,10.0,0.33455208593786506,0.41544791406213494,2299.499256966743,471.5291514652251,123.2635501409308,44.50978647835174,314.97496284833716,10.307726183944675,3.8037099747510346,14.2,2299.499256966743,471.5291514652251,123.2635501409308,44.50978647835174,314.97496284833716,10.307726183944675,3.8037099747510346,0.0,0.0,0.0,0.0,0.0,0.0,0.0,0.0,0.0,0.0,0.0,0.0,0.0,0.0,3,NORMAL,0.0,2026-01-01T00:02:00+00:00,False
2026-01-01T00:04:08Z,ENG-DATASET-003,MSN-NORMAL-003,DESCENT,2200.0,10.0,0.337878870640308,0.412121129359692,2317.7965728301797,474.6528706911894,123.80351689411745,44.539538336583135,315.889828641509,10.395817990530785,4.020331111435211,14.2,2317.7965728301797,474.6528706911894,123.80351689411745,44.539538336583135,315.889828641509,10.395817990530785,4.020331111435211,0.0,0.0,0.0,0.0,0.0,0.0,0.0,0.0,0.0,0.0,0.0,0.0,0.0,0.0,3,NORMAL,0.0,2026-01-01T00:02:00+00:00,False
2026-01-01T00:04:09Z,ENG-DATASET-003,MSN-NORMAL-003,DESCENT,2200.0,10.0,0.3413948015123923,0.4086051984876077,2337.134192626643,477.9586270002179,124.37213087971115,44.57530489686249,316.85670963133214,10.489030293722832,4.64015179860603,14.2,2337.134192626643,477.9586270002179,124.37213087971115,44.57530489686249,316.85670963133214,10.489030293722832,4.64015179860603,0.0,0.0,0.0,0.0,0.0,0.0,0.0,0.0,0.0,0.0,0.0,0.0,0.0,0.0,3,NORMAL,0.0,2026-01-01T00:02:00+00:00,False
2026-01-01T00:04:10Z,ENG-DATASET-003,MSN-NORMAL-003,DESCENT,2200.0,10.0,0.3450450136287926,0.4049549863712074,2357.2103592668445,481.395469860959,124.96980453826401,44.61712073759215,317.8605179633422,10.585924568586545,4.806309565537098,14.2,2357.2103592668445,481.395469860959,124.96980453826401,44.61712073759215,317.8605179633422,10.585924568586545,4.806309565537098,0.0,0.0,0.0,0.0,0.0,0.0,0.0,0.0,0.0,0.0,0.0,0.0,0.0,0.0,3,NORMAL,0.0,2026-01-01T00:02:00+00:00,False
2026-01-01T00:04:11Z,ENG-DATASET-003,MSN-NORMAL-003,DESCENT,2200.0,10.0,0.34877254665027746,0.40122745334972254,2377.711790885011,484.9102040738846,125.59557918628472,44.66490233203173,318.88558954425054,10.684999808084491,4.313083038970517,14.2,2377.711790885011,484.9102040738846,125.59557918628472,44.66490233203173,318.88558954425054,10.684999808084491,4.313083038970517,0.0,0.0,0.0,0.0,0.0,0.0,0.0,0.0,0.0,0.0,0.0,0.0,0.0,0.0,3,NORMAL,0.0,2026-01-01T00:02:00+00:00,False
2026-01-01T00:04:12Z,ENG-DATASET-003,MSN-NORMAL-003,DESCENT,2200.0,10.0,0.3525192336707524,0.3974807663292476,2398.3185694976232,488.4481921884278,126.24722607236694,44.71845030003077,319.9159284748812,10.784715247142307,3.900119460695535,14.2,2398.3185694976232,488.4481921884278,126.24722607236694,44.71845030003077,319.9159284748812,10.784715247142307,3.900119460695535,0.0,0.0,0.0,0.0,0.0,0.0,0.0,0.0,0.0,0.0,0.0,0.0,0.0,0.0,3,NORMAL,0.0,2026-01-01T00:02:00+00:00,False
2026-01-01T00:04:13Z,ENG-DATASET-003,MSN-NORMAL-003,DESCENT,2200.0,10.0,0.3562266088923747,0.3937733911076253,2418.709133216546,491.9541933828558,126.92135829970164,44.77745342968202,320.9354566608273,10.88351405944825,4.192244943665212,14.2,2418.709133216546,491.9541933828558,126.92135829970164,44.77745342968202,320.9354566608273,10.88351405944825,4.192244943665212,0.0,0.0,0.0,0.0,0.0,0.0,0.0,0.0,0.0,0.0,0.0,0.0,0.0,0.0,3,NORMAL,0.0,2026-01-01T00:02:00+00:00,False
2026-01-01T00:04:14Z,ENG-DATASET-003,MSN-NORMAL-003,DESCENT,2200.0,10.0,0.3598368199647748,0.3901631800352252,2438.565294114747,495.3732266713334,127.61355313651481,44.841494407656235,321.9282647057373,10.979847681310572,4.803773513906801,14.2,2438.565294114747,495.3732266713334,127.61355313651481,44.841494407656235,321.9282647057373,10.979847681310572,4.803773513906801,0.0,0.0,0.0,0.0,0.0,0.0,0.0,0.0,0.0,0.0,0.0,0.0,0.0,0.0,3,NORMAL,0.0,2026-01-01T00:02:00+00:00,False
2026-01-01T00:04:15Z,ENG-DATASET-003,MSN-NORMAL-003,DESCENT,2200.0,10.0,0.3632935307516341,0.3867064692483659,2457.5772034424735,498.65144500225375,128.31848394791967,44.91005717025505,322.87886017212367,11.07220038386857,4.8905576253712395,14.2,2457.5772034424735,498.65144500225375,128.31848394791967,44.91005717025505,322.87886017212367,11.07220038386857,4.8905576253712395,0.0,0.0,0.0,0.0,0.0,0.0,0.0,0.0,0.0,0.0,0.0,0.0,0.0,0.0,3,NORMAL,0.0,2026-01-01T00:02:00+00:00,False
2026-01-01T00:04:16Z,ENG-DATASET-003,MSN-NORMAL-003,DESCENT,2200.0,10.0,0.3665428004372507,0.3834571995627493,2475.448186713364,501.73700570401087,129.03006069572797,44.98253576186962,323.7724093356682,11.159113687400794,4.358878824606293,14.2,2475.448186713364,501.73700570401087,129.03006069572797,44.98253576186962,323.7724093356682,11.159113687400794,4.358878824606293,0.0,0.0,0.0,0.0,0.0,0.0,0.0,0.0,0.0,0.0,0.0,0.0,0.0,0.0,3,NORMAL,0.0,2026-01-01T00:02:00+00:00,False
2026-01-01T00:04:17Z,ENG-DATASET-003,MSN-NORMAL-003,DESCENT,2200.0,10.0,0.3695339252549268,0.3804660747450732,2491.8993732105823,504.5809218956188,129.74157767354563,45.05824456395418,324.5949686605291,11.239210191325288,3.999238157739031,14.2,2491.8993732105823,504.5809218956188,129.74157767354563,45.05824456395418,324.5949686605291,11.239210191325288,3.999238157739031,0.0,0.0,0.0,0.0,0.0,0.0,0.0,0.0,0.0,0.0,0.0,0.0,0.0,0.0,3,NORMAL,0.0,2026-01-01T00:02:00+00:00,False
2026-01-01T00:04:18Z,ENG-DATASET-003,MSN-NORMAL-003,DESCENT,2200.0,10.0,0.3722202297022902,0.3777797702977098,2506.6740476710816,507.1378789817841,130.44586688073568,45.13642973618357,325.33370238355405,11.311216382540279,4.3533755192103705,14.2,2506.6740476710816,507.1378789817841,130.44586688073568,45.13642973618357,325.33370238355405,11.311216382540279,4.3533755192103705,0.0,0.0,0.0,0.0,0.0,0.0,0.0,0.0,0.0,0.0,0.0,0.0,0.0,0.0,3,NORMAL,0.0,2026-01-01T00:02:00+00:00,False
2026-01-01T00:04:19Z,ENG-DATASET-003,MSN-NORMAL-003,DESCENT,2200.0,10.0,0.37455979489689756,0.37544020510310244,2519.5416562414225,509.3670002570312,131.1354551990879,45.21628169249634,325.9770828120711,11.373983984544108,4.937718717093203,14.2,2519.5416562414225,509.3670002570312,131.1354551990879,45.21628169249634,325.9770828120711,11.373983984544108,4.937718717093203,0.0,0.0,0.0,0.0,0.0,0.0,0.0,0.0,0.0,0.0,0.0,0.0,0.0,0.0,3,NORMAL,0.0,2026-01-01T00:02:00+00:00,False
2026-01-01T00:04:20Z,ENG-DATASET-003,MSN-NORMAL-003,DESCENT,2200.0,10.0,0.3765161127063749,0.3734838872936251,2530.3014041935476,511.2325459981146,131.80272332913196,45.29694841852684,326.5150702096774,11.42650942144931,4.935814304669448,14.2,2530.3014041935476,511.2325459981146,131.80272332913196,45.29694841852684,326.5150702096774,11.42650942144931,4.935814304669448,0.0,0.0,0.0,0.0,0.0,0.0,0.0,0.0,0.0,0.0,0.0,0.0,0.0,0.0,3,NORMAL,0.0,2026-01-01T00:02:00+00:00,False
2026-01-01T00:04:21Z,ENG-DATASET-003,MSN-NORMAL-003,DESCENT,2200.0,10.0,0.37805865544561273,0.37194134455438727,2538.7853892593557,512.7045312557967,132.4400642776137,45.37754942375226,326.9392694629678,11.467950995220672,4.3677171944766435,14.2,2538.7853892593557,512.7045312557967,132.4400642776137,45.37754942375226,326.9392694629678,11.467950995220672,4.3677171944766435,0.0,0.0,0.0,0.0,0.0,0.0,0.0,0.0,0.0,0.0,0.0,0.0,0.0,0.0,3,NORMAL,0.0,2026-01-01T00:02:00+00:00,False
2026-01-01T00:04:22Z,ENG-DATASET-003,MSN-NORMAL-003,DESCENT,2200.0,10.0,0.379163352251082,0.370836647748918,2544.861221689436,513.7592488710538,133.04003907162866,45.45719011173069,327.24306108447183,11.49764341129554,4.060988099521264,14.2,2544.861221689436,513.7592488710538,133.04003907162866,45.45719011173069,327.24306108447183,11.49764341129554,4.060988099521264,0.0,0.0,0.0,0.0,0.0,0.0,0.0,0.0,0.0,0.0,0.0,0.0,0.0,0.0,3,NORMAL,0.0,2026-01-01T00:02:00+00:00,False
2026-01-01T00:04:23Z,ENG-DATASET-003,MSN-NORMAL-003,DESCENT,2200.0,10.0,0.3798129646986088,0.3701870353013912,2548.434090150834,514.3796860172996,133.59552731489828,45.53497634523819,327.4217045075417,11.515109336634227,4.464854279914526,14.2,2548.434090150834,514.3796860172996,133.59552731489828,45.53497634523819,327.4217045075417,11.515109336634227,4.464854279914526,0.0,0.0,0.0,0.0,0.0,0.0,0.0,0.0,0.0,0.0,0.0,0.0,0.0,0.0,3,NORMAL,0.0,2026-01-01T00:02:00+00:00,False
2026-01-01T00:04:24Z,ENG-DATASET-003,MSN-NORMAL-003,DESCENT,2200.0,10.0,0.379997355803218,0.370002644196782,2549.448241226184,514.5558247647754,134.09987020252782,45.6100289800296,327.4724120613092,11.520067734013047,5.006459919955852,14.2,2549.448241226184,514.5558247647754,134.09987020252782,45.6100289800296,327.4724120613092,11.520067734013047,5.006459919955852,0.0,0.0,0.0,0.0,0.0,0.0,0.0,0.0,0.0,0.0,0.0,0.0,0.0,0.0,3,NORMAL,0.0,2026-01-01T00:02:00+00:00,False
2026-01-01T00:04:25Z,ENG-DATASET-003,MSN-NORMAL-003,DESCENT,2200.0,10.0,0.3797136482033933,0.3702863517966067,2547.8878494271485,514.2848197080375,134.54700367497597,45.681498141396915,327.39439247135743,11.512438785231751,4.911492914090974,14.2,2547.8878494271485,514.2848197080375,134.54700367497597,45.681498141396915,327.39439247135743,11.512438785231751,4.911492914090974,0.0,0.0,0.0,0.0,0.0,0.0,0.0,0.0,0.0,0.0,0.0,0.0,0.0,0.0,3,NORMAL,0.0,2026-01-01T00:02:00+00:00,False
2026-01-01T00:04:26Z,ENG-DATASET-003,MSN-NORMAL-003,DESCENT,2200.0,10.0,0.3789662690613416,0.3710337309386584,2543.777264145864,513.5710485043348,134.93157952008676,45.74857702167419,327.1888632072932,11.492345291564318,4.313497465927057,14.2,2543.777264145864,513.5710485043348,134.93157952008676,45.74857702167419,327.1888632072932,11.492345291564318,4.313497465927057,0.0,0.0,0.0,0.0,0.0,0.0,0.0,0.0,0.0,0.0,0.0,0.0,0.0,0.0,3,NORMAL,0.0,2026-01-01T00:02:00+00:00,False
2026-01-01T00:04:27Z,ENG-DATASET-003,MSN-NORMAL-003,DESCENT,2200.0,10.0,0.37776688097860717,0.37223311902139283,2537.180629690825,512.4260341361645,135.2490724214822,45.81051498427575,326.8590314845412,11.460110519550717,4.062587772339515,14.2,2537.180629690825,512.4260341361645,135.2490724214822,45.81051498427575,326.8590314845412,11.460110519550717,4.062587772339515,0.0,0.0,0.0,0.0,0.0,0.0,0.0,0.0,0.0,0.0,0.0,0.0,0.0,0.0,3,NORMAL,0.0,2026-01-01T00:02:00+00:00,False
2026-01-01T00:04:28Z,ENG-DATASET-003,MSN-NORMAL-003,DESCENT,2200.0,10.0,0.37613420000507525,0.37386579999492475,2528.200884336399,510.8682407224205,135.49587119739448,45.8666297706406,326.41004421682,11.416252541177826,4.507613423766719,14.2,2528.200884336399,510.8682407224205,135.49587119739448,45.8666297706406,326.41004421682,11.416252541177826,4.507613423766719,0.0,0.0,0.0,0.0,0.0,0.0,0.0,0.0,0.0,0.0,0.0,0.0,0.0,0.0,3,NORMAL,0.0,2026-01-01T00:02:00+00:00,False
2026-01-01T00:04:29Z,ENG-DATASET-003,MSN-NORMAL-003,DESCENT,2200.0,10.0,0.37409370358127364,0.37590629641872636,2516.9781540054905,508.9227476435574,135.66935276874398,45.91631862042012,325.84890770027454,11.361475196631991,4.99653686009444,14.2,2516.9781540054905,508.9227476435574,135.66935276874398,45.91631862042012,325.84890770027454,11.361475196631991,4.99653686009444,0.0,0.0,0.0,0.0,0.0,0.0,0.0,0.0,0.0,0.0,0.0,0.0,0.0,0.0,3,NORMAL,0.0,2026-01-01T00:02:00+00:00,False
2026-01-01T00:04:30Z,ENG-DATASET-003,MSN-NORMAL-003,DESCENT,2200.0,10.0,0.371677232971434,0.378322767028566,2503.6875656513726,506.6208095056215,135.76793772951012,45.9590681321719,325.1843782825686,11.296655882232937,4.810817338154555,14.2,2503.6875656513726,506.6208095056215,135.76793772951012,45.9590681321719,325.1843782825686,11.296655882232937,4.810817338154555,0.0,0.0,0.0,0.0,0.0,0.0,0.0,0.0,0.0,0.0,0.0,0.0,0.0,0.0,3,NORMAL,0.0,2026-01-01T00:02:00+00:00,False
2026-01-01T00:04:31Z,ENG-DATASET-003,MSN-NORMAL-003,DESCENT,2200.0,10.0,0.36892249639121344,0.38107750360878656,2488.5365144601597,503.99931194511583,135.791126755187,45.99446271144496,324.426825723008,11.222830433261802,4.195128751277074,14.2,2488.5365144601597,503.99931194511583,135.791126755187,45.99446271144496,324.426825723008,11.222830433261802,4.195128751277074,0.0,0.0,0.0,0.0,0.0,0.0,0.0,0.0,0.0,0.0,0.0,0.0,0.0,0.0,3,NORMAL,0.0,2026-01-01T00:02:00+00:00,False
2026-01-01T00:04:32Z,ENG-DATASET-003,MSN-NORMAL-003,DESCENT,2200.0,10.0,0.36587248058360067,0.38412751941639933,2471.761427518289,501.10013538734756,135.739517464352,46.02219147515445,323.58807137591447,11.141175428980537,4.007155275355028,14.2,2471.761427518289,501.10013538734756,135.739517464352,46.02219147515445,323.58807137591447,11.141175428980537,4.007155275355028,0.0,0.0,0.0,0.0,0.0,0.0,0.0,0.0,0.0,0.0,0.0,0.0,0.0,0.0,3,NORMAL,0.0,2026-01-01T00:02:00+00:00,False
2026-01-01T00:04:33Z,ENG-DATASET-003,MSN-NORMAL-003,DESCENT,2200.0,10.0,0.3625747800251694,0.3874252199748306,2453.6240744469173,497.9694405520695,135.61480173171853,46.042053505204024,322.68120372234586,11.052988293545408,4.489188873008663,14.2,2453.6240744469173,497.9694405520695,135.61480173171853,46.042053505204024,322.68120372234586,11.052988293545408,4.489188873008663,0.0,0.0,0.0,0.0,0.0,0.0,0.0,0.0,0.0,0.0,0.0,0.0,0.0,0.0,3,NORMAL,0.0,2026-01-01T00:02:00+00:00,False
2026-01-01T00:04:34Z,ENG-DATASET-003,MSN-NORMAL-003,DESCENT,2200.0,10.0,0.35908085423018943,0.39091914576981057,2434.4074825745274,494.6568907125714,135.41974382636096,46.053961370045506,321.72037412872635,10.959665600690565,4.9214250333113645,14.2,2434.4074825745274,494.6568907125714,135.41974382636096,46.053961370045506,321.72037412872635,10.959665600690565,4.9214250333113645,0.0,0.0,0.0,0.0,0.0,0.0,0.0,0.0,0.0,0.0,0.0,0.0,0.0,0.0,3,NORMAL,0.0,2026-01-01T00:02:00+00:00,False
2026-01-01T00:04:35Z,ENG-DATASET-003,MSN-NORMAL-003,DESCENT,2200.0,10.0,0.35544522474211765,0.39455477525788235,2414.411520390133,491.2148264436391,135.15814010481583,46.057942859866955,320.72057601950667,10.862680011582444,4.653664913438113,14.2,2414.411520390133,491.2148264436391,135.15814010481583,46.057942859866955,320.72057601950667,10.862680011582444,4.653664913438113,0.0,0.0,0.0,0.0,0.0,0.0,0.0,0.0,0.0,0.0,0.0,0.0,0.0,0.0,3,NORMAL,0.0,2026-01-01T00:02:00+00:00,False
2026-01-01T00:04:36Z,ENG-DATASET-003,MSN-NORMAL-003,DESCENT,2200.0,10.0,0.3517246243431477,0.3982753756568523,2393.9482181957974,487.6974088498937,134.8347613155816,46.05414090895011,319.6974109097899,10.763556284323855,4.037322255433449,14.2,2393.9482181957974,487.6974088498937,134.8347613155816,46.05414090895011,319.6974109097899,10.763556284323855,4.037322255433449,0.0,0.0,0.0,0.0,0.0,0.0,0.0,0.0,0.0,0.0,0.0,0.0,0.0,0.0,3,NORMAL,0.0,2026-01-01T00:02:00+00:00,False
2026-01-01T00:04:37Z,ENG-DATASET-003,MSN-NORMAL-003,DESCENT,2200.0,10.0,0.34797711175811846,0.40202288824188154,2373.336898978137,484.1597470809547,134.4552788610473,46.04281170700226,318.6668449489068,10.663846790985351,3.9224639471272784,14.2,2373.336898978137,484.1597470809547,134.4552788610473,46.04281170700226,318.6668449489068,10.663846790985351,3.9224639471272784,0.0,0.0,0.0,0.0,0.0,0.0,0.0,0.0,0.0,0.0,0.0,0.0,0.0,0.0,3,NORMAL,0.0,2026-01-01T00:02:00+00:00,False
2026-01-01T00:04:38Z,ENG-DATASET-003,MSN-NORMAL-003,DESCENT,2200.0,10.0,0.34426116566753134,0.40573883433246866,2352.899195479908,480.65702536404524,134.02617660904372,46.024321029504065,317.6449597739954,10.565106965000671,4.440454117190739,14.2,2352.899195479908,480.65702536404524,134.02617660904372,46.024321029504065,317.6449597739954,10.565106965000671,4.440454117190739,0.0,0.0,0.0,0.0,0.0,0.0,0.0,0.0,0.0,0.0,0.0,0.0,0.0,0.0,3,NORMAL,0.0,2026-01-01T00:02:00+00:00,False
2026-01-01T00:04:39Z,ENG-DATASET-003,MSN-NORMAL-003,LANDING,500.0,10.0,0.24063477216729953,0.5593652278327005,1761.012526371845,386.635790711367,131.2894537159235,46.01582409126606,288.05062631859226,9.506825962362528,4.2583576199201785,14.2,1761.012526371845,386.635790711367,131.2894537159235,46.01582409126606,288.05062631859226,9.506825962362528,4.2583576199201785,0.0,0.0,0.0,0.0,0.0,0.0,0.0,0.0,0.0,0.0,0.0,0.0,0.0,0.0,3,NORMAL,0.0,2026-01-01T00:02:00+00:00,False
2026-01-01T00:04:40Z,ENG-DATASET-003,MSN-NORMAL-003,LANDING,500.0,10.0,0.23715451991511546,0.5628454800848846,1741.8711389848327,383.4983388603553,128.74796681584004,45.99938071567143,287.09355694924164,9.397851447476564,3.921459033669258,14.2,1741.8711389848327,383.4983388603553,128.74796681584004,45.99938071567143,287.09355694924164,9.397851447476564,3.921459033669258,0.0,0.0,0.0,0.0,0.0,0.0,0.0,0.0,0.0,0.0,0.0,0.0,0.0,0.0,3,NORMAL,0.0,2026-01-01T00:02:00+00:00,False
2026-01-01T00:04:41Z,ENG-DATASET-003,MSN-NORMAL-003,LANDING,500.0,10.0,0.233874717083374,0.566125282916626,1723.8322234102545,380.54545500252215,126.38680650931909,45.975786020739285,286.1916111705127,9.29527302514722,3.3236889675667114,14.2,1723.8322234102545,380.54545500252215,126.38680650931909,45.975786020739285,286.1916111705127,9.29527302514722,3.3236889675667114,0.0,0.0,0.0,0.0,0.0,0.0,0.0,0.0,0.0,0.0,0.0,0.0,0.0,0.0,3,NORMAL,0.0,2026-01-01T00:02:00+00:00,False
2026-01-01T00:04:42Z,ENG-DATASET-003,MSN-NORMAL-003,LANDING,500.0,10.0,0.230846543898306,0.569153456101694,1707.1772708923802,377.8224413948616,124.19368689325871,45.94592517744951,285.358863544619,9.20066735960223,3.2924098186137685,14.2,1707.1772708923802,377.8224413948616,124.19368689325871,45.94592517744951,285.358863544619,9.20066735960223,3.2924098186137685,0.0,0.0,0.0,0.0,0.0,0.0,0.0,0.0,0.0,0.0,0.0,0.0,0.0,0.0,3,NORMAL,0.0,2026-01-01T00:02:00+00:00,False
2026-01-01T00:04:43Z,ENG-DATASET-003,MSN-NORMAL-003,LANDING,500.0,10.0,0.2281172539896657,0.5718827460103344,1692.1661763948591,375.3709202332286,122.15859120976356,45.91076045858504,284.60830881974294,9.115483823543489,3.8456148593815556,14.2,1692.1661763948591,375.3709202332286,122.15859120976356,45.91076045858504,284.60830881974294,9.115483823543489,3.8456148593815556,0.0,0.0,0.0,0.0,0.0,0.0,0.0,0.0,0.0,0.0,0.0,0.0,0.0,0.0,3,NORMAL,0.0,2026-01-01T00:02:00+00:00,False
2026-01-01T00:04:44Z,ENG-DATASET-003,MSN-NORMAL-003,LANDING,500.0,10.0,0.22572943701364281,0.5742705629863573,1679.0331830267328,373.2282379815514,120.27343803832599,45.8713170499608,283.9516591513366,9.041023547533005,4.166568225827701,14.2,1679.0331830267328,373.2282379815514,120.27343803832599,45.8713170499608,283.9516591513366,9.041023547533005,4.166568225827701,0.0,0.0,0.0,0.0,0.0,0.0,0.0,0.0,0.0,0.0,0.0,0.0,0.0,0.0,3,NORMAL,0.0,2026-01-01T00:02:00+00:00,False
2026-01-01T00:04:45Z,ENG-DATASET-003,MSN-NORMAL-003,LANDING,500.0,10.0,0.2237203540555221,0.576279645944478,1667.9832267570694,371.4269386282082,118.5317677001986,45.82866784682887,283.39916133785346,8.978420850930988,3.774299688632258,14.2,1667.9832267570694,371.4269386282082,118.5317677001986,45.82866784682887,283.39916133785346,8.978420850930988,3.774299688632258,0.0,0.0,0.0,0.0,0.0,0.0,0.0,0.0,0.0,0.0,0.0,0.0,0.0,0.0,3,NORMAL,0.0,2026-01-01T00:02:00+00:00,False
2026-01-01T00:04:46Z,ENG-DATASET-003,MSN-NORMAL-003,LANDING,500.0,10.0,0.22212135618290982,0.5778786438170902,1659.1887384577014,369.99431066972977,116.92844869692199,45.78391747403028,282.95943692288506,8.928627238295423,3.2130089890669637,14.2,1659.1887384577014,369.99431066972977,116.92844869692199,45.78391747403028,282.95943692288506,8.928627238295423,3.2130089890669637,0.0,0.0,0.0,0.0,0.0,0.0,0.0,0.0,0.0,0.0,0.0,0.0,0.0,0.0,3,NORMAL,0.0,2026-01-01T00:02:00+00:00,False
2026-01-01T00:04:47Z,ENG-DATASET-003,MSN-NORMAL-003,LANDING,500.0,10.0,0.22095739522280947,0.5790426047771906,1652.7869531771496,368.95201156946985,115.45940411646654,45.73818578052435,282.6393476588575,8.892398108152133,3.2726817991244808,14.2,1652.7869531771496,368.95201156946985,115.45940411646654,45.73818578052435,282.6393476588575,8.892398108152133,3.2726817991244808,0.0,0.0,0.0,0.0,0.0,0.0,0.0,0.0,0.0,0.0,0.0,0.0,0.0,0.0,3,NORMAL,0.0,2026-01-01T00:02:00+00:00,False
2026-01-01T00:04:48Z,ENG-DATASET-003,MSN-NORMAL-003,LANDING,500.0,10.0,0.22024663439670653,0.5797533656032935,1648.8777686335839,368.3157725223936,114.12135801787973,45.69259106707745,282.44388843167917,8.870282287772714,3.857517492621798,14.2,1648.8777686335839,368.3157725223936,114.12135801787973,45.69259106707745,282.44388843167917,8.870282287772714,3.857517492621798,0.0,0.0,0.0,0.0,0.0,0.0,0.0,0.0,0.0,0.0,0.0,0.0,0.0,0.0,3,NORMAL,0.0,2026-01-01T00:02:00+00:00,False
2026-01-01T00:04:49Z,ENG-DATASET-003,MSN-NORMAL-003,LANDING,500.0,10.0,0.22000016488957225,0.5799998351104277,1647.522186344345,368.0951855714788,112.91160185537872,45.64823331000859,282.37610931721724,8.862614477970661,4.1233412336686905,14.2,1647.522186344345,368.0951855714788,112.91160185537872,45.64823331000859,282.37610931721724,8.862614477970661,4.1233412336686905,0.0,0.0,0.0,0.0,0.0,0.0,0.0,0.0,0.0,0.0,0.0,0.0,0.0,0.0,3,NORMAL,0.0,2026-01-01T00:02:00+00:00,False
2026-01-01T00:04:50Z,ENG-DATASET-003,MSN-NORMAL-003,LANDING,500.0,10.0,0.22022183277563162,0.5797781672243685,1648.7413597176715,368.2935744500003,111.82778103109085,45.60617764390358,282.4370679858836,8.869510665518565,3.6871309219508928,14.2,1648.7413597176715,368.2935744500003,111.82778103109085,45.60617764390358,282.4370679858836,8.869510665518565,3.6871309219508928,0.0,0.0,0.0,0.0,0.0,0.0,0.0,0.0,0.0,0.0,0.0,0.0,0.0,0.0,3,NORMAL,0.0,2026-01-01T00:02:00+00:00,False
2026-01-01T00:04:51Z,ENG-DATASET-003,MSN-NORMAL-003,LANDING,500.0,10.0,0.2209081790016614,0.5790918209983387,1652.5162639608352,368.9079499417036,110.86770167652435,45.56743836212379,282.6258131980418,8.890866536900385,3.1757976847475824,14.2,1652.5162639608352,368.9079499417036,110.86770167652435,45.56743836212379,282.6258131980418,8.890866536900385,3.1757976847475824,0.0,0.0,0.0,0.0,0.0,0.0,0.0,0.0,0.0,0.0,0.0,0.0,0.0,0.0,3,NORMAL,0.0,2026-01-01T00:02:00+00:00,False
2026-01-01T00:04:52Z,ENG-DATASET-003,MSN-NORMAL-003,LANDING,500.0,10.0,0.22204849336435883,0.5779515066356412,1658.7879929556711,369.9290500251887,110.02915775950163,45.53296368581209,282.93939964778355,8.92635890483226,3.327994947509205,14.2,1658.7879929556711,369.9290500251887,110.02915775950163,45.53296368581209,282.93939964778355,8.92635890483226,3.327994947509205,0.0,0.0,0.0,0.0,0.0,0.0,0.0,0.0,0.0,0.0,0.0,0.0,0.0,0.0,3,NORMAL,0.0,2026-01-01T00:02:00+00:00,False
2026-01-01T00:04:53Z,ENG-DATASET-003,MSN-NORMAL-003,LANDING,500.0,10.0,0.22362498163948205,0.576375018360518,1667.4586784688488,371.3414645631746,109.30977859763084,45.50362154006506,283.3729339234425,8.975450137274912,3.935772815894714,14.2,1667.4586784688488,371.3414645631746,109.30977859763084,45.50362154006506,283.3729339234425,8.975450137274912,3.935772815894714,0.0,0.0,0.0,0.0,0.0,0.0,0.0,0.0,0.0,0.0,0.0,0.0,0.0,0.0,3,NORMAL,0.0,2026-01-01T00:02:00+00:00,False
2026-01-01T00:04:54Z,ENG-DATASET-003,MSN-NORMAL-003,LANDING,500.0,10.0,0.22561304325476791,0.5743869567452321,1678.3930173529213,373.1238437736424,108.70689683220881,45.48018656018431,283.91965086764606,9.037395556437266,4.142345223471834,14.2,1678.3930173529213,373.1238437736424,108.70689683220881,45.48018656018431,283.91965086764606,9.037395556437266,4.142345223471834,0.0,0.0,0.0,0.0,0.0,0.0,0.0,0.0,0.0,0.0,0.0,0.0,0.0,0.0,3,NORMAL,0.0,2026-01-01T00:02:00+00:00,False
2026-01-01T00:04:55Z,ENG-DATASET-003,MSN-NORMAL-003,LANDING,500.0,10.0,0.22798165517363428,0.5720183448263658,1691.4203829066862,375.24918914143984,108.21743687752392,45.46332853168656,284.57101914533433,9.11125375149152,3.6693685686953676,14.2,1691.4203829066862,375.24918914143984,108.21743687752392,45.46332853168656,284.57101914533433,9.11125375149152,3.6693685686953676,0.0,0.0,0.0,0.0,0.0,0.0,0.0,0.0,0.0,0.0,0.0,0.0,0.0,0.0,3,NORMAL,0.0,2026-01-01T00:02:00+00:00,False
2026-01-01T00:04:56Z,ENG-DATASET-003,MSN-NORMAL-003,LANDING,500.0,10.0,0.23069385599929002,0.56930614400071,1706.3374874477927,377.68522476315536,107.83782380885042,45.453602445342185,285.31687437238963,9.195899722466221,3.215443047822428,14.2,1706.3374874477927,377.68522476315536,107.83782380885042,45.453602445342185,285.31687437238963,9.195899722466221,3.215443047822428,0.0,0.0,0.0,0.0,0.0,0.0,0.0,0.0,0.0,0.0,0.0,0.0,0.0,0.0,3,NORMAL,0.0,2026-01-01T00:02:00+00:00,False
2026-01-01T00:04:57Z,ENG-DATASET-003,MSN-NORMAL-003,LANDING,500.0,10.0,0.23370732274496983,0.5662926772550302,1722.911554549032,380.39484633896643,107.56391258643953,45.45144032327463,286.1455777274516,9.290040743340516,3.454917823505347,14.2,1722.911554549032,380.39484633896643,107.56391258643953,45.45144032327463,286.1455777274516,9.290040743340516,3.454917823505347,0.0,0.0,0.0,0.0,0.0,0.0,0.0,0.0,0.0,0.0,0.0,0.0,0.0,0.0,3,NORMAL,0.0,2026-01-01T00:02:00+00:00,False
2026-01-01T00:04:58Z,ENG-DATASET-003,MSN-NORMAL-003,LANDING,500.0,10.0,0.2369750312699874,0.5630249687300126,1740.8839514366286,383.3366441158669,107.39093743069225,45.457144944482685,287.04419757183143,9.392234799290266,4.071392572250807,14.2,1740.8839514366286,383.3366441158669,107.39093743069225,45.457144944482685,287.04419757183143,9.392234799290266,4.071392572250807,0.0,0.0,0.0,0.0,0.0,0.0,0.0,0.0,0.0,0.0,0.0,0.0,0.0,0.0,3,NORMAL,0.0,2026-01-01T00:02:00+00:00,False
2026-01-01T00:04:59Z,ENG-DATASET-003,MSN-NORMAL-003,LANDING,500.0,10.0,0.24044599007572326,0.5595540099242767,1759.9742248681755,386.4654950412971,107.31348106365544,45.47088556847512,287.99871124340876,9.500911416229949,4.210600038517504,14.2,1759.9742248681755,386.4654950412971,107.31348106365544,45.47088556847512,287.99871124340876,9.500911416229949,4.210600038517504,0.0,0.0,0.0,0.0,0.0,0.0,0.0,0.0,0.0,0.0,0.0,0.0,0.0,0.0,3,NORMAL,0.0,2026-01-01T00:02:00+00:00,False
2026-01-01T00:05:00Z,ENG-DATASET-003,MSN-NORMAL-003,TAKEOFF,500.0,10.0,0.8940660360109062,0.7559339639890938,5229.884477511681,1104.6417635561982,125.19817704619486,47.616505248305906,461.49422387558405,30.80108938761872,9.278842296370218,14.2,5229.884477511681,1104.6417635561982,125.19817704619486,47.616505248305906,461.49422387558405,30.80108938761872,9.278842296370218,0.0,0.0,0.0,0.0,0.0,0.0,0.0,0.0,0.0,0.0,0.0,0.0,0.0,0.0,3,NORMAL,0.0,2026-01-01T00:02:00+00:00,False
2026-01-01T00:00:01Z,ENG-DATASET-004,MSN-NORMAL-004,TAKEOFF,4000.0,23.0,0.9037402420015569,0.7462597579984431,5176.19353566915,913.5725473876976,54.83931368469244,30.444802805571605,458.8096767834575,19.185658285074343,9.376516841614404,14.2,5176.19353566915,913.5725473876976,54.83931368469244,30.444802805571605,458.8096767834575,19.185658285074343,9.376516841614404,0.0,0.0,0.0,0.0,0.0,0.0,0.0,0.0,0.0,0.0,0.0,0.0,0.0,0.0,4,NORMAL,0.0,2026-01-01T00:02:00+00:00,False
2026-01-01T00:00:02Z,ENG-DATASET-004,MSN-NORMAL-004,TAKEOFF,4000.0,23.0,0.9074221187776357,0.7425778812223643,5196.443857937584,916.8180136069178,74.57583265639614,32.798388278877624,459.8221928968792,19.27409027791807,8.848259694613242,14.2,5196.443857937584,916.8180136069178,74.57583265639614,32.798388278877624,459.8221928968792,19.27409027791807,8.848259694613242,0.0,0.0,0.0,0.0,0.0,0.0,0.0,0.0,0.0,0.0,0.0,0.0,0.0,0.0,4,NORMAL,0.0,2026-01-01T00:02:00+00:00,False
2026-01-01T00:00:03Z,ENG-DATASET-004,MSN-NORMAL-004,TAKEOFF,4000.0,23.0,0.9109881758725814,0.7390118241274186,5216.057171959785,919.9662241927343,92.41740499557488,35.06419829234952,460.80285859798926,19.359857643864302,8.937566826325712,14.2,5216.057171959785,919.9662241927343,92.41740499557488,35.06419829234952,460.80285859798926,19.359857643864302,8.937566826325712,0.0,0.0,0.0,0.0,0.0,0.0,0.0,0.0,0.0,0.0,0.0,0.0,0.0,0.0,4,NORMAL,0.0,2026-01-01T00:02:00+00:00,False
2026-01-01T00:00:04Z,ENG-DATASET-004,MSN-NORMAL-004,TAKEOFF,4000.0,23.0,0.9143827661581261,0.7356172338418739,5234.72741853028,922.9674891924964,108.54985172582981,37.24543767364959,461.73637092651404,19.441608368941143,9.548073560417055,14.2,5234.72741853028,922.9674891924964,108.54985172582981,37.24543767364959,461.73637092651404,19.441608368941143,9.548073560417055,0.0,0.0,0.0,0.0,0.0,0.0,0.0,0.0,0.0,0.0,0.0,0.0,0.0,0.0,4,NORMAL,0.0,2026-01-01T00:02:00+00:00,False
2026-01-01T00:00:05Z,ENG-DATASET-004,MSN-NORMAL-004,TAKEOFF,4000.0,23.0,0.9175529181882139,0.7324470818117861,5252.1632546957635,925.7742303836657,123.13922231283847,39.34508846546567,462.6081627347882,19.51804872539654,9.835186623361407,14.2,5252.1632546957635,925.7742303836657,123.13922231283847,39.34508846546567,462.6081627347882,19.51804872539654,9.835186623361407,0.0,0.0,0.0,0.0,0.0,0.0,0.0,0.0,0.0,0.0,0.0,0.0,0.0,0.0,4,NORMAL,0.0,2026-01-01T00:02:00+00:00,False
2026-01-01T00:00:06Z,ENG-DATASET-004,MSN-NORMAL-004,TAKEOFF,4000.0,23.0,0.9204491628007,0.7295508371993,5268.092600064437,928.3417697771247,136.33384432598274,41.36592509098855,463.4046300032218,19.587964575707407,9.415643192038608,14.2,5268.092600064437,928.3417697771247,136.33384432598274,41.36592509098855,463.4046300032218,19.587964575707407,9.415643192038608,0.0,0.0,0.0,0.0,0.0,0.0,0.0,0.0,0.0,0.0,0.0,0.0,0.0,0.0,4,NORMAL,0.0,2026-01-01T00:02:00+00:00,False
2026-01-01T00:00:07Z,ENG-DATASET-004,MSN-NORMAL-004,TAKEOFF,4000.0,23.0,0.9230263050670808,0.7269736949329192,5282.266882529531,930.6290815862345,148.26618693304033,43.3105302912519,464.1133441264766,19.65024164592087,8.916164066740482,14.2,5282.266882529531,930.6290815862345,148.26618693304033,43.3105302912519,464.1133441264766,19.65024164592087,8.916164066740482,0.0,0.0,0.0,0.0,0.0,0.0,0.0,0.0,0.0,0.0,0.0,0.0,0.0,0.0,4,NORMAL,0.0,2026-01-01T00:02:00+00:00,False
2026-01-01T00:00:08Z,ENG-DATASET-004,MSN-NORMAL-004,TAKEOFF,4000.0,23.0,0.925244129544237,0.7247558704557631,5294.46491715389,932.5994925103455,159.05455555249495,45.181311684356785,464.7232458576945,19.70388436919117,9.075165776728747,14.2,5294.46491715389,932.5994925103455,159.05455555249495,45.181311684356785,464.7232458576945,19.70388436919117,9.075165776728747,0.0,0.0,0.0,0.0,0.0,0.0,0.0,0.0,0.0,0.0,0.0,0.0,0.0,0.0,4,NORMAL,0.0,2026-01-01T00:02:00+00:00,False
2026-01-01T00:00:09Z,ENG-DATASET-004,MSN-NORMAL-004,TAKEOFF,4000.0,23.0,0.9270680278229729,0.7229319721770271,5304.496357686938,934.2213156154222,168.80463288763102,46.9805187829495,465.2248178843469,19.74803291366156,9.684493038802128,14.2,5304.496357686938,934.2213156154222,168.80463288763102,46.9805187829495,465.2248178843469,19.74803291366156,9.684493038802128,0.0,0.0,0.0,0.0,0.0,0.0,0.0,0.0,0.0,0.0,0.0,0.0,0.0,0.0,4,NORMAL,0.0,2026-01-01T00:02:00+00:00,False
2026-01-01T00:00:10Z,ENG-DATASET-004,MSN-NORMAL-004,TAKEOFF,4000.0,23.0,0.9284695385806676,0.7215304614193324,5312.204666854259,935.4684040009291,177.61087969889115,48.71026029538011,465.61023334271295,19.781978034031074,9.88733124252819,14.2,5312.204666854259,935.4684040009291,177.61087969889115,48.71026029538011,465.61023334271295,19.781978034031074,9.88733124252819,0.0,0.0,0.0,0.0,0.0,0.0,0.0,0.0,0.0,0.0,0.0,0.0,0.0,0.0,4,NORMAL,0.0,2026-01-01T00:02:00+00:00,False
2026-01-01T00:00:11Z,ENG-DATASET-004,MSN-NORMAL-004,TAKEOFF,4000.0,23.0,0.9294267917106946,0.7205732082893054,5317.469559069408,936.320611820239,185.557807024508,50.372521527902826,465.8734779534704,19.805173423168974,9.405491788032343,14.2,5317.469559069408,936.320611820239,185.557807024508,50.372521527902826,465.8734779534704,19.805173423168974,9.405491788032343,0.0,0.0,0.0,0.0,0.0,0.0,0.0,0.0,0.0,0.0,0.0,0.0,0.0,0.0,4,NORMAL,0.0,2026-01-01T00:02:00+00:00,False
2026-01-01T00:00:12Z,ENG-DATASET-004,MSN-NORMAL-004,TAKEOFF,4000.0,23.0,0.9299248495981216,0.7200751504018784,5320.208877450255,936.7641520455372,192.72113012319565,51.969181700209326,466.0104438725128,19.81724528830743,8.937772416492576,14.2,5320.208877450255,936.7641520455372,192.72113012319565,51.969181700209326,466.0104438725128,19.81724528830743,8.937772416492576,0.0,0.0,0.0,0.0,0.0,0.0,0.0,0.0,0.0,0.0,0.0,0.0,0.0,0.0,4,NORMAL,0.0,2026-01-01T00:02:00+00:00,False
2026-01-01T00:00:13Z,ENG-DATASET-004,MSN-NORMAL-004,TAKEOFF,4000.0,23.0,0.929955940216195,0.720044059783805,5320.37987584966,936.7918425866942,199.16881317554345,53.50203098458441,466.018993792483,19.8179989343623,9.158674418824706,14.2,5320.37987584966,936.7918425866942,199.16881317554345,53.50203098458441,466.018993792483,19.8179989343623,9.158674418824706,0.0,0.0,0.0,0.0,0.0,0.0,0.0,0.0,0.0,0.0,0.0,0.0,0.0,0.0,4,NORMAL,0.0,2026-01-01T00:02:00+00:00,False
2026-01-01T00:00:14Z,ENG-DATASET-004,MSN-NORMAL-004,TAKEOFF,4000.0,23.0,0.9295195784062181,0.7204804215937819,5317.979885894787,936.403234913163,204.96201273081817,54.972787080066674,465.89899429473934,19.807422202951717,9.751992239949626,14.2,5317.979885894787,936.403234913163,204.96201273081817,54.972787080066674,465.89899429473934,19.807422202951717,9.751992239949626,0.0,0.0,0.0,0.0,0.0,0.0,0.0,0.0,0.0,0.0,0.0,0.0,0.0,0.0,4,NORMAL,0.0,2026-01-01T00:02:00+00:00,False
2026-01-01T00:00:15Z,ENG-DATASET-004,MSN-NORMAL-004,TAKEOFF,4000.0,23.0,0.9286225734482908,0.7213774265517092,5313.046358626187,935.6046220959128,210.15592701013418,56.38311113716192,465.65231793130937,19.785685687384323,9.863829174430943,14.2,5313.046358626187,935.6046220959128,210.15592701013418,56.38311113716192,465.65231793130937,19.785685687384323,9.863829174430943,0.0,0.0,0.0,0.0,0.0,0.0,0.0,0.0,0.0,0.0,0.0,0.0,0.0,0.0,4,NORMAL,0.0,2026-01-01T00:02:00+00:00,False
2026-01-01T00:00:16Z,ENG-DATASET-004,MSN-NORMAL-004,TAKEOFF,4000.0,23.0,0.9272789228047704,0.7227210771952296,5305.656280086825,934.4089260760547,214.80055746102212,57.73462285582421,465.2828140043413,19.753139718618687,9.326014673806833,14.2,5305.656280086825,934.4089260760547,214.80055746102212,57.73462285582421,465.2828140043413,19.753139718618687,9.326014673806833,0.0,0.0,0.0,0.0,0.0,0.0,0.0,0.0,0.0,0.0,0.0,0.0,0.0,0.0,4,NORMAL,0.0,2026-01-01T00:02:00+00:00,False
2026-01-01T00:00:17Z,ENG-DATASET-004,MSN-NORMAL-004,TAKEOFF,4000.0,23.0,0.9255095936945535,0.7244904063054465,5295.924969980631,932.8354668641584,218.94138838652387,59.02891458947177,464.7962484990316,19.710308192116262,8.89716216413342,14.2,5295.924969980631,932.8354668641584,218.94138838652387,59.02891458947177,464.7962484990316,19.710308192116262,8.89716216413342,0.0,0.0,0.0,0.0,0.0,0.0,0.0,0.0,0.0,0.0,0.0,0.0,0.0,0.0,4,NORMAL,0.0,2026-01-01T00:02:00+00:00,False
2026-01-01T00:00:18Z,ENG-DATASET-004,MSN-NORMAL-004,TAKEOFF,4000.0,23.0,0.9233421959066377,0.7266578040933623,5284.004282147094,930.9096191647211,222.6199900269895,60.267564300580716,464.2002141073547,19.657879377772563,9.17600777881795,14.2,5284.004282147094,930.9096191647211,222.6199900269895,60.267564300580716,464.2002141073547,19.657879377772563,9.17600777881795,0.0,0.0,0.0,0.0,0.0,0.0,0.0,0.0,0.0,0.0,0.0,0.0,0.0,0.0,4,NORMAL,0.0,2026-01-01T00:02:00+00:00,False
2026-01-01T00:00:19Z,ENG-DATASET-004,MSN-NORMAL-004,TAKEOFF,4000.0,23.0,0.9208105509585982,0.7291894490414018,5270.080234932878,928.662364495844,225.87455013668665,61.45214722869524,463.5040117466439,19.59669392202737,9.743860223479869,14.2,5270.080234932878,928.662364495844,225.87455013668665,61.45214722869524,463.5040117466439,19.59669392202737,9.743860223479869,0.0,0.0,0.0,0.0,0.0,0.0,0.0,0.0,0.0,0.0,0.0,0.0,0.0,0.0,4,NORMAL,0.0,2026-01-01T00:02:00+00:00,False
2026-01-01T00:00:20Z,ENG-DATASET-004,MSN-NORMAL-004,TAKEOFF,4000.0,23.0,0.9179541643231187,0.7320458356768813,5254.37010843774,926.1297491400043,228.7403388515181,62.58424614926468,462.718505421887,19.52773031045415,9.764749136330707,14.2,5254.37010843774,926.1297491400043,228.7403388515181,62.58424614926468,462.718505421887,19.52773031045415,9.764749136330707,0.0,0.0,0.0,0.0,0.0,0.0,0.0,0.0,0.0,0.0,0.0,0.0,0.0,0.0,4,NORMAL,0.0,2026-01-01T00:02:00+00:00,False
2026-01-01T00:00:21Z,ENG-DATASET-004,MSN-NORMAL-004,TAKEOFF,4000.0,23.0,0.9148176089583027,0.7351823910416974,5237.119053931252,923.3522601413713,231.25011146990056,63.665460121288454,461.8559526965626,19.452088108691488,9.183449340000237,14.2,5237.119053931252,923.3522601413713,231.25011146990056,63.665460121288454,461.8559526965626,19.452088108691488,9.183449340000237,0.0,0.0,0.0,0.0,0.0,0.0,0.0,0.0,0.0,0.0,0.0,0.0,0.0,0.0,4,NORMAL,0.0,2026-01-01T00:02:00+00:00,False
2026-01-01T00:00:22Z,ENG-DATASET-004,MSN-NORMAL-004,TAKEOFF,4000.0,23.0,0.91144982976157,0.7385501702384301,5218.596268349222,920.3741330044134,233.43445364802085,64.69741164300854,460.9298134174611,19.370969338134355,8.804995376295334,14.2,5218.596268349222,920.3741330044134,233.43445364802085,64.69741164300854,460.9298134174611,19.370969338134355,8.804995376295334,0.0,0.0,0.0,0.0,0.0,0.0,0.0,0.0,0.0,0.0,0.0,0.0,0.0,0.0,4,NORMAL,0.0,2026-01-01T00:02:00+00:00,False
2026-01-01T00:00:23Z,ENG-DATASET-004,MSN-NORMAL-004,TAKEOFF,4000.0,23.0,0.9079033798009026,0.7420966201990974,5199.090793565551,917.2426057182541,235.3220734261751,65.68175215750149,459.95453967827757,19.285658369582208,9.141761627546815,14.2,5199.090793565551,917.2426057182541,235.3220734261751,65.68175215750149,459.95453967827757,19.285658369582208,9.141761627546815,0.0,0.0,0.0,0.0,0.0,0.0,0.0,0.0,0.0,0.0,0.0,0.0,0.0,0.0,4,NORMAL,0.0,2026-01-01T00:02:00+00:00,False
2026-01-01T00:00:24Z,ENG-DATASET-004,MSN-NORMAL-004,TAKEOFF,4000.0,23.0,0.904233600241796,0.745766399758204,5178.907005990465,914.0071342270725,236.9400444392344,66.62016587363061,458.9453502995233,19.197500732889292,9.679861472499216,14.2,5178.907005990465,914.0071342270725,236.9400444392344,66.62016587363061,458.9453502995233,19.197500732889292,9.679861472499216,0.0,0.0,0.0,0.0,0.0,0.0,0.0,0.0,0.0,0.0,0.0,0.0,0.0,0.0,4,NORMAL,0.0,2026-01-01T00:02:00+00:00,False
2026-01-01T00:00:25Z,ENG-DATASET-004,MSN-NORMAL-004,TAKEOFF,4000.0,23.0,0.9004977567668805,0.7495022432331195,5158.35986687843,910.7185845083613,238.31400460802,67.51437189205221,457.9179933439215,19.107881244009647,9.615870264432385,14.2,5158.35986687843,910.7185845083613,238.31400460802,67.51437189205221,457.9179933439215,19.107881244009647,9.615870264432385,0.0,0.0,0.0,0.0,0.0,0.0,0.0,0.0,0.0,0.0,0.0,0.0,0.0,0.0,4,NORMAL,0.0,2026-01-01T00:02:00+00:00,False
2026-01-01T00:00:26Z,ENG-DATASET-004,MSN-NORMAL-004,TAKEOFF,4000.0,23.0,0.8967541459640967,0.7532458540359033,5137.770007463119,907.4284160484137,239.46831454842837,68.36612465044627,456.888500373156,19.0182018436159,9.008379426914876,14.2,5137.770007463119,907.4284160484137,239.46831454842837,68.36612465044627,456.888500373156,19.0182018436159,9.008379426914876,0.0,0.0,0.0,0.0,0.0,0.0,0.0,0.0,0.0,0.0,0.0,0.0,0.0,0.0,4,NORMAL,0.0,2026-01-01T00:02:00+00:00,False
2026-01-01T00:00:27Z,ENG-DATASET-004,MSN-NORMAL-004,TAKEOFF,4000.0,23.0,0.8930611856279393,0.7569388143720607,5117.458725614253,904.1878707752203,240.42617986296602,69.1772127264757,455.8729362807127,18.929859525055562,8.694570264197308,14.2,5117.458725614253,904.1878707752203,240.42617986296602,69.1772127264757,455.8729362807127,18.929859525055562,8.694570264197308,0.0,0.0,0.0,0.0,0.0,0.0,0.0,0.0,0.0,0.0,0.0,0.0,0.0,0.0,4,NORMAL,0.0,2026-01-01T00:02:00+00:00,False
2026-01-01T00:00:28Z,ENG-DATASET-004,MSN-NORMAL-004,TAKEOFF,4000.0,23.0,0.8894765031693115,0.7605234968306887,5097.7429720918,901.047180492227,241.2097413889751,69.94945606078784,454.88714860459004,18.84422470544698,9.091322097998589,14.2,5097.7429720918,901.047180492227,241.2097413889751,69.94945606078784,454.88714860459004,18.84422470544698,9.091322097998589,0.0,0.0,0.0,0.0,0.0,0.0,0.0,0.0,0.0,0.0,0.0,0.0,0.0,0.0,4,NORMAL,0.0,2026-01-01T00:02:00+00:00,False
2026-01-01T00:00:29Z,ENG-DATASET-004,MSN-NORMAL-004,TAKEOFF,4000.0,23.0,0.8860560363590517,0.7639439636409483,5078.930404635372,898.0548046280023,241.84013736577765,70.6847016852806,453.9465202317686,18.762620364038227,9.598469811331354,14.2,5078.930404635372,898.0548046280023,241.84013736577765,70.6847016852806,453.9465202317686,18.762620364038227,9.598469811331354,0.0,0.0,0.0,0.0,0.0,0.0,0.0,0.0,0.0,0.0,0.0,0.0,0.0,0.0,4,NORMAL,0.0,2026-01-01T00:02:00+00:00,False
2026-01-01T00:00:30Z,ENG-DATASET-004,MSN-NORMAL-004,CLIMB,6000.0,23.0,0.7628531604377298,0.6671468395622704,4422.774840920797,633.457502053989,235.7925611805496,70.7694276029958,421.13874204603985,12.664034634257249,8.301331589501512,14.2,4422.774840920797,633.457502053989,235.7925611805496,70.7694276029958,421.13874204603985,12.664034634257249,8.301331589501512,0.0,0.0,0.0,0.0,0.0,0.0,0.0,0.0,0.0,0.0,0.0,0.0,0.0,0.0,4,NORMAL,0.0,2026-01-01T00:02:00+00:00,False
2026-01-01T00:00:31Z,ENG-DATASET-004,MSN-NORMAL-004,CLIMB,6000.0,23.0,0.7599178552128679,0.6700821447871321,4406.630662184058,631.5893363736828,230.30303847183671,70.84617806958856,420.3315331092029,12.610956890675833,7.686772473917217,14.2,4406.630662184058,631.5893363736828,230.30303847183671,70.84617806958856,420.3315331092029,12.610956890675833,7.686772473917217,0.0,0.0,0.0,0.0,0.0,0.0,0.0,0.0,0.0,0.0,0.0,0.0,0.0,0.0,4,NORMAL,0.0,2026-01-01T00:02:00+00:00,False
2026-01-01T00:00:32Z,ENG-DATASET-004,MSN-NORMAL-004,CLIMB,6000.0,23.0,0.7572959251407622,0.6727040748592379,4392.210046787475,629.9226281904309,225.32080032941383,70.91576175177994,419.61050233937374,12.56359447567623,7.451449614109771,14.2,4392.210046787475,629.9226281904309,225.32080032941383,70.91576175177994,419.61050233937374,12.56359447567623,7.451449614109771,0.0,0.0,0.0,0.0,0.0,0.0,0.0,0.0,0.0,0.0,0.0,0.0,0.0,0.0,4,NORMAL,0.0,2026-01-01T00:02:00+00:00,False
2026-01-01T00:00:33Z,ENG-DATASET-004,MSN-NORMAL-004,CLIMB,6000.0,23.0,0.7550282845632604,0.6749717154367396,4379.738023611216,628.4826627047977,220.8007868640924,70.97901889828131,418.98690118056084,12.52266894396212,7.909282705204241,14.2,4379.738023611216,628.4826627047977,220.8007868640924,70.97901889828131,418.98690118056084,12.52266894396212,7.909282705204241,0.0,0.0,0.0,0.0,0.0,0.0,0.0,0.0,0.0,0.0,0.0,0.0,0.0,0.0,4,NORMAL,0.0,2026-01-01T00:02:00+00:00,False
2026-01-01T00:00:34Z,ENG-DATASET-004,MSN-NORMAL-004,CLIMB,6000.0,23.0,0.7531503192531426,0.6768496807468575,4369.409214405567,627.2912149139611,216.70298855053218,71.03681143812557,418.4704607202783,12.488802084103849,8.384261637793008,14.2,4369.409214405567,627.2912149139611,216.70298855053218,71.03681143812557,418.4704607202783,12.488802084103849,8.384261637793008,0.0,0.0,0.0,0.0,0.0,0.0,0.0,0.0,0.0,0.0,0.0,0.0,0.0,0.0,4,NORMAL,0.0,2026-01-01T00:02:00+00:00,False
2026-01-01T00:00:35Z,ENG-DATASET-004,MSN-NORMAL-004,CLIMB,6000.0,23.0,0.7516913342309711,0.6783086657690289,4361.384796783625,626.3662524743754,212.99184600733835,71.09001261227891,418.06923983918125,12.462507249025732,8.179263107635975,14.2,4361.384796783625,626.3662524743754,212.99184600733835,71.09001261227891,418.06923983918125,12.462507249025732,8.179263107635975,0.0,0.0,0.0,0.0,0.0,0.0,0.0,0.0,0.0,0.0,0.0,0.0,0.0,0.0,4,NORMAL,0.0,2026-01-01T00:02:00+00:00,False
2026-01-01T00:00:36Z,ENG-DATASET-004,MSN-NORMAL-004,CLIMB,6000.0,23.0,0.7506740964700471,0.6793259035299529,4355.789989098543,625.7216935408873,209.6357037451267,71.13949630546469,417.7894994549272,12.444182271138384,7.57506172969035,14.2,4355.789989098543,625.7216935408873,209.6357037451267,71.13949630546469,417.7894994549272,12.444182271138384,7.57506172969035,0.0,0.0,0.0,0.0,0.0,0.0,0.0,0.0,0.0,0.0,0.0,0.0,0.0,0.0,4,NORMAL,0.0,2026-01-01T00:02:00+00:00,False
2026-01-01T00:00:37Z,ENG-DATASET-004,MSN-NORMAL-004,CLIMB,6000.0,23.0,0.7501144796254057,0.6798855203745944,4352.712096453014,625.3672210686765,206.60631389733095,71.18612624960328,417.63560482265075,12.434104017138353,7.428272730103896,14.2,4352.712096453014,625.3672210686765,206.60631389733095,71.18612624960328,417.63560482265075,12.434104017138353,7.428272730103896,0.0,0.0,0.0,0.0,0.0,0.0,0.0,0.0,0.0,0.0,0.0,0.0,0.0,0.0,4,NORMAL,0.0,2026-01-01T00:02:00+00:00,False
2026-01-01T00:00:38Z,ENG-DATASET-004,MSN-NORMAL-004,CLIMB,6000.0,23.0,0.7500212163307387,0.6799787836692613,4352.199148332346,625.3081545954711,203.87838637248464,71.23074527207841,417.60995741661736,12.43242462189565,7.944240776317435,14.2,4352.199148332346,625.3081545954711,203.87838637248464,71.23074527207841,417.60995741661736,12.43242462189565,7.944240776317435,0.0,0.0,0.0,0.0,0.0,0.0,0.0,0.0,0.0,0.0,0.0,0.0,0.0,0.0,4,NORMAL,0.0,2026-01-01T00:02:00+00:00,False
2026-01-01T00:00:39Z,ENG-DATASET-004,MSN-NORMAL-004,CLIMB,6000.0,23.0,0.7503957619285668,0.6796042380714332,4354.259149120401,625.5453801430695,201.42918223881293,71.27416476115114,417.71295745602004,12.43916942720959,8.38292501872241,14.2,4354.259149120401,625.5453801430695,201.42918223881293,71.27416476115114,417.71295745602004,12.43916942720959,8.38292501872241,0.0,0.0,0.0,0.0,0.0,0.0,0.0,0.0,0.0,0.0,0.0,0.0,0.0,0.0,4,NORMAL,0.0,2026-01-01T00:02:00+00:00,False
2026-01-01T00:00:40Z,ENG-DATASET-004,MSN-NORMAL-004,CLIMB,6000.0,23.0,0.7512322717601059,0.6787677282398942,4358.859953193865,626.0753385652408,199.23814747906266,71.31715451727274,417.9429976596933,12.45423663902259,8.119150469936628,14.2,4358.859953193865,626.0753385652408,199.23814747906266,71.31715451727274,417.9429976596933,12.45423663902259,8.119150469936628,0.0,0.0,0.0,0.0,0.0,0.0,0.0,0.0,0.0,0.0,0.0,0.0,0.0,0.0,4,NORMAL,0.0,2026-01-01T00:02:00+00:00,False
2026-01-01T00:00:41Z,ENG-DATASET-004,MSN-NORMAL-004,CLIMB,6000.0,23.0,0.7525176923692127,0.6774823076307873,4365.9297665439535,626.8900723948319,197.2865845410272,71.3604331528512,418.2964883271977,12.47739870531602,7.5382292087814955,14.2,4365.9297665439535,626.8900723948319,197.2865845410272,71.3604331528512,418.2964883271977,12.47739870531602,7.5382292087814955,0.0,0.0,0.0,0.0,0.0,0.0,0.0,0.0,0.0,0.0,0.0,0.0,0.0,0.0,4,NORMAL,0.0,2026-01-01T00:02:00+00:00,False
2026-01-01T00:00:42Z,ENG-DATASET-004,MSN-NORMAL-004,CLIMB,6000.0,23.0,0.7542319651972023,0.6757680348027978,4375.358267097896,627.9773309750184,195.55735936129994,71.40465919430027,418.7679133548948,12.50830540568582,7.483817544906461,14.2,4375.358267097896,627.9773309750184,195.55735936129994,71.40465919430027,418.7679133548948,12.50830540568582,7.483817544906461,0.0,0.0,0.0,0.0,0.0,0.0,0.0,0.0,0.0,0.0,0.0,0.0,0.0,0.0,4,NORMAL,0.0,2026-01-01T00:02:00+00:00,False
2026-01-01T00:00:43Z,ENG-DATASET-004,MSN-NORMAL-004,CLIMB,6000.0,23.0,0.7563483395899472,0.6736516604100529,4386.998326257993,629.3207333663456,194.0346417593286,71.45042302908003,419.3499163128996,12.54648863181298,8.049052532133354,14.2,4386.998326257993,629.3207333663456,194.0346417593286,71.45042302908003,419.3499163128996,12.54648863181298,8.049052532133354,0.0,0.0,0.0,0.0,0.0,0.0,0.0,0.0,0.0,0.0,0.0,0.0,0.0,0.0,4,NORMAL,0.0,2026-01-01T00:02:00+00:00,False
2026-01-01T00:00:44Z,ENG-DATASET-004,MSN-NORMAL-004,CLIMB,6000.0,23.0,0.7588337902328882,0.6711662097671118,4400.668304794169,630.8999881724268,192.7036772877064,71.49823982709819,420.03341523970846,12.591368825049527,8.442879858937019,14.2,4400.668304794169,630.8999881724268,192.7036772877064,71.49823982709819,420.03341523970846,12.591368825049527,8.442879858937019,0.0,0.0,0.0,0.0,0.0,0.0,0.0,0.0,0.0,0.0,0.0,0.0,0.0,0.0,4,NORMAL,0.0,2026-01-01T00:02:00+00:00,False
2026-01-01T00:00:45Z,ENG-DATASET-004,MSN-NORMAL-004,CLIMB,6000.0,23.0,0.7616495325000231,0.668350467499977,4416.15488726341,632.6911689967933,191.5505887838556,71.54854355048803,420.8077443631705,12.642263022572575,8.123085586751438,14.2,4416.15488726341,632.6911689967933,191.5505887838556,71.54854355048803,420.8077443631705,12.642263022572575,8.123085586751438,0.0,0.0,0.0,0.0,0.0,0.0,0.0,0.0,0.0,0.0,0.0,0.0,0.0,0.0,4,NORMAL,0.0,2026-01-01T00:02:00+00:00,False
2026-01-01T00:00:46Z,ENG-DATASET-004,MSN-NORMAL-004,CLIMB,6000.0,23.0,0.7647516276750222,0.6652483723249778,4433.216410725906,634.6670437111185,190.562205998248,71.60168214865321,421.6608205362953,12.698394446593287,7.572769341951377,14.2,4433.216410725906,634.6670437111185,190.562205998248,71.60168214865321,421.6608205362953,12.698394446593287,7.572769341951377,0.0,0.0,0.0,0.0,0.0,0.0,0.0,0.0,0.0,0.0,0.0,0.0,0.0,0.0,4,NORMAL,0.0,2026-01-01T00:02:00+00:00,False
2026-01-01T00:00:47Z,ENG-DATASET-004,MSN-NORMAL-004,CLIMB,6000.0,23.0,0.7680916686002026,0.6619083313997974,4451.586635814398,636.7974550682611,189.72592177512973,71.65791401683738,422.5793317907199,12.758903551702604,7.607830102986433,14.2,4451.586635814398,636.7974550682611,189.72592177512973,71.65791401683738,422.5793317907199,12.758903551702604,7.607830102986433,0.0,0.0,0.0,0.0,0.0,0.0,0.0,0.0,0.0,0.0,0.0,0.0,0.0,0.0,4,NORMAL,0.0,2026-01-01T00:02:00+00:00,False
2026-01-01T00:00:48Z,ENG-DATASET-004,MSN-NORMAL-004,CLIMB,6000.0,23.0,0.7716175350540323,0.6583824649459677,4470.978901310461,639.0497494288759,189.02957333333865,71.7174057766283,423.54894506552307,12.822860423566365,8.207618890810426,14.2,4470.978901310461,639.0497494288759,189.02957333333865,71.7174057766283,423.54894506552307,12.822860423566365,8.207618890810426,0.0,0.0,0.0,0.0,0.0,0.0,0.0,0.0,0.0,0.0,0.0,0.0,0.0,0.0,4,NORMAL,0.0,2026-01-01T00:02:00+00:00,False
2026-01-01T00:00:49Z,ENG-DATASET-004,MSN-NORMAL-004,CLIMB,6000.0,23.0,0.7752742070697557,0.6547257929302444,4491.090597396939,641.3892494944482,188.461347237366,71.78023141605215,424.554529869847,12.889278398064954,8.544060445097694,14.2,4491.090597396939,641.3892494944482,188.461347237366,71.78023141605215,424.554529869847,12.889278398064954,8.544060445097694,0.0,0.0,0.0,0.0,0.0,0.0,0.0,0.0,0.0,0.0,0.0,0.0,0.0,0.0,4,NORMAL,0.0,2026-01-01T00:02:00+00:00,False
2026-01-01T00:00:50Z,ENG-DATASET-004,MSN-NORMAL-004,CLIMB,6000.0,23.0,0.7790046235035734,0.6509953764964267,4511.607887782937,643.7797659702183,188.00970666288487,71.84637280557688,425.5803943891468,12.957128744079732,8.16752917376726,14.2,4511.607887782937,643.7797659702183,188.00970666288487,71.84637280557688,425.5803943891468,12.957128744079732,8.16752917376726,0.0,0.0,0.0,0.0,0.0,0.0,0.0,0.0,0.0,0.0,0.0,0.0,0.0,0.0,4,NORMAL,0.0,2026-01-01T00:02:00+00:00,False
2026-01-01T00:00:51Z,ENG-DATASET-004,MSN-NORMAL-004,CLIMB,6000.0,23.0,0.7827505724547054,0.6472494275452947,4532.210607014162,646.1841420469038,187.66333954776897,71.91572158475675,426.61053035070813,13.025356226185114,7.650511407902353,14.2,4532.210607014162,646.1841420469038,187.66333954776897,71.91572158475675,426.61053035070813,13.025356226185114,7.650511407902353,0.0,0.0,0.0,0.0,0.0,0.0,0.0,0.0,0.0,0.0,0.0,0.0,0.0,0.0,4,NORMAL,0.0,2026-01-01T00:02:00+00:00,False
2026-01-01T00:00:52Z,ENG-DATASET-004,MSN-NORMAL-004,CLIMB,6000.0,23.0,0.7864535996426345,0.6435464003573655,4552.577256547773,648.5648235290136,187.4111261812174,71.98808239275058,427.6288628273886,13.092895336475372,7.766902622265199,14.2,4552.577256547773,648.5648235290136,187.4111261812174,71.98808239275058,427.6288628273886,13.092895336475372,7.766902622265199,0.0,0.0,0.0,0.0,0.0,0.0,0.0,0.0,0.0,0.0,0.0,0.0,0.0,0.0,4,NORMAL,0.0,2026-01-01T00:02:00+00:00,False
2026-01-01T00:00:53Z,ENG-DATASET-004,MSN-NORMAL-004,CLIMB,6000.0,23.0,0.7900559205666026,0.6399440794333975,4572.390021629597,650.8844463970554,187.24212472302204,72.06317739486836,428.6195010814798,13.158686958802852,8.382748537507277,14.2,4572.390021629597,650.8844463970554,187.24212472302204,72.06317739486836,428.6195010814798,13.158686958802852,8.382748537507277,0.0,0.0,0.0,0.0,0.0,0.0,0.0,0.0,0.0,0.0,0.0,0.0,0.0,0.0,4,NORMAL,0.0,2026-01-01T00:02:00+00:00,False
2026-01-01T00:00:54Z,ENG-DATASET-004,MSN-NORMAL-004,CLIMB,6000.0,23.0,0.7935013222134185,0.6364986777865815,4591.339730687085,653.1064326248872,187.14557306634202,72.14065203697457,429.5669865343542,13.221695205144462,8.647646371988518,14.2,4591.339730687085,653.1064326248872,187.14557306634202,72.14065203697457,429.5669865343542,13.221695205144462,8.647646371988518,0.0,0.0,0.0,0.0,0.0,0.0,0.0,0.0,0.0,0.0,0.0,0.0,0.0,0.0,4,NORMAL,0.0,2026-01-01T00:02:00+00:00,False
2026-01-01T00:00:55Z,ENG-DATASET-004,MSN-NORMAL-004,CLIMB,6000.0,23.0,0.7967360402427283,0.6332639597572718,4609.130679848288,655.1955842392977,187.11090536569026,72.22008194031733,430.4565339924144,13.280924144040645,8.212598320499593,14.2,4609.130679848288,655.1955842392977,187.11090536569026,72.22008194031733,430.4565339924144,13.280924144040645,8.212598320499593,0.0,0.0,0.0,0.0,0.0,0.0,0.0,0.0,0.0,0.0,0.0,0.0,0.0,0.0,4,NORMAL,0.0,2026-01-01T00:02:00+00:00,False
2026-01-01T00:00:56Z,ENG-DATASET-004,MSN-NORMAL-004,CLIMB,6000.0,23.0,0.7997095979615637,0.6302904020384363,4625.485247301884,657.1186649644619,187.12778145323279,72.30098083146206,431.27426236509416,13.335434126459157,7.729536030100552,14.2,4625.485247301884,657.1186649644619,187.12778145323279,72.30098083146206,431.27426236509416,13.335434126459157,7.729536030100552,0.0,0.0,0.0,0.0,0.0,0.0,0.0,0.0,0.0,0.0,0.0,0.0,0.0,0.0,4,NORMAL,0.0,2026-01-01T00:02:00+00:00,False
2026-01-01T00:00:57Z,ENG-DATASET-004,MSN-NORMAL-004,CLIMB,6000.0,23.0,0.8023755939962547,0.6276244060037454,4640.148225492683,658.8449583935014,187.18612726774705,72.3828093857652,432.00741127463414,13.38435740632484,7.916866960956477,14.2,4640.148225492683,658.8449583935014,187.18612726774705,72.3828093857652,432.00741127463414,13.38435740632484,7.916866960956477,0.0,0.0,0.0,0.0,0.0,0.0,0.0,0.0,0.0,0.0,0.0,0.0,0.0,0.0,4,NORMAL,0.0,2026-01-01T00:02:00+00:00,False
2026-01-01T00:00:58Z,ENG-DATASET-004,MSN-NORMAL-004,CLIMB,6000.0,23.0,0.8046924263703452,0.6253075736296548,4652.890803550182,660.3467915199171,187.2761843289703,72.46498484848074,432.6445401775091,13.426912752438353,8.529818563668755,14.2,4652.890803550182,660.3467915199171,187.2761843289703,72.46498484848074,432.6445401775091,13.426912752438353,8.529818563668755,0.0,0.0,0.0,0.0,0.0,0.0,0.0,0.0,0.0,0.0,0.0,0.0,0.0,0.0,4,NORMAL,0.0,2026-01-01T00:02:00+00:00,False
2026-01-01T00:00:59Z,ENG-DATASET-004,MSN-NORMAL-004,CLIMB,6000.0,23.0,0.8066239416895222,0.6233760583104778,4663.514137805656,661.6000126789127,187.3885662130461,72.54689128537387,433.1757068902828,13.462418756413761,8.710749489509276,14.2,4663.514137805656,661.6000126789127,187.3885662130461,72.54689128537387,433.1757068902828,13.462418756413761,8.710749489509276,0.0,0.0,0.0,0.0,0.0,0.0,0.0,0.0,0.0,0.0,0.0,0.0,0.0,0.0,4,NORMAL,0.0,2026-01-01T00:02:00+00:00,False
2026-01-01T00:01:00Z,ENG-DATASET-004,MSN-NORMAL-004,CLIMB,6000.0,23.0,0.8081399993032422,0.6218600006967578,4671.852454681115,662.5844135138742,187.51431992958834,72.62789030481271,433.5926227340558,13.490305558072453,8.217551249695761,14.2,4671.852454681115,662.5844135138742,187.51431992958834,72.62789030481271,433.5926227340558,13.490305558072453,8.217551249695761,0.0,0.0,0.0,0.0,0.0,0.0,0.0,0.0,0.0,0.0,0.0,0.0,0.0,0.0,4,NORMAL,0.0,2026-01-01T00:02:00+00:00,False
2026-01-01T00:01:01Z,ENG-DATASET-004,MSN-NORMAL-004,CLIMB,6000.0,23.0,0.8092169416395014,0.6207830583604986,4677.775637530541,663.2840855007789,187.64499007414898,72.7073320858744,433.88878187652705,13.510124735492347,7.770244200357531,14.2,4677.775637530541,663.2840855007789,187.64499007414898,72.7073320858744,433.88878187652705,13.510124735492347,7.770244200357531,0.0,0.0,0.0,0.0,0.0,0.0,0.0,0.0,0.0,0.0,0.0,0.0,0.0,0.0,4,NORMAL,0.0,2026-01-01T00:02:00+00:00,False
2026-01-01T00:01:02Z,ENG-DATASET-004,MSN-NORMAL-004,CLIMB,6000.0,23.0,0.8098379633733354,0.6201620366266647,4681.191257066627,663.6877028189132,187.7726836372069,72.78456654215275,434.0595628533314,13.521557141230137,8.019212398007463,14.2,4681.191257066627,663.6877028189132,187.7726836372069,72.78456654215275,434.0595628533314,13.521557141230137,8.019212398007463,0.0,0.0,0.0,0.0,0.0,0.0,0.0,0.0,0.0,0.0,0.0,0.0,0.0,0.0,4,NORMAL,0.0,2026-01-01T00:02:00+00:00,False
2026-01-01T00:01:03Z,ENG-DATASET-004,MSN-NORMAL-004,CLIMB,6000.0,23.0,0.8099933736682935,0.6200066263317066,4682.046013688898,663.7887249170988,187.8901333964137,72.85895444876583,434.1023006844449,13.524418508251241,8.61326537262525,14.2,4682.046013688898,663.7887249170988,187.8901333964137,72.85895444876583,434.1023006844449,13.524418508251241,8.61326537262525,0.0,0.0,0.0,0.0,0.0,0.0,0.0,0.0,0.0,0.0,0.0,0.0,0.0,0.0,4,NORMAL,0.0,2026-01-01T00:02:00+00:00,False
2026-01-01T00:01:04Z,ENG-DATASET-004,MSN-NORMAL-004,CLIMB,6000.0,23.0,0.8096807473987014,0.6203192526012986,4680.32656920614,663.5855139402372,187.99075790527826,72.92987836056815,434.016328460307,13.518662697531358,8.702694326449958,14.2,4680.32656920614,663.5855139402372,187.99075790527826,72.92987836056815,434.016328460307,13.518662697531358,8.702694326449958,0.0,0.0,0.0,0.0,0.0,0.0,0.0,0.0,0.0,0.0,0.0,0.0,0.0,0.0,4,NORMAL,0.0,2026-01-01T00:02:00+00:00,False
2026-01-01T00:01:05Z,ENG-DATASET-004,MSN-NORMAL-004,CLIMB,6000.0,23.0,0.8089049629929357,0.6210950370070644,4676.05975497443,663.0813641858555,188.06871621939683,72.99675315276437,433.80298774872153,13.504382512477676,8.156607741746662,14.2,4676.05975497443,663.0813641858555,188.06871621939683,72.99675315276437,433.80298774872153,13.504382512477676,8.156607741746662,0.0,0.0,0.0,0.0,0.0,0.0,0.0,0.0,0.0,0.0,0.0,0.0,0.0,0.0,4,NORMAL,0.0,2026-01-01T00:02:00+00:00,False
2026-01-01T00:01:06Z,ENG-DATASET-004,MSN-NORMAL-004,CLIMB,6000.0,23.0,0.8076781263071803,0.6223218736928198,4669.312153202775,662.2844428775429,188.11895566939572,73.05903602095124,433.46560766013874,13.481808061321043,7.750499675062707,14.2,4669.312153202775,662.2844428775429,188.11895566939572,73.05903602095124,433.46560766013874,13.481808061321043,7.750499675062707,0.0,0.0,0.0,0.0,0.0,0.0,0.0,0.0,0.0,0.0,0.0,0.0,0.0,0.0,4,NORMAL,0.0,2026-01-01T00:02:00+00:00,False
2026-01-01T00:01:07Z,ENG-DATASET-004,MSN-NORMAL-004,CLIMB,6000.0,23.0,0.8060193817175902,0.6239806182824098,4660.1890579600295,661.2076436878255,188.13725119465178,73.1162357859894,433.0094528980015,13.451302705347878,8.055325539778993,14.2,4660.1890579600295,661.2076436878255,188.13725119465178,73.1162357859894,433.0094528980015,13.451302705347878,8.055325539778993,0.0,0.0,0.0,0.0,0.0,0.0,0.0,0.0,0.0,0.0,0.0,0.0,0.0,0.0,4,NORMAL,0.0,2026-01-01T00:02:00+00:00,False
2026-01-01T00:01:08Z,ENG-DATASET-004,MSN-NORMAL-004,CLIMB,6000.0,23.0,0.8039546133787048,0.6260453866212953,4648.832832096159,659.8683565315652,188.12023498847574,73.16792135989654,432.44164160480796,13.413356686124578,8.61967775594383,14.2,4648.832832096159,659.8683565315652,188.12023498847574,73.16792135989654,432.44164160480796,13.413356686124578,8.61967775594383,0.0,0.0,0.0,0.0,0.0,0.0,0.0,0.0,0.0,0.0,0.0,0.0,0.0,0.0,4,NORMAL,0.0,2026-01-01T00:02:00+00:00,False
2026-01-01T00:01:09Z,ENG-DATASET-004,MSN-NORMAL-004,CLIMB,6000.0,23.0,0.8015160413098724,0.6284839586901276,4635.420685717582,658.2881591003123,188.06541546713598,73.21372924198984,431.7710342858791,13.368578576656935,8.616735636872612,14.2,4635.420685717582,658.2881591003123,188.06541546713598,73.21372924198984,431.7710342858791,13.368578576656935,8.616735636872612,0.0,0.0,0.0,0.0,0.0,0.0,0.0,0.0,0.0,0.0,0.0,0.0,0.0,0.0,4,NORMAL,0.0,2026-01-01T00:02:00+00:00,False
2026-01-01T00:01:10Z,ENG-DATASET-004,MSN-NORMAL-004,CLIMB,6000.0,23.0,0.7987417186126258,0.6312582813873743,4620.161910882725,656.49243734459,187.97118485403712,73.25336992958495,431.00809554413627,13.317684747867705,8.029116599411362,14.2,4620.161910882725,656.49243734459,187.97118485403712,73.25336992958495,431.00809554413627,13.317684747867705,8.029116599411362,0.0,0.0,0.0,0.0,0.0,0.0,0.0,0.0,0.0,0.0,0.0,0.0,0.0,0.0,4,NORMAL,0.0,2026-01-01T00:02:00+00:00,False
2026-01-01T00:01:11Z,ENG-DATASET-004,MSN-NORMAL-004,CLIMB,6000.0,23.0,0.7956749376647593,0.6343250623352408,4603.294615669459,654.5099435740566,187.8368149579848,73.28663314444522,430.1647307834729,13.261487081327036,7.674116791849614,14.2,4603.294615669459,654.5099435740566,187.8368149579848,73.28663314444522,430.1647307834729,13.261487081327036,7.674116791849614,0.0,0.0,0.0,0.0,0.0,0.0,0.0,0.0,0.0,0.0,0.0,0.0,0.0,0.0,4,NORMAL,0.0,2026-01-01T00:02:00+00:00,False
2026-01-01T00:01:12Z,ENG-DATASET-004,MSN-NORMAL-004,CLIMB,6000.0,23.0,0.7923635545572527,0.6376364454427473,4585.082008578173,652.3723019901521,187.66244101194013,73.3133917946056,429.2541004289087,13.200879190684349,8.03317424785229,14.2,4585.082008578173,652.3723019901521,187.66244101194013,73.3133917946056,429.2541004289087,13.200879190684349,8.03317424785229,0.0,0.0,0.0,0.0,0.0,0.0,0.0,0.0,0.0,0.0,0.0,0.0,0.0,0.0,4,NORMAL,0.0,2026-01-01T00:02:00+00:00,False
2026-01-01T00:01:13Z,ENG-DATASET-004,MSN-NORMAL-004,CLIMB,6000.0,23.0,0.7888592423159781,0.6411407576840219,4565.808291251164,650.1134722655265,187.44903371738428,73.33360461088256,428.2904145625582,13.136821437022386,8.562548195449839,14.2,4565.808291251164,650.1134722655265,187.44903371738428,73.33360461088256,428.2904145625582,13.136821437022386,8.562548195449839,0.0,0.0,0.0,0.0,0.0,0.0,0.0,0.0,0.0,0.0,0.0,0.0,0.0,0.0,4,NORMAL,0.0,2026-01-01T00:02:00+00:00,False
2026-01-01T00:01:14Z,ENG-DATASET-004,MSN-NORMAL-004,CLIMB,6000.0,23.0,0.785216684561413,0.644783315438587,4545.774223601055,647.7691822314,187.19835990143085,73.34731741801694,427.2887111800528,13.070325037140394,8.47278086172617,14.2,4545.774223601055,647.7691822314,187.19835990143085,73.34731741801694,427.2887111800528,13.070325037140394,8.47278086172617,0.0,0.0,0.0,0.0,0.0,0.0,0.0,0.0,0.0,0.0,0.0,0.0,0.0,0.0,4,NORMAL,0.0,2026-01-01T00:02:00+00:00,False
2026-01-01T00:01:15Z,ENG-DATASET-004,MSN-NORMAL-004,CLIMB,6000.0,23.0,0.7814927221890324,0.6485072778109676,4525.292430552961,645.3763408382309,186.91293243224354,73.3546630216591,426.26462152764805,13.002435568774816,7.860218700325446,14.2,4525.292430552961,645.3763408382309,186.91293243224354,73.3546630216591,426.26462152764805,13.002435568774816,7.860218700325446,0.0,0.0,0.0,0.0,0.0,0.0,0.0,0.0,0.0,0.0,0.0,0.0,0.0,0.0,4,NORMAL,0.0,2026-01-01T00:02:00+00:00,False
2026-01-01T00:01:16Z,ENG-DATASET-004,MSN-NORMAL-004,CLIMB,6000.0,23.0,0.7777454663861457,0.6522545336138543,4504.682523637085,642.9724423431346,186.59595024759756,73.35585971396358,425.23412618185426,12.93421617358553,7.569482597759185,14.2,4504.682523637085,642.9724423431346,186.59595024759756,73.35585971396358,425.23412618185426,12.93421617358553,7.569482597759185,0.0,0.0,0.0,0.0,0.0,0.0,0.0,0.0,0.0,0.0,0.0,0.0,0.0,0.0,4,NORMAL,0.0,2026-01-01T00:02:00+00:00,False
2026-01-01T00:01:17Z,ENG-DATASET-004,MSN-NORMAL-004,CLIMB,6000.0,23.0,0.774033391826255,0.6559666081737451,4484.2661135576855,640.5949721893412,186.25122952757133,73.35120842207604,424.21330567788425,12.866730748309818,7.983914786470905,14.2,4484.2661135576855,640.5949721893412,186.25122952757133,73.35120842207604,424.21330567788425,12.866730748309818,7.983914786470905,0.0,0.0,0.0,0.0,0.0,0.0,0.0,0.0,0.0,0.0,0.0,0.0,0.0,0.0,4,NORMAL,0.0,2026-01-01T00:02:00+00:00,False
2026-01-01T00:01:18Z,ENG-DATASET-004,MSN-NORMAL-004,CLIMB,6000.0,23.0,0.7704144241913318,0.6595855758086683,4464.361791565607,638.280824328407,185.88312718302436,73.34108854493444,423.21808957828034,12.801027398000326,8.476891663081664,14.2,4464.361791565607,638.280824328407,185.88312718302436,73.34108854493444,423.21808957828034,12.801027398000326,8.476891663081664,0.0,0.0,0.0,0.0,0.0,0.0,0.0,0.0,0.0,0.0,0.0,0.0,0.0,0.0,4,NORMAL,0.0,2026-01-01T00:02:00+00:00,False
2026-01-01T00:01:19Z,ENG-DATASET-004,MSN-NORMAL-004,CLIMB,6000.0,23.0,0.766945036260924,0.663054963739076,4445.280157948366,636.0657388508805,185.49645793599393,73.32595254423724,422.2640078974183,12.738122404059647,8.310085183565608,14.2,4445.280157948366,636.0657388508805,185.49645793599393,73.32595254423724,422.2640078974183,12.738122404059647,8.310085183565608,0.0,0.0,0.0,0.0,0.0,0.0,0.0,0.0,0.0,0.0,0.0,0.0,0.0,0.0,4,NORMAL,0.0,2026-01-01T00:02:00+00:00,False
2026-01-01T00:01:20Z,ENG-DATASET-004,MSN-NORMAL-004,CLIMB,6000.0,23.0,0.7636793666733189,0.6663206333266811,4427.318975216537,633.9837677937314,185.09640633723782,73.30631937483729,421.3659487608269,12.67898493526639,7.69174762028813,14.2,4427.318975216537,633.9837677937314,185.09640633723782,73.30631937483729,421.3659487608269,12.67898493526639,7.69174762028813,0.0,0.0,0.0,0.0,0.0,0.0,0.0,0.0,0.0,0.0,0.0,0.0,0.0,0.0,4,NORMAL,0.0,2026-01-01T00:02:00+00:00,False
2026-01-01T00:01:21Z,ENG-DATASET-004,MSN-NORMAL-004,CLIMB,6000.0,23.0,0.7606683751101996,0.6693316248898005,4410.75852161938,632.0667759397019,184.6884351020066,73.28276685789596,420.537926080969,12.624522703532554,7.478833096015813,14.2,4410.75852161938,632.0667759397019,184.6884351020066,73.28276685789596,420.537926080969,12.624522703532554,7.478833096015813,0.0,0.0,0.0,0.0,0.0,0.0,0.0,0.0,0.0,0.0,0.0,0.0,0.0,0.0,4,NORMAL,0.0,2026-01-01T00:02:00+00:00,False
2026-01-01T00:01:22Z,ENG-DATASET-004,MSN-NORMAL-004,CLIMB,6000.0,23.0,0.7579590470878561,0.6720409529121438,4395.857217496491,630.343982366674,184.2781911509728,73.25592311659739,419.79286087482456,12.575568739010132,7.949711631277289,14.2,4395.857217496491,630.343982366674,184.2781911509728,73.25592311659739,419.79286087482456,12.575568739010132,7.949711631277289,0.0,0.0,0.0,0.0,0.0,0.0,0.0,0.0,0.0,0.0,0.0,0.0,0.0,0.0,4,NORMAL,0.0,2026-01-01T00:02:00+00:00,False
2026-01-01T00:01:23Z,ENG-DATASET-004,MSN-NORMAL-004,CLIMB,6000.0,23.0,0.7555936607639192,0.6744063392360808,4382.847592714839,628.841547488692,183.87141072309282,73.2264572088196,419.142379635742,12.532869432478755,8.405771336404923,14.2,4382.847592714839,628.841547488692,183.87141072309282,73.2264572088196,419.142379635742,12.532869432478755,8.405771336404923,0.0,0.0,0.0,0.0,0.0,0.0,0.0,0.0,0.0,0.0,0.0,0.0,0.0,0.0,4,NORMAL,0.0,2026-01-01T00:02:00+00:00,False
2026-01-01T00:01:24Z,ENG-DATASET-004,MSN-NORMAL-004,CLIMB,6000.0,23.0,0.7536091272008499,0.6763908727991501,4371.932658117958,627.5822093896785,183.47382488552552,73.19506910366061,418.59663290589793,12.497073967581684,8.172677084727466,14.2,4371.932658117958,627.5822093896785,183.47382488552552,73.19506910366061,418.59663290589793,12.497073967581684,8.172677084727466,0.0,0.0,0.0,0.0,0.0,0.0,0.0,0.0,0.0,0.0,0.0,0.0,0.0,0.0,4,NORMAL,0.0,2026-01-01T00:02:00+00:00,False
2026-01-01T00:01:25Z,ENG-DATASET-004,MSN-NORMAL-004,CLIMB,6000.0,23.0,0.7520364143811554,0.6779635856188446,4363.282737609638,626.5849724109784,183.09106670724742,73.16247915892723,418.1641368804819,12.4687252420762,7.566800924347967,14.2,4363.282737609638,626.5849724109784,183.09106670724742,73.16247915892723,418.1641368804819,12.4687252420762,7.566800924347967,0.0,0.0,0.0,0.0,0.0,0.0,0.0,0.0,0.0,0.0,0.0,0.0,0.0,0.0,4,NORMAL,0.0,2026-01-01T00:02:00+00:00,False
2026-01-01T00:01:26Z,ENG-DATASET-004,MSN-NORMAL-004,CLIMB,6000.0,23.0,0.7509000639623796,0.6790999360376204,4357.03281030637,625.8648502285762,182.7285812922371,73.12941726445383,417.85164051531854,12.448252356212159,7.442237829036515,14.2,4357.03281030637,625.8648502285762,182.7285812922371,73.12941726445383,417.85164051531854,12.448252356212159,7.442237829036515,0.0,0.0,0.0,0.0,0.0,0.0,0.0,0.0,0.0,0.0,0.0,0.0,0.0,0.0,4,NORMAL,0.0,2026-01-01T00:02:00+00:00,False
2026-01-01T00:01:27Z,ENG-DATASET-004,MSN-NORMAL-004,CLIMB,6000.0,23.0,0.7502178083127454,0.6797821916872546,4353.280404233384,625.4326650484405,182.3915397892244,73.09661182130682,417.6640202116692,12.435964727782038,7.9673820023350155,14.2,4353.280404233384,625.4326650484405,182.3915397892244,73.09661182130682,417.6640202116692,12.435964727782038,7.9673820023350155,0.0,0.0,0.0,0.0,0.0,0.0,0.0,0.0,0.0,0.0,0.0,0.0,0.0,0.0,4,NORMAL,0.0,2026-01-01T00:02:00+00:00,False
2026-01-01T00:01:28Z,ENG-DATASET-004,MSN-NORMAL-004,CLIMB,6000.0,23.0,0.7500002938034789,0.6799997061965212,4352.084074432417,625.2949040522647,182.08475841160856,73.06477872946496,417.6042037216208,12.432047877195913,8.383829656216212,14.2,4352.084074432417,625.2949040522647,182.08475841160856,73.06477872946496,417.6042037216208,12.432047877195913,8.383829656216212,0.0,0.0,0.0,0.0,0.0,0.0,0.0,0.0,0.0,0.0,0.0,0.0,0.0,0.0,4,NORMAL,0.0,2026-01-01T00:02:00+00:00,False
2026-01-01T00:01:29Z,ENG-DATASET-004,MSN-NORMAL-004,CLIMB,6000.0,23.0,0.7502509146757477,0.6797490853242524,4353.462489229895,625.4536338255313,181.81262341608598,73.0346105564097,417.6731244614948,12.4365609118184,8.093019926834483,14.2,4353.462489229895,625.4536338255313,181.81262341608598,73.0346105564097,417.6731244614948,12.4365609118184,8.093019926834483,0.0,0.0,0.0,0.0,0.0,0.0,0.0,0.0,0.0,0.0,0.0,0.0,0.0,0.0,4,NORMAL,0.0,2026-01-01T00:02:00+00:00,False
2026-01-01T00:01:30Z,ENG-DATASET-004,MSN-NORMAL-004,CRUISE,8500.0,23.0,0.5909657600746622,0.47903423992533783,3520.5689545165365,389.075361144749,175.6582451030961,72.38218222315342,376.0284477258268,7.332402973666711,5.85857072181734,14.2,3520.5689545165365,389.075361144749,175.6582451030961,72.38218222315342,376.0284477258268,7.332402973666711,5.85857072181734,0.0,0.0,0.0,0.0,0.0,0.0,0.0,0.0,0.0,0.0,0.0,0.0,0.0,0.0,4,NORMAL,0.0,2026-01-01T00:02:00+00:00,False
2026-01-01T00:01:31Z,ENG-DATASET-004,MSN-NORMAL-004,CRUISE,8500.0,23.0,0.5921336750768587,0.47786632492314135,3526.992487028617,389.56352425714607,170.13150869921515,71.75742928674387,376.34962435143086,7.347340807063966,5.827110858559043,14.2,3526.992487028617,389.56352425714607,170.13150869921515,71.75742928674387,376.34962435143086,7.347340807063966,5.827110858559043,0.0,0.0,0.0,0.0,0.0,0.0,0.0,0.0,0.0,0.0,0.0,0.0,0.0,0.0,4,NORMAL,0.0,2026-01-01T00:02:00+00:00,False
2026-01-01T00:01:32Z,ENG-DATASET-004,MSN-NORMAL-004,CRUISE,8500.0,23.0,0.5937364347593471,0.4762635652406529,3535.807665282304,390.23386927598494,165.17420456119325,71.15983235925353,376.79038326411523,7.367850704930066,6.398818205066945,14.2,3535.807665282304,390.23386927598494,165.17420456119325,71.15983235925353,376.79038326411523,7.367850704930066,6.398818205066945,0.0,0.0,0.0,0.0,0.0,0.0,0.0,0.0,0.0,0.0,0.0,0.0,0.0,0.0,4,NORMAL,0.0,2026-01-01T00:02:00+00:00,False
2026-01-01T00:01:33Z,ENG-DATASET-004,MSN-NORMAL-004,CRUISE,8500.0,23.0,0.5957490285933392,0.4742509714066608,3546.87693136926,391.0763241358079,160.7336922084691,70.58885903026008,377.34384656846305,7.39362202715783,6.768816730334211,14.2,3546.87693136926,391.0763241358079,160.7336922084691,70.58885903026008,377.34384656846305,7.39362202715783,6.768816730334211,0.0,0.0,0.0,0.0,0.0,0.0,0.0,0.0,0.0,0.0,0.0,0.0,0.0,0.0,4,NORMAL,0.0,2026-01-01T00:02:00+00:00,False
2026-01-01T00:01:34Z,ENG-DATASET-004,MSN-NORMAL-004,CRUISE,8500.0,23.0,0.598140050725185,0.4718599492748151,3560.0275530944114,392.0781985923958,156.7622779524321,70.04395574541536,378.0013776547206,7.424263666961389,6.424843491189363,14.2,3560.0275530944114,392.0781985923958,156.7622779524321,70.04395574541536,378.0013776547206,7.424263666961389,6.424843491189363,0.0,0.0,0.0,0.0,0.0,0.0,0.0,0.0,0.0,0.0,0.0,0.0,0.0,0.0,4,NORMAL,0.0,2026-01-01T00:02:00+00:00,False
2026-01-01T00:01:35Z,ENG-DATASET-004,MSN-NORMAL-004,CRUISE,8500.0,23.0,0.6008721900542148,0.46912780994578523,3575.0543194040756,393.2243543148247,153.21665901505952,69.52454067213878,378.7527159702038,7.459309477247779,5.880877114634972,14.2,3575.0543194040756,393.2243543148247,153.21665901505952,69.52454067213878,378.7527159702038,7.459309477247779,5.880877114634972,0.0,0.0,0.0,0.0,0.0,0.0,0.0,0.0,0.0,0.0,0.0,0.0,0.0,0.0,4,NORMAL,0.0,2026-01-01T00:02:00+00:00,False
2026-01-01T00:01:36Z,ENG-DATASET-004,MSN-NORMAL-004,CRUISE,8500.0,23.0,0.603902812459987,0.46609718754001306,3591.722742635823,394.49741067007506,150.05742838030545,69.02999763747675,379.58613713179113,7.498224807186863,5.940442692092786,14.2,3591.722742635823,394.49741067007506,150.05742838030545,69.02999763747675,379.58613713179113,7.498224807186863,5.940442692092786,0.0,0.0,0.0,0.0,0.0,0.0,0.0,0.0,0.0,0.0,0.0,0.0,0.0,0.0,4,NORMAL,0.0,2026-01-01T00:02:00+00:00,False
2026-01-01T00:01:37Z,ENG-DATASET-004,MSN-NORMAL-004,CRUISE,8500.0,23.0,0.6071846260934773,0.4628153739065227,3609.7727176200196,395.87798483082304,147.2486351630455,68.5596712074897,380.48863588100096,7.540414091596548,6.5450433662363645,14.2,3609.7727176200196,395.87798483082304,147.2486351630455,68.5596712074897,380.48863588100096,7.540414091596548,6.5450433662363645,0.0,0.0,0.0,0.0,0.0,0.0,0.0,0.0,0.0,0.0,0.0,0.0,0.0,0.0,4,NORMAL,0.0,2026-01-01T00:02:00+00:00,False
2026-01-01T00:01:38Z,ENG-DATASET-004,MSN-NORMAL-004,CRUISE,8500.0,23.0,0.6106664193505662,0.4593335806494338,3628.9225805340084,397.3449643561621,144.757395755645,68.11286296072522,381.4461290267004,7.585229420657083,6.857548503447161,14.2,3628.9225805340084,397.3449643561621,144.757395755645,68.11286296072522,381.4461290267004,7.585229420657083,6.857548503447161,0.0,0.0,0.0,0.0,0.0,0.0,0.0,0.0,0.0,0.0,0.0,0.0,0.0,0.0,4,NORMAL,0.0,2026-01-01T00:02:00+00:00,False
2026-01-01T00:01:39Z,ENG-DATASET-004,MSN-NORMAL-004,CRUISE,8500.0,23.0,0.6142938600119926,0.4557061399880074,3648.8735041718537,398.87580983034934,142.55355142583923,67.68882899067108,382.4436752085927,7.6319800007671645,6.461076785468251,14.2,3648.8735041718537,398.87580983034934,142.55355142583923,67.68882899067108,382.4436752085927,7.6319800007671645,6.461076785468251,0.0,0.0,0.0,0.0,0.0,0.0,0.0,0.0,0.0,0.0,0.0,0.0,0.0,0.0,4,NORMAL,0.0,2026-01-01T00:02:00+00:00,False
2026-01-01T00:01:40Z,ENG-DATASET-004,MSN-NORMAL-004,CRUISE,8500.0,23.0,0.618010343079464,0.45198965692053605,3669.3141610429466,400.4468845061524,140.60936839590912,67.28677865383462,383.4657080521473,7.67994239934335,5.955770710472709,14.2,3669.3141610429466,400.4468845061524,140.60936839590912,67.28677865383462,383.4657080521473,7.67994239934335,5.955770710472709,0.0,0.0,0.0,0.0,0.0,0.0,0.0,0.0,0.0,0.0,0.0,0.0,0.0,0.0,4,NORMAL,0.0,2026-01-01T00:02:00+00:00,False
2026-01-01T00:01:41Z,ENG-DATASET-004,MSN-NORMAL-004,CRUISE,8500.0,23.0,0.6217578740777223,0.4482421259222777,3689.9255815333668,402.0338072046141,138.89927673643356,66.90587456155033,384.4962790766683,7.728371447508807,6.09848572883804,14.2,3689.9255815333668,402.0338072046141,138.89927673643356,66.90587456155033,384.4962790766683,7.728371447508807,6.09848572883804,0.0,0.0,0.0,0.0,0.0,0.0,0.0,0.0,0.0,0.0,0.0,0.0,0.0,0.0,4,NORMAL,0.0,2026-01-01T00:02:00+00:00,False
2026-01-01T00:01:42Z,ENG-DATASET-004,MSN-NORMAL-004,CRUISE,8500.0,23.0,0.625477974038934,0.444522025961066,3710.3861313200314,403.6118239969366,137.39964466271363,66.54523379506718,385.51930656600155,7.7765116555527944,6.717948245365504,14.2,3710.3861313200314,403.6118239969366,137.39964466271363,66.54523379506718,385.51930656600155,7.7765116555527944,6.717948245365504,0.0,0.0,0.0,0.0,0.0,0.0,0.0,0.0,0.0,0.0,0.0,0.0,0.0,0.0,4,NORMAL,0.0,2026-01-01T00:02:00+00:00,False
2026-01-01T00:01:43Z,ENG-DATASET-004,MSN-NORMAL-004,CRUISE,8500.0,23.0,0.629112592047424,0.440887407952576,3730.3765303667265,405.15619346812,136.08858503314525,66.20393030520076,386.51882651833637,7.82360897755176,6.959617194729575,14.2,3730.3765303667265,405.15619346812,136.08858503314525,66.20393030520076,386.51882651833637,7.82360897755176,6.959617194729575,0.0,0.0,0.0,0.0,0.0,0.0,0.0,0.0,0.0,0.0,0.0,0.0,0.0,0.0,4,NORMAL,0.0,2026-01-01T00:02:00+00:00,False
2026-01-01T00:01:44Z,ENG-DATASET-004,MSN-NORMAL-004,CRUISE,8500.0,23.0,0.6326050111047993,0.4373949888952008,3749.58483518229,406.64257967239274,134.94579102164053,65.88099844014167,387.47924175911453,7.868922744523272,6.509450060643552,14.2,3749.58483518229,406.64257967239274,134.94579102164053,65.88099844014167,387.47924175911453,7.868922744523272,6.509450060643552,0.0,0.0,0.0,0.0,0.0,0.0,0.0,0.0,0.0,0.0,0.0,0.0,0.0,0.0,4,NORMAL,0.0,2026-01-01T00:02:00+00:00,False
2026-01-01T00:01:45Z,ENG-DATASET-004,MSN-NORMAL-004,CRUISE,8500.0,23.0,0.6359007331797392,0.43409926682026084,3767.7113065944595,408.0474462770283,133.95239807640218,65.57543752816458,388.385565329723,7.911737570901154,6.043321610364196,14.2,3767.7113065944595,408.0474462770283,133.95239807640218,65.57543752816458,388.385565329723,7.911737570901154,6.043321610364196,0.0,0.0,0.0,0.0,0.0,0.0,0.0,0.0,0.0,0.0,0.0,0.0,0.0,0.0,4,NORMAL,0.0,2026-01-01T00:02:00+00:00,False
2026-01-01T00:01:46Z,ENG-DATASET-004,MSN-NORMAL-004,CRUISE,8500.0,23.0,0.6389483296315471,0.4310516703684529,3784.4730870794037,409.34844489441815,133.09086939112242,65.28621742625012,389.22365435397023,7.951375027952723,6.258231914976246,14.2,3784.4730870794037,409.34844489441815,133.09086939112242,65.28621742625012,389.22365435397023,7.951375027952723,6.258231914976246,0.0,0.0,0.0,0.0,0.0,0.0,0.0,0.0,0.0,0.0,0.0,0.0,0.0,0.0,4,NORMAL,0.0,2026-01-01T00:02:00+00:00,False
2026-01-01T00:01:47Z,ENG-DATASET-004,MSN-NORMAL-004,CRUISE,8500.0,23.0,0.6417002437368877,0.42829975626311223,3799.608614658777,410.5247902612147,132.34490220854056,65.01228493125728,389.9804307329389,7.9872048709368295,6.873275846377874,14.2,3799.608614658777,410.5247902612147,132.34490220854056,65.01228493125728,389.9804307329389,7.9872048709368295,6.873275846377874,0.0,0.0,0.0,0.0,0.0,0.0,0.0,0.0,0.0,0.0,0.0,0.0,0.0,0.0,4,NORMAL,0.0,2026-01-01T00:02:00+00:00,False
2026-01-01T00:01:48Z,ENG-DATASET-004,MSN-NORMAL-004,CRUISE,8500.0,23.0,0.6441135327965486,0.42588646720345136,3812.881704486912,411.5576147724917,131.6993523569988,64.75257093749613,390.64408522434564,8.018655605138374,7.031667813070467,14.2,3812.881704486912,411.5576147724917,131.6993523569988,64.75257093749613,390.64408522434564,8.018655605138374,7.031667813070467,0.0,0.0,0.0,0.0,0.0,0.0,0.0,0.0,0.0,0.0,0.0,0.0,0.0,0.0,4,NORMAL,0.0,2026-01-01T00:02:00+00:00,False
2026-01-01T00:01:49Z,ENG-DATASET-004,MSN-NORMAL-004,CRUISE,8500.0,23.0,0.6461505382418992,0.42384946175810084,3824.08523443634,412.4302949456736,131.14017449494074,64.5059982135467,391.20426172181703,8.045224180045604,6.527857266114114,14.2,3824.08523443634,412.4302949456736,131.14017449494074,64.5059982135467,391.20426172181703,8.045224180045604,6.527857266114114,0.0,0.0,0.0,0.0,0.0,0.0,0.0,0.0,0.0,0.0,0.0,0.0,0.0,0.0,4,NORMAL,0.0,2026-01-01T00:02:00+00:00,False
2026-01-01T00:01:50Z,ENG-DATASET-004,MSN-NORMAL-004,CRUISE,8500.0,23.0,0.6477794732842588,0.4222205267157412,3833.044377169317,413.12874269144777,130.65437561273285,64.27148966212602,391.65221885846586,8.066484611257662,6.101682430735664,14.2,3833.044377169317,413.12874269144777,130.65437561273285,64.27148966212602,391.65221885846586,8.066484611257662,6.101682430735664,0.0,0.0,0.0,0.0,0.0,0.0,0.0,0.0,0.0,0.0,0.0,0.0,0.0,0.0,4,NORMAL,0.0,2026-01-01T00:02:00+00:00,False
2026-01-01T00:01:51Z,ENG-DATASET-004,MSN-NORMAL-004,CRUISE,8500.0,23.0,0.6489749189371029,0.42102508106289704,3839.61932825996,413.6416548136174,130.2299794218,64.04797691986059,391.980966412998,8.082095346334755,6.378140585743806,14.2,3839.61932825996,413.6416548136174,130.2299794218,64.04797691986059,391.980966412998,8.082095346334755,6.378140585743806,0.0,0.0,0.0,0.0,0.0,0.0,0.0,0.0,0.0,0.0,0.0,0.0,0.0,0.0,4,NORMAL,0.0,2026-01-01T00:02:00+00:00,False
2026-01-01T00:01:52Z,ENG-DATASET-004,MSN-NORMAL-004,CRUISE,8500.0,23.0,0.6497182206708461,0.4202817793291539,3843.707487795548,413.96071494084435,129.85599935314113,63.83440914908814,392.1853743897774,8.091805213532885,6.971744565769274,14.2,3843.707487795548,413.96071494084435,129.85599935314113,63.83440914908814,392.1853743897774,8.091805213532885,6.971744565769274,0.0,0.0,0.0,0.0,0.0,0.0,0.0,0.0,0.0,0.0,0.0,0.0,0.0,0.0,4,NORMAL,0.0,2026-01-01T00:02:00+00:00,False
2026-01-01T00:01:53Z,ENG-DATASET-004,MSN-NORMAL-004,CRUISE,8500.0,23.0,0.6499977795105369,0.4200022204894631,3845.2450614138475,414.08074309147474,129.5224179951139,63.62976187136238,392.2622530706924,8.095457820679115,7.038635610958712,14.2,3845.2450614138475,414.08074309147474,129.5224179951139,63.62976187136238,392.2622530706924,8.095457820679115,7.038635610958712,0.0,0.0,0.0,0.0,0.0,0.0,0.0,0.0,0.0,0.0,0.0,0.0,0.0,0.0,4,NORMAL,0.0,2026-01-01T00:02:00+00:00,False
2026-01-01T00:01:54Z,ENG-DATASET-004,MSN-NORMAL-004,CRUISE,8500.0,23.0,0.6498092330339829,0.42019076696601715,3844.2080557928,413.99978925660315,129.2201709270176,63.433045692209774,392.21040278964006,8.09299430451408,6.4854565180304835,14.2,3844.2080557928,413.99978925660315,129.2201709270176,63.433045692209774,392.21040278964006,8.09299430451408,6.4854565180304835,0.0,0.0,0.0,0.0,0.0,0.0,0.0,0.0,0.0,0.0,0.0,0.0,0.0,0.0,4,NORMAL,0.0,2026-01-01T00:02:00+00:00,False
2026-01-01T00:01:55Z,ENG-DATASET-004,MSN-NORMAL-004,CRUISE,8500.0,23.0,0.6491555234458896,0.4208444765541104,3840.612653058287,413.7191687137506,128.94113305215959,63.24331476888801,392.0306326529144,8.084454367558102,6.103063593578366,14.2,3840.612653058287,413.7191687137506,128.94113305215959,63.24331476888801,392.0306326529144,8.084454367558102,6.103063593578366,0.0,0.0,0.0,0.0,0.0,0.0,0.0,0.0,0.0,0.0,0.0,0.0,0.0,0.0,4,NORMAL,0.0,2026-01-01T00:02:00+00:00,False
2026-01-01T00:01:56Z,ENG-DATASET-004,MSN-NORMAL-004,CRUISE,8500.0,23.0,0.6480468516657405,0.4219531483342595,3834.514958267467,413.24343820279637,128.67810570201354,63.05967487739081,391.72574791337337,8.069975578634397,6.433512155720886,14.2,3834.514958267467,413.24343820279637,128.67810570201354,63.05967487739081,391.72574791337337,8.069975578634397,6.433512155720886,0.0,0.0,0.0,0.0,0.0,0.0,0.0,0.0,0.0,0.0,0.0,0.0,0.0,0.0,4,NORMAL,0.0,2026-01-01T00:02:00+00:00,False
2026-01-01T00:01:57Z,ENG-DATASET-004,MSN-NORMAL-004,CRUISE,8500.0,23.0,0.6465005181458598,0.42349948185414016,3826.0101239081237,412.58031355030175,128.42480297056971,62.88129094166177,391.30050619540623,8.049790953157617,6.993557436640704,14.2,3826.0101239081237,412.58031355030175,128.42480297056971,62.88129094166177,391.30050619540623,8.049790953157617,6.993557436640704,0.0,0.0,0.0,0.0,0.0,0.0,0.0,0.0,0.0,0.0,0.0,0.0,0.0,0.0,4,NORMAL,0.0,2026-01-01T00:02:00+00:00,False
2026-01-01T00:01:58Z,ENG-DATASET-004,MSN-NORMAL-004,CRUISE,8500.0,23.0,0.6445406529036408,0.4254593470963592,3815.230865075919,411.74053075906363,128.17583594248933,62.707393896818346,390.76154325379594,8.024224868664344,6.967140809117852,14.2,3815.230865075919,411.74053075906363,128.17583594248933,62.707393896818346,390.76154325379594,8.024224868664344,6.967140809117852,0.0,0.0,0.0,0.0,0.0,0.0,0.0,0.0,0.0,0.0,0.0,0.0,0.0,0.0,4,NORMAL,0.0,2026-01-01T00:02:00+00:00,False
2026-01-01T00:01:59Z,ENG-DATASET-004,MSN-NORMAL-004,CRUISE,8500.0,23.0,0.6421978389806943,0.4278021610193057,3802.3453884997134,410.73765392910457,127.926693696468,62.53728676900792,390.1172694249857,7.993687408357096,6.37475080581173,14.2,3802.3453884997134,410.73765392910457,127.926693696468,62.53728676900792,390.1172694249857,7.993687408357096,6.37475080581173,0.0,0.0,0.0,0.0,0.0,0.0,0.0,0.0,0.0,0.0,0.0,0.0,0.0,0.0,4,NORMAL,0.0,2026-01-01T00:02:00+00:00,False
2026-01-01T00:02:00Z,ENG-DATASET-004,MSN-NORMAL-004,CRUISE,8500.0,23.0,0.6395086352047135,0.4304913647952865,3787.554767731819,409.5878345918005,127.67372019161621,62.37034986715318,389.377738386591,7.9586672593100545,6.044340562471027,14.2,3787.554767731819,409.5878345918005,127.67372019161621,62.37034986715318,389.377738386591,7.9586672593100545,6.044340562471027,0.0,0.0,0.0,0.0,0.0,0.0,0.0,0.0,0.0,0.0,0.0,0.0,0.0,0.0,4,NORMAL,0.0,2026-01-01T00:02:00+00:00,False
2026-01-01T00:02:01Z,ENG-DATASET-004,MSN-NORMAL-004,CRUISE,8500.0,23.0,0.6365150057011951,0.43348499429880494,3771.0898054624677,408.309528076082,127.41408637435664,62.20604499609761,388.5544902731234,7.919723321298775,6.425463328663957,14.2,3771.0898054624677,408.309528076082,127.41408637435664,62.20604499609761,388.5544902731234,7.919723321298775,6.425463328663957,0.0,0.0,0.0,0.0,0.0,0.0,0.0,0.0,0.0,0.0,0.0,0.0,0.0,0.0,4,NORMAL,0.0,2026-01-01T00:02:00+00:00,False
2026-01-01T00:02:02Z,ENG-DATASET-004,MSN-NORMAL-004,CRUISE,8500.0,23.0,0.6332636650572961,0.4367363349427038,3753.2074319210224,406.92317335082237,127.14575707069153,62.04391861631142,387.66037159605116,7.877475206083454,6.945580146549502,14.2,3753.2074319210224,406.92317335082237,127.14575707069153,62.04391861631142,387.66037159605116,7.877475206083454,6.945580146549502,0.0,0.0,0.0,0.0,0.0,0.0,0.0,0.0,0.0,0.0,0.0,0.0,0.0,0.0,4,NORMAL,0.0,2026-01-01T00:02:00+00:00,False
2026-01-01T00:02:03Z,ENG-DATASET-004,MSN-NORMAL-004,CRUISE,8500.0,23.0,0.6298053493563258,0.44019465064367425,3734.1866955656865,405.45084337914193,126.86745244810092,61.883603892120775,386.7093347782843,7.832592824814384,6.83073619925288,14.2,3734.1866955656865,405.45084337914193,126.86745244810092,61.883603892120775,386.7093347782843,7.832592824814384,6.83073619925288,0.0,0.0,0.0,0.0,0.0,0.0,0.0,0.0,0.0,0.0,0.0,0.0,0.0,0.0,4,NORMAL,0.0,2026-01-01T00:02:00+00:00,False
2026-01-01T00:02:04Z,ENG-DATASET-004,MSN-NORMAL-004,CRUISE,8500.0,23.0,0.6261940244581339,0.4438059755418661,3714.324408625631,403.9158733698403,126.57860403753683,61.72482158811641,385.71622043128156,7.785785272777013,6.214836368946483,14.2,3714.324408625631,403.9158733698403,126.57860403753683,61.72482158811641,385.71622043128156,7.785785272777013,6.214836368946483,0.0,0.0,0.0,0.0,0.0,0.0,0.0,0.0,0.0,0.0,0.0,0.0,0.0,0.0,4,NORMAL,0.0,2026-01-01T00:02:00+00:00,False
2026-01-01T00:02:05Z,ENG-DATASET-004,MSN-NORMAL-004,CRUISE,8500.0,23.0,0.6224860438799179,0.44751395612008205,3693.9305154454432,402.34247442278263,126.27930549435271,61.56737979170707,384.69652577227214,7.737789226007113,5.948280934628895,14.2,3693.9305154454432,402.34247442278263,126.27930549435271,61.56737979170707,384.69652577227214,7.737789226007113,5.948280934628895,0.0,0.0,0.0,0.0,0.0,0.0,0.0,0.0,0.0,0.0,0.0,0.0,0.0,0.0,4,NORMAL,0.0,2026-01-01T00:02:00+00:00,False
2026-01-01T00:02:06Z,ENG-DATASET-004,MSN-NORMAL-004,CRUISE,8500.0,23.0,0.6187392694184348,0.45126073058156524,3673.323255907286,400.7553399546717,125.97025844378423,61.411172458422364,383.6661627953643,7.6893570637281865,6.380116923276968,14.2,3673.323255907286,400.7553399546717,125.97025844378423,61.411172458422364,383.6661627953643,7.6893570637281865,6.380116923276968,0.0,0.0,0.0,0.0,0.0,0.0,0.0,0.0,0.0,0.0,0.0,0.0,0.0,0.0,4,NORMAL,0.0,2026-01-01T00:02:00+00:00,False
2026-01-01T00:02:07Z,ENG-DATASET-004,MSN-NORMAL-004,CRUISE,8500.0,23.0,0.6150121682360147,0.45498783176398533,3652.8241994039754,399.1792519850903,125.65271389903306,61.256176795249566,382.6412099701988,7.641244924686335,6.858479405096028,14.2,3652.8241994039754,399.1792519850903,125.65271389903306,61.256176795249566,382.6412099701988,7.641244924686335,6.858479405096028,0.0,0.0,0.0,0.0,0.0,0.0,0.0,0.0,0.0,0.0,0.0,0.0,0.0,0.0,4,NORMAL,0.0,2026-01-01T00:02:00+00:00,False
2026-01-01T00:02:08Z,ENG-DATASET-004,MSN-NORMAL-004,CRUISE,8500.0,23.0,0.611362900500048,0.45863709949995196,3632.753226856159,397.6386938933231,125.32840985646283,61.10244951571723,381.637661342808,7.594200895066095,6.6650203176223055,14.2,3632.753226856159,397.6386938933231,125.32840985646283,61.10244951571723,381.637661342808,7.594200895066095,6.6650203176223055,0.0,0.0,0.0,0.0,0.0,0.0,0.0,0.0,0.0,0.0,0.0,0.0,0.0,0.0,4,NORMAL,0.0,2026-01-01T00:02:00+00:00,False
2026-01-01T00:02:09Z,ENG-DATASET-004,MSN-NORMAL-004,CRUISE,8500.0,23.0,0.6078484118130254,0.46215158818697455,3613.423539077534,396.1574756625771,124.99950576238098,60.95012201832968,380.67117695387674,7.548953511676598,6.044583334784753,14.2,3613.423539077534,396.1574756625771,124.99950576238098,60.95012201832968,380.67117695387674,7.548953511676598,6.044583334784753,0.0,0.0,0.0,0.0,0.0,0.0,0.0,0.0,0.0,0.0,0.0,0.0,0.0,0.0,4,NORMAL,0.0,2026-01-01T00:02:00+00:00,False
2026-01-01T00:02:10Z,ENG-DATASET-004,MSN-NORMAL-004,CRUISE,8500.0,23.0,0.6045235445954568,0.4654764554045433,3595.1367693809066,394.7583769502778,124.66851460989983,60.799394557030105,379.7568384690453,7.506200747475242,5.8549266520828915,14.2,3595.1367693809066,394.7583769502778,124.66851460989983,60.799394557030105,379.7568384690453,7.506200747475242,5.8549266520828915,0.0,0.0,0.0,0.0,0.0,0.0,0.0,0.0,0.0,0.0,0.0,0.0,0.0,0.0,4,NORMAL,0.0,2026-01-01T00:02:00+00:00,False
2026-01-01T00:02:11Z,ENG-DATASET-004,MSN-NORMAL-004,CRUISE,8500.0,23.0,0.6014401822882414,0.46855981771175864,3578.1782766912215,393.462812601158,124.33823346393879,60.65052948836195,378.9089138345611,7.466599628218618,6.338319446767006,14.2,3578.1782766912215,393.462812601158,124.33823346393879,60.65052948836195,378.9089138345611,7.466599628218618,6.338319446767006,0.0,0.0,0.0,0.0,0.0,0.0,0.0,0.0,0.0,0.0,0.0,0.0,0.0,0.0,4,NORMAL,0.0,2026-01-01T00:02:00+00:00,False
2026-01-01T00:02:12Z,ENG-DATASET-004,MSN-NORMAL-004,CRUISE,8500.0,23.0,0.5986464397289263,0.4713535602710737,3562.812692614989,392.2905244911218,124.01167322982296,60.50384369465766,378.14063463074945,7.430756610012201,6.774908247650886,14.2,3562.812692614989,392.2905244911218,124.01167322982296,60.50384369465766,378.14063463074945,7.430756610012201,6.774908247650886,0.0,0.0,0.0,0.0,0.0,0.0,0.0,0.0,0.0,0.0,0.0,0.0,0.0,0.0,4,NORMAL,0.0,2026-01-01T00:02:00+00:00,False
2026-01-01T00:02:13Z,ENG-DATASET-004,MSN-NORMAL-004,CRUISE,8500.0,23.0,0.5961859123357582,0.47381408766424177,3549.2797919525647,391.2593028868184,123.69198847901113,60.35970029568375,377.46398959762826,7.39921882857926,6.514459598154318,14.2,3549.2797919525647,391.2593028868184,123.69198847901113,60.35970029568375,377.46398959762826,7.39921882857926,6.514459598154318,0.0,0.0,0.0,0.0,0.0,0.0,0.0,0.0,0.0,0.0,0.0,0.0,0.0,0.0,4,NORMAL,0.0,2026-01-01T00:02:00+00:00,False
2026-01-01T00:02:14Z,ENG-DATASET-004,MSN-NORMAL-004,CRUISE,8500.0,23.0,0.5940969958157628,0.4759030041842372,3537.7907510925897,390.3847398547916,123.3824081274798,60.21849977250664,376.8895375546295,7.372466312851876,5.90831979401219,14.2,3537.7907510925897,390.3847398547916,123.3824081274798,60.21849977250664,376.8895375546295,7.372466312851876,5.90831979401219,0.0,0.0,0.0,0.0,0.0,0.0,0.0,0.0,0.0,0.0,0.0,0.0,0.0,0.0,4,NORMAL,0.0,2026-01-01T00:02:00+00:00,False
2026-01-01T00:02:15Z,ENG-DATASET-004,MSN-NORMAL-004,CRUISE,8500.0,23.0,0.5924122870125784,0.4775877129874216,3528.5248526750756,389.68001667400773,123.08616773158202,60.080670636738795,376.42624263375376,7.3509052385026985,5.806389667019541,14.2,3528.5248526750756,389.68001667400773,123.08616773158202,60.080670636738795,376.42624263375376,7.3509052385026985,5.806389667019541,0.0,0.0,0.0,0.0,0.0,0.0,0.0,0.0,0.0,0.0,0.0,0.0,0.0,0.0,4,NORMAL,0.0,2026-01-01T00:02:00+00:00,False
2026-01-01T00:02:16Z,ENG-DATASET-004,MSN-NORMAL-004,CRUISE,8500.0,23.0,0.5911580752436133,0.4788419247563867,3521.626687945767,389.15572670796826,122.80644412612303,59.9466597856328,376.0813343972884,7.334862281607698,6.339781076443363,14.2,3521.626687945767,389.15572670796826,122.80644412612303,59.9466597856328,376.0813343972884,7.334862281607698,6.339781076443363,0.0,0.0,0.0,0.0,0.0,0.0,0.0,0.0,0.0,0.0,0.0,0.0,0.0,0.0,4,NORMAL,0.0,2026-01-01T00:02:00+00:00,False
2026-01-01T00:02:17Z,ENG-DATASET-004,MSN-NORMAL-004,CRUISE,8500.0,23.0,0.5903539320640401,0.4796460679359599,3517.2039004581147,388.81973478124024,122.54629308304173,59.81692268859864,375.8601950229057,7.3245801189022455,6.73320897999545,14.2,3517.2039004581147,388.81973478124024,122.54629308304173,59.81692268859864,375.8601950229057,7.3245801189022455,6.73320897999545,0.0,0.0,0.0,0.0,0.0,0.0,0.0,0.0,0.0,0.0,0.0,0.0,0.0,0.0,4,NORMAL,0.0,2026-01-01T00:02:00+00:00,False
2026-01-01T00:02:18Z,ENG-DATASET-004,MSN-NORMAL-004,CRUISE,8500.0,23.0,0.5900124058592234,0.4799875941407765,3515.3255063316233,388.6770737767135,122.3085906191554,59.691913553547444,375.7662753165812,7.320214109041378,6.415896758769881,14.2,3515.3255063316233,388.6770737767135,122.3085906191554,59.691913553547444,375.7662753165812,7.320214109041378,6.415896758769881,0.0,0.0,0.0,0.0,0.0,0.0,0.0,0.0,0.0,0.0,0.0,0.0,0.0,0.0,4,NORMAL,0.0,2026-01-01T00:02:00+00:00,False
2026-01-01T00:02:19Z,ENG-DATASET-004,MSN-NORMAL-004,CRUISE,8500.0,23.0,0.5901388260313631,0.4798611739686368,3516.020817278392,388.7298789143926,122.09597853009967,59.57207562196876,375.80104086391964,7.321830178726806,5.839425105997905,14.2,3516.020817278392,388.7298789143926,122.09597853009967,59.57207562196876,375.80104086391964,7.321830178726806,5.839425105997905,0.0,0.0,0.0,0.0,0.0,0.0,0.0,0.0,0.0,0.0,0.0,0.0,0.0,0.0,4,NORMAL,0.0,2026-01-01T00:02:00+00:00,False
2026-01-01T00:02:20Z,ENG-DATASET-004,MSN-NORMAL-004,CRUISE,8500.0,23.0,0.5907312198359552,0.4792687801640447,3519.278983203648,388.97735997489394,121.91081467646205,59.457831739821586,375.96394916018244,7.329403928218242,5.830810574177328,14.2,3519.278983203648,388.97735997489394,121.91081467646205,59.457831739821586,375.96394916018244,7.329403928218242,5.830810574177328,0.0,0.0,0.0,0.0,0.0,0.0,0.0,0.0,0.0,0.0,0.0,0.0,0.0,0.0,4,NORMAL,0.0,2026-01-01T00:02:00+00:00,False
2026-01-01T00:02:21Z,ENG-DATASET-004,MSN-NORMAL-004,CRUISE,8500.0,23.0,0.5917803431658103,0.47821965683418965,3525.049161517851,389.41581157183236,121.75512849811166,59.349575347189834,376.2524580758926,7.342820962211035,6.407641643475022,14.2,3525.049161517851,389.41581157183236,121.75512849811166,59.349575347189834,376.2524580758926,7.342820962211035,6.407641643475022,0.0,0.0,0.0,0.0,0.0,0.0,0.0,0.0,0.0,0.0,0.0,0.0,0.0,0.0,4,NORMAL,0.0,2026-01-01T00:02:00+00:00,False
2026-01-01T00:02:22Z,ENG-DATASET-004,MSN-NORMAL-004,CRUISE,8500.0,23.0,0.5932698248022544,0.47673017519774563,3533.2413105182936,390.03866143505763,121.63058218417693,59.24766202328558,376.6620655259147,7.3618784438785285,6.752798262615128,14.2,3533.2413105182936,390.03866143505763,121.63058218417693,59.24766202328558,376.6620655259147,7.3618784438785285,6.752798262615128,0.0,0.0,0.0,0.0,0.0,0.0,0.0,0.0,0.0,0.0,0.0,0.0,0.0,0.0,4,NORMAL,0.0,2026-01-01T00:02:00+00:00,False
2026-01-01T00:02:23Z,ENG-DATASET-004,MSN-NORMAL-004,CRUISE,8500.0,23.0,0.5951764218825207,0.4748235781174793,3543.7275944597586,390.8365565182512,121.53843787871551,59.152401714878394,377.1863797229879,7.38628786156319,6.384974837502947,14.2,3543.7275944597586,390.8365565182512,121.53843787871551,59.152401714878394,377.1863797229879,7.38628786156319,6.384974837502947,0.0,0.0,0.0,0.0,0.0,0.0,0.0,0.0,0.0,0.0,0.0,0.0,0.0,0.0,4,NORMAL,0.0,2026-01-01T00:02:00+00:00,False
2026-01-01T00:02:24Z,ENG-DATASET-004,MSN-NORMAL-004,CRUISE,8500.0,23.0,0.5974703825968497,0.4725296174031503,3556.3443783885677,391.7974865671218,121.47953125502201,59.06405176571875,377.8172189194284,7.41567898868157,5.84802917110906,14.2,3556.3443783885677,391.7974865671218,121.47953125502201,59.06405176571875,377.8172189194284,7.41567898868157,5.84802917110906,0.0,0.0,0.0,0.0,0.0,0.0,0.0,0.0,0.0,0.0,0.0,0.0,0.0,0.0,4,NORMAL,0.0,2026-01-01T00:02:00+00:00,False
2026-01-01T00:02:25Z,ENG-DATASET-004,MSN-NORMAL-004,CRUISE,8500.0,23.0,0.6001159104555293,0.46988408954447075,3570.894781611305,392.9069445577272,121.45425174346299,58.982810852172356,378.54473908056525,7.4496050074572535,5.9315471408111415,14.2,3570.894781611305,392.9069445577272,121.45425174346299,58.982810852172356,378.54473908056525,7.4496050074572535,5.9315471408111415,0.0,0.0,0.0,0.0,0.0,0.0,0.0,0.0,0.0,0.0,0.0,0.0,0.0,0.0,4,NORMAL,0.0,2026-01-01T00:02:00+00:00,False
2026-01-01T00:02:26Z,ENG-DATASET-004,MSN-NORMAL-004,CRUISE,8500.0,23.0,0.6030717228811443,0.46692827711885565,3587.1517499521883,394.1481231210936,121.46252964714404,58.90881391628351,379.3575874976094,7.487548755765976,6.539305216275755,14.2,3587.1517499521883,394.1481231210936,121.46252964714404,58.90881391628351,379.3575874976094,7.487548755765976,6.539305216275755,0.0,0.0,0.0,0.0,0.0,0.0,0.0,0.0,0.0,0.0,0.0,0.0,0.0,0.0,4,NORMAL,0.0,2026-01-01T00:02:00+00:00,False
2026-01-01T00:02:27Z,ENG-DATASET-004,MSN-NORMAL-004,CRUISE,8500.0,23.0,0.6062916954093903,0.4637083045906097,3604.8615988575407,395.5021456978853,121.50383032487676,58.842128172057585,380.24307994287705,7.528930043433097,6.826761939174523,14.2,3604.8615988575407,395.5021456978853,121.50383032487676,58.842128172057585,380.24307994287705,7.528930043433097,6.826761939174523,0.0,0.0,0.0,0.0,0.0,0.0,0.0,0.0,0.0,0.0,0.0,0.0,0.0,0.0,4,NORMAL,0.0,2026-01-01T00:02:00+00:00,False
2026-01-01T00:02:28Z,ENG-DATASET-004,MSN-NORMAL-004,CRUISE,8500.0,23.0,0.6097255814459116,0.4602744185540884,3623.747972058408,396.94833070894117,121.57715556011262,58.78275024413653,381.18739860292044,7.5731139696703345,6.410603378029214,14.2,3623.747972058408,396.94833070894117,121.57715556011262,58.78275024413653,381.18739860292044,7.5731139696703345,6.410603378029214,0.0,0.0,0.0,0.0,0.0,0.0,0.0,0.0,0.0,0.0,0.0,0.0,0.0,0.0,4,NORMAL,0.0,2026-01-01T00:02:00+00:00,False
2026-01-01T00:02:29Z,ENG-DATASET-004,MSN-NORMAL-004,CRUISE,8500.0,23.0,0.6133197963476013,0.4566802036523988,3643.5161540177014,398.4644864844161,121.68105216621176,58.730604480496766,382.1758077008851,7.619420157040995,5.9174626374382315,14.2,3643.5161540177014,398.4644864844161,121.68105216621176,58.730604480496766,382.1758077008851,7.619420157040995,5.9174626374382315,0.0,0.0,0.0,0.0,0.0,0.0,0.0,0.0,0.0,0.0,0.0,0.0,0.0,0.0,4,NORMAL,0.0,2026-01-01T00:02:00+00:00,False
2026-01-01T00:02:30Z,ENG-DATASET-004,MSN-NORMAL-004,CRUISE,8500.0,23.0,0.6170182535930345,0.4529817464069655,3663.8576688675844,400.0272340739738,121.81362780143992,58.68554246259912,383.19288344337923,7.6671327996416565,6.0856832979863,14.2,3663.8576688675844,400.0272340739738,121.81362780143992,58.68554246259912,383.19288344337923,7.6671327996416565,6.0856832979863,0.0,0.0,0.0,0.0,0.0,0.0,0.0,0.0,0.0,0.0,0.0,0.0,0.0,0.0,4,NORMAL,0.0,2026-01-01T00:02:00+00:00,False
2026-01-01T00:02:31Z,ENG-DATASET-004,MSN-NORMAL-004,CRUISE,8500.0,23.0,0.6207632399938777,0.44923676000612234,3684.4550940722215,401.612354378487,121.9725738807581,58.64734371785096,384.2227547036111,7.715511404501298,6.707015821326856,14.2,3684.4550940722215,401.612354378487,121.9725738807581,58.64734371785096,384.2227547036111,7.715511404501298,6.707015821326856,0.0,0.0,0.0,0.0,0.0,0.0,0.0,0.0,0.0,0.0,0.0,0.0,0.0,0.0,4,NORMAL,0.0,2026-01-01T00:02:00+00:00,False
2026-01-01T00:02:32Z,ENG-DATASET-004,MSN-NORMAL-004,CRUISE,8500.0,23.0,0.6244963162898886,0.44550368371011145,3704.9870137002818,403.1951553231183,122.15519537576026,58.61571762059003,385.24935068501406,7.763802086119333,6.924460440515723,14.2,3704.9870137002818,403.1951553231183,122.15519537576026,58.61571762059003,385.24935068501406,7.763802086119333,6.924460440515723,0.0,0.0,0.0,0.0,0.0,0.0,0.0,0.0,0.0,0.0,0.0,0.0,0.0,0.0,4,NORMAL,0.0,2026-01-01T00:02:00+00:00,False
2026-01-01T00:02:33Z,ENG-DATASET-004,MSN-NORMAL-004,CRUISE,8500.0,23.0,0.6281592290740277,0.44184077092597235,3725.133034013046,404.75085406218335,122.35844718973881,58.59030644936027,386.25665170065236,7.811249255337364,6.459552261616129,14.2,3725.133034013046,404.75085406218335,122.35844718973881,58.59030644936027,386.25665170065236,7.811249255337364,6.459552261616129,0.0,0.0,0.0,0.0,0.0,0.0,0.0,0.0,0.0,0.0,0.0,0.0,0.0,0.0,4,NORMAL,0.0,2026-01-01T00:02:00+00:00,False
2026-01-01T00:02:34Z,ENG-DATASET-004,MSN-NORMAL-004,CRUISE,8500.0,23.0,0.6316948198173914,0.43830518018260867,3744.578783101547,406.25496850315903,122.57897668334391,58.57068955030857,387.22893915507734,7.857107526237212,6.010795198221704,14.2,3744.578783101547,406.25496850315903,122.57897668334391,58.57068955030857,387.22893915507734,7.857107526237212,6.010795198221704,0.0,0.0,0.0,0.0,0.0,0.0,0.0,0.0,0.0,0.0,0.0,0.0,0.0,0.0,4,NORMAL,0.0,2026-01-01T00:02:00+00:00,False
2026-01-01T00:02:35Z,ENG-DATASET-004,MSN-NORMAL-004,CRUISE,8500.0,23.0,0.6350479168089384,0.4349520831910616,3763.0208165550553,407.6837117995656,122.81317180999866,58.55638853936968,388.1510408277528,7.9006536494318995,6.252426202065713,14.2,3763.0208165550553,407.6837117995656,122.81317180999866,58.55638853936968,388.1510408277528,7.9006536494318995,6.252426202065713,0.0,0.0,0.0,0.0,0.0,0.0,0.0,0.0,0.0,0.0,0.0,0.0,0.0,0.0,4,NORMAL,0.0,2026-01-01T00:02:00+00:00,False
2026-01-01T00:02:36Z,ENG-DATASET-004,MSN-NORMAL-004,CRUISE,8500.0,23.0,0.638166196091588,0.431833803908412,3780.1713526096287,409.0143829308334,123.05721420226963,58.54687345979084,389.0085676304815,7.941198267948354,6.867963775116199,14.2,3780.1713526096287,409.0143829308334,123.05721420226963,58.54687345979084,389.0085676304815,7.941198267948354,6.867963775116199,0.0,0.0,0.0,0.0,0.0,0.0,0.0,0.0,0.0,0.0,0.0,0.0,0.0,0.0,4,NORMAL,0.0,2026-01-01T00:02:00+00:00,False
2026-01-01T00:02:37Z,ENG-DATASET-004,MSN-NORMAL-004,CRUISE,8500.0,23.0,0.64100099796007,0.42899900203993,3795.76276288628,410.22574610128595,123.30713643457482,58.54156979673094,389.788138144314,7.978097283839477,7.003159881607319,14.2,3795.76276288628,410.22574610128595,123.30713643457482,58.54156979673094,389.788138144314,7.978097283839477,7.003159881607319,0.0,0.0,0.0,0.0,0.0,0.0,0.0,0.0,0.0,0.0,0.0,0.0,0.0,0.0,4,NORMAL,0.0,2026-01-01T00:02:00+00:00,False
2026-01-01T00:02:38Z,ENG-DATASET-004,MSN-NORMAL-004,CRUISE,8500.0,23.0,0.6435080862793506,0.4264919137206494,3809.551748642323,411.29839148599217,123.55888257826714,58.53986623738165,390.47758743211614,8.010762620560095,6.489429325968566,14.2,3809.551748642323,411.29839148599217,123.55888257826714,58.53986623738165,390.47758743211614,8.010762620560095,6.489429325968566,0.0,0.0,0.0,0.0,0.0,0.0,0.0,0.0,0.0,0.0,0.0,0.0,0.0,0.0,4,NORMAL,0.0,2026-01-01T00:02:00+00:00,False
2026-01-01T00:02:39Z,ENG-DATASET-004,MSN-NORMAL-004,CRUISE,8500.0,23.0,0.645648338774725,0.42435166122527496,3821.323137366882,412.21506985807974,123.80837106689242,58.541123053508194,391.06615686834414,8.038672168684581,6.084985868050643,14.2,3821.323137366882,412.21506985807974,123.80837106689242,58.541123053508194,391.06615686834414,8.038672168684581,6.084985868050643,0.0,0.0,0.0,0.0,0.0,0.0,0.0,0.0,0.0,0.0,0.0,0.0,0.0,0.0,4,NORMAL,0.0,2026-01-01T00:02:00+00:00,False
2026-01-01T00:02:40Z,ENG-DATASET-004,MSN-NORMAL-004,CRUISE,8500.0,23.0,0.6473883575218288,0.4226116424781712,3830.8932404759526,412.96099387085354,124.05155880697451,58.54468097367495,391.5446620237976,8.061378711198032,6.3882213537621775,14.2,3830.8932404759526,412.96099387085354,124.05155880697451,58.54468097367495,391.5446620237976,8.061378711198032,6.3882213537621775,0.0,0.0,0.0,0.0,0.0,0.0,0.0,0.0,0.0,0.0,0.0,0.0,0.0,0.0,4,NORMAL,0.0,2026-01-01T00:02:00+00:00,False
2026-01-01T00:02:41Z,ENG-DATASET-004,MSN-NORMAL-004,CRUISE,8500.0,23.0,0.6487009901100778,0.42129900988992225,3838.1127197113215,413.524099248546,124.28450540749071,58.549870404856996,391.90563598556605,8.078517639550741,6.980108505619739,14.2,3838.1127197113215,413.524099248546,124.28450540749071,58.549870404856996,391.90563598556605,8.078517639550741,6.980108505619739,0.0,0.0,0.0,0.0,0.0,0.0,0.0,0.0,0.0,0.0,0.0,0.0,0.0,0.0,4,NORMAL,0.0,2026-01-01T00:02:00+00:00,False
2026-01-01T00:02:42Z,ENG-DATASET-004,MSN-NORMAL-004,CRUISE,8500.0,23.0,0.6495657533469535,0.4204342466530464,3842.868917514139,413.895259859114,124.50343636321949,58.55602085776051,392.14344587570696,8.08981329281199,7.0242906105364575,14.2,3842.868917514139,413.895259859114,124.50343636321949,58.55602085776051,392.14344587570696,8.08981329281199,7.0242906105364575,0.0,0.0,0.0,0.0,0.0,0.0,0.0,0.0,0.0,0.0,0.0,0.0,0.0,0.0,4,NORMAL,0.0,2026-01-01T00:02:00+00:00,False
2026-01-01T00:02:43Z,ENG-DATASET-004,MSN-NORMAL-004,CRUISE,8500.0,23.0,0.6499691528913724,0.42003084710862765,3845.0876150084423,414.0684515856399,124.70480401653855,58.56247042706737,392.2543807504221,8.095083779159177,6.465127986515147,14.2,3845.0876150084423,414.0684515856399,124.70480401653855,58.56247042706737,392.2543807504221,8.095083779159177,6.465127986515147,0.0,0.0,0.0,0.0,0.0,0.0,0.0,0.0,0.0,0.0,0.0,0.0,0.0,0.0,4,NORMAL,0.0,2026-01-01T00:02:00+00:00,False
2026-01-01T00:02:44Z,ENG-DATASET-004,MSN-NORMAL-004,CRUISE,8500.0,23.0,0.649904893828364,0.42009510617163603,3844.7341901618965,414.04086105128704,124.88534514116687,58.56857517703032,392.2367095080948,8.094244170843194,6.107292083811815,14.2,3844.7341901618965,414.04086105128704,124.88534514116687,58.56857517703032,392.2367095080948,8.094244170843194,6.107292083811815,0.0,0.0,0.0,0.0,0.0,0.0,0.0,0.0,0.0,0.0,0.0,0.0,0.0,0.0,4,NORMAL,0.0,2026-01-01T00:02:00+00:00,False
2026-01-01T00:02:45Z,ENG-DATASET-004,MSN-NORMAL-004,CRUISE,8500.0,23.0,0.6493739788991146,0.4206260211008854,3841.8141580510246,413.81293654661533,125.04213404071557,58.57371828438766,392.09070790255123,8.087307999649175,6.462876556609981,14.2,3841.8141580510246,413.81293654661533,125.04213404071557,58.57371828438766,392.09070790255123,8.087307999649175,6.462876556609981,0.0,0.0,0.0,0.0,0.0,0.0,0.0,0.0,0.0,0.0,0.0,0.0,0.0,0.0,4,NORMAL,0.0,2026-01-01T00:02:00+00:00,False
2026-01-01T00:02:46Z,ENG-DATASET-004,MSN-NORMAL-004,CRUISE,8500.0,23.0,0.6483846928535261,0.4216153071464739,3836.3730848002874,413.3883799082747,125.17263013435088,58.57731879441613,391.8186542400144,8.074387018463243,7.017742045840086,14.2,3836.3730848002874,413.3883799082747,125.17263013435088,58.57731879441613,391.8186542400144,8.074387018463243,7.017742045840086,0.0,0.0,0.0,0.0,0.0,0.0,0.0,0.0,0.0,0.0,0.0,0.0,0.0,0.0,4,NORMAL,0.0,2026-01-01T00:02:00+00:00,False
2026-01-01T00:02:47Z,ENG-DATASET-004,MSN-NORMAL-004,CRUISE,8500.0,23.0,0.6469524731694647,0.42304752683053537,3828.4958765379506,412.77407954895386,125.27471910963965,58.57883985203797,391.42479382689754,8.055689234437862,6.968184484356749,14.2,3828.4958765379506,412.77407954895386,125.27471910963965,58.57883985203797,391.42479382689754,8.055689234437862,6.968184484356749,0.0,0.0,0.0,0.0,0.0,0.0,0.0,0.0,0.0,0.0,0.0,0.0,0.0,0.0,4,NORMAL,0.0,2026-01-01T00:02:00+00:00,False
2026-01-01T00:02:48Z,ENG-DATASET-004,MSN-NORMAL-004,CRUISE,8500.0,23.0,0.6450996691560816,0.4249003308439183,3818.3054544643433,411.9799862812247,125.3467468557063,58.577796278147666,390.9152727232172,8.031515258924266,6.372519051935438,14.2,3818.3054544643433,411.9799862812247,125.3467468557063,58.577796278147666,390.9152727232172,8.031515258924266,6.372519051935438,0.0,0.0,0.0,0.0,0.0,0.0,0.0,0.0,0.0,0.0,0.0,0.0,0.0,0.0,4,NORMAL,0.0,2026-01-01T00:02:00+00:00,False
2026-01-01T00:02:49Z,ENG-DATASET-004,MSN-NORMAL-004,CRUISE,8500.0,23.0,0.6428551932003197,0.4271448067996803,3805.960836707652,411.0189349542717,125.38754554399246,58.57376137159707,390.2980418353826,8.002253057323326,6.067731379384719,14.2,3805.960836707652,411.0189349542717,125.38754554399246,58.57376137159707,390.2980418353826,8.002253057323326,6.067731379384719,0.0,0.0,0.0,0.0,0.0,0.0,0.0,0.0,0.0,0.0,0.0,0.0,0.0,0.0,4,NORMAL,0.0,2026-01-01T00:02:00+00:00,False
2026-01-01T00:02:50Z,ENG-DATASET-004,MSN-NORMAL-004,CRUISE,8500.0,23.0,0.6402540695987841,0.429745930401216,3791.654656899207,409.9064161782347,125.39645139404908,58.56637282941454,389.58273284496033,7.968371216911359,6.470604701552204,14.2,3791.654656899207,409.9064161782347,125.39645139404908,58.56637282941454,389.58273284496033,7.968371216911359,6.470604701552204,0.0,0.0,0.0,0.0,0.0,0.0,0.0,0.0,0.0,0.0,0.0,0.0,0.0,0.0,4,NORMAL,0.0,2026-01-01T00:02:00+00:00,False
2026-01-01T00:02:51Z,ENG-DATASET-004,MSN-NORMAL-004,CRUISE,8500.0,23.0,0.6373368880153083,0.43266311198469176,3775.6101581900907,408.6603034992343,125.37331384212503,58.55533769164434,388.78050790950454,7.930410881320695,6.9809148736127975,14.2,3775.6101581900907,408.6603034992343,125.37331384212503,58.55533769164434,388.78050790950454,7.930410881320695,6.9809148736127975,0.0,0.0,0.0,0.0,0.0,0.0,0.0,0.0,0.0,0.0,0.0,0.0,0.0,0.0,4,NORMAL,0.0,2026-01-01T00:02:00+00:00,False
2026-01-01T00:02:52Z,ENG-DATASET-004,MSN-NORMAL-004,CRUISE,8500.0,23.0,0.6341491700928259,0.4358508299071741,3758.077709616436,407.3005422722394,125.3184960147185,58.540436232462675,387.9038854808218,7.888976525737652,6.841716365553869,14.2,3758.077709616436,407.3005422722394,125.3184960147185,58.540436232462675,387.9038854808218,7.888976525737652,6.841716365553869,0.0,0.0,0.0,0.0,0.0,0.0,0.0,0.0,0.0,0.0,0.0,0.0,0.0,0.0,4,NORMAL,0.0,2026-01-01T00:02:00+00:00,False
2026-01-01T00:02:53Z,ENG-DATASET-004,MSN-NORMAL-004,CRUISE,8500.0,23.0,0.6307406591033574,0.4392593408966426,3739.33089917436,405.84880713392636,125.23286659159481,58.52152473571656,386.96654495871803,7.844725766358906,6.224202846800589,14.2,3739.33089917436,405.84880713392636,125.23286659159481,58.52152473571656,386.96654495871803,7.844725766358906,6.224202846800589,0.0,0.0,0.0,0.0,0.0,0.0,0.0,0.0,0.0,0.0,0.0,0.0,0.0,0.0,4,NORMAL,0.0,2026-01-01T00:02:00+00:00,False
2026-01-01T00:02:54Z,ENG-DATASET-004,MSN-NORMAL-004,CRUISE,8500.0,23.0,0.6271645437208875,0.4428354562791125,3719.662264570775,404.3281353915534,125.11778331722417,58.49853711048561,385.98311322853874,7.7983584108733295,5.982882749093877,14.2,3719.662264570775,404.3281353915534,125.11778331722417,58.49853711048561,385.98311322853874,7.7983584108733295,5.982882749093877,0.0,0.0,0.0,0.0,0.0,0.0,0.0,0.0,0.0,0.0,0.0,0.0,0.0,0.0,4,NORMAL,0.0,2026-01-01T00:02:00+00:00,False
2026-01-01T00:02:55Z,ENG-DATASET-004,MSN-NORMAL-004,CRUISE,8500.0,23.0,0.6234766280298968,0.4465233719701032,3699.3787282703274,402.76254381753375,124.97506858094009,58.4714853204112,384.9689364135164,7.750604963682713,6.431816937281673,14.2,3699.3787282703274,402.76254381753375,124.97506858094009,58.4714853204112,384.9689364135164,7.750604963682713,6.431816937281673,0.0,0.0,0.0,0.0,0.0,0.0,0.0,0.0,0.0,0.0,0.0,0.0,0.0,0.0,4,NORMAL,0.0,2026-01-01T00:02:00+00:00,False
2026-01-01T00:02:56Z,ENG-DATASET-004,MSN-NORMAL-004,CRUISE,8500.0,23.0,0.6197344607212879,0.4502655392787121,3678.796808072978,401.1766362857894,124.80697762999081,58.44045861909029,383.9398404036489,7.702214800511897,6.8951656018790395,14.2,3678.796808072978,401.1766362857894,124.80697762999081,58.44045861909029,383.9398404036489,7.702214800511897,6.8951656018790395,0.0,0.0,0.0,0.0,0.0,0.0,0.0,0.0,0.0,0.0,0.0,0.0,0.0,0.0,4,NORMAL,0.0,2026-01-01T00:02:00+00:00,False
2026-01-01T00:02:57Z,ENG-DATASET-004,MSN-NORMAL-004,CRUISE,8500.0,23.0,0.6159964370643114,0.4540035629356886,3658.237677959607,399.5952094285136,124.61616010270457,58.40562160250199,382.9118838979804,7.653944222519086,6.6759571743928765,14.2,3658.237677959607,399.5952094285136,124.61616010270457,58.40562160250199,382.9118838979804,7.653944222519086,6.6759571743928765,0.0,0.0,0.0,0.0,0.0,0.0,0.0,0.0,0.0,0.0,0.0,0.0,0.0,0.0,4,NORMAL,0.0,2026-01-01T00:02:00+00:00,False
2026-01-01T00:02:58Z,ENG-DATASET-004,MSN-NORMAL-004,CRUISE,8500.0,23.0,0.61232088766792,0.45767911233208003,3638.0221562794545,398.04286306223344,124.40561566898995,58.36721110793344,381.90110781397277,7.606544590738969,6.055139696662035,14.2,3638.0221562794545,398.04286306223344,124.40561566898995,58.36721110793344,381.90110781397277,7.606544590738969,6.055139696662035,0.0,0.0,0.0,0.0,0.0,0.0,0.0,0.0,0.0,0.0,0.0,0.0,0.0,0.0,4,NORMAL,0.0,2026-01-01T00:02:00+00:00,False
2026-01-01T00:02:59Z,ENG-DATASET-004,MSN-NORMAL-004,CRUISE,8500.0,23.0,0.6087651682511251,0.46123483174887486,3618.4656994870825,396.54362156733583,124.17864464127436,58.32553200690872,380.92328497435415,7.560750728560068,5.889590024605308,14.2,3618.4656994870825,396.54362156733583,124.17864464127436,58.32553200690872,380.92328497435415,7.560750728560068,5.889590024605308,0.0,0.0,0.0,0.0,0.0,0.0,0.0,0.0,0.0,0.0,0.0,0.0,0.0,0.0,4,NORMAL,0.0,2026-01-01T00:02:00+00:00,False
2026-01-01T00:03:00Z,ENG-DATASET-004,MSN-NORMAL-004,CRUISE,8500.0,23.0,0.6053847646261847,0.46461523537381527,3599.8734795499104,395.12057174561903,123.9387944707874,58.28095195691832,379.9936739774955,7.5172697639171355,6.3849952216544406,14.2,3599.8734795499104,395.12057174561903,123.9387944707874,58.28095195691832,379.9936739774955,7.5172697639171355,6.3849952216544406,0.0,0.0,0.0,0.0,0.0,0.0,0.0,0.0,0.0,0.0,0.0,0.0,0.0,0.0,4,NORMAL,0.0,2026-01-01T00:02:00+00:00,False
2026-01-01T00:03:01Z,ENG-DATASET-004,MSN-NORMAL-004,CRUISE,8500.0,23.0,0.6022324268610607,0.46776757313893935,3582.5356218417282,393.7955219663779,123.6898030728681,58.233895193028715,379.1267810920864,7.476770564948997,6.801661136593747,14.2,3582.5356218417282,393.7955219663779,123.6898030728681,58.233895193028715,379.1267810920864,7.476770564948997,6.801661136593747,0.0,0.0,0.0,0.0,0.0,0.0,0.0,0.0,0.0,0.0,0.0,0.0,0.0,0.0,4,NORMAL,0.0,2026-01-01T00:02:00+00:00,False
2026-01-01T00:03:02Z,ENG-DATASET-004,MSN-NORMAL-004,CRUISE,8500.0,23.0,0.5993573461322511,0.4706426538677489,3566.7226778332756,392.58868668119953,123.43553993261128,58.184835455466576,378.3361338916638,7.439873903966742,6.514721378160282,14.2,3566.7226778332756,392.58868668119953,123.43553993261128,58.184835455466576,378.3361338916638,7.439873903966742,6.514721378160282,0.0,0.0,0.0,0.0,0.0,0.0,0.0,0.0,0.0,0.0,0.0,0.0,0.0,0.0,4,NORMAL,0.0,2026-01-01T00:02:00+00:00,False
2026-01-01T00:03:03Z,ENG-DATASET-004,MSN-NORMAL-004,CRUISE,8500.0,23.0,0.5968043871129334,0.4731956128870666,3552.6814032270277,391.51839967494266,123.17994593122371,58.13428816278622,377.63407016135136,7.407143465536953,5.909803836407626,14.2,3552.6814032270277,391.51839967494266,123.17994593122371,58.13428816278622,377.63407016135136,7.407143465536953,5.909803836407626,0.0,0.0,0.0,0.0,0.0,0.0,0.0,0.0,0.0,0.0,0.0,0.0,0.0,0.0,4,NORMAL,0.0,2026-01-01T00:02:00+00:00,False
2026-01-01T00:03:04Z,ENG-DATASET-004,MSN-NORMAL-004,CRUISE,8500.0,23.0,0.5946133878747448,0.4753866121252551,3540.630907416991,390.6008587533404,122.92697280693486,58.082801952031744,377.0315453708496,7.379077796016529,5.830948355395374,14.2,3540.630907416991,390.6008587533404,122.92697280693486,58.082801952031744,377.0315453708496,7.379077796016529,5.830948355395374,0.0,0.0,0.0,0.0,0.0,0.0,0.0,0.0,0.0,0.0,0.0,0.0,0.0,0.0,4,NORMAL,0.0,2026-01-01T00:02:00+00:00,False
2026-01-01T00:03:05Z,ENG-DATASET-004,MSN-NORMAL-004,CRUISE,8500.0,23.0,0.5928185382279987,0.47718146177200127,3530.759234359887,389.84990396731456,122.68052312542423,58.03094971721185,376.53796171799434,7.356103274525059,6.371724252228911,14.2,3530.759234359887,389.84990396731456,122.68052312542423,58.03094971721185,376.53796171799434,7.356103274525059,6.371724252228911,0.0,0.0,0.0,0.0,0.0,0.0,0.0,0.0,0.0,0.0,0.0,0.0,0.0,0.0,4,NORMAL,0.0,2026-01-01T00:02:00+00:00,False
2026-01-01T00:03:06Z,ENG-DATASET-004,MSN-NORMAL-004,CRUISE,8500.0,23.0,0.5914478462011294,0.4785521537988706,3523.220428212106,389.27683095393047,122.44439158673006,57.979319285261944,376.1610214106053,7.338568169478069,6.741478645485001,14.2,3523.220428212106,389.27683095393047,122.44439158673006,57.979319285261944,376.1610214106053,7.338568169478069,6.741478645485001,0.0,0.0,0.0,0.0,0.0,0.0,0.0,0.0,0.0,0.0,0.0,0.0,0.0,0.0,4,NORMAL,0.0,2026-01-01T00:02:00+00:00,False
2026-01-01T00:03:07Z,ENG-DATASET-004,MSN-NORMAL-004,CRUISE,8500.0,23.0,0.5905227009847764,0.4794772990152236,3518.132129522165,388.8902405396953,122.22220844154944,57.928503874351726,375.90660647610827,7.326737830620655,6.398333628007632,14.2,3518.132129522165,388.8902405396953,122.22220844154944,57.928503874351726,375.90660647610827,7.326737830620655,6.398333628007632,0.0,0.0,0.0,0.0,0.0,0.0,0.0,0.0,0.0,0.0,0.0,0.0,0.0,0.0,4,NORMAL,0.0,2026-01-01T00:02:00+00:00,False
2026-01-01T00:03:08Z,ENG-DATASET-004,MSN-NORMAL-004,CRUISE,8500.0,23.0,0.5900575391606181,0.4799424608393819,3515.573739489294,388.69592540210016,122.017385732447,57.879092482818244,375.7786869744647,7.320791054015701,5.825710975929994,14.2,3515.573739489294,388.69592540210016,122.017385732447,57.879092482818244,375.7786869744647,7.320791054015701,5.825710975929994,0.0,0.0,0.0,0.0,0.0,0.0,0.0,0.0,0.0,0.0,0.0,0.0,0.0,0.0,4,NORMAL,0.0,2026-01-01T00:02:00+00:00,False
2026-01-01T00:03:09Z,ENG-DATASET-004,MSN-NORMAL-004,CRUISE,8500.0,23.0,0.5900596194233431,0.4799403805766569,3515.585180934281,388.69679431169413,121.83306701699465,57.83166035811195,375.77925904671406,7.320817646517972,5.839873411824439,14.2,3515.585180934281,388.69679431169413,121.83306701699465,57.83166035811195,375.77925904671406,7.320817646517972,5.839873411824439,0.0,0.0,0.0,0.0,0.0,0.0,0.0,0.0,0.0,0.0,0.0,0.0,0.0,0.0,4,NORMAL,0.0,2026-01-01T00:02:00+00:00,False
2026-01-01T00:03:10Z,ENG-DATASET-004,MSN-NORMAL-004,CRUISE,8500.0,23.0,0.5905289093111473,0.4794710906888527,3518.1662753172045,388.89283426571404,121.67208117193803,57.78675969391796,375.90831376586027,7.326817206636149,6.420549183186082,14.2,3518.1662753172045,388.89283426571404,121.67208117193803,57.78675969391796,375.90831376586027,7.326817206636149,6.420549183186082,0.0,0.0,0.0,0.0,0.0,0.0,0.0,0.0,0.0,0.0,0.0,0.0,0.0,0.0,4,NORMAL,0.0,2026-01-01T00:02:00+00:00,False
2026-01-01T00:03:11Z,ENG-DATASET-004,MSN-NORMAL-004,CRUISE,8500.0,23.0,0.5914580857122896,0.4785419142877104,3523.276745523487,389.2811106570929,121.53690082117156,57.74491070007706,376.1638372761744,7.338699129976859,6.739974620700902,14.2,3523.276745523487,389.2811106570929,121.53690082117156,57.74491070007706,376.1638372761744,7.338699129976859,6.739974620700902,0.0,0.0,0.0,0.0,0.0,0.0,0.0,0.0,0.0,0.0,0.0,0.0,0.0,0.0,4,NORMAL,0.0,2026-01-01T00:02:00+00:00,False
2026-01-01T00:03:12Z,ENG-DATASET-004,MSN-NORMAL-004,CRUISE,8500.0,23.0,0.5928326491398013,0.47716735086019874,3530.8368443748013,389.8558054782245,121.42960587601002,57.70659318413508,376.54184221874004,7.3562838392345595,6.348746115348127,14.2,3530.8368443748013,389.8558054782245,121.42960587601002,57.70659318413508,376.54184221874004,7.3562838392345595,6.348746115348127,0.0,0.0,0.0,0.0,0.0,0.0,0.0,0.0,0.0,0.0,0.0,0.0,0.0,0.0,4,NORMAL,0.0,2026-01-01T00:02:00+00:00,False
2026-01-01T00:03:13Z,ENG-DATASET-004,MSN-NORMAL-004,CRUISE,8500.0,23.0,0.5946311499911306,0.47536885000886936,3540.728599057113,390.6082934143065,121.35185262376667,57.67223877538663,377.03642995285566,7.379305230458596,5.819541299149672,14.2,3540.728599057113,390.6082934143065,121.35185262376667,57.67223877538663,377.03642995285566,7.379305230458596,5.819541299149672,0.0,0.0,0.0,0.0,0.0,0.0,0.0,0.0,0.0,0.0,0.0,0.0,0.0,0.0,4,NORMAL,0.0,2026-01-01T00:02:00+00:00,False
2026-01-01T00:03:14Z,ENG-DATASET-004,MSN-NORMAL-004,CRUISE,8500.0,23.0,0.5968255232620169,0.47317447673798313,3552.797652046987,391.5272555135867,121.30484874922968,57.6422239122731,377.63988260234936,7.407414318614547,5.926467785900827,14.2,3552.797652046987,391.5272555135867,121.30484874922968,57.6422239122731,377.63988260234936,7.407414318614547,5.926467785900827,0.0,0.0,0.0,0.0,0.0,0.0,0.0,0.0,0.0,0.0,0.0,0.0,0.0,0.0,4,NORMAL,0.0,2026-01-01T00:02:00+00:00,False
2026-01-01T00:03:15Z,ENG-DATASET-004,MSN-NORMAL-004,LOITER,8000.0,23.0,0.39938152649149494,0.32061847350850503,2598.364416138603,297.54927070739984,118.9130956419917,57.265153527165495,329.91822080693015,5.622123028620743,4.7830326149582625,14.2,2598.364416138603,297.54927070739984,118.9130956419917,57.265153527165495,329.91822080693015,5.622123028620743,4.7830326149582625,0.0,0.0,0.0,0.0,0.0,0.0,0.0,0.0,0.0,0.0,0.0,0.0,0.0,0.0,4,NORMAL,0.0,2026-01-01T00:02:00+00:00,False
2026-01-01T00:03:16Z,ENG-DATASET-004,MSN-NORMAL-004,LOITER,8000.0,23.0,0.40225927410404627,0.3177407258959537,2614.1920280076356,298.76593747357003,116.79093451463179,56.90716282914629,330.70960140038176,5.659264961846296,5.044415574534389,14.2,2614.1920280076356,298.76593747357003,116.79093451463179,56.90716282914629,330.70960140038176,5.659264961846296,5.044415574534389,0.0,0.0,0.0,0.0,0.0,0.0,0.0,0.0,0.0,0.0,0.0,0.0,0.0,0.0,4,NORMAL,0.0,2026-01-01T00:02:00+00:00,False
2026-01-01T00:03:17Z,ENG-DATASET-004,MSN-NORMAL-004,LOITER,8000.0,23.0,0.4054138598106645,0.31458614018933545,2631.542249394036,300.1014515443541,114.91437735177746,56.56787312808482,331.5771124697018,5.700023646403276,4.6088901167218586,14.2,2631.542249394036,300.1014515443541,114.91437735177746,56.56787312808482,331.5771124697018,5.700023646403276,4.6088901167218586,0.0,0.0,0.0,0.0,0.0,0.0,0.0,0.0,0.0,0.0,0.0,0.0,0.0,0.0,4,NORMAL,0.0,2026-01-01T00:02:00+00:00,False
2026-01-01T00:03:18Z,ENG-DATASET-004,MSN-NORMAL-004,LOITER,8000.0,23.0,0.40879605735647656,0.3112039426435234,2650.1443358960023,301.5354265250155,113.2613252797251,56.24685251165722,332.5072167948001,5.743774051216763,4.128362149562423,14.2,2650.1443358960023,301.5354265250155,113.2613252797251,56.24685251165722,332.5072167948001,5.743774051216763,4.128362149562423,0.0,0.0,0.0,0.0,0.0,0.0,0.0,0.0,0.0,0.0,0.0,0.0,0.0,0.0,4,NORMAL,0.0,2026-01-01T00:02:00+00:00,False
2026-01-01T00:03:19Z,ENG-DATASET-004,MSN-NORMAL-004,LOITER,8000.0,23.0,0.4123530886799851,0.30764691132001487,2669.7080081752993,303.0458757791535,111.81133964623143,55.94361304116937,333.485400408765,5.789842915066663,4.321227467788035,14.2,2669.7080081752993,303.0458757791535,111.81133964623143,55.94361304116937,333.485400408765,5.789842915066663,4.321227467788035,0.0,0.0,0.0,0.0,0.0,0.0,0.0,0.0,0.0,0.0,0.0,0.0,0.0,0.0,4,NORMAL,0.0,2026-01-01T00:02:00+00:00,False
2026-01-01T00:03:20Z,ENG-DATASET-004,MSN-NORMAL-004,LOITER,8000.0,23.0,0.4160294474970668,0.3039705525029332,2689.9279816692488,304.60953118188326,110.54544396115537,55.65760920341365,334.49639908346245,5.837518662949627,4.942676166564088,14.2,2689.9279816692488,304.60953118188326,110.54544396115537,55.65760920341365,334.49639908346245,5.837518662949627,4.942676166564088,0.0,0.0,0.0,0.0,0.0,0.0,0.0,0.0,0.0,0.0,0.0,0.0,0.0,0.0,4,NORMAL,0.0,2026-01-01T00:02:00+00:00,False
2026-01-01T00:03:21Z,ENG-DATASET-004,MSN-NORMAL-004,LOITER,8000.0,23.0,0.4197677654579711,0.30023223454202885,2710.4887304542226,306.2021872112979,109.44595424532228,55.38823762744719,335.52443652271114,5.886062049701421,5.134934223754737,14.2,2710.4887304542226,306.2021872112979,109.44595424532228,55.38823762744719,335.52443652271114,5.886062049701421,5.134934223754737,0.0,0.0,0.0,0.0,0.0,0.0,0.0,0.0,0.0,0.0,0.0,0.0,0.0,0.0,4,NORMAL,0.0,2026-01-01T00:02:00+00:00,False
2026-01-01T00:03:22Z,ENG-DATASET-004,MSN-NORMAL-004,LOITER,8000.0,23.0,0.4235097073612309,0.2964902926387691,2731.0694109221513,307.7990662210344,108.49633547631592,55.13483805605169,336.5534705461076,5.934717394156245,4.655667342797714,14.2,2731.0694109221513,307.7990662210344,108.49633547631592,55.13483805605169,336.5534705461076,5.934717394156245,4.655667342797714,0.0,0.0,0.0,0.0,0.0,0.0,0.0,0.0,0.0,0.0,0.0,0.0,0.0,0.0,4,NORMAL,0.0,2026-01-01T00:02:00+00:00,False
2026-01-01T00:03:23Z,ENG-DATASET-004,MSN-NORMAL-004,LOITER,8000.0,23.0,0.4271968814549707,0.2928031185450293,2751.34886843772,309.375200013921,107.68108192903236,54.89669554264221,337.56744342188597,5.98272424840038,4.224650736476825,14.2,2751.34886843772,309.375200013921,107.68108192903236,54.89669554264221,337.56744342188597,5.98272424840038,4.224650736476825,0.0,0.0,0.0,0.0,0.0,0.0,0.0,0.0,0.0,0.0,0.0,0.0,0.0,0.0,4,NORMAL,0.0,2026-01-01T00:02:00+00:00,False
2026-01-01T00:03:24Z,ENG-DATASET-004,MSN-NORMAL-004,LOITER,8000.0,23.0,0.43077175062066503,0.28922824937933495,2771.010648849039,310.9058221327117,106.98561928944692,54.67304382583257,338.550532442452,6.029329328996726,4.492047563304791,14.2,2771.010648849039,310.9058221327117,106.98561928944692,54.67304382583257,338.550532442452,6.029329328996726,4.492047563304791,0.0,0.0,0.0,0.0,0.0,0.0,0.0,0.0,0.0,0.0,0.0,0.0,0.0,0.0,4,NORMAL,0.0,2026-01-01T00:02:00+00:00,False
2026-01-01T00:03:25Z,ENG-DATASET-004,MSN-NORMAL-004,LOITER,8000.0,23.0,0.43417853022062913,0.28582146977937084,2789.7479366488415,312.3667646364912,106.39622647641451,54.4630698160286,339.4873968324421,6.073798521336251,5.106426426775657,14.2,2789.7479366488415,312.3667646364912,106.39622647641451,54.4630698160286,339.4873968324421,6.073798521336251,5.106426426775657,0.0,0.0,0.0,0.0,0.0,0.0,0.0,0.0,0.0,0.0,0.0,0.0,0.0,0.0,4,NORMAL,0.0,2026-01-01T00:02:00+00:00,False
2026-01-01T00:03:26Z,ENG-DATASET-004,MSN-NORMAL-004,LOITER,8000.0,23.0,0.4373640585986325,0.2826359414013675,2807.26834272786,313.73485258012386,105.89997514327615,54.26591911158624,340.36341713639297,6.115428755474165,5.217754504990956,14.2,2807.26834272786,313.73485258012386,105.89997514327615,54.26591911158624,340.36341713639297,6.115428755474165,5.217754504990956,0.0,0.0,0.0,0.0,0.0,0.0,0.0,0.0,0.0,0.0,0.0,0.0,0.0,0.0,4,NORMAL,0.0,2026-01-01T00:02:00+00:00,False
2026-01-01T00:03:27Z,ENG-DATASET-004,MSN-NORMAL-004,LOITER,8000.0,23.0,0.4402786266497639,0.27972137335023606,2823.2984670090827,314.9882889985123,105.48468485391135,54.0807024465037,341.16492335045416,6.153559542877576,4.694748022009885,14.2,2823.2984670090827,314.9882889985123,105.48468485391135,54.0807024465037,341.16492335045416,6.153559542877576,4.694748022009885,0.0,0.0,0.0,0.0,0.0,0.0,0.0,0.0,0.0,0.0,0.0,0.0,0.0,0.0,4,NORMAL,0.0,2026-01-01T00:02:00+00:00,False
2026-01-01T00:03:28Z,ENG-DATASET-004,MSN-NORMAL-004,LOITER,8000.0,23.0,0.44287675351438804,0.27712324648561193,2837.5881647645156,316.1070229538022,105.13889194236526,53.906502957558665,341.8794082382258,6.187583959311651,4.312519055825002,14.2,2837.5881647645156,316.1070229538022,105.13889194236526,53.906502957558665,341.8794082382258,6.187583959311651,4.312519055825002,0.0,0.0,0.0,0.0,0.0,0.0,0.0,0.0,0.0,0.0,0.0,0.0,0.0,0.0,4,NORMAL,0.0,2026-01-01T00:02:00+00:00,False
2026-01-01T00:03:29Z,ENG-DATASET-004,MSN-NORMAL-004,LOITER,8000.0,23.0,0.44511789629174847,0.2748821037082515,2849.914450039998,317.0730931627776,104.85183007719817,53.74238414647332,342.4957225019999,6.216958860340841,4.641688544386813,14.2,2849.914450039998,317.0730931627776,104.85183007719817,53.74238414647332,342.4957225019999,6.216958860340841,4.641688544386813,0.0,0.0,0.0,0.0,0.0,0.0,0.0,0.0,0.0,0.0,0.0,0.0,0.0,0.0,4,NORMAL,0.0,2026-01-01T00:02:00+00:00,False
2026-01-01T00:03:30Z,ENG-DATASET-004,MSN-NORMAL-004,LOITER,8000.0,23.0,0.446967082698374,0.273032917301626,2860.084975276438,317.8709399061379,104.6134205671318,53.58739840228503,343.0042487638219,6.241214123133697,5.230512498316504,14.2,2860.084975276438,317.8709399061379,104.6134205671318,53.58739840228503,343.0042487638219,6.241214123133697,5.230512498316504,0.0,0.0,0.0,0.0,0.0,0.0,0.0,0.0,0.0,0.0,0.0,0.0,0.0,0.0,4,NORMAL,0.0,2026-01-01T00:02:00+00:00,False
2026-01-01T00:03:31Z,ENG-DATASET-004,MSN-NORMAL-004,LOITER,8000.0,23.0,0.4483954567988657,0.27160454320113425,2867.9410328291424,318.48767834345404,104.41427046900498,53.44059594078163,343.3970516414571,6.259960721689178,5.251774866272954,14.2,2867.9410328291424,318.48767834345404,104.41427046900498,53.44059594078163,343.3970516414571,6.259960721689178,5.251774866272954,0.0,0.0,0.0,0.0,0.0,0.0,0.0,0.0,0.0,0.0,0.0,0.0,0.0,0.0,4,NORMAL,0.0,2026-01-01T00:02:00+00:00,False
2026-01-01T00:03:32Z,ENG-DATASET-004,MSN-NORMAL-004,LOITER,8000.0,23.0,0.4493807292931175,0.27061927070688246,2873.360031547528,318.91332701780925,104.2456765975497,53.301034011758155,343.6680015773764,6.272897462210567,4.687664243511489,14.2,2873.360031547528,318.91332701780925,104.2456765975497,53.301034011758155,343.6680015773764,6.272897462210567,4.687664243511489,0.0,0.0,0.0,0.0,0.0,0.0,0.0,0.0,0.0,0.0,0.0,0.0,0.0,0.0,4,NORMAL,0.0,2026-01-01T00:02:00+00:00,False
2026-01-01T00:03:33Z,ENG-DATASET-004,MSN-NORMAL-004,LOITER,8000.0,23.0,0.44990752533338946,0.2700924746666105,2876.257409769023,319.14098622024477,104.09963359330085,53.16778622106266,343.81287048845115,6.279816230787733,4.35509442788128,14.2,2876.257409769023,319.14098622024477,104.09963359330085,53.16778622106266,343.81287048845115,6.279816230787733,4.35509442788128,0.0,0.0,0.0,0.0,0.0,0.0,0.0,0.0,0.0,0.0,0.0,0.0,0.0,0.0,4,NORMAL,0.0,2026-01-01T00:02:00+00:00,False
2026-01-01T00:03:34Z,ENG-DATASET-004,MSN-NORMAL-004,LOITER,8000.0,23.0,0.4499676244436647,0.27003237555633525,2876.5879548755374,319.16696197130426,103.96884428325338,53.039951812981485,343.8293977437769,6.280605636146012,4.735195760278546,14.2,2876.5879548755374,319.16696197130426,103.96884428325338,53.039951812981485,343.8293977437769,6.280605636146012,4.735195760278546,0.0,0.0,0.0,0.0,0.0,0.0,0.0,0.0,0.0,0.0,0.0,0.0,0.0,0.0,4,NORMAL,0.0,2026-01-01T00:02:00+00:00,False
2026-01-01T00:03:35Z,ENG-DATASET-004,MSN-NORMAL-004,LOITER,8000.0,23.0,0.449560088797428,0.270439911202572,2874.346508821235,318.9908326287343,103.8467306706464,52.91666475949267,343.7173254410618,6.275252965030315,5.283938604599993,14.2,2874.346508821235,318.9908326287343,103.8467306706464,52.91666475949267,343.7173254410618,6.275252965030315,5.283938604599993,0.0,0.0,0.0,0.0,0.0,0.0,0.0,0.0,0.0,0.0,0.0,0.0,0.0,0.0,4,NORMAL,0.0,2026-01-01T00:02:00+00:00,False
2026-01-01T00:03:36Z,ENG-DATASET-004,MSN-NORMAL-004,LOITER,8000.0,23.0,0.4486912778521351,0.2713087221478649,2869.5680486221245,318.6154565004929,103.72744401609408,52.797102506274946,343.47840243110625,6.263844405625672,5.211543042839749,14.2,2869.5680486221245,318.6154565004929,103.72744401609408,52.797102506274946,343.47840243110625,6.263844405625672,5.211543042839749,0.0,0.0,0.0,0.0,0.0,0.0,0.0,0.0,0.0,0.0,0.0,0.0,0.0,0.0,4,NORMAL,0.0,2026-01-01T00:02:00+00:00,False
2026-01-01T00:03:37Z,ENG-DATASET-004,MSN-NORMAL-004,LOITER,8000.0,23.0,0.44737474911200587,0.2726252508879941,2862.3271405514133,318.0469202771845,103.60587262141429,52.680494231046865,343.11635702757064,6.246563533902741,4.614033639713716,14.2,2862.3271405514133,318.0469202771845,103.60587262141429,52.680494231046865,343.11635702757064,6.246563533902741,4.614033639713716,0.0,0.0,0.0,0.0,0.0,0.0,0.0,0.0,0.0,0.0,0.0,0.0,0.0,0.0,4,NORMAL,0.0,2026-01-01T00:02:00+00:00,False
2026-01-01T00:03:38Z,ENG-DATASET-004,MSN-NORMAL-004,LOITER,8000.0,23.0,0.44563104656770564,0.27436895343229434,2852.736776557763,317.2944295405003,103.47764609778537,52.566128477738594,342.63683882788814,6.223688097455133,4.335787463658517,14.2,2852.736776557763,317.2944295405003,103.47764609778537,52.566128477738594,342.63683882788814,6.223688097455133,4.335787463658517,0.0,0.0,0.0,0.0,0.0,0.0,0.0,0.0,0.0,0.0,0.0,0.0,0.0,0.0,4,NORMAL,0.0,2026-01-01T00:02:00+00:00,False
2026-01-01T00:03:39Z,ENG-DATASET-004,MSN-NORMAL-004,LOITER,8000.0,23.0,0.4434873801142418,0.27651261988575815,2840.9466110637113,316.3701439962851,103.33913508791396,52.45336004004396,342.0473305531856,6.195585169788075,4.759997590962809,14.2,2840.9466110637113,316.3701439962851,103.33913508791396,52.45336004004396,342.0473305531856,6.195585169788075,4.759997590962809,0.0,0.0,0.0,0.0,0.0,0.0,0.0,0.0,0.0,0.0,0.0,0.0,0.0,0.0,4,NORMAL,0.0,2026-01-01T00:02:00+00:00,False
2026-01-01T00:03:40Z,ENG-DATASET-004,MSN-NORMAL-004,LOITER,8000.0,23.0,0.4409772009496529,0.27902279905034705,2827.1406256584723,315.2889613677397,103.18744561331606,52.341615979906294,341.35703128292363,6.162704783725813,5.259922713839662,14.2,2827.1406256584723,315.2889613677397,103.18744561331606,52.341615979906294,341.35703128292363,6.162704783725813,5.259922713839662,0.0,0.0,0.0,0.0,0.0,0.0,0.0,0.0,0.0,0.0,0.0,0.0,0.0,0.0,4,NORMAL,0.0,2026-01-01T00:02:00+00:00,False
2026-01-01T00:03:41Z,ENG-DATASET-004,MSN-NORMAL-004,LOITER,8000.0,23.0,0.43813967958025113,0.28186032041974884,2811.5342581267623,314.06825501757777,103.02040742742389,52.23040068027218,340.5767129063381,6.12557218438482,5.097100404835544,14.2,2811.5342581267623,314.06825501757777,103.02040742742389,52.23040068027218,340.5767129063381,6.12557218438482,5.097100404835544,0.0,0.0,0.0,0.0,0.0,0.0,0.0,0.0,0.0,0.0,0.0,0.0,0.0,0.0,4,NORMAL,0.0,2026-01-01T00:02:00+00:00,False
2026-01-01T00:03:42Z,ENG-DATASET-004,MSN-NORMAL-004,LOITER,8000.0,23.0,0.43501909457797244,0.28498090542202753,2794.37104061423,312.72757130852415,102.8365559673946,52.11929984678694,339.7185520307115,6.084778868994697,4.479671160799004,14.2,2794.37104061423,312.72757130852415,102.8365559673946,52.11929984678694,339.7185520307115,6.084778868994697,4.479671160799004,0.0,0.0,0.0,0.0,0.0,0.0,0.0,0.0,0.0,0.0,0.0,0.0,0.0,0.0,4,NORMAL,0.0,2026-01-01T00:02:00+00:00,False
2026-01-01T00:03:43Z,ENG-DATASET-004,MSN-NORMAL-004,LOITER,8000.0,23.0,0.4316641416280707,0.28833585837192927,2775.9187993897704,311.288293431392,102.63510770643994,52.00798338976624,338.79593996948853,6.040972601998058,4.264572747363724,14.2,2775.9187993897704,311.288293431392,102.63510770643994,52.00798338976624,338.79593996948853,6.040972601998058,4.264572747363724,0.0,0.0,0.0,0.0,0.0,0.0,0.0,0.0,0.0,0.0,0.0,0.0,0.0,0.0,4,NORMAL,0.0,2026-01-01T00:02:00+00:00,False
2026-01-01T00:03:44Z,ENG-DATASET-004,MSN-NORMAL-004,LOITER,8000.0,23.0,0.4281271736492361,0.2918728263507639,2756.46547550618,309.7732789136391,102.41592890863693,51.89620713550021,337.823273775309,5.994846608891839,4.730257629252554,14.2,2756.46547550618,309.7732789136391,102.41592890863693,51.89620713550021,337.823273775309,5.994846608891839,4.730257629252554,0.0,0.0,0.0,0.0,0.0,0.0,0.0,0.0,0.0,0.0,0.0,0.0,0.0,0.0,4,NORMAL,0.0,2026-01-01T00:02:00+00:00,False
2026-01-01T00:03:45Z,ENG-DATASET-004,MSN-NORMAL-004,LOITER,8000.0,23.0,0.42446338384380866,0.2955366161561913,2736.314631576329,308.20647826600236,102.1794979744233,51.783813334452844,336.81573157881644,5.947128161066409,5.178224583969434,14.2,2736.314631576329,308.20647826600236,102.1794979744233,51.783813334452844,336.81573157881644,5.947128161066409,5.178224583969434,0.0,0.0,0.0,0.0,0.0,0.0,0.0,0.0,0.0,0.0,0.0,0.0,0.0,0.0,4,NORMAL,0.0,2026-01-01T00:02:00+00:00,False
2026-01-01T00:03:46Z,ENG-DATASET-004,MSN-NORMAL-004,LOITER,8000.0,23.0,0.42072994442631606,0.2992700555736839,2715.7807147801195,306.61254223997395,101.92686173298031,51.670729952923075,335.78903573900595,5.898566766639262,4.934233209425221,14.2,2715.7807147801195,306.61254223997395,101.92686173298031,51.670729952923075,335.78903573900595,5.898566766639262,4.934233209425221,0.0,0.0,0.0,0.0,0.0,0.0,0.0,0.0,0.0,0.0,0.0,0.0,0.0,0.0,4,NORMAL,0.0,2026-01-01T00:02:00+00:00,False
2026-01-01T00:03:47Z,ENG-DATASET-004,MSN-NORMAL-004,LOITER,8000.0,23.0,0.416985114470187,0.303014885529813,2695.1841500214096,305.01642497461427,101.65958618404764,51.55696875393765,334.7592075010705,5.849922179417027,4.3147780729295935,14.2,2695.1841500214096,305.01642497461427,101.65958618404764,51.55696875393765,334.7592075010705,5.849922179417027,4.3147780729295935,0.0,0.0,0.0,0.0,0.0,0.0,0.0,0.0,0.0,0.0,0.0,0.0,0.0,0.0,4,NORMAL,0.0,2026-01-01T00:02:00+00:00,False
2026-01-01T00:03:48Z,ENG-DATASET-004,MSN-NORMAL-004,LOITER,8000.0,23.0,0.4132873307943961,0.30671266920560386,2674.8463398045596,303.44298993643633,101.37970231405379,51.44262219225082,333.742316990228,5.801952430325095,4.174170640630538,14.2,2674.8463398045596,303.44298993643633,101.37970231405379,51.44262219225082,333.742316990228,5.801952430325095,4.174170640630538,0.0,0.0,0.0,0.0,0.0,0.0,0.0,0.0,0.0,0.0,0.0,0.0,0.0,0.0,4,NORMAL,0.0,2026-01-01T00:02:00+00:00,False
2026-01-01T00:03:49Z,ENG-DATASET-004,MSN-NORMAL-004,LOITER,8000.0,23.0,0.4096942960764483,0.31030570392355167,2655.0846488558473,301.91662503599355,101.08964770854824,51.32785916703432,332.7542324427924,5.755402073750068,4.681105617322105,14.2,2655.0846488558473,301.91662503599355,101.08964770854824,51.32785916703432,332.7542324427924,5.755402073750068,4.681105617322105,0.0,0.0,0.0,0.0,0.0,0.0,0.0,0.0,0.0,0.0,0.0,0.0,0.0,0.0,4,NORMAL,0.0,2026-01-01T00:02:00+00:00,False
2026-01-01T00:03:50Z,ENG-DATASET-004,MSN-NORMAL-004,LOITER,8000.0,23.0,0.40626207842139567,0.3137379215786043,2636.2074517530573,300.46087267825544,100.7922047546498,51.212919693861124,331.81037258765286,5.710990826177542,5.077487209062276,14.2,2636.2074517530573,300.46087267825544,100.7922047546498,51.212919693861124,331.81037258765286,5.710990826177542,5.077487209062276,0.0,0.0,0.0,0.0,0.0,0.0,0.0,0.0,0.0,0.0,0.0,0.0,0.0,0.0,4,NORMAL,0.0,2026-01-01T00:02:00+00:00,False
2026-01-01T00:03:51Z,ENG-DATASET-004,MSN-NORMAL-004,LOITER,8000.0,23.0,0.4030442364378103,0.3169557635621897,2618.509320843338,299.0980798106825,100.49043627445188,51.098108574637656,330.92546604216693,5.669402757239382,4.765031069679667,14.2,2618.509320843338,299.0980798106825,100.49043627445188,51.098108574637656,330.92546604216693,5.669402757239382,4.765031069679667,0.0,0.0,0.0,0.0,0.0,0.0,0.0,0.0,0.0,0.0,0.0,0.0,0.0,0.0,4,NORMAL,0.0,2026-01-01T00:02:00+00:00,False
2026-01-01T00:03:52Z,ENG-DATASET-004,MSN-NORMAL-004,LOITER,8000.0,23.0,0.40009098347361094,0.31990901652638903,2602.266429540242,297.84907231151305,100.18761945479451,50.98378815995507,330.1133214770121,5.631276174748312,4.162886054971064,14.2,2602.266429540242,297.84907231151305,100.18761945479451,50.98378815995507,330.1133214770121,5.631276174748312,4.162886054971064,0.0,0.0,0.0,0.0,0.0,0.0,0.0,0.0,0.0,0.0,0.0,0.0,0.0,0.0,4,NORMAL,0.0,2026-01-01T00:02:00+00:00,False
2026-01-01T00:03:53Z,ENG-DATASET-004,MSN-NORMAL-004,LOITER,8000.0,23.0,0.39744840405356296,0.322551595946437,2587.7322427299778,296.7328573459065,99.88717894296272,50.87037031266527,329.3866121364989,5.597194326351706,4.107574596280538,14.2,2587.7322427299778,296.7328573459065,99.88717894296272,50.87037031266527,329.3866121364989,5.597194326351706,4.107574596280538,0.0,0.0,0.0,0.0,0.0,0.0,0.0,0.0,0.0,0.0,0.0,0.0,0.0,0.0,4,NORMAL,0.0,2026-01-01T00:02:00+00:00,False
2026-01-01T00:03:54Z,ENG-DATASET-004,MSN-NORMAL-004,LOITER,8000.0,23.0,0.39515773474568266,0.3248422652543173,2575.133561536636,295.76635663865386,99.59261996463279,50.758307694117235,328.7566780768318,5.567677021818772,4.654935556451404,14.2,2575.133561536636,295.76635663865386,99.59261996463279,50.758307694117235,328.7566780768318,5.567677021818772,4.654935556451404,0.0,0.0,0.0,0.0,0.0,0.0,0.0,0.0,0.0,0.0,0.0,0.0,0.0,0.0,4,NORMAL,0.0,2026-01-01T00:02:00+00:00,False
2026-01-01T00:03:55Z,ENG-DATASET-004,MSN-NORMAL-004,LOITER,8000.0,23.0,0.39325472067838524,0.32674527932161473,2564.6669841665007,294.9641729920115,99.3074622929698,50.64808450521765,328.2333492083251,5.543173262273108,5.000490471520242,14.2,2564.6669841665007,294.9641729920115,99.3074622929698,50.64808450521765,328.2333492083251,5.543173262273108,5.000490471520242,0.0,0.0,0.0,0.0,0.0,0.0,0.0,0.0,0.0,0.0,0.0,0.0,0.0,0.0,4,NORMAL,0.0,2026-01-01T00:02:00+00:00,False
2026-01-01T00:03:56Z,ENG-DATASET-004,MSN-NORMAL-004,LOITER,8000.0,23.0,0.3917690577497114,0.3282309422502886,2556.495838058794,294.3383918313519,99.03517585945661,50.54020682313978,327.8247919029397,5.524054946313473,4.632316823799095,14.2,2556.495838058794,294.3383918313519,99.03517585945661,50.54020682313978,327.8247919029397,5.524054946313473,4.632316823799095,0.0,0.0,0.0,0.0,0.0,0.0,0.0,0.0,0.0,0.0,0.0,0.0,0.0,0.0,4,NORMAL,0.0,2026-01-01T00:02:00+00:00,False
2026-01-01T00:03:57Z,ENG-DATASET-004,MSN-NORMAL-004,LOITER,8000.0,23.0,0.3907239292327702,0.32927607076722976,2550.7476312156177,293.89841909774424,98.77911875095455,50.43519268096039,327.5373815607809,5.510611708172212,4.0647299644087855,14.2,2550.7476312156177,293.89841909774424,98.77911875095455,50.43519268096039,327.5373815607809,5.510611708172212,4.0647299644087855,0.0,0.0,0.0,0.0,0.0,0.0,0.0,0.0,0.0,0.0,0.0,0.0,0.0,0.0,4,NORMAL,0.0,2026-01-01T00:02:00+00:00,False
2026-01-01T00:03:58Z,ENG-DATASET-004,MSN-NORMAL-004,LOITER,8000.0,23.0,0.39013564400851636,0.3298643559914836,2547.512062482221,293.6508564258767,98.54247828650601,50.333562041656705,327.3756031241111,5.503046929913119,4.101641371214474,14.2,2547.512062482221,293.6508564258767,98.54247828650601,50.333562041656705,327.3756031241111,5.503046929913119,4.101641371214474,0.0,0.0,0.0,0.0,0.0,0.0,0.0,0.0,0.0,0.0,0.0,0.0,0.0,0.0,4,NORMAL,0.0,2026-01-01T00:02:00+00:00,False
2026-01-01T00:03:59Z,ENG-DATASET-004,MSN-NORMAL-004,LOITER,8000.0,23.0,0.39001338207111713,0.32998661792888284,2546.839621826525,293.5994142417895,98.32821581390014,50.235826819678785,327.34198109132626,5.501474958081695,4.6849587093160485,14.2,2546.839621826525,293.5994142417895,98.32821581390014,50.235826819678785,327.34198109132626,5.501474958081695,4.6849587093160485,0.0,0.0,0.0,0.0,0.0,0.0,0.0,0.0,0.0,0.0,0.0,0.0,0.0,0.0,4,NORMAL,0.0,2026-01-01T00:02:00+00:00,False
2026-01-01T00:04:00Z,ENG-DATASET-004,MSN-NORMAL-004,DESCENT,5700.0,23.0,0.32035905127721415,0.42964094872278585,2134.2653933262773,325.2392712995556,98.92637601499902,50.180961896556596,306.71326966631386,5.995125168121347,4.556181494189695,14.2,2134.2653933262773,325.2392712995556,98.92637601499902,50.180961896556596,306.71326966631386,5.995125168121347,4.556181494189695,0.0,0.0,0.0,0.0,0.0,0.0,0.0,0.0,0.0,0.0,0.0,0.0,0.0,0.0,4,NORMAL,0.0,2026-01-01T00:02:00+00:00,False
2026-01-01T00:04:01Z,ENG-DATASET-004,MSN-NORMAL-004,DESCENT,5700.0,23.0,0.3211672575744583,0.4288327424255417,2138.71052796112,325.7009130785276,99.4762612404623,50.129578523061916,306.935526398056,6.008462001252858,4.1421153166869935,14.2,2138.71052796112,325.7009130785276,99.4762612404623,50.129578523061916,306.935526398056,6.008462001252858,4.1421153166869935,0.0,0.0,0.0,0.0,0.0,0.0,0.0,0.0,0.0,0.0,0.0,0.0,0.0,0.0,4,NORMAL,0.0,2026-01-01T00:02:00+00:00,False
2026-01-01T00:04:02Z,ENG-DATASET-004,MSN-NORMAL-004,DESCENT,5700.0,23.0,0.3224253891738927,0.4275746108261073,2145.630251758009,326.4198593147485,99.98913159928479,50.082253878773635,307.28151258790047,6.0292309138536035,3.621427619916335,14.2,2145.630251758009,326.4198593147485,99.98913159928479,50.082253878773635,307.28151258790047,6.0292309138536035,3.621427619916335,0.0,0.0,0.0,0.0,0.0,0.0,0.0,0.0,0.0,0.0,0.0,0.0,0.0,0.0,4,NORMAL,0.0,2026-01-01T00:02:00+00:00,False
2026-01-01T00:04:03Z,ENG-DATASET-004,MSN-NORMAL-004,DESCENT,5700.0,23.0,0.3241138133527011,0.4258861866472989,2154.916584741455,327.38528593268654,100.47485058767347,50.03951079379002,307.74582923707277,6.057117378911909,3.7512378633861103,14.2,2154.916584741455,327.38528593268654,100.47485058767347,50.03951079379002,307.74582923707277,6.057117378911909,3.7512378633861103,0.0,0.0,0.0,0.0,0.0,0.0,0.0,0.0,0.0,0.0,0.0,0.0,0.0,0.0,4,NORMAL,0.0,2026-01-01T00:02:00+00:00,False
2026-01-01T00:04:04Z,ENG-DATASET-004,MSN-NORMAL-004,DESCENT,5700.0,23.0,0.32620618281628144,0.42379381718371856,2166.424616791147,328.5826306402963,100.94193129491353,50.00180923071464,308.32123083955736,6.09169841933351,4.360523930360038,14.2,2166.424616791147,328.5826306402963,100.94193129491353,50.00180923071464,308.32123083955736,6.09169841933351,4.360523930360038,0.0,0.0,0.0,0.0,0.0,0.0,0.0,0.0,0.0,0.0,0.0,0.0,0.0,0.0,4,NORMAL,0.0,2026-01-01T00:02:00+00:00,False
2026-01-01T00:04:05Z,ENG-DATASET-004,MSN-NORMAL-004,DESCENT,5700.0,23.0,0.3286698468389655,0.4213301531610345,2179.97476891591,329.9937893968957,101.39758290034457,49.96953876204553,308.9987384457955,6.132448462916229,4.5949079966243795,14.2,2179.97476891591,329.9937893968957,101.39758290034457,49.96953876204553,308.9987384457955,6.132448462916229,4.5949079966243795,0.0,0.0,0.0,0.0,0.0,0.0,0.0,0.0,0.0,0.0,0.0,0.0,0.0,0.0,4,NORMAL,0.0,2026-01-01T00:02:00+00:00,False
2026-01-01T00:04:06Z,ENG-DATASET-004,MSN-NORMAL-004,DESCENT,5700.0,23.0,0.3314663607676731,0.4185336392323269,2195.355595523801,331.59736334389277,101.84775869390744,49.94301215978036,309.7677797761901,6.178746681888005,4.140413639789332,14.2,2195.355595523801,331.59736334389277,101.84775869390744,49.94301215978036,309.7677797761901,6.178746681888005,4.140413639789332,0.0,0.0,0.0,0.0,0.0,0.0,0.0,0.0,0.0,0.0,0.0,0.0,0.0,0.0,4,NORMAL,0.0,2026-01-01T00:02:00+00:00,False
2026-01-01T00:04:07Z,ENG-DATASET-004,MSN-NORMAL-004,DESCENT,5700.0,23.0,0.33455208593786506,0.41544791406213494,2212.3270839598567,333.36895448921985,102.29720668674719,49.922460196717566,310.61635419799285,6.229885754418241,3.6729517152407047,14.2,2212.3270839598567,333.36895448921985,102.29720668674719,49.922460196717566,310.61635419799285,6.229885754418241,3.6729517152407047,0.0,0.0,0.0,0.0,0.0,0.0,0.0,0.0,0.0,0.0,0.0,0.0,0.0,0.0,4,NORMAL,0.0,2026-01-01T00:02:00+00:00,False
2026-01-01T00:04:08Z,ENG-DATASET-004,MSN-NORMAL-004,DESCENT,5700.0,23.0,0.337878870640308,0.412121129359692,2230.6243998232935,335.2815078502803,102.74952371432948,49.908027740047416,311.5312199911647,6.285081967556061,3.889572851924881,14.2,2230.6243998232935,335.2815078502803,102.74952371432948,49.908027740047416,311.5312199911647,6.285081967556061,3.889572851924881,0.0,0.0,0.0,0.0,0.0,0.0,0.0,0.0,0.0,0.0,0.0,0.0,0.0,0.0,4,NORMAL,0.0,2026-01-01T00:02:00+00:00,False
2026-01-01T00:04:09Z,ENG-DATASET-004,MSN-NORMAL-004,DESCENT,5700.0,23.0,0.3413948015123923,0.4086051984876077,2249.962019619757,337.30569707389645,103.20721376974394,49.899771197682426,312.49810098098783,6.343486561052801,4.509393539095701,14.2,2249.962019619757,337.30569707389645,103.20721376974394,49.899771197682426,312.49810098098783,6.343486561052801,4.509393539095701,0.0,0.0,0.0,0.0,0.0,0.0,0.0,0.0,0.0,0.0,0.0,0.0,0.0,0.0,4,NORMAL,0.0,2026-01-01T00:02:00+00:00,False
2026-01-01T00:04:10Z,ENG-DATASET-004,MSN-NORMAL-004,DESCENT,5700.0,23.0,0.3450450136287926,0.4049549863712074,2270.0381862599584,339.41034977113117,103.67175113704783,49.89765735668783,313.5019093129979,6.4041981896874605,4.675551306026769,14.2,2270.0381862599584,339.41034977113117,103.67175113704783,49.89765735668783,313.5019093129979,6.4041981896874605,4.675551306026769,0.0,0.0,0.0,0.0,0.0,0.0,0.0,0.0,0.0,0.0,0.0,0.0,0.0,0.0,4,NORMAL,0.0,2026-01-01T00:02:00+00:00,False
2026-01-01T00:04:11Z,ENG-DATASET-004,MSN-NORMAL-004,DESCENT,5700.0,23.0,0.34877254665027746,0.40122745334972254,2290.539617878125,341.56290794536034,104.14364872197706,49.90156363146914,314.5269808939062,6.466276358451814,4.182324779460188,14.2,2290.539617878125,341.56290794536034,104.14364872197706,49.90156363146914,314.5269808939062,6.466276358451814,4.182324779460188,0.0,0.0,0.0,0.0,0.0,0.0,0.0,0.0,0.0,0.0,0.0,0.0,0.0,0.0,4,NORMAL,0.0,2026-01-01T00:02:00+00:00,False
2026-01-01T00:04:12Z,ENG-DATASET-004,MSN-NORMAL-004,DESCENT,5700.0,23.0,0.3525192336707524,0.3974807663292476,2311.146396490737,343.72991797838733,104.62253179923904,49.91127971739371,315.5573198245369,6.528755660905285,3.7693612011852062,14.2,2311.146396490737,343.72991797838733,104.62253179923904,49.91127971739371,315.5573198245369,6.528755660905285,3.7693612011852062,0.0,0.0,0.0,0.0,0.0,0.0,0.0,0.0,0.0,0.0,0.0,0.0,0.0,0.0,4,NORMAL,0.0,2026-01-01T00:02:00+00:00,False
2026-01-01T00:04:13Z,ENG-DATASET-004,MSN-NORMAL-004,DESCENT,5700.0,23.0,0.3562266088923747,0.3937733911076253,2331.53696020966,345.8775437052737,105.10721721194697,49.92651062361,316.576848010483,6.590660627021196,4.061486684154883,14.2,2331.53696020966,345.8775437052737,105.10721721194697,49.92651062361,316.576848010483,6.590660627021196,4.061486684154883,0.0,0.0,0.0,0.0,0.0,0.0,0.0,0.0,0.0,0.0,0.0,0.0,0.0,0.0,4,NORMAL,0.0,2026-01-01T00:02:00+00:00,False
2026-01-01T00:04:14Z,ENG-DATASET-004,MSN-NORMAL-004,DESCENT,5700.0,23.0,0.3598368199647748,0.3901631800352252,2351.3931211078607,347.9720951950026,105.59579787062734,49.94688103732349,317.569656055393,6.651020963932361,4.673015254396471,14.2,2351.3931211078607,347.9720951950026,105.59579787062734,49.94688103732349,317.569656055393,6.651020963932361,4.673015254396471,0.0,0.0,0.0,0.0,0.0,0.0,0.0,0.0,0.0,0.0,0.0,0.0,0.0,0.0,4,NORMAL,0.0,2026-01-01T00:02:00+00:00,False
2026-01-01T00:04:15Z,ENG-DATASET-004,MSN-NORMAL-004,DESCENT,5700.0,23.0,0.3632935307516341,0.3867064692483659,2370.4050304355874,349.98056500781854,106.08573220876006,49.97194095102803,318.52025152177936,6.708886952289203,4.759799365860911,14.2,2370.4050304355874,349.98056500781854,106.08573220876006,49.97194095102803,318.52025152177936,6.708886952289203,4.759799365860911,0.0,0.0,0.0,0.0,0.0,0.0,0.0,0.0,0.0,0.0,0.0,0.0,0.0,0.0,4,NORMAL,0.0,2026-01-01T00:02:00+00:00,False
2026-01-01T00:04:16Z,ENG-DATASET-004,MSN-NORMAL-004,DESCENT,5700.0,23.0,0.3665428004372507,0.3834571995627493,2388.276013706478,351.87116297099965,106.57393806215904,50.001172464499064,319.4138006853239,6.763344743679681,4.228120565095964,14.2,2388.276013706478,351.87116297099965,106.57393806215904,50.001172464499064,319.4138006853239,6.763344743679681,4.228120565095964,0.0,0.0,0.0,0.0,0.0,0.0,0.0,0.0,0.0,0.0,0.0,0.0,0.0,0.0,4,NORMAL,0.0,2026-01-01T00:02:00+00:00,False
2026-01-01T00:04:17Z,ENG-DATASET-004,MSN-NORMAL-004,DESCENT,5700.0,23.0,0.3695339252549268,0.3804660747450732,2404.727200203696,353.6138399530716,107.05689025476993,50.03399765503902,320.2363600101848,6.813531291935891,3.868479898228701,14.2,2404.727200203696,353.6138399530716,107.05689025476993,50.03399765503902,320.2363600101848,6.813531291935891,3.868479898228701,0.0,0.0,0.0,0.0,0.0,0.0,0.0,0.0,0.0,0.0,0.0,0.0,0.0,0.0,4,NORMAL,0.0,2026-01-01T00:02:00+00:00,False
2026-01-01T00:04:18Z,ENG-DATASET-004,MSN-NORMAL-004,DESCENT,5700.0,23.0,0.3722202297022902,0.3777797702977098,2419.5018746641954,355.1807907691751,107.53072099852231,50.06978739280987,320.97509373320975,6.8586486442932895,4.222617259700041,14.2,2419.5018746641954,355.1807907691751,107.53072099852231,50.06978739280987,320.97509373320975,6.8586486442932895,4.222617259700041,0.0,0.0,0.0,0.0,0.0,0.0,0.0,0.0,0.0,0.0,0.0,0.0,0.0,0.0,4,NORMAL,0.0,2026-01-01T00:02:00+00:00,False
2026-01-01T00:04:19Z,ENG-DATASET-004,MSN-NORMAL-004,DESCENT,5700.0,23.0,0.37455979489689756,0.37544020510310244,2432.3694832345363,356.546926258172,107.99132205512439,50.107870963354294,321.6184741617268,6.897977318237179,4.806960457582874,14.2,2432.3694832345363,356.546926258172,107.99132205512439,50.107870963354294,321.6184741617268,6.897977318237179,4.806960457582874,0.0,0.0,0.0,0.0,0.0,0.0,0.0,0.0,0.0,0.0,0.0,0.0,0.0,0.0,4,NORMAL,0.0,2026-01-01T00:02:00+00:00,False
2026-01-01T00:04:20Z,ENG-DATASET-004,MSN-NORMAL-004,DESCENT,5700.0,23.0,0.3765161127063749,0.3734838872936251,2443.1292311866614,357.69030476618184,108.43444746876649,50.14754634682451,322.1564615593331,6.930888497187091,4.805056045159118,14.2,2443.1292311866614,357.69030476618184,108.43444746876649,50.14754634682451,322.1564615593331,6.930888497187091,4.805056045159118,0.0,0.0,0.0,0.0,0.0,0.0,0.0,0.0,0.0,0.0,0.0,0.0,0.0,0.0,4,NORMAL,0.0,2026-01-01T00:02:00+00:00,False
2026-01-01T00:04:21Z,ENG-DATASET-004,MSN-NORMAL-004,DESCENT,5700.0,23.0,0.37805865544561273,0.37194134455438727,2451.6132162524696,358.5925137701474,108.85581556614353,50.18809099320312,322.5806608126235,6.95685479334217,4.236958934966315,14.2,2451.6132162524696,358.5925137701474,108.85581556614353,50.18809099320312,322.5806608126235,6.95685479334217,4.236958934966315,0.0,0.0,0.0,0.0,0.0,0.0,0.0,0.0,0.0,0.0,0.0,0.0,0.0,0.0,4,NORMAL,0.0,2026-01-01T00:02:00+00:00,False
2026-01-01T00:04:22Z,ENG-DATASET-004,MSN-NORMAL-004,DESCENT,5700.0,23.0,0.379163352251082,0.370836647748918,2457.68904868255,359.2389931826695,109.25120883909592,50.22877292507287,322.8844524341275,6.975459349086448,3.9302298400109343,14.2,2457.68904868255,359.2389931826695,109.25120883909592,50.22877292507287,322.8844524341275,6.975459349086448,3.9302298400109343,0.0,0.0,0.0,0.0,0.0,0.0,0.0,0.0,0.0,0.0,0.0,0.0,0.0,0.0,4,NORMAL,0.0,2026-01-01T00:02:00+00:00,False
2026-01-01T00:04:23Z,ENG-DATASET-004,MSN-NORMAL-004,DESCENT,5700.0,23.0,0.3798129646986088,0.3701870353013912,2461.261917143948,359.6192929836956,109.61657027977873,50.26886199439319,323.06309585719737,6.9864030789860125,4.334096020404196,14.2,2461.261917143948,359.6192929836956,109.61657027977873,50.26886199439319,323.06309585719737,6.9864030789860125,4.334096020404196,0.0,0.0,0.0,0.0,0.0,0.0,0.0,0.0,0.0,0.0,0.0,0.0,0.0,0.0,4,NORMAL,0.0,2026-01-01T00:02:00+00:00,False
2026-01-01T00:04:24Z,ENG-DATASET-004,MSN-NORMAL-004,DESCENT,5700.0,23.0,0.379997355803218,0.370002644196782,2462.276068219298,359.72725919750917,109.94809473173858,50.30764111734931,323.1138034109649,6.98950989185715,4.875701660445523,14.2,2462.276068219298,359.72725919750917,109.94809473173858,50.30764111734931,323.1138034109649,6.98950989185715,4.875701660445523,0.0,0.0,0.0,0.0,0.0,0.0,0.0,0.0,0.0,0.0,0.0,0.0,0.0,0.0,4,NORMAL,0.0,2026-01-01T00:02:00+00:00,False
2026-01-01T00:04:25Z,ENG-DATASET-004,MSN-NORMAL-004,DESCENT,5700.0,23.0,0.3797136482033933,0.3702863517966067,2460.7156764202623,359.5611438315053,110.24231385435235,50.3444173116932,323.0357838210131,6.984729775530006,4.7807346545806455,14.2,2460.7156764202623,359.5611438315053,110.24231385435235,50.3444173116932,323.0357838210131,6.984729775530006,4.7807346545806455,0.0,0.0,0.0,0.0,0.0,0.0,0.0,0.0,0.0,0.0,0.0,0.0,0.0,0.0,4,NORMAL,0.0,2026-01-01T00:02:00+00:00,False
2026-01-01T00:04:26Z,ENG-DATASET-004,MSN-NORMAL-004,DESCENT,5700.0,23.0,0.3789662690613416,0.3710337309386584,2456.605091138978,359.12363615990375,110.49617337291471,50.378532364088095,322.8302545569489,6.972139674337484,4.182739206416729,14.2,2456.605091138978,359.12363615990375,110.49617337291471,50.378532364088095,322.8302545569489,6.972139674337484,4.182739206416729,0.0,0.0,0.0,0.0,0.0,0.0,0.0,0.0,0.0,0.0,0.0,0.0,0.0,0.0,4,NORMAL,0.0,2026-01-01T00:02:00+00:00,False
2026-01-01T00:04:27Z,ENG-DATASET-004,MSN-NORMAL-004,DESCENT,5700.0,23.0,0.37776688097860717,0.37223311902139283,2450.0084566839387,358.4218146043098,110.70710140073099,50.409372960752265,322.5004228341969,6.951942139340034,3.9318295128291845,14.2,2450.0084566839387,358.4218146043098,110.70710140073099,50.409372960752265,322.5004228341969,6.951942139340034,3.9318295128291845,0.0,0.0,0.0,0.0,0.0,0.0,0.0,0.0,0.0,0.0,0.0,0.0,0.0,0.0,4,NORMAL,0.0,2026-01-01T00:02:00+00:00,False
2026-01-01T00:04:28Z,ENG-DATASET-004,MSN-NORMAL-004,DESCENT,5700.0,23.0,0.37613420000507525,0.37386579999492475,2441.028711329513,357.4670203611755,110.87306676968728,50.43638012308246,322.0514355664757,6.924461782018747,4.376855164256389,14.2,2441.028711329513,357.4670203611755,110.87306676968728,50.43638012308246,322.0514355664757,6.924461782018747,4.376855164256389,0.0,0.0,0.0,0.0,0.0,0.0,0.0,0.0,0.0,0.0,0.0,0.0,0.0,0.0,4,NORMAL,0.0,2026-01-01T00:02:00+00:00,False
2026-01-01T00:04:29Z,ENG-DATASET-004,MSN-NORMAL-004,DESCENT,5700.0,23.0,0.37409370358127364,0.37590629641872636,2429.8059809986044,356.2746557792189,110.99262648719903,50.45905780079237,321.49029904993023,6.890139611752884,4.865778600584111,14.2,2429.8059809986044,356.2746557792189,110.99262648719903,50.45905780079237,321.49029904993023,6.890139611752884,4.865778600584111,0.0,0.0,0.0,0.0,0.0,0.0,0.0,0.0,0.0,0.0,0.0,0.0,0.0,0.0,4,NORMAL,0.0,2026-01-01T00:02:00+00:00,False
2026-01-01T00:04:30Z,ENG-DATASET-004,MSN-NORMAL-004,DESCENT,5700.0,23.0,0.371677232971434,0.378322767028566,2416.5153926444864,354.86391222599013,111.06496164412889,50.476980488257205,320.8257696322243,6.849525384032169,4.680059078644225,14.2,2416.5153926444864,354.86391222599013,111.06496164412889,50.476980488257205,320.8257696322243,6.849525384032169,4.680059078644225,0.0,0.0,0.0,0.0,0.0,0.0,0.0,0.0,0.0,0.0,0.0,0.0,0.0,0.0,4,NORMAL,0.0,2026-01-01T00:02:00+00:00,False
2026-01-01T00:04:31Z,ENG-DATASET-004,MSN-NORMAL-004,DESCENT,5700.0,23.0,0.36892249639121344,0.38107750360878656,2401.3643414532735,353.2574337372938,111.08990132314834,50.48979974500653,320.0682170726637,6.803268128399401,4.064370491766744,14.2,2401.3643414532735,353.2574337372938,111.08990132314834,50.48979974500653,320.0682170726637,6.803268128399401,4.064370491766744,0.0,0.0,0.0,0.0,0.0,0.0,0.0,0.0,0.0,0.0,0.0,0.0,0.0,0.0,4,NORMAL,0.0,2026-01-01T00:02:00+00:00,False
2026-01-01T00:04:32Z,ENG-DATASET-004,MSN-NORMAL-004,DESCENT,5700.0,23.0,0.36587248058360067,0.38412751941639933,2384.589254511403,351.4809240621415,111.06793429238704,50.49724951841643,319.22946272557016,6.75210506120004,3.8763970158446988,14.2,2384.589254511403,351.4809240621415,111.06793429238704,50.49724951841643,319.22946272557016,6.75210506120004,3.8763970158446988,0.0,0.0,0.0,0.0,0.0,0.0,0.0,0.0,0.0,0.0,0.0,0.0,0.0,0.0,4,NORMAL,0.0,2026-01-01T00:02:00+00:00,False
2026-01-01T00:04:33Z,ENG-DATASET-004,MSN-NORMAL-004,DESCENT,5700.0,23.0,0.3625747800251694,0.3874252199748306,2366.451901440031,349.5627057590398,111.00020850712433,50.499150185351034,318.32259507200155,6.696849117291872,4.358430613498333,14.2,2366.451901440031,349.5627057590398,111.00020850712433,50.499150185351034,318.32259507200155,6.696849117291872,4.358430613498333,0.0,0.0,0.0,0.0,0.0,0.0,0.0,0.0,0.0,0.0,0.0,0.0,0.0,0.0,4,NORMAL,0.0,2026-01-01T00:02:00+00:00,False
2026-01-01T00:04:34Z,ENG-DATASET-004,MSN-NORMAL-004,DESCENT,5700.0,23.0,0.35908085423018943,0.39091914576981057,2347.2353095676413,347.53324074192176,110.88851867495994,50.4954112495016,317.36176547838204,6.638375356280102,4.790666773801036,14.2,2347.2353095676413,347.53324074192176,110.88851867495994,50.4954112495016,317.36176547838204,6.638375356280102,4.790666773801036,0.0,0.0,0.0,0.0,0.0,0.0,0.0,0.0,0.0,0.0,0.0,0.0,0.0,0.0,4,NORMAL,0.0,2026-01-01T00:02:00+00:00,False
2026-01-01T00:04:35Z,ENG-DATASET-004,MSN-NORMAL-004,DESCENT,5700.0,23.0,0.35544522474211765,0.39455477525788235,2327.2393473832467,345.42462210735175,110.73528236014774,50.48603265215609,316.36196736916236,6.577606512330056,4.522906653927783,14.2,2327.2393473832467,345.42462210735175,110.73528236014774,50.48603265215609,316.36196736916236,6.577606512330056,4.522906653927783,0.0,0.0,0.0,0.0,0.0,0.0,0.0,0.0,0.0,0.0,0.0,0.0,0.0,0.0,4,NORMAL,0.0,2026-01-01T00:02:00+00:00,False
2026-01-01T00:04:36Z,ENG-DATASET-004,MSN-NORMAL-004,DESCENT,5700.0,23.0,0.3517246243431477,0.3982753756568523,2306.776045188911,343.27004720590935,110.5435053042807,50.471104675776104,315.3388022594456,6.515497962297859,3.9065639959231193,14.2,2306.776045188911,343.27004720590935,110.5435053042807,50.471104675776104,315.3388022594456,6.515497962297859,3.9065639959231193,0.0,0.0,0.0,0.0,0.0,0.0,0.0,0.0,0.0,0.0,0.0,0.0,0.0,0.0,4,NORMAL,0.0,2026-01-01T00:02:00+00:00,False
2026-01-01T00:04:37Z,ENG-DATASET-004,MSN-NORMAL-004,DESCENT,5700.0,23.0,0.34797711175811846,0.40202288824188154,2286.164725971251,341.1032817713575,110.31673681813656,50.450806441723564,314.3082362985625,6.453022385289499,3.7917056876169495,14.2,2286.164725971251,341.1032817713575,110.31673681813656,50.450806441723564,314.3082362985625,6.453022385289499,3.7917056876169495,0.0,0.0,0.0,0.0,0.0,0.0,0.0,0.0,0.0,0.0,0.0,0.0,0.0,0.0,4,NORMAL,0.0,2026-01-01T00:02:00+00:00,False
2026-01-01T00:04:38Z,ENG-DATASET-004,MSN-NORMAL-004,DESCENT,5700.0,23.0,0.34426116566753134,0.40573883433246866,2265.727022473022,338.95812452467237,110.05901624943971,50.42540302542391,313.2863511236511,6.391154378587713,4.309695857680409,14.2,2265.727022473022,338.95812452467237,110.05901624943971,50.42540302542391,313.2863511236511,6.391154378587713,4.309695857680409,0.0,0.0,0.0,0.0,0.0,0.0,0.0,0.0,0.0,0.0,0.0,0.0,0.0,0.0,4,NORMAL,0.0,2026-01-01T00:02:00+00:00,False
2026-01-01T00:04:39Z,ENG-DATASET-004,MSN-NORMAL-004,LANDING,4000.0,23.0,0.24063477216729953,0.5593652278327005,1654.113451580735,324.0985388219895,109.45557809504547,50.35692994241739,282.7056725790368,5.60969873450563,4.098009007733513,14.2,1654.113451580735,324.0985388219895,109.45557809504547,50.35692994241739,282.7056725790368,5.60969873450563,4.098009007733513,0.0,0.0,0.0,0.0,0.0,0.0,0.0,0.0,0.0,0.0,0.0,0.0,0.0,0.0,4,NORMAL,0.0,2026-01-01T00:02:00+00:00,False
2026-01-01T00:04:40Z,ENG-DATASET-004,MSN-NORMAL-004,LANDING,4000.0,23.0,0.23715451991511546,0.5628454800848846,1634.9720641937226,321.66438354950407,108.85162987427853,50.28498104656651,281.74860320968617,5.5414578667676055,3.761110421482593,14.2,1634.9720641937226,321.66438354950407,108.85162987427853,50.28498104656651,281.74860320968617,5.5414578667676055,3.761110421482593,0.0,0.0,0.0,0.0,0.0,0.0,0.0,0.0,0.0,0.0,0.0,0.0,0.0,0.0,4,NORMAL,0.0,2026-01-01T00:02:00+00:00,False
2026-01-01T00:04:41Z,ENG-DATASET-004,MSN-NORMAL-004,LANDING,4000.0,23.0,0.233874717083374,0.566125282916626,1616.9331486191445,319.37351735268396,108.25080482066778,50.210053315778694,280.84665743095724,5.477222292438352,3.1633403553800465,14.2,1616.9331486191445,319.37351735268396,108.25080482066778,50.210053315778694,280.84665743095724,5.477222292438352,3.1633403553800465,0.0,0.0,0.0,0.0,0.0,0.0,0.0,0.0,0.0,0.0,0.0,0.0,0.0,0.0,4,NORMAL,0.0,2026-01-01T00:02:00+00:00,False
2026-01-01T00:04:42Z,ENG-DATASET-004,MSN-NORMAL-004,LANDING,4000.0,23.0,0.230846543898306,0.569153456101694,1600.2781961012702,317.26106705844234,107.65725101506206,50.1327152421062,280.0139098050635,5.417979333509109,3.1320612064271036,14.2,1600.2781961012702,317.26106705844234,107.65725101506206,50.1327152421062,280.0139098050635,5.417979333509109,3.1320612064271036,0.0,0.0,0.0,0.0,0.0,0.0,0.0,0.0,0.0,0.0,0.0,0.0,0.0,0.0,4,NORMAL,0.0,2026-01-01T00:02:00+00:00,False
2026-01-01T00:04:43Z,ENG-DATASET-004,MSN-NORMAL-004,LANDING,4000.0,23.0,0.2281172539896657,0.5718827460103344,1585.267101603749,315.3593009429279,107.07550843712905,50.05359695940089,279.26335508018747,5.364636600818582,3.6852662471948903,14.2,1585.267101603749,315.3593009429279,107.07550843712905,50.05359695940089,279.26335508018747,5.364636600818582,3.6852662471948903,0.0,0.0,0.0,0.0,0.0,0.0,0.0,0.0,0.0,0.0,0.0,0.0,0.0,0.0,4,NORMAL,0.0,2026-01-01T00:02:00+00:00,False
2026-01-01T00:04:44Z,ENG-DATASET-004,MSN-NORMAL-004,LANDING,4000.0,23.0,0.22572943701364281,0.5742705629863573,1572.1341082356228,313.697168271206,106.51038680019629,49.97337944911804,278.60670541178115,5.318008874581074,4.006219613641036,14.2,1572.1341082356228,313.697168271206,106.51038680019629,49.97337944911804,278.60670541178115,5.318008874581074,4.006219613641036,0.0,0.0,0.0,0.0,0.0,0.0,0.0,0.0,0.0,0.0,0.0,0.0,0.0,0.0,4,NORMAL,0.0,2026-01-01T00:02:00+00:00,False
2026-01-01T00:04:45Z,ENG-DATASET-004,MSN-NORMAL-004,LANDING,4000.0,23.0,0.2237203540555221,0.576279645944478,1561.0841519659593,312.2998923941112,105.96684543002944,49.892782991107005,278.054207598298,5.278806476264986,3.613951076445593,14.2,1561.0841519659593,312.2998923941112,105.96684543002944,49.892782991107005,278.054207598298,5.278806476264986,3.613951076445593,0.0,0.0,0.0,0.0,0.0,0.0,0.0,0.0,0.0,0.0,0.0,0.0,0.0,0.0,4,NORMAL,0.0,2026-01-01T00:02:00+00:00,False
2026-01-01T00:04:46Z,ENG-DATASET-004,MSN-NORMAL-004,LANDING,4000.0,23.0,0.22212135618290982,0.5778786438170902,1552.2896636665914,311.18862101552395,105.4498764124146,49.81255503807246,277.6144831833296,5.247625246987501,3.0526603768802985,14.2,1552.2896636665914,311.18862101552395,105.4498764124146,49.81255503807246,277.6144831833296,5.247625246987501,3.0526603768802985,0.0,0.0,0.0,0.0,0.0,0.0,0.0,0.0,0.0,0.0,0.0,0.0,0.0,0.0,4,NORMAL,0.0,2026-01-01T00:02:00+00:00,False
2026-01-01T00:04:47Z,ENG-DATASET-004,MSN-NORMAL-004,LANDING,4000.0,23.0,0.22095739522280947,0.5790426047771906,1545.8878783860396,310.3801364295971,104.96439218191307,49.733457701444834,277.29439391930197,5.224938224421177,3.112333186937815,14.2,1545.8878783860396,310.3801364295971,104.96439218191307,49.733457701444834,277.29439391930197,5.224938224421177,3.112333186937815,0.0,0.0,0.0,0.0,0.0,0.0,0.0,0.0,0.0,0.0,0.0,0.0,0.0,0.0,4,NORMAL,0.0,2026-01-01T00:02:00+00:00,False
2026-01-01T00:04:48Z,ENG-DATASET-004,MSN-NORMAL-004,LANDING,4000.0,23.0,0.22024663439670653,0.5797533656032935,1541.9786938424738,309.88662782569327,104.51511865936409,49.65625504252141,277.0989346921237,5.211089089373328,3.6971688804351333,14.2,1541.9786938424738,309.88662782569327,104.51511865936409,49.65625504252141,277.0989346921237,5.211089089373328,3.6971688804351333,0.0,0.0,0.0,0.0,0.0,0.0,0.0,0.0,0.0,0.0,0.0,0.0,0.0,0.0,4,NORMAL,0.0,2026-01-01T00:02:00+00:00,False
2026-01-01T00:04:49Z,ENG-DATASET-004,MSN-NORMAL-004,LANDING,4000.0,23.0,0.22000016488957225,0.5799998351104277,1540.623111553235,309.71552716434087,104.10649497253621,49.58170036583504,277.03115557766176,5.2062874346461685,3.962992621482026,14.2,1540.623111553235,309.71552716434087,104.10649497253621,49.58170036583504,277.03115557766176,5.2062874346461685,3.962992621482026,0.0,0.0,0.0,0.0,0.0,0.0,0.0,0.0,0.0,0.0,0.0,0.0,0.0,0.0,4,NORMAL,0.0,2026-01-01T00:02:00+00:00,False
2026-01-01T00:04:50Z,ENG-DATASET-004,MSN-NORMAL-004,LANDING,4000.0,23.0,0.22022183277563162,0.5797781672243685,1541.8422849265614,309.8694096267302,103.74258071595085,49.51052371172695,277.0921142463281,5.210605892249265,3.526782309764228,14.2,1541.8422849265614,309.8694096267302,103.74258071595085,49.51052371172695,277.0921142463281,5.210605892249265,3.526782309764228,0.0,0.0,0.0,0.0,0.0,0.0,0.0,0.0,0.0,0.0,0.0,0.0,0.0,0.0,4,NORMAL,0.0,2026-01-01T00:02:00+00:00,False
2026-01-01T00:04:51Z,ENG-DATASET-004,MSN-NORMAL-004,LANDING,4000.0,23.0,0.2209081790016614,0.5790918209983387,1545.6171891697252,310.3459592121654,103.4269716246599,49.44341974204394,277.28085945848625,5.223979140076263,3.0154490725609175,14.2,1545.6171891697252,310.3459592121654,103.4269716246599,49.44341974204394,277.28085945848625,5.223979140076263,3.0154490725609175,0.0,0.0,0.0,0.0,0.0,0.0,0.0,0.0,0.0,0.0,0.0,0.0,0.0,0.0,4,NORMAL,0.0,2026-01-01T00:02:00+00:00,False
2026-01-01T00:04:52Z,ENG-DATASET-004,MSN-NORMAL-004,LANDING,4000.0,23.0,0.22204849336435883,0.5779515066356412,1551.8889181645611,311.13799967601,103.16272445409416,49.38103620679593,277.59444590822807,5.246204795205656,3.1676463353225404,14.2,1551.8889181645611,311.13799967601,103.16272445409416,49.38103620679593,277.59444590822807,5.246204795205656,3.1676463353225404,0.0,0.0,0.0,0.0,0.0,0.0,0.0,0.0,0.0,0.0,0.0,0.0,0.0,0.0,4,NORMAL,0.0,2026-01-01T00:02:00+00:00,False
2026-01-01T00:04:53Z,ENG-DATASET-004,MSN-NORMAL-004,LANDING,4000.0,23.0,0.22362498163948205,0.576375018360518,1560.5596036777388,312.233590635119,102.95229177456272,49.323963170591995,278.02798018388694,5.276946187390069,3.775424203708049,14.2,1560.5596036777388,312.233590635119,102.95229177456272,49.323963170591995,278.02798018388694,5.276946187390069,3.775424203708049,0.0,0.0,0.0,0.0,0.0,0.0,0.0,0.0,0.0,0.0,0.0,0.0,0.0,0.0,4,NORMAL,0.0,2026-01-01T00:02:00+00:00,False
2026-01-01T00:04:54Z,ENG-DATASET-004,MSN-NORMAL-004,LANDING,4000.0,23.0,0.22561304325476791,0.5743869567452321,1571.4939425618113,313.61618828750557,102.79746730429409,49.27272316586351,278.5746971280906,5.315736992382027,3.9819966112851692,14.2,1571.4939425618113,313.61618828750557,102.79746730429409,49.27272316586351,278.5746971280906,5.315736992382027,3.9819966112851692,0.0,0.0,0.0,0.0,0.0,0.0,0.0,0.0,0.0,0.0,0.0,0.0,0.0,0.0,4,NORMAL,0.0,2026-01-01T00:02:00+00:00,False
2026-01-01T00:04:55Z,ENG-DATASET-004,MSN-NORMAL-004,LANDING,4000.0,23.0,0.22798165517363428,0.5720183448263658,1584.5213081155762,315.2648697680433,102.69934231806576,49.227762425464995,279.2260654057788,5.3619876898532715,3.509019956508703,14.2,1584.5213081155762,315.2648697680433,102.69934231806576,49.227762425464995,279.2260654057788,5.3619876898532715,3.509019956508703,0.0,0.0,0.0,0.0,0.0,0.0,0.0,0.0,0.0,0.0,0.0,0.0,0.0,0.0,4,NORMAL,0.0,2026-01-01T00:02:00+00:00,False
2026-01-01T00:04:56Z,ENG-DATASET-004,MSN-NORMAL-004,LANDING,4000.0,23.0,0.23069385599929002,0.56930614400071,1599.4384126566827,317.1546196656624,102.65827357790074,49.18944333044252,279.97192063283416,5.414993794224426,3.055094435635763,14.2,1599.4384126566827,317.1546196656624,102.65827357790074,49.18944333044252,279.97192063283416,5.414993794224426,3.055094435635763,0.0,0.0,0.0,0.0,0.0,0.0,0.0,0.0,0.0,0.0,0.0,0.0,0.0,0.0,4,NORMAL,0.0,2026-01-01T00:02:00+00:00,False
2026-01-01T00:04:57Z,ENG-DATASET-004,MSN-NORMAL-004,LANDING,4000.0,23.0,0.23370732274496983,0.5662926772550302,1616.012479757922,319.256676638418,102.67386313607112,49.15803818983824,280.8006239878961,5.473945788284028,3.294569211318682,14.2,1616.012479757922,319.256676638418,102.67386313607112,49.15803818983824,280.8006239878961,5.473945788284028,3.294569211318682,0.0,0.0,0.0,0.0,0.0,0.0,0.0,0.0,0.0,0.0,0.0,0.0,0.0,0.0,4,NORMAL,0.0,2026-01-01T00:02:00+00:00,False
2026-01-01T00:04:58Z,ENG-DATASET-004,MSN-NORMAL-004,LANDING,4000.0,23.0,0.2369750312699874,0.5630249687300126,1633.9848766455186,321.53893736695085,102.74495025663778,49.13372444865279,281.69924383227595,5.537940668765733,3.9110439600641422,14.2,1633.9848766455186,321.53893736695085,102.74495025663778,49.13372444865279,281.69924383227595,5.537940668765733,3.9110439600641422,0.0,0.0,0.0,0.0,0.0,0.0,0.0,0.0,0.0,0.0,0.0,0.0,0.0,0.0,4,NORMAL,0.0,2026-01-01T00:02:00+00:00,False
2026-01-01T00:04:59Z,ENG-DATASET-004,MSN-NORMAL-004,LANDING,4000.0,23.0,0.24044599007572326,0.5595540099242767,1653.0751500770655,323.9664142790216,102.86961558794954,49.1165813978393,282.6537575038533,5.605994990003661,4.050251426330839,14.2,1653.0751500770655,323.9664142790216,102.86961558794954,49.1165813978393,282.6537575038533,5.605994990003661,4.050251426330839,0.0,0.0,0.0,0.0,0.0,0.0,0.0,0.0,0.0,0.0,0.0,0.0,0.0,0.0,4,NORMAL,0.0,2026-01-01T00:02:00+00:00,False
2026-01-01T00:05:00Z,ENG-DATASET-004,MSN-NORMAL-004,TAKEOFF,4000.0,23.0,0.8940660360109062,0.7559339639890938,5122.985402720571,905.0691177571466,117.50938197308325,50.69944557965688,456.1492701360286,18.95388521604521,9.118493684183555,14.2,5122.985402720571,905.0691177571466,117.50938197308325,50.69944557965688,456.1492701360286,18.95388521604521,9.118493684183555,0.0,0.0,0.0,0.0,0.0,0.0,0.0,0.0,0.0,0.0,0.0,0.0,0.0,0.0,4,NORMAL,0.0,2026-01-01T00:02:00+00:00,False
