timestamp,engineId,missionId,missionPhase,altitude,ambientTemperature,throttle,load,rpm,egt,cht,oilTemperature,oilPressure,fuelFlow,vibration,batteryVoltage,expectedRpm,expectedEgt,expectedCht,expectedOilTemperature,expectedOilPressure,expectedFuelFlow,expectedVibration,rpmResidual,egtResidual,chtResidual,oilTemperatureResidual,oilPressureResidual,fuelFlowResidual,vibrationResidual,normalizedRpmResidual,normalizedEgtResidual,normalizedChtResidual,normalizedOilTemperatureResidual,normalizedOilPressureResidual,normalizedFuelFlowResidual,normalizedVibrationResidual,runId,faultType,faultSeverity,faultStartTime,faultActive
2026-01-01T00:00:01Z,ENG-DATASET-000,MSN-INJECTOR_DEGRADATION-000,TAKEOFF,500.0,10.0,0.9037402420015569,0.7462597579984431,5283.09261046026,1115.5329722968067,46.88832430742017,18.387488926357058,464.15463052301305,31.171182376542873,9.536865453801068,14.2,5283.09261046026,1115.5329722968067,46.88832430742017,18.387488926357058,464.15463052301305,31.171182376542873,9.536865453801068,0.0,0.0,0.0,0.0,0.0,0.0,0.0,0.0,0.0,0.0,0.0,0.0,0.0,0.0,0,INJECTOR_DEGRADATION,0.0,2026-01-01T00:02:00+00:00,False
2026-01-01T00:00:02Z,ENG-DATASET-000,MSN-INJECTOR_DEGRADATION-000,TAKEOFF,500.0,10.0,0.9074221187776357,0.7425778812223643,5303.342932728694,1119.6894851102556,71.19172900443455,21.64824466893621,465.1671466364347,31.312389725115096,9.008608306799909,14.2,5303.342932728694,1119.6894851102556,71.19172900443455,21.64824466893621,465.1671466364347,31.312389725115096,9.008608306799909,0.0,0.0,0.0,0.0,0.0,0.0,0.0,0.0,0.0,0.0,0.0,0.0,0.0,0.0,0,INJECTOR_DEGRADATION,0.0,2026-01-01T00:02:00+00:00,False
2026-01-01T00:00:03Z,ENG-DATASET-000,MSN-INJECTOR_DEGRADATION-000,TAKEOFF,500.0,10.0,0.9109881758725814,0.7390118241274186,5322.956246750895,1123.721290695219,93.16558837137157,24.78706079394302,466.14781233754474,31.449342223298576,9.097915438512377,14.2,5322.956246750895,1123.721290695219,93.16558837137157,24.78706079394302,466.14781233754474,31.449342223298576,9.097915438512377,0.0,0.0,0.0,0.0,0.0,0.0,0.0,0.0,0.0,0.0,0.0,0.0,0.0,0.0,0,INJECTOR_DEGRADATION,0.0,2026-01-01T00:02:00+00:00,False
2026-01-01T00:00:04Z,ENG-DATASET-000,MSN-INJECTOR_DEGRADATION-000,TAKEOFF,500.0,10.0,0.9143827661581261,0.7356172338418739,5341.626493321391,1127.5647703422144,113.03814879278977,27.808406631772282,467.0813246660695,31.57988098829462,9.70842217260372,14.2,5341.626493321391,1127.5647703422144,113.03814879278977,27.808406631772282,467.0813246660695,31.57988098829462,9.70842217260372,0.0,0.0,0.0,0.0,0.0,0.0,0.0,0.0,0.0,0.0,0.0,0.0,0.0,0.0,0,INJECTOR_DEGRADATION,0.0,2026-01-01T00:02:00+00:00,False
2026-01-01T00:00:05Z,ENG-DATASET-000,MSN-INJECTOR_DEGRADATION-000,TAKEOFF,500.0,10.0,0.9175529181882139,0.7324470818117861,5359.062329486874,1131.159017549825,131.0133093522564,30.716446617112393,467.9531164743437,31.701940208175117,9.995535235548072,14.2,5359.062329486874,1131.159017549825,131.0133093522564,30.716446617112393,467.9531164743437,31.701940208175117,9.995535235548072,0.0,0.0,0.0,0.0,0.0,0.0,0.0,0.0,0.0,0.0,0.0,0.0,0.0,0.0,0,INJECTOR_DEGRADATION,0.0,2026-01-01T00:02:00+00:00,False
2026-01-01T00:00:06Z,ENG-DATASET-000,MSN-INJECTOR_DEGRADATION-000,TAKEOFF,500.0,10.0,0.9204491628007,0.7295508371993,5374.991674855547,1134.4468460067783,147.27314956720022,33.51506082354482,468.74958374277736,31.81358115991774,9.575991804225273,14.2,5374.991674855547,1134.4468460067783,147.27314956720022,33.51506082354482,468.74958374277736,31.81358115991774,9.575991804225273,0.0,0.0,0.0,0.0,0.0,0.0,0.0,0.0,0.0,0.0,0.0,0.0,0.0,0.0,0,INJECTOR_DEGRADATION,0.0,2026-01-01T00:02:00+00:00,False
2026-01-01T00:00:07Z,ENG-DATASET-000,MSN-INJECTOR_DEGRADATION-000,TAKEOFF,500.0,10.0,0.9230263050670808,0.7269736949329192,5389.165957320642,1137.375750421596,161.9802283710201,36.207866514735144,469.45829786603207,31.913024581680613,9.076512678927147,14.2,5389.165957320642,1137.375750421596,161.9802283710201,36.207866514735144,469.45829786603207,31.913024581680613,9.076512678927147,0.0,0.0,0.0,0.0,0.0,0.0,0.0,0.0,0.0,0.0,0.0,0.0,0.0,0.0,0,INJECTOR_DEGRADATION,0.0,2026-01-01T00:02:00+00:00,False
2026-01-01T00:00:08Z,ENG-DATASET-000,MSN-INJECTOR_DEGRADATION-000,TAKEOFF,500.0,10.0,0.925244129544237,0.7247558704557631,5401.363991945001,1139.8988009365266,175.27967555733125,38.79824051274727,470.06819959725004,31.998680761979283,9.235514388915414,14.2,5401.363991945001,1139.8988009365266,175.27967555733125,38.79824051274727,470.06819959725004,31.998680761979283,9.235514388915414,0.0,0.0,0.0,0.0,0.0,0.0,0.0,0.0,0.0,0.0,0.0,0.0,0.0,0.0,0,INJECTOR_DEGRADATION,0.0,2026-01-01T00:02:00+00:00,False
2026-01-01T00:00:09Z,ENG-DATASET-000,MSN-INJECTOR_DEGRADATION-000,TAKEOFF,500.0,10.0,0.9270680278229729,0.7229319721770271,5411.395432478048,1141.975452433303,187.3010943124307,41.289342165788284,470.5697716239024,32.06917672964342,9.844841650988792,14.2,5411.395432478048,1141.975452433303,187.3010943124307,41.289342165788284,470.5697716239024,32.06917672964342,9.844841650988792,0.0,0.0,0.0,0.0,0.0,0.0,0.0,0.0,0.0,0.0,0.0,0.0,0.0,0.0,0,INJECTOR_DEGRADATION,0.0,2026-01-01T00:02:00+00:00,False
2026-01-01T00:00:10Z,ENG-DATASET-000,MSN-INJECTOR_DEGRADATION-000,TAKEOFF,500.0,10.0,0.9284695385806676,0.7215304614193324,5419.103741645369,1143.5722512042582,198.16029116129408,43.68413668308312,470.9551870822685,32.1233799686546,10.047679854714854,14.2,5419.103741645369,1143.5722512042582,198.16029116129408,43.68413668308312,470.9551870822685,32.1233799686546,10.047679854714854,0.0,0.0,0.0,0.0,0.0,0.0,0.0,0.0,0.0,0.0,0.0,0.0,0.0,0.0,0,INJECTOR_DEGRADATION,0.0,2026-01-01T00:02:00+00:00,False
2026-01-01T00:00:11Z,ENG-DATASET-000,MSN-INJECTOR_DEGRADATION-000,TAKEOFF,500.0,10.0,0.9294267917106946,0.7205732082893054,5424.3686338605185,1144.6634232218898,207.96084762571192,45.98541859380527,471.21843169302593,32.1604181410845,9.565840400219008,14.2,5424.3686338605185,1144.6634232218898,207.96084762571192,45.98541859380527,471.21843169302593,32.1604181410845,9.565840400219008,0.0,0.0,0.0,0.0,0.0,0.0,0.0,0.0,0.0,0.0,0.0,0.0,0.0,0.0,0,INJECTOR_DEGRADATION,0.0,2026-01-01T00:02:00+00:00,False
2026-01-01T00:00:12Z,ENG-DATASET-000,MSN-INJECTOR_DEGRADATION-000,TAKEOFF,500.0,10.0,0.9299248495981216,0.7200751504018784,5427.107952241366,1145.2313305598898,216.79554612713798,48.19583508021146,471.3553976120683,32.1796943782664,9.098121028679241,14.2,5427.107952241366,1145.2313305598898,216.79554612713798,48.19583508021146,471.3553976120683,32.1796943782664,9.098121028679241,0.0,0.0,0.0,0.0,0.0,0.0,0.0,0.0,0.0,0.0,0.0,0.0,0.0,0.0,0,INJECTOR_DEGRADATION,0.0,2026-01-01T00:02:00+00:00,False
2026-01-01T00:00:13Z,ENG-DATASET-000,MSN-INJECTOR_DEGRADATION-000,TAKEOFF,500.0,10.0,0.929955940216195,0.720044059783805,5427.27895064077,1145.2667853348885,224.7476611477964,50.31790893244253,471.3639475320385,32.18089779297805,9.319023031011373,14.2,5427.27895064077,1145.2667853348885,224.7476611477964,50.31790893244253,471.3639475320385,32.18089779297805,9.319023031011373,0.0,0.0,0.0,0.0,0.0,0.0,0.0,0.0,0.0,0.0,0.0,0.0,0.0,0.0,0,INJECTOR_DEGRADATION,0.0,2026-01-01T00:02:00+00:00,False
2026-01-01T00:00:14Z,ENG-DATASET-000,MSN-INJECTOR_DEGRADATION-000,TAKEOFF,500.0,10.0,0.9295195784062181,0.7204804215937819,5424.878960685897,1144.7692137579122,231.89212537696457,52.354060873893935,471.2439480342949,32.16400897083325,9.912340852136293,14.2,5424.878960685897,1144.7692137579122,231.89212537696457,52.354060873893935,471.2439480342949,32.16400897083325,9.912340852136293,0.0,0.0,0.0,0.0,0.0,0.0,0.0,0.0,0.0,0.0,0.0,0.0,0.0,0.0,0,INJECTOR_DEGRADATION,0.0,2026-01-01T00:02:00+00:00,False
2026-01-01T00:00:15Z,ENG-DATASET-000,MSN-INJECTOR_DEGRADATION-000,TAKEOFF,500.0,10.0,0.9286225734482908,0.7213774265517092,5419.945433417297,1143.7466663911705,238.29657949904737,54.306631011596984,470.99727167086485,32.1293003135728,10.024177786617608,14.2,5419.945433417297,1143.7466663911705,238.29657949904737,54.306631011596984,470.99727167086485,32.1293003135728,10.024177786617608,0.0,0.0,0.0,0.0,0.0,0.0,0.0,0.0,0.0,0.0,0.0,0.0,0.0,0.0,0,INJECTOR_DEGRADATION,0.0,2026-01-01T00:02:00+00:00,False
2026-01-01T00:00:16Z,ENG-DATASET-000,MSN-INJECTOR_DEGRADATION-000,TAKEOFF,500.0,10.0,0.9272789228047704,0.7227210771952296,5412.555354877935,1142.2156743653497,244.02231340827637,56.177899175593055,470.62776774389675,32.07733122627391,9.4863632859935,14.2,5412.555354877935,1142.2156743653497,244.02231340827637,56.177899175593055,470.62776774389675,32.07733122627391,9.4863632859935,0.0,0.0,0.0,0.0,0.0,0.0,0.0,0.0,0.0,0.0,0.0,0.0,0.0,0.0,0,INJECTOR_DEGRADATION,0.0,2026-01-01T00:02:00+00:00,False
2026-01-01T00:00:17Z,ENG-DATASET-000,MSN-INJECTOR_DEGRADATION-000,TAKEOFF,500.0,10.0,0.9255095936945535,0.7244904063054465,5402.824044771742,1140.2009549817576,249.12510594199267,57.97010392467162,470.1412022385871,32.00893826012877,9.057510776320086,14.2,5402.824044771742,1140.2009549817576,249.12510594199267,57.97010392467162,470.1412022385871,32.00893826012877,9.057510776320086,0.0,0.0,0.0,0.0,0.0,0.0,0.0,0.0,0.0,0.0,0.0,0.0,0.0,0.0,0,INJECTOR_DEGRADATION,0.0,2026-01-01T00:02:00+00:00,False
2026-01-01T00:00:18Z,ENG-DATASET-000,MSN-INJECTOR_DEGRADATION-000,TAKEOFF,500.0,10.0,0.9233421959066377,0.7266578040933623,5390.9033569382045,1137.734973658602,253.65596968925846,59.68546001286343,469.54516784691026,31.925220437831772,9.336356391004616,14.2,5390.9033569382045,1137.734973658602,253.65596968925846,59.68546001286343,469.54516784691026,31.925220437831772,9.336356391004616,0.0,0.0,0.0,0.0,0.0,0.0,0.0,0.0,0.0,0.0,0.0,0.0,0.0,0.0,0,INJECTOR_DEGRADATION,0.0,2026-01-01T00:02:00+00:00,False
2026-01-01T00:00:19Z,ENG-DATASET-000,MSN-INJECTOR_DEGRADATION-000,TAKEOFF,500.0,10.0,0.9208105509585982,0.7291894490414018,5376.979309723988,1134.8573724456687,257.6618070314743,61.32617413146081,468.8489654861994,31.827520095465513,9.904208835666534,14.2,5376.979309723988,1134.8573724456687,257.6618070314743,61.32617413146081,468.8489654861994,31.827520095465513,9.904208835666534,0.0,0.0,0.0,0.0,0.0,0.0,0.0,0.0,0.0,0.0,0.0,0.0,0.0,0.0,0,INJECTOR_DEGRADATION,0.0,2026-01-01T00:02:00+00:00,False
2026-01-01T00:00:20Z,ENG-DATASET-000,MSN-INJECTOR_DEGRADATION-000,TAKEOFF,500.0,10.0,0.9179541643231187,0.7320458356768813,5361.26918322885,1131.6142782073669,261.18598328351106,62.89445876475363,468.0634591614425,31.71739966930449,9.925097748517373,14.2,5361.26918322885,1131.6142782073669,261.18598328351106,62.89445876475363,468.0634591614425,31.71739966930449,9.925097748517373,0.0,0.0,0.0,0.0,0.0,0.0,0.0,0.0,0.0,0.0,0.0,0.0,0.0,0.0,0,INJECTOR_DEGRADATION,0.0,2026-01-01T00:02:00+00:00,False
2026-01-01T00:00:21Z,ENG-DATASET-000,MSN-INJECTOR_DEGRADATION-000,TAKEOFF,500.0,10.0,0.9148176089583027,0.7351823910416974,5344.018128722362,1128.0575059642908,264.26882260426726,64.39254402375089,467.20090643611815,31.596614935096966,9.343797952186902,14.2,5344.018128722362,1128.0575059642908,264.26882260426726,64.39254402375089,467.20090643611815,31.596614935096966,9.343797952186902,0.0,0.0,0.0,0.0,0.0,0.0,0.0,0.0,0.0,0.0,0.0,0.0,0.0,0.0,0,INJECTOR_DEGRADATION,0.0,2026-01-01T00:02:00+00:00,False
2026-01-01T00:00:22Z,ENG-DATASET-000,MSN-INJECTOR_DEGRADATION-000,TAKEOFF,500.0,10.0,0.91144982976157,0.7385501702384301,5325.495343140332,1124.2436747199438,266.9480322118391,65.82268735049128,466.2747671570166,31.4670852689494,8.965343988482001,14.2,5325.495343140332,1124.2436747199438,266.9480322118391,65.82268735049128,466.2747671570166,31.4670852689494,8.965343988482001,0.0,0.0,0.0,0.0,0.0,0.0,0.0,0.0,0.0,0.0,0.0,0.0,0.0,0.0,0,INJECTOR_DEGRADATION,0.0,2026-01-01T00:02:00+00:00,False
2026-01-01T00:00:23Z,ENG-DATASET-000,MSN-INJECTOR_DEGRADATION-000,TAKEOFF,500.0,10.0,0.9079033798009026,0.7420966201990974,5305.989868356662,1120.2332543448642,269.2590603492768,67.18718101568427,465.2994934178331,31.33086154169872,9.302110239733482,14.2,5305.989868356662,1120.2332543448642,269.2590603492768,67.18718101568427,465.2994934178331,31.33086154169872,9.302110239733482,0.0,0.0,0.0,0.0,0.0,0.0,0.0,0.0,0.0,0.0,0.0,0.0,0.0,0.0,0,INJECTOR_DEGRADATION,0.0,2026-01-01T00:02:00+00:00,False
2026-01-01T00:00:24Z,ENG-DATASET-000,MSN-INJECTOR_DEGRADATION-000,TAKEOFF,500.0,10.0,0.904233600241796,0.745766399758204,5285.8060807815755,1116.0895627392008,271.23539338282916,68.48835736389071,464.29030403907876,31.19009228236743,9.840210084685879,14.2,5285.8060807815755,1116.0895627392008,271.23539338282916,68.48835736389071,464.29030403907876,31.19009228236743,9.840210084685879,0.0,0.0,0.0,0.0,0.0,0.0,0.0,0.0,0.0,0.0,0.0,0.0,0.0,0.0,0,INJECTOR_DEGRADATION,0.0,2026-01-01T00:02:00+00:00,False
2026-01-01T00:00:25Z,ENG-DATASET-000,MSN-INJECTOR_DEGRADATION-000,TAKEOFF,500.0,10.0,0.9004977567668805,0.7495022432331195,5265.25894166954,1111.877732570793,272.90879735881606,69.72859179275244,463.262947083477,31.046988751641205,9.776218876619051,14.2,5265.25894166954,1111.877732570793,272.90879735881606,69.72859179275244,463.262947083477,31.046988751641205,9.776218876619051,0.0,0.0,0.0,0.0,0.0,0.0,0.0,0.0,0.0,0.0,0.0,0.0,0.0,0.0,0,INJECTOR_DEGRADATION,0.0,2026-01-01T00:02:00+00:00,False
2026-01-01T00:00:26Z,ENG-DATASET-000,MSN-INJECTOR_DEGRADATION-000,TAKEOFF,500.0,10.0,0.8967541459640967,0.7532458540359033,5244.66908225423,1107.6636664390426,274.30950928391053,70.91030348540545,462.2334541127115,30.903789554790286,9.16872803910154,14.2,5244.66908225423,1107.6636664390426,274.30950928391053,70.91030348540545,462.2334541127115,30.903789554790286,9.16872803910154,0.0,0.0,0.0,0.0,0.0,0.0,0.0,0.0,0.0,0.0,0.0,0.0,0.0,0.0,0,INJECTOR_DEGRADATION,0.0,2026-01-01T00:02:00+00:00,False
2026-01-01T00:00:27Z,ENG-DATASET-000,MSN-INJECTOR_DEGRADATION-000,TAKEOFF,500.0,10.0,0.8930611856279393,0.7569388143720607,5224.357800405363,1103.512998416575,275.46638331593385,72.0359539476472,461.21789002026816,30.76272539724411,8.854918876383973,14.2,5224.357800405363,1103.512998416575,275.46638331593385,72.0359539476472,461.21789002026816,30.76272539724411,8.854918876383973,0.0,0.0,0.0,0.0,0.0,0.0,0.0,0.0,0.0,0.0,0.0,0.0,0.0,0.0,0,INJECTOR_DEGRADATION,0.0,2026-01-01T00:02:00+00:00,False
2026-01-01T00:00:28Z,ENG-DATASET-000,MSN-INJECTOR_DEGRADATION-000,TAKEOFF,500.0,10.0,0.8894765031693115,0.7605234968306887,5204.64204688291,1099.4900786570888,276.4069969507677,73.10804343316445,460.2321023441455,30.625984547767185,9.251670710185254,14.2,5204.64204688291,1099.4900786570888,276.4069969507677,73.10804343316445,460.2321023441455,30.625984547767185,9.251670710185254,0.0,0.0,0.0,0.0,0.0,0.0,0.0,0.0,0.0,0.0,0.0,0.0,0.0,0.0,0,INJECTOR_DEGRADATION,0.0,2026-01-01T00:02:00+00:00,False
2026-01-01T00:00:29Z,ENG-DATASET-000,MSN-INJECTOR_DEGRADATION-000,TAKEOFF,500.0,10.0,0.8860560363590517,0.7639439636409483,5185.829479426482,1095.656996223623,277.15772216128147,74.12910537066516,459.29147397132414,30.495679526792735,9.758818423518019,14.2,5185.829479426482,1095.656996223623,277.15772216128147,74.12910537066516,459.29147397132414,30.495679526792735,9.758818423518019,0.0,0.0,0.0,0.0,0.0,0.0,0.0,0.0,0.0,0.0,0.0,0.0,0.0,0.0,0,INJECTOR_DEGRADATION,0.0,2026-01-01T00:02:00+00:00,False
2026-01-01T00:00:30Z,ENG-DATASET-000,MSN-INJECTOR_DEGRADATION-000,CLIMB,2500.0,10.0,0.7628531604377298,0.6671468395622704,4506.864631473722,941.2802187416,273.9739554136933,74.15421015626579,425.3432315736861,20.54237373969397,8.4274662753309,14.2,4506.864631473722,941.2802187416,273.9739554136933,74.15421015626579,425.3432315736861,20.54237373969397,8.4274662753309,0.0,0.0,0.0,0.0,0.0,0.0,0.0,0.0,0.0,0.0,0.0,0.0,0.0,0.0,0,INJECTOR_DEGRADATION,0.0,2026-01-01T00:02:00+00:00,False
2026-01-01T00:00:31Z,ENG-DATASET-000,MSN-INJECTOR_DEGRADATION-000,CLIMB,2500.0,10.0,0.7599178552128679,0.6700821447871321,4490.720452736982,938.1248379884323,271.0296808220348,74.17244013999267,424.5360226368491,20.45767446472751,7.8129071597466035,14.2,4490.720452736982,938.1248379884323,271.0296808220348,74.17244013999267,424.5360226368491,20.45767446472751,7.8129071597466035,0.0,0.0,0.0,0.0,0.0,0.0,0.0,0.0,0.0,0.0,0.0,0.0,0.0,0.0,0,INJECTOR_DEGRADATION,0.0,2026-01-01T00:02:00+00:00,False
2026-01-01T00:00:32Z,ENG-DATASET-000,MSN-INJECTOR_DEGRADATION-000,CLIMB,2500.0,10.0,0.7572959251407622,0.6727040748592379,4476.2998373404,935.3095200421992,268.3094507408863,74.18469706422627,423.81499186702,20.382095475485553,7.577584299939157,14.2,4476.2998373404,935.3095200421992,268.3094507408863,74.18469706422627,423.81499186702,20.382095475485553,7.577584299939157,0.0,0.0,0.0,0.0,0.0,0.0,0.0,0.0,0.0,0.0,0.0,0.0,0.0,0.0,0,INJECTOR_DEGRADATION,0.0,2026-01-01T00:02:00+00:00,False
2026-01-01T00:00:33Z,ENG-DATASET-000,MSN-INJECTOR_DEGRADATION-000,CLIMB,2500.0,10.0,0.7550282845632604,0.6749717154367396,4463.82781416414,932.8770488897327,265.80043188904096,74.19192843033552,423.191390708207,20.316788199216646,8.035417391033628,14.2,4463.82781416414,932.8770488897327,265.80043188904096,74.19192843033552,423.191390708207,20.316788199216646,8.035417391033628,0.0,0.0,0.0,0.0,0.0,0.0,0.0,0.0,0.0,0.0,0.0,0.0,0.0,0.0,0,INJECTOR_DEGRADATION,0.0,2026-01-01T00:02:00+00:00,False
2026-01-01T00:00:34Z,ENG-DATASET-000,MSN-INJECTOR_DEGRADATION-000,CLIMB,2500.0,10.0,0.7531503192531426,0.6768496807468575,4453.499004958491,930.864278835767,263.491995671031,74.19511461118017,422.6749502479246,20.262744860486798,8.510396323622397,14.2,4453.499004958491,930.864278835767,263.491995671031,74.19511461118017,422.6749502479246,20.262744860486798,8.510396323622397,0.0,0.0,0.0,0.0,0.0,0.0,0.0,0.0,0.0,0.0,0.0,0.0,0.0,0.0,0,INJECTOR_DEGRADATION,0.0,2026-01-01T00:02:00+00:00,False
2026-01-01T00:00:35Z,ENG-DATASET-000,MSN-INJECTOR_DEGRADATION-000,CLIMB,2500.0,10.0,0.7516913342309711,0.6783086657690289,4445.474587336549,929.3016271168876,261.37533678185014,74.1952553747467,422.27372936682747,20.220784646728596,8.305397793465364,14.2,4445.474587336549,929.3016271168876,261.37533678185014,74.1952553747467,422.27372936682747,20.220784646728596,8.305397793465364,0.0,0.0,0.0,0.0,0.0,0.0,0.0,0.0,0.0,0.0,0.0,0.0,0.0,0.0,0,INJECTOR_DEGRADATION,0.0,2026-01-01T00:02:00+00:00,False
2026-01-01T00:00:36Z,ENG-DATASET-000,MSN-INJECTOR_DEGRADATION-000,CLIMB,2500.0,10.0,0.7506740964700471,0.6793259035299529,4439.879779651467,928.2126599219542,259.443119601714,74.1933560322487,421.99398898257334,20.191542402501426,7.701196415519737,14.2,4439.879779651467,928.2126599219542,259.443119601714,74.1933560322487,421.99398898257334,20.191542402501426,7.701196415519737,0.0,0.0,0.0,0.0,0.0,0.0,0.0,0.0,0.0,0.0,0.0,0.0,0.0,0.0,0,INJECTOR_DEGRADATION,0.0,2026-01-01T00:02:00+00:00,False
2026-01-01T00:00:37Z,ENG-DATASET-000,MSN-INJECTOR_DEGRADATION-000,CLIMB,2500.0,10.0,0.7501144796254057,0.6798855203745944,4436.801887005939,927.6137746397478,257.6891520075363,74.19041342976135,421.8400943502969,20.175459940265235,7.554407415933285,14.2,4436.801887005939,927.6137746397478,257.6891520075363,74.19041342976135,421.8400943502969,20.175459940265235,7.554407415933285,0.0,0.0,0.0,0.0,0.0,0.0,0.0,0.0,0.0,0.0,0.0,0.0,0.0,0.0,0,INJECTOR_DEGRADATION,0.0,2026-01-01T00:02:00+00:00,False
2026-01-01T00:00:38Z,ENG-DATASET-000,MSN-INJECTOR_DEGRADATION-000,CLIMB,2500.0,10.0,0.7500212163307387,0.6799787836692613,4436.288938885271,927.5139803072963,256.1080863144651,74.18740200478415,421.8144469442635,20.17278003057351,8.070375462146824,14.2,4436.288938885271,927.5139803072963,256.1080863144651,74.18740200478415,421.8144469442635,20.17278003057351,8.070375462146824,0.0,0.0,0.0,0.0,0.0,0.0,0.0,0.0,0.0,0.0,0.0,0.0,0.0,0.0,0,INJECTOR_DEGRADATION,0.0,2026-01-01T00:02:00+00:00,False
2026-01-01T00:00:39Z,ENG-DATASET-000,MSN-INJECTOR_DEGRADATION-000,CLIMB,2500.0,10.0,0.7503957619285668,0.6796042380714332,4438.348939673326,927.9147775231269,254.69514712109674,74.1852601280017,421.9174469836663,20.183543112824815,8.509059704551797,14.2,4438.348939673326,927.9147775231269,254.69514712109674,74.1852601280017,421.9174469836663,20.183543112824815,8.509059704551797,0.0,0.0,0.0,0.0,0.0,0.0,0.0,0.0,0.0,0.0,0.0,0.0,0.0,0.0,0,INJECTOR_DEGRADATION,0.0,2026-01-01T00:02:00+00:00,False
2026-01-01T00:00:40Z,ENG-DATASET-000,MSN-INJECTOR_DEGRADATION-000,CLIMB,2500.0,10.0,0.7512322717601059,0.6787677282398942,4442.94974374679,928.8101384820873,253.44588587103925,74.18487694595362,422.1474871873395,20.20758674825874,8.245285155766014,14.2,4442.94974374679,928.8101384820873,253.44588587103925,74.18487694595362,422.1474871873395,20.20758674825874,8.245285155766014,0.0,0.0,0.0,0.0,0.0,0.0,0.0,0.0,0.0,0.0,0.0,0.0,0.0,0.0,0,INJECTOR_DEGRADATION,0.0,2026-01-01T00:02:00+00:00,False
2026-01-01T00:00:41Z,ENG-DATASET-000,MSN-INJECTOR_DEGRADATION-000,CLIMB,2500.0,10.0,0.7525176923692127,0.6774823076307873,4450.019557096878,930.1865872384966,252.35596196489774,74.18707993240568,422.5009778548439,20.244547818745268,7.664363894610883,14.2,4450.019557096878,930.1865872384966,252.35596196489774,74.18707993240568,422.5009778548439,20.244547818745268,7.664363894610883,0.0,0.0,0.0,0.0,0.0,0.0,0.0,0.0,0.0,0.0,0.0,0.0,0.0,0.0,0,INJECTOR_DEGRADATION,0.0,2026-01-01T00:02:00+00:00,False
2026-01-01T00:00:42Z,ENG-DATASET-000,MSN-INJECTOR_DEGRADATION-000,CLIMB,2500.0,10.0,0.7542319651972023,0.6757680348027978,4459.44805765082,932.0233797642514,251.42095026251425,74.19262334505564,422.972402882541,20.293867457002168,7.609952230735846,14.2,4459.44805765082,932.0233797642514,251.42095026251425,74.19262334505564,422.972402882541,20.293867457002168,7.609952230735846,0.0,0.0,0.0,0.0,0.0,0.0,0.0,0.0,0.0,0.0,0.0,0.0,0.0,0.0,0,INJECTOR_DEGRADATION,0.0,2026-01-01T00:02:00+00:00,False
2026-01-01T00:00:43Z,ENG-DATASET-000,MSN-INJECTOR_DEGRADATION-000,CLIMB,2500.0,10.0,0.7563483395899472,0.6736516604100529,4471.088116810917,934.2927827894598,250.63617480599933,74.20217776998508,423.5544058405459,20.354798675072697,8.17518721796274,14.2,4471.088116810917,934.2927827894598,250.63617480599933,74.20217776998508,423.5544058405459,20.354798675072697,8.17518721796274,0.0,0.0,0.0,0.0,0.0,0.0,0.0,0.0,0.0,0.0,0.0,0.0,0.0,0.0,0,INJECTOR_DEGRADATION,0.0,2026-01-01T00:02:00+00:00,False
2026-01-01T00:00:44Z,ENG-DATASET-000,MSN-INJECTOR_DEGRADATION-000,CLIMB,2500.0,10.0,0.7588337902328882,0.6711662097671118,4484.758095347093,936.9604497492794,249.9965685691314,74.21632091920324,424.2379047673547,20.42641663715994,8.569014544766405,14.2,4484.758095347093,936.9604497492794,249.9965685691314,74.21632091920324,424.2379047673547,20.42641663715994,8.569014544766405,0.0,0.0,0.0,0.0,0.0,0.0,0.0,0.0,0.0,0.0,0.0,0.0,0.0,0.0,0,INJECTOR_DEGRADATION,0.0,2026-01-01T00:02:00+00:00,False
2026-01-01T00:00:45Z,ENG-DATASET-000,MSN-INJECTOR_DEGRADATION-000,CLIMB,2500.0,10.0,0.7616495325000231,0.668350467499977,4500.244677816335,939.985891372099,249.49655899652072,74.23552982698693,425.0122338908168,20.507631499347703,8.249220272580827,14.2,4500.244677816335,939.985891372099,249.49655899652072,74.23552982698693,425.0122338908168,20.507631499347703,8.249220272580827,0.0,0.0,0.0,0.0,0.0,0.0,0.0,0.0,0.0,0.0,0.0,0.0,0.0,0.0,0,INJECTOR_DEGRADATION,0.0,2026-01-01T00:02:00+00:00,False
2026-01-01T00:00:46Z,ENG-DATASET-000,MSN-INJECTOR_DEGRADATION-000,CLIMB,2500.0,10.0,0.7647516276750222,0.6652483723249778,4517.3062012788305,943.3230375004929,249.12997903438097,74.26017456880928,425.86531006394154,20.597203711664847,7.698904027780763,14.2,4517.3062012788305,943.3230375004929,249.12997903438097,74.26017456880928,425.86531006394154,20.597203711664847,7.698904027780763,0.0,0.0,0.0,0.0,0.0,0.0,0.0,0.0,0.0,0.0,0.0,0.0,0.0,0.0,0,INJECTOR_DEGRADATION,0.0,2026-01-01T00:02:00+00:00,False
2026-01-01T00:00:47Z,ENG-DATASET-000,MSN-INJECTOR_DEGRADATION-000,CLIMB,2500.0,10.0,0.7680916686002026,0.6619083313997974,4535.676426367322,946.9208856190086,248.8900032714181,74.29051360280909,426.7838213183661,20.693761646984147,7.733964788815819,14.2,4535.676426367322,946.9208856190086,248.8900032714181,74.29051360280909,426.7838213183661,20.693761646984147,7.733964788815819,0.0,0.0,0.0,0.0,0.0,0.0,0.0,0.0,0.0,0.0,0.0,0.0,0.0,0.0,0,INJECTOR_DEGRADATION,0.0,2026-01-01T00:02:00+00:00,False
2026-01-01T00:00:48Z,ENG-DATASET-000,MSN-INJECTOR_DEGRADATION-000,CLIMB,2500.0,10.0,0.7716175350540323,0.6583824649459677,4555.0686918633855,950.7242302677696,248.76910870097052,74.32669080835656,427.7534345931693,20.7958213863488,8.333753576639813,14.2,4555.0686918633855,950.7242302677696,248.76910870097052,74.32669080835656,427.7534345931693,20.7958213863488,8.333753576639813,0.0,0.0,0.0,0.0,0.0,0.0,0.0,0.0,0.0,0.0,0.0,0.0,0.0,0.0,0,INJECTOR_DEGRADATION,0.0,2026-01-01T00:02:00+00:00,False
2026-01-01T00:00:49Z,ENG-DATASET-000,MSN-INJECTOR_DEGRADATION-000,CLIMB,2500.0,10.0,0.7752742070697557,0.6547257929302444,4575.180387949864,954.6744660601232,248.75905948237656,74.36873426971358,428.7590193974932,20.90180845183402,8.67019513092708,14.2,4575.180387949864,954.6744660601232,248.75905948237656,74.36873426971358,428.7590193974932,20.90180845183402,8.67019513092708,0.0,0.0,0.0,0.0,0.0,0.0,0.0,0.0,0.0,0.0,0.0,0.0,0.0,0.0,0,INJECTOR_DEGRADATION,0.0,2026-01-01T00:02:00+00:00,False
2026-01-01T00:00:50Z,ENG-DATASET-000,MSN-INJECTOR_DEGRADATION-000,CLIMB,2500.0,10.0,0.7790046235035734,0.6509953764964267,4595.697678335861,958.7104554252061,248.85091491976905,74.41655682548397,429.7848839167931,21.01008123673228,8.293663859596647,14.2,4595.697678335861,958.7104554252061,248.85091491976905,74.41655682548397,429.7848839167931,21.01008123673228,8.293663859596647,0.0,0.0,0.0,0.0,0.0,0.0,0.0,0.0,0.0,0.0,0.0,0.0,0.0,0.0,0,INJECTOR_DEGRADATION,0.0,2026-01-01T00:02:00+00:00,False
2026-01-01T00:00:51Z,ENG-DATASET-000,MSN-INJECTOR_DEGRADATION-000,CLIMB,2500.0,10.0,0.7827505724547054,0.6472494275452947,4616.300397567086,962.7694505083447,249.03505969050076,74.4699583769258,430.8150198783543,21.11895583985569,7.776646093731739,14.2,4616.300397567086,962.7694505083447,249.03505969050076,74.4699583769258,430.8150198783543,21.11895583985569,7.776646093731739,0.0,0.0,0.0,0.0,0.0,0.0,0.0,0.0,0.0,0.0,0.0,0.0,0.0,0.0,0,INJECTOR_DEGRADATION,0.0,2026-01-01T00:02:00+00:00,False
2026-01-01T00:00:52Z,ENG-DATASET-000,MSN-INJECTOR_DEGRADATION-000,CLIMB,2500.0,10.0,0.7864535996426345,0.6435464003573655,4636.667047100697,966.7880569455713,249.30125514508995,74.52862992068582,431.8333523550349,21.2267319676161,7.893037308094588,14.2,4636.667047100697,966.7880569455713,249.30125514508995,74.52862992068582,431.8333523550349,21.2267319676161,7.893037308094588,0.0,0.0,0.0,0.0,0.0,0.0,0.0,0.0,0.0,0.0,0.0,0.0,0.0,0.0,0,INJECTOR_DEGRADATION,0.0,2026-01-01T00:02:00+00:00,False
2026-01-01T00:00:53Z,ENG-DATASET-000,MSN-INJECTOR_DEGRADATION-000,CLIMB,2500.0,10.0,0.7900559205666026,0.6399440794333975,4656.4798121825215,970.7032255586589,249.63871026954743,74.59215924454337,432.8239906091261,21.331719526129337,8.508883223336664,14.2,4656.4798121825215,970.7032255586589,249.63871026954743,74.59215924454337,432.8239906091261,21.331719526129337,8.508883223336664,0.0,0.0,0.0,0.0,0.0,0.0,0.0,0.0,0.0,0.0,0.0,0.0,0.0,0.0,0,INJECTOR_DEGRADATION,0.0,2026-01-01T00:02:00+00:00,False
2026-01-01T00:00:54Z,ENG-DATASET-000,MSN-INJECTOR_DEGRADATION-000,CLIMB,2500.0,10.0,0.7935013222134185,0.6364986777865815,4675.429521240009,974.45325647967,250.03617065458445,74.66003819874025,433.7714760620005,21.43226548799482,8.773781057817907,14.2,4675.429521240009,974.45325647967,250.03617065458445,74.66003819874025,433.7714760620005,21.43226548799482,8.773781057817907,0.0,0.0,0.0,0.0,0.0,0.0,0.0,0.0,0.0,0.0,0.0,0.0,0.0,0.0,0,INJECTOR_DEGRADATION,0.0,2026-01-01T00:02:00+00:00,False
2026-01-01T00:00:55Z,ENG-DATASET-000,MSN-INJECTOR_DEGRADATION-000,CLIMB,2500.0,10.0,0.7967360402427283,0.6332639597572718,4693.220470401213,977.9787989003294,250.48202356163424,74.73167143082787,434.66102352006067,21.526780586848723,8.338733006328981,14.2,4693.220470401213,977.9787989003294,250.48202356163424,74.73167143082787,434.66102352006067,21.526780586848723,8.338733006328981,0.0,0.0,0.0,0.0,0.0,0.0,0.0,0.0,0.0,0.0,0.0,0.0,0.0,0.0,0,INJECTOR_DEGRADATION,0.0,2026-01-01T00:02:00+00:00,False
2026-01-01T00:00:56Z,ENG-DATASET-000,MSN-INJECTOR_DEGRADATION-000,CLIMB,2500.0,10.0,0.7997095979615637,0.6302904020384363,4709.575037854808,981.2238286432189,250.96441692155128,74.80638644906966,435.47875189274043,21.613765369504378,7.855670715929938,14.2,4709.575037854808,981.2238286432189,250.96441692155128,74.80638644906966,435.47875189274043,21.613765369504378,7.855670715929938,0.0,0.0,0.0,0.0,0.0,0.0,0.0,0.0,0.0,0.0,0.0,0.0,0.0,0.0,0,INJECTOR_DEGRADATION,0.0,2026-01-01T00:02:00+00:00,False
2026-01-01T00:00:57Z,ENG-DATASET-000,MSN-INJECTOR_DEGRADATION-000,CLIMB,2500.0,10.0,0.8023755939962547,0.6276244060037454,4724.238016045608,984.136585154668,251.47138985826285,74.88344485865116,436.2119008022804,21.69183512254972,8.043001646785864,14.2,4724.238016045608,984.136585154668,251.47138985826285,74.88344485865116,436.2119008022804,21.69183512254972,8.043001646785864,0.0,0.0,0.0,0.0,0.0,0.0,0.0,0.0,0.0,0.0,0.0,0.0,0.0,0.0,0,INJECTOR_DEGRADATION,0.0,2026-01-01T00:02:00+00:00,False
2026-01-01T00:00:58Z,ENG-DATASET-000,MSN-INJECTOR_DEGRADATION-000,CLIMB,2500.0,10.0,0.8046924263703452,0.6253075736296548,4736.980594103106,986.670449397179,251.99101210736603,74.96205459659758,436.8490297051553,21.75974318944469,8.655953249498141,14.2,4736.980594103106,986.670449397179,251.99101210736603,74.96205459659758,436.8490297051553,21.75974318944469,8.655953249498141,0.0,0.0,0.0,0.0,0.0,0.0,0.0,0.0,0.0,0.0,0.0,0.0,0.0,0.0,0,INJECTOR_DEGRADATION,0.0,2026-01-01T00:02:00+00:00,False
2026-01-01T00:00:59Z,ENG-DATASET-000,MSN-INJECTOR_DEGRADATION-000,CLIMB,2500.0,10.0,0.8066239416895222,0.6233760583104778,4747.603928358581,988.784744528246,252.51152950983558,75.0413829756645,437.380196417929,21.816402206779536,8.836884175338664,14.2,4747.603928358581,988.784744528246,252.51152950983558,75.0413829756645,437.380196417929,21.816402206779536,8.836884175338664,0.0,0.0,0.0,0.0,0.0,0.0,0.0,0.0,0.0,0.0,0.0,0.0,0.0,0.0,0,INJECTOR_DEGRADATION,0.0,2026-01-01T00:02:00+00:00,False
2026-01-01T00:01:00Z,ENG-DATASET-000,MSN-INJECTOR_DEGRADATION-000,CLIMB,2500.0,10.0,0.8081399993032422,0.6218600006967578,4755.94224523404,990.4454422252609,253.02151261448356,75.12057033479618,437.79711226170195,21.86090281517487,8.343685935525148,14.2,4755.94224523404,990.4454422252609,253.02151261448356,75.12057033479618,437.79711226170195,21.86090281517487,8.343685935525148,0.0,0.0,0.0,0.0,0.0,0.0,0.0,0.0,0.0,0.0,0.0,0.0,0.0,0.0,0,INJECTOR_DEGRADATION,0.0,2026-01-01T00:02:00+00:00,False
2026-01-01T00:01:01Z,ENG-DATASET-000,MSN-INJECTOR_DEGRADATION-000,CLIMB,2500.0,10.0,0.8092169416395014,0.6207830583604986,4761.865428083465,991.6257590584838,253.5100053294973,75.19874408423512,438.09327140417327,21.89252944141458,7.896378886186918,14.2,4761.865428083465,991.6257590584838,253.5100053294973,75.19874408423512,438.09327140417327,21.89252944141458,7.896378886186918,0.0,0.0,0.0,0.0,0.0,0.0,0.0,0.0,0.0,0.0,0.0,0.0,0.0,0.0,0,INJECTOR_DEGRADATION,0.0,2026-01-01T00:02:00+00:00,False
2026-01-01T00:01:02Z,ENG-DATASET-000,MSN-INJECTOR_DEGRADATION-000,CLIMB,2500.0,10.0,0.8098379633733354,0.6201620366266647,4765.281047619552,992.306629401931,253.96667053159584,75.27503292716416,438.2640523809776,21.910772803166154,8.14534708383685,14.2,4765.281047619552,992.306629401931,253.96667053159584,75.27503292716416,438.2640523809776,21.910772803166154,8.14534708383685,0.0,0.0,0.0,0.0,0.0,0.0,0.0,0.0,0.0,0.0,0.0,0.0,0.0,0.0,0,INJECTOR_DEGRADATION,0.0,2026-01-01T00:02:00+00:00,False
2026-01-01T00:01:03Z,ENG-DATASET-000,MSN-INJECTOR_DEGRADATION-000,CLIMB,2500.0,10.0,0.8099933736682935,0.6200066263317066,4766.135804241822,992.4770439518311,254.38192957723203,75.34858103696597,438.30679021209113,21.91533885469261,8.739400058454637,14.2,4766.135804241822,992.4770439518311,254.38192957723203,75.34858103696597,438.30679021209113,21.91533885469261,8.739400058454637,0.0,0.0,0.0,0.0,0.0,0.0,0.0,0.0,0.0,0.0,0.0,0.0,0.0,0.0,0,INJECTOR_DEGRADATION,0.0,2026-01-01T00:02:00+00:00,False
2026-01-01T00:01:04Z,ENG-DATASET-000,MSN-INJECTOR_DEGRADATION-000,CLIMB,2500.0,10.0,0.8096807473987014,0.6203192526012986,4764.416359759065,992.1342459123841,254.74709276731843,75.41856196983652,438.2208179879533,21.906153969241128,8.828829012279344,14.2,4764.416359759065,992.1342459123841,254.74709276731843,75.41856196983652,438.2208179879533,21.906153969241128,8.828829012279344,0.0,0.0,0.0,0.0,0.0,0.0,0.0,0.0,0.0,0.0,0.0,0.0,0.0,0.0,0,INJECTOR_DEGRADATION,0.0,2026-01-01T00:02:00+00:00,False
2026-01-01T00:01:05Z,ENG-DATASET-000,MSN-INJECTOR_DEGRADATION-000,CLIMB,2500.0,10.0,0.8089049629929357,0.6210950370070644,4760.149545527354,991.2837802032527,255.05447799566792,75.48419209658071,438.0074772763677,21.883366238662894,8.282742427576048,14.2,4760.149545527354,991.2837802032527,255.05447799566792,75.48419209658071,438.0074772763677,21.883366238662894,8.282742427576048,0.0,0.0,0.0,0.0,0.0,0.0,0.0,0.0,0.0,0.0,0.0,0.0,0.0,0.0,0,INJECTOR_DEGRADATION,0.0,2026-01-01T00:02:00+00:00,False
2026-01-01T00:01:06Z,ENG-DATASET-000,MSN-INJECTOR_DEGRADATION-000,CLIMB,2500.0,10.0,0.8076781263071803,0.6223218736928198,4753.4019437557,989.9393945185425,255.2975150590647,75.54474334488363,437.670097187785,21.84734286018601,7.8766343608920915,14.2,4753.4019437557,989.9393945185425,255.2975150590647,75.54474334488363,437.670097187785,21.84734286018601,7.8766343608920915,0.0,0.0,0.0,0.0,0.0,0.0,0.0,0.0,0.0,0.0,0.0,0.0,0.0,0.0,0,INJECTOR_DEGRADATION,0.0,2026-01-01T00:02:00+00:00,False
2026-01-01T00:01:07Z,ENG-DATASET-000,MSN-INJECTOR_DEGRADATION-000,CLIMB,2500.0,10.0,0.8060193817175902,0.6239806182824098,4744.278848512954,988.1227945882107,255.4708334178635,75.59955505407524,437.2139424256477,21.798663670771003,8.18146022560838,14.2,4744.278848512954,988.1227945882107,255.4708334178635,75.59955505407524,437.2139424256477,21.798663670771003,8.18146022560838,0.0,0.0,0.0,0.0,0.0,0.0,0.0,0.0,0.0,0.0,0.0,0.0,0.0,0.0,0,INJECTOR_DEGRADATION,0.0,2026-01-01T00:02:00+00:00,False
2026-01-01T00:01:08Z,ENG-DATASET-000,MSN-INJECTOR_DEGRADATION-000,CLIMB,2500.0,10.0,0.8039546133787048,0.6260453866212953,4732.922622649084,985.8632594220776,255.5703315616291,75.64804475822142,436.64613113245423,21.738110977698305,8.745812441773214,14.2,4732.922622649084,985.8632594220776,255.5703315616291,75.64804475822142,436.64613113245423,21.738110977698305,8.745812441773214,0.0,0.0,0.0,0.0,0.0,0.0,0.0,0.0,0.0,0.0,0.0,0.0,0.0,0.0,0,INJECTOR_DEGRADATION,0.0,2026-01-01T00:02:00+00:00,False
2026-01-01T00:01:09Z,ENG-DATASET-000,MSN-INJECTOR_DEGRADATION-000,CLIMB,2500.0,10.0,0.8015160413098724,0.6284839586901276,4719.510476270507,983.1971255219433,255.5932265435148,75.68971773006409,435.97552381352534,21.666655916680867,8.742870322701998,14.2,4719.510476270507,983.1971255219433,255.5932265435148,75.68971773006409,435.97552381352534,21.666655916680867,8.742870322701998,0.0,0.0,0.0,0.0,0.0,0.0,0.0,0.0,0.0,0.0,0.0,0.0,0.0,0.0,0,INJECTOR_DEGRADATION,0.0,2026-01-01T00:02:00+00:00,False
2026-01-01T00:01:10Z,ENG-DATASET-000,MSN-INJECTOR_DEGRADATION-000,CLIMB,2500.0,10.0,0.7987417186126258,0.6312582813873743,4704.25170143565,980.1671519101177,255.53808268691625,75.72417513763855,435.21258507178254,21.585441642903326,8.155251285240748,14.2,4704.25170143565,980.1671519101177,255.53808268691625,75.72417513763855,435.21258507178254,21.585441642903326,8.155251285240748,0.0,0.0,0.0,0.0,0.0,0.0,0.0,0.0,0.0,0.0,0.0,0.0,0.0,0.0,0,INJECTOR_DEGRADATION,0.0,2026-01-01T00:02:00+00:00,False
2026-01-01T00:01:11Z,ENG-DATASET-000,MSN-INJECTOR_DEGRADATION-000,CLIMB,2500.0,10.0,0.7956749376647593,0.6343250623352408,4687.384406222383,976.8217802448252,255.40481892434525,75.7511206870143,434.3692203111192,21.495763723503828,7.800251477679002,14.2,4687.384406222383,976.8217802448252,255.40481892434525,75.7511206870143,434.3692203111192,21.495763723503828,7.800251477679002,0.0,0.0,0.0,0.0,0.0,0.0,0.0,0.0,0.0,0.0,0.0,0.0,0.0,0.0,0,INJECTOR_DEGRADATION,0.0,2026-01-01T00:02:00+00:00,False
2026-01-01T00:01:12Z,ENG-DATASET-000,MSN-INJECTOR_DEGRADATION-000,CLIMB,2500.0,10.0,0.7923635545572527,0.6376364454427473,4669.171799131098,973.2143062018605,255.19469468695723,75.77036564820003,433.4585899565549,21.399048150303013,8.159308933681677,14.2,4669.171799131098,973.2143062018605,255.19469468695723,75.77036564820003,433.4585899565549,21.399048150303013,8.159308933681677,0.0,0.0,0.0,0.0,0.0,0.0,0.0,0.0,0.0,0.0,0.0,0.0,0.0,0.0,0,INJECTOR_DEGRADATION,0.0,2026-01-01T00:02:00+00:00,False
2026-01-01T00:01:13Z,ENG-DATASET-000,MSN-INJECTOR_DEGRADATION-000,CLIMB,2500.0,10.0,0.7888592423159781,0.6411407576840219,4649.898081804088,969.4019796538279,254.91027470960722,75.78183218645576,432.4949040902044,21.296827427923848,8.688682881279226,14.2,4649.898081804088,969.4019796538279,254.91027470960722,75.78183218645576,432.4949040902044,21.296827427923848,8.688682881279226,0.0,0.0,0.0,0.0,0.0,0.0,0.0,0.0,0.0,0.0,0.0,0.0,0.0,0.0,0,INJECTOR_DEGRADATION,0.0,2026-01-01T00:02:00+00:00,False
2026-01-01T00:01:14Z,ENG-DATASET-000,MSN-INJECTOR_DEGRADATION-000,CLIMB,2500.0,10.0,0.785216684561413,0.644783315438587,4629.86401415398,965.4450519594766,254.55537353763341,75.78555494767214,431.493200707699,21.19071521444504,8.598915547555555,14.2,4629.86401415398,965.4450519594766,254.55537353763341,75.78555494767214,431.493200707699,21.19071521444504,8.598915547555555,0.0,0.0,0.0,0.0,0.0,0.0,0.0,0.0,0.0,0.0,0.0,0.0,0.0,0.0,0,INJECTOR_DEGRADATION,0.0,2026-01-01T00:02:00+00:00,False
2026-01-01T00:01:15Z,ENG-DATASET-000,MSN-INJECTOR_DEGRADATION-000,CLIMB,2500.0,10.0,0.7814927221890324,0.6485072778109676,4609.382221105886,961.4057889011757,254.13498090639948,75.7816808736951,430.4691110552943,21.082379999712277,7.986353386154833,14.2,4609.382221105886,961.4057889011757,254.13498090639948,75.7816808736951,430.4691110552943,21.082379999712277,7.986353386154833,0.0,0.0,0.0,0.0,0.0,0.0,0.0,0.0,0.0,0.0,0.0,0.0,0.0,0.0,0,INJECTOR_DEGRADATION,0.0,2026-01-01T00:02:00+00:00,False
2026-01-01T00:01:16Z,ENG-DATASET-000,MSN-INJECTOR_DEGRADATION-000,CLIMB,2500.0,10.0,0.7777454663861457,0.6522545336138543,4588.77231419001,957.3474675194988,253.655169503747,75.77046725107137,429.4386157095005,20.97351830135617,7.695617283588573,14.2,4588.77231419001,957.3474675194988,253.655169503747,75.77046725107137,429.4386157095005,20.97351830135617,7.695617283588573,0.0,0.0,0.0,0.0,0.0,0.0,0.0,0.0,0.0,0.0,0.0,0.0,0.0,0.0,0,INJECTOR_DEGRADATION,0.0,2026-01-01T00:02:00+00:00,False
2026-01-01T00:01:17Z,ENG-DATASET-000,MSN-INJECTOR_DEGRADATION-000,CLIMB,2500.0,10.0,0.774033391826255,0.6559666081737451,4568.35590411061,953.3333743528949,253.12298691219468,75.75227802423281,428.4177952055305,20.865827841928695,8.110049472300291,14.2,4568.35590411061,953.3333743528949,253.12298691219468,75.75227802423281,428.4177952055305,20.865827841928695,8.110049472300291,0.0,0.0,0.0,0.0,0.0,0.0,0.0,0.0,0.0,0.0,0.0,0.0,0.0,0.0,0,INJECTOR_DEGRADATION,0.0,2026-01-01T00:02:00+00:00,False
2026-01-01T00:01:18Z,ENG-DATASET-000,MSN-INJECTOR_DEGRADATION-000,CLIMB,2500.0,10.0,0.7704144241913318,0.6595855758086683,4548.451582118531,949.4258214760491,252.54633375787643,75.72757843119794,427.4225791059266,20.76098114426256,8.603026348911051,14.2,4548.451582118531,949.4258214760491,252.54633375787643,75.72757843119794,427.4225791059266,20.76098114426256,8.603026348911051,0.0,0.0,0.0,0.0,0.0,0.0,0.0,0.0,0.0,0.0,0.0,0.0,0.0,0.0,0,INJECTOR_DEGRADATION,0.0,2026-01-01T00:02:00+00:00,False
2026-01-01T00:01:19Z,ENG-DATASET-000,MSN-INJECTOR_DEGRADATION-000,CLIMB,2500.0,10.0,0.766945036260924,0.663054963739076,4529.36994850129,945.6851953312844,251.9338302653709,75.69692804602366,426.4684974250645,20.6605999483217,8.436219869394993,14.2,4529.36994850129,945.6851953312844,251.9338302653709,75.69692804602366,426.4684974250645,20.6605999483217,8.436219869394993,0.0,0.0,0.0,0.0,0.0,0.0,0.0,0.0,0.0,0.0,0.0,0.0,0.0,0.0,0,INJECTOR_DEGRADATION,0.0,2026-01-01T00:02:00+00:00,False
2026-01-01T00:01:20Z,ENG-DATASET-000,MSN-INJECTOR_DEGRADATION-000,CLIMB,2500.0,10.0,0.7636793666733189,0.6663206333266811,4511.408765769462,942.1690517553878,251.2946735327185,75.66097233708113,425.5704382884731,20.566230813686996,7.817882306117515,14.2,4511.408765769462,942.1690517553878,251.2946735327185,75.66097233708113,425.5704382884731,20.566230813686996,7.817882306117515,0.0,0.0,0.0,0.0,0.0,0.0,0.0,0.0,0.0,0.0,0.0,0.0,0.0,0.0,0,INJECTOR_DEGRADATION,0.0,2026-01-01T00:02:00+00:00,False
2026-01-01T00:01:21Z,ENG-DATASET-000,MSN-INJECTOR_DEGRADATION-000,CLIMB,2500.0,10.0,0.7606683751101996,0.6693316248898005,4494.848312172305,938.9312689095193,250.63848790218464,75.62043287337006,424.74241560861526,20.479322229605323,7.604967781845201,14.2,4494.848312172305,938.9312689095193,250.63848790218464,75.62043287337006,424.74241560861526,20.479322229605323,7.604967781845201,0.0,0.0,0.0,0.0,0.0,0.0,0.0,0.0,0.0,0.0,0.0,0.0,0.0,0.0,0,INJECTOR_DEGRADATION,0.0,2026-01-01T00:02:00+00:00,False
2026-01-01T00:01:22Z,ENG-DATASET-000,MSN-INJECTOR_DEGRADATION-000,CLIMB,2500.0,10.0,0.7579590470878561,0.6720409529121438,4479.947008049416,936.0212681050282,249.97517081459188,75.57609633216275,423.99735040247083,20.401203511249797,8.075846317106675,14.2,4479.947008049416,936.0212681050282,249.97517081459188,75.57609633216275,423.99735040247083,20.401203511249797,8.075846317106675,0.0,0.0,0.0,0.0,0.0,0.0,0.0,0.0,0.0,0.0,0.0,0.0,0.0,0.0,0,INJECTOR_DEGRADATION,0.0,2026-01-01T00:02:00+00:00,False
2026-01-01T00:01:23Z,ENG-DATASET-000,MSN-INJECTOR_DEGRADATION-000,CLIMB,2500.0,10.0,0.7555936607639192,0.6744063392360808,4466.937383267764,933.4833108544037,249.31473650449277,75.52880247995586,423.3468691633882,20.333065718255064,8.531906022234311,14.2,4466.937383267764,933.4833108544037,249.31473650449277,75.52880247995586,423.3468691633882,20.333065718255064,8.531906022234311,0.0,0.0,0.0,0.0,0.0,0.0,0.0,0.0,0.0,0.0,0.0,0.0,0.0,0.0,0,INJECTOR_DEGRADATION,0.0,2026-01-01T00:02:00+00:00,False
2026-01-01T00:01:24Z,ENG-DATASET-000,MSN-INJECTOR_DEGRADATION-000,CLIMB,2500.0,10.0,0.7536091272008499,0.6763908727991501,4456.022448670883,931.3558789208262,248.66715982706415,75.4794313147111,422.80112243354415,20.27594479111507,8.298811770556853,14.2,4456.022448670883,931.3558789208262,248.66715982706415,75.4794313147111,422.80112243354415,20.27594479111507,8.298811770556853,0.0,0.0,0.0,0.0,0.0,0.0,0.0,0.0,0.0,0.0,0.0,0.0,0.0,0.0,0,INJECTOR_DEGRADATION,0.0,2026-01-01T00:02:00+00:00,False
2026-01-01T00:01:25Z,ENG-DATASET-000,MSN-INJECTOR_DEGRADATION-000,CLIMB,2500.0,10.0,0.7520364143811554,0.6779635856188446,4447.372528162563,929.6711427323843,248.04222241266734,75.42888957043675,422.3686264081282,20.23070706368879,7.6929356101773525,14.2,4447.372528162563,929.6711427323843,248.04222241266734,75.42888957043675,422.3686264081282,20.23070706368879,7.6929356101773525,0.0,0.0,0.0,0.0,0.0,0.0,0.0,0.0,0.0,0.0,0.0,0.0,0.0,0.0,0,INJECTOR_DEGRADATION,0.0,2026-01-01T00:02:00+00:00,False
2026-01-01T00:01:26Z,ENG-DATASET-000,MSN-INJECTOR_DEGRADATION-000,CLIMB,2500.0,10.0,0.7509000639623796,0.6790999360376204,4441.122600859295,928.4545222911829,247.44936322868017,75.37809679509581,422.05613004296475,20.198037276464404,7.568372514865902,14.2,4441.122600859295,928.4545222911829,247.44936322868017,75.37809679509581,422.05613004296475,20.198037276464404,7.568372514865902,0.0,0.0,0.0,0.0,0.0,0.0,0.0,0.0,0.0,0.0,0.0,0.0,0.0,0.0,0,INJECTOR_DEGRADATION,0.0,2026-01-01T00:02:00+00:00,False
2026-01-01T00:01:27Z,ENG-DATASET-000,MSN-INJECTOR_DEGRADATION-000,CLIMB,2500.0,10.0,0.7502178083127454,0.6797821916872546,4437.370194786308,927.724343649801,246.89753549705716,75.32797121946925,421.8685097393154,20.17842918559875,8.093516688164405,14.2,4437.370194786308,927.724343649801,246.89753549705716,75.32797121946925,421.8685097393154,20.17842918559875,8.093516688164405,0.0,0.0,0.0,0.0,0.0,0.0,0.0,0.0,0.0,0.0,0.0,0.0,0.0,0.0,0,INJECTOR_DEGRADATION,0.0,2026-01-01T00:02:00+00:00,False
2026-01-01T00:01:28Z,ENG-DATASET-000,MSN-INJECTOR_DEGRADATION-000,CLIMB,2500.0,10.0,0.7500002938034789,0.6799997061965212,4436.173864985341,927.4915931387659,246.39507177582058,75.27941563784921,421.8086932492671,20.17217883691375,8.509964342045599,14.2,4436.173864985341,927.4915931387659,246.39507177582058,75.27941563784921,421.8086932492671,20.17217883691375,8.509964342045599,0.0,0.0,0.0,0.0,0.0,0.0,0.0,0.0,0.0,0.0,0.0,0.0,0.0,0.0,0,INJECTOR_DEGRADATION,0.0,2026-01-01T00:02:00+00:00,False
2026-01-01T00:01:29Z,ENG-DATASET-000,MSN-INJECTOR_DEGRADATION-000,CLIMB,2500.0,10.0,0.7502509146757477,0.6797490853242524,4437.55227978282,927.7597707860083,245.94955886788873,75.23330352123853,421.87761398914097,20.179380551505044,8.21915461266387,14.2,4437.55227978282,927.7597707860083,245.94955886788873,75.23330352123853,421.87761398914097,20.179380551505044,8.21915461266387,0.0,0.0,0.0,0.0,0.0,0.0,0.0,0.0,0.0,0.0,0.0,0.0,0.0,0.0,0,INJECTOR_DEGRADATION,0.0,2026-01-01T00:02:00+00:00,False
2026-01-01T00:01:30Z,ENG-DATASET-000,MSN-INJECTOR_DEGRADATION-000,CRUISE,5000.0,10.0,0.5909657600746622,0.47903423992533783,3582.8642035314524,563.7394537572469,236.44808932503102,74.31260198976175,379.14321017657267,11.878529248194276,5.952013595339714,14.2,3582.8642035314524,563.7394537572469,236.44808932503102,74.31260198976175,379.14321017657267,11.878529248194276,5.952013595339714,0.0,0.0,0.0,0.0,0.0,0.0,0.0,0.0,0.0,0.0,0.0,0.0,0.0,0.0,0,INJECTOR_DEGRADATION,0.0,2026-01-01T00:02:00+00:00,False
2026-01-01T00:01:31Z,ENG-DATASET-000,MSN-INJECTOR_DEGRADATION-000,CRUISE,5000.0,10.0,0.5921336750768587,0.47786632492314135,3589.2877360435327,564.5943739196017,227.91813974051797,73.4306750445477,379.46438680217665,11.90235170004981,5.920553732081417,14.2,3589.2877360435327,564.5943739196017,227.91813974051797,73.4306750445477,379.46438680217665,11.90235170004981,5.920553732081417,0.0,0.0,0.0,0.0,0.0,0.0,0.0,0.0,0.0,0.0,0.0,0.0,0.0,0.0,0,INJECTOR_DEGRADATION,0.0,2026-01-01T00:02:00+00:00,False
2026-01-01T00:01:32Z,ENG-DATASET-000,MSN-INJECTOR_DEGRADATION-000,CRUISE,5000.0,10.0,0.5937364347593471,0.4762635652406529,3598.1029142972197,565.7682825702112,220.27053283072146,72.58669644327969,379.90514571486096,11.935060329305704,6.492261078589319,14.2,3598.1029142972197,565.7682825702112,220.27053283072146,72.58669644327969,379.90514571486096,11.935060329305704,6.492261078589319,0.0,0.0,0.0,0.0,0.0,0.0,0.0,0.0,0.0,0.0,0.0,0.0,0.0,0.0,0,INJECTOR_DEGRADATION,0.0,2026-01-01T00:02:00+00:00,False
2026-01-01T00:01:33Z,ENG-DATASET-000,MSN-INJECTOR_DEGRADATION-000,CRUISE,5000.0,10.0,0.5957490285933392,0.4742509714066608,3609.172180384176,567.243480737742,213.42456656609286,71.77983130911906,380.4586090192088,11.976159735538019,6.862259603856585,14.2,3609.172180384176,567.243480737742,213.42456656609286,71.77983130911906,380.4586090192088,11.976159735538019,6.862259603856585,0.0,0.0,0.0,0.0,0.0,0.0,0.0,0.0,0.0,0.0,0.0,0.0,0.0,0.0,0,INJECTOR_DEGRADATION,0.0,2026-01-01T00:02:00+00:00,False
2026-01-01T00:01:34Z,ENG-DATASET-000,MSN-INJECTOR_DEGRADATION-000,CRUISE,5000.0,10.0,0.598140050725185,0.4718599492748151,3622.3228021093273,568.9976756360809,207.3070518003856,71.00922581721126,381.11614010546634,12.025026192244459,6.518286364711737,14.2,3622.3228021093273,568.9976756360809,207.3070518003856,71.00922581721126,381.11614010546634,12.025026192244459,6.518286364711737,0.0,0.0,0.0,0.0,0.0,0.0,0.0,0.0,0.0,0.0,0.0,0.0,0.0,0.0,0,INJECTOR_DEGRADATION,0.0,2026-01-01T00:02:00+00:00,False
2026-01-01T00:01:35Z,ENG-DATASET-000,MSN-INJECTOR_DEGRADATION-000,CRUISE,5000.0,10.0,0.6008721900542148,0.46912780994578523,3637.3495684189916,571.0042839858888,201.85145371999425,70.27399811052815,381.8674784209496,12.08091630067472,5.974319988157346,14.2,3637.3495684189916,571.0042839858888,201.85145371999425,70.27399811052815,381.8674784209496,12.08091630067472,5.974319988157346,0.0,0.0,0.0,0.0,0.0,0.0,0.0,0.0,0.0,0.0,0.0,0.0,0.0,0.0,0,INJECTOR_DEGRADATION,0.0,2026-01-01T00:02:00+00:00,False
2026-01-01T00:01:36Z,ENG-DATASET-000,MSN-INJECTOR_DEGRADATION-000,CRUISE,5000.0,10.0,0.603902812459987,0.46609718754001306,3654.017991650739,573.2327982865478,196.99712830515853,69.57323054945533,382.700899582537,12.142977414175057,6.03388556561516,14.2,3654.017991650739,573.2327982865478,196.99712830515853,69.57323054945533,382.700899582537,12.142977414175057,6.03388556561516,0.0,0.0,0.0,0.0,0.0,0.0,0.0,0.0,0.0,0.0,0.0,0.0,0.0,0.0,0,INJECTOR_DEGRADATION,0.0,2026-01-01T00:02:00+00:00,False
2026-01-01T00:01:37Z,ENG-DATASET-000,MSN-INJECTOR_DEGRADATION-000,CRUISE,5000.0,10.0,0.6071846260934773,0.4628153739065227,3672.0679666349356,575.6492132602459,192.68864580614883,68.90596338021457,383.6033983317468,12.210259741534118,6.638486239758738,14.2,3672.0679666349356,575.6492132602459,192.68864580614883,68.90596338021457,383.6033983317468,12.210259741534118,6.638486239758738,0.0,0.0,0.0,0.0,0.0,0.0,0.0,0.0,0.0,0.0,0.0,0.0,0.0,0.0,0,INJECTOR_DEGRADATION,0.0,2026-01-01T00:02:00+00:00,False
2026-01-01T00:01:38Z,ENG-DATASET-000,MSN-INJECTOR_DEGRADATION-000,CRUISE,5000.0,10.0,0.6106664193505662,0.4593335806494338,3691.2178295489243,578.2165088382566,188.87519394649036,68.27118988650525,384.56089147744626,12.281730013731076,6.950991376969535,14.2,3691.2178295489243,578.2165088382566,188.87519394649036,68.27118988650525,384.56089147744626,12.281730013731076,6.950991376969535,0.0,0.0,0.0,0.0,0.0,0.0,0.0,0.0,0.0,0.0,0.0,0.0,0.0,0.0,0,INJECTOR_DEGRADATION,0.0,2026-01-01T00:02:00+00:00,False
2026-01-01T00:01:39Z,ENG-DATASET-000,MSN-INJECTOR_DEGRADATION-000,CRUISE,5000.0,10.0,0.6142938600119926,0.4557061399880074,3711.1687531867697,580.8951850847527,185.51005417896013,67.66785306698003,385.5584376593385,12.356286571852515,6.554519658990625,14.2,3711.1687531867697,580.8951850847527,185.51005417896013,67.66785306698003,385.5584376593385,12.356286571852515,6.554519658990625,0.0,0.0,0.0,0.0,0.0,0.0,0.0,0.0,0.0,0.0,0.0,0.0,0.0,0.0,0,INJECTOR_DEGRADATION,0.0,2026-01-01T00:02:00+00:00,False
2026-01-01T00:01:40Z,ENG-DATASET-000,MSN-INJECTOR_DEGRADATION-000,CRUISE,5000.0,10.0,0.618010343079464,0.45198965692053605,3731.6094100578625,583.6438433727773,182.55014484538356,67.0948438586816,386.58047050289315,12.432775705220891,6.049213583995083,14.2,3731.6094100578625,583.6438433727773,182.55014484538356,67.0948438586816,386.58047050289315,12.432775705220891,6.049213583995083,0.0,0.0,0.0,0.0,0.0,0.0,0.0,0.0,0.0,0.0,0.0,0.0,0.0,0.0,0,INJECTOR_DEGRADATION,0.0,2026-01-01T00:02:00+00:00,False
2026-01-01T00:01:41Z,ENG-DATASET-000,MSN-INJECTOR_DEGRADATION-000,CRUISE,5000.0,10.0,0.6217578740777223,0.4482421259222777,3752.2208305482827,586.4198069692779,179.95562553507716,66.5510009037122,387.61104152741416,12.510009038707059,6.191928602360414,14.2,3752.2208305482827,586.4198069692779,179.95562553507716,66.5510009037122,387.61104152741416,12.510009038707059,6.191928602360414,0.0,0.0,0.0,0.0,0.0,0.0,0.0,0.0,0.0,0.0,0.0,0.0,0.0,0.0,0,INJECTOR_DEGRADATION,0.0,2026-01-01T00:02:00+00:00,False
2026-01-01T00:01:42Z,ENG-DATASET-000,MSN-INJECTOR_DEGRADATION-000,CRUISE,5000.0,10.0,0.625477974038934,0.444522025961066,3772.6813803349473,589.179772991923,177.68955730636753,66.03511183354358,388.6340690167474,12.586781737795683,6.811391118887878,14.2,3772.6813803349473,589.179772991923,177.68955730636753,66.03511183354358,388.6340690167474,12.586781737795683,6.811391118887878,0.0,0.0,0.0,0.0,0.0,0.0,0.0,0.0,0.0,0.0,0.0,0.0,0.0,0.0,0,INJECTOR_DEGRADATION,0.0,2026-01-01T00:02:00+00:00,False
2026-01-01T00:01:43Z,ENG-DATASET-000,MSN-INJECTOR_DEGRADATION-000,CRUISE,5000.0,10.0,0.629112592047424,0.440887407952576,3792.6717793816424,591.8804865203663,175.71761373873994,65.54591602286254,389.6335889690821,12.661891270484082,7.053060068251948,14.2,3792.6717793816424,591.8804865203663,175.71761373873994,65.54591602286254,389.6335889690821,12.661891270484082,7.053060068251948,0.0,0.0,0.0,0.0,0.0,0.0,0.0,0.0,0.0,0.0,0.0,0.0,0.0,0.0,0,INJECTOR_DEGRADATION,0.0,2026-01-01T00:02:00+00:00,False
2026-01-01T00:01:44Z,ENG-DATASET-000,MSN-INJECTOR_DEGRADATION-000,CRUISE,5000.0,10.0,0.6326050111047993,0.4373949888952008,3811.880084197206,594.479426537162,174.007838028295,65.0821087430377,390.5940042098603,12.73415643795276,6.602892934165926,14.2,3811.880084197206,594.479426537162,174.007838028295,65.0821087430377,390.5940042098603,12.73415643795276,6.602892934165926,0.0,0.0,0.0,0.0,0.0,0.0,0.0,0.0,0.0,0.0,0.0,0.0,0.0,0.0,0,INJECTOR_DEGRADATION,0.0,2026-01-01T00:02:00+00:00,False
2026-01-01T00:01:45Z,ENG-DATASET-000,MSN-INJECTOR_DEGRADATION-000,CRUISE,5000.0,10.0,0.6359007331797392,0.43409926682026084,3830.0065556093755,596.9354924020394,172.53044153551647,64.64234662453075,391.50032778046875,12.802436362689212,6.13676448388657,14.2,3830.0065556093755,596.9354924020394,172.53044153551647,64.64234662453075,391.50032778046875,12.802436362689212,6.13676448388657,0.0,0.0,0.0,0.0,0.0,0.0,0.0,0.0,0.0,0.0,0.0,0.0,0.0,0.0,0,INJECTOR_DEGRADATION,0.0,2026-01-01T00:02:00+00:00,False
2026-01-01T00:01:46Z,ENG-DATASET-000,MSN-INJECTOR_DEGRADATION-000,CRUISE,5000.0,10.0,0.6389483296315471,0.4310516703684529,3846.7683360943197,599.2096787923452,171.25763935177346,64.22525431818376,392.33841680471596,12.865649104937392,6.35167478849862,14.2,3846.7683360943197,599.2096787923452,171.25763935177346,64.22525431818376,392.33841680471596,12.865649104937392,6.35167478849862,0.0,0.0,0.0,0.0,0.0,0.0,0.0,0.0,0.0,0.0,0.0,0.0,0.0,0.0,0,INJECTOR_DEGRADATION,0.0,2026-01-01T00:02:00+00:00,False
2026-01-01T00:01:47Z,ENG-DATASET-000,MSN-INJECTOR_DEGRADATION-000,CRUISE,5000.0,10.0,0.6417002437368877,0.42829975626311223,3861.9038636736927,601.2657265338997,170.1635185799436,63.82943222759955,393.0951931836846,12.922789567465053,6.966718719900248,14.2,3861.9038636736927,601.2657265338997,170.1635185799436,63.82943222759955,393.0951931836846,12.922789567465053,6.966718719900248,0.0,0.0,0.0,0.0,0.0,0.0,0.0,0.0,0.0,0.0,0.0,0.0,0.0,0.0,0,INJECTOR_DEGRADATION,0.0,2026-01-01T00:02:00+00:00,False
2026-01-01T00:01:48Z,ENG-DATASET-000,MSN-INJECTOR_DEGRADATION-000,CRUISE,5000.0,10.0,0.6441135327965486,0.42588646720345136,3875.176953501828,603.0707365548161,169.22393513581963,63.45346516907147,393.7588476750914,12.972946345989255,7.125110686592841,14.2,3875.176953501828,603.0707365548161,169.22393513581963,63.45346516907147,393.7588476750914,12.972946345989255,7.125110686592841,0.0,0.0,0.0,0.0,0.0,0.0,0.0,0.0,0.0,0.0,0.0,0.0,0.0,0.0,0,INJECTOR_DEGRADATION,0.0,2026-01-01T00:02:00+00:00,False
2026-01-01T00:01:49Z,ENG-DATASET-000,MSN-INJECTOR_DEGRADATION-000,CRUISE,5000.0,10.0,0.6461505382418992,0.42384946175810084,3886.380483451256,604.5957343630541,168.416434981314,63.0959318019601,394.3190241725628,13.015317189187574,6.621300139636488,14.2,3886.380483451256,604.5957343630541,168.416434981314,63.0959318019601,394.3190241725628,13.015317189187574,6.621300139636488,0.0,0.0,0.0,0.0,0.0,0.0,0.0,0.0,0.0,0.0,0.0,0.0,0.0,0.0,0,INJECTOR_DEGRADATION,0.0,2026-01-01T00:02:00+00:00,False
2026-01-01T00:01:50Z,ENG-DATASET-000,MSN-INJECTOR_DEGRADATION-000,CRUISE,5000.0,10.0,0.6477794732842588,0.4222205267157412,3895.339626184233,605.8161730043485,167.72019580829132,62.75541466127045,394.7669813092117,13.049222748682583,6.195125304258038,14.2,3895.339626184233,605.8161730043485,167.72019580829132,62.75541466127045,394.7669813092117,13.049222748682583,6.195125304258038,0.0,0.0,0.0,0.0,0.0,0.0,0.0,0.0,0.0,0.0,0.0,0.0,0.0,0.0,0,INJECTOR_DEGRADATION,0.0,2026-01-01T00:02:00+00:00,False
2026-01-01T00:01:51Z,ENG-DATASET-000,MSN-INJECTOR_DEGRADATION-000,CRUISE,5000.0,10.0,0.6489749189371029,0.42102508106289704,3901.914577274876,606.7123634100743,167.11598531271406,62.43051061562979,395.09572886374383,13.07411832590009,6.47158345926618,14.2,3901.914577274876,606.7123634100743,167.11598531271406,62.43051061562979,395.09572886374383,13.07411832590009,6.47158345926618,0.0,0.0,0.0,0.0,0.0,0.0,0.0,0.0,0.0,0.0,0.0,0.0,0.0,0.0,0,INJECTOR_DEGRADATION,0.0,2026-01-01T00:02:00+00:00,False
2026-01-01T00:01:52Z,ENG-DATASET-000,MSN-INJECTOR_DEGRADATION-000,CRUISE,5000.0,10.0,0.6497182206708461,0.4202817793291539,3906.002736810464,607.2698223836642,166.58613234103427,62.11984156803767,395.30013684052324,13.089603358950033,7.065187439291648,14.2,3906.002736810464,607.2698223836642,166.58613234103427,62.11984156803767,395.30013684052324,13.089603358950033,7.065187439291648,0.0,0.0,0.0,0.0,0.0,0.0,0.0,0.0,0.0,0.0,0.0,0.0,0.0,0.0,0,INJECTOR_DEGRADATION,0.0,2026-01-01T00:02:00+00:00,False
2026-01-01T00:01:53Z,ENG-DATASET-000,MSN-INJECTOR_DEGRADATION-000,CRUISE,5000.0,10.0,0.6499977795105369,0.4200022204894631,3907.5403104287634,607.4795301676111,166.11450736112113,61.822065213748715,395.3770155214382,13.09542843783358,7.132078484481086,14.2,3907.5403104287634,607.4795301676111,166.11450736112113,61.822065213748715,395.3770155214382,13.09542843783358,7.132078484481086,0.0,0.0,0.0,0.0,0.0,0.0,0.0,0.0,0.0,0.0,0.0,0.0,0.0,0.0,0,INJECTOR_DEGRADATION,0.0,2026-01-01T00:02:00+00:00,False
2026-01-01T00:01:54Z,ENG-DATASET-000,MSN-INJECTOR_DEGRADATION-000,CRUISE,5000.0,10.0,0.6498092330339829,0.42019076696601715,3906.503304807716,607.3380915290077,165.6865089132342,61.53588566950373,395.3251652403858,13.091499689020004,6.5788993915528575,14.2,3906.503304807716,607.3380915290077,165.6865089132342,61.53588566950373,395.3251652403858,13.091499689020004,6.5788993915528575,0.0,0.0,0.0,0.0,0.0,0.0,0.0,0.0,0.0,0.0,0.0,0.0,0.0,0.0,0,INJECTOR_DEGRADATION,0.0,2026-01-01T00:02:00+00:00,False
2026-01-01T00:01:55Z,ENG-DATASET-000,MSN-INJECTOR_DEGRADATION-000,CRUISE,5000.0,10.0,0.6491555234458896,0.4208444765541104,3902.907902073203,606.8477965305962,165.28905293517568,61.26006379104839,395.1453951036601,13.077880429012694,6.19650646710074,14.2,3902.907902073203,606.8477965305962,165.28905293517568,61.26006379104839,395.1453951036601,13.077880429012694,6.19650646710074,0.0,0.0,0.0,0.0,0.0,0.0,0.0,0.0,0.0,0.0,0.0,0.0,0.0,0.0,0,INJECTOR_DEGRADATION,0.0,2026-01-01T00:02:00+00:00,False
2026-01-01T00:01:56Z,ENG-DATASET-000,MSN-INJECTOR_DEGRADATION-000,CRUISE,5000.0,10.0,0.6480468516657405,0.4219531483342595,3896.810207282383,606.0165795329873,164.9105621299828,60.99342700143101,394.84051036411915,13.054790048842507,6.52695502924326,14.2,3896.810207282383,606.0165795329873,164.9105621299828,60.99342700143101,394.84051036411915,13.054790048842507,6.52695502924326,0.0,0.0,0.0,0.0,0.0,0.0,0.0,0.0,0.0,0.0,0.0,0.0,0.0,0.0,0,INJECTOR_DEGRADATION,0.0,2026-01-01T00:02:00+00:00,False
2026-01-01T00:01:57Z,ENG-DATASET-000,MSN-INJECTOR_DEGRADATION-000,CRUISE,5000.0,10.0,0.6465005181458598,0.42349948185414016,3888.3053729230396,604.8578774096843,164.5409528522266,60.73487846086519,394.41526864615196,13.022600155177543,7.087000310163078,14.2,3888.3053729230396,604.8578774096843,164.5409528522266,60.73487846086519,394.41526864615196,13.022600155177543,7.087000310163078,0.0,0.0,0.0,0.0,0.0,0.0,0.0,0.0,0.0,0.0,0.0,0.0,0.0,0.0,0,INJECTOR_DEGRADATION,0.0,2026-01-01T00:02:00+00:00,False
2026-01-01T00:01:58Z,ENG-DATASET-000,MSN-INJECTOR_DEGRADATION-000,CRUISE,5000.0,10.0,0.6445406529036408,0.4254593470963592,3877.526114090835,603.3903903538206,164.17161732584947,60.48340541985164,393.8763057045418,12.98182805652183,7.060583682640226,14.2,3877.526114090835,603.3903903538206,164.17161732584947,60.48340541985164,393.8763057045418,12.98182805652183,7.060583682640226,0.0,0.0,0.0,0.0,0.0,0.0,0.0,0.0,0.0,0.0,0.0,0.0,0.0,0.0,0,INJECTOR_DEGRADATION,0.0,2026-01-01T00:02:00+00:00,False
2026-01-01T00:01:59Z,ENG-DATASET-000,MSN-INJECTOR_DEGRADATION-000,CRUISE,5000.0,10.0,0.6421978389806943,0.4278021610193057,3864.6406375146294,601.6377509205679,163.79539936627873,60.238086610607056,393.2320318757315,12.933127742452623,6.468193679334103,14.2,3864.6406375146294,601.6377509205679,163.79539936627873,60.238086610607056,393.2320318757315,12.933127742452623,6.468193679334103,0.0,0.0,0.0,0.0,0.0,0.0,0.0,0.0,0.0,0.0,0.0,0.0,0.0,0.0,0,INJECTOR_DEGRADATION,0.0,2026-01-01T00:02:00+00:00,False
2026-01-01T00:02:00Z,ENG-DATASET-000,MSN-INJECTOR_DEGRADATION-000,CRUISE,5000.0,10.0,0.6395086352047135,0.4304913647952865,3849.850016746735,599.628108996413,163.4065621545612,59.99809854743896,392.49250083733676,12.8772785578714,6.137783435993401,14.2,3849.850016746735,599.628108996413,163.4065621545612,59.99809854743896,392.49250083733676,12.8772785578714,6.137783435993401,0.0,0.0,0.0,0.0,0.0,0.0,0.0,0.0,0.0,0.0,0.0,0.0,0.0,0.0,0,INJECTOR_DEGRADATION,0.0,2026-01-01T00:02:00+00:00,False
2026-01-01T00:02:01Z,ENG-DATASET-000,MSN-INJECTOR_DEGRADATION-000,CRUISE,5000.0,10.0,0.6365150057011951,0.43348499429880494,3832.7647077523584,598.1899620850951,163.2007469926914,59.76272062429172,391.6692527238692,12.841870095619933,6.518906202186331,14.2,3833.3850544773836,597.393642143454,163.0007469926914,59.76272062429172,391.6692527238692,12.815171820992864,6.518906202186331,-0.6203467250252288,0.7963199416410589,0.19999999999998863,0.0,0.0,0.026698274627069196,0.0,-0.0001618273969896829,0.0013329903190530375,0.0012269882420168062,0.0,0.0,0.00208333333333339,0.0,0,INJECTOR_DEGRADATION,0.008333333333333333,2026-01-01T00:02:00+00:00,True
2026-01-01T00:02:02Z,ENG-DATASET-000,MSN-INJECTOR_DEGRADATION-000,CRUISE,5000.0,10.0,0.6332636650572961,0.4367363349427038,3814.1345019681708,596.4351565436198,162.97492234787362,59.5313389169972,390.7751340467969,12.800911487158823,7.039023020071876,14.2,3815.5026809359383,594.9700021780538,162.5749223478736,59.5313389169972,390.7751340467969,12.747795671859409,7.039023020071876,-1.3681789677675624,1.4651543655659225,0.4000000000000057,0.0,0.0,0.05311581529941378,0.0,-0.00035858419772671993,0.0024625684659769667,0.0024604040661578546,0.0,0.0,0.004166666666666634,0.0,0,INJECTOR_DEGRADATION,0.016666666666666666,2026-01-01T00:02:00+00:00,True
2026-01-01T00:02:03Z,ENG-DATASET-000,MSN-INJECTOR_DEGRADATION-000,CRUISE,5000.0,10.0,0.6298053493563258,0.44019465064367425,3794.270153193774,594.433918485948,162.72732285990566,59.303448618492844,389.82409722903014,12.755444832033902,6.924179072775254,14.2,3796.4819445806024,592.3957098727763,162.12732285990566,59.303448618492844,389.82409722903014,12.676218466617541,6.924179072775254,-2.2117913868282812,2.0382086131717188,0.5999999999999943,0.0,0.0,0.07922636541636052,0.0,-0.0005825897288898124,0.0034406201449525137,0.003700795087564943,0.0,0.0,0.00625000000000007,0.0,0,INJECTOR_DEGRADATION,0.025,2026-01-01T00:02:00+00:00,True
2026-01-01T00:02:04Z,ENG-DATASET-000,MSN-INJECTOR_DEGRADATION-000,CRUISE,5000.0,10.0,0.6261940244581339,0.4438059755418661,3773.629198295588,592.387717625283,162.4573783315045,59.078655057098345,388.83098288202734,12.706584143303937,6.308279242468856,14.2,3776.619657640547,589.7115103035754,161.65737833150447,59.078655057098345,388.83098288202734,12.601571051210517,6.308279242468856,-2.9904593449587082,2.6762073217075795,0.8000000000000114,0.0,0.0,0.10501309209342047,0.0,-0.0007918349254229656,0.00453816361890224,0.004948737931153892,0.0,0.0,0.008333333333333293,0.0,0,INJECTOR_DEGRADATION,0.03333333333333333,2026-01-01T00:02:00+00:00,True
2026-01-01T00:02:05Z,ENG-DATASET-000,MSN-INJECTOR_DEGRADATION-000,CRUISE,5000.0,10.0,0.6224860438799179,0.44751395612008205,3752.68144544323,590.4987159224698,162.16563303851066,58.856673270529264,387.811288223018,12.655497300954478,6.041723808151269,14.2,3756.225764460359,586.9597016062655,161.16563303851066,58.856673270529264,387.811288223018,12.52502825661474,6.041723808151269,-3.5443190171290553,3.539014316204316,1.0,0.0,0.0,0.13046904433973694,0.0,-0.0009435851941232431,0.006029399133397915,0.00620479677426669,0.0,0.0,0.010416666666666671,0.0,0,INJECTOR_DEGRADATION,0.041666666666666664,2026-01-01T00:02:00+00:00,True
2026-01-01T00:02:06Z,ENG-DATASET-000,MSN-INJECTOR_DEGRADATION-000,CRUISE,5000.0,10.0,0.6187392694184348,0.45126073058156524,3731.7514056000964,588.8163504595949,161.8536559792021,58.63732613132048,386.7809252461101,12.603387331285122,6.473559796799342,14.2,3735.6185049222017,584.1834497817003,160.6536559792021,58.63732613132048,386.7809252461101,12.447789956824812,6.473559796799342,-3.8670993221053322,4.632900677894554,1.1999999999999886,0.0,0.0,0.15559737446031008,0.0,-0.0010351965322502514,0.007930557908865429,0.007469484542295994,0.0,0.0,0.012499999999999995,0.0,0,INJECTOR_DEGRADATION,0.05,2026-01-01T00:02:00+00:00,True
2026-01-01T00:02:07Z,ENG-DATASET-000,MSN-INJECTOR_DEGRADATION-000,CRUISE,5000.0,10.0,0.6150121682360147,0.45498783176398533,3710.964211562126,587.18753154816,161.52394292473838,58.42054104237601,385.75597242094454,12.551473342565778,6.951922278618402,14.2,3715.1194484188914,581.4261017382588,160.12394292473837,58.42054104237601,385.75597242094454,12.371062021420068,6.951922278618402,-4.155236856765441,5.761429809901188,1.4000000000000057,0.0,0.0,0.18041132114571035,0.0,-0.0011184665565824158,0.009909135129428393,0.00874322711787103,0.0,0.0,0.014583333333333417,0.0,0,INJECTOR_DEGRADATION,0.058333333333333334,2026-01-01T00:02:00+00:00,True
2026-01-01T00:02:08Z,ENG-DATASET-000,MSN-INJECTOR_DEGRADATION-000,CRUISE,5000.0,10.0,0.611362900500048,0.45863709949995196,3690.3523795308383,585.3677450288134,161.17981133315746,58.20634524409604,384.75242379355376,12.500971435939134,6.7584631911446795,14.2,3695.048475871075,578.7305080357166,159.57981133315747,58.20634524409604,384.75242379355376,12.296037477972918,6.7584631911446795,-4.696096340236636,6.637236993096735,1.5999999999999943,0.0,0.0,0.20493395796621527,0.0,-0.0012709160301691504,0.01146861432210364,0.01002633094144752,0.0,0.0,0.016666666666666663,0.0,0,INJECTOR_DEGRADATION,0.06666666666666667,2026-01-01T00:02:00+00:00,True
2026-01-01T00:02:09Z,ENG-DATASET-000,MSN-INJECTOR_DEGRADATION-000,CRUISE,5000.0,10.0,0.6078484118130254,0.46215158818697455,3670.060161878923,583.2297396435779,160.82528934626936,57.994859796602235,383.78593940462247,12.453075893064993,6.138026208307127,14.2,3675.71878809245,576.138365857105,159.02528934626935,57.994859796602235,383.78593940462247,12.22387817724171,6.138026208307127,-5.658626213526986,7.0913737864729,1.8000000000000114,0.0,0.0,0.22919771582328252,0.0,-0.001539461133930647,0.012308456104851238,0.011318954409072662,0.0,0.0,0.018750000000000037,0.0,0,INJECTOR_DEGRADATION,0.075,2026-01-01T00:02:00+00:00,True
2026-01-01T00:02:10Z,ENG-DATASET-000,MSN-INJECTOR_DEGRADATION-000,CRUISE,5000.0,10.0,0.6045235445954568,0.4654764554045433,3650.497333059854,580.9215729797978,160.4650002028699,57.78629232164556,382.87160091979115,12.408940919823667,5.9483695256052656,14.2,3657.4320183958225,573.6895916491,158.4650002028699,57.78629232164556,382.87160091979115,12.155697227582369,5.9483695256052656,-6.934685335968425,7.231981330697863,2.0,0.0,0.0,0.2532436922412984,0.0,-0.0018960531053178755,0.012606087744958323,0.012621083503862443,0.0,0.0,0.020833333333333256,0.0,0,INJECTOR_DEGRADATION,0.08333333333333333,2026-01-01T00:02:00+00:00,True
2026-01-01T00:02:11Z,ENG-DATASET-000,MSN-INJECTOR_DEGRADATION-000,CRUISE,5000.0,10.0,0.6014401822882414,0.46855981771175864,3632.3121508535996,578.8436901815857,160.10404347510266,57.580928608508465,382.0236762853069,12.36966320001997,6.43176232028938,14.2,3640.4735257061375,571.4217317007898,157.90404347510267,57.580928608508465,382.0236762853069,12.092542435864736,6.43176232028938,-8.161374852537847,7.421958480795865,2.1999999999999886,0.0,0.0,0.27712076415523335,0.0,-0.002241844308139776,0.012988582808541455,0.01393251212307854,0.0,0.0,0.02291666666666665,0.0,0,INJECTOR_DEGRADATION,0.09166666666666666,2026-01-01T00:02:00+00:00,True
2026-01-01T00:02:12Z,ENG-DATASET-000,MSN-INJECTOR_DEGRADATION-000,CRUISE,5000.0,10.0,0.5986464397289263,0.4713535602710737,3616.1708685813273,577.4323446863923,159.74787457096664,57.379123206298,381.2553970814953,12.336265485895847,6.86835112117326,14.2,3625.107941629905,569.3694177349699,157.34787457096664,57.379123206298,381.2553970814953,12.035380961849608,6.86835112117326,-8.937073048577531,8.062926951422355,2.4000000000000057,0.0,0.0,0.3008845240462392,0.0,-0.002465326051659384,0.014161152145293981,0.015252827574214,0.0,0.0,0.024999999999999918,0.0,0,INJECTOR_DEGRADATION,0.1,2026-01-01T00:02:00+00:00,True
2026-01-01T00:02:13Z,ENG-DATASET-000,MSN-INJECTOR_DEGRADATION-000,CRUISE,5000.0,10.0,0.5961859123357582,0.47381408766424177,3602.472427816643,576.8779269336258,159.4021839493149,57.181289141187335,380.57875204837404,12.309681424668018,6.607902471676692,14.2,3611.5750409674806,567.5638734177968,156.8021839493149,57.181289141187335,380.57875204837404,11.985085362759936,6.607902471676692,-9.102613150837442,9.31405351582896,2.5999999999999943,0.0,0.0,0.3245960619080819,0.0,-0.002520399838736011,0.016410582054387862,0.016581401703183066,0.0,0.0,0.02708333333333336,0.0,0,INJECTOR_DEGRADATION,0.10833333333333334,2026-01-01T00:02:00+00:00,True
2026-01-01T00:02:14Z,ENG-DATASET-000,MSN-INJECTOR_DEGRADATION-000,CRUISE,5000.0,10.0,0.5940969958157628,0.4759030041842372,3591.1917377770815,576.9715475971784,159.07277746924015,56.98788691114777,380.0043000053753,12.290741793352177,6.001762667534564,14.2,3600.0860001075057,566.032476594269,156.27277746924014,56.98788691114777,380.0043000053753,11.942421175726814,6.001762667534564,-8.894262330424226,10.939071002909373,2.8000000000000114,0.0,0.0,0.3483206176253635,0.0,-0.0024705694058860333,0.01932587166858003,0.017917388078362833,0.0,0.0,0.029166666666666504,0.0,0,INJECTOR_DEGRADATION,0.11666666666666667,2026-01-01T00:02:00+00:00,True
2026-01-01T00:02:15Z,ENG-DATASET-000,MSN-INJECTOR_DEGRADATION-000,CRUISE,5000.0,10.0,0.5924122870125784,0.4775877129874216,3581.978624821764,577.2069041917221,158.76545924881486,56.79941292230448,379.5410050844996,12.280162288664307,5.899832540541915,14.2,3590.8201016899916,564.7983810599499,155.76545924881486,56.79941292230448,379.5410050844996,11.908036158704784,5.899832540541915,-8.8414768682278,12.4085231317722,3.0,0.0,0.0,0.37212612995952377,0.0,-0.0024622444505272285,0.021969827725931656,0.01925972558016148,0.0,0.0,0.03124999999999994,0.0,0,INJECTOR_DEGRADATION,0.125,2026-01-01T00:02:00+00:00,True
2026-01-01T00:02:16Z,ENG-DATASET-000,MSN-INJECTOR_DEGRADATION-000,CRUISE,5000.0,10.0,0.5911580752436133,0.4788419247563867,3574.4753966516446,577.1003271605614,158.4859183440067,56.61638754006665,379.19609684803413,12.278532995374398,6.433223949965737,14.2,3583.921936960683,563.8802008029332,155.28591834400672,56.61638754006665,379.19609684803413,11.88245128584619,6.433223949965737,-9.446540309038483,13.220126357628146,3.1999999999999886,0.0,0.0,0.3960817095282074,0.0,-0.0026358108449899853,0.023444920284137374,0.020607148633471007,0.0,0.0,0.03333333333333342,0.0,0,INJECTOR_DEGRADATION,0.13333333333333333,2026-01-01T00:02:00+00:00,True
2026-01-01T00:02:17Z,ENG-DATASET-000,MSN-INJECTOR_DEGRADATION-000,CRUISE,5000.0,10.0,0.5903539320640401,0.4796460679359599,3568.659222473695,576.5351652356484,158.23962048214733,56.43934293448571,378.97495747365156,12.286309635419768,6.826651853517824,14.2,3579.4991494730307,563.2917589016506,154.83962048214732,56.43934293448571,378.97495747365156,11.866053571431566,6.826651853517824,-10.839926999335603,13.243406333997768,3.4000000000000057,0.0,0.0,0.4202560639882016,0.0,-0.003028336241099944,0.023510740437283826,0.021958204169016407,0.0,0.0,0.035416666666666693,0.0,0,INJECTOR_DEGRADATION,0.14166666666666666,2026-01-01T00:02:00+00:00,True
2026-01-01T00:02:18Z,ENG-DATASET-000,MSN-INJECTOR_DEGRADATION-000,CRUISE,5000.0,10.0,0.5900124058592234,0.4799875941407765,3564.9760744953783,575.89722178852,158.0317059999246,56.26881090278664,378.881037767327,12.30380668137967,6.509339632292255,14.2,3577.620755346539,563.0419026396809,154.43170599992462,56.26881090278664,378.881037767327,11.859090777233417,6.509339632292255,-12.644680851160956,12.855319148839158,3.5999999999999943,0.0,0.0,0.4447159041462534,0.0,-0.0035343826849909233,0.022831904852143713,0.023311275211851584,0.0,0.0,0.03750000000000002,0.0,0,INJECTOR_DEGRADATION,0.15,2026-01-01T00:02:00+00:00,True
2026-01-01T00:02:19Z,ENG-DATASET-000,MSN-INJECTOR_DEGRADATION-000,CRUISE,5000.0,10.0,0.5901388260313631,0.4798611739686368,3564.149732598262,575.8847188558782,157.8668950470386,56.10531085264244,378.91580331466537,12.331192401339734,5.932867979520279,14.2,3578.316066293308,563.1343858842575,154.0668950470386,56.10531085264244,378.91580331466537,11.861668041368883,5.932867979520279,-14.166333695045978,12.75033297162065,3.8000000000000114,0.0,0.0,0.4695243599708512,0.0,-0.003958938627162845,0.022641723345662043,0.02466461077728491,0.0,0.0,0.0395833333333333,0.0,0,INJECTOR_DEGRADATION,0.15833333333333333,2026-01-01T00:02:00+00:00,True
2026-01-01T00:02:20Z,ENG-DATASET-000,MSN-INJECTOR_DEGRADATION-000,CRUISE,5000.0,10.0,0.5907312198359552,0.4792687801640447,3566.757572877952,577.0844933407999,157.74940102603668,55.94933812751166,379.07871161092817,12.36848588728483,5.924253447699702,14.2,3581.574232218564,563.5678193480779,153.74940102603668,55.94933812751166,379.07871161092817,11.873746451793437,5.924253447699702,-14.81665934061175,13.516673992721962,4.0,0.0,0.0,0.4947394354913932,0.0,-0.0041369125362044346,0.023984112521466778,0.02601636151624825,0.0,0.0,0.041666666666666664,0.0,0,INJECTOR_DEGRADATION,0.16666666666666666,2026-01-01T00:02:00+00:00,True
2026-01-01T00:02:21Z,ENG-DATASET-000,MSN-INJECTOR_DEGRADATION-000,CRUISE,5000.0,10.0,0.5917803431658103,0.47821965683418965,3572.8317065673627,579.572985020068,157.6828531480698,55.801352850269204,379.36722052663833,12.415556105337,6.501084516997396,14.2,3587.344410532767,564.3356889854723,153.4828531480698,55.801352850269204,379.36722052663833,11.89514357397557,6.501084516997396,-14.512703965404398,15.237296034595715,4.199999999999989,0.0,0.0,0.5204125313614298,0.0,-0.00404552847582568,0.0270004118683126,0.02736462030679163,0.0,0.0,0.043749999999999886,0.0,0,INJECTOR_DEGRADATION,0.175,2026-01-01T00:02:00+00:00,True
2026-01-01T00:02:22Z,ENG-DATASET-000,MSN-INJECTOR_DEGRADATION-000,CRUISE,5000.0,10.0,0.5932698248022544,0.47673017519774563,3581.753123432898,582.8096729971934,157.67022889403378,55.661769453510516,379.77682797666046,12.472122992664998,6.846241136137502,14.2,3595.5365595332096,565.4264424308384,153.27022889403378,55.661769453510516,379.77682797666046,11.925535929241432,6.846241136137502,-13.78343610031152,17.383230566354996,4.400000000000006,0.0,0.0,0.5465870634235657,0.0,-0.0038334851758817755,0.030743575577439095,0.028707466751694014,0.0,0.0,0.04583333333333334,0.0,0,INJECTOR_DEGRADATION,0.18333333333333332,2026-01-01T00:02:00+00:00,True
2026-01-01T00:02:23Z,ENG-DATASET-000,MSN-INJECTOR_DEGRADATION-000,CRUISE,5000.0,10.0,0.5951764218825207,0.4748235781174793,3592.5376895298355,585.9218224231552,157.71379708049693,55.53094705442262,380.30114217373375,12.53776061193851,6.47841771102532,14.2,3606.0228434746746,566.823643034661,153.11379708049694,55.53094705442262,380.30114217373375,11.964463407018856,6.47841771102532,-13.485153944839112,19.098179388494145,4.599999999999994,0.0,0.0,0.573297204919653,0.0,-0.0037396196669251132,0.033693335878239465,0.030043014331240337,0.0,0.0,0.04791666666666662,0.0,0,INJECTOR_DEGRADATION,0.19166666666666665,2026-01-01T00:02:00+00:00,True
2026-01-01T00:02:24Z,ENG-DATASET-000,MSN-INJECTOR_DEGRADATION-000,CRUISE,5000.0,10.0,0.5974703825968497,0.4725296174031503,3604.3633497163205,588.2299129690247,157.81507213885195,55.40918081915545,380.9319813701742,12.611902358985795,5.941472044631434,14.2,3618.6396274034837,568.506190656188,153.01507213885193,55.40918081915545,380.9319813701742,12.01133557998647,5.941472044631434,-14.276277687163201,19.723722312836685,4.800000000000011,0.0,0.0,0.6005667789993243,0.0,-0.0039452057007972885,0.034693944651809215,0.03136945879190451,0.0,0.0,0.050000000000000065,0.0,0,INJECTOR_DEGRADATION,0.2,2026-01-01T00:02:00+00:00,True
2026-01-01T00:02:25Z,ENG-DATASET-000,MSN-INJECTOR_DEGRADATION-000,CRUISE,5000.0,10.0,0.6001159104555293,0.46988408954447075,3617.0164085290635,589.6916524703045,157.97478012248664,55.29669444639677,381.6595015313111,12.693848202100815,6.0249900143335156,14.2,3633.190030626221,570.4486079007955,152.97478012248664,55.29669444639677,381.6595015313111,12.065439875264142,6.0249900143335156,-16.173622097157477,19.243044569508925,5.0,0.0,0.0,0.6284083268366736,0.0,-0.004451631200355841,0.03373317824426247,0.03268512624104777,0.0,0.0,0.052083333333333294,0.0,0,INJECTOR_DEGRADATION,0.20833333333333334,2026-01-01T00:02:00+00:00,True
2026-01-01T00:02:26Z,ENG-DATASET-000,MSN-INJECTOR_DEGRADATION-000,CRUISE,5000.0,10.0,0.6030717228811443,0.46692827711885565,3630.9607953107993,590.9685195955846,158.19283685820187,55.19363388259113,382.47234994835526,12.782773911617507,6.632748089798129,14.2,3649.4469989671043,572.6213899185561,152.99283685820188,55.19363388259113,382.47234994835526,12.12595153671226,6.632748089798129,-18.48620365630495,18.34712967702842,5.199999999999989,0.0,0.0,0.6568223749052482,0.0,-0.005065480786962262,0.03204059436137712,0.033988519376364636,0.0,0.0,0.05416666666666673,0.0,0,INJECTOR_DEGRADATION,0.21666666666666667,2026-01-01T00:02:00+00:00,True
2026-01-01T00:02:27Z,ENG-DATASET-000,MSN-INJECTOR_DEGRADATION-000,CRUISE,5000.0,10.0,0.6062916954093903,0.4637083045906097,3646.9561491832656,593.0407165011019,158.46833855213902,55.100062362218125,383.35784239362283,12.877742215482693,6.920204812696897,14.2,3667.1568478724566,574.9914151902931,153.068338552139,55.100062362218125,383.35784239362283,12.19194529276468,6.920204812696897,-20.200698689191086,18.0493013108088,5.400000000000006,0.0,0.0,0.6857969227180121,0.0,-0.005508545046528554,0.03139055790047821,0.035278360313296446,0.0,0.0,0.0562499999999999,0.0,0,INJECTOR_DEGRADATION,0.225,2026-01-01T00:02:00+00:00,True
2026-01-01T00:02:28Z,ENG-DATASET-000,MSN-INJECTOR_DEGRADATION-000,CRUISE,5000.0,10.0,0.6097255814459116,0.4602744185540884,3665.4380505305867,596.5839100336236,158.79956504466745,55.015956846054245,384.30216105366617,12.977715790401035,6.504046251551588,14.2,3686.043221073324,577.5224139096943,153.19956504466745,55.015956846054245,384.30216105366617,12.262408620851371,6.504046251551588,-20.60517054273714,19.061496123929373,5.599999999999994,0.0,0.0,0.7153071695496642,0.0,-0.005590051257385204,0.03300563868142782,0.03655362858482814,0.0,0.0,0.05833333333333341,0.0,0,INJECTOR_DEGRADATION,0.23333333333333334,2026-01-01T00:02:00+00:00,True
2026-01-01T00:02:29Z,ENG-DATASET-000,MSN-INJECTOR_DEGRADATION-000,CRUISE,5000.0,10.0,0.6133197963476013,0.4566802036523988,3686.0441766033314,601.4915965308985,159.183995780872,54.9412059087064,385.29057015163085,13.081571968748454,6.0109055109606055,14.2,3705.8114030326174,580.1754896268511,153.383995780872,54.9412059087064,385.29057015163085,12.33625647347595,6.0109055109606055,-19.767226429285984,21.316106904047388,5.800000000000011,0.0,0.0,0.7453154952725036,0.0,-0.005334115603700083,0.03674079185550767,0.037813593070596674,0.0,0.0,0.06041666666666653,0.0,0,INJECTOR_DEGRADATION,0.24166666666666667,2026-01-01T00:02:00+00:00,True
2026-01-01T00:02:30Z,ENG-DATASET-000,MSN-INJECTOR_DEGRADATION-000,CRUISE,5000.0,10.0,0.6170182535930345,0.4529817464069655,3707.604445843031,606.8612167241986,159.6183384218765,54.87560910426153,386.307645894125,13.188119009207437,6.179126171508674,14.2,3726.1529178825003,582.9096887636678,153.6183384218765,54.87560910426153,386.307645894125,12.41234730278347,6.179126171508674,-18.54847203946929,23.951527960530825,6.0,0.0,0.0,0.7757717064239671,0.0,-0.004977914875809773,0.04108960345354908,0.039057836854883926,0.0,0.0,0.06250000000000001,0.0,0,INJECTOR_DEGRADATION,0.25,2026-01-01T00:02:00+00:00,True
2026-01-01T00:02:31Z,ENG-DATASET-000,MSN-INJECTOR_DEGRADATION-000,CRUISE,5000.0,10.0,0.6207632399938777,0.44923676000612234,3728.6374910006207,611.4864260509644,160.0985698664592,54.818877815995855,387.3375171543569,13.29611374463229,6.80045869484923,14.2,3746.7503430871375,585.6826114708145,153.8985698664592,54.818877815995855,387.3375171543569,12.489500190652642,6.80045869484923,-18.112852086516796,25.803814580149833,6.199999999999989,0.0,0.0,0.8066135539796484,0.0,-0.004834283159521298,0.044057675735581704,0.04028627429988368,0.0,0.0,0.06458333333333323,0.0,0,INJECTOR_DEGRADATION,0.2583333333333333,2026-01-01T00:02:00+00:00,True
2026-01-01T00:02:32Z,ENG-DATASET-000,MSN-INJECTOR_DEGRADATION-000,CRUISE,5000.0,10.0,0.6244963162898886,0.44550368371011145,3748.073943347238,614.5760700722229,160.6199892824845,54.77063757308749,388.3641131357599,13.404280384980275,7.017903314038097,14.2,3767.2822627151977,588.4510561068489,154.2199892824845,54.77063757308749,388.3641131357599,12.566512860919008,7.017903314038097,-19.208319367959575,26.125013965374023,6.400000000000006,0.0,0.0,0.8377675240612668,0.0,-0.0050987205174574685,0.044396239405559555,0.04149915993235569,0.0,0.0,0.06666666666666662,0.0,0,INJECTOR_DEGRADATION,0.26666666666666666,2026-01-01T00:02:00+00:00,True
2026-01-01T00:02:33Z,ENG-DATASET-000,MSN-INJECTOR_DEGRADATION-000,CRUISE,5000.0,10.0,0.6281592290740277,0.44184077092597235,3765.7632611590457,616.2566665619747,161.1772825650083,54.7304317945357,389.3714141513981,13.511330217503156,6.552995135138503,14.2,3787.428283027962,591.1716884308911,154.57728256500832,54.7304317945357,389.3714141513981,12.642180320470787,6.552995135138503,-21.665021868916483,25.08497813108363,6.599999999999994,0.0,0.0,0.8691498970323686,0.0,-0.005720246101028689,0.042432644563316406,0.042697089057858996,0.0,0.0,0.06875000000000016,0.0,0,INJECTOR_DEGRADATION,0.275,2026-01-01T00:02:00+00:00,True
2026-01-01T00:02:34Z,ENG-DATASET-000,MSN-INJECTOR_DEGRADATION-000,CRUISE,5000.0,10.0,0.6316948198173914,0.43830518018260867,3782.4304454684325,617.524805486111,161.76459744519437,54.69772689836491,390.3437016058232,13.615981912283862,6.104238071744078,14.2,3806.874032116463,593.8017254674749,154.96459744519436,54.69772689836491,390.3437016058232,12.715313848047186,6.104238071744078,-24.443586648030305,23.723080018636097,6.800000000000011,0.0,0.0,0.900668064236676,0.0,-0.0064209076638242985,0.03995118067391927,0.04388099031719123,0.0,0.0,0.07083333333333336,0.0,0,INJECTOR_DEGRADATION,0.2833333333333333,2026-01-01T00:02:00+00:00,True
2026-01-01T00:02:35Z,ENG-DATASET-000,MSN-INJECTOR_DEGRADATION-000,CRUISE,5000.0,10.0,0.6350479168089384,0.4349520831910616,3799.078645191544,619.6455359431828,162.3756282753818,54.67191869302687,391.26580327849854,13.716982110292951,6.345869075588087,14.2,3825.316065569971,596.2996229882763,155.3756282753818,54.67191869302687,391.26580327849854,12.78476002512741,6.345869075588087,-26.237420378427032,23.345912954906566,7.0,0.0,0.0,0.9322220851655416,0.0,-0.0068588895476059605,0.03915131262017512,0.045052110666889585,0.0,0.0,0.07291666666666677,0.0,0,INJECTOR_DEGRADATION,0.2916666666666667,2026-01-01T00:02:00+00:00,True
2026-01-01T00:02:36Z,ENG-DATASET-000,MSN-INJECTOR_DEGRADATION-000,CRUISE,5000.0,10.0,0.638166196091588,0.431833803908412,3816.1858354856427,623.3449885861602,163.00370931597018,54.652339948040094,392.1233300812272,13.813125945185856,6.961406648638573,14.2,3842.4666016245446,598.6257547250623,155.8037093159702,54.652339948040094,392.1233300812272,12.84941948389382,6.961406648638573,-26.28076613890198,24.719233861097905,7.199999999999989,0.0,0.0,0.9637064612920359,0.0,-0.006839556166289336,0.0412933016429455,0.04621199348597264,0.0,0.0,0.07499999999999994,0.0,0,INJECTOR_DEGRADATION,0.3,2026-01-01T00:02:00+00:00,True
2026-01-01T00:02:37Z,ENG-DATASET-000,MSN-INJECTOR_DEGRADATION-000,CRUISE,5000.0,10.0,0.64100099796007,0.42899900203993,3833.1950507972865,628.2967764070482,163.64191515548046,54.6382690226336,392.9029005950598,13.903277130798196,7.096602755129693,14.2,3858.058011901196,600.7430708442911,156.24191515548046,54.6382690226336,392.9029005950598,12.908265034396777,7.096602755129693,-24.862961103909583,27.55370556275716,7.400000000000006,0.0,0.0,0.9950120964014193,0.0,-0.006444423859675834,0.0458660397431349,0.04736245067551861,0.0,0.0,0.07708333333333342,0.0,0,INJECTOR_DEGRADATION,0.30833333333333335,2026-01-01T00:02:00+00:00,True
2026-01-01T00:02:38Z,ENG-DATASET-000,MSN-INJECTOR_DEGRADATION-000,CRUISE,5000.0,10.0,0.6435080862793506,0.4264919137206494,3848.6402279762865,633.2442865856261,164.28316671326354,54.6289394147755,393.592349882862,13.986387235324738,6.58287219949094,14.2,3871.846997657239,602.6177229332454,156.68316671326355,54.6289394147755,393.592349882862,12.960358828100144,6.58287219949094,-23.206769680952675,30.626563652380696,7.599999999999994,0.0,0.0,1.0260284072245938,0.0,-0.005993720747486802,0.05082254053748322,0.0485055297223364,0.0,0.0,0.0791666666666666,0.0,0,INJECTOR_DEGRADATION,0.31666666666666665,2026-01-01T00:02:00+00:00,True
2026-01-01T00:02:39Z,ENG-DATASET-000,MSN-INJECTOR_DEGRADATION-000,CRUISE,5000.0,10.0,0.645648338774725,0.42435166122527496,3860.866452140437,636.7177085754804,164.92034111235822,54.623550078724016,394.18091931908987,14.061513761839349,6.178428741573017,14.2,3883.618386381798,604.219642816841,157.1203411123582,54.623550078724016,394.18091931908987,13.004868219042171,6.178428741573017,-22.751934241360686,32.49806575863943,7.800000000000011,0.0,0.0,1.0566455427971775,0.0,-0.005858437152615733,0.053785185809476686,0.04964347674386831,0.0,0.0,0.08125000000000009,0.0,0,INJECTOR_DEGRADATION,0.325,2026-01-01T00:02:00+00:00,True
2026-01-01T00:02:40Z,ENG-DATASET-000,MSN-INJECTOR_DEGRADATION-000,CRUISE,5000.0,10.0,0.6473883575218288,0.4226116424781712,3868.9252818592076,637.9265220105145,165.5463835755101,54.62127634735976,394.65942447454347,14.12783666411868,6.4816642272845515,14.2,3893.1884894908685,605.5230629755088,157.5463835755101,54.62127634735976,394.65942447454347,13.041079997648014,6.4816642272845515,-24.263207631660862,32.40345903500577,8.0,0.0,0.0,1.0867566664706665,0.0,-0.006232220119101883,0.05351317070530205,0.05077869652378086,0.0,0.0,0.08333333333333323,0.0,0,INJECTOR_DEGRADATION,0.3333333333333333,2026-01-01T00:02:00+00:00,True
2026-01-01T00:02:41Z,ENG-DATASET-000,MSN-INJECTOR_DEGRADATION-000,CRUISE,5000.0,10.0,0.6487009901100778,0.42129900988992225,3873.092739531888,637.2750713212333,166.1544193975153,54.62128128623049,395.0203984363119,14.184672947208112,7.073551379142113,14.2,3900.4079687262374,606.5069671822492,157.95441939751532,54.62128128623049,395.0203984363119,13.068412696084248,7.073551379142113,-27.315229194349286,30.768104138984086,8.199999999999989,0.0,0.0,1.1162602511238635,0.0,-0.007003172338218165,0.05073000938790301,0.051913710494946606,0.0,0.0,0.08541666666666671,0.0,0,INJECTOR_DEGRADATION,0.3416666666666667,2026-01-01T00:02:00+00:00,True
2026-01-01T00:02:42Z,ENG-DATASET-000,MSN-INJECTOR_DEGRADATION-000,CRUISE,5000.0,10.0,0.6495657533469535,0.4204342466530464,3874.6663763742054,636.1576710609127,166.73786398815784,54.62272729960785,395.25820832645275,14.231489033824385,7.1177334840588316,14.2,3905.164166529055,607.1554612157622,158.33786398815784,54.62272729960785,395.25820832645275,13.08642669776955,7.1177334840588316,-30.497790154849554,29.002209845150446,8.400000000000006,0.0,0.0,1.1450623360548349,0.0,-0.0078096051418899155,0.047767353993780605,0.05305111353926213,0.0,0.0,0.08749999999999994,0.0,0,INJECTOR_DEGRADATION,0.35,2026-01-01T00:02:00+00:00,True
2026-01-01T00:02:43Z,ENG-DATASET-000,MSN-INJECTOR_DEGRADATION-000,CRUISE,5000.0,10.0,0.6499691528913724,0.42003084710862765,3875.133887810154,636.1257455635972,167.2905289670954,54.62478780502415,395.36914320116796,14.267910619975433,6.558570860037521,14.2,3907.3828640233583,607.4580551101349,158.69052896709542,54.62478780502415,395.36914320116796,13.09483192655489,6.558570860037521,-32.24897621320406,28.667690453462342,8.599999999999994,0.0,0.0,1.1730786934205426,0.0,-0.008253344331862554,0.04719287235110375,0.05419353036363758,0.0,0.0,0.08958333333333336,0.0,0,INJECTOR_DEGRADATION,0.35833333333333334,2026-01-01T00:02:00+00:00,True
2026-01-01T00:02:44Z,ENG-DATASET-000,MSN-INJECTOR_DEGRADATION-000,CRUISE,5000.0,10.0,0.649904893828364,0.42009510617163603,3875.2051155854747,637.918860065302,167.80672232846854,54.626658791785445,395.35147195884065,14.293729794981399,6.2007349573341894,14.2,3907.0294391768125,607.4098503233064,159.00672232846853,54.626658791785445,395.35147195884065,13.093492941967694,6.2007349573341894,-31.824323591337816,30.50900974199567,8.800000000000011,0.0,0.0,1.2002368530137044,0.0,-0.008145401535045256,0.05022804573511052,0.055343572090124526,0.0,0.0,0.09166666666666659,0.0,0,INJECTOR_DEGRADATION,0.36666666666666664,2026-01-01T00:02:00+00:00,True
2026-01-01T00:02:45Z,ENG-DATASET-000,MSN-INJECTOR_DEGRADATION-000,CRUISE,5000.0,10.0,0.6493739788991146,0.4206260211008854,3874.3084705177384,640.9606908330708,168.2813407801535,54.62757008086088,395.2054703532971,14.308909260769553,6.556319430132355,14.2,3904.1094070659406,607.011627381273,159.2813407801535,54.62757008086088,395.2054703532971,13.082431324132163,6.556319430132355,-29.800936548202117,33.94906345179777,9.0,0.0,0.0,1.2264779366373908,0.0,-0.007633222699718973,0.05592819300391071,0.056503793576312,0.0,0.0,0.09375000000000004,0.0,0,INJECTOR_DEGRADATION,0.375,2026-01-01T00:02:00+00:00,True
2026-01-01T00:02:46Z,ENG-DATASET-000,MSN-INJECTOR_DEGRADATION-000,CRUISE,5000.0,10.0,0.6483846928535261,0.4216153071464739,3870.8894258699106,643.6575906240881,168.709952499706,54.62679610829731,394.93341669076017,14.313583550818231,7.11118491936246,14.2,3898.6683338152034,606.2698319027144,159.509952499706,54.62679610829731,394.93341669076017,13.061825293522341,7.11118491936246,-27.778907945292758,37.38775872137376,9.199999999999989,0.0,0.0,1.25175825729589,0.0,-0.007125229839212446,0.061668512523600574,0.05767665186921139,0.0,0.0,0.09583333333333326,0.0,0,INJECTOR_DEGRADATION,0.3833333333333333,2026-01-01T00:02:00+00:00,True
2026-01-01T00:02:47Z,ENG-DATASET-000,MSN-INJECTOR_DEGRADATION-000,CRUISE,5000.0,10.0,0.6469524731694647,0.42304752683053537,3863.361198076227,644.3498651954694,169.0888687332048,54.62366606182952,394.5395562776433,14.308057218041851,7.061627357879123,14.2,3890.7911255528666,605.1964593387753,159.6888687332048,54.62366606182952,394.5395562776433,13.032006574307568,7.061627357879123,-27.429927476639477,39.15340585669412,9.400000000000006,0.0,0.0,1.2760506437342833,0.0,-0.007049961458093382,0.06469536503811059,0.058864466099417125,0.0,0.0,0.09791666666666672,0.0,0,INJECTOR_DEGRADATION,0.39166666666666666,2026-01-01T00:02:00+00:00,True
2026-01-01T00:02:48Z,ENG-DATASET-000,MSN-INJECTOR_DEGRADATION-000,CRUISE,5000.0,10.0,0.6450996691560816,0.4249003308439183,3851.1421727706083,642.3503104709774,169.41520288937502,54.61757321053146,394.030035173963,14.292800030655945,6.465961925457812,14.2,3880.600703479259,603.8088411796285,159.81520288937503,54.61757321053146,394.030035173963,12.993454573323586,6.465961925457812,-29.45853070865087,38.5414692913489,9.599999999999994,0.0,0.0,1.2993454573323593,0.0,-0.0075912295439824595,0.06383058124166008,0.06006937904803192,0.0,0.0,0.10000000000000006,0.0,0,INJECTOR_DEGRADATION,0.4,2026-01-01T00:02:00+00:00,True
2026-01-01T00:02:49Z,ENG-DATASET-000,MSN-INJECTOR_DEGRADATION-000,CRUISE,5000.0,10.0,0.6428551932003197,0.4271448067996803,3835.135005682212,638.4249243146711,169.68691604264654,54.60798328002573,393.41280428612845,14.268439283019898,6.1611742529070925,14.2,3868.256085722568,602.1293376883607,159.88691604264653,54.60798328002573,393.41280428612845,12.946788007277034,6.1611742529070925,-33.12108004035599,36.29558662631041,9.800000000000011,0.0,0.0,1.3216512757428642,0.0,-0.008562276981248299,0.060278721454850664,0.06129332057030898,0.0,0.0,0.10208333333333336,0.0,0,INJECTOR_DEGRADATION,0.4083333333333333,2026-01-01T00:02:00+00:00,True
2026-01-01T00:02:50Z,ENG-DATASET-000,MSN-INJECTOR_DEGRADATION-000,CRUISE,5000.0,10.0,0.6402540695987841,0.429745930401216,3817.3231008861108,634.3914726407792,169.90284804676833,54.594441740737665,392.6974952957062,14.235749392129048,6.564047575074578,14.2,3853.949905914123,600.1849443354579,159.90284804676833,54.594441740737665,392.6974952957062,12.892754166456495,6.564047575074578,-36.62680502801231,34.206528305321285,10.0,0.0,0.0,1.3429952256725528,0.0,-0.009503705528659371,0.05699331285824862,0.06253797303894927,0.0,0.0,0.10416666666666677,0.0,0,INJECTOR_DEGRADATION,0.4166666666666667,2026-01-01T00:02:00+00:00,True
2026-01-01T00:02:51Z,ENG-DATASET-000,MSN-INJECTOR_DEGRADATION-000,CRUISE,5000.0,10.0,0.6373368880153083,0.43266311198469176,3799.6974170568124,632.0488307991866,170.06273376577602,54.576579893715326,391.8952703602504,14.195639007592126,7.0743577471351715,14.2,3837.9054072050067,598.006820947381,159.86273376577603,54.576579893715326,391.8952703602504,12.83221605206068,7.0743577471351715,-38.20799014819431,34.042009851805574,10.199999999999989,0.0,0.0,1.3634229555314459,0.0,-0.009955427790498794,0.05692578856855707,0.06380473897653088,0.0,0.0,0.10624999999999989,0.0,0,INJECTOR_DEGRADATION,0.425,2026-01-01T00:02:00+00:00,True
2026-01-01T00:02:52Z,ENG-DATASET-000,MSN-INJECTOR_DEGRADATION-000,CRUISE,5000.0,10.0,0.6341491700928259,0.4358508299071741,3783.153062590135,632.0765247154663,170.16720424144884,54.554119657369746,391.0186479315676,14.149135911747077,6.935159239076243,14.2,3820.372958631352,595.6297540900171,159.76720424144884,54.554119657369746,391.0186479315676,12.766137664734204,6.935159239076243,-37.219896041217,36.44677062544929,10.400000000000006,0.0,0.0,1.382998247012873,0.0,-0.00974247709431778,0.06119031222866196,0.06509471107902072,0.0,0.0,0.1083333333333334,0.0,0,INJECTOR_DEGRADATION,0.43333333333333335,2026-01-01T00:02:00+00:00,True
2026-01-01T00:02:53Z,ENG-DATASET-000,MSN-INJECTOR_DEGRADATION-000,CRUISE,5000.0,10.0,0.6307406591033574,0.4392593408966426,3767.039702768141,633.588452253214,170.21777292582934,54.526876978828874,390.0813074094638,14.09737002568794,6.317645720322963,14.2,3801.626148189276,593.0915643410156,159.61777292582934,54.526876978828874,390.0813074094638,12.69556775296475,6.317645720322963,-34.58644542113507,40.49688791219842,10.599999999999994,0.0,0.0,1.4018022727231898,0.0,-0.00909780290668736,0.06828100473355161,0.06640864488771916,0.0,0.0,0.11041666666666655,0.0,0,INJECTOR_DEGRADATION,0.44166666666666665,2026-01-01T00:02:00+00:00,True
2026-01-01T00:02:54Z,ENG-DATASET-000,MSN-INJECTOR_DEGRADATION-000,CRUISE,5000.0,10.0,0.6271645437208875,0.4428354562791125,3749.6693040242276,634.6442612821634,170.2168074043371,54.49476381512552,389.0978756792846,14.041554865585715,6.076325622616251,14.2,3781.957513585691,590.4324708436267,159.41680740433708,54.49476381512552,389.0978756792846,12.621622351088282,6.076325622616251,-32.28820956146319,44.211790438536696,10.800000000000011,0.0,0.0,1.4199325144974324,0.0,-0.00853743317990122,0.0748803506273387,0.06774693444090506,0.0,0.0,0.11250000000000004,0.0,0,INJECTOR_DEGRADATION,0.45,2026-01-01T00:02:00+00:00,True
2026-01-01T00:02:55Z,ENG-DATASET-000,MSN-INJECTOR_DEGRADATION-000,CRUISE,5000.0,10.0,0.6234766280298968,0.4465233719701032,3729.500075724345,633.4371909846333,170.167487310875,54.45778865181865,388.08369886426215,13.982967811528601,6.525259810804047,14.2,3761.6739772852434,587.6944258788652,159.167487310875,54.45778865181865,388.08369886426215,12.545466447726596,6.525259810804047,-32.17390156089823,45.74276510576806,11.0,0.0,0.0,1.4375013638020047,0.0,-0.008553080823904298,0.07783426742113851,0.0691095913232302,0.0,0.0,0.11458333333333325,0.0,0,INJECTOR_DEGRADATION,0.4583333333333333,2026-01-01T00:02:00+00:00,True
2026-01-01T00:02:56Z,ENG-DATASET-000,MSN-INJECTOR_DEGRADATION-000,CRUISE,5000.0,10.0,0.6197344607212879,0.4502655392787121,3706.2835620394135,629.4452704470815,170.0737493838432,54.41605554952971,387.0546028543947,13.922929558456554,6.9886084754014135,14.2,3741.092057087894,584.9204321622284,158.8737493838432,54.41605554952971,387.0546028543947,12.468295126976018,6.9886084754014135,-34.80849504848038,44.524838284853104,11.199999999999989,0.0,0.0,1.4546344314805353,0.0,-0.00930436741927588,0.07612118817641865,0.0704962276237372,0.0,0.0,0.11666666666666665,0.0,0,INJECTOR_DEGRADATION,0.4666666666666667,2026-01-01T00:02:00+00:00,True
2026-01-01T00:02:57Z,ENG-DATASET-000,MSN-INJECTOR_DEGRADATION-000,CRUISE,5000.0,10.0,0.6159964370643114,0.4540035629356886,3681.4577561302244,623.8286843579854,169.94022082551598,54.36976173190403,386.02664634872616,13.86278311637068,6.7694000479152505,14.2,3720.532926974523,582.1538552022837,158.54022082551597,54.36976173190403,386.02664634872616,12.391314517426308,6.7694000479152505,-39.075170844298555,41.67482915570167,11.400000000000006,0.0,0.0,1.471468598944373,0.0,-0.010502573585895892,0.07158731112623265,0.07190604340425677,0.0,0.0,0.11874999999999991,0.0,0,INJECTOR_DEGRADATION,0.475,2026-01-01T00:02:00+00:00,True
2026-01-01T00:02:58Z,ENG-DATASET-000,MSN-INJECTOR_DEGRADATION-000,CRUISE,5000.0,10.0,0.61232088766792,0.45767911233208003,3657.511286600535,618.7982903737402,169.77214230298708,54.31919375132272,385.0158702647185,13.803872715998287,6.148582570184409,14.2,3700.3174052943705,579.4377424009089,158.17214230298708,54.31919375132272,385.0158702647185,12.315722869292152,6.148582570184409,-42.80611869383529,39.36054797283134,11.599999999999994,0.0,0.0,1.4881498467061345,0.0,-0.011568228885605542,0.06792886464340471,0.07333781935999566,0.0,0.0,0.12083333333333329,0.0,0,INJECTOR_DEGRADATION,0.48333333333333334,2026-01-01T00:02:00+00:00,True
2026-01-01T00:02:59Z,ENG-DATASET-000,MSN-INJECTOR_DEGRADATION-000,CRUISE,5000.0,10.0,0.6087651682511251,0.46123483174887486,3636.6730955808976,616.309640100059,169.57528206488405,54.26472229093668,384.03804742509993,13.747522957916853,5.983032898127682,14.2,3680.7609485019984,576.8141596878264,157.77528206488404,54.26472229093668,384.03804742509993,12.242692058998312,5.983032898127682,-44.087852921100875,39.49548041223261,11.800000000000011,0.0,0.0,1.5048308989185415,0.0,-0.011977918027804499,0.06847175948941282,0.07478991541366625,0.0,0.0,0.12291666666666658,0.0,0,INJECTOR_DEGRADATION,0.49166666666666664,2026-01-01T00:02:00+00:00,True
2026-01-01T00:03:00Z,ENG-DATASET-000,MSN-INJECTOR_DEGRADATION-000,CRUISE,5000.0,10.0,0.6053847646261847,0.46461523537381527,3619.713620595334,616.8684474596604,169.35584274412446,54.206795682924515,383.10843642824136,13.695018519386801,6.478438095176814,14.2,3662.1687285648263,574.3235554291527,157.35584274412446,54.206795682924515,383.10843642824136,12.17334979501049,6.478438095176814,-42.455107969492474,42.54489203050764,12.0,0.0,0.0,1.5216687243763118,0.0,-0.011592886924718588,0.07407826412189684,0.07626027601347564,0.0,0.0,0.12500000000000006,0.0,0,INJECTOR_DEGRADATION,0.5,2026-01-01T00:02:00+00:00,True
2026-01-01T00:03:01Z,ENG-DATASET-000,MSN-INJECTOR_DEGRADATION-000,CRUISE,5000.0,10.0,0.6022324268610607,0.46776757313893935,3605.6018972044117,619.1918532098072,169.12036247459633,54.14593224295763,382.24154354283223,13.647584705476758,6.895104010116121,14.2,3644.830870856644,572.0041601953734,156.92036247459635,54.14593224295763,382.24154354283223,12.10876277010877,6.895104010116121,-39.228973652232526,47.18769301443376,12.199999999999989,0.0,0.0,1.538821935367988,0.0,-0.010762906439884423,0.08249536681396925,0.07774644289376423,0.0,0.0,0.12708333333333321,0.0,0,INJECTOR_DEGRADATION,0.5083333333333333,2026-01-01T00:02:00+00:00,True
2026-01-01T00:03:02Z,ENG-DATASET-000,MSN-INJECTOR_DEGRADATION-000,CRUISE,5000.0,10.0,0.5993573461322511,0.4706426538677489,3592.257680150651,620.9645164154643,168.8756119716285,54.082711539374735,381.4508963424096,13.606369101107608,6.608164251682656,14.2,3629.0179268481916,569.8914297796712,156.4756119716285,54.082711539374735,381.4508963424096,12.04992097515065,6.608164251682656,-36.760246697540424,51.073086635793175,12.400000000000006,0.0,0.0,1.5564481259569583,0.0,-0.010129530203083555,0.08961897646984938,0.07924557599588312,0.0,0.0,0.1291666666666666,0.0,0,INJECTOR_DEGRADATION,0.5166666666666666,2026-01-01T00:02:00+00:00,True
2026-01-01T00:03:03Z,ENG-DATASET-000,MSN-INJECTOR_DEGRADATION-000,CRUISE,5000.0,10.0,0.5968043871129334,0.4731956128870666,3577.966799458715,620.2576848941118,168.62848921639915,54.017764732236294,380.7488326120972,13.572424549875416,6.00324670993,14.2,3614.9766522419436,568.0175376773406,156.02848921639915,54.017764732236294,380.7488326120972,11.997723359005892,6.00324670993,-37.00985278322878,52.24014721677122,12.599999999999994,0.0,0.0,1.5747011908695239,0.0,-0.010237923047241795,0.09196925051008895,0.08075448312855733,0.0,0.0,0.13125000000000003,0.0,0,INJECTOR_DEGRADATION,0.525,2026-01-01T00:02:00+00:00,True
2026-01-01T00:03:04Z,ENG-DATASET-000,MSN-INJECTOR_DEGRADATION-000,CRUISE,5000.0,10.0,0.5946133878747448,0.4753866121252551,3562.602592744743,616.7540250960574,168.3859133476731,53.95176413198641,380.1463078215953,13.546693655211882,5.924391228917748,14.2,3602.9261564319067,566.4109221165544,155.58591334767308,53.95176413198641,380.1463078215953,11.952964989892838,5.924391228917748,-40.32356368716364,50.34310297950299,12.800000000000011,0.0,0.0,1.5937286653190448,0.0,-0.011191892904931852,0.08888088314289873,0.08226965876658168,0.0,0.0,0.1333333333333333,0.0,0,INJECTOR_DEGRADATION,0.5333333333333333,2026-01-01T00:02:00+00:00,True
2026-01-01T00:03:05Z,ENG-DATASET-000,MSN-INJECTOR_DEGRADATION-000,CRUISE,5000.0,10.0,0.5928185382279987,0.47718146177200127,3547.888510822213,612.0132524851539,168.15471930551604,53.88541213966861,379.6527241687402,13.529994970610883,6.465167125751285,14.2,3593.054483374803,565.0958917044104,155.15471930551604,53.88541213966861,379.6527241687402,11.916325845675638,6.465167125751285,-45.16597255259012,46.91736078074348,13.0,0.0,0.0,1.6136691249352442,0.0,-0.012570355601779699,0.08302548553172803,0.08378733214296644,0.0,0.0,0.1354166666666668,0.0,0,INJECTOR_DEGRADATION,0.5416666666666666,2026-01-01T00:02:00+00:00,True
2026-01-01T00:03:06Z,ENG-DATASET-000,MSN-INJECTOR_DEGRADATION-000,CRUISE,5000.0,10.0,0.5914478462011294,0.4785521537988706,3536.5064416753685,608.5830572908974,167.9415546960282,53.81942974033207,379.2757838613511,13.523011018999957,6.834921519007375,14.2,3585.515677227022,564.0922928425512,154.7415546960282,53.81942974033207,379.2757838613511,11.888361335384579,6.834921519007375,-49.009235551653546,44.490764448346226,13.199999999999989,0.0,0.0,1.634649683615379,0.0,-0.013668671388868804,0.07887142762428141,0.0853035244859072,0.0,0.0,0.13749999999999996,0.0,0,INJECTOR_DEGRADATION,0.55,2026-01-01T00:02:00+00:00,True
2026-01-01T00:03:07Z,ENG-DATASET-000,MSN-INJECTOR_DEGRADATION-000,CRUISE,5000.0,10.0,0.5905227009847764,0.4794772990152236,3530.564047347058,608.4685767608323,167.75278025853012,53.75454472827507,379.02136892685405,13.526278257262662,6.491776501530006,14.2,3580.427378537081,563.4152412841888,154.35278025853012,53.75454472827507,379.02136892685405,11.869494631601604,6.491776501530006,-49.86333119002302,45.0533354766435,13.400000000000006,0.0,0.0,1.656783625661058,0.0,-0.01392664224637802,0.079964708398647,0.08681411489677052,0.0,0.0,0.1395833333333334,0.0,0,INJECTOR_DEGRADATION,0.5583333333333333,2026-01-01T00:02:00+00:00,True
2026-01-01T00:03:08Z,ENG-DATASET-000,MSN-INJECTOR_DEGRADATION-000,CRUISE,5000.0,10.0,0.5900575391606181,0.4799424608393819,3530.347507509512,611.8867718866555,167.5943752213776,53.691479846993424,378.8934494252105,13.540179080513015,5.919153849452368,14.2,3577.86898850421,563.07491954802,153.9943752213776,53.691479846993424,378.8934494252105,11.860010873442057,5.919153849452368,-47.52148099469787,48.811852338635504,13.599999999999994,0.0,0.0,1.6801682070709578,0.0,-0.013282062911578282,0.08668802435352076,0.08831491397298798,0.0,0.0,0.14166666666666664,0.0,0,INJECTOR_DEGRADATION,0.5666666666666667,2026-01-01T00:02:00+00:00,True
2026-01-01T00:03:09Z,ENG-DATASET-000,MSN-INJECTOR_DEGRADATION-000,CRUISE,5000.0,10.0,0.5900596194233431,0.4799403805766569,3534.1383863215856,617.0843977351079,167.47184873330784,53.63094102806758,378.8940214974599,13.564935941795289,5.933316285346813,14.2,3577.880429949197,563.0764413627193,153.67184873330783,53.63094102806758,378.8940214974599,11.860053282443968,5.933316285346813,-43.742043627611565,54.00795637238866,13.800000000000011,0.0,0.0,1.7048826593513215,0.0,-0.012225686264264752,0.09591585157013902,0.08980174387014393,0.0,0.0,0.1437500000000001,0.0,0,INJECTOR_DEGRADATION,0.575,2026-01-01T00:02:00+00:00,True
2026-01-01T00:03:10Z,ENG-DATASET-000,MSN-INJECTOR_DEGRADATION-000,CRUISE,5000.0,10.0,0.5905289093111473,0.4794710906888527,3539.2392273873224,621.3641535898859,167.39015845667748,53.57360591171178,379.023076216606,13.600607645991504,6.513992056708456,14.2,3580.4615243321205,563.4197838680175,153.39015845667748,53.57360591171178,379.023076216606,11.869621218319859,6.513992056708456,-41.22229694479802,57.944369721868384,14.0,0.0,0.0,1.7309864276716453,0.0,-0.011513123843018365,0.10284404520562948,0.09127052309522236,0.0,0.0,0.1458333333333333,0.0,0,INJECTOR_DEGRADATION,0.5833333333333334,2026-01-01T00:02:00+00:00,True
2026-01-01T00:03:11Z,ENG-DATASET-000,MSN-INJECTOR_DEGRADATION-000,CRUISE,5000.0,10.0,0.5914580857122896,0.4785419142877104,3543.609889760483,622.7210164727888,167.35363730894412,53.52011282734545,379.27859972692016,13.647087861226979,6.833417494223276,14.2,3585.571994538403,564.0997879173756,153.15363730894413,53.52011282734545,379.27859972692016,11.888570187638747,6.833417494223276,-41.9621047779201,58.62122855541327,14.199999999999989,0.0,0.0,1.7585176735882317,0.0,-0.011703043431239816,0.10391996205465617,0.09271735395585484,0.0,0.0,0.1479166666666667,0.0,0,INJECTOR_DEGRADATION,0.5916666666666667,2026-01-01T00:02:00+00:00,True
2026-01-01T00:03:12Z,ENG-DATASET-000,MSN-INJECTOR_DEGRADATION-000,CRUISE,5000.0,10.0,0.5928326491398013,0.47716735086019874,3547.121925458028,621.0960585490461,167.3659292400681,53.47105040539962,379.6566046694859,13.704105876187766,6.442188988870501,14.2,3593.1320933897173,565.1062264807357,152.9659292400681,53.47105040539962,379.6566046694859,11.916613805380667,6.442188988870501,-46.010167931689466,55.98983206831042,14.400000000000006,0.0,0.0,1.7874920708070992,0.0,-0.012805031024696904,0.09907842002908651,0.09413861028752571,0.0,0.0,0.14999999999999994,0.0,0,INJECTOR_DEGRADATION,0.6,2026-01-01T00:02:00+00:00,True
2026-01-01T00:03:13Z,ENG-DATASET-000,MSN-INJECTOR_DEGRADATION-000,CRUISE,5000.0,10.0,0.5946311499911306,0.47536885000886936,3551.6458184907324,618.4625778845362,167.42993483604045,53.426947981750516,380.1511924036015,13.771229616637363,5.912984172672046,14.2,3603.023848072029,566.4239407991662,152.82993483604045,53.426947981750516,380.1511924036015,11.953327696177096,5.912984172672046,-51.37802958129669,52.038637085370056,14.599999999999994,0.0,0.0,1.817901920460267,0.0,-0.014259697339718961,0.09187224150862844,0.09553102286972259,0.0,0.0,0.15208333333333338,0.0,0,INJECTOR_DEGRADATION,0.6083333333333333,2026-01-01T00:02:00+00:00,True
2026-01-01T00:03:14Z,ENG-DATASET-000,MSN-INJECTOR_DEGRADATION-000,CRUISE,5000.0,10.0,0.5968255232620169,0.47317447673798313,3559.8846589767504,617.6581348099298,167.54776744148012,53.38826694383218,380.75464505309515,13.847870918160336,6.019910659423201,14.2,3615.092901061903,568.0330435617486,152.7477674414801,53.38826694383218,380.75464505309515,11.998155308153358,6.019910659423201,-55.208242085152506,49.62509124818121,14.800000000000011,0.0,0.0,1.849715610006978,0.0,-0.015271597050503335,0.0873630360251862,0.09689175984631072,0.0,0.0,0.15416666666666684,0.0,0,INJECTOR_DEGRADATION,0.6166666666666667,2026-01-01T00:02:00+00:00,True
2026-01-01T00:03:15Z,ENG-DATASET-000,MSN-INJECTOR_DEGRADATION-000,LOITER,4500.0,10.0,0.39938152649149494,0.32061847350850503,2609.0006343511923,482.0474408747768,164.25570556589133,52.9321858190017,333.2255894109393,10.611298463456913,4.8822536730785355,14.2,2664.5117882187847,431.30859474236917,149.25570556589133,52.9321858190017,333.2255894109393,9.177339211638412,4.8822536730785355,-55.511153867592384,50.738846132407616,15.0,0.0,0.0,1.4339592518185018,0.0,-0.02083351783731509,0.11763931150668382,0.10049867067479044,0.0,0.0,0.15625,0.0,0,INJECTOR_DEGRADATION,0.625,2026-01-01T00:02:00+00:00,True
2026-01-01T00:03:16Z,ENG-DATASET-000,MSN-INJECTOR_DEGRADATION-000,LOITER,4500.0,10.0,0.40225927410404627,0.3177407258959537,2627.9247168623065,488.6894764388797,161.3660723342453,52.499309572979186,334.0169700043909,10.69903824041799,5.143636632654664,14.2,2680.3394000878175,433.4374929977244,146.1660723342453,52.499309572979186,334.0169700043909,9.236579775900424,5.143636632654664,-52.414683225511,55.25198344115529,15.199999999999989,0.0,0.0,1.4624584645175656,0.0,-0.019555241110060056,0.12747393645857344,0.10399130083513076,0.0,0.0,0.15833333333333316,0.0,0,INJECTOR_DEGRADATION,0.6333333333333333,2026-01-01T00:02:00+00:00,True
2026-01-01T00:03:17Z,ENG-DATASET-000,MSN-INJECTOR_DEGRADATION-000,LOITER,4500.0,10.0,0.4054138598106645,0.31458614018933545,2649.5466475701924,496.71442789343183,158.84381681242388,52.089187317671055,334.8844810737109,10.793718877438453,4.708111174842131,14.2,2697.689621474218,435.77406846412396,143.44381681242388,52.089187317671055,334.8844810737109,9.301588978762043,4.708111174842131,-48.14297390402544,60.940359429307875,15.400000000000006,0.0,0.0,1.49212989867641,0.0,-0.017846001823484996,0.13984393253157726,0.10735910645864932,0.0,0.0,0.16041666666666657,0.0,0,INJECTOR_DEGRADATION,0.6416666666666666,2026-01-01T00:02:00+00:00,True
2026-01-01T00:03:18Z,ENG-DATASET-000,MSN-INJECTOR_DEGRADATION-000,LOITER,4500.0,10.0,0.40879605735647656,0.3112039426435234,2670.588948241722,503.07982381821415,156.65649971999838,51.701301327654235,335.8145853988092,10.894217519729786,4.227583207682696,14.2,2716.291707976184,438.2825835526762,141.05649971999838,51.701301327654235,335.8145853988092,9.371369909444976,4.227583207682696,-45.702759734462234,64.79724026553794,15.599999999999994,0.0,0.0,1.5228476102848099,0.0,-0.016825424014754953,0.1478435208177742,0.11059398206368716,0.0,0.0,0.16250000000000014,0.0,0,INJECTOR_DEGRADATION,0.65,2026-01-01T00:02:00+00:00,True
2026-01-01T00:03:19Z,ENG-DATASET-000,MSN-INJECTOR_DEGRADATION-000,LOITER,4500.0,10.0,0.4123530886799851,0.30764691132001487,2688.8026423968836,505.78844467527296,154.77396264467865,51.33506358986482,336.7927690127741,10.999313418155454,4.420448525908308,14.2,2735.855380255481,440.92451586720415,138.97396264467864,51.33506358986482,336.7927690127741,9.444848731153163,4.420448525908308,-47.05273785859754,64.8639288080688,15.800000000000011,0.0,0.0,1.554464687002291,0.0,-0.01719854718863233,0.14710891881458518,0.11369036112467071,0.0,0.0,0.16458333333333328,0.0,0,INJECTOR_DEGRADATION,0.6583333333333333,2026-01-01T00:02:00+00:00,True
2026-01-01T00:03:20Z,ENG-DATASET-000,MSN-INJECTOR_DEGRADATION-000,LOITER,4500.0,10.0,0.4160294474970668,0.3039705525029332,2704.2048554719568,505.121955565974,153.16804439296362,50.98981391127161,337.8037676874715,11.1077055803599,5.0418972246843605,14.2,2756.07535374943,443.659120510114,137.16804439296362,50.98981391127161,337.8037676874715,9.520890497451342,5.0418972246843605,-51.870498277473416,61.46283505586001,16.0,0.0,0.0,1.5868150829085579,0.0,-0.01882042093185426,0.13853616935721003,0.1166452439473633,0.0,0.0,0.16666666666666677,0.0,0,INJECTOR_DEGRADATION,0.6666666666666666,2026-01-01T00:02:00+00:00,True
2026-01-01T00:03:21Z,ENG-DATASET-000,MSN-INJECTOR_DEGRADATION-000,LOITER,4500.0,10.0,0.4197677654579711,0.30023223454202885,2718.943862117508,503.5017951716634,151.81234084338126,50.66481959561679,338.8318051267202,11.218031975310545,5.234155281875009,14.2,2776.636102534404,446.4440355885595,135.61234084338125,50.66481959561679,338.8318051267202,9.598316128607953,5.234155281875009,-57.69224041689586,57.057759583103916,16.200000000000017,0.0,0.0,1.6197158467025918,0.0,-0.02077774626795231,0.1278049543385278,0.11945815476122047,0.0,0.0,0.16874999999999998,0.0,0,INJECTOR_DEGRADATION,0.675,2026-01-01T00:02:00+00:00,True
2026-01-01T00:03:22Z,ENG-DATASET-000,MSN-INJECTOR_DEGRADATION-000,LOITER,4500.0,10.0,0.4235097073612309,0.2964902926387691,2735.8423767979803,504.02818386802204,150.68200484418583,50.359276676559304,339.86083915011665,11.328890052844356,4.754888400917986,14.2,2797.2167830023327,449.2359234057079,134.28200484418582,50.359276676559304,339.86083915011665,9.675920329831477,4.754888400917986,-61.374406204352454,54.79226046231412,16.400000000000006,0.0,0.0,1.6529697230128786,0.0,-0.021941240513535583,0.12196767357099994,0.12213103326115626,0.0,0.0,0.17083333333333345,0.0,0,INJECTOR_DEGRADATION,0.6833333333333333,2026-01-01T00:02:00+00:00,True
2026-01-01T00:03:23Z,ENG-DATASET-000,MSN-INJECTOR_DEGRADATION-000,LOITER,4500.0,10.0,0.4271968814549707,0.2928031185450293,2756.4856761618016,508.5639076165343,149.75358282574976,50.07231267097746,340.8748120258951,11.438858301156372,4.323871794597098,14.2,2817.4962405179017,451.9911386393011,133.15358282574977,50.07231267097746,340.8748120258951,9.752490203472574,4.323871794597098,-61.010564356100076,56.57276897723324,16.599999999999994,0.0,0.0,1.6863680976837987,0.0,-0.021654177733662332,0.1251634471143461,0.12466806861459698,0.0,0.0,0.1729166666666666,0.0,0,INJECTOR_DEGRADATION,0.6916666666666667,2026-01-01T00:02:00+00:00,True
2026-01-01T00:03:24Z,ENG-DATASET-000,MSN-INJECTOR_DEGRADATION-000,LOITER,4500.0,10.0,0.43077175062066503,0.28922824937933495,2780.0233239834615,516.5317167257338,149.0048848849621,49.80299079314595,341.85790104646105,11.546518527900325,4.591268621425063,14.2,2837.1580209292206,454.6664136714931,132.20488488496213,49.80299079314595,341.85790104646105,9.826824279064105,4.591268621425063,-57.13469694575906,61.865303054240655,16.799999999999983,0.0,0.0,1.7196942488362197,0.0,-0.02013800307359913,0.13606745779761897,0.1270754860126271,0.0,0.0,0.17500000000000013,0.0,0,INJECTOR_DEGRADATION,0.7,2026-01-01T00:02:00+00:00,True
2026-01-01T00:03:25Z,ENG-DATASET-000,MSN-INJECTOR_DEGRADATION-000,LOITER,4500.0,10.0,0.43417853022062913,0.28582146977937084,2803.442749240021,525.1836573780674,148.414885151476,49.550315548358675,342.79476543645114,11.650478516454692,5.2056474848959295,14.2,2855.895308729023,457.21955020040303,131.414885151476,49.550315548358675,342.79476543645114,9.897751659996906,5.2056474848959295,-52.45255948900194,67.9641071776644,17.0,0.0,0.0,1.7527268564577856,0.0,-0.018366415368476947,0.14864654660518165,0.12936129708902358,0.0,0.0,0.17708333333333334,0.0,0,INJECTOR_DEGRADATION,0.7083333333333334,2026-01-01T00:02:00+00:00,True
2026-01-01T00:03:26Z,ENG-DATASET-000,MSN-INJECTOR_DEGRADATION-000,LOITER,4500.0,10.0,0.4373640585986325,0.2826359414013675,2823.1851707799306,531.2128947035106,147.9636492712856,49.31323960366979,343.67078574040204,11.749394679817797,5.316975563111227,14.2,2873.4157148080412,459.61010539828777,130.7636492712856,49.31323960366979,343.67078574040204,9.964150965216506,5.316975563111227,-50.23054402811067,71.60278930522287,17.19999999999999,0.0,0.0,1.7852437146012914,0.0,-0.017481126649808946,0.15579028499204453,0.1315350259483538,0.0,0.0,0.17916666666666675,0.0,0,INJECTOR_DEGRADATION,0.7166666666666667,2026-01-01T00:02:00+00:00,True
2026-01-01T00:03:27Z,ENG-DATASET-000,MSN-INJECTOR_DEGRADATION-000,LOITER,4500.0,10.0,0.4402786266497639,0.27972137335023606,2837.144781189769,532.7490023467842,147.63228585031402,49.090671814098,344.47229195446323,11.841994312408456,4.793969080130158,14.2,2889.4458390892646,461.8000602462793,130.232285850314,49.090671814098,344.47229195446323,10.024968730081234,4.793969080130158,-52.30105789949539,70.9489421005049,17.400000000000006,0.0,0.0,1.817025582327222,0.0,-0.018100722703278064,0.15363562764081845,0.13360742220250332,0.0,0.0,0.18124999999999986,0.0,0,INJECTOR_DEGRADATION,0.725,2026-01-01T00:02:00+00:00,True
2026-01-01T00:03:28Z,ENG-DATASET-000,MSN-INJECTOR_DEGRADATION-000,LOITER,4500.0,10.0,0.44287675351438804,0.27712324648561193,2845.833157781095,530.5187449319086,147.4029186985037,48.88148626518602,345.18677684223485,11.927097026524267,4.4117401139452745,14.2,2903.735536844697,463.75445732884407,129.8029186985037,48.88148626518602,345.18677684223485,10.079236923823323,4.4117401139452745,-57.902379063601984,66.76428760306453,17.599999999999994,0.0,0.0,1.8478601027009436,0.0,-0.019940651732533735,0.14396473510490182,0.13559017144198374,0.0,0.0,0.18333333333333343,0.0,0,INJECTOR_DEGRADATION,0.7333333333333333,2026-01-01T00:02:00+00:00,True
2026-01-01T00:03:29Z,ENG-DATASET-000,MSN-INJECTOR_DEGRADATION-000,LOITER,4500.0,10.0,0.44511789629174847,0.2748821037082515,2851.975607040893,527.4391136149814,147.2586767126767,48.68453217750183,345.803091106009,12.003634956863303,4.740909602507086,14.2,2916.0618221201794,465.44199536093436,129.4586767126767,48.68453217750183,345.803091106009,10.126089243048128,4.740909602507086,-64.08621507928638,61.997118254046995,17.80000000000001,0.0,0.0,1.8775457138151754,0.0,-0.021976974079613732,0.13320052524691148,0.13749561212884714,0.0,0.0,0.18541666666666684,0.0,0,INJECTOR_DEGRADATION,0.7416666666666667,2026-01-01T00:02:00+00:00,True
2026-01-01T00:03:30Z,ENG-DATASET-000,MSN-INJECTOR_DEGRADATION-000,LOITER,4500.0,10.0,0.446967082698374,0.273032917301626,2858.7535476908142,526.8567684165564,147.1836982434681,48.49864450575022,346.311617367831,12.070671324498061,5.329733556436776,14.2,2926.23234735662,466.835568082362,129.1836982434681,48.49864450575022,346.311617367831,10.164775852208894,5.329733556436776,-67.47879966580558,60.02120033419442,18.0,0.0,0.0,1.905895472289167,0.0,-0.023059959584809397,0.12857032419518882,0.13933646616987244,0.0,0.0,0.18749999999999994,0.0,0,INJECTOR_DEGRADATION,0.75,2026-01-01T00:02:00+00:00,True
2026-01-01T00:03:31Z,ENG-DATASET-000,MSN-INJECTOR_DEGRADATION-000,LOITER,4500.0,10.0,0.4483954567988657,0.27160454320113425,2867.744576956475,530.485574619698,147.1631468167683,48.32265505483504,346.7044202454662,12.127416971686985,5.350995924393226,14.2,2934.0884049093243,467.91273590588065,128.9631468167683,48.32265505483504,346.7044202454662,10.19467626341463,5.350995924393226,-66.3438279528491,62.57283871381736,18.19999999999999,0.0,0.0,1.9327407082723553,0.0,-0.022611393658705865,0.13372758190194617,0.14112558858274968,0.0,0.0,0.1895833333333332,0.0,0,INJECTOR_DEGRADATION,0.7583333333333333,2026-01-01T00:02:00+00:00,True
2026-01-01T00:03:32Z,ENG-DATASET-000,MSN-INJECTOR_DEGRADATION-000,LOITER,4500.0,10.0,0.4493807292931175,0.27061927070688246,2877.8215027622027,537.3035523150818,147.18323513127285,48.15540392763621,346.9753701813855,12.173244511050184,4.786885301631761,14.2,2939.507403627709,468.6561198472549,128.78323513127285,48.15540392763621,346.9753701813855,10.215310079202952,4.786885301631761,-61.68590086550648,68.64743246782689,18.400000000000006,0.0,0.0,1.9579344318472316,0.0,-0.020985114985381085,0.14647719204051057,0.1428757398526625,0.0,0.0,0.19166666666666657,0.0,0,INJECTOR_DEGRADATION,0.7666666666666666,2026-01-01T00:02:00+00:00,True
2026-01-01T00:03:33Z,ENG-DATASET-000,MSN-INJECTOR_DEGRADATION-000,LOITER,4500.0,10.0,0.44990752533338946,0.2700924746666105,2885.710103663948,544.1090305911429,147.23125433755555,47.995751114560285,347.1202390924602,12.207699776457561,4.454315486001552,14.2,2942.404781849205,469.0537087763999,128.63125433755556,47.995751114560285,347.1202390924602,10.226345362477538,4.454315486001552,-56.69467818525709,75.05532181474297,18.599999999999994,0.0,0.0,1.9813544139800232,0.0,-0.019268143708503063,0.1600143446483699,0.14459938290883542,0.0,0.0,0.19375000000000003,0.0,0,INJECTOR_DEGRADATION,0.775,2026-01-01T00:02:00+00:00,True
2026-01-01T00:03:34Z,ENG-DATASET-000,MSN-INJECTOR_DEGRADATION-000,LOITER,4500.0,10.0,0.4499676244436647,0.27003237555633525,2887.9008882583057,547.4313008366028,147.29560572548374,47.84258803316305,347.13676634778597,12.230510317407115,4.834416818398818,14.2,2942.735326955719,469.0990728673494,128.49560572548373,47.84258803316305,347.13676634778597,10.227604446612222,4.834416818398818,-54.834438697413134,78.33222796925338,18.80000000000001,0.0,0.0,2.0029058707948924,0.0,-0.01863383301757544,0.1669844015901604,0.14630850521195313,0.0,0.0,0.19583333333333322,0.0,0,INJECTOR_DEGRADATION,0.7833333333333333,2026-01-01T00:02:00+00:00,True
2026-01-01T00:03:35Z,ENG-DATASET-000,MSN-INJECTOR_DEGRADATION-000,LOITER,4500.0,10.0,0.449560088797428,0.270439911202572,2882.770765761193,545.6516964246498,147.36583210872385,47.69484882735577,347.0246940450709,12.241590742064998,5.383159662720265,14.2,2940.4938809014166,468.79147823153977,128.36583210872385,47.69484882735577,347.0246940450709,10.219067054245563,5.383159662720265,-57.7231151402234,76.86021819311003,19.0,0.0,0.0,2.022523687819435,0.0,-0.01963041498407343,0.16395395770216661,0.14801446528159687,0.0,0.0,0.1979166666666667,0.0,0,INJECTOR_DEGRADATION,0.7916666666666666,2026-01-01T00:02:00+00:00,True
2026-01-01T00:03:36Z,ENG-DATASET-000,MSN-INJECTOR_DEGRADATION-000,LOITER,4500.0,10.0,0.4486912778521351,0.2713087221478649,2871.616190826454,540.0366701423272,147.43264639830596,47.55152123987511,346.7857710351153,12.241044784357968,5.3107641009600215,14.2,2935.715420702306,468.1359000181792,128.23264639830595,47.55152123987511,346.7857710351153,10.20087065363164,5.3107641009600215,-64.09922987585196,71.90077012414804,19.200000000000017,0.0,0.0,2.040174130726328,0.0,-0.02183427910751568,0.15358952415603228,0.1497278621261743,0.0,0.0,0.2,0.0,0,INJECTOR_DEGRADATION,0.8,2026-01-01T00:02:00+00:00,True
2026-01-01T00:03:37Z,ENG-DATASET-000,MSN-INJECTOR_DEGRADATION-000,LOITER,4500.0,10.0,0.44737474911200587,0.2726252508879941,2857.9398093804016,534.0248970857593,147.4879551002325,47.411656878755515,346.42372563157977,12.229164045032618,4.713254697833988,14.2,2928.474512631595,467.1429336702864,128.0879551002325,47.411656878755515,346.42372563157977,10.173308044394552,4.713254697833988,-70.5347032511936,66.88196341547291,19.400000000000006,0.0,0.0,2.055856000638066,0.0,-0.02408581770029116,0.14317237529419377,0.1514584254609963,0.0,0.0,0.20208333333333334,0.0,0,INJECTOR_DEGRADATION,0.8083333333333333,2026-01-01T00:02:00+00:00,True
2026-01-01T00:03:38Z,ENG-DATASET-000,MSN-INJECTOR_DEGRADATION-000,LOITER,4500.0,10.0,0.44563104656770564,0.27436895343229434,2845.3912166964465,531.1690078337929,147.52487475125818,47.27438070838364,345.9442074318972,12.206423432666446,4.435008521778789,14.2,2918.8841486379442,465.8286064419573,127.92487475125819,47.27438070838364,345.9442074318972,10.136822227819886,4.435008521778789,-73.49293194149777,65.3404013918356,19.599999999999994,0.0,0.0,2.0696012048465597,0.0,-0.02517843401759957,0.1402670434753068,0.1532149242913933,0.0,0.0,0.20416666666666664,0.0,0,INJECTOR_DEGRADATION,0.8166666666666667,2026-01-01T00:02:00+00:00,True
2026-01-01T00:03:39Z,ENG-DATASET-000,MSN-INJECTOR_DEGRADATION-000,LOITER,4500.0,10.0,0.4434873801142418,0.27651261988575815,2835.597298694015,532.9674091675416,147.53773961656788,47.13889960818273,345.35469915719466,12.173473405400223,4.859218649083081,14.2,2907.093983143893,464.2140936174199,127.73773961656786,47.13889960818273,345.35469915719466,10.091998678051999,4.859218649083081,-71.4966844498781,68.75331555012173,19.80000000000001,0.0,0.0,2.0814747273482244,0.0,-0.024593867575123118,0.14810691121925412,0.15500509136480686,0.0,0.0,0.20624999999999996,0.0,0,INJECTOR_DEGRADATION,0.825,2026-01-01T00:02:00+00:00,True
2026-01-01T00:03:40Z,ENG-DATASET-000,MSN-INJECTOR_DEGRADATION-000,LOITER,4500.0,10.0,0.4409772009496529,0.27902279905034705,2827.2109330393237,537.9149480036704,147.52209930581944,47.00450985687851,344.6643998869327,12.131129184919134,5.359143771959935,14.2,2893.2879977386538,462.3253460363342,127.52209930581944,47.00450985687851,344.6643998869327,10.039555187519284,5.359143771959935,-66.0770646993301,75.58960196733614,20.0,0.0,0.0,2.09157399739985,0.0,-0.022838053021674593,0.1634987192793785,0.15683556112134445,0.0,0.0,0.2083333333333333,0.0,0,INJECTOR_DEGRADATION,0.8333333333333334,2026-01-01T00:02:00+00:00,True
2026-01-01T00:03:41Z,ENG-DATASET-000,MSN-INJECTOR_DEGRADATION-000,LOITER,4500.0,10.0,0.43813967958025113,0.28186032041974884,2816.785800339694,542.3801409097114,147.4747053113282,46.870603417403345,343.8840815103472,12.080357178452118,5.196321462955817,14.2,2877.681630206944,460.1926374436278,127.27470531132819,46.870603417403345,343.8840815103472,9.980329510597274,5.196321462955817,-60.895829867250086,82.18750346608357,20.200000000000003,0.0,0.0,2.100027667854844,0.0,-0.021161420091794815,0.17859369485491017,0.15871181905775023,0.0,0.0,0.21041666666666678,0.0,0,INJECTOR_DEGRADATION,0.8416666666666667,2026-01-01T00:02:00+00:00,True
2026-01-01T00:03:42Z,ENG-DATASET-000,MSN-INJECTOR_DEGRADATION-000,LOITER,4500.0,10.0,0.43501909457797244,0.28498090542202753,2800.9759353083055,542.8075643957126,147.39348582474082,46.73667291653774,343.0259206347206,12.022258900188762,4.578892218919276,14.2,2860.5184126944114,457.85004178181856,126.99348582474083,46.73667291653774,343.0259206347206,9.91526507232063,4.578892218919276,-59.54247738610593,84.95752261389401,20.39999999999999,0.0,0.0,2.1069938278681324,0.0,-0.020815274994164787,0.18555752945498086,0.16063816082781837,0.0,0.0,0.21249999999999986,0.0,0,INJECTOR_DEGRADATION,0.85,2026-01-01T00:02:00+00:00,True
2026-01-01T00:03:43Z,ENG-DATASET-000,MSN-INJECTOR_DEGRADATION-000,LOITER,4500.0,10.0,0.4316641416280707,0.28833585837192927,2778.7348890250455,537.9202360048213,147.27750853684327,46.602315234069,342.1033085734976,11.95805272893112,4.363793805483996,14.2,2842.0661714699518,455.334851783061,126.67750853684328,46.602315234069,342.1033085734976,9.845395042687715,4.363793805483996,-63.331282444906265,82.58538422176025,20.599999999999994,0.0,0.0,2.1126576862434057,0.0,-0.02228353550689868,0.18137285977201476,0.16261765989823385,0.0,0.0,0.21458333333333335,0.0,0,INJECTOR_DEGRADATION,0.8583333333333333,2026-01-01T00:02:00+00:00,True
2026-01-01T00:03:44Z,ENG-DATASET-000,MSN-INJECTOR_DEGRADATION-000,LOITER,4500.0,10.0,0.4281271736492361,0.2918728263507639,2752.1627324325177,529.570169250482,147.12693145993376,46.46723363824585,341.1306423793181,11.889053872975543,4.829478687372826,14.2,2822.6128475863616,452.68695107099245,126.32693145993376,46.46723363824585,341.1306423793181,9.771825101075788,4.829478687372826,-70.45011515384385,76.88321817948952,20.799999999999997,0.0,0.0,2.1172287718997556,0.0,-0.024959184612968192,0.16983749586241628,0.1646521431306751,0.0,0.0,0.21666666666666684,0.0,0,INJECTOR_DEGRADATION,0.8666666666666667,2026-01-01T00:02:00+00:00,True
2026-01-01T00:03:45Z,ENG-DATASET-000,MSN-INJECTOR_DEGRADATION-000,LOITER,4500.0,10.0,0.42446338384380866,0.2955366161561913,2725.4519180938396,521.6880668804763,146.94294212501907,46.331238427280745,340.1231001828255,11.816652935723026,5.277445642089707,14.2,2802.4620036565107,449.94815244314736,125.94294212501907,46.331238427280745,340.1231001828255,9.695715229311201,5.277445642089707,-77.01008556267107,71.73991443732893,21.0,0.0,0.0,2.1209377064118247,0.0,-0.027479439672042725,0.15944040229478115,0.16674217423914114,0.0,0.0,0.21874999999999994,0.0,0,INJECTOR_DEGRADATION,0.875,2026-01-01T00:02:00+00:00,True
2026-01-01T00:03:46Z,ENG-DATASET-000,MSN-INJECTOR_DEGRADATION-000,LOITER,4500.0,10.0,0.42072994442631606,0.2992700555736839,2702.538703228974,517.9387981225043,146.7276857896963,46.194246060241326,339.0964043430151,11.742293486494619,5.033454267545494,14.2,2781.9280868603014,447.1615150871649,125.52768578969629,46.194246060241326,339.0964043430151,9.618260876309586,5.033454267545494,-79.38938363132729,70.7772830353394,21.200000000000003,0.0,0.0,2.124032610185033,0.0,-0.028537539847382096,0.15828124882693187,0.16888704564758386,0.0,0.0,0.22083333333333327,0.0,0,INJECTOR_DEGRADATION,0.8833333333333333,2026-01-01T00:02:00+00:00,True
2026-01-01T00:03:47Z,ENG-DATASET-000,MSN-INJECTOR_DEGRADATION-000,LOITER,4500.0,10.0,0.416985114470187,0.303014885529813,2684.8727852167717,519.4952496679572,146.48418354121273,46.05627678451085,338.06657610507955,11.667449041159616,4.413999131049866,14.2,2761.3315221015914,444.37065321944317,125.08418354121274,46.05627678451085,338.06657610507955,9.540673832634779,4.413999131049866,-76.4587368848197,75.12459644851401,21.39999999999999,0.0,0.0,2.126775208524837,0.0,-0.027689082702618974,0.16905841082042675,0.17108477981909775,0.0,0.0,0.22291666666666674,0.0,0,INJECTOR_DEGRADATION,0.8916666666666666,2026-01-01T00:02:00+00:00,True
2026-01-01T00:03:48Z,ENG-DATASET-000,MSN-INJECTOR_DEGRADATION-000,LOITER,4500.0,10.0,0.4132873307943961,0.30671266920560386,2670.672456478648,524.2977926625873,146.21624138880847,45.9174507907134,337.0496855942371,11.593599847593955,4.273391698750811,14.2,2740.9937118847415,441.61904806868046,124.61624138880848,45.9174507907134,337.0496855942371,9.464163140893024,4.273391698750811,-70.32125540609331,82.67874459390686,21.599999999999994,0.0,0.0,2.1294367067009308,0.0,-0.025655387351377592,0.18721734253874095,0.1733321416155298,0.0,0.0,0.22500000000000003,0.0,0,INJECTOR_DEGRADATION,0.9,2026-01-01T00:02:00+00:00,True
2026-01-01T00:03:49Z,ENG-DATASET-000,MSN-INJECTOR_DEGRADATION-000,LOITER,4500.0,10.0,0.4096942960764483,0.31030570392355167,2656.1474041227275,528.281424167897,145.92835160779092,45.777982949223116,336.06160104680146,11.522209853139747,4.780326675442377,14.2,2721.2320209360287,438.94937431453167,124.12835160779092,45.777982949223116,336.06160104680146,9.389916348908454,4.780326675442377,-65.08461681330118,89.33204985336528,21.799999999999997,0.0,0.0,2.132293504231294,0.0,-0.023917334616294084,0.20351333224444668,0.1756246636455915,0.0,0.0,0.22708333333333325,0.0,0,INJECTOR_DEGRADATION,0.9083333333333333,2026-01-01T00:02:00+00:00,True
2026-01-01T00:03:50Z,ENG-DATASET-000,MSN-INJECTOR_DEGRADATION-000,LOITER,4500.0,10.0,0.40626207842139567,0.3137379215786043,2637.973514013403,527.8548746085909,145.62558772438916,45.6381762047458,335.11774119166193,11.454704206821994,5.176708267182548,14.2,2702.354823833239,436.4028510950934,123.62558772438916,45.6381762047458,335.11774119166193,9.319081388600944,5.176708267182548,-64.38130981983613,91.45202351349747,22.0,0.0,0.0,2.1356228182210497,0.0,-0.023824151163285234,0.20955872145200494,0.1779566868393523,0.0,0.0,0.22916666666666666,0.0,0,INJECTOR_DEGRADATION,0.9166666666666666,2026-01-01T00:02:00+00:00,True
2026-01-01T00:03:51Z,ENG-DATASET-000,MSN-INJECTOR_DEGRADATION-000,LOITER,4500.0,10.0,0.4030442364378103,0.3169557635621897,2615.52279139288,522.1347250490078,145.31349461644143,45.4984137266276,334.232834646176,11.39244761988218,4.864252127799938,14.2,2684.6566929235196,434.0186265796471,123.11349461644143,45.4984137266276,334.232834646176,9.252749335944918,4.864252127799938,-69.13390153063938,88.11609846936068,22.200000000000003,0.0,0.0,2.1396982839372622,0.0,-0.025751486852255364,0.20302377149979398,0.18032141861591883,0.0,0.0,0.23125,0.0,0,INJECTOR_DEGRADATION,0.9249999999999999,2026-01-01T00:02:00+00:00,True
2026-01-01T00:03:52Z,ENG-DATASET-000,MSN-INJECTOR_DEGRADATION-000,LOITER,4500.0,10.0,0.40009098347361094,0.31990901652638903,2591.4739197478752,513.5599887205394,144.99797525295781,45.3591499321786,333.4206900810212,11.336723875981248,4.262107113091336,14.2,2668.4138016204233,431.83320392642105,122.59797525295781,45.3591499321786,333.4206900810212,9.191938277822633,4.262107113091336,-76.93988187254809,81.72678479411837,22.400000000000006,0.0,0.0,2.144785598158615,0.0,-0.028833564653962404,0.18925544411828876,0.18271101095904585,0.0,0.0,0.2333333333333334,0.0,0,INJECTOR_DEGRADATION,0.9333333333333333,2026-01-01T00:02:00+00:00,True
2026-01-01T00:03:53Z,ENG-DATASET-000,MSN-INJECTOR_DEGRADATION-000,LOITER,4500.0,10.0,0.39744840405356296,0.322551595946437,2570.3966954810094,506.4803292691239,144.68517560928555,45.2209005180937,332.693980740508,11.288716748855562,4.2067956544008105,14.2,2653.879614810159,429.87991526494045,122.08517560928554,45.2209005180937,332.693980740508,9.137578481367065,4.2067956544008105,-83.48291932914981,76.60041400418345,22.60000000000001,0.0,0.0,2.1511382674884967,0.0,-0.03145693529701483,0.17819026031251922,0.18511666045620284,0.0,0.0,0.2354166666666667,0.0,0,INJECTOR_DEGRADATION,0.9416666666666667,2026-01-01T00:02:00+00:00,True
2026-01-01T00:03:54Z,ENG-DATASET-000,MSN-INJECTOR_DEGRADATION-000,LOITER,4500.0,10.0,0.39515773474568266,0.3248422652543173,2556.1385061716883,504.5460217612053,144.38136927851536,45.08423165073102,332.0640466808409,11.249492551722266,4.754156614571677,14.2,2641.2809336168175,428.1884492063346,121.58136927851535,45.08423165073102,332.0640466808409,9.09049903169476,4.754156614571677,-85.14242744512921,76.35757255487067,22.80000000000001,0.0,0.0,2.158993520027506,0.0,-0.03223527886090485,0.17832702562715705,0.1875287318714957,0.0,0.0,0.23750000000000007,0.0,0,INJECTOR_DEGRADATION,0.95,2026-01-01T00:02:00+00:00,True
2026-01-01T00:03:55Z,ENG-DATASET-000,MSN-INJECTOR_DEGRADATION-000,LOITER,4500.0,10.0,0.39325472067838524,0.32674527932161473,2549.5905877519835,508.4773345020067,144.0928432589148,44.949748479326125,331.54071781233415,11.219984510496076,5.099711529640514,14.2,2630.814356246682,426.78443633003894,121.0928432589148,44.949748479326125,331.54071781233415,9.051416075694315,5.099711529640514,-81.22376849469856,81.69289817196778,23.0,0.0,0.0,2.1685684348017613,0.0,-0.030874002303445884,0.19141489524419633,0.1899369061045377,0.0,0.0,0.23958333333333318,0.0,0,INJECTOR_DEGRADATION,0.9583333333333334,2026-01-01T00:02:00+00:00,True
2026-01-01T00:03:56Z,ENG-DATASET-000,MSN-INJECTOR_DEGRADATION-000,LOITER,4500.0,10.0,0.3917690577497114,0.3282309422502886,2548.2075541220756,515.5867734638671,143.82578633670914,44.818083146969364,331.1321605069488,11.200979122756252,4.731537881919367,14.2,2622.6432101389755,425.6890961474336,120.62578633670915,44.818083146969364,331.1321605069488,9.020922783427853,4.731537881919367,-74.43565601689988,89.89767731643349,23.19999999999999,0.0,0.0,2.1800563393283987,0.0,-0.028381922378589764,0.21118153631376604,0.19233035244421617,0.0,0.0,0.24166666666666678,0.0,0,INJECTOR_DEGRADATION,0.9666666666666667,2026-01-01T00:02:00+00:00,True
2026-01-01T00:03:57Z,ENG-DATASET-000,MSN-INJECTOR_DEGRADATION-000,LOITER,4500.0,10.0,0.3907239292327702,0.32927607076722976,2547.603828959395,521.3777738796309,143.58618140843913,44.68988248218801,330.84475016478996,11.193104636915027,4.163951022529059,14.2,2616.895003295799,424.91894821603535,120.18618140843913,44.68988248218801,330.84475016478996,8.99948111510756,4.163951022529059,-69.29117433640431,96.45882566359558,23.400000000000006,0.0,0.0,2.193623521807467,0.0,-0.026478392999771425,0.22700523492436592,0.1946979238859229,0.0,0.0,0.2437499999999999,0.0,0,INJECTOR_DEGRADATION,0.975,2026-01-01T00:02:00+00:00,True
2026-01-01T00:03:58Z,ENG-DATASET-000,MSN-INJECTOR_DEGRADATION-000,LOITER,4500.0,10.0,0.39013564400851636,0.3298643559914836,2544.2838430683523,522.2766645468662,143.37970300195147,44.56579555912851,330.68297172812015,11.196821761379695,4.200862429334748,14.2,2613.659434562403,424.4855893742502,119.77970300195148,44.56579555912851,330.68297172812015,8.98741546063922,4.200862429334748,-69.3755914940507,97.79107517261599,23.599999999999994,0.0,0.0,2.2094063007404756,0.0,-0.02654347026879041,0.23037548887530765,0.19702837299250522,0.0,0.0,0.24583333333333343,0.0,0,INJECTOR_DEGRADATION,0.9833333333333333,2026-01-01T00:02:00+00:00,True
2026-01-01T00:03:59Z,ENG-DATASET-000,MSN-INJECTOR_DEGRADATION-000,LOITER,4500.0,10.0,0.39001338207111713,0.32998661792888284,2537.851989396159,517.8438673009019,143.21162116370925,44.4464613165476,330.64934969533533,11.212416691550485,4.784179767436322,14.2,2612.986993906707,424.39553847811686,119.41162116370924,44.4464613165476,330.64934969533533,8.984908200240788,4.784179767436322,-75.13500451054824,93.44832882278507,23.80000000000001,0.0,0.0,2.227508491309697,0.0,-0.028754450246311035,0.22019159098111857,0.19931058441431782,0.0,0.0,0.24791666666666687,0.0,0,INJECTOR_DEGRADATION,0.9916666666666667,2026-01-01T00:02:00+00:00,True
2026-01-01T00:04:00Z,ENG-DATASET-000,MSN-INJECTOR_DEGRADATION-000,DESCENT,2200.0,10.0,0.32035905127721415,0.42964094872278585,2137.888182756645,544.6987528886945,143.92666245896862,44.44284491206449,311.07187831665817,12.416317535322055,4.686939753700024,14.2,2221.4375663331634,458.24813646521295,119.92666245896864,44.44284491206449,311.07187831665817,9.933054028257644,4.686939753700024,-83.54938357651827,86.4506164234815,23.999999999999986,0.0,0.0,2.483263507064411,0.0,-0.037610502695526946,0.18865459462712783,0.20012230398066216,0.0,0.0,0.25,0.0,0,INJECTOR_DEGRADATION,1.0,2026-01-01T00:02:00+00:00,True
2026-01-01T00:04:01Z,ENG-DATASET-000,MSN-INJECTOR_DEGRADATION-000,DESCENT,2200.0,10.0,0.3211672575744583,0.4288327424255417,2136.703333367466,539.8230596519102,144.40905689438304,44.44102932420587,311.29413504840034,12.442924109802059,4.272873576197322,14.2,2225.8827009680062,459.0024272524507,120.40905689438304,44.44102932420587,311.29413504840034,9.954339287841647,4.272873576197322,-89.17936760054044,80.8206323994595,24.0,0.0,0.0,2.488584821960412,0.0,-0.04006472019471536,0.17607887802085254,0.1993205546078783,0.0,0.0,0.25000000000000006,0.0,0,INJECTOR_DEGRADATION,1.0,2026-01-01T00:02:00+00:00,True
2026-01-01T00:04:02Z,ENG-DATASET-000,MSN-INJECTOR_DEGRADATION-000,DESCENT,2200.0,10.0,0.3224253891738927,0.4275746108261073,2143.5611543516925,540.9358335787626,144.87257880474385,44.44186449838503,311.6401212382448,12.484357455674457,3.7521858794266647,14.2,2232.802424764895,460.1771039919651,120.87257880474387,44.44186449838503,311.6401212382448,9.987485964539566,3.7521858794266647,-89.24127041320253,80.75872958679753,23.999999999999986,0.0,0.0,2.4968714911348915,0.0,-0.03996827906642894,0.17549488856839693,0.19855620056530193,0.0,0.0,0.25,0.0,0,INJECTOR_DEGRADATION,1.0,2026-01-01T00:02:00+00:00,True
2026-01-01T00:04:03Z,ENG-DATASET-000,MSN-INJECTOR_DEGRADATION-000,DESCENT,2200.0,10.0,0.3241138133527011,0.4258861866472989,2158.3912151493423,548.0568983694485,145.32918194848065,44.446126151209334,312.1044378874171,12.539990101163937,3.8819961228964392,14.2,2242.0887577483413,461.7544409684474,121.32918194848067,44.446126151209334,312.1044378874171,10.03199208093115,3.8819961228964392,-83.69754259899901,86.3024574010011,23.999999999999986,0.0,0.0,2.5079980202327867,0.0,-0.03733016470010483,0.18690119627219423,0.19780896577866133,0.0,0.0,0.24999999999999992,0.0,0,INJECTOR_DEGRADATION,1.0,2026-01-01T00:02:00+00:00,True
2026-01-01T00:04:04Z,ENG-DATASET-000,MSN-INJECTOR_DEGRADATION-000,DESCENT,2200.0,10.0,0.32620618281628144,0.42379381718371856,2177.685854737597,557.7996594785935,145.78902861710833,44.45450498026407,312.67983948990167,12.608978219895013,4.491282189870367,14.2,2253.596789798033,463.7105945390298,121.78902861710834,44.45450498026407,312.67983948990167,10.08718257591601,4.491282189870367,-75.91093506043626,94.08906493956374,23.999999999999986,0.0,0.0,2.5217956439790026,0.0,-0.03368434646520746,0.2029047126540138,0.19706208574381043,0.0,0.0,0.25,0.0,0,INJECTOR_DEGRADATION,1.0,2026-01-01T00:02:00+00:00,True
2026-01-01T00:04:05Z,ENG-DATASET-000,MSN-INJECTOR_DEGRADATION-000,DESCENT,2200.0,10.0,0.3286698468389655,0.4213301531610345,2196.542242478495,565.4112286320784,146.260523957307,44.46759714800638,313.3573470961398,12.69027331138755,4.725666256134709,14.2,2267.146941922796,466.01592807637905,122.26052395730699,44.46759714800638,313.3573470961398,10.15221864911004,4.725666256134709,-70.60469944430088,99.39530055569935,24.0,0.0,0.0,2.53805466227751,0.0,-0.03114253343650506,0.2132873461342477,0.196302119630869,0.0,0.0,0.25,0.0,0,INJECTOR_DEGRADATION,1.0,2026-01-01T00:02:00+00:00,True
2026-01-01T00:04:06Z,ENG-DATASET-000,MSN-INJECTOR_DEGRADATION-000,DESCENT,2200.0,10.0,0.3314663607676731,0.4185336392323269,2211.5302414581015,567.6378928777038,146.75035706033353,44.485896190368315,314.1263884265344,12.782636843210815,4.271171899299662,14.2,2282.5277685306874,468.6354199502897,122.75035706033353,44.485896190368315,314.1263884265344,10.226109474568652,4.271171899299662,-70.99752707258585,99.00247292741415,24.0,0.0,0.0,2.556527368642163,0.0,-0.031104781309315023,0.2112569146777591,0.1955187795356364,0.0,0.0,0.25,0.0,0,INJECTOR_DEGRADATION,1.0,2026-01-01T00:02:00+00:00,True
2026-01-01T00:04:07Z,ENG-DATASET-000,MSN-INJECTOR_DEGRADATION-000,DESCENT,2200.0,10.0,0.33455208593786506,0.41544791406213494,2222.648122989535,564.678017488017,147.26355014093082,44.50978647835174,314.97496284833716,12.884657729930844,3.8037099747510346,14.2,2299.499256966743,471.5291514652251,123.2635501409308,44.50978647835174,314.97496284833716,10.307726183944675,3.8037099747510346,-76.85113397720806,93.14886602279188,24.000000000000014,0.0,0.0,2.5769315459861684,0.0,-0.033420812702754245,0.19754635685480315,0.19470476043047694,0.0,0.0,0.24999999999999994,0.0,0,INJECTOR_DEGRADATION,1.0,2026-01-01T00:02:00+00:00,True
2026-01-01T00:04:08Z,ENG-DATASET-000,MSN-INJECTOR_DEGRADATION-000,DESCENT,2200.0,10.0,0.337878870640308,0.412121129359692,2233.1817720725944,560.0380699336042,147.80351689411745,44.539538336583135,315.889828641509,12.994772488163482,4.020331111435211,14.2,2317.7965728301797,474.6528706911894,123.80351689411745,44.539538336583135,315.889828641509,10.395817990530785,4.020331111435211,-84.61480075758527,85.38519924241484,24.0,0.0,0.0,2.598954497632697,0.0,-0.03650656910509843,0.1798897773821044,0.19385555921263464,0.0,0.0,0.25000000000000006,0.0,0,INJECTOR_DEGRADATION,1.0,2026-01-01T00:02:00+00:00,True
2026-01-01T00:04:09Z,ENG-DATASET-000,MSN-INJECTOR_DEGRADATION-000,DESCENT,2200.0,10.0,0.3413948015123923,0.4086051984876077,2247.5550013036313,558.379435677206,148.37213087971116,44.57530489686249,316.85670963133214,13.11128786715354,4.64015179860603,14.2,2337.134192626643,477.9586270002179,124.37213087971115,44.57530489686249,316.85670963133214,10.489030293722832,4.64015179860603,-89.57919132301186,80.42080867698803,24.000000000000014,0.0,0.0,2.6222575734307085,0.0,-0.03832864694103687,0.16825893316693155,0.19296927559448238,0.0,0.0,0.25000000000000006,0.0,0,INJECTOR_DEGRADATION,1.0,2026-01-01T00:02:00+00:00,True
2026-01-01T00:04:10Z,ENG-DATASET-000,MSN-INJECTOR_DEGRADATION-000,DESCENT,2200.0,10.0,0.3450450136287926,0.4049549863712074,2268.4773862947045,562.6624968888191,148.96980453826401,44.61712073759215,317.8605179633422,13.232405710733183,4.806309565537098,14.2,2357.2103592668445,481.395469860959,124.96980453826401,44.61712073759215,317.8605179633422,10.585924568586545,4.806309565537098,-88.73297297214003,81.26702702786008,24.0,0.0,0.0,2.646481142146637,0.0,-0.03764321356526634,0.16881552095064867,0.19204639143571306,0.0,0.0,0.2500000000000001,0.0,0,INJECTOR_DEGRADATION,1.0,2026-01-01T00:02:00+00:00,True
2026-01-01T00:04:11Z,ENG-DATASET-000,MSN-INJECTOR_DEGRADATION-000,DESCENT,2200.0,10.0,0.34877254665027746,0.40122745334972254,2295.122340483548,572.3207536724219,149.59557918628474,44.66490233203173,318.88558954425054,13.356249760105614,4.313083038970517,14.2,2377.711790885011,484.9102040738846,125.59557918628472,44.66490233203173,318.88558954425054,10.684999808084491,4.313083038970517,-82.58945040146273,87.41054959853733,24.000000000000014,0.0,0.0,2.671249952021123,0.0,-0.03473484495390503,0.1802613120206041,0.19108952843318597,0.0,0.0,0.25,0.0,0,INJECTOR_DEGRADATION,1.0,2026-01-01T00:02:00+00:00,True
2026-01-01T00:04:12Z,ENG-DATASET-000,MSN-INJECTOR_DEGRADATION-000,DESCENT,2200.0,10.0,0.3525192336707524,0.3974807663292476,2323.4433675333216,583.5729902241262,150.24722607236694,44.71845030003077,319.9159284748812,13.480894058927884,3.900119460695535,14.2,2398.3185694976232,488.4481921884278,126.24722607236694,44.71845030003077,319.9159284748812,10.784715247142307,3.900119460695535,-74.8752019643016,95.1247980356984,24.0,0.0,0.0,2.696178811785577,0.0,-0.031219873338171975,0.19474900216029928,0.19010318679194435,0.0,0.0,0.25000000000000006,0.0,0,INJECTOR_DEGRADATION,1.0,2026-01-01T00:02:00+00:00,True
2026-01-01T00:04:13Z,ENG-DATASET-000,MSN-INJECTOR_DEGRADATION-000,DESCENT,2200.0,10.0,0.3562266088923747,0.3937733911076253,2348.439545969049,591.6846061353589,150.92135829970164,44.77745342968202,320.9354566608273,13.604392574310314,4.192244943665212,14.2,2418.709133216546,491.9541933828558,126.92135829970164,44.77745342968202,320.9354566608273,10.88351405944825,4.192244943665212,-70.26958724749693,99.73041275250307,24.0,0.0,0.0,2.720878514862063,0.0,-0.02905251660171646,0.2027229650523365,0.18909346954299353,0.0,0.0,0.25000000000000006,0.0,0,INJECTOR_DEGRADATION,1.0,2026-01-01T00:02:00+00:00,True
2026-01-01T00:04:14Z,ENG-DATASET-000,MSN-INJECTOR_DEGRADATION-000,DESCENT,2200.0,10.0,0.3598368199647748,0.3901631800352252,2366.9989837778207,593.8069163344073,151.6135531365148,44.841494407656235,321.9282647057373,13.724809601638215,4.803773513906801,14.2,2438.565294114747,495.3732266713334,127.61355313651481,44.841494407656235,321.9282647057373,10.979847681310572,4.803773513906801,-71.56631033692611,98.43368966307395,24.0,0.0,0.0,2.7449619203276434,0.0,-0.029347711340616887,0.1987061156383044,0.1880677985223557,0.0,0.0,0.25000000000000006,0.0,0,INJECTOR_DEGRADATION,1.0,2026-01-01T00:02:00+00:00,True
2026-01-01T00:04:15Z,ENG-DATASET-000,MSN-INJECTOR_DEGRADATION-000,DESCENT,2200.0,10.0,0.3632935307516341,0.3867064692483659,2379.5984070356017,590.6726485953816,152.31848394791967,44.91005717025505,322.87886017212367,13.840250479835712,4.8905576253712395,14.2,2457.5772034424735,498.65144500225375,128.31848394791967,44.91005717025505,322.87886017212367,11.07220038386857,4.8905576253712395,-77.97879640687188,92.02120359312784,24.0,0.0,0.0,2.7680500959671424,0.0,-0.0317299478110565,0.1845401322214396,0.18703462869574444,0.0,0.0,0.25,0.0,0,INJECTOR_DEGRADATION,1.0,2026-01-01T00:02:00+00:00,True
2026-01-01T00:04:16Z,ENG-DATASET-000,MSN-INJECTOR_DEGRADATION-000,DESCENT,2200.0,10.0,0.3665428004372507,0.3834571995627493,2389.8308692588676,586.1196882495144,153.03006069572797,44.98253576186962,323.7724093356682,13.948892109250991,4.358878824606293,14.2,2475.448186713364,501.73700570401087,129.03006069572797,44.98253576186962,323.7724093356682,11.159113687400794,4.358878824606293,-85.61731745449651,84.38268254550354,24.0,0.0,0.0,2.7897784218501975,0.0,-0.03458659240538177,0.16818110202396216,0.18600316756105045,0.0,0.0,0.24999999999999992,0.0,0,INJECTOR_DEGRADATION,1.0,2026-01-01T00:02:00+00:00,True
2026-01-01T00:04:17Z,ENG-DATASET-000,MSN-INJECTOR_DEGRADATION-000,DESCENT,2200.0,10.0,0.3695339252549268,0.3804660747450732,2402.0509240992933,584.7324727843297,153.74157767354563,45.05824456395418,324.5949686605291,14.049012739156609,3.999238157739031,14.2,2491.8993732105823,504.5809218956188,129.74157767354563,45.05824456395418,324.5949686605291,11.239210191325288,3.999238157739031,-89.84844911128903,80.15155088871091,24.0,0.0,0.0,2.809802547831321,0.0,-0.03605621080739211,0.15884776338272186,0.18498310588135858,0.0,0.0,0.24999999999999992,0.0,0,INJECTOR_DEGRADATION,1.0,2026-01-01T00:02:00+00:00,True
2026-01-01T00:04:18Z,ENG-DATASET-000,MSN-INJECTOR_DEGRADATION-000,DESCENT,2200.0,10.0,0.3722202297022902,0.3777797702977098,2418.5684039805797,589.0322352912821,154.44586688073568,45.13642973618357,325.33370238355405,14.139020478175349,4.3533755192103705,14.2,2506.6740476710816,507.1378789817841,130.44586688073568,45.13642973618357,325.33370238355405,11.311216382540279,4.3533755192103705,-88.10564369050189,81.89435630949794,24.0,0.0,0.0,2.82780409563507,0.0,-0.035148424571738675,0.16148341447876643,0.18398436511555227,0.0,0.0,0.25000000000000006,0.0,0,INJECTOR_DEGRADATION,1.0,2026-01-01T00:02:00+00:00,True
2026-01-01T00:04:19Z,ENG-DATASET-000,MSN-INJECTOR_DEGRADATION-000,DESCENT,2200.0,10.0,0.37455979489689756,0.37544020510310244,2438.0955926672113,597.9209366828197,155.1354551990879,45.21628169249634,325.9770828120711,14.217479980680135,4.937718717093203,14.2,2519.5416562414225,509.3670002570312,131.1354551990879,45.21628169249634,325.9770828120711,11.373983984544108,4.937718717093203,-81.44606357421117,88.55393642578855,24.0,0.0,0.0,2.8434959961360278,0.0,-0.032325745983382545,0.17385094908210275,0.1830168657558214,0.0,0.0,0.25000000000000006,0.0,0,INJECTOR_DEGRADATION,1.0,2026-01-01T00:02:00+00:00,True
2026-01-01T00:04:20Z,ENG-DATASET-000,MSN-INJECTOR_DEGRADATION-000,DESCENT,2200.0,10.0,0.3765161127063749,0.3734838872936251,2456.3920834954583,607.3232253000252,155.80272332913196,45.29694841852684,326.5150702096774,14.283136776811638,4.935814304669448,14.2,2530.3014041935476,511.2325459981146,131.80272332913196,45.29694841852684,326.5150702096774,11.42650942144931,4.935814304669448,-73.90932069808923,96.09067930191065,24.0,0.0,0.0,2.8566273553623276,0.0,-0.029209690424862825,0.1879588458405092,0.1820903194850402,0.0,0.0,0.25,0.0,0,INJECTOR_DEGRADATION,1.0,2026-01-01T00:02:00+00:00,True
2026-01-01T00:04:21Z,ENG-DATASET-000,MSN-INJECTOR_DEGRADATION-000,DESCENT,2200.0,10.0,0.37805865544561273,0.37194134455438727,2468.7182871018135,612.6374290982543,156.4400642776137,45.37754942375226,326.9392694629678,14.334938744025841,4.3677171944766435,14.2,2538.7853892593557,512.7045312557967,132.4400642776137,45.37754942375226,326.9392694629678,11.467950995220672,4.3677171944766435,-70.0671021575422,99.93289784245758,24.0,0.0,0.0,2.866987748805169,0.0,-0.02759867078720781,0.19491323315923537,0.18121404675319774,0.0,0.0,0.25000000000000006,0.0,0,INJECTOR_DEGRADATION,1.0,2026-01-01T00:02:00+00:00,True
2026-01-01T00:04:22Z,ENG-DATASET-000,MSN-INJECTOR_DEGRADATION-000,DESCENT,2200.0,10.0,0.379163352251082,0.370836647748918,2472.6111755277257,611.5092027093434,157.04003907162866,45.45719011173069,327.24306108447183,14.372054264119425,4.060988099521264,14.2,2544.861221689436,513.7592488710538,133.04003907162866,45.45719011173069,327.24306108447183,11.49764341129554,4.060988099521264,-72.25004616171054,97.74995383828957,24.0,0.0,0.0,2.8744108528238854,0.0,-0.028390564305014045,0.1902641247881912,0.18039682014132918,0.0,0.0,0.25000000000000006,0.0,0,INJECTOR_DEGRADATION,1.0,2026-01-01T00:02:00+00:00,True
2026-01-01T00:04:23Z,ENG-DATASET-000,MSN-INJECTOR_DEGRADATION-000,DESCENT,2200.0,10.0,0.3798129646986088,0.3701870353013912,2469.300081980911,605.2456778473766,157.59552731489828,45.53497634523819,327.4217045075417,14.393886670792783,4.464854279914526,14.2,2548.434090150834,514.3796860172996,133.59552731489828,45.53497634523819,327.4217045075417,11.515109336634227,4.464854279914526,-79.13400816992316,90.86599183007695,24.0,0.0,0.0,2.8787773341585563,0.0,-0.031052012871653066,0.17665159472689781,0.1796467328088728,0.0,0.0,0.24999999999999997,0.0,0,INJECTOR_DEGRADATION,1.0,2026-01-01T00:02:00+00:00,True
2026-01-01T00:04:24Z,ENG-DATASET-000,MSN-INJECTOR_DEGRADATION-000,DESCENT,2200.0,10.0,0.379997355803218,0.370002644196782,2462.9049720244034,598.0125555629944,158.09987020252782,45.6100289800296,327.4724120613092,14.400084667516309,5.006459919955852,14.2,2549.448241226184,514.5558247647754,134.09987020252782,45.6100289800296,327.4724120613092,11.520067734013047,5.006459919955852,-86.54326920178073,83.45673079821904,24.0,0.0,0.0,2.8800169335032617,0.0,-0.033945882015693256,0.16219179101970238,0.17897109045484813,0.0,0.0,0.25,0.0,0,INJECTOR_DEGRADATION,1.0,2026-01-01T00:02:00+00:00,True
2026-01-01T00:04:25Z,ENG-DATASET-000,MSN-INJECTOR_DEGRADATION-000,DESCENT,2200.0,10.0,0.3797136482033933,0.3702863517966067,2457.9043784891805,594.3013487700698,158.54700367497597,45.681498141396915,327.39439247135743,14.390548481539689,4.911492914090974,14.2,2547.8878494271485,514.2848197080375,134.54700367497597,45.681498141396915,327.39439247135743,11.512438785231751,4.911492914090974,-89.98347093796792,80.0165290620323,24.0,0.0,0.0,2.878109696307938,0.0,-0.0353168884408312,0.15558796603690958,0.17837632458896366,0.0,0.0,0.25,0.0,0,INJECTOR_DEGRADATION,1.0,2026-01-01T00:02:00+00:00,True
2026-01-01T00:04:26Z,ENG-DATASET-000,MSN-INJECTOR_DEGRADATION-000,DESCENT,2200.0,10.0,0.3789662690613416,0.3710337309386584,2456.409430977536,596.2032153360067,158.93157952008676,45.74857702167419,327.1888632072932,14.365431614455398,4.313497465927057,14.2,2543.777264145864,513.5710485043348,134.93157952008676,45.74857702167419,327.1888632072932,11.492345291564318,4.313497465927057,-87.36783316832816,82.63216683167184,24.0,0.0,0.0,2.87308632289108,0.0,-0.03434570880075228,0.16089724503030348,0.17786792450930444,0.0,0.0,0.25000000000000006,0.0,0,INJECTOR_DEGRADATION,1.0,2026-01-01T00:02:00+00:00,True
2026-01-01T00:04:27Z,ENG-DATASET-000,MSN-INJECTOR_DEGRADATION-000,DESCENT,2200.0,10.0,0.37776688097860717,0.37223311902139283,2456.897663025343,602.1430674706827,159.2490724214822,45.81051498427575,326.8590314845412,14.325138149438397,4.062587772339515,14.2,2537.180629690825,512.4260341361645,135.2490724214822,45.81051498427575,326.8590314845412,11.460110519550717,4.062587772339515,-80.28296666548204,89.71703333451819,24.0,0.0,0.0,2.8650276298876793,0.0,-0.03164259009626175,0.17508289461865656,0.17745038520639772,0.0,0.0,0.25,0.0,0,INJECTOR_DEGRADATION,1.0,2026-01-01T00:02:00+00:00,True
2026-01-01T00:04:28Z,ENG-DATASET-000,MSN-INJECTOR_DEGRADATION-000,DESCENT,2200.0,10.0,0.37613420000507525,0.37386579999492475,2455.1744279560016,607.841784342023,159.49587119739448,45.8666297706406,326.41004421682,14.270315676472283,4.507613423766719,14.2,2528.200884336399,510.8682407224205,135.49587119739448,45.8666297706406,326.41004421682,11.416252541177826,4.507613423766719,-73.02645638039758,96.97354361960242,24.0,0.0,0.0,2.8540631352944565,0.0,-0.028884752328359985,0.18982104560360183,0.17712716843626972,0.0,0.0,0.25,0.0,0,INJECTOR_DEGRADATION,1.0,2026-01-01T00:02:00+00:00,True
2026-01-01T00:04:29Z,ENG-DATASET-000,MSN-INJECTOR_DEGRADATION-000,DESCENT,2200.0,10.0,0.37409370358127364,0.37590629641872636,2446.978149926377,608.9227435644436,159.66935276874398,45.91631862042012,325.84890770027454,14.20184399578999,4.99653686009444,14.2,2516.9781540054905,508.9227476435574,135.66935276874398,45.91631862042012,325.84890770027454,11.361475196631991,4.99653686009444,-70.00000407911375,99.99999592088625,24.0,0.0,0.0,2.8403687991579982,0.0,-0.02781112897929469,0.19649346857437958,0.17690067439850876,0.0,0.0,0.25000000000000006,0.0,0,INJECTOR_DEGRADATION,1.0,2026-01-01T00:02:00+00:00,True
2026-01-01T00:04:30Z,ENG-DATASET-000,MSN-INJECTOR_DEGRADATION-000,DESCENT,2200.0,10.0,0.371677232971434,0.378322767028566,2430.6481505348215,603.5813943890706,159.76793772951012,45.9590681321719,325.1843782825686,14.120819852791172,4.810817338154555,14.2,2503.6875656513726,506.6208095056215,135.76793772951012,45.9590681321719,325.1843782825686,11.296655882232937,4.810817338154555,-73.03941511655103,96.96058488344914,24.0,0.0,0.0,2.824163970558235,0.0,-0.029172735495672245,0.1913868973879433,0.1767722217878502,0.0,0.0,0.25000000000000006,0.0,0,INJECTOR_DEGRADATION,1.0,2026-01-01T00:02:00+00:00,True
2026-01-01T00:04:31Z,ENG-DATASET-000,MSN-INJECTOR_DEGRADATION-000,DESCENT,2200.0,10.0,0.36892249639121344,0.38107750360878656,2408.235490917832,593.6982884027883,159.791126755187,45.99446271144496,324.426825723008,14.028538041577253,4.195128751277074,14.2,2488.5365144601597,503.99931194511583,135.791126755187,45.99446271144496,324.426825723008,11.222830433261802,4.195128751277074,-80.30102354232758,89.69897645767247,24.0,0.0,0.0,2.8057076083154513,0.0,-0.032268372626128555,0.17797440260680444,0.17674203442813127,0.0,0.0,0.25000000000000006,0.0,0,INJECTOR_DEGRADATION,1.0,2026-01-01T00:02:00+00:00,True
2026-01-01T00:04:32Z,ENG-DATASET-000,MSN-INJECTOR_DEGRADATION-000,DESCENT,2200.0,10.0,0.36587248058360067,0.38412751941639933,2384.381392391618,583.7201002606765,159.739517464352,46.02219147515445,323.58807137591447,13.926469286225672,4.007155275355028,14.2,2471.761427518289,501.10013538734756,135.739517464352,46.02219147515445,323.58807137591447,11.141175428980537,4.007155275355028,-87.38003512667092,82.61996487332897,24.0,0.0,0.0,2.7852938572451347,0.0,-0.03535132240266516,0.16487715536030378,0.17680923321613323,0.0,0.0,0.25000000000000006,0.0,0,INJECTOR_DEGRADATION,1.0,2026-01-01T00:02:00+00:00,True
2026-01-01T00:04:33Z,ENG-DATASET-000,MSN-INJECTOR_DEGRADATION-000,DESCENT,2200.0,10.0,0.3625747800251694,0.3874252199748306,2363.641658013306,577.9870241184581,159.61480173171853,46.042053505204024,322.68120372234586,13.81623536693176,4.489188873008663,14.2,2453.6240744469173,497.9694405520695,135.61480173171853,46.042053505204024,322.68120372234586,11.052988293545408,4.489188873008663,-89.98241643361143,80.01758356638857,24.0,0.0,0.0,2.763247073386353,0.0,-0.0366732692961104,0.1606877391465584,0.17697183267264782,0.0,0.0,0.25000000000000006,0.0,0,INJECTOR_DEGRADATION,1.0,2026-01-01T00:02:00+00:00,True
2026-01-01T00:04:34Z,ENG-DATASET-000,MSN-INJECTOR_DEGRADATION-000,DESCENT,2200.0,10.0,0.35908085423018943,0.39091914576981057,2347.8778846916093,578.1272928296534,159.41974382636096,46.053961370045506,321.72037412872635,13.699582000863206,4.9214250333113645,14.2,2434.4074825745274,494.6568907125714,135.41974382636096,46.053961370045506,321.72037412872635,10.959665600690565,4.9214250333113645,-86.5295978829181,83.47040211708196,24.0,0.0,0.0,2.739916400172641,0.0,-0.03554441830395954,0.16874403992803938,0.17722674199394056,0.0,0.0,0.24999999999999997,0.0,0,INJECTOR_DEGRADATION,1.0,2026-01-01T00:02:00+00:00,True
2026-01-01T00:04:35Z,ENG-DATASET-000,MSN-INJECTOR_DEGRADATION-000,DESCENT,2200.0,10.0,0.35544522474211765,0.39455477525788235,2335.295507515008,582.0988135685144,159.15814010481583,46.057942859866955,320.72057601950667,13.578350014478055,4.653664913438113,14.2,2414.411520390133,491.2148264436391,135.15814010481583,46.057942859866955,320.72057601950667,10.862680011582444,4.653664913438113,-79.11601287512485,90.88398712487532,24.0,0.0,0.0,2.7156700028956102,0.0,-0.03276823863992369,0.1850188191241478,0.17756977109471822,0.0,0.0,0.24999999999999992,0.0,0,INJECTOR_DEGRADATION,1.0,2026-01-01T00:02:00+00:00,True
2026-01-01T00:04:36Z,ENG-DATASET-000,MSN-INJECTOR_DEGRADATION-000,DESCENT,2200.0,10.0,0.3517246243431477,0.3982753756568523,2321.7095756004696,585.4587662545662,158.8347613155816,46.05414090895011,319.6974109097899,13.454445355404818,4.037322255433449,14.2,2393.9482181957974,487.6974088498937,134.8347613155816,46.05414090895011,319.6974109097899,10.763556284323855,4.037322255433449,-72.23864259532775,97.76135740467248,24.0,0.0,0.0,2.6908890710809636,0.0,-0.030175524285053462,0.2004549452809622,0.17799564270987842,0.0,0.0,0.25,0.0,0,INJECTOR_DEGRADATION,1.0,2026-01-01T00:02:00+00:00,True
2026-01-01T00:04:37Z,ENG-DATASET-000,MSN-INJECTOR_DEGRADATION-000,DESCENT,2200.0,10.0,0.34797711175811846,0.40202288824188154,2303.267691408215,584.0905395110325,158.4552788610473,46.04281170700226,318.6668449489068,13.32980848873169,3.9224639471272784,14.2,2373.336898978137,484.1597470809547,134.4552788610473,46.04281170700226,318.6668449489068,10.663846790985351,3.9224639471272784,-70.06920756992213,99.93079243007782,24.0,0.0,0.0,2.6659616977463383,0.0,-0.029523498159949858,0.20640045570200766,0.17849801215170422,0.0,0.0,0.25000000000000006,0.0,0,INJECTOR_DEGRADATION,1.0,2026-01-01T00:02:00+00:00,True
2026-01-01T00:04:38Z,ENG-DATASET-000,MSN-INJECTOR_DEGRADATION-000,DESCENT,2200.0,10.0,0.34426116566753134,0.40573883433246866,2278.9755375055743,576.7333673897112,158.02617660904372,46.024321029504065,317.6449597739954,13.20638370625084,4.440454117190739,14.2,2352.899195479908,480.65702536404524,134.02617660904372,46.024321029504065,317.6449597739954,10.565106965000671,4.440454117190739,-73.92365797433376,96.07634202566601,24.0,0.0,0.0,2.6412767412501683,0.0,-0.03141811519862242,0.19988544212559603,0.17906949677456177,0.0,0.0,0.25000000000000006,0.0,0,INJECTOR_DEGRADATION,1.0,2026-01-01T00:02:00+00:00,True
2026-01-01T00:04:39Z,ENG-DATASET-000,MSN-INJECTOR_DEGRADATION-000,LANDING,500.0,10.0,0.24063477216729953,0.5593652278327005,1679.5485904569066,475.1718547964285,155.2894537159235,46.01582409126606,288.05062631859226,11.88353245295316,4.2583576199201785,14.2,1761.012526371845,386.635790711367,131.2894537159235,46.01582409126606,288.05062631859226,9.506825962362528,4.2583576199201785,-81.46393591493847,88.53606408506147,24.0,0.0,0.0,2.3767064905906317,0.0,-0.046259714053696076,0.2289908648192267,0.18280219256551866,0.0,0.0,0.24999999999999994,0.0,0,INJECTOR_DEGRADATION,1.0,2026-01-01T00:02:00+00:00,True
2026-01-01T00:04:40Z,ENG-DATASET-000,MSN-INJECTOR_DEGRADATION-000,LANDING,500.0,10.0,0.23715451991511546,0.5628454800848846,1653.7549290111829,465.3821288867056,152.74796681584004,45.99938071567143,287.09355694924164,11.747314309345704,3.921459033669258,14.2,1741.8711389848327,383.4983388603553,128.74796681584004,45.99938071567143,287.09355694924164,9.397851447476564,3.921459033669258,-88.1162099736498,81.88379002635025,24.0,0.0,0.0,2.3494628618691404,0.0,-0.05058710027482525,0.21351797838208345,0.1864107107363442,0.0,0.0,0.24999999999999994,0.0,0,INJECTOR_DEGRADATION,1.0,2026-01-01T00:02:00+00:00,True
2026-01-01T00:04:41Z,ENG-DATASET-000,MSN-INJECTOR_DEGRADATION-000,LANDING,500.0,10.0,0.233874717083374,0.566125282916626,1633.9869234389687,460.7001550312362,150.3868065093191,45.975786020739285,286.1916111705127,11.619091281434024,3.3236889675667114,14.2,1723.8322234102545,380.54545500252215,126.38680650931909,45.975786020739285,286.1916111705127,9.29527302514722,3.3236889675667114,-89.84529997128584,80.15470002871405,24.0,0.0,0.0,2.3238182562868044,0.0,-0.05211951531660374,0.2106310796122445,0.18989323856545398,0.0,0.0,0.24999999999999994,0.0,0,INJECTOR_DEGRADATION,1.0,2026-01-01T00:02:00+00:00,True
2026-01-01T00:04:42Z,ENG-DATASET-000,MSN-INJECTOR_DEGRADATION-000,LANDING,500.0,10.0,0.230846543898306,0.569153456101694,1621.5749077749695,462.22007827745074,148.1936868932587,45.94592517744951,285.358863544619,11.500834199502787,3.2924098186137685,14.2,1707.1772708923802,377.8224413948616,124.19368689325871,45.94592517744951,285.358863544619,9.20066735960223,3.2924098186137685,-85.60236311741073,84.39763688258915,23.999999999999986,0.0,0.0,2.300166839900557,0.0,-0.05014263285772569,0.22337909990472304,0.19324653772963007,0.0,0.0,0.24999999999999994,0.0,0,INJECTOR_DEGRADATION,1.0,2026-01-01T00:02:00+00:00,True
2026-01-01T00:04:43Z,ENG-DATASET-000,MSN-INJECTOR_DEGRADATION-000,LANDING,500.0,10.0,0.2281172539896657,0.5718827460103344,1614.2050684219464,467.4098122603159,146.15859120976356,45.91076045858504,284.60830881974294,11.39435477942936,3.8456148593815556,14.2,1692.1661763948591,375.3709202332286,122.15859120976356,45.91076045858504,284.60830881974294,9.115483823543489,3.8456148593815556,-77.96110797291271,92.03889202708729,24.0,0.0,0.0,2.2788709558858713,0.0,-0.046071780100821996,0.24519451845097887,0.19646591993508347,0.0,0.0,0.2499999999999999,0.0,0,INJECTOR_DEGRADATION,1.0,2026-01-01T00:02:00+00:00,True
2026-01-01T00:04:44Z,ENG-DATASET-000,MSN-INJECTOR_DEGRADATION-000,LANDING,500.0,10.0,0.22572943701364281,0.5742705629863573,1607.4765656539562,471.67162060877473,144.273438038326,45.8713170499608,283.9516591513366,11.301279434416255,4.166568225827701,14.2,1679.0331830267328,373.2282379815514,120.27343803832599,45.8713170499608,283.9516591513366,9.041023547533005,4.166568225827701,-71.5566173727766,98.44338262722334,24.0,0.0,0.0,2.2602558868832503,0.0,-0.0426177505579634,0.26376188243315446,0.1995453060246954,0.0,0.0,0.2499999999999999,0.0,0,INJECTOR_DEGRADATION,1.0,2026-01-01T00:02:00+00:00,True
2026-01-01T00:04:45Z,ENG-DATASET-000,MSN-INJECTOR_DEGRADATION-000,LANDING,500.0,10.0,0.2237203540555221,0.576279645944478,1597.7094573819256,471.15316925306445,142.5317677001986,45.82866784682887,283.39916133785346,11.223026063663735,3.774299688632258,14.2,1667.9832267570694,371.4269386282082,118.5317677001986,45.82866784682887,283.39916133785346,8.978420850930988,3.774299688632258,-70.27376937514373,99.72623062485627,24.0,0.0,0.0,2.244605212732747,0.0,-0.04213098084431675,0.26849487813989836,0.20247736506134792,0.0,0.0,0.25,0.0,0,INJECTOR_DEGRADATION,1.0,2026-01-01T00:02:00+00:00,True
2026-01-01T00:04:46Z,ENG-DATASET-000,MSN-INJECTOR_DEGRADATION-000,LANDING,500.0,10.0,0.22212135618290982,0.5778786438170902,1584.2980160964685,465.10358830849685,140.92844869692198,45.78391747403028,282.95943692288506,11.160784047869278,3.2130089890669637,14.2,1659.1887384577014,369.99431066972977,116.92844869692199,45.78391747403028,282.95943692288506,8.928627238295423,3.2130089890669637,-74.89072236123297,95.10927763876708,23.999999999999986,0.0,0.0,2.232156809573855,0.0,-0.04513695194848515,0.25705605436637385,0.2052537279632254,0.0,0.0,0.2499999999999999,0.0,0,INJECTOR_DEGRADATION,1.0,2026-01-01T00:02:00+00:00,True
2026-01-01T00:04:47Z,ENG-DATASET-000,MSN-INJECTOR_DEGRADATION-000,LANDING,500.0,10.0,0.22095739522280947,0.5790426047771906,1570.1800585739861,456.3451169663064,139.45940411646654,45.73818578052435,282.6393476588575,11.115497635190167,3.2726817991244808,14.2,1652.7869531771496,368.95201156946985,115.45940411646654,45.73818578052435,282.6393476588575,8.892398108152133,3.2726817991244808,-82.60689460316348,87.39310539683657,24.0,0.0,0.0,2.223099527038034,0.0,-0.049980364646737066,0.23686848873672928,0.20786526817504317,0.0,0.0,0.2500000000000001,0.0,0,INJECTOR_DEGRADATION,1.0,2026-01-01T00:02:00+00:00,True
2026-01-01T00:04:48Z,ENG-DATASET-000,MSN-INJECTOR_DEGRADATION-000,LANDING,500.0,10.0,0.22024663439670653,0.5797533656032935,1560.1360090736473,449.574012962457,138.12135801787974,45.69259106707745,282.44388843167917,11.087852859715891,3.857517492621798,14.2,1648.8777686335839,368.3157725223936,114.12135801787973,45.69259106707745,282.44388843167917,8.870282287772714,3.857517492621798,-88.74175955993655,81.25824044006339,24.000000000000014,0.0,0.0,2.2175705719431775,0.0,-0.0538194893812392,0.22062112595279335,0.21030243958575978,0.0,0.0,0.2499999999999999,0.0,0,INJECTOR_DEGRADATION,1.0,2026-01-01T00:02:00+00:00,True
2026-01-01T00:04:49Z,ENG-DATASET-000,MSN-INJECTOR_DEGRADATION-000,LANDING,500.0,10.0,0.22000016488957225,0.5799998351104277,1557.9481958736933,448.52119510082696,136.9116018553787,45.64823331000859,282.37610931721724,11.078268097463326,4.1233412336686905,14.2,1647.522186344345,368.0951855714788,112.91160185537872,45.64823331000859,282.37610931721724,8.862614477970661,4.1233412336686905,-89.57399047065178,80.42600952934816,23.999999999999986,0.0,0.0,2.215653619492665,0.0,-0.0543689130338243,0.21849242446484154,0.21255565952150832,0.0,0.0,0.24999999999999994,0.0,0,INJECTOR_DEGRADATION,1.0,2026-01-01T00:02:00+00:00,True
2026-01-01T00:04:50Z,ENG-DATASET-000,MSN-INJECTOR_DEGRADATION-000,LANDING,500.0,10.0,0.22022183277563162,0.5797781672243685,1564.14259248535,453.69480721767883,135.82778103109086,45.60617764390358,282.4370679858836,11.086888331898205,3.6871309219508928,14.2,1648.7413597176715,368.2935744500003,111.82778103109085,45.60617764390358,282.4370679858836,8.869510665518565,3.6871309219508928,-84.5987672323215,85.40123276767855,24.000000000000014,0.0,0.0,2.2173776663796403,0.0,-0.05131112089455201,0.23188358063323383,0.2146157223072094,0.0,0.0,0.2499999999999999,0.0,0,INJECTOR_DEGRADATION,1.0,2026-01-01T00:02:00+00:00,True
2026-01-01T00:04:51Z,ENG-DATASET-000,MSN-INJECTOR_DEGRADATION-000,LANDING,500.0,10.0,0.2209081790016614,0.5790918209983387,1575.6822704605188,462.0739564413871,134.86770167652435,45.56743836212379,282.6258131980418,11.11358317112548,3.1757976847475824,14.2,1652.5162639608352,368.9079499417036,110.86770167652435,45.56743836212379,282.6258131980418,8.890866536900385,3.1757976847475824,-76.83399350031641,93.16600649968353,24.0,0.0,0.0,2.2227166342250957,0.0,-0.04649515116792665,0.25254540194757535,0.216474226822381,0.0,0.0,0.24999999999999994,0.0,0,INJECTOR_DEGRADATION,1.0,2026-01-01T00:02:00+00:00,True
2026-01-01T00:04:52Z,ENG-DATASET-000,MSN-INJECTOR_DEGRADATION-000,LANDING,500.0,10.0,0.22204849336435883,0.5779515066356412,1587.798316128325,468.9393731978426,134.02915775950163,45.53296368581209,282.93939964778355,11.157948631040323,3.327994947509205,14.2,1658.7879929556711,369.9290500251887,110.02915775950163,45.53296368581209,282.93939964778355,8.92635890483226,3.327994947509205,-70.9896768273461,99.0103231726539,24.0,0.0,0.0,2.231589726208064,0.0,-0.04279611205821117,0.267646791096596,0.21812399993516687,0.0,0.0,0.2499999999999999,0.0,0,INJECTOR_DEGRADATION,1.0,2026-01-01T00:02:00+00:00,True
2026-01-01T00:04:53Z,ENG-DATASET-000,MSN-INJECTOR_DEGRADATION-000,LANDING,500.0,10.0,0.22362498163948205,0.576375018360518,1596.8477771847136,470.7305632790394,133.30977859763084,45.50362154006506,283.3729339234425,11.21931267159364,3.935772815894714,14.2,1667.4586784688488,371.3414645631746,109.30977859763084,45.50362154006506,283.3729339234425,8.975450137274912,3.935772815894714,-70.61090128413525,99.3890987158648,24.0,0.0,0.0,2.243862534318728,0.0,-0.04234641745303939,0.267648803595851,0.21955949694440394,0.0,0.0,0.25,0.0,0,INJECTOR_DEGRADATION,1.0,2026-01-01T00:02:00+00:00,True
2026-01-01T00:04:54Z,ENG-DATASET-000,MSN-INJECTOR_DEGRADATION-000,LANDING,500.0,10.0,0.22561304325476791,0.5743869567452321,1602.465590320399,467.19641674112023,132.70689683220883,45.48018656018431,283.91965086764606,11.296744445546583,4.142345223471834,14.2,1678.3930173529213,373.1238437736424,108.70689683220881,45.48018656018431,283.91965086764606,9.037395556437266,4.142345223471834,-75.92742703252225,94.07257296747781,24.000000000000014,0.0,0.0,2.259348889109317,0.0,-0.04523816903878165,0.2521215798381072,0.22077716041369919,0.0,0.0,0.25000000000000006,0.0,0,INJECTOR_DEGRADATION,1.0,2026-01-01T00:02:00+00:00,True
2026-01-01T00:04:55Z,ENG-DATASET-000,MSN-INJECTOR_DEGRADATION-000,LANDING,500.0,10.0,0.22798165517363428,0.5720183448263658,1607.706062012317,461.5348682470706,132.21743687752394,45.46332853168656,284.57101914533433,11.389067189364399,3.6693685686953676,14.2,1691.4203829066862,375.24918914143984,108.21743687752392,45.46332853168656,284.57101914533433,9.11125375149152,3.6693685686953676,-83.71432089436917,86.28567910563078,24.000000000000014,0.0,0.0,2.2778134378728794,0.0,-0.04949350364958183,0.22994234658587834,0.22177572018419023,0.0,0.0,0.24999999999999994,0.0,0,INJECTOR_DEGRADATION,1.0,2026-01-01T00:02:00+00:00,True
2026-01-01T00:04:56Z,ENG-DATASET-000,MSN-INJECTOR_DEGRADATION-000,LANDING,500.0,10.0,0.23069385599929002,0.56930614400071,1617.0893299047639,458.43706722012655,131.83782380885043,45.453602445342185,285.31687437238963,11.494874653082777,3.215443047822428,14.2,1706.3374874477927,377.68522476315536,107.83782380885042,45.453602445342185,285.31687437238963,9.195899722466221,3.215443047822428,-89.24815754302881,80.75184245697119,24.000000000000014,0.0,0.0,2.2989749306165557,0.0,-0.052303930611358296,0.21380725843223095,0.22255641993055778,0.0,0.0,0.25000000000000006,0.0,0,INJECTOR_DEGRADATION,1.0,2026-01-01T00:02:00+00:00,True
2026-01-01T00:04:57Z,ENG-DATASET-000,MSN-INJECTOR_DEGRADATION-000,LANDING,500.0,10.0,0.23370732274496983,0.5662926772550302,1633.7393686247458,461.22266041468026,131.56391258643953,45.45144032327463,286.1455777274516,11.612550929175644,3.454917823505347,14.2,1722.911554549032,380.39484633896643,107.56391258643953,45.45144032327463,286.1455777274516,9.290040743340516,3.454917823505347,-89.17218592428617,80.82781407571383,24.0,0.0,0.0,2.322510185835128,0.0,-0.05175668227939117,0.21248398829170492,0.22312315927252405,0.0,0.0,0.24999999999999992,0.0,0,INJECTOR_DEGRADATION,1.0,2026-01-01T00:02:00+00:00,True
2026-01-01T00:04:58Z,ENG-DATASET-000,MSN-INJECTOR_DEGRADATION-000,LANDING,500.0,10.0,0.2369750312699874,0.5630249687300126,1657.3514620339977,469.80415471323596,131.39093743069225,45.457144944482685,287.04419757183143,11.740293499112832,4.071392572250807,14.2,1740.8839514366286,383.3366441158669,107.39093743069225,45.457144944482685,287.04419757183143,9.392234799290266,4.071392572250807,-83.53248940263097,86.46751059736908,24.0,0.0,0.0,2.348058699822566,0.0,-0.047982801687440166,0.22556547078038675,0.2234825449353124,0.0,0.0,0.24999999999999994,0.0,0,INJECTOR_DEGRADATION,1.0,2026-01-01T00:02:00+00:00,True
2026-01-01T00:04:59Z,ENG-DATASET-000,MSN-INJECTOR_DEGRADATION-000,LANDING,500.0,10.0,0.24044599007572326,0.5595540099242767,1684.2241926574404,480.71546283056205,131.31348106365544,45.47088556847512,287.99871124340876,11.876139270287435,4.210600038517504,14.2,1759.9742248681755,386.4654950412971,107.31348106365544,45.47088556847512,287.99871124340876,9.500911416229949,4.210600038517504,-75.75003221073507,94.24996778926493,24.0,0.0,0.0,2.3752278540574867,0.0,-0.04304042135413026,0.24387679883088534,0.2236438494224584,0.0,0.0,0.24999999999999994,0.0,0,INJECTOR_DEGRADATION,1.0,2026-01-01T00:02:00+00:00,True
2026-01-01T00:05:00Z,ENG-DATASET-000,MSN-INJECTOR_DEGRADATION-000,TAKEOFF,500.0,10.0,0.8940660360109062,0.7559339639890938,5159.338929060892,1204.0962151054093,149.19817704619487,47.616505248305906,461.49422387558405,38.5013617345234,9.278842296370218,14.2,5229.884477511681,1104.6417635561982,125.19817704619486,47.616505248305906,461.49422387558405,30.80108938761872,9.278842296370218,-70.54554845078928,99.45445154921117,24.000000000000014,0.0,0.0,7.700272346904679,0.0,-0.013488930540269608,0.09003321694902718,0.19169608189378542,0.0,0.0,0.24999999999999997,0.0,0,INJECTOR_DEGRADATION,1.0,2026-01-01T00:02:00+00:00,True
2026-01-01T00:00:01Z,ENG-DATASET-001,MSN-INJECTOR_DEGRADATION-001,TAKEOFF,4000.0,23.0,0.9037402420015569,0.7462597579984431,5176.19353566915,913.5725473876976,54.83931368469244,30.444802805571605,458.8096767834575,19.185658285074343,9.376516841614404,14.2,5176.19353566915,913.5725473876976,54.83931368469244,30.444802805571605,458.8096767834575,19.185658285074343,9.376516841614404,0.0,0.0,0.0,0.0,0.0,0.0,0.0,0.0,0.0,0.0,0.0,0.0,0.0,0.0,1,INJECTOR_DEGRADATION,0.0,2026-01-01T00:02:00+00:00,False
2026-01-01T00:00:02Z,ENG-DATASET-001,MSN-INJECTOR_DEGRADATION-001,TAKEOFF,4000.0,23.0,0.9074221187776357,0.7425778812223643,5196.443857937584,916.8180136069178,74.57583265639614,32.798388278877624,459.8221928968792,19.27409027791807,8.848259694613242,14.2,5196.443857937584,916.8180136069178,74.57583265639614,32.798388278877624,459.8221928968792,19.27409027791807,8.848259694613242,0.0,0.0,0.0,0.0,0.0,0.0,0.0,0.0,0.0,0.0,0.0,0.0,0.0,0.0,1,INJECTOR_DEGRADATION,0.0,2026-01-01T00:02:00+00:00,False
2026-01-01T00:00:03Z,ENG-DATASET-001,MSN-INJECTOR_DEGRADATION-001,TAKEOFF,4000.0,23.0,0.9109881758725814,0.7390118241274186,5216.057171959785,919.9662241927343,92.41740499557488,35.06419829234952,460.80285859798926,19.359857643864302,8.937566826325712,14.2,5216.057171959785,919.9662241927343,92.41740499557488,35.06419829234952,460.80285859798926,19.359857643864302,8.937566826325712,0.0,0.0,0.0,0.0,0.0,0.0,0.0,0.0,0.0,0.0,0.0,0.0,0.0,0.0,1,INJECTOR_DEGRADATION,0.0,2026-01-01T00:02:00+00:00,False
2026-01-01T00:00:04Z,ENG-DATASET-001,MSN-INJECTOR_DEGRADATION-001,TAKEOFF,4000.0,23.0,0.9143827661581261,0.7356172338418739,5234.72741853028,922.9674891924964,108.54985172582981,37.24543767364959,461.73637092651404,19.441608368941143,9.548073560417055,14.2,5234.72741853028,922.9674891924964,108.54985172582981,37.24543767364959,461.73637092651404,19.441608368941143,9.548073560417055,0.0,0.0,0.0,0.0,0.0,0.0,0.0,0.0,0.0,0.0,0.0,0.0,0.0,0.0,1,INJECTOR_DEGRADATION,0.0,2026-01-01T00:02:00+00:00,False
2026-01-01T00:00:05Z,ENG-DATASET-001,MSN-INJECTOR_DEGRADATION-001,TAKEOFF,4000.0,23.0,0.9175529181882139,0.7324470818117861,5252.1632546957635,925.7742303836657,123.13922231283847,39.34508846546567,462.6081627347882,19.51804872539654,9.835186623361407,14.2,5252.1632546957635,925.7742303836657,123.13922231283847,39.34508846546567,462.6081627347882,19.51804872539654,9.835186623361407,0.0,0.0,0.0,0.0,0.0,0.0,0.0,0.0,0.0,0.0,0.0,0.0,0.0,0.0,1,INJECTOR_DEGRADATION,0.0,2026-01-01T00:02:00+00:00,False
2026-01-01T00:00:06Z,ENG-DATASET-001,MSN-INJECTOR_DEGRADATION-001,TAKEOFF,4000.0,23.0,0.9204491628007,0.7295508371993,5268.092600064437,928.3417697771247,136.33384432598274,41.36592509098855,463.4046300032218,19.587964575707407,9.415643192038608,14.2,5268.092600064437,928.3417697771247,136.33384432598274,41.36592509098855,463.4046300032218,19.587964575707407,9.415643192038608,0.0,0.0,0.0,0.0,0.0,0.0,0.0,0.0,0.0,0.0,0.0,0.0,0.0,0.0,1,INJECTOR_DEGRADATION,0.0,2026-01-01T00:02:00+00:00,False
2026-01-01T00:00:07Z,ENG-DATASET-001,MSN-INJECTOR_DEGRADATION-001,TAKEOFF,4000.0,23.0,0.9230263050670808,0.7269736949329192,5282.266882529531,930.6290815862345,148.26618693304033,43.3105302912519,464.1133441264766,19.65024164592087,8.916164066740482,14.2,5282.266882529531,930.6290815862345,148.26618693304033,43.3105302912519,464.1133441264766,19.65024164592087,8.916164066740482,0.0,0.0,0.0,0.0,0.0,0.0,0.0,0.0,0.0,0.0,0.0,0.0,0.0,0.0,1,INJECTOR_DEGRADATION,0.0,2026-01-01T00:02:00+00:00,False
2026-01-01T00:00:08Z,ENG-DATASET-001,MSN-INJECTOR_DEGRADATION-001,TAKEOFF,4000.0,23.0,0.925244129544237,0.7247558704557631,5294.46491715389,932.5994925103455,159.05455555249495,45.181311684356785,464.7232458576945,19.70388436919117,9.075165776728747,14.2,5294.46491715389,932.5994925103455,159.05455555249495,45.181311684356785,464.7232458576945,19.70388436919117,9.075165776728747,0.0,0.0,0.0,0.0,0.0,0.0,0.0,0.0,0.0,0.0,0.0,0.0,0.0,0.0,1,INJECTOR_DEGRADATION,0.0,2026-01-01T00:02:00+00:00,False
2026-01-01T00:00:09Z,ENG-DATASET-001,MSN-INJECTOR_DEGRADATION-001,TAKEOFF,4000.0,23.0,0.9270680278229729,0.7229319721770271,5304.496357686938,934.2213156154222,168.80463288763102,46.9805187829495,465.2248178843469,19.74803291366156,9.684493038802128,14.2,5304.496357686938,934.2213156154222,168.80463288763102,46.9805187829495,465.2248178843469,19.74803291366156,9.684493038802128,0.0,0.0,0.0,0.0,0.0,0.0,0.0,0.0,0.0,0.0,0.0,0.0,0.0,0.0,1,INJECTOR_DEGRADATION,0.0,2026-01-01T00:02:00+00:00,False
2026-01-01T00:00:10Z,ENG-DATASET-001,MSN-INJECTOR_DEGRADATION-001,TAKEOFF,4000.0,23.0,0.9284695385806676,0.7215304614193324,5312.204666854259,935.4684040009291,177.61087969889115,48.71026029538011,465.61023334271295,19.781978034031074,9.88733124252819,14.2,5312.204666854259,935.4684040009291,177.61087969889115,48.71026029538011,465.61023334271295,19.781978034031074,9.88733124252819,0.0,0.0,0.0,0.0,0.0,0.0,0.0,0.0,0.0,0.0,0.0,0.0,0.0,0.0,1,INJECTOR_DEGRADATION,0.0,2026-01-01T00:02:00+00:00,False
2026-01-01T00:00:11Z,ENG-DATASET-001,MSN-INJECTOR_DEGRADATION-001,TAKEOFF,4000.0,23.0,0.9294267917106946,0.7205732082893054,5317.469559069408,936.320611820239,185.557807024508,50.372521527902826,465.8734779534704,19.805173423168974,9.405491788032343,14.2,5317.469559069408,936.320611820239,185.557807024508,50.372521527902826,465.8734779534704,19.805173423168974,9.405491788032343,0.0,0.0,0.0,0.0,0.0,0.0,0.0,0.0,0.0,0.0,0.0,0.0,0.0,0.0,1,INJECTOR_DEGRADATION,0.0,2026-01-01T00:02:00+00:00,False
2026-01-01T00:00:12Z,ENG-DATASET-001,MSN-INJECTOR_DEGRADATION-001,TAKEOFF,4000.0,23.0,0.9299248495981216,0.7200751504018784,5320.208877450255,936.7641520455372,192.72113012319565,51.969181700209326,466.0104438725128,19.81724528830743,8.937772416492576,14.2,5320.208877450255,936.7641520455372,192.72113012319565,51.969181700209326,466.0104438725128,19.81724528830743,8.937772416492576,0.0,0.0,0.0,0.0,0.0,0.0,0.0,0.0,0.0,0.0,0.0,0.0,0.0,0.0,1,INJECTOR_DEGRADATION,0.0,2026-01-01T00:02:00+00:00,False
2026-01-01T00:00:13Z,ENG-DATASET-001,MSN-INJECTOR_DEGRADATION-001,TAKEOFF,4000.0,23.0,0.929955940216195,0.720044059783805,5320.37987584966,936.7918425866942,199.16881317554345,53.50203098458441,466.018993792483,19.8179989343623,9.158674418824706,14.2,5320.37987584966,936.7918425866942,199.16881317554345,53.50203098458441,466.018993792483,19.8179989343623,9.158674418824706,0.0,0.0,0.0,0.0,0.0,0.0,0.0,0.0,0.0,0.0,0.0,0.0,0.0,0.0,1,INJECTOR_DEGRADATION,0.0,2026-01-01T00:02:00+00:00,False
2026-01-01T00:00:14Z,ENG-DATASET-001,MSN-INJECTOR_DEGRADATION-001,TAKEOFF,4000.0,23.0,0.9295195784062181,0.7204804215937819,5317.979885894787,936.403234913163,204.96201273081817,54.972787080066674,465.89899429473934,19.807422202951717,9.751992239949626,14.2,5317.979885894787,936.403234913163,204.96201273081817,54.972787080066674,465.89899429473934,19.807422202951717,9.751992239949626,0.0,0.0,0.0,0.0,0.0,0.0,0.0,0.0,0.0,0.0,0.0,0.0,0.0,0.0,1,INJECTOR_DEGRADATION,0.0,2026-01-01T00:02:00+00:00,False
2026-01-01T00:00:15Z,ENG-DATASET-001,MSN-INJECTOR_DEGRADATION-001,TAKEOFF,4000.0,23.0,0.9286225734482908,0.7213774265517092,5313.046358626187,935.6046220959128,210.15592701013418,56.38311113716192,465.65231793130937,19.785685687384323,9.863829174430943,14.2,5313.046358626187,935.6046220959128,210.15592701013418,56.38311113716192,465.65231793130937,19.785685687384323,9.863829174430943,0.0,0.0,0.0,0.0,0.0,0.0,0.0,0.0,0.0,0.0,0.0,0.0,0.0,0.0,1,INJECTOR_DEGRADATION,0.0,2026-01-01T00:02:00+00:00,False
2026-01-01T00:00:16Z,ENG-DATASET-001,MSN-INJECTOR_DEGRADATION-001,TAKEOFF,4000.0,23.0,0.9272789228047704,0.7227210771952296,5305.656280086825,934.4089260760547,214.80055746102212,57.73462285582421,465.2828140043413,19.753139718618687,9.326014673806833,14.2,5305.656280086825,934.4089260760547,214.80055746102212,57.73462285582421,465.2828140043413,19.753139718618687,9.326014673806833,0.0,0.0,0.0,0.0,0.0,0.0,0.0,0.0,0.0,0.0,0.0,0.0,0.0,0.0,1,INJECTOR_DEGRADATION,0.0,2026-01-01T00:02:00+00:00,False
2026-01-01T00:00:17Z,ENG-DATASET-001,MSN-INJECTOR_DEGRADATION-001,TAKEOFF,4000.0,23.0,0.9255095936945535,0.7244904063054465,5295.924969980631,932.8354668641584,218.94138838652387,59.02891458947177,464.7962484990316,19.710308192116262,8.89716216413342,14.2,5295.924969980631,932.8354668641584,218.94138838652387,59.02891458947177,464.7962484990316,19.710308192116262,8.89716216413342,0.0,0.0,0.0,0.0,0.0,0.0,0.0,0.0,0.0,0.0,0.0,0.0,0.0,0.0,1,INJECTOR_DEGRADATION,0.0,2026-01-01T00:02:00+00:00,False
2026-01-01T00:00:18Z,ENG-DATASET-001,MSN-INJECTOR_DEGRADATION-001,TAKEOFF,4000.0,23.0,0.9233421959066377,0.7266578040933623,5284.004282147094,930.9096191647211,222.6199900269895,60.267564300580716,464.2002141073547,19.657879377772563,9.17600777881795,14.2,5284.004282147094,930.9096191647211,222.6199900269895,60.267564300580716,464.2002141073547,19.657879377772563,9.17600777881795,0.0,0.0,0.0,0.0,0.0,0.0,0.0,0.0,0.0,0.0,0.0,0.0,0.0,0.0,1,INJECTOR_DEGRADATION,0.0,2026-01-01T00:02:00+00:00,False
2026-01-01T00:00:19Z,ENG-DATASET-001,MSN-INJECTOR_DEGRADATION-001,TAKEOFF,4000.0,23.0,0.9208105509585982,0.7291894490414018,5270.080234932878,928.662364495844,225.87455013668665,61.45214722869524,463.5040117466439,19.59669392202737,9.743860223479869,14.2,5270.080234932878,928.662364495844,225.87455013668665,61.45214722869524,463.5040117466439,19.59669392202737,9.743860223479869,0.0,0.0,0.0,0.0,0.0,0.0,0.0,0.0,0.0,0.0,0.0,0.0,0.0,0.0,1,INJECTOR_DEGRADATION,0.0,2026-01-01T00:02:00+00:00,False
2026-01-01T00:00:20Z,ENG-DATASET-001,MSN-INJECTOR_DEGRADATION-001,TAKEOFF,4000.0,23.0,0.9179541643231187,0.7320458356768813,5254.37010843774,926.1297491400043,228.7403388515181,62.58424614926468,462.718505421887,19.52773031045415,9.764749136330707,14.2,5254.37010843774,926.1297491400043,228.7403388515181,62.58424614926468,462.718505421887,19.52773031045415,9.764749136330707,0.0,0.0,0.0,0.0,0.0,0.0,0.0,0.0,0.0,0.0,0.0,0.0,0.0,0.0,1,INJECTOR_DEGRADATION,0.0,2026-01-01T00:02:00+00:00,False
2026-01-01T00:00:21Z,ENG-DATASET-001,MSN-INJECTOR_DEGRADATION-001,TAKEOFF,4000.0,23.0,0.9148176089583027,0.7351823910416974,5237.119053931252,923.3522601413713,231.25011146990056,63.665460121288454,461.8559526965626,19.452088108691488,9.183449340000237,14.2,5237.119053931252,923.3522601413713,231.25011146990056,63.665460121288454,461.8559526965626,19.452088108691488,9.183449340000237,0.0,0.0,0.0,0.0,0.0,0.0,0.0,0.0,0.0,0.0,0.0,0.0,0.0,0.0,1,INJECTOR_DEGRADATION,0.0,2026-01-01T00:02:00+00:00,False
2026-01-01T00:00:22Z,ENG-DATASET-001,MSN-INJECTOR_DEGRADATION-001,TAKEOFF,4000.0,23.0,0.91144982976157,0.7385501702384301,5218.596268349222,920.3741330044134,233.43445364802085,64.69741164300854,460.9298134174611,19.370969338134355,8.804995376295334,14.2,5218.596268349222,920.3741330044134,233.43445364802085,64.69741164300854,460.9298134174611,19.370969338134355,8.804995376295334,0.0,0.0,0.0,0.0,0.0,0.0,0.0,0.0,0.0,0.0,0.0,0.0,0.0,0.0,1,INJECTOR_DEGRADATION,0.0,2026-01-01T00:02:00+00:00,False
2026-01-01T00:00:23Z,ENG-DATASET-001,MSN-INJECTOR_DEGRADATION-001,TAKEOFF,4000.0,23.0,0.9079033798009026,0.7420966201990974,5199.090793565551,917.2426057182541,235.3220734261751,65.68175215750149,459.95453967827757,19.285658369582208,9.141761627546815,14.2,5199.090793565551,917.2426057182541,235.3220734261751,65.68175215750149,459.95453967827757,19.285658369582208,9.141761627546815,0.0,0.0,0.0,0.0,0.0,0.0,0.0,0.0,0.0,0.0,0.0,0.0,0.0,0.0,1,INJECTOR_DEGRADATION,0.0,2026-01-01T00:02:00+00:00,False
2026-01-01T00:00:24Z,ENG-DATASET-001,MSN-INJECTOR_DEGRADATION-001,TAKEOFF,4000.0,23.0,0.904233600241796,0.745766399758204,5178.907005990465,914.0071342270725,236.9400444392344,66.62016587363061,458.9453502995233,19.197500732889292,9.679861472499216,14.2,5178.907005990465,914.0071342270725,236.9400444392344,66.62016587363061,458.9453502995233,19.197500732889292,9.679861472499216,0.0,0.0,0.0,0.0,0.0,0.0,0.0,0.0,0.0,0.0,0.0,0.0,0.0,0.0,1,INJECTOR_DEGRADATION,0.0,2026-01-01T00:02:00+00:00,False
2026-01-01T00:00:25Z,ENG-DATASET-001,MSN-INJECTOR_DEGRADATION-001,TAKEOFF,4000.0,23.0,0.9004977567668805,0.7495022432331195,5158.35986687843,910.7185845083613,238.31400460802,67.51437189205221,457.9179933439215,19.107881244009647,9.615870264432385,14.2,5158.35986687843,910.7185845083613,238.31400460802,67.51437189205221,457.9179933439215,19.107881244009647,9.615870264432385,0.0,0.0,0.0,0.0,0.0,0.0,0.0,0.0,0.0,0.0,0.0,0.0,0.0,0.0,1,INJECTOR_DEGRADATION,0.0,2026-01-01T00:02:00+00:00,False
2026-01-01T00:00:26Z,ENG-DATASET-001,MSN-INJECTOR_DEGRADATION-001,TAKEOFF,4000.0,23.0,0.8967541459640967,0.7532458540359033,5137.770007463119,907.4284160484137,239.46831454842837,68.36612465044627,456.888500373156,19.0182018436159,9.008379426914876,14.2,5137.770007463119,907.4284160484137,239.46831454842837,68.36612465044627,456.888500373156,19.0182018436159,9.008379426914876,0.0,0.0,0.0,0.0,0.0,0.0,0.0,0.0,0.0,0.0,0.0,0.0,0.0,0.0,1,INJECTOR_DEGRADATION,0.0,2026-01-01T00:02:00+00:00,False
2026-01-01T00:00:27Z,ENG-DATASET-001,MSN-INJECTOR_DEGRADATION-001,TAKEOFF,4000.0,23.0,0.8930611856279393,0.7569388143720607,5117.458725614253,904.1878707752203,240.42617986296602,69.1772127264757,455.8729362807127,18.929859525055562,8.694570264197308,14.2,5117.458725614253,904.1878707752203,240.42617986296602,69.1772127264757,455.8729362807127,18.929859525055562,8.694570264197308,0.0,0.0,0.0,0.0,0.0,0.0,0.0,0.0,0.0,0.0,0.0,0.0,0.0,0.0,1,INJECTOR_DEGRADATION,0.0,2026-01-01T00:02:00+00:00,False
2026-01-01T00:00:28Z,ENG-DATASET-001,MSN-INJECTOR_DEGRADATION-001,TAKEOFF,4000.0,23.0,0.8894765031693115,0.7605234968306887,5097.7429720918,901.047180492227,241.2097413889751,69.94945606078784,454.88714860459004,18.84422470544698,9.091322097998589,14.2,5097.7429720918,901.047180492227,241.2097413889751,69.94945606078784,454.88714860459004,18.84422470544698,9.091322097998589,0.0,0.0,0.0,0.0,0.0,0.0,0.0,0.0,0.0,0.0,0.0,0.0,0.0,0.0,1,INJECTOR_DEGRADATION,0.0,2026-01-01T00:02:00+00:00,False
2026-01-01T00:00:29Z,ENG-DATASET-001,MSN-INJECTOR_DEGRADATION-001,TAKEOFF,4000.0,23.0,0.8860560363590517,0.7639439636409483,5078.930404635372,898.0548046280023,241.84013736577765,70.6847016852806,453.9465202317686,18.762620364038227,9.598469811331354,14.2,5078.930404635372,898.0548046280023,241.84013736577765,70.6847016852806,453.9465202317686,18.762620364038227,9.598469811331354,0.0,0.0,0.0,0.0,0.0,0.0,0.0,0.0,0.0,0.0,0.0,0.0,0.0,0.0,1,INJECTOR_DEGRADATION,0.0,2026-01-01T00:02:00+00:00,False
2026-01-01T00:00:30Z,ENG-DATASET-001,MSN-INJECTOR_DEGRADATION-001,CLIMB,6000.0,23.0,0.7628531604377298,0.6671468395622704,4422.774840920797,633.457502053989,235.7925611805496,70.7694276029958,421.13874204603985,12.664034634257249,8.301331589501512,14.2,4422.774840920797,633.457502053989,235.7925611805496,70.7694276029958,421.13874204603985,12.664034634257249,8.301331589501512,0.0,0.0,0.0,0.0,0.0,0.0,0.0,0.0,0.0,0.0,0.0,0.0,0.0,0.0,1,INJECTOR_DEGRADATION,0.0,2026-01-01T00:02:00+00:00,False
2026-01-01T00:00:31Z,ENG-DATASET-001,MSN-INJECTOR_DEGRADATION-001,CLIMB,6000.0,23.0,0.7599178552128679,0.6700821447871321,4406.630662184058,631.5893363736828,230.30303847183671,70.84617806958856,420.3315331092029,12.610956890675833,7.686772473917217,14.2,4406.630662184058,631.5893363736828,230.30303847183671,70.84617806958856,420.3315331092029,12.610956890675833,7.686772473917217,0.0,0.0,0.0,0.0,0.0,0.0,0.0,0.0,0.0,0.0,0.0,0.0,0.0,0.0,1,INJECTOR_DEGRADATION,0.0,2026-01-01T00:02:00+00:00,False
2026-01-01T00:00:32Z,ENG-DATASET-001,MSN-INJECTOR_DEGRADATION-001,CLIMB,6000.0,23.0,0.7572959251407622,0.6727040748592379,4392.210046787475,629.9226281904309,225.32080032941383,70.91576175177994,419.61050233937374,12.56359447567623,7.451449614109771,14.2,4392.210046787475,629.9226281904309,225.32080032941383,70.91576175177994,419.61050233937374,12.56359447567623,7.451449614109771,0.0,0.0,0.0,0.0,0.0,0.0,0.0,0.0,0.0,0.0,0.0,0.0,0.0,0.0,1,INJECTOR_DEGRADATION,0.0,2026-01-01T00:02:00+00:00,False
2026-01-01T00:00:33Z,ENG-DATASET-001,MSN-INJECTOR_DEGRADATION-001,CLIMB,6000.0,23.0,0.7550282845632604,0.6749717154367396,4379.738023611216,628.4826627047977,220.8007868640924,70.97901889828131,418.98690118056084,12.52266894396212,7.909282705204241,14.2,4379.738023611216,628.4826627047977,220.8007868640924,70.97901889828131,418.98690118056084,12.52266894396212,7.909282705204241,0.0,0.0,0.0,0.0,0.0,0.0,0.0,0.0,0.0,0.0,0.0,0.0,0.0,0.0,1,INJECTOR_DEGRADATION,0.0,2026-01-01T00:02:00+00:00,False
2026-01-01T00:00:34Z,ENG-DATASET-001,MSN-INJECTOR_DEGRADATION-001,CLIMB,6000.0,23.0,0.7531503192531426,0.6768496807468575,4369.409214405567,627.2912149139611,216.70298855053218,71.03681143812557,418.4704607202783,12.488802084103849,8.384261637793008,14.2,4369.409214405567,627.2912149139611,216.70298855053218,71.03681143812557,418.4704607202783,12.488802084103849,8.384261637793008,0.0,0.0,0.0,0.0,0.0,0.0,0.0,0.0,0.0,0.0,0.0,0.0,0.0,0.0,1,INJECTOR_DEGRADATION,0.0,2026-01-01T00:02:00+00:00,False
2026-01-01T00:00:35Z,ENG-DATASET-001,MSN-INJECTOR_DEGRADATION-001,CLIMB,6000.0,23.0,0.7516913342309711,0.6783086657690289,4361.384796783625,626.3662524743754,212.99184600733835,71.09001261227891,418.06923983918125,12.462507249025732,8.179263107635975,14.2,4361.384796783625,626.3662524743754,212.99184600733835,71.09001261227891,418.06923983918125,12.462507249025732,8.179263107635975,0.0,0.0,0.0,0.0,0.0,0.0,0.0,0.0,0.0,0.0,0.0,0.0,0.0,0.0,1,INJECTOR_DEGRADATION,0.0,2026-01-01T00:02:00+00:00,False
2026-01-01T00:00:36Z,ENG-DATASET-001,MSN-INJECTOR_DEGRADATION-001,CLIMB,6000.0,23.0,0.7506740964700471,0.6793259035299529,4355.789989098543,625.7216935408873,209.6357037451267,71.13949630546469,417.7894994549272,12.444182271138384,7.57506172969035,14.2,4355.789989098543,625.7216935408873,209.6357037451267,71.13949630546469,417.7894994549272,12.444182271138384,7.57506172969035,0.0,0.0,0.0,0.0,0.0,0.0,0.0,0.0,0.0,0.0,0.0,0.0,0.0,0.0,1,INJECTOR_DEGRADATION,0.0,2026-01-01T00:02:00+00:00,False
2026-01-01T00:00:37Z,ENG-DATASET-001,MSN-INJECTOR_DEGRADATION-001,CLIMB,6000.0,23.0,0.7501144796254057,0.6798855203745944,4352.712096453014,625.3672210686765,206.60631389733095,71.18612624960328,417.63560482265075,12.434104017138353,7.428272730103896,14.2,4352.712096453014,625.3672210686765,206.60631389733095,71.18612624960328,417.63560482265075,12.434104017138353,7.428272730103896,0.0,0.0,0.0,0.0,0.0,0.0,0.0,0.0,0.0,0.0,0.0,0.0,0.0,0.0,1,INJECTOR_DEGRADATION,0.0,2026-01-01T00:02:00+00:00,False
2026-01-01T00:00:38Z,ENG-DATASET-001,MSN-INJECTOR_DEGRADATION-001,CLIMB,6000.0,23.0,0.7500212163307387,0.6799787836692613,4352.199148332346,625.3081545954711,203.87838637248464,71.23074527207841,417.60995741661736,12.43242462189565,7.944240776317435,14.2,4352.199148332346,625.3081545954711,203.87838637248464,71.23074527207841,417.60995741661736,12.43242462189565,7.944240776317435,0.0,0.0,0.0,0.0,0.0,0.0,0.0,0.0,0.0,0.0,0.0,0.0,0.0,0.0,1,INJECTOR_DEGRADATION,0.0,2026-01-01T00:02:00+00:00,False
2026-01-01T00:00:39Z,ENG-DATASET-001,MSN-INJECTOR_DEGRADATION-001,CLIMB,6000.0,23.0,0.7503957619285668,0.6796042380714332,4354.259149120401,625.5453801430695,201.42918223881293,71.27416476115114,417.71295745602004,12.43916942720959,8.38292501872241,14.2,4354.259149120401,625.5453801430695,201.42918223881293,71.27416476115114,417.71295745602004,12.43916942720959,8.38292501872241,0.0,0.0,0.0,0.0,0.0,0.0,0.0,0.0,0.0,0.0,0.0,0.0,0.0,0.0,1,INJECTOR_DEGRADATION,0.0,2026-01-01T00:02:00+00:00,False
2026-01-01T00:00:40Z,ENG-DATASET-001,MSN-INJECTOR_DEGRADATION-001,CLIMB,6000.0,23.0,0.7512322717601059,0.6787677282398942,4358.859953193865,626.0753385652408,199.23814747906266,71.31715451727274,417.9429976596933,12.45423663902259,8.119150469936628,14.2,4358.859953193865,626.0753385652408,199.23814747906266,71.31715451727274,417.9429976596933,12.45423663902259,8.119150469936628,0.0,0.0,0.0,0.0,0.0,0.0,0.0,0.0,0.0,0.0,0.0,0.0,0.0,0.0,1,INJECTOR_DEGRADATION,0.0,2026-01-01T00:02:00+00:00,False
2026-01-01T00:00:41Z,ENG-DATASET-001,MSN-INJECTOR_DEGRADATION-001,CLIMB,6000.0,23.0,0.7525176923692127,0.6774823076307873,4365.9297665439535,626.8900723948319,197.2865845410272,71.3604331528512,418.2964883271977,12.47739870531602,7.5382292087814955,14.2,4365.9297665439535,626.8900723948319,197.2865845410272,71.3604331528512,418.2964883271977,12.47739870531602,7.5382292087814955,0.0,0.0,0.0,0.0,0.0,0.0,0.0,0.0,0.0,0.0,0.0,0.0,0.0,0.0,1,INJECTOR_DEGRADATION,0.0,2026-01-01T00:02:00+00:00,False
2026-01-01T00:00:42Z,ENG-DATASET-001,MSN-INJECTOR_DEGRADATION-001,CLIMB,6000.0,23.0,0.7542319651972023,0.6757680348027978,4375.358267097896,627.9773309750184,195.55735936129994,71.40465919430027,418.7679133548948,12.50830540568582,7.483817544906461,14.2,4375.358267097896,627.9773309750184,195.55735936129994,71.40465919430027,418.7679133548948,12.50830540568582,7.483817544906461,0.0,0.0,0.0,0.0,0.0,0.0,0.0,0.0,0.0,0.0,0.0,0.0,0.0,0.0,1,INJECTOR_DEGRADATION,0.0,2026-01-01T00:02:00+00:00,False
2026-01-01T00:00:43Z,ENG-DATASET-001,MSN-INJECTOR_DEGRADATION-001,CLIMB,6000.0,23.0,0.7563483395899472,0.6736516604100529,4386.998326257993,629.3207333663456,194.0346417593286,71.45042302908003,419.3499163128996,12.54648863181298,8.049052532133354,14.2,4386.998326257993,629.3207333663456,194.0346417593286,71.45042302908003,419.3499163128996,12.54648863181298,8.049052532133354,0.0,0.0,0.0,0.0,0.0,0.0,0.0,0.0,0.0,0.0,0.0,0.0,0.0,0.0,1,INJECTOR_DEGRADATION,0.0,2026-01-01T00:02:00+00:00,False
2026-01-01T00:00:44Z,ENG-DATASET-001,MSN-INJECTOR_DEGRADATION-001,CLIMB,6000.0,23.0,0.7588337902328882,0.6711662097671118,4400.668304794169,630.8999881724268,192.7036772877064,71.49823982709819,420.03341523970846,12.591368825049527,8.442879858937019,14.2,4400.668304794169,630.8999881724268,192.7036772877064,71.49823982709819,420.03341523970846,12.591368825049527,8.442879858937019,0.0,0.0,0.0,0.0,0.0,0.0,0.0,0.0,0.0,0.0,0.0,0.0,0.0,0.0,1,INJECTOR_DEGRADATION,0.0,2026-01-01T00:02:00+00:00,False
2026-01-01T00:00:45Z,ENG-DATASET-001,MSN-INJECTOR_DEGRADATION-001,CLIMB,6000.0,23.0,0.7616495325000231,0.668350467499977,4416.15488726341,632.6911689967933,191.5505887838556,71.54854355048803,420.8077443631705,12.642263022572575,8.123085586751438,14.2,4416.15488726341,632.6911689967933,191.5505887838556,71.54854355048803,420.8077443631705,12.642263022572575,8.123085586751438,0.0,0.0,0.0,0.0,0.0,0.0,0.0,0.0,0.0,0.0,0.0,0.0,0.0,0.0,1,INJECTOR_DEGRADATION,0.0,2026-01-01T00:02:00+00:00,False
2026-01-01T00:00:46Z,ENG-DATASET-001,MSN-INJECTOR_DEGRADATION-001,CLIMB,6000.0,23.0,0.7647516276750222,0.6652483723249778,4433.216410725906,634.6670437111185,190.562205998248,71.60168214865321,421.6608205362953,12.698394446593287,7.572769341951377,14.2,4433.216410725906,634.6670437111185,190.562205998248,71.60168214865321,421.6608205362953,12.698394446593287,7.572769341951377,0.0,0.0,0.0,0.0,0.0,0.0,0.0,0.0,0.0,0.0,0.0,0.0,0.0,0.0,1,INJECTOR_DEGRADATION,0.0,2026-01-01T00:02:00+00:00,False
2026-01-01T00:00:47Z,ENG-DATASET-001,MSN-INJECTOR_DEGRADATION-001,CLIMB,6000.0,23.0,0.7680916686002026,0.6619083313997974,4451.586635814398,636.7974550682611,189.72592177512973,71.65791401683738,422.5793317907199,12.758903551702604,7.607830102986433,14.2,4451.586635814398,636.7974550682611,189.72592177512973,71.65791401683738,422.5793317907199,12.758903551702604,7.607830102986433,0.0,0.0,0.0,0.0,0.0,0.0,0.0,0.0,0.0,0.0,0.0,0.0,0.0,0.0,1,INJECTOR_DEGRADATION,0.0,2026-01-01T00:02:00+00:00,False
2026-01-01T00:00:48Z,ENG-DATASET-001,MSN-INJECTOR_DEGRADATION-001,CLIMB,6000.0,23.0,0.7716175350540323,0.6583824649459677,4470.978901310461,639.0497494288759,189.02957333333865,71.7174057766283,423.54894506552307,12.822860423566365,8.207618890810426,14.2,4470.978901310461,639.0497494288759,189.02957333333865,71.7174057766283,423.54894506552307,12.822860423566365,8.207618890810426,0.0,0.0,0.0,0.0,0.0,0.0,0.0,0.0,0.0,0.0,0.0,0.0,0.0,0.0,1,INJECTOR_DEGRADATION,0.0,2026-01-01T00:02:00+00:00,False
2026-01-01T00:00:49Z,ENG-DATASET-001,MSN-INJECTOR_DEGRADATION-001,CLIMB,6000.0,23.0,0.7752742070697557,0.6547257929302444,4491.090597396939,641.3892494944482,188.461347237366,71.78023141605215,424.554529869847,12.889278398064954,8.544060445097694,14.2,4491.090597396939,641.3892494944482,188.461347237366,71.78023141605215,424.554529869847,12.889278398064954,8.544060445097694,0.0,0.0,0.0,0.0,0.0,0.0,0.0,0.0,0.0,0.0,0.0,0.0,0.0,0.0,1,INJECTOR_DEGRADATION,0.0,2026-01-01T00:02:00+00:00,False
2026-01-01T00:00:50Z,ENG-DATASET-001,MSN-INJECTOR_DEGRADATION-001,CLIMB,6000.0,23.0,0.7790046235035734,0.6509953764964267,4511.607887782937,643.7797659702183,188.00970666288487,71.84637280557688,425.5803943891468,12.957128744079732,8.16752917376726,14.2,4511.607887782937,643.7797659702183,188.00970666288487,71.84637280557688,425.5803943891468,12.957128744079732,8.16752917376726,0.0,0.0,0.0,0.0,0.0,0.0,0.0,0.0,0.0,0.0,0.0,0.0,0.0,0.0,1,INJECTOR_DEGRADATION,0.0,2026-01-01T00:02:00+00:00,False
2026-01-01T00:00:51Z,ENG-DATASET-001,MSN-INJECTOR_DEGRADATION-001,CLIMB,6000.0,23.0,0.7827505724547054,0.6472494275452947,4532.210607014162,646.1841420469038,187.66333954776897,71.91572158475675,426.61053035070813,13.025356226185114,7.650511407902353,14.2,4532.210607014162,646.1841420469038,187.66333954776897,71.91572158475675,426.61053035070813,13.025356226185114,7.650511407902353,0.0,0.0,0.0,0.0,0.0,0.0,0.0,0.0,0.0,0.0,0.0,0.0,0.0,0.0,1,INJECTOR_DEGRADATION,0.0,2026-01-01T00:02:00+00:00,False
2026-01-01T00:00:52Z,ENG-DATASET-001,MSN-INJECTOR_DEGRADATION-001,CLIMB,6000.0,23.0,0.7864535996426345,0.6435464003573655,4552.577256547773,648.5648235290136,187.4111261812174,71.98808239275058,427.6288628273886,13.092895336475372,7.766902622265199,14.2,4552.577256547773,648.5648235290136,187.4111261812174,71.98808239275058,427.6288628273886,13.092895336475372,7.766902622265199,0.0,0.0,0.0,0.0,0.0,0.0,0.0,0.0,0.0,0.0,0.0,0.0,0.0,0.0,1,INJECTOR_DEGRADATION,0.0,2026-01-01T00:02:00+00:00,False
2026-01-01T00:00:53Z,ENG-DATASET-001,MSN-INJECTOR_DEGRADATION-001,CLIMB,6000.0,23.0,0.7900559205666026,0.6399440794333975,4572.390021629597,650.8844463970554,187.24212472302204,72.06317739486836,428.6195010814798,13.158686958802852,8.382748537507277,14.2,4572.390021629597,650.8844463970554,187.24212472302204,72.06317739486836,428.6195010814798,13.158686958802852,8.382748537507277,0.0,0.0,0.0,0.0,0.0,0.0,0.0,0.0,0.0,0.0,0.0,0.0,0.0,0.0,1,INJECTOR_DEGRADATION,0.0,2026-01-01T00:02:00+00:00,False
2026-01-01T00:00:54Z,ENG-DATASET-001,MSN-INJECTOR_DEGRADATION-001,CLIMB,6000.0,23.0,0.7935013222134185,0.6364986777865815,4591.339730687085,653.1064326248872,187.14557306634202,72.14065203697457,429.5669865343542,13.221695205144462,8.647646371988518,14.2,4591.339730687085,653.1064326248872,187.14557306634202,72.14065203697457,429.5669865343542,13.221695205144462,8.647646371988518,0.0,0.0,0.0,0.0,0.0,0.0,0.0,0.0,0.0,0.0,0.0,0.0,0.0,0.0,1,INJECTOR_DEGRADATION,0.0,2026-01-01T00:02:00+00:00,False
2026-01-01T00:00:55Z,ENG-DATASET-001,MSN-INJECTOR_DEGRADATION-001,CLIMB,6000.0,23.0,0.7967360402427283,0.6332639597572718,4609.130679848288,655.1955842392977,187.11090536569026,72.22008194031733,430.4565339924144,13.280924144040645,8.212598320499593,14.2,4609.130679848288,655.1955842392977,187.11090536569026,72.22008194031733,430.4565339924144,13.280924144040645,8.212598320499593,0.0,0.0,0.0,0.0,0.0,0.0,0.0,0.0,0.0,0.0,0.0,0.0,0.0,0.0,1,INJECTOR_DEGRADATION,0.0,2026-01-01T00:02:00+00:00,False
2026-01-01T00:00:56Z,ENG-DATASET-001,MSN-INJECTOR_DEGRADATION-001,CLIMB,6000.0,23.0,0.7997095979615637,0.6302904020384363,4625.485247301884,657.1186649644619,187.12778145323279,72.30098083146206,431.27426236509416,13.335434126459157,7.729536030100552,14.2,4625.485247301884,657.1186649644619,187.12778145323279,72.30098083146206,431.27426236509416,13.335434126459157,7.729536030100552,0.0,0.0,0.0,0.0,0.0,0.0,0.0,0.0,0.0,0.0,0.0,0.0,0.0,0.0,1,INJECTOR_DEGRADATION,0.0,2026-01-01T00:02:00+00:00,False
2026-01-01T00:00:57Z,ENG-DATASET-001,MSN-INJECTOR_DEGRADATION-001,CLIMB,6000.0,23.0,0.8023755939962547,0.6276244060037454,4640.148225492683,658.8449583935014,187.18612726774705,72.3828093857652,432.00741127463414,13.38435740632484,7.916866960956477,14.2,4640.148225492683,658.8449583935014,187.18612726774705,72.3828093857652,432.00741127463414,13.38435740632484,7.916866960956477,0.0,0.0,0.0,0.0,0.0,0.0,0.0,0.0,0.0,0.0,0.0,0.0,0.0,0.0,1,INJECTOR_DEGRADATION,0.0,2026-01-01T00:02:00+00:00,False
2026-01-01T00:00:58Z,ENG-DATASET-001,MSN-INJECTOR_DEGRADATION-001,CLIMB,6000.0,23.0,0.8046924263703452,0.6253075736296548,4652.890803550182,660.3467915199171,187.2761843289703,72.46498484848074,432.6445401775091,13.426912752438353,8.529818563668755,14.2,4652.890803550182,660.3467915199171,187.2761843289703,72.46498484848074,432.6445401775091,13.426912752438353,8.529818563668755,0.0,0.0,0.0,0.0,0.0,0.0,0.0,0.0,0.0,0.0,0.0,0.0,0.0,0.0,1,INJECTOR_DEGRADATION,0.0,2026-01-01T00:02:00+00:00,False
2026-01-01T00:00:59Z,ENG-DATASET-001,MSN-INJECTOR_DEGRADATION-001,CLIMB,6000.0,23.0,0.8066239416895222,0.6233760583104778,4663.514137805656,661.6000126789127,187.3885662130461,72.54689128537387,433.1757068902828,13.462418756413761,8.710749489509276,14.2,4663.514137805656,661.6000126789127,187.3885662130461,72.54689128537387,433.1757068902828,13.462418756413761,8.710749489509276,0.0,0.0,0.0,0.0,0.0,0.0,0.0,0.0,0.0,0.0,0.0,0.0,0.0,0.0,1,INJECTOR_DEGRADATION,0.0,2026-01-01T00:02:00+00:00,False
2026-01-01T00:01:00Z,ENG-DATASET-001,MSN-INJECTOR_DEGRADATION-001,CLIMB,6000.0,23.0,0.8081399993032422,0.6218600006967578,4671.852454681115,662.5844135138742,187.51431992958834,72.62789030481271,433.5926227340558,13.490305558072453,8.217551249695761,14.2,4671.852454681115,662.5844135138742,187.51431992958834,72.62789030481271,433.5926227340558,13.490305558072453,8.217551249695761,0.0,0.0,0.0,0.0,0.0,0.0,0.0,0.0,0.0,0.0,0.0,0.0,0.0,0.0,1,INJECTOR_DEGRADATION,0.0,2026-01-01T00:02:00+00:00,False
2026-01-01T00:01:01Z,ENG-DATASET-001,MSN-INJECTOR_DEGRADATION-001,CLIMB,6000.0,23.0,0.8092169416395014,0.6207830583604986,4677.775637530541,663.2840855007789,187.64499007414898,72.7073320858744,433.88878187652705,13.510124735492347,7.770244200357531,14.2,4677.775637530541,663.2840855007789,187.64499007414898,72.7073320858744,433.88878187652705,13.510124735492347,7.770244200357531,0.0,0.0,0.0,0.0,0.0,0.0,0.0,0.0,0.0,0.0,0.0,0.0,0.0,0.0,1,INJECTOR_DEGRADATION,0.0,2026-01-01T00:02:00+00:00,False
2026-01-01T00:01:02Z,ENG-DATASET-001,MSN-INJECTOR_DEGRADATION-001,CLIMB,6000.0,23.0,0.8098379633733354,0.6201620366266647,4681.191257066627,663.6877028189132,187.7726836372069,72.78456654215275,434.0595628533314,13.521557141230137,8.019212398007463,14.2,4681.191257066627,663.6877028189132,187.7726836372069,72.78456654215275,434.0595628533314,13.521557141230137,8.019212398007463,0.0,0.0,0.0,0.0,0.0,0.0,0.0,0.0,0.0,0.0,0.0,0.0,0.0,0.0,1,INJECTOR_DEGRADATION,0.0,2026-01-01T00:02:00+00:00,False
2026-01-01T00:01:03Z,ENG-DATASET-001,MSN-INJECTOR_DEGRADATION-001,CLIMB,6000.0,23.0,0.8099933736682935,0.6200066263317066,4682.046013688898,663.7887249170988,187.8901333964137,72.85895444876583,434.1023006844449,13.524418508251241,8.61326537262525,14.2,4682.046013688898,663.7887249170988,187.8901333964137,72.85895444876583,434.1023006844449,13.524418508251241,8.61326537262525,0.0,0.0,0.0,0.0,0.0,0.0,0.0,0.0,0.0,0.0,0.0,0.0,0.0,0.0,1,INJECTOR_DEGRADATION,0.0,2026-01-01T00:02:00+00:00,False
2026-01-01T00:01:04Z,ENG-DATASET-001,MSN-INJECTOR_DEGRADATION-001,CLIMB,6000.0,23.0,0.8096807473987014,0.6203192526012986,4680.32656920614,663.5855139402372,187.99075790527826,72.92987836056815,434.016328460307,13.518662697531358,8.702694326449958,14.2,4680.32656920614,663.5855139402372,187.99075790527826,72.92987836056815,434.016328460307,13.518662697531358,8.702694326449958,0.0,0.0,0.0,0.0,0.0,0.0,0.0,0.0,0.0,0.0,0.0,0.0,0.0,0.0,1,INJECTOR_DEGRADATION,0.0,2026-01-01T00:02:00+00:00,False
2026-01-01T00:01:05Z,ENG-DATASET-001,MSN-INJECTOR_DEGRADATION-001,CLIMB,6000.0,23.0,0.8089049629929357,0.6210950370070644,4676.05975497443,663.0813641858555,188.06871621939683,72.99675315276437,433.80298774872153,13.504382512477676,8.156607741746662,14.2,4676.05975497443,663.0813641858555,188.06871621939683,72.99675315276437,433.80298774872153,13.504382512477676,8.156607741746662,0.0,0.0,0.0,0.0,0.0,0.0,0.0,0.0,0.0,0.0,0.0,0.0,0.0,0.0,1,INJECTOR_DEGRADATION,0.0,2026-01-01T00:02:00+00:00,False
2026-01-01T00:01:06Z,ENG-DATASET-001,MSN-INJECTOR_DEGRADATION-001,CLIMB,6000.0,23.0,0.8076781263071803,0.6223218736928198,4669.312153202775,662.2844428775429,188.11895566939572,73.05903602095124,433.46560766013874,13.481808061321043,7.750499675062707,14.2,4669.312153202775,662.2844428775429,188.11895566939572,73.05903602095124,433.46560766013874,13.481808061321043,7.750499675062707,0.0,0.0,0.0,0.0,0.0,0.0,0.0,0.0,0.0,0.0,0.0,0.0,0.0,0.0,1,INJECTOR_DEGRADATION,0.0,2026-01-01T00:02:00+00:00,False
2026-01-01T00:01:07Z,ENG-DATASET-001,MSN-INJECTOR_DEGRADATION-001,CLIMB,6000.0,23.0,0.8060193817175902,0.6239806182824098,4660.1890579600295,661.2076436878255,188.13725119465178,73.1162357859894,433.0094528980015,13.451302705347878,8.055325539778993,14.2,4660.1890579600295,661.2076436878255,188.13725119465178,73.1162357859894,433.0094528980015,13.451302705347878,8.055325539778993,0.0,0.0,0.0,0.0,0.0,0.0,0.0,0.0,0.0,0.0,0.0,0.0,0.0,0.0,1,INJECTOR_DEGRADATION,0.0,2026-01-01T00:02:00+00:00,False
2026-01-01T00:01:08Z,ENG-DATASET-001,MSN-INJECTOR_DEGRADATION-001,CLIMB,6000.0,23.0,0.8039546133787048,0.6260453866212953,4648.832832096159,659.8683565315652,188.12023498847574,73.16792135989654,432.44164160480796,13.413356686124578,8.61967775594383,14.2,4648.832832096159,659.8683565315652,188.12023498847574,73.16792135989654,432.44164160480796,13.413356686124578,8.61967775594383,0.0,0.0,0.0,0.0,0.0,0.0,0.0,0.0,0.0,0.0,0.0,0.0,0.0,0.0,1,INJECTOR_DEGRADATION,0.0,2026-01-01T00:02:00+00:00,False
2026-01-01T00:01:09Z,ENG-DATASET-001,MSN-INJECTOR_DEGRADATION-001,CLIMB,6000.0,23.0,0.8015160413098724,0.6284839586901276,4635.420685717582,658.2881591003123,188.06541546713598,73.21372924198984,431.7710342858791,13.368578576656935,8.616735636872612,14.2,4635.420685717582,658.2881591003123,188.06541546713598,73.21372924198984,431.7710342858791,13.368578576656935,8.616735636872612,0.0,0.0,0.0,0.0,0.0,0.0,0.0,0.0,0.0,0.0,0.0,0.0,0.0,0.0,1,INJECTOR_DEGRADATION,0.0,2026-01-01T00:02:00+00:00,False
2026-01-01T00:01:10Z,ENG-DATASET-001,MSN-INJECTOR_DEGRADATION-001,CLIMB,6000.0,23.0,0.7987417186126258,0.6312582813873743,4620.161910882725,656.49243734459,187.97118485403712,73.25336992958495,431.00809554413627,13.317684747867705,8.029116599411362,14.2,4620.161910882725,656.49243734459,187.97118485403712,73.25336992958495,431.00809554413627,13.317684747867705,8.029116599411362,0.0,0.0,0.0,0.0,0.0,0.0,0.0,0.0,0.0,0.0,0.0,0.0,0.0,0.0,1,INJECTOR_DEGRADATION,0.0,2026-01-01T00:02:00+00:00,False
2026-01-01T00:01:11Z,ENG-DATASET-001,MSN-INJECTOR_DEGRADATION-001,CLIMB,6000.0,23.0,0.7956749376647593,0.6343250623352408,4603.294615669459,654.5099435740566,187.8368149579848,73.28663314444522,430.1647307834729,13.261487081327036,7.674116791849614,14.2,4603.294615669459,654.5099435740566,187.8368149579848,73.28663314444522,430.1647307834729,13.261487081327036,7.674116791849614,0.0,0.0,0.0,0.0,0.0,0.0,0.0,0.0,0.0,0.0,0.0,0.0,0.0,0.0,1,INJECTOR_DEGRADATION,0.0,2026-01-01T00:02:00+00:00,False
2026-01-01T00:01:12Z,ENG-DATASET-001,MSN-INJECTOR_DEGRADATION-001,CLIMB,6000.0,23.0,0.7923635545572527,0.6376364454427473,4585.082008578173,652.3723019901521,187.66244101194013,73.3133917946056,429.2541004289087,13.200879190684349,8.03317424785229,14.2,4585.082008578173,652.3723019901521,187.66244101194013,73.3133917946056,429.2541004289087,13.200879190684349,8.03317424785229,0.0,0.0,0.0,0.0,0.0,0.0,0.0,0.0,0.0,0.0,0.0,0.0,0.0,0.0,1,INJECTOR_DEGRADATION,0.0,2026-01-01T00:02:00+00:00,False
2026-01-01T00:01:13Z,ENG-DATASET-001,MSN-INJECTOR_DEGRADATION-001,CLIMB,6000.0,23.0,0.7888592423159781,0.6411407576840219,4565.808291251164,650.1134722655265,187.44903371738428,73.33360461088256,428.2904145625582,13.136821437022386,8.562548195449839,14.2,4565.808291251164,650.1134722655265,187.44903371738428,73.33360461088256,428.2904145625582,13.136821437022386,8.562548195449839,0.0,0.0,0.0,0.0,0.0,0.0,0.0,0.0,0.0,0.0,0.0,0.0,0.0,0.0,1,INJECTOR_DEGRADATION,0.0,2026-01-01T00:02:00+00:00,False
2026-01-01T00:01:14Z,ENG-DATASET-001,MSN-INJECTOR_DEGRADATION-001,CLIMB,6000.0,23.0,0.785216684561413,0.644783315438587,4545.774223601055,647.7691822314,187.19835990143085,73.34731741801694,427.2887111800528,13.070325037140394,8.47278086172617,14.2,4545.774223601055,647.7691822314,187.19835990143085,73.34731741801694,427.2887111800528,13.070325037140394,8.47278086172617,0.0,0.0,0.0,0.0,0.0,0.0,0.0,0.0,0.0,0.0,0.0,0.0,0.0,0.0,1,INJECTOR_DEGRADATION,0.0,2026-01-01T00:02:00+00:00,False
2026-01-01T00:01:15Z,ENG-DATASET-001,MSN-INJECTOR_DEGRADATION-001,CLIMB,6000.0,23.0,0.7814927221890324,0.6485072778109676,4525.292430552961,645.3763408382309,186.91293243224354,73.3546630216591,426.26462152764805,13.002435568774816,7.860218700325446,14.2,4525.292430552961,645.3763408382309,186.91293243224354,73.3546630216591,426.26462152764805,13.002435568774816,7.860218700325446,0.0,0.0,0.0,0.0,0.0,0.0,0.0,0.0,0.0,0.0,0.0,0.0,0.0,0.0,1,INJECTOR_DEGRADATION,0.0,2026-01-01T00:02:00+00:00,False
2026-01-01T00:01:16Z,ENG-DATASET-001,MSN-INJECTOR_DEGRADATION-001,CLIMB,6000.0,23.0,0.7777454663861457,0.6522545336138543,4504.682523637085,642.9724423431346,186.59595024759756,73.35585971396358,425.23412618185426,12.93421617358553,7.569482597759185,14.2,4504.682523637085,642.9724423431346,186.59595024759756,73.35585971396358,425.23412618185426,12.93421617358553,7.569482597759185,0.0,0.0,0.0,0.0,0.0,0.0,0.0,0.0,0.0,0.0,0.0,0.0,0.0,0.0,1,INJECTOR_DEGRADATION,0.0,2026-01-01T00:02:00+00:00,False
2026-01-01T00:01:17Z,ENG-DATASET-001,MSN-INJECTOR_DEGRADATION-001,CLIMB,6000.0,23.0,0.774033391826255,0.6559666081737451,4484.2661135576855,640.5949721893412,186.25122952757133,73.35120842207604,424.21330567788425,12.866730748309818,7.983914786470905,14.2,4484.2661135576855,640.5949721893412,186.25122952757133,73.35120842207604,424.21330567788425,12.866730748309818,7.983914786470905,0.0,0.0,0.0,0.0,0.0,0.0,0.0,0.0,0.0,0.0,0.0,0.0,0.0,0.0,1,INJECTOR_DEGRADATION,0.0,2026-01-01T00:02:00+00:00,False
2026-01-01T00:01:18Z,ENG-DATASET-001,MSN-INJECTOR_DEGRADATION-001,CLIMB,6000.0,23.0,0.7704144241913318,0.6595855758086683,4464.361791565607,638.280824328407,185.88312718302436,73.34108854493444,423.21808957828034,12.801027398000326,8.476891663081664,14.2,4464.361791565607,638.280824328407,185.88312718302436,73.34108854493444,423.21808957828034,12.801027398000326,8.476891663081664,0.0,0.0,0.0,0.0,0.0,0.0,0.0,0.0,0.0,0.0,0.0,0.0,0.0,0.0,1,INJECTOR_DEGRADATION,0.0,2026-01-01T00:02:00+00:00,False
2026-01-01T00:01:19Z,ENG-DATASET-001,MSN-INJECTOR_DEGRADATION-001,CLIMB,6000.0,23.0,0.766945036260924,0.663054963739076,4445.280157948366,636.0657388508805,185.49645793599393,73.32595254423724,422.2640078974183,12.738122404059647,8.310085183565608,14.2,4445.280157948366,636.0657388508805,185.49645793599393,73.32595254423724,422.2640078974183,12.738122404059647,8.310085183565608,0.0,0.0,0.0,0.0,0.0,0.0,0.0,0.0,0.0,0.0,0.0,0.0,0.0,0.0,1,INJECTOR_DEGRADATION,0.0,2026-01-01T00:02:00+00:00,False
2026-01-01T00:01:20Z,ENG-DATASET-001,MSN-INJECTOR_DEGRADATION-001,CLIMB,6000.0,23.0,0.7636793666733189,0.6663206333266811,4427.318975216537,633.9837677937314,185.09640633723782,73.30631937483729,421.3659487608269,12.67898493526639,7.69174762028813,14.2,4427.318975216537,633.9837677937314,185.09640633723782,73.30631937483729,421.3659487608269,12.67898493526639,7.69174762028813,0.0,0.0,0.0,0.0,0.0,0.0,0.0,0.0,0.0,0.0,0.0,0.0,0.0,0.0,1,INJECTOR_DEGRADATION,0.0,2026-01-01T00:02:00+00:00,False
2026-01-01T00:01:21Z,ENG-DATASET-001,MSN-INJECTOR_DEGRADATION-001,CLIMB,6000.0,23.0,0.7606683751101996,0.6693316248898005,4410.75852161938,632.0667759397019,184.6884351020066,73.28276685789596,420.537926080969,12.624522703532554,7.478833096015813,14.2,4410.75852161938,632.0667759397019,184.6884351020066,73.28276685789596,420.537926080969,12.624522703532554,7.478833096015813,0.0,0.0,0.0,0.0,0.0,0.0,0.0,0.0,0.0,0.0,0.0,0.0,0.0,0.0,1,INJECTOR_DEGRADATION,0.0,2026-01-01T00:02:00+00:00,False
2026-01-01T00:01:22Z,ENG-DATASET-001,MSN-INJECTOR_DEGRADATION-001,CLIMB,6000.0,23.0,0.7579590470878561,0.6720409529121438,4395.857217496491,630.343982366674,184.2781911509728,73.25592311659739,419.79286087482456,12.575568739010132,7.949711631277289,14.2,4395.857217496491,630.343982366674,184.2781911509728,73.25592311659739,419.79286087482456,12.575568739010132,7.949711631277289,0.0,0.0,0.0,0.0,0.0,0.0,0.0,0.0,0.0,0.0,0.0,0.0,0.0,0.0,1,INJECTOR_DEGRADATION,0.0,2026-01-01T00:02:00+00:00,False
2026-01-01T00:01:23Z,ENG-DATASET-001,MSN-INJECTOR_DEGRADATION-001,CLIMB,6000.0,23.0,0.7555936607639192,0.6744063392360808,4382.847592714839,628.841547488692,183.87141072309282,73.2264572088196,419.142379635742,12.532869432478755,8.405771336404923,14.2,4382.847592714839,628.841547488692,183.87141072309282,73.2264572088196,419.142379635742,12.532869432478755,8.405771336404923,0.0,0.0,0.0,0.0,0.0,0.0,0.0,0.0,0.0,0.0,0.0,0.0,0.0,0.0,1,INJECTOR_DEGRADATION,0.0,2026-01-01T00:02:00+00:00,False
2026-01-01T00:01:24Z,ENG-DATASET-001,MSN-INJECTOR_DEGRADATION-001,CLIMB,6000.0,23.0,0.7536091272008499,0.6763908727991501,4371.932658117958,627.5822093896785,183.47382488552552,73.19506910366061,418.59663290589793,12.497073967581684,8.172677084727466,14.2,4371.932658117958,627.5822093896785,183.47382488552552,73.19506910366061,418.59663290589793,12.497073967581684,8.172677084727466,0.0,0.0,0.0,0.0,0.0,0.0,0.0,0.0,0.0,0.0,0.0,0.0,0.0,0.0,1,INJECTOR_DEGRADATION,0.0,2026-01-01T00:02:00+00:00,False
2026-01-01T00:01:25Z,ENG-DATASET-001,MSN-INJECTOR_DEGRADATION-001,CLIMB,6000.0,23.0,0.7520364143811554,0.6779635856188446,4363.282737609638,626.5849724109784,183.09106670724742,73.16247915892723,418.1641368804819,12.4687252420762,7.566800924347967,14.2,4363.282737609638,626.5849724109784,183.09106670724742,73.16247915892723,418.1641368804819,12.4687252420762,7.566800924347967,0.0,0.0,0.0,0.0,0.0,0.0,0.0,0.0,0.0,0.0,0.0,0.0,0.0,0.0,1,INJECTOR_DEGRADATION,0.0,2026-01-01T00:02:00+00:00,False
2026-01-01T00:01:26Z,ENG-DATASET-001,MSN-INJECTOR_DEGRADATION-001,CLIMB,6000.0,23.0,0.7509000639623796,0.6790999360376204,4357.03281030637,625.8648502285762,182.7285812922371,73.12941726445383,417.85164051531854,12.448252356212159,7.442237829036515,14.2,4357.03281030637,625.8648502285762,182.7285812922371,73.12941726445383,417.85164051531854,12.448252356212159,7.442237829036515,0.0,0.0,0.0,0.0,0.0,0.0,0.0,0.0,0.0,0.0,0.0,0.0,0.0,0.0,1,INJECTOR_DEGRADATION,0.0,2026-01-01T00:02:00+00:00,False
2026-01-01T00:01:27Z,ENG-DATASET-001,MSN-INJECTOR_DEGRADATION-001,CLIMB,6000.0,23.0,0.7502178083127454,0.6797821916872546,4353.280404233384,625.4326650484405,182.3915397892244,73.09661182130682,417.6640202116692,12.435964727782038,7.9673820023350155,14.2,4353.280404233384,625.4326650484405,182.3915397892244,73.09661182130682,417.6640202116692,12.435964727782038,7.9673820023350155,0.0,0.0,0.0,0.0,0.0,0.0,0.0,0.0,0.0,0.0,0.0,0.0,0.0,0.0,1,INJECTOR_DEGRADATION,0.0,2026-01-01T00:02:00+00:00,False
2026-01-01T00:01:28Z,ENG-DATASET-001,MSN-INJECTOR_DEGRADATION-001,CLIMB,6000.0,23.0,0.7500002938034789,0.6799997061965212,4352.084074432417,625.2949040522647,182.08475841160856,73.06477872946496,417.6042037216208,12.432047877195913,8.383829656216212,14.2,4352.084074432417,625.2949040522647,182.08475841160856,73.06477872946496,417.6042037216208,12.432047877195913,8.383829656216212,0.0,0.0,0.0,0.0,0.0,0.0,0.0,0.0,0.0,0.0,0.0,0.0,0.0,0.0,1,INJECTOR_DEGRADATION,0.0,2026-01-01T00:02:00+00:00,False
2026-01-01T00:01:29Z,ENG-DATASET-001,MSN-INJECTOR_DEGRADATION-001,CLIMB,6000.0,23.0,0.7502509146757477,0.6797490853242524,4353.462489229895,625.4536338255313,181.81262341608598,73.0346105564097,417.6731244614948,12.4365609118184,8.093019926834483,14.2,4353.462489229895,625.4536338255313,181.81262341608598,73.0346105564097,417.6731244614948,12.4365609118184,8.093019926834483,0.0,0.0,0.0,0.0,0.0,0.0,0.0,0.0,0.0,0.0,0.0,0.0,0.0,0.0,1,INJECTOR_DEGRADATION,0.0,2026-01-01T00:02:00+00:00,False
2026-01-01T00:01:30Z,ENG-DATASET-001,MSN-INJECTOR_DEGRADATION-001,CRUISE,8500.0,23.0,0.5909657600746622,0.47903423992533783,3520.5689545165365,389.075361144749,175.6582451030961,72.38218222315342,376.0284477258268,7.332402973666711,5.85857072181734,14.2,3520.5689545165365,389.075361144749,175.6582451030961,72.38218222315342,376.0284477258268,7.332402973666711,5.85857072181734,0.0,0.0,0.0,0.0,0.0,0.0,0.0,0.0,0.0,0.0,0.0,0.0,0.0,0.0,1,INJECTOR_DEGRADATION,0.0,2026-01-01T00:02:00+00:00,False
2026-01-01T00:01:31Z,ENG-DATASET-001,MSN-INJECTOR_DEGRADATION-001,CRUISE,8500.0,23.0,0.5921336750768587,0.47786632492314135,3526.992487028617,389.56352425714607,170.13150869921515,71.75742928674387,376.34962435143086,7.347340807063966,5.827110858559043,14.2,3526.992487028617,389.56352425714607,170.13150869921515,71.75742928674387,376.34962435143086,7.347340807063966,5.827110858559043,0.0,0.0,0.0,0.0,0.0,0.0,0.0,0.0,0.0,0.0,0.0,0.0,0.0,0.0,1,INJECTOR_DEGRADATION,0.0,2026-01-01T00:02:00+00:00,False
2026-01-01T00:01:32Z,ENG-DATASET-001,MSN-INJECTOR_DEGRADATION-001,CRUISE,8500.0,23.0,0.5937364347593471,0.4762635652406529,3535.807665282304,390.23386927598494,165.17420456119325,71.15983235925353,376.79038326411523,7.367850704930066,6.398818205066945,14.2,3535.807665282304,390.23386927598494,165.17420456119325,71.15983235925353,376.79038326411523,7.367850704930066,6.398818205066945,0.0,0.0,0.0,0.0,0.0,0.0,0.0,0.0,0.0,0.0,0.0,0.0,0.0,0.0,1,INJECTOR_DEGRADATION,0.0,2026-01-01T00:02:00+00:00,False
2026-01-01T00:01:33Z,ENG-DATASET-001,MSN-INJECTOR_DEGRADATION-001,CRUISE,8500.0,23.0,0.5957490285933392,0.4742509714066608,3546.87693136926,391.0763241358079,160.7336922084691,70.58885903026008,377.34384656846305,7.39362202715783,6.768816730334211,14.2,3546.87693136926,391.0763241358079,160.7336922084691,70.58885903026008,377.34384656846305,7.39362202715783,6.768816730334211,0.0,0.0,0.0,0.0,0.0,0.0,0.0,0.0,0.0,0.0,0.0,0.0,0.0,0.0,1,INJECTOR_DEGRADATION,0.0,2026-01-01T00:02:00+00:00,False
2026-01-01T00:01:34Z,ENG-DATASET-001,MSN-INJECTOR_DEGRADATION-001,CRUISE,8500.0,23.0,0.598140050725185,0.4718599492748151,3560.0275530944114,392.0781985923958,156.7622779524321,70.04395574541536,378.0013776547206,7.424263666961389,6.424843491189363,14.2,3560.0275530944114,392.0781985923958,156.7622779524321,70.04395574541536,378.0013776547206,7.424263666961389,6.424843491189363,0.0,0.0,0.0,0.0,0.0,0.0,0.0,0.0,0.0,0.0,0.0,0.0,0.0,0.0,1,INJECTOR_DEGRADATION,0.0,2026-01-01T00:02:00+00:00,False
2026-01-01T00:01:35Z,ENG-DATASET-001,MSN-INJECTOR_DEGRADATION-001,CRUISE,8500.0,23.0,0.6008721900542148,0.46912780994578523,3575.0543194040756,393.2243543148247,153.21665901505952,69.52454067213878,378.7527159702038,7.459309477247779,5.880877114634972,14.2,3575.0543194040756,393.2243543148247,153.21665901505952,69.52454067213878,378.7527159702038,7.459309477247779,5.880877114634972,0.0,0.0,0.0,0.0,0.0,0.0,0.0,0.0,0.0,0.0,0.0,0.0,0.0,0.0,1,INJECTOR_DEGRADATION,0.0,2026-01-01T00:02:00+00:00,False
2026-01-01T00:01:36Z,ENG-DATASET-001,MSN-INJECTOR_DEGRADATION-001,CRUISE,8500.0,23.0,0.603902812459987,0.46609718754001306,3591.722742635823,394.49741067007506,150.05742838030545,69.02999763747675,379.58613713179113,7.498224807186863,5.940442692092786,14.2,3591.722742635823,394.49741067007506,150.05742838030545,69.02999763747675,379.58613713179113,7.498224807186863,5.940442692092786,0.0,0.0,0.0,0.0,0.0,0.0,0.0,0.0,0.0,0.0,0.0,0.0,0.0,0.0,1,INJECTOR_DEGRADATION,0.0,2026-01-01T00:02:00+00:00,False
2026-01-01T00:01:37Z,ENG-DATASET-001,MSN-INJECTOR_DEGRADATION-001,CRUISE,8500.0,23.0,0.6071846260934773,0.4628153739065227,3609.7727176200196,395.87798483082304,147.2486351630455,68.5596712074897,380.48863588100096,7.540414091596548,6.5450433662363645,14.2,3609.7727176200196,395.87798483082304,147.2486351630455,68.5596712074897,380.48863588100096,7.540414091596548,6.5450433662363645,0.0,0.0,0.0,0.0,0.0,0.0,0.0,0.0,0.0,0.0,0.0,0.0,0.0,0.0,1,INJECTOR_DEGRADATION,0.0,2026-01-01T00:02:00+00:00,False
2026-01-01T00:01:38Z,ENG-DATASET-001,MSN-INJECTOR_DEGRADATION-001,CRUISE,8500.0,23.0,0.6106664193505662,0.4593335806494338,3628.9225805340084,397.3449643561621,144.757395755645,68.11286296072522,381.4461290267004,7.585229420657083,6.857548503447161,14.2,3628.9225805340084,397.3449643561621,144.757395755645,68.11286296072522,381.4461290267004,7.585229420657083,6.857548503447161,0.0,0.0,0.0,0.0,0.0,0.0,0.0,0.0,0.0,0.0,0.0,0.0,0.0,0.0,1,INJECTOR_DEGRADATION,0.0,2026-01-01T00:02:00+00:00,False
2026-01-01T00:01:39Z,ENG-DATASET-001,MSN-INJECTOR_DEGRADATION-001,CRUISE,8500.0,23.0,0.6142938600119926,0.4557061399880074,3648.8735041718537,398.87580983034934,142.55355142583923,67.68882899067108,382.4436752085927,7.6319800007671645,6.461076785468251,14.2,3648.8735041718537,398.87580983034934,142.55355142583923,67.68882899067108,382.4436752085927,7.6319800007671645,6.461076785468251,0.0,0.0,0.0,0.0,0.0,0.0,0.0,0.0,0.0,0.0,0.0,0.0,0.0,0.0,1,INJECTOR_DEGRADATION,0.0,2026-01-01T00:02:00+00:00,False
2026-01-01T00:01:40Z,ENG-DATASET-001,MSN-INJECTOR_DEGRADATION-001,CRUISE,8500.0,23.0,0.618010343079464,0.45198965692053605,3669.3141610429466,400.4468845061524,140.60936839590912,67.28677865383462,383.4657080521473,7.67994239934335,5.955770710472709,14.2,3669.3141610429466,400.4468845061524,140.60936839590912,67.28677865383462,383.4657080521473,7.67994239934335,5.955770710472709,0.0,0.0,0.0,0.0,0.0,0.0,0.0,0.0,0.0,0.0,0.0,0.0,0.0,0.0,1,INJECTOR_DEGRADATION,0.0,2026-01-01T00:02:00+00:00,False
2026-01-01T00:01:41Z,ENG-DATASET-001,MSN-INJECTOR_DEGRADATION-001,CRUISE,8500.0,23.0,0.6217578740777223,0.4482421259222777,3689.9255815333668,402.0338072046141,138.89927673643356,66.90587456155033,384.4962790766683,7.728371447508807,6.09848572883804,14.2,3689.9255815333668,402.0338072046141,138.89927673643356,66.90587456155033,384.4962790766683,7.728371447508807,6.09848572883804,0.0,0.0,0.0,0.0,0.0,0.0,0.0,0.0,0.0,0.0,0.0,0.0,0.0,0.0,1,INJECTOR_DEGRADATION,0.0,2026-01-01T00:02:00+00:00,False
2026-01-01T00:01:42Z,ENG-DATASET-001,MSN-INJECTOR_DEGRADATION-001,CRUISE,8500.0,23.0,0.625477974038934,0.444522025961066,3710.3861313200314,403.6118239969366,137.39964466271363,66.54523379506718,385.51930656600155,7.7765116555527944,6.717948245365504,14.2,3710.3861313200314,403.6118239969366,137.39964466271363,66.54523379506718,385.51930656600155,7.7765116555527944,6.717948245365504,0.0,0.0,0.0,0.0,0.0,0.0,0.0,0.0,0.0,0.0,0.0,0.0,0.0,0.0,1,INJECTOR_DEGRADATION,0.0,2026-01-01T00:02:00+00:00,False
2026-01-01T00:01:43Z,ENG-DATASET-001,MSN-INJECTOR_DEGRADATION-001,CRUISE,8500.0,23.0,0.629112592047424,0.440887407952576,3730.3765303667265,405.15619346812,136.08858503314525,66.20393030520076,386.51882651833637,7.82360897755176,6.959617194729575,14.2,3730.3765303667265,405.15619346812,136.08858503314525,66.20393030520076,386.51882651833637,7.82360897755176,6.959617194729575,0.0,0.0,0.0,0.0,0.0,0.0,0.0,0.0,0.0,0.0,0.0,0.0,0.0,0.0,1,INJECTOR_DEGRADATION,0.0,2026-01-01T00:02:00+00:00,False
2026-01-01T00:01:44Z,ENG-DATASET-001,MSN-INJECTOR_DEGRADATION-001,CRUISE,8500.0,23.0,0.6326050111047993,0.4373949888952008,3749.58483518229,406.64257967239274,134.94579102164053,65.88099844014167,387.47924175911453,7.868922744523272,6.509450060643552,14.2,3749.58483518229,406.64257967239274,134.94579102164053,65.88099844014167,387.47924175911453,7.868922744523272,6.509450060643552,0.0,0.0,0.0,0.0,0.0,0.0,0.0,0.0,0.0,0.0,0.0,0.0,0.0,0.0,1,INJECTOR_DEGRADATION,0.0,2026-01-01T00:02:00+00:00,False
2026-01-01T00:01:45Z,ENG-DATASET-001,MSN-INJECTOR_DEGRADATION-001,CRUISE,8500.0,23.0,0.6359007331797392,0.43409926682026084,3767.7113065944595,408.0474462770283,133.95239807640218,65.57543752816458,388.385565329723,7.911737570901154,6.043321610364196,14.2,3767.7113065944595,408.0474462770283,133.95239807640218,65.57543752816458,388.385565329723,7.911737570901154,6.043321610364196,0.0,0.0,0.0,0.0,0.0,0.0,0.0,0.0,0.0,0.0,0.0,0.0,0.0,0.0,1,INJECTOR_DEGRADATION,0.0,2026-01-01T00:02:00+00:00,False
2026-01-01T00:01:46Z,ENG-DATASET-001,MSN-INJECTOR_DEGRADATION-001,CRUISE,8500.0,23.0,0.6389483296315471,0.4310516703684529,3784.4730870794037,409.34844489441815,133.09086939112242,65.28621742625012,389.22365435397023,7.951375027952723,6.258231914976246,14.2,3784.4730870794037,409.34844489441815,133.09086939112242,65.28621742625012,389.22365435397023,7.951375027952723,6.258231914976246,0.0,0.0,0.0,0.0,0.0,0.0,0.0,0.0,0.0,0.0,0.0,0.0,0.0,0.0,1,INJECTOR_DEGRADATION,0.0,2026-01-01T00:02:00+00:00,False
2026-01-01T00:01:47Z,ENG-DATASET-001,MSN-INJECTOR_DEGRADATION-001,CRUISE,8500.0,23.0,0.6417002437368877,0.42829975626311223,3799.608614658777,410.5247902612147,132.34490220854056,65.01228493125728,389.9804307329389,7.9872048709368295,6.873275846377874,14.2,3799.608614658777,410.5247902612147,132.34490220854056,65.01228493125728,389.9804307329389,7.9872048709368295,6.873275846377874,0.0,0.0,0.0,0.0,0.0,0.0,0.0,0.0,0.0,0.0,0.0,0.0,0.0,0.0,1,INJECTOR_DEGRADATION,0.0,2026-01-01T00:02:00+00:00,False
2026-01-01T00:01:48Z,ENG-DATASET-001,MSN-INJECTOR_DEGRADATION-001,CRUISE,8500.0,23.0,0.6441135327965486,0.42588646720345136,3812.881704486912,411.5576147724917,131.6993523569988,64.75257093749613,390.64408522434564,8.018655605138374,7.031667813070467,14.2,3812.881704486912,411.5576147724917,131.6993523569988,64.75257093749613,390.64408522434564,8.018655605138374,7.031667813070467,0.0,0.0,0.0,0.0,0.0,0.0,0.0,0.0,0.0,0.0,0.0,0.0,0.0,0.0,1,INJECTOR_DEGRADATION,0.0,2026-01-01T00:02:00+00:00,False
2026-01-01T00:01:49Z,ENG-DATASET-001,MSN-INJECTOR_DEGRADATION-001,CRUISE,8500.0,23.0,0.6461505382418992,0.42384946175810084,3824.08523443634,412.4302949456736,131.14017449494074,64.5059982135467,391.20426172181703,8.045224180045604,6.527857266114114,14.2,3824.08523443634,412.4302949456736,131.14017449494074,64.5059982135467,391.20426172181703,8.045224180045604,6.527857266114114,0.0,0.0,0.0,0.0,0.0,0.0,0.0,0.0,0.0,0.0,0.0,0.0,0.0,0.0,1,INJECTOR_DEGRADATION,0.0,2026-01-01T00:02:00+00:00,False
2026-01-01T00:01:50Z,ENG-DATASET-001,MSN-INJECTOR_DEGRADATION-001,CRUISE,8500.0,23.0,0.6477794732842588,0.4222205267157412,3833.044377169317,413.12874269144777,130.65437561273285,64.27148966212602,391.65221885846586,8.066484611257662,6.101682430735664,14.2,3833.044377169317,413.12874269144777,130.65437561273285,64.27148966212602,391.65221885846586,8.066484611257662,6.101682430735664,0.0,0.0,0.0,0.0,0.0,0.0,0.0,0.0,0.0,0.0,0.0,0.0,0.0,0.0,1,INJECTOR_DEGRADATION,0.0,2026-01-01T00:02:00+00:00,False
2026-01-01T00:01:51Z,ENG-DATASET-001,MSN-INJECTOR_DEGRADATION-001,CRUISE,8500.0,23.0,0.6489749189371029,0.42102508106289704,3839.61932825996,413.6416548136174,130.2299794218,64.04797691986059,391.980966412998,8.082095346334755,6.378140585743806,14.2,3839.61932825996,413.6416548136174,130.2299794218,64.04797691986059,391.980966412998,8.082095346334755,6.378140585743806,0.0,0.0,0.0,0.0,0.0,0.0,0.0,0.0,0.0,0.0,0.0,0.0,0.0,0.0,1,INJECTOR_DEGRADATION,0.0,2026-01-01T00:02:00+00:00,False
2026-01-01T00:01:52Z,ENG-DATASET-001,MSN-INJECTOR_DEGRADATION-001,CRUISE,8500.0,23.0,0.6497182206708461,0.4202817793291539,3843.707487795548,413.96071494084435,129.85599935314113,63.83440914908814,392.1853743897774,8.091805213532885,6.971744565769274,14.2,3843.707487795548,413.96071494084435,129.85599935314113,63.83440914908814,392.1853743897774,8.091805213532885,6.971744565769274,0.0,0.0,0.0,0.0,0.0,0.0,0.0,0.0,0.0,0.0,0.0,0.0,0.0,0.0,1,INJECTOR_DEGRADATION,0.0,2026-01-01T00:02:00+00:00,False
2026-01-01T00:01:53Z,ENG-DATASET-001,MSN-INJECTOR_DEGRADATION-001,CRUISE,8500.0,23.0,0.6499977795105369,0.4200022204894631,3845.2450614138475,414.08074309147474,129.5224179951139,63.62976187136238,392.2622530706924,8.095457820679115,7.038635610958712,14.2,3845.2450614138475,414.08074309147474,129.5224179951139,63.62976187136238,392.2622530706924,8.095457820679115,7.038635610958712,0.0,0.0,0.0,0.0,0.0,0.0,0.0,0.0,0.0,0.0,0.0,0.0,0.0,0.0,1,INJECTOR_DEGRADATION,0.0,2026-01-01T00:02:00+00:00,False
2026-01-01T00:01:54Z,ENG-DATASET-001,MSN-INJECTOR_DEGRADATION-001,CRUISE,8500.0,23.0,0.6498092330339829,0.42019076696601715,3844.2080557928,413.99978925660315,129.2201709270176,63.433045692209774,392.21040278964006,8.09299430451408,6.4854565180304835,14.2,3844.2080557928,413.99978925660315,129.2201709270176,63.433045692209774,392.21040278964006,8.09299430451408,6.4854565180304835,0.0,0.0,0.0,0.0,0.0,0.0,0.0,0.0,0.0,0.0,0.0,0.0,0.0,0.0,1,INJECTOR_DEGRADATION,0.0,2026-01-01T00:02:00+00:00,False
2026-01-01T00:01:55Z,ENG-DATASET-001,MSN-INJECTOR_DEGRADATION-001,CRUISE,8500.0,23.0,0.6491555234458896,0.4208444765541104,3840.612653058287,413.7191687137506,128.94113305215959,63.24331476888801,392.0306326529144,8.084454367558102,6.103063593578366,14.2,3840.612653058287,413.7191687137506,128.94113305215959,63.24331476888801,392.0306326529144,8.084454367558102,6.103063593578366,0.0,0.0,0.0,0.0,0.0,0.0,0.0,0.0,0.0,0.0,0.0,0.0,0.0,0.0,1,INJECTOR_DEGRADATION,0.0,2026-01-01T00:02:00+00:00,False
2026-01-01T00:01:56Z,ENG-DATASET-001,MSN-INJECTOR_DEGRADATION-001,CRUISE,8500.0,23.0,0.6480468516657405,0.4219531483342595,3834.514958267467,413.24343820279637,128.67810570201354,63.05967487739081,391.72574791337337,8.069975578634397,6.433512155720886,14.2,3834.514958267467,413.24343820279637,128.67810570201354,63.05967487739081,391.72574791337337,8.069975578634397,6.433512155720886,0.0,0.0,0.0,0.0,0.0,0.0,0.0,0.0,0.0,0.0,0.0,0.0,0.0,0.0,1,INJECTOR_DEGRADATION,0.0,2026-01-01T00:02:00+00:00,False
2026-01-01T00:01:57Z,ENG-DATASET-001,MSN-INJECTOR_DEGRADATION-001,CRUISE,8500.0,23.0,0.6465005181458598,0.42349948185414016,3826.0101239081237,412.58031355030175,128.42480297056971,62.88129094166177,391.30050619540623,8.049790953157617,6.993557436640704,14.2,3826.0101239081237,412.58031355030175,128.42480297056971,62.88129094166177,391.30050619540623,8.049790953157617,6.993557436640704,0.0,0.0,0.0,0.0,0.0,0.0,0.0,0.0,0.0,0.0,0.0,0.0,0.0,0.0,1,INJECTOR_DEGRADATION,0.0,2026-01-01T00:02:00+00:00,False
2026-01-01T00:01:58Z,ENG-DATASET-001,MSN-INJECTOR_DEGRADATION-001,CRUISE,8500.0,23.0,0.6445406529036408,0.4254593470963592,3815.230865075919,411.74053075906363,128.17583594248933,62.707393896818346,390.76154325379594,8.024224868664344,6.967140809117852,14.2,3815.230865075919,411.74053075906363,128.17583594248933,62.707393896818346,390.76154325379594,8.024224868664344,6.967140809117852,0.0,0.0,0.0,0.0,0.0,0.0,0.0,0.0,0.0,0.0,0.0,0.0,0.0,0.0,1,INJECTOR_DEGRADATION,0.0,2026-01-01T00:02:00+00:00,False
2026-01-01T00:01:59Z,ENG-DATASET-001,MSN-INJECTOR_DEGRADATION-001,CRUISE,8500.0,23.0,0.6421978389806943,0.4278021610193057,3802.3453884997134,410.73765392910457,127.926693696468,62.53728676900792,390.1172694249857,7.993687408357096,6.37475080581173,14.2,3802.3453884997134,410.73765392910457,127.926693696468,62.53728676900792,390.1172694249857,7.993687408357096,6.37475080581173,0.0,0.0,0.0,0.0,0.0,0.0,0.0,0.0,0.0,0.0,0.0,0.0,0.0,0.0,1,INJECTOR_DEGRADATION,0.0,2026-01-01T00:02:00+00:00,False
2026-01-01T00:02:00Z,ENG-DATASET-001,MSN-INJECTOR_DEGRADATION-001,CRUISE,8500.0,23.0,0.6395086352047135,0.4304913647952865,3787.554767731819,409.5878345918005,127.67372019161621,62.37034986715318,389.377738386591,7.9586672593100545,6.044340562471027,14.2,3787.554767731819,409.5878345918005,127.67372019161621,62.37034986715318,389.377738386591,7.9586672593100545,6.044340562471027,0.0,0.0,0.0,0.0,0.0,0.0,0.0,0.0,0.0,0.0,0.0,0.0,0.0,0.0,1,INJECTOR_DEGRADATION,0.0,2026-01-01T00:02:00+00:00,False
2026-01-01T00:02:01Z,ENG-DATASET-001,MSN-INJECTOR_DEGRADATION-001,CRUISE,8500.0,23.0,0.6365150057011951,0.43348499429880494,3770.4694587374424,409.10584801772313,127.61408637435665,62.20604499609761,388.5544902731234,7.936222744884815,6.425463328663957,14.2,3771.0898054624677,408.309528076082,127.41408637435664,62.20604499609761,388.5544902731234,7.919723321298775,6.425463328663957,-0.6203467250252288,0.7963199416411157,0.20000000000000284,0.0,0.0,0.01649942358603962,0.0,-0.0001645006502169875,0.0019502849845148217,0.00156968515563013,0.0,0.0,0.002083333333333397,0.0,1,INJECTOR_DEGRADATION,0.008333333333333333,2026-01-01T00:02:00+00:00,True
2026-01-01T00:02:02Z,ENG-DATASET-001,MSN-INJECTOR_DEGRADATION-001,CRUISE,8500.0,23.0,0.6332636650572961,0.4367363349427038,3751.839252953255,408.3883277163883,127.54575707069154,62.04391861631142,387.66037159605116,7.910298019442135,6.945580146549502,14.2,3753.2074319210224,406.92317335082237,127.14575707069153,62.04391861631142,387.66037159605116,7.877475206083454,6.945580146549502,-1.3681789677675624,1.4651543655659225,0.4000000000000057,0.0,0.0,0.0328228133586812,0.0,-0.0003645359316224312,0.0036005675309692007,0.0031459956605363595,0.0,0.0,0.004166666666666685,0.0,1,INJECTOR_DEGRADATION,0.016666666666666666,2026-01-01T00:02:00+00:00,True
2026-01-01T00:02:03Z,ENG-DATASET-001,MSN-INJECTOR_DEGRADATION-001,CRUISE,8500.0,23.0,0.6298053493563258,0.44019465064367425,3731.974904178858,407.48905199231365,127.46745244810091,61.883603892120775,386.7093347782843,7.881546529969475,6.83073619925288,14.2,3734.1866955656865,405.45084337914193,126.86745244810092,61.883603892120775,386.7093347782843,7.832592824814384,6.83073619925288,-2.2117913868282812,2.0382086131717188,0.5999999999999943,0.0,0.0,0.04895370515509079,0.0,-0.0005923087320338761,0.005027017815981617,0.004729345379150283,0.0,0.0,0.006250000000000113,0.0,1,INJECTOR_DEGRADATION,0.025,2026-01-01T00:02:00+00:00,True
2026-01-01T00:02:04Z,ENG-DATASET-001,MSN-INJECTOR_DEGRADATION-001,CRUISE,8500.0,23.0,0.6261940244581339,0.4438059755418661,3711.333949280672,406.5920806915479,127.37860403753683,61.72482158811641,385.71622043128156,7.850666816716822,6.214836368946483,14.2,3714.324408625631,403.9158733698403,126.57860403753683,61.72482158811641,385.71622043128156,7.785785272777013,6.214836368946483,-2.9904593449587082,2.6762073217075795,0.7999999999999972,0.0,0.0,0.0648815439398085,0.0,-0.0008051152823415426,0.006625655237017994,0.0063201834629394195,0.0,0.0,0.00833333333333334,0.0,1,INJECTOR_DEGRADATION,0.03333333333333333,2026-01-01T00:02:00+00:00,True
2026-01-01T00:02:05Z,ENG-DATASET-001,MSN-INJECTOR_DEGRADATION-001,CRUISE,8500.0,23.0,0.6224860438799179,0.44751395612008205,3690.386196428314,405.8814887389869,127.27930549435271,61.56737979170707,384.69652577227214,7.818391197111354,5.948280934628895,14.2,3693.9305154454432,402.34247442278263,126.27930549435271,61.56737979170707,384.69652577227214,7.737789226007113,5.948280934628895,-3.5443190171290553,3.539014316204259,1.0,0.0,0.0,0.08060197110424117,0.0,-0.000959498020417326,0.008796024633694161,0.007918953910027013,0.0,0.0,0.01041666666666672,0.0,1,INJECTOR_DEGRADATION,0.041666666666666664,2026-01-01T00:02:00+00:00,True
2026-01-01T00:02:06Z,ENG-DATASET-001,MSN-INJECTOR_DEGRADATION-001,CRUISE,8500.0,23.0,0.6187392694184348,0.45126073058156524,3669.4561565851805,405.38824063256624,127.17025844378423,61.411172458422364,383.6661627953643,7.785474027024788,6.380116923276968,14.2,3673.323255907286,400.7553399546717,125.97025844378423,61.411172458422364,383.6661627953643,7.6893570637281865,6.380116923276968,-3.8670993221053322,4.632900677894554,1.2000000000000028,0.0,0.0,0.09611696329660191,0.0,-0.0010527522498561552,0.01156042157396722,0.009526058093589746,0.0,0.0,0.012499999999999945,0.0,1,INJECTOR_DEGRADATION,0.05,2026-01-01T00:02:00+00:00,True
2026-01-01T00:02:07Z,ENG-DATASET-001,MSN-INJECTOR_DEGRADATION-001,CRUISE,8500.0,23.0,0.6150121682360147,0.45498783176398533,3648.66896254721,404.94068179499146,127.05271389903307,61.256176795249566,382.6412099701988,7.752679746504678,6.858479405096028,14.2,3652.8241994039754,399.1792519850903,125.65271389903306,61.256176795249566,382.6412099701988,7.641244924686335,6.858479405096028,-4.155236856765441,5.761429809901188,1.4000000000000057,0.0,0.0,0.11143482181834319,0.0,-0.0011375408806817047,0.014433189553941001,0.0111418206305115,0.0,0.0,0.014583333333333438,0.0,1,INJECTOR_DEGRADATION,0.058333333333333334,2026-01-01T00:02:00+00:00,True
2026-01-01T00:02:08Z,ENG-DATASET-001,MSN-INJECTOR_DEGRADATION-001,CRUISE,8500.0,23.0,0.611362900500048,0.45863709949995196,3628.0571305159224,404.2759308864198,126.92840985646282,61.10244951571723,381.637661342808,7.720770909983862,6.6650203176223055,14.2,3632.753226856159,397.6386938933231,125.32840985646283,61.10244951571723,381.637661342808,7.594200895066095,6.6650203176223055,-4.696096340236636,6.637236993096735,1.5999999999999943,0.0,0.0,0.12657001491776754,0.0,-0.001292709976972675,0.016691627588127395,0.01276645895238323,0.0,0.0,0.016666666666666573,0.0,1,INJECTOR_DEGRADATION,0.06666666666666667,2026-01-01T00:02:00+00:00,True
2026-01-01T00:02:09Z,ENG-DATASET-001,MSN-INJECTOR_DEGRADATION-001,CRUISE,8500.0,23.0,0.6078484118130254,0.46215158818697455,3607.764912864007,403.24884944905006,126.79950576238097,60.95012201832968,380.67117695387674,7.6904963900205345,6.044583334784753,14.2,3613.423539077534,396.1574756625771,124.99950576238098,60.95012201832968,380.67117695387674,7.548953511676598,6.044583334784753,-5.658626213526986,7.091373786472957,1.7999999999999972,0.0,0.0,0.14154287834393653,0.0,-0.0015660013702605063,0.017900391188157103,0.014400056936398809,0.0,0.0,0.01875000000000004,0.0,1,INJECTOR_DEGRADATION,0.075,2026-01-01T00:02:00+00:00,True
2026-01-01T00:02:10Z,ENG-DATASET-001,MSN-INJECTOR_DEGRADATION-001,CRUISE,8500.0,23.0,0.6045235445954568,0.4654764554045433,3588.202084044938,401.99035828097567,126.66851460989983,60.799394557030105,379.7568384690453,7.662579929714309,5.8549266520828915,14.2,3595.1367693809066,394.7583769502778,124.66851460989983,60.799394557030105,379.7568384690453,7.506200747475242,5.8549266520828915,-6.934685335968425,7.231981330697863,2.0,0.0,0.0,0.15637918223906677,0.0,-0.0019289072379748708,0.018320019923500633,0.016042542948860816,0.0,0.0,0.020833333333333228,0.0,1,INJECTOR_DEGRADATION,0.08333333333333333,2026-01-01T00:02:00+00:00,True
2026-01-01T00:02:11Z,ENG-DATASET-001,MSN-INJECTOR_DEGRADATION-001,CRUISE,8500.0,23.0,0.6014401822882414,0.46855981771175864,3570.0169018386837,400.88477108195383,126.5382334639388,60.65052948836195,378.9089138345611,7.637709203031962,6.338319446767006,14.2,3578.1782766912215,393.462812601158,124.33823346393879,60.65052948836195,378.9089138345611,7.466599628218618,6.338319446767006,-8.161374852537847,7.4219584807958086,2.200000000000003,0.0,0.0,0.171109574813344,0.0,-0.002280874294526419,0.01886317650130569,0.017693672643644708,0.0,0.0,0.022916666666666755,0.0,1,INJECTOR_DEGRADATION,0.09166666666666666,2026-01-01T00:02:00+00:00,True
2026-01-01T00:02:12Z,ENG-DATASET-001,MSN-INJECTOR_DEGRADATION-001,CRUISE,8500.0,23.0,0.5986464397289263,0.4713535602710737,3553.8756195664114,400.3534514425442,126.41167322982297,60.50384369465766,378.14063463074945,7.616525525262506,6.774908247650886,14.2,3562.812692614989,392.2905244911218,124.01167322982296,60.50384369465766,378.14063463074945,7.430756610012201,6.774908247650886,-8.937073048577531,8.062926951422412,2.4000000000000057,0.0,0.0,0.18576891525030437,0.0,-0.002508431910300064,0.020553458337750113,0.019353016836989517,0.0,0.0,0.02499999999999991,0.0,1,INJECTOR_DEGRADATION,0.1,2026-01-01T00:02:00+00:00,True
2026-01-01T00:02:13Z,ENG-DATASET-001,MSN-INJECTOR_DEGRADATION-001,CRUISE,8500.0,23.0,0.5961859123357582,0.47381408766424177,3540.177178801727,400.57335640264733,126.29198847901112,60.35970029568375,377.46398959762826,7.599614338519948,6.514459598154318,14.2,3549.2797919525647,391.2593028868184,123.69198847901113,60.35970029568375,377.46398959762826,7.39921882857926,6.514459598154318,-9.102613150837442,9.31405351582896,2.5999999999999943,0.0,0.0,0.20039550994068822,0.0,-0.0025646366824830743,0.02380532155301438,0.021019954743804442,0.0,0.0,0.027083333333333324,0.0,1,INJECTOR_DEGRADATION,0.10833333333333334,2026-01-01T00:02:00+00:00,True
2026-01-01T00:02:14Z,ENG-DATASET-001,MSN-INJECTOR_DEGRADATION-001,CRUISE,8500.0,23.0,0.5940969958157628,0.4759030041842372,3528.8964887621655,401.3238108577009,126.1824081274798,60.21849977250664,376.8895375546295,7.587496580310055,5.90831979401219,14.2,3537.7907510925897,390.3847398547916,123.3824081274798,60.21849977250664,376.8895375546295,7.372466312851876,5.90831979401219,-8.894262330424226,10.939071002909316,2.799999999999997,0.0,0.0,0.21503026745817877,0.0,-0.0025140724695708406,0.028021256688922417,0.022693672805502486,0.0,0.0,0.02916666666666654,0.0,1,INJECTOR_DEGRADATION,0.11666666666666667,2026-01-01T00:02:00+00:00,True
2026-01-01T00:02:15Z,ENG-DATASET-001,MSN-INJECTOR_DEGRADATION-001,CRUISE,8500.0,23.0,0.5924122870125784,0.4775877129874216,3519.683375806848,402.08853980578,126.08616773158202,60.080670636738795,376.42624263375376,7.580621027205908,5.806389667019541,14.2,3528.5248526750756,389.68001667400773,123.08616773158202,60.080670636738795,376.42624263375376,7.3509052385026985,5.806389667019541,-8.8414768682278,12.408523131772256,3.0,0.0,0.0,0.22971578870320908,0.0,-0.0025057147780962415,0.031842852085876346,0.024373169262546193,0.0,0.0,0.031249999999999965,0.0,1,INJECTOR_DEGRADATION,0.125,2026-01-01T00:02:00+00:00,True
2026-01-01T00:02:16Z,ENG-DATASET-001,MSN-INJECTOR_DEGRADATION-001,CRUISE,8500.0,23.0,0.5911580752436133,0.4788419247563867,3512.1801476367286,402.37585306559635,126.00644412612303,59.9466597856328,376.0813343972884,7.579357690994622,6.339781076443363,14.2,3521.626687945767,389.15572670796826,122.80644412612303,59.9466597856328,376.0813343972884,7.334862281607698,6.339781076443363,-9.446540309038483,13.22012635762809,3.200000000000003,0.0,0.0,0.24449540938692405,0.0,-0.0026824365970911108,0.033971301076468,0.02605726452525229,0.0,0.0,0.03333333333333344,0.0,1,INJECTOR_DEGRADATION,0.13333333333333333,2026-01-01T00:02:00+00:00,True
2026-01-01T00:02:17Z,ENG-DATASET-001,MSN-INJECTOR_DEGRADATION-001,CRUISE,8500.0,23.0,0.5903539320640401,0.4796460679359599,3506.363973458779,402.063141115238,125.94629308304174,59.81692268859864,375.8601950229057,7.5839923314467,6.73320897999545,14.2,3517.2039004581147,388.81973478124024,122.54629308304173,59.81692268859864,375.8601950229057,7.3245801189022455,6.73320897999545,-10.839926999335603,13.243406333997768,3.4000000000000057,0.0,0.0,0.25941221254445423,0.0,-0.003081972869961763,0.03406053023890066,0.02774461727451882,0.0,0.0,0.035416666666666624,0.0,1,INJECTOR_DEGRADATION,0.14166666666666666,2026-01-01T00:02:00+00:00,True
2026-01-01T00:02:18Z,ENG-DATASET-001,MSN-INJECTOR_DEGRADATION-001,CRUISE,8500.0,23.0,0.5900124058592234,0.4799875941407765,3502.6808254804623,401.53239292555264,125.90859061915539,59.691913553547444,375.7662753165812,7.59472213813043,6.415896758769881,14.2,3515.3255063316233,388.6770737767135,122.3085906191554,59.691913553547444,375.7662753165812,7.320214109041378,6.415896758769881,-12.644680851160956,12.855319148839158,3.5999999999999943,0.0,0.0,0.27450802908905203,0.0,-0.003597015647167242,0.03307454958412149,0.029433746082559956,0.0,0.0,0.03750000000000005,0.0,1,INJECTOR_DEGRADATION,0.15,2026-01-01T00:02:00+00:00,True
2026-01-01T00:02:19Z,ENG-DATASET-001,MSN-INJECTOR_DEGRADATION-001,CRUISE,8500.0,23.0,0.5901388260313631,0.4798611739686368,3501.854483583346,401.48021188601325,125.89597853009967,59.57207562196876,375.80104086391964,7.611652623301409,5.839425105997905,14.2,3516.020817278392,388.7298789143926,122.09597853009967,59.57207562196876,375.80104086391964,7.321830178726806,5.839425105997905,-14.166333695045978,12.75033297162065,3.799999999999997,0.0,0.0,0.28982244457460293,0.0,-0.0040290812913933655,0.03279998184659372,0.031123056187007857,0.0,0.0,0.03958333333333336,0.0,1,INJECTOR_DEGRADATION,0.15833333333333333,2026-01-01T00:02:00+00:00,True
2026-01-01T00:02:20Z,ENG-DATASET-001,MSN-INJECTOR_DEGRADATION-001,CRUISE,8500.0,23.0,0.5907312198359552,0.4792687801640447,3504.462323863036,402.4940339676159,125.91081467646205,59.457831739821586,375.96394916018244,7.634795758560669,5.830810574177328,14.2,3519.278983203648,388.97735997489394,121.91081467646205,59.457831739821586,375.96394916018244,7.329403928218242,5.830810574177328,-14.81665934061175,13.516673992721962,4.0,0.0,0.0,0.305391830342427,0.0,-0.004210140603040212,0.034749256341280066,0.03281087088635706,0.0,0.0,0.0416666666666667,0.0,1,INJECTOR_DEGRADATION,0.16666666666666666,2026-01-01T00:02:00+00:00,True
2026-01-01T00:02:21Z,ENG-DATASET-001,MSN-INJECTOR_DEGRADATION-001,CRUISE,8500.0,23.0,0.5917803431658103,0.47821965683418965,3510.536457552447,404.6531076064281,125.95512849811166,59.349575347189834,376.2524580758926,7.664069379307767,6.407641643475022,14.2,3525.049161517851,389.41581157183236,121.75512849811166,59.349575347189834,376.2524580758926,7.342820962211035,6.407641643475022,-14.512703965404398,15.237296034595715,4.200000000000003,0.0,0.0,0.321248417096732,0.0,-0.004117021720955339,0.039128601309464335,0.0344954668588366,0.0,0.0,0.04374999999999989,0.0,1,INJECTOR_DEGRADATION,0.175,2026-01-01T00:02:00+00:00,True
2026-01-01T00:02:22Z,ENG-DATASET-001,MSN-INJECTOR_DEGRADATION-001,CRUISE,8500.0,23.0,0.5932698248022544,0.47673017519774563,3519.457874417982,407.42189200141263,126.03058218417694,59.24766202328558,376.6620655259147,7.699297872556295,6.752798262615128,14.2,3533.2413105182936,390.03866143505763,121.63058218417693,59.24766202328558,376.6620655259147,7.3618784438785285,6.752798262615128,-13.78343610031152,17.383230566354996,4.400000000000006,0.0,0.0,0.33741942867776675,0.0,-0.0039010740815462776,0.044567967960912884,0.03617511254971537,0.0,0.0,0.04583333333333345,0.0,1,INJECTOR_DEGRADATION,0.18333333333333332,2026-01-01T00:02:00+00:00,True
2026-01-01T00:02:23Z,ENG-DATASET-001,MSN-INJECTOR_DEGRADATION-001,CRUISE,8500.0,23.0,0.5951764218825207,0.4748235781174793,3530.2424405149195,409.93473590674535,126.13843787871551,59.152401714878394,377.1863797229879,7.740214154929759,6.384974837502947,14.2,3543.7275944597586,390.8365565182512,121.53843787871551,59.152401714878394,377.1863797229879,7.38628786156319,6.384974837502947,-13.485153944839112,19.098179388494145,4.599999999999994,0.0,0.0,0.3539262933665688,0.0,-0.0038053585060888193,0.04886487476665275,0.03784810863366849,0.0,0.0,0.047916666666666566,0.0,1,INJECTOR_DEGRADATION,0.19166666666666665,2026-01-01T00:02:00+00:00,True
2026-01-01T00:02:24Z,ENG-DATASET-001,MSN-INJECTOR_DEGRADATION-001,CRUISE,8500.0,23.0,0.5974703825968497,0.4725296174031503,3542.0681007014045,411.5212088799584,126.27953125502201,59.06405176571875,377.8172189194284,7.786462938115649,5.84802917110906,14.2,3556.3443783885677,391.7974865671218,121.47953125502201,59.06405176571875,377.8172189194284,7.41567898868157,5.84802917110906,-14.276277687163201,19.723722312836628,4.799999999999997,0.0,0.0,0.3707839494340792,0.0,-0.004014312498507806,0.050341625429129976,0.03951282944880118,0.0,0.0,0.05000000000000009,0.0,1,INJECTOR_DEGRADATION,0.2,2026-01-01T00:02:00+00:00,True
2026-01-01T00:02:25Z,ENG-DATASET-001,MSN-INJECTOR_DEGRADATION-001,CRUISE,8500.0,23.0,0.6001159104555293,0.46988408954447075,3554.7211595141475,412.1499891272361,126.45425174346299,58.982810852172356,378.54473908056525,7.837605268262318,5.9315471408111415,14.2,3570.894781611305,392.9069445577272,121.45425174346299,58.982810852172356,378.54473908056525,7.4496050074572535,5.9315471408111415,-16.173622097157477,19.243044569508925,5.0,0.0,0.0,0.38800026080506456,0.0,-0.004529291140261323,0.04897608666899415,0.04116776422583423,0.0,0.0,0.05208333333333324,0.0,1,INJECTOR_DEGRADATION,0.20833333333333334,2026-01-01T00:02:00+00:00,True
2026-01-01T00:02:26Z,ENG-DATASET-001,MSN-INJECTOR_DEGRADATION-001,CRUISE,8500.0,23.0,0.6030717228811443,0.46692827711885565,3568.6655462958834,412.495252798122,126.66252964714404,58.90881391628351,379.3575874976094,7.893124313369967,6.539305216275755,14.2,3587.1517499521883,394.1481231210936,121.46252964714404,58.90881391628351,379.3575874976094,7.487548755765976,6.539305216275755,-18.48620365630495,18.34712967702842,5.200000000000003,0.0,0.0,0.40557555760399033,0.0,-0.005153449016075594,0.046548819087974334,0.04281155690653172,0.0,0.0,0.05416666666666666,0.0,1,INJECTOR_DEGRADATION,0.21666666666666667,2026-01-01T00:02:00+00:00,True
2026-01-01T00:02:27Z,ENG-DATASET-001,MSN-INJECTOR_DEGRADATION-001,CRUISE,8500.0,23.0,0.6062916954093903,0.4637083045906097,3584.6609001683496,413.551447008694,126.90383032487676,58.842128172057585,380.24307994287705,7.952432358376208,6.826761939174523,14.2,3604.8615988575407,395.5021456978853,121.50383032487676,58.842128172057585,380.24307994287705,7.528930043433097,6.826761939174523,-20.200698689191086,18.049301310808744,5.400000000000006,0.0,0.0,0.42350231494311075,0.0,-0.005603737656833518,0.045636418176593606,0.04444304336383054,0.0,0.0,0.05624999999999987,0.0,1,INJECTOR_DEGRADATION,0.225,2026-01-01T00:02:00+00:00,True
2026-01-01T00:02:28Z,ENG-DATASET-001,MSN-INJECTOR_DEGRADATION-001,CRUISE,8500.0,23.0,0.6097255814459116,0.4602744185540884,3603.1428015156707,416.00982683287054,127.17715556011261,58.78275024413653,381.18739860292044,8.014878951234438,6.410603378029214,14.2,3623.747972058408,396.94833070894117,121.57715556011262,58.78275024413653,381.18739860292044,7.5731139696703345,6.410603378029214,-20.60517054273714,19.061496123929373,5.599999999999994,0.0,0.0,0.4417649815641038,0.0,-0.005686148899321144,0.04802009392478349,0.046061284903405476,0.0,0.0,0.05833333333333346,0.0,1,INJECTOR_DEGRADATION,0.23333333333333334,2026-01-01T00:02:00+00:00,True
2026-01-01T00:02:29Z,ENG-DATASET-001,MSN-INJECTOR_DEGRADATION-001,CRUISE,8500.0,23.0,0.6133197963476013,0.4566802036523988,3623.7489275884154,419.78059338846356,127.48105216621175,58.730604480496766,382.1758077008851,8.07976012486222,5.9174626374382315,14.2,3643.5161540177014,398.4644864844161,121.68105216621176,58.730604480496766,382.1758077008851,7.619420157040995,5.9174626374382315,-19.767226429285984,21.316106904047444,5.799999999999997,0.0,0.0,0.4603399678212252,0.0,-0.005425315984255671,0.053495625399683173,0.04766559704034622,0.0,0.0,0.06041666666666646,0.0,1,INJECTOR_DEGRADATION,0.24166666666666667,2026-01-01T00:02:00+00:00,True
2026-01-01T00:02:30Z,ENG-DATASET-001,MSN-INJECTOR_DEGRADATION-001,CRUISE,8500.0,23.0,0.6170182535930345,0.4529817464069655,3645.309196828115,423.97876203450454,127.81362780143992,58.68554246259912,383.19288344337923,8.14632859961926,6.0856832979863,14.2,3663.8576688675844,400.0272340739738,121.81362780143992,58.68554246259912,383.19288344337923,7.6671327996416565,6.0856832979863,-18.54847203946929,23.95152796053077,6.0,0.0,0.0,0.4791957999776031,0.0,-0.005062552565040607,0.05987474331835519,0.049255572699798335,0.0,0.0,0.062499999999999944,0.0,1,INJECTOR_DEGRADATION,0.25,2026-01-01T00:02:00+00:00,True
2026-01-01T00:02:31Z,ENG-DATASET-001,MSN-INJECTOR_DEGRADATION-001,CRUISE,8500.0,23.0,0.6207632399938777,0.44923676000612234,3666.3422419857047,427.4161689586368,128.1725738807581,58.64734371785096,384.2227547036111,8.21380484937534,6.707015821326856,14.2,3684.4550940722215,401.612354378487,121.9725738807581,58.64734371785096,384.2227547036111,7.715511404501298,6.707015821326856,-18.112852086516796,25.803814580149776,6.200000000000003,0.0,0.0,0.4982934448740419,0.0,-0.0049160192278249965,0.0642505498121001,0.050831099178584194,0.0,0.0,0.06458333333333331,0.0,1,INJECTOR_DEGRADATION,0.2583333333333333,2026-01-01T00:02:00+00:00,True
2026-01-01T00:02:32Z,ENG-DATASET-001,MSN-INJECTOR_DEGRADATION-001,CRUISE,8500.0,23.0,0.6244963162898886,0.44550368371011145,3685.778694332322,429.32016928849237,128.55519537576026,58.61571762059003,385.24935068501406,8.281388891860622,6.924460440515723,14.2,3704.9870137002818,403.1951553231183,122.15519537576026,58.61571762059003,385.24935068501406,7.763802086119333,6.924460440515723,-19.208319367959575,26.12501396537408,6.400000000000006,0.0,0.0,0.5175868057412893,0.0,-0.005184449850142835,0.06479496000996748,0.05239236841554742,0.0,0.0,0.06666666666666672,0.0,1,INJECTOR_DEGRADATION,0.26666666666666666,2026-01-01T00:02:00+00:00,True
2026-01-01T00:02:33Z,ENG-DATASET-001,MSN-INJECTOR_DEGRADATION-001,CRUISE,8500.0,23.0,0.6281592290740277,0.44184077092597235,3703.4680121441297,429.83583219326704,128.95844718973882,58.59030644936027,386.25665170065236,8.348272641641808,6.459552261616129,14.2,3725.133034013046,404.75085406218335,122.35844718973881,58.59030644936027,386.25665170065236,7.811249255337364,6.459552261616129,-21.665021868916483,25.084978131083687,6.6000000000000085,0.0,0.0,0.537023386304444,0.0,-0.005815905545144245,0.06197634391459441,0.05393988033997783,0.0,0.0,0.06875000000000003,0.0,1,INJECTOR_DEGRADATION,0.275,2026-01-01T00:02:00+00:00,True
2026-01-01T00:02:34Z,ENG-DATASET-001,MSN-INJECTOR_DEGRADATION-001,CRUISE,8500.0,23.0,0.6316948198173914,0.43830518018260867,3720.1351964535165,429.9780485217951,129.37897668334392,58.57068955030857,387.22893915507734,8.413652642679015,6.010795198221704,14.2,3744.578783101547,406.25496850315903,122.57897668334391,58.57068955030857,387.22893915507734,7.857107526237212,6.010795198221704,-24.443586648030305,23.72308001863604,6.800000000000011,0.0,0.0,0.5565451164418027,0.0,-0.0065277266319882996,0.05839455971712398,0.05547443928795662,0.0,0.0,0.07083333333333336,0.0,1,INJECTOR_DEGRADATION,0.2833333333333333,2026-01-01T00:02:00+00:00,True
2026-01-01T00:02:35Z,ENG-DATASET-001,MSN-INJECTOR_DEGRADATION-001,CRUISE,8500.0,23.0,0.6350479168089384,0.4349520831910616,3736.7833961766282,431.02962475447214,129.81317180999866,58.55638853936968,388.1510408277528,8.47674297803631,6.252426202065713,14.2,3763.0208165550553,407.6837117995656,122.81317180999866,58.55638853936968,388.1510408277528,7.9006536494318995,6.252426202065713,-26.237420378427032,23.345912954906566,7.0,0.0,0.0,0.57608932860441,0.0,-0.006972435619542144,0.05726476746361748,0.05699714368447004,0.0,0.0,0.07291666666666674,0.0,1,INJECTOR_DEGRADATION,0.2916666666666667,2026-01-01T00:02:00+00:00,True
2026-01-01T00:02:36Z,ENG-DATASET-001,MSN-INJECTOR_DEGRADATION-001,CRUISE,8500.0,23.0,0.638166196091588,0.431833803908412,3753.8905864707267,433.73361679193135,130.25721420226964,58.54687345979084,389.0085676304815,8.53678813804448,6.867963775116199,14.2,3780.1713526096287,409.0143829308334,123.05721420226963,58.54687345979084,389.0085676304815,7.941198267948354,6.867963775116199,-26.28076613890198,24.719233861097962,7.200000000000003,0.0,0.0,0.5955898700961262,0.0,-0.006952268478718337,0.0604360992979509,0.05850936937484489,0.0,0.0,0.07499999999999996,0.0,1,INJECTOR_DEGRADATION,0.3,2026-01-01T00:02:00+00:00,True
2026-01-01T00:02:37Z,ENG-DATASET-001,MSN-INJECTOR_DEGRADATION-001,CRUISE,8500.0,23.0,0.64100099796007,0.42899900203993,3770.8998017823706,437.77945166404305,130.7071364345748,58.54156979673094,389.788138144314,8.593075616135437,7.003159881607319,14.2,3795.76276288628,410.22574610128595,123.30713643457482,58.54156979673094,389.788138144314,7.978097283839477,7.003159881607319,-24.862961103909583,27.553705562757102,7.3999999999999915,0.0,0.0,0.6149783322959594,0.0,-0.006550188369782074,0.06716717764455966,0.06001274714482026,0.0,0.0,0.0770833333333333,0.0,1,INJECTOR_DEGRADATION,0.30833333333333335,2026-01-01T00:02:00+00:00,True
2026-01-01T00:02:38Z,ENG-DATASET-001,MSN-INJECTOR_DEGRADATION-001,CRUISE,8500.0,23.0,0.6435080862793506,0.4264919137206494,3786.3449789613705,441.9249551383729,131.15888257826714,58.53986623738165,390.47758743211614,8.644947994687769,6.489429325968566,14.2,3809.551748642323,411.29839148599217,123.55888257826714,58.53986623738165,390.47758743211614,8.010762620560095,6.489429325968566,-23.206769680952675,30.626563652380753,7.599999999999994,0.0,0.0,0.6341853741276733,0.0,-0.006091732364371551,0.0744631252792629,0.06150913508938421,0.0,0.0,0.07916666666666655,0.0,1,INJECTOR_DEGRADATION,0.31666666666666665,2026-01-01T00:02:00+00:00,True
2026-01-01T00:02:39Z,ENG-DATASET-001,MSN-INJECTOR_DEGRADATION-001,CRUISE,8500.0,23.0,0.645648338774725,0.42435166122527496,3798.571203125521,444.71313561671917,131.60837106689243,58.541123053508194,391.06615686834414,8.691814282390203,6.084985868050643,14.2,3821.323137366882,412.21506985807974,123.80837106689242,58.541123053508194,391.06615686834414,8.038672168684581,6.084985868050643,-22.751934241360686,32.49806575863943,7.800000000000011,0.0,0.0,0.6531421137056217,0.0,-0.005953941455220172,0.07883764601286432,0.06300058657411581,0.0,0.0,0.08124999999999993,0.0,1,INJECTOR_DEGRADATION,0.325,2026-01-01T00:02:00+00:00,True
2026-01-01T00:02:40Z,ENG-DATASET-001,MSN-INJECTOR_DEGRADATION-001,CRUISE,8500.0,23.0,0.6473883575218288,0.4226116424781712,3806.6300328442917,445.3644529058593,132.05155880697453,58.54468097367495,391.5446620237976,8.733160270464534,6.3882213537621775,14.2,3830.8932404759526,412.96099387085354,124.05155880697451,58.54468097367495,391.5446620237976,8.061378711198032,6.3882213537621775,-24.263207631660862,32.40345903500577,8.000000000000014,0.0,0.0,0.6717815592665026,0.0,-0.006333564030264228,0.0784661493844123,0.06448931457965873,0.0,0.0,0.08333333333333333,0.0,1,INJECTOR_DEGRADATION,0.3333333333333333,2026-01-01T00:02:00+00:00,True
2026-01-01T00:02:41Z,ENG-DATASET-001,MSN-INJECTOR_DEGRADATION-001,CRUISE,8500.0,23.0,0.6487009901100778,0.42129900988992225,3810.797490516972,444.29220338753015,132.4845054074907,58.549870404856996,391.90563598556605,8.768557687929034,6.980108505619739,14.2,3838.1127197113215,413.524099248546,124.28450540749071,58.549870404856996,391.90563598556605,8.078517639550741,6.980108505619739,-27.315229194349286,30.768104138984143,8.199999999999989,0.0,0.0,0.6900400483782931,0.0,-0.007116838714524195,0.07440462162881388,0.06597765323291675,0.0,0.0,0.08541666666666675,0.0,1,INJECTOR_DEGRADATION,0.3416666666666667,2026-01-01T00:02:00+00:00,True
2026-01-01T00:02:42Z,ENG-DATASET-001,MSN-INJECTOR_DEGRADATION-001,CRUISE,8500.0,23.0,0.6495657533469535,0.4204342466530464,3812.3711273592894,442.8974697042645,132.9034363632195,58.55602085776051,392.14344587570696,8.797671955933037,7.0242906105364575,14.2,3842.868917514139,413.895259859114,124.50343636321949,58.55602085776051,392.14344587570696,8.08981329281199,7.0242906105364575,-30.497790154849554,29.002209845150503,8.400000000000006,0.0,0.0,0.7078586631210477,0.0,-0.007936203604513747,0.07007137471210127,0.06746801731234395,0.0,0.0,0.08749999999999984,0.0,1,INJECTOR_DEGRADATION,0.35,2026-01-01T00:02:00+00:00,True
2026-01-01T00:02:43Z,ENG-DATASET-001,MSN-INJECTOR_DEGRADATION-001,CRUISE,8500.0,23.0,0.6499691528913724,0.42003084710862765,3812.8386387952382,442.7361420391022,133.30480401653855,58.56247042706737,392.2543807504221,8.820268367708854,6.465127986515147,14.2,3845.0876150084423,414.0684515856399,124.70480401653855,58.56247042706737,392.2543807504221,8.095083779159177,6.465127986515147,-32.24897621320406,28.667690453462342,8.600000000000009,0.0,0.0,0.725184588549677,0.0,-0.008387058876715155,0.06923418179695136,0.06896286047536279,0.0,0.0,0.08958333333333343,0.0,1,INJECTOR_DEGRADATION,0.35833333333333334,2026-01-01T00:02:00+00:00,True
2026-01-01T00:02:44Z,ENG-DATASET-001,MSN-INJECTOR_DEGRADATION-001,CRUISE,8500.0,23.0,0.649904893828364,0.42009510617163603,3812.9098665705587,444.54987079328265,133.68534514116686,58.56857517703032,392.2367095080948,8.836216553170486,6.107292083811815,14.2,3844.7341901618965,414.04086105128704,124.88534514116687,58.56857517703032,392.2367095080948,8.094244170843194,6.107292083811815,-31.824323591337816,30.509009741995612,8.799999999999997,0.0,0.0,0.7419723823272921,0.0,-0.008277379401876866,0.07368598757265282,0.07046463290030328,0.0,0.0,0.09166666666666659,0.0,1,INJECTOR_DEGRADATION,0.36666666666666664,2026-01-01T00:02:00+00:00,True
2026-01-01T00:02:45Z,ENG-DATASET-001,MSN-INJECTOR_DEGRADATION-001,CRUISE,8500.0,23.0,0.6493739788991146,0.4206260211008854,3812.0132215028225,447.76199999841305,134.04213404071555,58.57371828438766,392.09070790255123,8.845493124616285,6.462876556609981,14.2,3841.8141580510246,413.81293654661533,125.04213404071557,58.57371828438766,392.09070790255123,8.087307999649175,6.462876556609981,-29.800936548202117,33.94906345179771,8.999999999999986,0.0,0.0,0.7581851249671097,0.0,-0.007756995867629451,0.08203963784968189,0.07197573897026943,0.0,0.0,0.09374999999999994,0.0,1,INJECTOR_DEGRADATION,0.375,2026-01-01T00:02:00+00:00,True
2026-01-01T00:02:46Z,ENG-DATASET-001,MSN-INJECTOR_DEGRADATION-001,CRUISE,8500.0,23.0,0.6483846928535261,0.4216153071464739,3808.5941768549947,450.7761386296485,134.37263013435089,58.57731879441613,391.8186542400144,8.848182441065969,7.017742045840086,14.2,3836.3730848002874,413.3883799082747,125.17263013435088,58.57731879441613,391.8186542400144,8.074387018463243,7.017742045840086,-27.778907945292758,37.38775872137376,9.200000000000003,0.0,0.0,0.7737954226027259,0.0,-0.007240929735262925,0.09044221013099012,0.07349849555869693,0.0,0.0,0.09583333333333315,0.0,1,INJECTOR_DEGRADATION,0.3833333333333333,2026-01-01T00:02:00+00:00,True
2026-01-01T00:02:47Z,ENG-DATASET-001,MSN-INJECTOR_DEGRADATION-001,CRUISE,8500.0,23.0,0.6469524731694647,0.42304752683053537,3801.065949061311,451.92748540564804,134.67471910963965,58.57883985203797,391.42479382689754,8.844475471976569,6.968184484356749,14.2,3828.4958765379506,412.77407954895386,125.27471910963965,58.57883985203797,391.42479382689754,8.055689234437862,6.968184484356749,-27.429927476639477,39.15340585669418,9.400000000000006,0.0,0.0,0.7887862375387069,0.0,-0.0071646746819651625,0.09485432297366601,0.07503509141196466,0.0,0.0,0.09791666666666661,0.0,1,INJECTOR_DEGRADATION,0.39166666666666666,2026-01-01T00:02:00+00:00,True
2026-01-01T00:02:48Z,ENG-DATASET-001,MSN-INJECTOR_DEGRADATION-001,CRUISE,8500.0,23.0,0.6450996691560816,0.4249003308439183,3788.8469237556924,450.5214555725736,134.9467468557063,58.577796278147666,390.9152727232172,8.834666784816694,6.372519051935438,14.2,3818.3054544643433,411.9799862812247,125.3467468557063,58.577796278147666,390.9152727232172,8.031515258924266,6.372519051935438,-29.45853070865087,38.5414692913489,9.599999999999994,0.0,0.0,0.803151525892428,0.0,-0.0077150796498504605,0.09355180002612998,0.07658754806816881,0.0,0.0,0.10000000000000017,0.0,1,INJECTOR_DEGRADATION,0.4,2026-01-01T00:02:00+00:00,True
2026-01-01T00:02:49Z,ENG-DATASET-001,MSN-INJECTOR_DEGRADATION-001,CRUISE,8500.0,23.0,0.6428551932003197,0.4271448067996803,3772.839756667296,447.3145215805821,135.18754554399246,58.57376137159707,390.2980418353826,8.81914972359175,6.067731379384719,14.2,3805.960836707652,411.0189349542717,125.38754554399246,58.57376137159707,390.2980418353826,8.002253057323326,6.067731379384719,-33.12108004035599,36.29558662631041,9.799999999999997,0.0,0.0,0.8168966662684234,0.0,-0.008702422715680752,0.0883063614340505,0.0781576827067059,0.0,0.0,0.1020833333333334,0.0,1,INJECTOR_DEGRADATION,0.4083333333333333,2026-01-01T00:02:00+00:00,True
2026-01-01T00:02:50Z,ENG-DATASET-001,MSN-INJECTOR_DEGRADATION-001,CRUISE,8500.0,23.0,0.6402540695987841,0.429745930401216,3755.027851871195,444.11294448355596,135.39645139404908,58.56637282941454,389.58273284496033,8.798409885339627,6.470604701552204,14.2,3791.654656899207,409.9064161782347,125.39645139404908,58.56637282941454,389.58273284496033,7.968371216911359,6.470604701552204,-36.62680502801231,34.206528305321285,10.0,0.0,0.0,0.8300386684282675,0.0,-0.0096598473073931,0.08344960448349673,0.07974707329297333,0.0,0.0,0.10416666666666677,0.0,1,INJECTOR_DEGRADATION,0.4166666666666667,2026-01-01T00:02:00+00:00,True
2026-01-01T00:02:51Z,ENG-DATASET-001,MSN-INJECTOR_DEGRADATION-001,CRUISE,8500.0,23.0,0.6373368880153083,0.43266311198469176,3737.4021680418964,442.70231335103983,135.57331384212503,58.55533769164434,388.78050790950454,8.773017037461019,6.9809148736127975,14.2,3775.6101581900907,408.6603034992343,125.37331384212503,58.55533769164434,388.78050790950454,7.930410881320695,6.9809148736127975,-38.20799014819431,34.04200985180552,10.200000000000003,0.0,0.0,0.8426061561403237,0.0,-0.010119686235432216,0.08330148428979792,0.0813570263672239,0.0,0.0,0.10624999999999998,0.0,1,INJECTOR_DEGRADATION,0.425,2026-01-01T00:02:00+00:00,True
2026-01-01T00:02:52Z,ENG-DATASET-001,MSN-INJECTOR_DEGRADATION-001,CRUISE,8500.0,23.0,0.6341491700928259,0.4358508299071741,3720.857813575219,443.7473128976887,135.7184960147185,58.540436232462675,387.9038854808218,8.743615649359231,6.841716365553869,14.2,3758.077709616436,407.3005422722394,125.3184960147185,58.540436232462675,387.9038854808218,7.888976525737652,6.841716365553869,-37.219896041217,36.44677062544929,10.400000000000006,0.0,0.0,0.8546391236215793,0.0,-0.009903971901905085,0.08948372723031706,0.08298854782600118,0.0,0.0,0.10833333333333338,0.0,1,INJECTOR_DEGRADATION,0.43333333333333335,2026-01-01T00:02:00+00:00,True
2026-01-01T00:02:53Z,ENG-DATASET-001,MSN-INJECTOR_DEGRADATION-001,CRUISE,8500.0,23.0,0.6307406591033574,0.4392593408966426,3704.744453753225,446.3456950461248,135.8328665915948,58.52152473571656,386.96654495871803,8.710914236394368,6.224202846800589,14.2,3739.33089917436,405.84880713392636,125.23286659159481,58.52152473571656,386.96654495871803,7.844725766358906,6.224202846800589,-34.58644542113507,40.49688791219842,10.599999999999994,0.0,0.0,0.8661884700354623,0.0,-0.009249367427945923,0.0997831882226891,0.08464231705697799,0.0,0.0,0.11041666666666664,0.0,1,INJECTOR_DEGRADATION,0.44166666666666665,2026-01-01T00:02:00+00:00,True
2026-01-01T00:02:54Z,ENG-DATASET-001,MSN-INJECTOR_DEGRADATION-001,CRUISE,8500.0,23.0,0.6271645437208875,0.4428354562791125,3687.3740550093116,448.5399258300901,135.91778331722418,58.49853711048561,385.98311322853874,8.675673732096579,5.982882749093877,14.2,3719.662264570775,404.3281353915534,125.11778331722417,58.49853711048561,385.98311322853874,7.7983584108733295,5.982882749093877,-32.28820956146319,44.211790438536696,10.800000000000011,0.0,0.0,0.8773153212232492,0.0,-0.008680414313149757,0.10934631198920099,0.08631866481056209,0.0,0.0,0.11249999999999995,0.0,1,INJECTOR_DEGRADATION,0.45,2026-01-01T00:02:00+00:00,True
2026-01-01T00:02:55Z,ENG-DATASET-001,MSN-INJECTOR_DEGRADATION-001,CRUISE,8500.0,23.0,0.6234766280298968,0.4465233719701032,3667.204826709429,448.50530892330187,135.9750685809401,58.4714853204112,384.9689364135164,8.638695115771357,6.431816937281673,14.2,3699.3787282703274,402.76254381753375,124.97506858094009,58.4714853204112,384.9689364135164,7.750604963682713,6.431816937281673,-32.17390156089823,45.742765105768115,11.000000000000014,0.0,0.0,0.888090152088644,0.0,-0.008697109413272045,0.11357253996908727,0.08801755522043075,0.0,0.0,0.1145833333333333,0.0,1,INJECTOR_DEGRADATION,0.4583333333333333,2026-01-01T00:02:00+00:00,True
2026-01-01T00:02:56Z,ENG-DATASET-001,MSN-INJECTOR_DEGRADATION-001,CRUISE,8500.0,23.0,0.6197344607212879,0.4502655392787121,3643.9883130244975,445.7014745706425,136.0069776299908,58.44045861909029,383.9398404036489,8.600806527238285,6.8951656018790395,14.2,3678.796808072978,401.1766362857894,124.80697762999081,58.44045861909029,383.9398404036489,7.702214800511897,6.8951656018790395,-34.80849504848038,44.524838284853104,11.200000000000003,0.0,0.0,0.8985917267263881,0.0,-0.009461923793152827,0.11098562143866869,0.08973857241543097,0.0,0.0,0.11666666666666668,0.0,1,INJECTOR_DEGRADATION,0.4666666666666667,2026-01-01T00:02:00+00:00,True
2026-01-01T00:02:57Z,ENG-DATASET-001,MSN-INJECTOR_DEGRADATION-001,CRUISE,8500.0,23.0,0.6159964370643114,0.4540035629356886,3619.1625071153085,441.27003858421523,136.01616010270456,58.40562160250199,382.9118838979804,8.562850098943226,6.6759571743928765,14.2,3658.237677959607,399.5952094285136,124.61616010270457,58.40562160250199,382.9118838979804,7.653944222519086,6.6759571743928765,-39.075170844298555,41.674829155701616,11.399999999999991,0.0,0.0,0.9089058764241402,0.0,-0.010681419383907513,0.10429261455687476,0.09148091219152062,0.0,0.0,0.11874999999999984,0.0,1,INJECTOR_DEGRADATION,0.475,2026-01-01T00:02:00+00:00,True
2026-01-01T00:02:58Z,ENG-DATASET-001,MSN-INJECTOR_DEGRADATION-001,CRUISE,8500.0,23.0,0.61232088766792,0.45767911233208003,3595.2160375856192,437.4034110350648,136.00561566898995,58.36721110793344,381.90110781397277,8.525668728786595,6.055139696662035,14.2,3638.0221562794545,398.04286306223344,124.40561566898995,58.36721110793344,381.90110781397277,7.606544590738969,6.055139696662035,-42.80611869383529,39.36054797283134,11.599999999999994,0.0,0.0,0.9191241380476258,0.0,-0.011766316106665058,0.0988851996240349,0.09324337922867156,0.0,0.0,0.12083333333333338,0.0,1,INJECTOR_DEGRADATION,0.48333333333333334,2026-01-01T00:02:00+00:00,True
2026-01-01T00:02:59Z,ENG-DATASET-001,MSN-INJECTOR_DEGRADATION-001,CRUISE,8500.0,23.0,0.6087651682511251,0.46123483174887486,3574.3778465659816,436.0391019795684,135.97864464127437,58.32553200690872,380.92328497435415,8.490093005612243,5.889590024605308,14.2,3618.4656994870825,396.54362156733583,124.17864464127436,58.32553200690872,380.92328497435415,7.560750728560068,5.889590024605308,-44.087852921100875,39.49548041223255,11.800000000000011,0.0,0.0,0.9293422770521751,0.0,-0.012184129015607451,0.099599333501134,0.0950243903377082,0.0,0.0,0.12291666666666667,0.0,1,INJECTOR_DEGRADATION,0.49166666666666664,2026-01-01T00:02:00+00:00,True
2026-01-01T00:03:00Z,ENG-DATASET-001,MSN-INJECTOR_DEGRADATION-001,CRUISE,8500.0,23.0,0.6053847646261847,0.46461523537381527,3557.418371580418,437.66546377612667,135.9387944707874,58.28095195691832,379.9936739774955,8.456928484406777,6.3849952216544406,14.2,3599.8734795499104,395.12057174561903,123.9387944707874,58.28095195691832,379.9936739774955,7.5172697639171355,6.3849952216544406,-42.455107969492474,42.54489203050764,12.0,0.0,0.0,0.9396587204896418,0.0,-0.011793500024562142,0.10767571995187913,0.0968219841998578,0.0,0.0,0.12499999999999999,0.0,1,INJECTOR_DEGRADATION,0.5,2026-01-01T00:02:00+00:00,True
2026-01-01T00:03:01Z,ENG-DATASET-001,MSN-INJECTOR_DEGRADATION-001,CRUISE,8500.0,23.0,0.6022324268610607,0.46776757313893935,3543.3066481894957,440.9832149808117,135.8898030728681,58.233895193028715,379.1267810920864,8.426943490911265,6.801661136593747,14.2,3582.5356218417282,393.7955219663779,123.6898030728681,58.233895193028715,379.1267810920864,7.476770564948997,6.801661136593747,-39.228973652232526,47.18769301443376,12.199999999999989,0.0,0.0,0.950172925962268,0.0,-0.010950058224980188,0.11982790657142776,0.09863383801179414,0.0,0.0,0.12708333333333327,0.0,1,INJECTOR_DEGRADATION,0.5083333333333333,2026-01-01T00:02:00+00:00,True
2026-01-01T00:03:02Z,ENG-DATASET-001,MSN-INJECTOR_DEGRADATION-001,CRUISE,8500.0,23.0,0.5993573461322511,0.4706426538677489,3529.962431135735,443.66177331699276,135.83553993261128,58.184835455466576,378.3361338916638,8.400857616562446,6.514721378160282,14.2,3566.7226778332756,392.58868668119953,123.43553993261128,58.184835455466576,378.3361338916638,7.439873903966742,6.514721378160282,-36.760246697540424,51.07308663579323,12.400000000000006,0.0,0.0,0.9609837125957039,0.0,-0.010306449370454464,0.13009311874864846,0.10045729136656828,0.0,0.0,0.12916666666666662,0.0,1,INJECTOR_DEGRADATION,0.5166666666666666,2026-01-01T00:02:00+00:00,True
2026-01-01T00:03:03Z,ENG-DATASET-001,MSN-INJECTOR_DEGRADATION-001,CRUISE,8500.0,23.0,0.5968043871129334,0.4731956128870666,3515.671550443799,443.7585468917139,135.77994593122372,58.13428816278622,377.63407016135136,8.379331045388678,5.909803836407626,14.2,3552.6814032270277,391.51839967494266,123.17994593122371,58.13428816278622,377.63407016135136,7.407143465536953,5.909803836407626,-37.00985278322878,52.24014721677122,12.600000000000009,0.0,0.0,0.9721875798517257,0.0,-0.010417442090250875,0.1334296095921507,0.10228937758289885,0.0,0.0,0.1312500000000001,0.0,1,INJECTOR_DEGRADATION,0.525,2026-01-01T00:02:00+00:00,True
2026-01-01T00:03:04Z,ENG-DATASET-001,MSN-INJECTOR_DEGRADATION-001,CRUISE,8500.0,23.0,0.5946133878747448,0.4753866121252551,3500.307343729827,440.9439617328434,135.72697280693487,58.082801952031744,377.0315453708496,8.362954835485398,5.830948355395374,14.2,3540.630907416991,390.6008587533404,122.92697280693486,58.082801952031744,377.0315453708496,7.379077796016529,5.830948355395374,-40.32356368716364,50.34310297950299,12.800000000000011,0.0,0.0,0.9838770394688696,0.0,-0.011388807458776051,0.1288863090065402,0.10412686254060188,0.0,0.0,0.13333333333333322,0.0,1,INJECTOR_DEGRADATION,0.5333333333333333,2026-01-01T00:02:00+00:00,True
2026-01-01T00:03:05Z,ENG-DATASET-001,MSN-INJECTOR_DEGRADATION-001,CRUISE,8500.0,23.0,0.5928185382279987,0.47718146177200127,3485.593261807297,436.76726474805804,135.68052312542423,58.03094971721185,376.53796171799434,8.352242259616995,6.371724252228911,14.2,3530.759234359887,389.84990396731456,122.68052312542423,58.03094971721185,376.53796171799434,7.356103274525059,6.371724252228911,-45.16597255259012,46.91736078074348,13.0,0.0,0.0,0.9961389850919362,0.0,-0.012792141733441797,0.12034724211366506,0.10596629088962442,0.0,0.0,0.13541666666666682,0.0,1,INJECTOR_DEGRADATION,0.5416666666666666,2026-01-01T00:02:00+00:00,True
2026-01-01T00:03:06Z,ENG-DATASET-001,MSN-INJECTOR_DEGRADATION-001,CRUISE,8500.0,23.0,0.5914478462011294,0.4785521537988706,3474.2111926604525,433.7675954022767,135.64439158673005,57.979319285261944,376.1610214106053,8.347621292781303,6.741478645485001,14.2,3523.220428212106,389.27683095393047,122.44439158673006,57.979319285261944,376.1610214106053,7.338568169478069,6.741478645485001,-49.009235551653546,44.490764448346226,13.199999999999989,0.0,0.0,1.009053123303234,0.0,-0.013910351779074969,0.11429081031953724,0.10780403927810885,0.0,0.0,0.13749999999999993,0.0,1,INJECTOR_DEGRADATION,0.55,2026-01-01T00:02:00+00:00,True
2026-01-01T00:03:07Z,ENG-DATASET-001,MSN-INJECTOR_DEGRADATION-001,CRUISE,8500.0,23.0,0.5905227009847764,0.4794772990152236,3468.268798332142,433.9435760163388,135.62220844154945,57.928503874351726,375.90660647610827,8.349428319478122,6.398333628007632,14.2,3518.132129522165,388.8902405396953,122.22220844154944,57.928503874351726,375.90660647610827,7.326737830620655,6.398333628007632,-49.86333119002302,45.0533354766435,13.400000000000006,0.0,0.0,1.0226904888574664,0.0,-0.01417324004735305,0.11585103142243744,0.10963637599797023,0.0,0.0,0.1395833333333333,0.0,1,INJECTOR_DEGRADATION,0.5583333333333333,2026-01-01T00:02:00+00:00,True
2026-01-01T00:03:08Z,ENG-DATASET-001,MSN-INJECTOR_DEGRADATION-001,CRUISE,8500.0,23.0,0.5900575391606181,0.4799424608393819,3468.052258494596,437.5077777407357,135.617385732447,57.879092482818244,375.7786869744647,8.357903120001259,5.825710975929994,14.2,3515.573739489294,388.69592540210016,122.017385732447,57.879092482818244,375.7786869744647,7.320791054015701,5.825710975929994,-47.52148099469787,48.81185233863556,13.599999999999994,0.0,0.0,1.037112065985558,0.0,-0.013517418355048156,0.1255785027541527,0.11145952618441872,0.0,0.0,0.14166666666666672,0.0,1,INJECTOR_DEGRADATION,0.5666666666666667,2026-01-01T00:02:00+00:00,True
2026-01-01T00:03:09Z,ENG-DATASET-001,MSN-INJECTOR_DEGRADATION-001,CRUISE,8500.0,23.0,0.5900596194233431,0.4799403805766569,3471.8431373066696,442.70475068408274,135.63306701699466,57.83166035811195,375.77925904671406,8.373185183204932,5.839873411824439,14.2,3515.585180934281,388.69679431169413,121.83306701699465,57.83166035811195,375.77925904671406,7.320817646517972,5.839873411824439,-43.742043627611565,54.007956372388605,13.800000000000011,0.0,0.0,1.0523675366869591,0.0,-0.01244232222414447,0.13894623563342248,0.11326974144117238,0.0,0.0,0.14375000000000007,0.0,1,INJECTOR_DEGRADATION,0.575,2026-01-01T00:02:00+00:00,True
2026-01-01T00:03:10Z,ENG-DATASET-001,MSN-INJECTOR_DEGRADATION-001,CRUISE,8500.0,23.0,0.5905289093111473,0.4794710906888527,3476.9439783724065,446.8372039875824,135.67208117193803,57.78675969391796,375.90831376586027,8.39531138260392,6.420549183186082,14.2,3518.1662753172045,388.89283426571404,121.67208117193803,57.78675969391796,375.90831376586027,7.326817206636149,6.420549183186082,-41.22229694479802,57.944369721868384,14.0,0.0,0.0,1.0684941759677704,0.0,-0.011716983712227,0.14899829623056887,0.11506337251038083,0.0,0.0,0.14583333333333315,0.0,1,INJECTOR_DEGRADATION,0.5833333333333334,2026-01-01T00:02:00+00:00,True
2026-01-01T00:03:11Z,ENG-DATASET-001,MSN-INJECTOR_DEGRADATION-001,CRUISE,8500.0,23.0,0.5914580857122896,0.4785419142877104,3481.314640745567,447.90233921250615,135.73690082117156,57.74491070007706,376.1638372761744,8.424215042952602,6.739974620700902,14.2,3523.276745523487,389.2811106570929,121.53690082117156,57.74491070007706,376.1638372761744,7.338699129976859,6.739974620700902,-41.9621047779201,58.62122855541327,14.200000000000003,0.0,0.0,1.085515912975743,0.0,-0.011909965582815832,0.15058842299453648,0.116836943381449,0.0,0.0,0.14791666666666659,0.0,1,INJECTOR_DEGRADATION,0.5916666666666667,2026-01-01T00:02:00+00:00,True
2026-01-01T00:03:12Z,ENG-DATASET-001,MSN-INJECTOR_DEGRADATION-001,CRUISE,8500.0,23.0,0.5928326491398013,0.47716735086019874,3484.826676443112,445.845637546535,135.82960587601002,57.70659318413508,376.54184221874004,8.459726415119743,6.348746115348127,14.2,3530.8368443748013,389.8558054782245,121.42960587601002,57.70659318413508,376.54184221874004,7.3562838392345595,6.348746115348127,-46.010167931689466,55.98983206831048,14.400000000000006,0.0,0.0,1.1034425758851834,0.0,-0.013030952706011087,0.14361677133326106,0.11858722505204895,0.0,0.0,0.1499999999999999,0.0,1,INJECTOR_DEGRADATION,0.6,2026-01-01T00:02:00+00:00,True
2026-01-01T00:03:13Z,ENG-DATASET-001,MSN-INJECTOR_DEGRADATION-001,CRUISE,8500.0,23.0,0.5946311499911306,0.47536885000886936,3489.3505694758164,442.6469304996765,135.95185262376668,57.67223877538663,377.03642995285566,8.50157456759084,5.819541299149672,14.2,3540.728599057113,390.6082934143065,121.35185262376667,57.67223877538663,377.03642995285566,7.379305230458596,5.819541299149672,-51.37802958129669,52.03863708537,14.600000000000009,0.0,0.0,1.122269337132244,0.0,-0.014510581125867292,0.13322460880310644,0.12031130703265926,0.0,0.0,0.15208333333333324,0.0,1,INJECTOR_DEGRADATION,0.6083333333333333,2026-01-01T00:02:00+00:00,True
2026-01-01T00:03:14Z,ENG-DATASET-001,MSN-INJECTOR_DEGRADATION-001,CRUISE,8500.0,23.0,0.5968255232620169,0.47317447673798313,3497.5894099618345,441.15234676176783,136.1048487492297,57.6422239122731,377.63988260234936,8.54939069273429,5.926467785900827,14.2,3552.797652046987,391.5272555135867,121.30484874922968,57.6422239122731,377.63988260234936,7.407414318614547,5.926467785900827,-55.208242085152506,49.62509124818115,14.800000000000011,0.0,0.0,1.1419763741197428,0.0,-0.015539371360860818,0.1267474755571878,0.12200666463543977,0.0,0.0,0.15416666666666667,0.0,1,INJECTOR_DEGRADATION,0.6166666666666667,2026-01-01T00:02:00+00:00,True
2026-01-01T00:03:15Z,ENG-DATASET-001,MSN-INJECTOR_DEGRADATION-001,LOITER,8000.0,23.0,0.39938152649149494,0.32061847350850503,2542.8532622710104,348.28811683980746,133.9130956419917,57.265153527165495,329.91822080693015,6.500579751842735,4.7830326149582625,14.2,2598.364416138603,297.54927070739984,118.9130956419917,57.265153527165495,329.91822080693015,5.622123028620743,4.7830326149582625,-55.511153867592384,50.738846132407616,15.0,0.0,0.0,0.8784567232219915,0.0,-0.021363883188520116,0.17052250207765599,0.12614254064295893,0.0,0.0,0.15625000000000006,0.0,1,INJECTOR_DEGRADATION,0.625,2026-01-01T00:02:00+00:00,True
2026-01-01T00:03:16Z,ENG-DATASET-001,MSN-INJECTOR_DEGRADATION-001,LOITER,8000.0,23.0,0.40225927410404627,0.3177407258959537,2561.7773447821246,354.0179209147253,131.9909345146318,56.90716282914629,330.70960140038176,6.555315247471959,5.044415574534389,14.2,2614.1920280076356,298.76593747357003,116.79093451463179,56.90716282914629,330.70960140038176,5.659264961846296,5.044415574534389,-52.414683225511,55.25198344115529,15.200000000000003,0.0,0.0,0.8960502856256625,0.0,-0.0200500509006058,0.1849340119170817,0.13014708772705058,0.0,0.0,0.15833333333333313,0.0,1,INJECTOR_DEGRADATION,0.6333333333333333,2026-01-01T00:02:00+00:00,True
2026-01-01T00:03:17Z,ENG-DATASET-001,MSN-INJECTOR_DEGRADATION-001,LOITER,8000.0,23.0,0.4054138598106645,0.31458614018933545,2583.3992754900105,361.041810973662,130.31437735177747,56.56787312808482,331.5771124697018,6.614402439680467,4.6088901167218586,14.2,2631.542249394036,300.1014515443541,114.91437735177746,56.56787312808482,331.5771124697018,5.700023646403276,4.6088901167218586,-48.14297390402544,60.940359429307875,15.400000000000006,0.0,0.0,0.9143787932771916,0.0,-0.01829458520573299,0.20306586028058937,0.13401282202362996,0.0,0.0,0.16041666666666657,0.0,1,INJECTOR_DEGRADATION,0.6416666666666666,2026-01-01T00:02:00+00:00,True
2026-01-01T00:03:18Z,ENG-DATASET-001,MSN-INJECTOR_DEGRADATION-001,LOITER,8000.0,23.0,0.40879605735647656,0.3112039426435234,2604.44157616154,366.33266679055345,128.8613252797251,56.24685251165722,332.5072167948001,6.677137334539488,4.128362149562423,14.2,2650.1443358960023,301.5354265250155,113.2613252797251,56.24685251165722,332.5072167948001,5.743774051216763,4.128362149562423,-45.702759734462234,64.79724026553794,15.599999999999994,0.0,0.0,0.9333632833227243,0.0,-0.017245385134470544,0.21489096990121767,0.13773457057360206,0.0,0.0,0.16250000000000006,0.0,1,INJECTOR_DEGRADATION,0.65,2026-01-01T00:02:00+00:00,True
2026-01-01T00:03:19Z,ENG-DATASET-001,MSN-INJECTOR_DEGRADATION-001,LOITER,8000.0,23.0,0.4123530886799851,0.30764691132001487,2622.6552703167017,367.9098045872223,127.61133964623143,55.94361304116937,333.485400408765,6.742754561504717,4.321227467788035,14.2,2669.7080081752993,303.0458757791535,111.81133964623143,55.94361304116937,333.485400408765,5.789842915066663,4.321227467788035,-47.05273785859754,64.8639288080688,15.799999999999997,0.0,0.0,0.9529116464380545,0.0,-0.017624675700305254,0.21403996553755703,0.1413094597559679,0.0,0.0,0.16458333333333328,0.0,1,INJECTOR_DEGRADATION,0.6583333333333333,2026-01-01T00:02:00+00:00,True
2026-01-01T00:03:20Z,ENG-DATASET-001,MSN-INJECTOR_DEGRADATION-001,LOITER,8000.0,23.0,0.4160294474970668,0.3039705525029332,2638.0574833917753,366.07236623774327,126.54544396115537,55.65760920341365,334.49639908346245,6.810438440107898,4.942676166564088,14.2,2689.9279816692488,304.60953118188326,110.54544396115537,55.65760920341365,334.49639908346245,5.837518662949627,4.942676166564088,-51.870498277473416,61.46283505586001,16.0,0.0,0.0,0.9729197771582712,0.0,-0.01928322937675265,0.20177581055124755,0.1447368559632566,0.0,0.0,0.16666666666666666,0.0,1,INJECTOR_DEGRADATION,0.6666666666666666,2026-01-01T00:02:00+00:00,True
2026-01-01T00:03:21Z,ENG-DATASET-001,MSN-INJECTOR_DEGRADATION-001,LOITER,8000.0,23.0,0.4197677654579711,0.30023223454202885,2652.7964900373267,363.2599467944018,125.64595424532229,55.38823762744719,335.52443652271114,6.8793350205885355,5.134934223754737,14.2,2710.4887304542226,306.2021872112979,109.44595424532228,55.38823762744719,335.52443652271114,5.886062049701421,5.134934223754737,-57.69224041689586,57.057759583103916,16.200000000000003,0.0,0.0,0.9932729708871149,0.0,-0.021284811026396636,0.18634014375518043,0.1480182626366236,0.0,0.0,0.16875,0.0,1,INJECTOR_DEGRADATION,0.675,2026-01-01T00:02:00+00:00,True
2026-01-01T00:03:22Z,ENG-DATASET-001,MSN-INJECTOR_DEGRADATION-001,LOITER,8000.0,23.0,0.4235097073612309,0.2964902926387691,2669.695004717799,362.59132668334854,124.89633547631593,55.13483805605169,336.5534705461076,6.948564948991271,4.655667342797714,14.2,2731.0694109221513,307.7990662210344,108.49633547631592,55.13483805605169,336.5534705461076,5.934717394156245,4.655667342797714,-61.374406204352454,54.79226046231412,16.400000000000006,0.0,0.0,1.0138475548350252,0.0,-0.022472664355912234,0.17801308215459985,0.15115717897753353,0.0,0.0,0.1708333333333333,0.0,1,INJECTOR_DEGRADATION,0.6833333333333333,2026-01-01T00:02:00+00:00,True
2026-01-01T00:03:23Z,ENG-DATASET-001,MSN-INJECTOR_DEGRADATION-001,LOITER,8000.0,23.0,0.4271968814549707,0.2928031185450293,2690.3383040816198,365.94796899115426,124.28108192903235,54.89669554264221,337.56744342188597,7.017236983019613,4.224650736476825,14.2,2751.34886843772,309.375200013921,107.68108192903236,54.89669554264221,337.56744342188597,5.98272424840038,4.224650736476825,-61.010564356100076,56.57276897723324,16.599999999999994,0.0,0.0,1.0345127346192324,0.0,-0.022174783087665396,0.1828613572603351,0.15415892655072216,0.0,0.0,0.17291666666666666,0.0,1,INJECTOR_DEGRADATION,0.6916666666666667,2026-01-01T00:02:00+00:00,True
2026-01-01T00:03:24Z,ENG-DATASET-001,MSN-INJECTOR_DEGRADATION-001,LOITER,8000.0,23.0,0.43077175062066503,0.28922824937933495,2713.87595190328,372.7711251869524,123.78561928944691,54.67304382583257,338.550532442452,7.084461961571153,4.492047563304791,14.2,2771.010648849039,310.9058221327117,106.98561928944692,54.67304382583257,338.550532442452,6.029329328996726,4.492047563304791,-57.13469694575906,61.86530305424071,16.799999999999997,0.0,0.0,1.055132632574427,0.0,-0.0206187215373894,0.19898406092837076,0.1570304505556772,0.0,0.0,0.17500000000000002,0.0,1,INJECTOR_DEGRADATION,0.7,2026-01-01T00:02:00+00:00,True
2026-01-01T00:03:25Z,ENG-DATASET-001,MSN-INJECTOR_DEGRADATION-001,LOITER,8000.0,23.0,0.43417853022062913,0.28582146977937084,2737.2953771598395,380.3308718141556,123.39622647641451,54.4630698160286,339.4873968324421,7.149367009489545,5.106426426775657,14.2,2789.7479366488415,312.3667646364912,106.39622647641451,54.4630698160286,339.4873968324421,6.073798521336251,5.106426426775657,-52.45255948900194,67.9641071776644,17.0,0.0,0.0,1.0755684881532943,0.0,-0.01880189919667441,0.21757790799784954,0.15978010276302884,0.0,0.0,0.17708333333333331,0.0,1,INJECTOR_DEGRADATION,0.7083333333333334,2026-01-01T00:02:00+00:00,True
2026-01-01T00:03:26Z,ENG-DATASET-001,MSN-INJECTOR_DEGRADATION-001,LOITER,8000.0,23.0,0.4373640585986325,0.2826359414013675,2757.037798699749,385.3376418853468,123.09997514327615,54.26591911158624,340.36341713639297,7.2111097408299525,5.217754504990956,14.2,2807.26834272786,313.73485258012386,105.89997514327615,54.26591911158624,340.36341713639297,6.115428755474165,5.217754504990956,-50.23054402811067,71.60278930522293,17.200000000000003,0.0,0.0,1.0956809853557878,0.0,-0.017893032619496926,0.22822708002113504,0.16241741300438892,0.0,0.0,0.17916666666666667,0.0,1,INJECTOR_DEGRADATION,0.7166666666666667,2026-01-01T00:02:00+00:00,True
2026-01-01T00:03:27Z,ENG-DATASET-001,MSN-INJECTOR_DEGRADATION-001,LOITER,8000.0,23.0,0.4402786266497639,0.27972137335023606,2770.9974091095874,385.9372310990171,122.88468485391135,54.0807024465037,341.16492335045416,7.268892210024136,4.694748022009885,14.2,2823.2984670090827,314.9882889985123,105.48468485391135,54.0807024465037,341.16492335045416,6.153559542877576,4.694748022009885,-52.30105789949539,70.94894210050478,17.400000000000006,0.0,0.0,1.1153326671465598,0.0,-0.018524806537688364,0.22524311086638485,0.1649528557069469,0.0,0.0,0.18124999999999986,0.0,1,INJECTOR_DEGRADATION,0.725,2026-01-01T00:02:00+00:00,True
2026-01-01T00:03:28Z,ENG-DATASET-001,MSN-INJECTOR_DEGRADATION-001,LOITER,8000.0,23.0,0.44287675351438804,0.27712324648561193,2779.6857857009136,382.8713105568667,122.73889194236526,53.906502957558665,341.8794082382258,7.32197435185212,4.312519055825002,14.2,2837.5881647645156,316.1070229538022,105.13889194236526,53.906502957558665,341.8794082382258,6.187583959311651,4.312519055825002,-57.902379063601984,66.76428760306453,17.599999999999994,0.0,0.0,1.1343903925404693,0.0,-0.020405490755353202,0.2112078592218493,0.16739761733125275,0.0,0.0,0.18333333333333332,0.0,1,INJECTOR_DEGRADATION,0.7333333333333333,2026-01-01T00:02:00+00:00,True
2026-01-01T00:03:29Z,ENG-DATASET-001,MSN-INJECTOR_DEGRADATION-001,LOITER,8000.0,23.0,0.44511789629174847,0.2748821037082515,2785.8282349607116,379.0702114168246,122.65183007719817,53.74238414647332,342.4957225019999,7.36968664902904,4.641688544386813,14.2,2849.914450039998,317.0730931627776,104.85183007719817,53.74238414647332,342.4957225019999,6.216958860340841,4.641688544386813,-64.08621507928638,61.997118254046995,17.799999999999997,0.0,0.0,1.1527277886881988,0.0,-0.022487066262072163,0.19552942078948082,0.16976336976564524,0.0,0.0,0.18541666666666684,0.0,1,INJECTOR_DEGRADATION,0.7416666666666667,2026-01-01T00:02:00+00:00,True
2026-01-01T00:03:30Z,ENG-DATASET-001,MSN-INJECTOR_DEGRADATION-001,LOITER,8000.0,23.0,0.446967082698374,0.273032917301626,2792.6061756106324,377.8921402403323,122.6134205671318,53.58739840228503,343.0042487638219,7.4114417712212655,5.230512498316504,14.2,2860.084975276438,317.8709399061379,104.6134205671318,53.58739840228503,343.0042487638219,6.241214123133697,5.230512498316504,-67.47879966580558,60.02120033419442,18.0,0.0,0.0,1.1702276480875682,0.0,-0.02359328490206257,0.18882254650871105,0.17206205382080175,0.0,0.0,0.1875,0.0,1,INJECTOR_DEGRADATION,0.75,2026-01-01T00:02:00+00:00,True
2026-01-01T00:03:31Z,ENG-DATASET-001,MSN-INJECTOR_DEGRADATION-001,LOITER,8000.0,23.0,0.4483954567988657,0.27160454320113425,2801.5972048762933,381.0605170572714,122.61427046900498,53.44059594078163,343.3970516414571,7.446744941842751,5.251774866272954,14.2,2867.9410328291424,318.48767834345404,104.41427046900498,53.44059594078163,343.3970516414571,6.259960721689178,5.251774866272954,-66.3438279528491,62.57283871381736,18.200000000000003,0.0,0.0,1.186784220153573,0.0,-0.02313291214617575,0.19646863275614518,0.17430567601774904,0.0,0.0,0.18958333333333327,0.0,1,INJECTOR_DEGRADATION,0.7583333333333333,2026-01-01T00:02:00+00:00,True
2026-01-01T00:03:32Z,ENG-DATASET-001,MSN-INJECTOR_DEGRADATION-001,LOITER,8000.0,23.0,0.4493807292931175,0.27061927070688246,2811.6741306820213,387.5607594856361,122.64567659754971,53.301034011758155,343.6680015773764,7.475202809134259,4.687664243511489,14.2,2873.360031547528,318.91332701780925,104.2456765975497,53.301034011758155,343.6680015773764,6.272897462210567,4.687664243511489,-61.68590086550648,68.64743246782683,18.400000000000006,0.0,0.0,1.2023053469236915,0.0,-0.021468211497423742,0.2152541980912366,0.17650612093041465,0.0,0.0,0.1916666666666666,0.0,1,INJECTOR_DEGRADATION,0.7666666666666666,2026-01-01T00:02:00+00:00,True
2026-01-01T00:03:33Z,ENG-DATASET-001,MSN-INJECTOR_DEGRADATION-001,LOITER,8000.0,23.0,0.44990752533338946,0.2700924746666105,2819.562731583766,394.19630803498774,122.69963359330086,53.16778622106266,343.81287048845115,7.496530625502857,4.35509442788128,14.2,2876.257409769023,319.14098622024477,104.09963359330085,53.16778622106266,343.81287048845115,6.279816230787733,4.35509442788128,-56.69467818525709,75.05532181474297,18.60000000000001,0.0,0.0,1.2167143947151242,0.0,-0.019711267146221775,0.2351791999631974,0.17867498047751995,0.0,0.0,0.19375000000000014,0.0,1,INJECTOR_DEGRADATION,0.775,2026-01-01T00:02:00+00:00,True
2026-01-01T00:03:34Z,ENG-DATASET-001,MSN-INJECTOR_DEGRADATION-001,LOITER,8000.0,23.0,0.4499676244436647,0.27003237555633525,2821.7535161781243,397.4991899405577,122.76884428325337,53.039951812981485,343.8293977437769,7.510557573224606,4.735195760278546,14.2,2876.5879548755374,319.16696197130426,103.96884428325338,53.039951812981485,343.8293977437769,6.280605636146012,4.735195760278546,-54.834438697413134,78.33222796925344,18.799999999999997,0.0,0.0,1.229951937078594,0.0,-0.019062319511028363,0.24542711903964592,0.1808234007947723,0.0,0.0,0.19583333333333336,0.0,1,INJECTOR_DEGRADATION,0.7833333333333333,2026-01-01T00:02:00+00:00,True
2026-01-01T00:03:35Z,ENG-DATASET-001,MSN-INJECTOR_DEGRADATION-001,LOITER,8000.0,23.0,0.449560088797428,0.270439911202572,2816.6233936810117,395.85105082184435,122.8467306706464,52.91666475949267,343.7173254410618,7.517230114359232,5.283938604599993,14.2,2874.346508821235,318.9908326287343,103.8467306706464,52.91666475949267,343.7173254410618,6.275252965030315,5.283938604599993,-57.7231151402234,76.86021819311003,19.0,0.0,0.0,1.2419771493289167,0.0,-0.020082169969095186,0.2409480471890732,0.18296194668139507,0.0,0.0,0.19791666666666669,0.0,1,INJECTOR_DEGRADATION,0.7916666666666666,2026-01-01T00:02:00+00:00,True
2026-01-01T00:03:36Z,ENG-DATASET-001,MSN-INJECTOR_DEGRADATION-001,LOITER,8000.0,23.0,0.4486912778521351,0.2713087221478649,2805.4688187462725,390.51622662464086,122.92744401609409,52.797102506274946,343.47840243110625,7.516613286750807,5.211543042839749,14.2,2869.5680486221245,318.6154565004929,103.72744401609408,52.797102506274946,343.47840243110625,6.263844405625672,5.211543042839749,-64.09922987585196,71.90077012414798,19.200000000000003,0.0,0.0,1.2527688811251343,0.0,-0.022337588372100245,0.22566629665072999,0.18510048311824767,0.0,0.0,0.19999999999999998,0.0,1,INJECTOR_DEGRADATION,0.8,2026-01-01T00:02:00+00:00,True
2026-01-01T00:03:37Z,ENG-DATASET-001,MSN-INJECTOR_DEGRADATION-001,LOITER,8000.0,23.0,0.44737474911200587,0.2726252508879941,2791.7924373002197,384.92888369265745,123.00587262141428,52.680494231046865,343.11635702757064,7.508889914712253,4.614033639713716,14.2,2862.3271405514133,318.0469202771845,103.60587262141429,52.680494231046865,343.11635702757064,6.246563533902741,4.614033639713716,-70.5347032511936,66.88196341547297,19.39999999999999,0.0,0.0,1.2623263808095126,0.0,-0.02464243246409823,0.2102896118509305,0.18724807300151253,0.0,0.0,0.2020833333333334,0.0,1,INJECTOR_DEGRADATION,0.8083333333333333,2026-01-01T00:02:00+00:00,True
2026-01-01T00:03:38Z,ENG-DATASET-001,MSN-INJECTOR_DEGRADATION-001,LOITER,8000.0,23.0,0.44563104656770564,0.27436895343229434,2779.243844616265,382.6348309323359,123.07764609778536,52.566128477738594,342.63683882788814,7.494357750685555,4.335787463658517,14.2,2852.736776557763,317.2944295405003,103.47764609778537,52.566128477738594,342.63683882788814,6.223688097455133,4.335787463658517,-73.49293194149777,65.3404013918356,19.599999999999994,0.0,0.0,1.2706696532304225,0.0,-0.02576225487939254,0.20592987241049368,0.18941289002146594,0.0,0.0,0.20416666666666658,0.0,1,INJECTOR_DEGRADATION,0.8166666666666667,2026-01-01T00:02:00+00:00,True
2026-01-01T00:03:39Z,ENG-DATASET-001,MSN-INJECTOR_DEGRADATION-001,LOITER,8000.0,23.0,0.4434873801142418,0.27651261988575815,2769.449926613833,385.1234595464069,123.13913508791396,52.45336004004396,342.0473305531856,7.473424611056865,4.759997590962809,14.2,2840.9466110637113,316.3701439962851,103.33913508791396,52.45336004004396,342.0473305531856,6.195585169788075,4.759997590962809,-71.4966844498781,68.75331555012178,19.799999999999997,0.0,0.0,1.2778394412687906,0.0,-0.025166500550007947,0.2173192282990177,0.19160214552943078,0.0,0.0,0.20625000000000002,0.0,1,INJECTOR_DEGRADATION,0.825,2026-01-01T00:02:00+00:00,True
2026-01-01T00:03:40Z,ENG-DATASET-001,MSN-INJECTOR_DEGRADATION-001,LOITER,8000.0,23.0,0.4409772009496529,0.27902279905034705,2761.0635609591423,390.8785633350759,123.18744561331606,52.341615979906294,341.35703128292363,7.44660161366869,5.259922713839662,14.2,2827.1406256584723,315.2889613677397,103.18744561331606,52.341615979906294,341.35703128292363,6.162704783725813,5.259922713839662,-66.0770646993301,75.5896019673362,20.0,0.0,0.0,1.2838968299428775,0.0,-0.023372401110730037,0.23974706136055196,0.19382202826250652,0.0,0.0,0.2083333333333333,0.0,1,INJECTOR_DEGRADATION,0.8333333333333334,2026-01-01T00:02:00+00:00,True
2026-01-01T00:03:41Z,ENG-DATASET-001,MSN-INJECTOR_DEGRADATION-001,LOITER,8000.0,23.0,0.43813967958025113,0.28186032041974884,2750.6384282595122,396.25575848366134,123.2204074274239,52.23040068027218,340.5767129063381,7.414494664849126,5.097100404835544,14.2,2811.5342581267623,314.06825501757777,103.02040742742389,52.23040068027218,340.5767129063381,6.12557218438482,5.097100404835544,-60.895829867250086,82.18750346608357,20.200000000000003,0.0,0.0,1.288922480464306,0.0,-0.021659287875020625,0.2616867580630959,0.19607765591715948,0.0,0.0,0.21041666666666667,0.0,1,INJECTOR_DEGRADATION,0.8416666666666667,2026-01-01T00:02:00+00:00,True
2026-01-01T00:03:42Z,ENG-DATASET-001,MSN-INJECTOR_DEGRADATION-001,LOITER,8000.0,23.0,0.43501909457797244,0.28498090542202753,2734.828563228124,397.6850939224181,123.2365559673946,52.11929984678694,339.7185520307115,7.377794378656069,4.479671160799004,14.2,2794.37104061423,312.72757130852415,102.8365559673946,52.11929984678694,339.7185520307115,6.084778868994697,4.479671160799004,-59.54247738610593,84.95752261389396,20.39999999999999,0.0,0.0,1.2930155096613722,0.0,-0.021308006889814428,0.27166623735288875,0.1983730377597245,0.0,0.0,0.21249999999999986,0.0,1,INJECTOR_DEGRADATION,0.85,2026-01-01T00:02:00+00:00,True
2026-01-01T00:03:43Z,ENG-DATASET-001,MSN-INJECTOR_DEGRADATION-001,LOITER,8000.0,23.0,0.4316641416280707,0.28833585837192927,2712.587516944864,393.87367765315224,123.23510770643993,52.00798338976624,338.79593996948853,7.337264639510141,4.264572747363724,14.2,2775.9187993897704,311.288293431392,102.63510770643994,52.00798338976624,338.79593996948853,6.040972601998058,4.264572747363724,-63.331282444906265,82.58538422176025,20.599999999999994,0.0,0.0,1.2962920375120834,0.0,-0.022814529898651348,0.26530192739150366,0.2007110477140117,0.0,0.0,0.21458333333333338,0.0,1,INJECTOR_DEGRADATION,0.8583333333333333,2026-01-01T00:02:00+00:00,True
2026-01-01T00:03:44Z,ENG-DATASET-001,MSN-INJECTOR_DEGRADATION-001,LOITER,8000.0,23.0,0.4281271736492361,0.2918728263507639,2686.0153603523363,386.65649709312856,123.21592890863693,51.89620713550021,337.823273775309,7.293730040818405,4.730257629252554,14.2,2756.46547550618,309.7732789136391,102.41592890863693,51.89620713550021,337.823273775309,5.994846608891839,4.730257629252554,-70.45011515384385,76.88321817948946,20.799999999999997,0.0,0.0,1.2988834319265656,0.0,-0.025558134422455202,0.2481918984397732,0.20309340765297587,0.0,0.0,0.21666666666666676,0.0,1,INJECTOR_DEGRADATION,0.8666666666666667,2026-01-01T00:02:00+00:00,True
2026-01-01T00:03:45Z,ENG-DATASET-001,MSN-INJECTOR_DEGRADATION-001,LOITER,8000.0,23.0,0.42446338384380866,0.2955366161561913,2659.3045460136577,379.94639270333136,123.1794979744233,51.783813334452844,336.81573157881644,7.248062446299686,5.178224583969434,14.2,2736.314631576329,308.20647826600236,102.1794979744233,51.783813334452844,336.81573157881644,5.947128161066409,5.178224583969434,-77.01008556267107,71.73991443732899,21.0,0.0,0.0,1.3009342852332768,0.0,-0.028143724655781743,0.23276575768603006,0.205520680922278,0.0,0.0,0.21874999999999997,0.0,1,INJECTOR_DEGRADATION,0.875,2026-01-01T00:02:00+00:00,True
2026-01-01T00:03:46Z,ENG-DATASET-001,MSN-INJECTOR_DEGRADATION-001,LOITER,8000.0,23.0,0.42072994442631606,0.2992700555736839,2636.3913311487922,377.38982527531334,123.12686173298032,51.670729952923075,335.78903573900595,7.201166927605431,4.934233209425221,14.2,2715.7807147801195,306.61254223997395,101.92686173298031,51.670729952923075,335.78903573900595,5.898566766639262,4.934233209425221,-79.38938363132729,70.7772830353394,21.200000000000003,0.0,0.0,1.3026001609661693,0.0,-0.02923261926092401,0.23083622906705725,0.20799227641814416,0.0,0.0,0.22083333333333316,0.0,1,INJECTOR_DEGRADATION,0.8833333333333333,2026-01-01T00:02:00+00:00,True
2026-01-01T00:03:47Z,ENG-DATASET-001,MSN-INJECTOR_DEGRADATION-001,LOITER,8000.0,23.0,0.416985114470187,0.303014885529813,2618.72541313659,380.1410214231283,123.05958618404765,51.55696875393765,334.7592075010705,7.153967331912073,4.3147780729295935,14.2,2695.1841500214096,305.01642497461427,101.65958618404764,51.55696875393765,334.7592075010705,5.849922179417027,4.3147780729295935,-76.4587368848197,75.12459644851401,21.400000000000006,0.0,0.0,1.3040451524950454,0.0,-0.028368650388587487,0.24629688861760948,0.2105064638100807,0.0,0.0,0.22291666666666662,0.0,1,INJECTOR_DEGRADATION,0.8916666666666666,2026-01-01T00:02:00+00:00,True
2026-01-01T00:03:48Z,ENG-DATASET-001,MSN-INJECTOR_DEGRADATION-001,LOITER,8000.0,23.0,0.4132873307943961,0.30671266920560386,2604.5250843984663,386.12173453034313,122.97970231405378,51.44262219225082,333.742316990228,7.107391727148242,4.174170640630538,14.2,2674.8463398045596,303.44298993643633,101.37970231405379,51.44262219225082,333.742316990228,5.801952430325095,4.174170640630538,-70.32125540609331,82.6787445939068,21.599999999999994,0.0,0.0,1.3054392968231472,0.0,-0.0262898299463555,0.27246879096210436,0.2130604007209211,0.0,0.0,0.22500000000000014,0.0,1,INJECTOR_DEGRADATION,0.9,2026-01-01T00:02:00+00:00,True
2026-01-01T00:03:49Z,ENG-DATASET-001,MSN-INJECTOR_DEGRADATION-001,LOITER,8000.0,23.0,0.4096942960764483,0.31030570392355167,2590.000032042546,391.24867488935877,122.88964770854824,51.32785916703432,332.7542324427924,7.062357961330813,4.681105617322105,14.2,2655.0846488558473,301.91662503599355,101.08964770854824,51.32785916703432,332.7542324427924,5.755402073750068,4.681105617322105,-65.08461681330118,89.33204985336522,21.799999999999997,0.0,0.0,1.3069558875807443,0.0,-0.024513198417740852,0.2958831758360949,0.21565017283324223,0.0,0.0,0.22708333333333328,0.0,1,INJECTOR_DEGRADATION,0.9083333333333333,2026-01-01T00:02:00+00:00,True
2026-01-01T00:03:50Z,ENG-DATASET-001,MSN-INJECTOR_DEGRADATION-001,LOITER,8000.0,23.0,0.40626207842139567,0.3137379215786043,2571.826141933221,391.91289619175285,122.7922047546498,51.212919693861124,331.81037258765286,7.019759557176562,5.077487209062276,14.2,2636.2074517530573,300.46087267825544,100.7922047546498,51.212919693861124,331.81037258765286,5.710990826177542,5.077487209062276,-64.38130981983613,91.45202351349741,22.0,0.0,0.0,1.3087687309990201,0.0,-0.02442194364370796,0.30437248849845283,0.21827084796441149,0.0,0.0,0.22916666666666669,0.0,1,INJECTOR_DEGRADATION,0.9166666666666666,2026-01-01T00:02:00+00:00,True
2026-01-01T00:03:51Z,ENG-DATASET-001,MSN-INJECTOR_DEGRADATION-001,LOITER,8000.0,23.0,0.4030442364378103,0.3169557635621897,2549.375419312699,387.21417828004314,122.69043627445188,51.098108574637656,330.92546604216693,6.980452144850989,4.765031069679667,14.2,2618.509320843338,299.0980798106825,100.49043627445188,51.098108574637656,330.92546604216693,5.669402757239382,4.765031069679667,-69.13390153063938,88.11609846936062,22.200000000000003,0.0,0.0,1.3110493876116065,0.0,-0.026402007042836708,0.2946060319916955,0.22091654512643413,0.0,0.0,0.2312499999999999,0.0,1,INJECTOR_DEGRADATION,0.9249999999999999,2026-01-01T00:02:00+00:00,True
2026-01-01T00:03:52Z,ENG-DATASET-001,MSN-INJECTOR_DEGRADATION-001,LOITER,8000.0,23.0,0.40009098347361094,0.31990901652638903,2525.326547667694,379.5758571056315,122.58761945479452,50.98378815995507,330.1133214770121,6.945240615522919,4.162886054971064,14.2,2602.266429540242,297.84907231151305,100.18761945479451,50.98378815995507,330.1133214770121,5.631276174748312,4.162886054971064,-76.93988187254809,81.72678479411843,22.400000000000006,0.0,0.0,1.3139644407746065,0.0,-0.02956648904168568,0.27438992560850545,0.22358051944838425,0.0,0.0,0.2333333333333334,0.0,1,INJECTOR_DEGRADATION,0.9333333333333333,2026-01-01T00:02:00+00:00,True
2026-01-01T00:03:53Z,ENG-DATASET-001,MSN-INJECTOR_DEGRADATION-001,LOITER,8000.0,23.0,0.39744840405356296,0.322551595946437,2504.249323400828,373.33327135008994,122.48717894296271,50.87037031266527,329.3866121364989,6.914867157347003,4.107574596280538,14.2,2587.7322427299778,296.7328573459065,99.88717894296272,50.87037031266527,329.3866121364989,5.597194326351706,4.107574596280538,-83.48291932914981,76.60041400418345,22.599999999999994,0.0,0.0,1.3176728309952974,0.0,-0.03226103456556923,0.2581460465461331,0.22625526357997336,0.0,0.0,0.23541666666666666,0.0,1,INJECTOR_DEGRADATION,0.9416666666666667,2026-01-01T00:02:00+00:00,True
2026-01-01T00:03:54Z,ENG-DATASET-001,MSN-INJECTOR_DEGRADATION-001,LOITER,8000.0,23.0,0.39515773474568266,0.3248422652543173,2489.991134091507,372.1239291935246,122.39261996463279,50.758307694117235,328.7566780768318,6.890000314500731,4.654935556451404,14.2,2575.133561536636,295.76635663865386,99.59261996463279,50.758307694117235,328.7566780768318,5.567677021818772,4.654935556451404,-85.14242744512921,76.35757255487073,22.799999999999997,0.0,0.0,1.3223232926819586,0.0,-0.03306330542106831,0.2581685537958563,0.228932625812,0.0,0.0,0.23750000000000002,0.0,1,INJECTOR_DEGRADATION,0.95,2026-01-01T00:02:00+00:00,True
2026-01-01T00:03:55Z,ENG-DATASET-001,MSN-INJECTOR_DEGRADATION-001,LOITER,8000.0,23.0,0.39325472067838524,0.32674527932161473,2483.443215671802,376.6570711639793,122.3074622929698,50.64808450521765,328.2333492083251,6.871225189692706,5.000490471520242,14.2,2564.6669841665007,294.9641729920115,99.3074622929698,50.64808450521765,328.2333492083251,5.543173262273108,5.000490471520242,-81.22376849469856,81.69289817196778,23.0,0.0,0.0,1.3280519274195983,0.0,-0.03167029832572814,0.2769587144882855,0.23160394464765435,0.0,0.0,0.23958333333333326,0.0,1,INJECTOR_DEGRADATION,0.9583333333333334,2026-01-01T00:02:00+00:00,True
2026-01-01T00:03:56Z,ENG-DATASET-001,MSN-INJECTOR_DEGRADATION-001,LOITER,8000.0,23.0,0.3917690577497114,0.3282309422502886,2482.060182041894,384.2360691477854,122.23517585945662,50.54020682313978,327.8247919029397,6.859034891672563,4.632316823799095,14.2,2556.495838058794,294.3383918313519,99.03517585945661,50.54020682313978,327.8247919029397,5.524054946313473,4.632316823799095,-74.43565601689988,89.89767731643349,23.200000000000003,0.0,0.0,1.3349799453590894,0.0,-0.029116282885647327,0.3054228731668225,0.23426019895116584,0.0,0.0,0.24166666666666667,0.0,1,INJECTOR_DEGRADATION,0.9666666666666667,2026-01-01T00:02:00+00:00,True
2026-01-01T00:03:57Z,ENG-DATASET-001,MSN-INJECTOR_DEGRADATION-001,LOITER,8000.0,23.0,0.3907239292327702,0.32927607076722976,2481.4564568792134,390.3572447613398,122.17911875095456,50.43519268096039,327.5373815607809,6.8538233120391885,4.0647299644087855,14.2,2550.7476312156177,293.89841909774424,98.77911875095455,50.43519268096039,327.5373815607809,5.510611708172212,4.0647299644087855,-69.29117433640431,96.45882566359558,23.400000000000006,0.0,0.0,1.3432116038669761,0.0,-0.02716504505911547,0.32820464281407197,0.2368921721097444,0.0,0.0,0.24374999999999988,0.0,1,INJECTOR_DEGRADATION,0.975,2026-01-01T00:02:00+00:00,True
2026-01-01T00:03:58Z,ENG-DATASET-001,MSN-INJECTOR_DEGRADATION-001,LOITER,8000.0,23.0,0.39013564400851636,0.3298643559914836,2478.1364709881705,391.4419315984927,122.142478286506,50.333562041656705,327.3756031241111,6.855879300183428,4.101641371214474,14.2,2547.512062482221,293.6508564258767,98.54247828650601,50.333562041656705,327.3756031241111,5.503046929913119,4.101641371214474,-69.3755914940507,97.79107517261599,23.599999999999994,0.0,0.0,1.352832370270309,0.0,-0.027232684200306848,0.3330181848024012,0.2394906279034762,0.0,0.0,0.2458333333333334,0.0,1,INJECTOR_DEGRADATION,0.9833333333333333,2026-01-01T00:02:00+00:00,True
2026-01-01T00:03:59Z,ENG-DATASET-001,MSN-INJECTOR_DEGRADATION-001,LOITER,8000.0,23.0,0.39001338207111713,0.32998661792888284,2471.704617315977,387.0477430645746,122.12821581390014,50.235826819678785,327.34198109132626,6.865382291439449,4.6849587093160485,14.2,2546.839621826525,293.5994142417895,98.32821581390014,50.235826819678785,327.34198109132626,5.501474958081695,4.6849587093160485,-75.13500451054824,93.44832882278513,23.799999999999997,0.0,0.0,1.363907333357754,0.0,-0.029501270463455184,0.3182851337224642,0.24204649502686812,0.0,0.0,0.24791666666666676,0.0,1,INJECTOR_DEGRADATION,0.9916666666666667,2026-01-01T00:02:00+00:00,True
2026-01-01T00:04:00Z,ENG-DATASET-001,MSN-INJECTOR_DEGRADATION-001,DESCENT,5700.0,23.0,0.32035905127721415,0.42964094872278585,2050.716009749759,411.68988772303715,122.92637601499902,50.180961896556596,306.71326966631386,7.493906460151684,4.556181494189695,14.2,2134.2653933262773,325.2392712995556,98.92637601499902,50.180961896556596,306.71326966631386,5.995125168121347,4.556181494189695,-83.54938357651827,86.45061642348156,24.0,0.0,0.0,1.498781292030337,0.0,-0.039146670249057255,0.2658062050073216,0.2426046618382257,0.0,0.0,0.25000000000000006,0.0,1,INJECTOR_DEGRADATION,1.0,2026-01-01T00:02:00+00:00,True
2026-01-01T00:04:01Z,ENG-DATASET-001,MSN-INJECTOR_DEGRADATION-001,DESCENT,5700.0,23.0,0.3211672575744583,0.4288327424255417,2049.5311603605796,406.5215454779871,123.4762612404623,50.129578523061916,306.935526398056,7.510577501566073,4.1421153166869935,14.2,2138.71052796112,325.7009130785276,99.4762612404623,50.129578523061916,306.935526398056,6.008462001252858,4.1421153166869935,-89.17936760054044,80.8206323994595,24.0,0.0,0.0,1.5021155003132147,0.0,-0.04169772694089513,0.2481437083965846,0.24126359093839686,0.0,0.0,0.25000000000000006,0.0,1,INJECTOR_DEGRADATION,1.0,2026-01-01T00:02:00+00:00,True
2026-01-01T00:04:02Z,ENG-DATASET-001,MSN-INJECTOR_DEGRADATION-001,DESCENT,5700.0,23.0,0.3224253891738927,0.4275746108261073,2056.3889813448063,407.17858890154605,123.98913159928479,50.082253878773635,307.28151258790047,7.536538642317004,3.621427619916335,14.2,2145.630251758009,326.4198593147485,99.98913159928479,50.082253878773635,307.28151258790047,6.0292309138536035,3.621427619916335,-89.24127041320253,80.75872958679753,24.0,0.0,0.0,1.5073077284634007,0.0,-0.04159210112743482,0.24740752525392878,0.24002608699695588,0.0,0.0,0.24999999999999997,0.0,1,INJECTOR_DEGRADATION,1.0,2026-01-01T00:02:00+00:00,True
2026-01-01T00:04:03Z,ENG-DATASET-001,MSN-INJECTOR_DEGRADATION-001,DESCENT,5700.0,23.0,0.3241138133527011,0.4258861866472989,2071.219042142456,413.68774333368765,124.47485058767347,50.03951079379002,307.74582923707277,7.571396723639886,3.7512378633861103,14.2,2154.916584741455,327.38528593268654,100.47485058767347,50.03951079379002,307.74582923707277,6.057117378911909,3.7512378633861103,-83.69754259899901,86.3024574010011,24.0,0.0,0.0,1.514279344727977,0.0,-0.038840270287789795,0.26361128953958457,0.2388657446079784,0.0,0.0,0.24999999999999997,0.0,1,INJECTOR_DEGRADATION,1.0,2026-01-01T00:02:00+00:00,True
2026-01-01T00:04:04Z,ENG-DATASET-001,MSN-INJECTOR_DEGRADATION-001,DESCENT,5700.0,23.0,0.32620618281628144,0.42379381718371856,2090.5136817307107,422.67169557986006,124.94193129491353,50.00180923071464,308.32123083955736,7.614623024166888,4.360523930360038,14.2,2166.424616791147,328.5826306402963,100.94193129491353,50.00180923071464,308.32123083955736,6.09169841933351,4.360523930360038,-75.91093506043626,94.08906493956374,24.0,0.0,0.0,1.5229246048333778,0.0,-0.03503973065671383,0.28634826118537066,0.23776045982200622,0.0,0.0,0.25000000000000006,0.0,1,INJECTOR_DEGRADATION,1.0,2026-01-01T00:02:00+00:00,True
2026-01-01T00:04:05Z,ENG-DATASET-001,MSN-INJECTOR_DEGRADATION-001,DESCENT,5700.0,23.0,0.3286698468389655,0.4213301531610345,2109.370069471609,429.389089952595,125.39758290034457,49.96953876204553,308.9987384457955,7.6655605786452865,4.5949079966243795,14.2,2179.97476891591,329.9937893968957,101.39758290034457,49.96953876204553,308.9987384457955,6.132448462916229,4.5949079966243795,-70.60469944430088,99.3953005556993,24.0,0.0,0.0,1.5331121157290575,0.0,-0.03238785166280261,0.301203549125444,0.23669203262554736,0.0,0.0,0.25000000000000006,0.0,1,INJECTOR_DEGRADATION,1.0,2026-01-01T00:02:00+00:00,True
2026-01-01T00:04:06Z,ENG-DATASET-001,MSN-INJECTOR_DEGRADATION-001,DESCENT,5700.0,23.0,0.3314663607676731,0.4185336392323269,2124.3580684512153,430.5998362713069,125.84775869390744,49.94301215978036,309.7677797761901,7.723433352360006,4.140413639789332,14.2,2195.355595523801,331.59736334389277,101.84775869390744,49.94301215978036,309.7677797761901,6.178746681888005,4.140413639789332,-70.99752707258585,99.00247292741415,24.0,0.0,0.0,1.544686670472001,0.0,-0.03233987569819922,0.29856230438340586,0.23564583362241123,0.0,0.0,0.24999999999999997,0.0,1,INJECTOR_DEGRADATION,1.0,2026-01-01T00:02:00+00:00,True
2026-01-01T00:04:07Z,ENG-DATASET-001,MSN-INJECTOR_DEGRADATION-001,DESCENT,5700.0,23.0,0.33455208593786506,0.41544791406213494,2135.4759499826487,426.51782051201167,126.29720668674719,49.922460196717566,310.61635419799285,7.787357193022801,3.6729517152407047,14.2,2212.3270839598567,333.36895448921985,102.29720668674719,49.922460196717566,310.61635419799285,6.229885754418241,3.6729517152407047,-76.85113397720806,93.14886602279182,24.0,0.0,0.0,1.5574714386045603,0.0,-0.03473769070333478,0.2794167386267637,0.2346105116388212,0.0,0.0,0.25,0.0,1,INJECTOR_DEGRADATION,1.0,2026-01-01T00:02:00+00:00,True
2026-01-01T00:04:08Z,ENG-DATASET-001,MSN-INJECTOR_DEGRADATION-001,DESCENT,5700.0,23.0,0.337878870640308,0.412121129359692,2146.0095990657082,420.66670709269516,126.74952371432948,49.908027740047416,311.5312199911647,7.856352459445076,3.889572851924881,14.2,2230.6243998232935,335.2815078502803,102.74952371432948,49.908027740047416,311.5312199911647,6.285081967556061,3.889572851924881,-84.61480075758527,85.38519924241484,24.0,0.0,0.0,1.571270491889015,0.0,-0.037933235539021413,0.2546671893415116,0.23357772505813526,0.0,0.0,0.24999999999999997,0.0,1,INJECTOR_DEGRADATION,1.0,2026-01-01T00:02:00+00:00,True
2026-01-01T00:04:09Z,ENG-DATASET-001,MSN-INJECTOR_DEGRADATION-001,DESCENT,5700.0,23.0,0.3413948015123923,0.4086051984876077,2160.382828296745,417.72650575088454,127.20721376974394,49.899771197682426,312.49810098098783,7.929358201316001,4.509393539095701,14.2,2249.962019619757,337.30569707389645,103.20721376974394,49.899771197682426,312.49810098098783,6.343486561052801,4.509393539095701,-89.57919132301186,80.42080867698809,24.0,0.0,0.0,1.5858716402631998,0.0,-0.03981364598241117,0.2384211395616292,0.23254188465492515,0.0,0.0,0.24999999999999992,0.0,1,INJECTOR_DEGRADATION,1.0,2026-01-01T00:02:00+00:00,True
2026-01-01T00:04:10Z,ENG-DATASET-001,MSN-INJECTOR_DEGRADATION-001,DESCENT,5700.0,23.0,0.3450450136287926,0.4049549863712074,2181.3052132878183,420.67737679899125,127.67175113704783,49.89765735668783,313.5019093129979,8.005247737109325,4.675551306026769,14.2,2270.0381862599584,339.41034977113117,103.67175113704783,49.89765735668783,313.5019093129979,6.4041981896874605,4.675551306026769,-88.73297297214003,81.26702702786008,24.0,0.0,0.0,1.601049547421865,0.0,-0.03908875784963495,0.23943591314366075,0.23149989979694122,0.0,0.0,0.24999999999999997,0.0,1,INJECTOR_DEGRADATION,1.0,2026-01-01T00:02:00+00:00,True
2026-01-01T00:04:11Z,ENG-DATASET-001,MSN-INJECTOR_DEGRADATION-001,DESCENT,5700.0,23.0,0.34877254665027746,0.40122745334972254,2207.950167476662,428.9734575438976,128.14364872197706,49.90156363146914,314.5269808939062,8.082845448064766,4.182324779460188,14.2,2290.539617878125,341.56290794536034,104.14364872197706,49.90156363146914,314.5269808939062,6.466276358451814,4.182324779460188,-82.58945040146273,87.41054959853727,24.0,0.0,0.0,1.6165690896129528,0.0,-0.036056765731898005,0.25591347176526646,0.23045092326341132,0.0,0.0,0.2499999999999999,0.0,1,INJECTOR_DEGRADATION,1.0,2026-01-01T00:02:00+00:00,True
2026-01-01T00:04:12Z,ENG-DATASET-001,MSN-INJECTOR_DEGRADATION-001,DESCENT,5700.0,23.0,0.3525192336707524,0.3974807663292476,2236.2711945264355,438.85471601408574,128.62253179923903,49.91127971739371,315.5573198245369,8.160944576131605,3.7693612011852062,14.2,2311.146396490737,343.72991797838733,104.62253179923904,49.91127971739371,315.5573198245369,6.528755660905285,3.7693612011852062,-74.8752019643016,95.1247980356984,23.999999999999986,0.0,0.0,1.6321889152263207,0.0,-0.032397429292230336,0.2767428526302431,0.22939609267011207,0.0,0.0,0.24999999999999994,0.0,1,INJECTOR_DEGRADATION,1.0,2026-01-01T00:02:00+00:00,True
2026-01-01T00:04:13Z,ENG-DATASET-001,MSN-INJECTOR_DEGRADATION-001,DESCENT,5700.0,23.0,0.3562266088923747,0.3937733911076253,2261.267372962163,445.60795645777677,129.107217211947,49.92651062361,316.576848010483,8.238325783776494,4.061486684154883,14.2,2331.53696020966,345.8775437052737,105.10721721194697,49.92651062361,316.576848010483,6.590660627021196,4.061486684154883,-70.26958724749693,99.73041275250307,24.000000000000014,0.0,0.0,1.6476651567552985,0.0,-0.03013874043033744,0.2883402365014033,0.22833826864243212,0.0,0.0,0.24999999999999994,0.0,1,INJECTOR_DEGRADATION,1.0,2026-01-01T00:02:00+00:00,True
2026-01-01T00:04:14Z,ENG-DATASET-001,MSN-INJECTOR_DEGRADATION-001,DESCENT,5700.0,23.0,0.3598368199647748,0.3901631800352252,2279.8268107709346,446.4057848580765,129.59579787062734,49.94688103732349,317.569656055393,8.313776204915452,4.673015254396471,14.2,2351.3931211078607,347.9720951950026,105.59579787062734,49.94688103732349,317.569656055393,6.651020963932361,4.673015254396471,-71.56631033692611,98.43368966307389,24.0,0.0,0.0,1.662755240983091,0.0,-0.030435706260468938,0.2828781129932615,0.2272817714716645,0.0,0.0,0.2500000000000001,0.0,1,INJECTOR_DEGRADATION,1.0,2026-01-01T00:02:00+00:00,True
2026-01-01T00:04:15Z,ENG-DATASET-001,MSN-INJECTOR_DEGRADATION-001,DESCENT,5700.0,23.0,0.3632935307516341,0.3867064692483659,2292.4262340287155,442.00176860094643,130.08573220876008,49.97194095102803,318.52025152177936,8.386108690361503,4.759799365860911,14.2,2370.4050304355874,349.98056500781854,106.08573220876006,49.97194095102803,318.52025152177936,6.708886952289203,4.759799365860911,-77.97879640687188,92.0212035931279,24.000000000000014,0.0,0.0,1.6772217380723005,0.0,-0.03289682370971953,0.26293232480229906,0.226232119063587,0.0,0.0,0.24999999999999997,0.0,1,INJECTOR_DEGRADATION,1.0,2026-01-01T00:02:00+00:00,True
2026-01-01T00:04:16Z,ENG-DATASET-001,MSN-INJECTOR_DEGRADATION-001,DESCENT,5700.0,23.0,0.3665428004372507,0.3834571995627493,2302.6586962519814,436.2538455165032,130.57393806215904,50.001172464499064,319.4138006853239,8.454180929599602,4.228120565095964,14.2,2388.276013706478,351.87116297099965,106.57393806215904,50.001172464499064,319.4138006853239,6.763344743679681,4.228120565095964,-85.61731745449651,84.38268254550354,24.0,0.0,0.0,1.6908361859199204,0.0,-0.03584900445473343,0.23981130432236686,0.22519576958864038,0.0,0.0,0.25,0.0,1,INJECTOR_DEGRADATION,1.0,2026-01-01T00:02:00+00:00,True
2026-01-01T00:04:17Z,ENG-DATASET-001,MSN-INJECTOR_DEGRADATION-001,DESCENT,5700.0,23.0,0.3695339252549268,0.3804660747450732,2314.878751092407,433.7653908417825,131.05689025476994,50.03399765503902,320.2363600101848,8.516914114919864,3.868479898228701,14.2,2404.727200203696,353.6138399530716,107.05689025476993,50.03399765503902,320.2363600101848,6.813531291935891,3.868479898228701,-89.84844911128903,80.15155088871091,24.000000000000014,0.0,0.0,1.703382822983973,0.0,-0.037363260624189834,0.22666406637067119,0.22417987242937587,0.0,0.0,0.25000000000000006,0.0,1,INJECTOR_DEGRADATION,1.0,2026-01-01T00:02:00+00:00,True
2026-01-01T00:04:18Z,ENG-DATASET-001,MSN-INJECTOR_DEGRADATION-001,DESCENT,5700.0,23.0,0.3722202297022902,0.3777797702977098,2331.3962309736935,437.07514707867307,131.53072099852233,50.06978739280987,320.97509373320975,8.573310805366612,4.222617259700041,14.2,2419.5018746641954,355.1807907691751,107.53072099852231,50.06978739280987,320.97509373320975,6.8586486442932895,4.222617259700041,-88.10564369050189,81.894356309498,24.000000000000014,0.0,0.0,1.7146621610733224,0.0,-0.03641478628849178,0.23057090484017617,0.22319203086464773,0.0,0.0,0.25,0.0,1,INJECTOR_DEGRADATION,1.0,2026-01-01T00:02:00+00:00,True
2026-01-01T00:04:19Z,ENG-DATASET-001,MSN-INJECTOR_DEGRADATION-001,DESCENT,5700.0,23.0,0.37455979489689756,0.37544020510310244,2350.923419660325,445.10086268396066,131.99132205512439,50.107870963354294,321.6184741617268,8.622471647796473,4.806960457582874,14.2,2432.3694832345363,356.546926258172,107.99132205512439,50.107870963354294,321.6184741617268,6.897977318237179,4.806960457582874,-81.44606357421117,88.55393642578866,24.0,0.0,0.0,1.7244943295592945,0.0,-0.03348424823432053,0.24836544618440395,0.22224007951073282,0.0,0.0,0.24999999999999997,0.0,1,INJECTOR_DEGRADATION,1.0,2026-01-01T00:02:00+00:00,True
2026-01-01T00:04:20Z,ENG-DATASET-001,MSN-INJECTOR_DEGRADATION-001,DESCENT,5700.0,23.0,0.3765161127063749,0.3734838872936251,2369.219910488572,453.78098406809244,132.4344474687665,50.14754634682451,322.1564615593331,8.663610621483864,4.805056045159118,14.2,2443.1292311866614,357.69030476618184,108.43444746876649,50.14754634682451,322.1564615593331,6.930888497187091,4.805056045159118,-73.90932069808923,96.0906793019106,24.000000000000014,0.0,0.0,1.7327221242967727,0.0,-0.030251907985313763,0.2686421130836185,0.2213318789392364,0.0,0.0,0.25,0.0,1,INJECTOR_DEGRADATION,1.0,2026-01-01T00:02:00+00:00,True
2026-01-01T00:04:21Z,ENG-DATASET-001,MSN-INJECTOR_DEGRADATION-001,DESCENT,5700.0,23.0,0.37805865544561273,0.37194134455438727,2381.5461140949274,458.52541161260496,132.85581556614352,50.18809099320312,322.5806608126235,8.696068491677712,4.236958934966315,14.2,2451.6132162524696,358.5925137701474,108.85581556614353,50.18809099320312,322.5806608126235,6.95685479334217,4.236958934966315,-70.0671021575422,99.93289784245758,23.999999999999986,0.0,0.0,1.7392136983355426,0.0,-0.02857999854669025,0.27868093728948595,0.22047512918973983,0.0,0.0,0.25000000000000006,0.0,1,INJECTOR_DEGRADATION,1.0,2026-01-01T00:02:00+00:00,True
2026-01-01T00:04:22Z,ENG-DATASET-001,MSN-INJECTOR_DEGRADATION-001,DESCENT,5700.0,23.0,0.379163352251082,0.370836647748918,2385.4390025208395,456.98894702095913,133.2512088390959,50.22877292507287,322.8844524341275,8.71932418635806,3.9302298400109343,14.2,2457.68904868255,359.2389931826695,109.25120883909592,50.22877292507287,322.8844524341275,6.975459349086448,3.9302298400109343,-72.25004616171054,97.74995383828963,23.999999999999986,0.0,0.0,1.7438648372716123,0.0,-0.029397553852648833,0.27210284989465144,0.21967720316346287,0.0,0.0,0.25000000000000006,0.0,1,INJECTOR_DEGRADATION,1.0,2026-01-01T00:02:00+00:00,True
2026-01-01T00:04:23Z,ENG-DATASET-001,MSN-INJECTOR_DEGRADATION-001,DESCENT,5700.0,23.0,0.3798129646986088,0.3701870353013912,2382.1279089740246,450.4852848137725,133.61657027977873,50.26886199439319,323.06309585719737,8.733003848732515,4.334096020404196,14.2,2461.261917143948,359.6192929836956,109.61657027977873,50.26886199439319,323.06309585719737,6.9864030789860125,4.334096020404196,-79.13400816992316,90.86599183007695,24.0,0.0,0.0,1.746600769746503,0.0,-0.03215180295063859,0.25267273920756145,0.2189450001833103,0.0,0.0,0.24999999999999997,0.0,1,INJECTOR_DEGRADATION,1.0,2026-01-01T00:02:00+00:00,True
2026-01-01T00:04:24Z,ENG-DATASET-001,MSN-INJECTOR_DEGRADATION-001,DESCENT,5700.0,23.0,0.379997355803218,0.370002644196782,2375.732799017517,443.1839899957282,133.9480947317386,50.30764111734931,323.1138034109649,8.736887364821438,4.875701660445523,14.2,2462.276068219298,359.72725919750917,109.94809473173858,50.30764111734931,323.1138034109649,6.98950989185715,4.875701660445523,-86.54326920178073,83.45673079821904,24.000000000000014,0.0,0.0,1.7473774729642884,0.0,-0.035147671018208884,0.23200001852624938,0.21828481938279523,0.0,0.0,0.2500000000000001,0.0,1,INJECTOR_DEGRADATION,1.0,2026-01-01T00:02:00+00:00,True
2026-01-01T00:04:25Z,ENG-DATASET-001,MSN-INJECTOR_DEGRADATION-001,DESCENT,5700.0,23.0,0.3797136482033933,0.3702863517966067,2370.7322054822944,439.5776728935376,134.24231385435235,50.3444173116932,323.0357838210131,8.730912219412508,4.7807346545806455,14.2,2460.7156764202623,359.5611438315053,110.24231385435235,50.3444173116932,323.0357838210131,6.984729775530006,4.7807346545806455,-89.98347093796792,80.0165290620323,24.0,0.0,0.0,1.7461824438825015,0.0,-0.03656800816129712,0.22253942183343653,0.21770225207453303,0.0,0.0,0.25,0.0,1,INJECTOR_DEGRADATION,1.0,2026-01-01T00:02:00+00:00,True
2026-01-01T00:04:26Z,ENG-DATASET-001,MSN-INJECTOR_DEGRADATION-001,DESCENT,5700.0,23.0,0.3789662690613416,0.3710337309386584,2369.23725797065,441.75580299157554,134.4961733729147,50.378532364088095,322.8302545569489,8.715174592921855,4.182739206416729,14.2,2456.605091138978,359.12363615990375,110.49617337291471,50.378532364088095,322.8302545569489,6.972139674337484,4.182739206416729,-87.36783316832816,82.63216683167178,24.0,0.0,0.0,1.743034918584371,0.0,-0.03556445986514708,0.23009392451929536,0.2172020918679432,0.0,0.0,0.25,0.0,1,INJECTOR_DEGRADATION,1.0,2026-01-01T00:02:00+00:00,True
2026-01-01T00:04:27Z,ENG-DATASET-001,MSN-INJECTOR_DEGRADATION-001,DESCENT,5700.0,23.0,0.37776688097860717,0.37223311902139283,2369.7254900184566,448.13884793882795,134.707101400731,50.409372960752265,322.5004228341969,8.689927674175042,3.9318295128291845,14.2,2450.0084566839387,358.4218146043098,110.70710140073099,50.409372960752265,322.5004228341969,6.951942139340034,3.9318295128291845,-80.28296666548204,89.71703333451813,24.000000000000014,0.0,0.0,1.7379855348350084,0.0,-0.0327684447155518,0.25031130829345266,0.21678826106309332,0.0,0.0,0.25,0.0,1,INJECTOR_DEGRADATION,1.0,2026-01-01T00:02:00+00:00,True
2026-01-01T00:04:28Z,ENG-DATASET-001,MSN-INJECTOR_DEGRADATION-001,DESCENT,5700.0,23.0,0.37613420000507525,0.37386579999492475,2368.0022549491155,454.44056398077794,134.87306676968728,50.43638012308246,322.0514355664757,8.655577227523434,4.376855164256389,14.2,2441.028711329513,357.4670203611755,110.87306676968728,50.43638012308246,322.0514355664757,6.924461782018747,4.376855164256389,-73.02645638039758,96.97354361960242,24.0,0.0,0.0,1.7311154455046873,0.0,-0.029916262779483456,0.2712796932193153,0.21646375174102792,0.0,0.0,0.2500000000000001,0.0,1,INJECTOR_DEGRADATION,1.0,2026-01-01T00:02:00+00:00,True
2026-01-01T00:04:29Z,ENG-DATASET-001,MSN-INJECTOR_DEGRADATION-001,DESCENT,5700.0,23.0,0.37409370358127364,0.37590629641872636,2359.8059769194906,456.27465170010515,134.99262648719903,50.45905780079237,321.49029904993023,8.612674514691106,4.865778600584111,14.2,2429.8059809986044,356.2746557792189,110.99262648719903,50.45905780079237,321.49029904993023,6.890139611752884,4.865778600584111,-70.00000407911375,99.99999592088625,24.0,0.0,0.0,1.7225349029382215,0.0,-0.02880888623475405,0.28068231713584363,0.21623057999053621,0.0,0.0,0.25000000000000006,0.0,1,INJECTOR_DEGRADATION,1.0,2026-01-01T00:02:00+00:00,True
2026-01-01T00:04:30Z,ENG-DATASET-001,MSN-INJECTOR_DEGRADATION-001,DESCENT,5700.0,23.0,0.371677232971434,0.378322767028566,2343.4759775279354,451.8244971094392,135.06496164412889,50.476980488257205,320.8257696322243,8.56190673004021,4.680059078644225,14.2,2416.5153926444864,354.86391222599013,111.06496164412889,50.476980488257205,320.8257696322243,6.849525384032169,4.680059078644225,-73.03941511655103,96.96058488344909,24.0,0.0,0.0,1.7123813460080415,0.0,-0.030225098229819742,0.2732331509147684,0.2160897518418104,0.0,0.0,0.2499999999999999,0.0,1,INJECTOR_DEGRADATION,1.0,2026-01-01T00:02:00+00:00,True
2026-01-01T00:04:31Z,ENG-DATASET-001,MSN-INJECTOR_DEGRADATION-001,DESCENT,5700.0,23.0,0.36892249639121344,0.38107750360878656,2321.063317910946,442.95641019496634,135.08990132314835,50.48979974500653,320.0682170726637,8.504085160499251,4.064370491766744,14.2,2401.3643414532735,353.2574337372938,111.08990132314834,50.48979974500653,320.0682170726637,6.803268128399401,4.064370491766744,-80.30102354232758,89.69897645767253,24.000000000000014,0.0,0.0,1.7008170320998497,0.0,-0.03343975012710086,0.25391957221876543,0.21604123969996739,0.0,0.0,0.2499999999999999,0.0,1,INJECTOR_DEGRADATION,1.0,2026-01-01T00:02:00+00:00,True
2026-01-01T00:04:32Z,ENG-DATASET-001,MSN-INJECTOR_DEGRADATION-001,DESCENT,5700.0,23.0,0.36587248058360067,0.38412751941639933,2297.209219384732,434.10088893547044,135.06793429238704,50.49724951841643,319.22946272557016,8.44013132650005,3.8763970158446988,14.2,2384.589254511403,351.4809240621415,111.06793429238704,50.49724951841643,319.22946272557016,6.75210506120004,3.8763970158446988,-87.38003512667092,82.61996487332891,24.0,0.0,0.0,1.6880262653000093,0.0,-0.03664364207016226,0.23506244355588918,0.21608396836498145,0.0,0.0,0.2499999999999999,0.0,1,INJECTOR_DEGRADATION,1.0,2026-01-01T00:02:00+00:00,True
2026-01-01T00:04:33Z,ENG-DATASET-001,MSN-INJECTOR_DEGRADATION-001,DESCENT,5700.0,23.0,0.3625747800251694,0.3874252199748306,2276.4694850064197,429.58028932542834,135.00020850712434,50.499150185351034,318.32259507200155,8.37106139661484,4.358430613498333,14.2,2366.451901440031,349.5627057590398,111.00020850712433,50.499150185351034,318.32259507200155,6.696849117291872,4.358430613498333,-89.98241643361143,80.01758356638857,24.000000000000014,0.0,0.0,1.6742122793229681,0.0,-0.038024189876352615,0.2289076673458015,0.21621581006723625,0.0,0.0,0.25000000000000006,0.0,1,INJECTOR_DEGRADATION,1.0,2026-01-01T00:02:00+00:00,True
2026-01-01T00:04:34Z,ENG-DATASET-001,MSN-INJECTOR_DEGRADATION-001,DESCENT,5700.0,23.0,0.35908085423018943,0.39091914576981057,2260.705711684723,431.00364285900383,134.88851867495993,50.4954112495016,317.36176547838204,8.297969195350127,4.790666773801036,14.2,2347.2353095676413,347.53324074192176,110.88851867495994,50.4954112495016,317.36176547838204,6.638375356280102,4.790666773801036,-86.5295978829181,83.47040211708207,23.999999999999986,0.0,0.0,1.6595938390700251,0.0,-0.03686447521056454,0.24017962120367994,0.21643358831719606,0.0,0.0,0.24999999999999994,0.0,1,INJECTOR_DEGRADATION,1.0,2026-01-01T00:02:00+00:00,True
2026-01-01T00:04:35Z,ENG-DATASET-001,MSN-INJECTOR_DEGRADATION-001,DESCENT,5700.0,23.0,0.35544522474211765,0.39455477525788235,2248.123334508122,436.30860923222707,134.73528236014772,50.48603265215609,316.36196736916236,8.22200814041257,4.522906653927783,14.2,2327.2393473832467,345.42462210735175,110.73528236014774,50.48603265215609,316.36196736916236,6.577606512330056,4.522906653927783,-79.11601287512485,90.88398712487532,23.999999999999986,0.0,0.0,1.6444016280825133,0.0,-0.03399564937920248,0.26310801636088993,0.21673309074107072,0.0,0.0,0.2499999999999999,0.0,1,INJECTOR_DEGRADATION,1.0,2026-01-01T00:02:00+00:00,True
2026-01-01T00:04:36Z,ENG-DATASET-001,MSN-INJECTOR_DEGRADATION-001,DESCENT,5700.0,23.0,0.3517246243431477,0.3982753756568523,2234.5374025935835,441.0314046105818,134.5435053042807,50.471104675776104,315.3388022594456,8.144372452872323,3.9065639959231193,14.2,2306.776045188911,343.27004720590935,110.5435053042807,50.471104675776104,315.3388022594456,6.515497962297859,3.9065639959231193,-72.23864259532775,97.76135740467242,24.0,0.0,0.0,1.6288744905744643,0.0,-0.03131584565653483,0.28479431339965006,0.21710909142909748,0.0,0.0,0.24999999999999994,0.0,1,INJECTOR_DEGRADATION,1.0,2026-01-01T00:02:00+00:00,True
2026-01-01T00:04:37Z,ENG-DATASET-001,MSN-INJECTOR_DEGRADATION-001,DESCENT,5700.0,23.0,0.34797711175811846,0.40202288824188154,2216.0955184013287,441.0340742014352,134.31673681813658,50.450806441723564,314.3082362985625,8.066277981611874,3.7917056876169495,14.2,2286.164725971251,341.1032817713575,110.31673681813656,50.450806441723564,314.3082362985625,6.453022385289499,3.7917056876169495,-70.06920756992213,99.9307924300777,24.000000000000014,0.0,0.0,1.6132555963223751,0.0,-0.030649238339618783,0.29296344471133406,0.21755538363653182,0.0,0.0,0.25000000000000006,0.0,1,INJECTOR_DEGRADATION,1.0,2026-01-01T00:02:00+00:00,True
2026-01-01T00:04:38Z,ENG-DATASET-001,MSN-INJECTOR_DEGRADATION-001,DESCENT,5700.0,23.0,0.34426116566753134,0.40573883433246866,2191.803364498688,435.0344665503384,134.0590162494397,50.42540302542391,313.2863511236511,7.988942973234642,4.309695857680409,14.2,2265.727022473022,338.95812452467237,110.05901624943971,50.42540302542391,313.2863511236511,6.391154378587713,4.309695857680409,-73.92365797433376,96.07634202566601,24.0,0.0,0.0,1.5977885946469286,0.0,-0.032626903965530106,0.28344605151564295,0.21806482392688278,0.0,0.0,0.25000000000000006,0.0,1,INJECTOR_DEGRADATION,1.0,2026-01-01T00:02:00+00:00,True
2026-01-01T00:04:39Z,ENG-DATASET-001,MSN-INJECTOR_DEGRADATION-001,LANDING,4000.0,23.0,0.24063477216729953,0.5593652278327005,1572.6495156657966,412.634602907051,133.45557809504547,50.35692994241739,282.7056725790368,7.012123418132038,4.098009007733513,14.2,1654.113451580735,324.0985388219895,109.45557809504547,50.35692994241739,282.7056725790368,5.60969873450563,4.098009007733513,-81.46393591493847,88.53606408506147,24.0,0.0,0.0,1.4024246836264078,0.0,-0.049249303811107016,0.2731763753297565,0.21926703433204348,0.0,0.0,0.25000000000000006,0.0,1,INJECTOR_DEGRADATION,1.0,2026-01-01T00:02:00+00:00,True
2026-01-01T00:04:40Z,ENG-DATASET-001,MSN-INJECTOR_DEGRADATION-001,LANDING,4000.0,23.0,0.23715451991511546,0.5628454800848846,1546.8558542200728,403.5481735758543,132.85162987427853,50.28498104656651,281.74860320968617,6.926822333459507,3.761110421482593,14.2,1634.9720641937226,321.66438354950407,108.85162987427853,50.28498104656651,281.74860320968617,5.5414578667676055,3.761110421482593,-88.1162099736498,81.88379002635025,24.0,0.0,0.0,1.3853644666919012,0.0,-0.05389462725597322,0.2545628120924627,0.22048360716067847,0.0,0.0,0.24999999999999997,0.0,1,INJECTOR_DEGRADATION,1.0,2026-01-01T00:02:00+00:00,True
2026-01-01T00:04:41Z,ENG-DATASET-001,MSN-INJECTOR_DEGRADATION-001,LANDING,4000.0,23.0,0.233874717083374,0.566125282916626,1527.0878486478587,399.528217381398,132.25080482066778,50.210053315778694,280.84665743095724,6.84652786554794,3.1633403553800465,14.2,1616.9331486191445,319.37351735268396,108.25080482066778,50.210053315778694,280.84665743095724,5.477222292438352,3.1633403553800465,-89.84529997128584,80.15470002871405,24.0,0.0,0.0,1.369305573109588,0.0,-0.055565253299441245,0.2509747855524266,0.22170735857122978,0.0,0.0,0.25,0.0,1,INJECTOR_DEGRADATION,1.0,2026-01-01T00:02:00+00:00,True
2026-01-01T00:04:42Z,ENG-DATASET-001,MSN-INJECTOR_DEGRADATION-001,LANDING,4000.0,23.0,0.230846543898306,0.569153456101694,1514.6758329838594,401.6587039410315,131.65725101506206,50.1327152421062,280.0139098050635,6.772474166886386,3.1320612064271036,14.2,1600.2781961012702,317.26106705844234,107.65725101506206,50.1327152421062,280.0139098050635,5.417979333509109,3.1320612064271036,-85.60236311741073,84.39763688258915,24.0,0.0,0.0,1.3544948333772773,0.0,-0.05349217612660241,0.26601952034361137,0.22292971233904366,0.0,0.0,0.25,0.0,1,INJECTOR_DEGRADATION,1.0,2026-01-01T00:02:00+00:00,True
2026-01-01T00:04:43Z,ENG-DATASET-001,MSN-INJECTOR_DEGRADATION-001,LANDING,4000.0,23.0,0.2281172539896657,0.5718827460103344,1507.3059936308364,407.3981929700152,131.07550843712903,50.05359695940089,279.26335508018747,6.705795751023228,3.6852662471948903,14.2,1585.267101603749,315.3593009429279,107.07550843712905,50.05359695940089,279.26335508018747,5.364636600818582,3.6852662471948903,-77.96110797291271,92.03889202708729,23.999999999999986,0.0,0.0,1.3411591502046454,0.0,-0.0491785314247944,0.2918540590110707,0.2241408922572797,0.0,0.0,0.24999999999999997,0.0,1,INJECTOR_DEGRADATION,1.0,2026-01-01T00:02:00+00:00,True
2026-01-01T00:04:44Z,ENG-DATASET-001,MSN-INJECTOR_DEGRADATION-001,LANDING,4000.0,23.0,0.22572943701364281,0.5742705629863573,1500.5774908628462,412.14055089842935,130.51038680019627,49.97337944911804,278.60670541178115,6.647511093226343,4.006219613641036,14.2,1572.1341082356228,313.697168271206,106.51038680019629,49.97337944911804,278.60670541178115,5.318008874581074,4.006219613641036,-71.5566173727766,98.44338262722334,23.999999999999986,0.0,0.0,1.3295022186452687,0.0,-0.045515593738426854,0.313816612275296,0.22533013653421224,0.0,0.0,0.25000000000000006,0.0,1,INJECTOR_DEGRADATION,1.0,2026-01-01T00:02:00+00:00,True
2026-01-01T00:04:45Z,ENG-DATASET-001,MSN-INJECTOR_DEGRADATION-001,LANDING,4000.0,23.0,0.2237203540555221,0.576279645944478,1490.8103825908156,412.0261230189675,129.96684543002942,49.892782991107005,278.054207598298,6.5985080953312325,3.613951076445593,14.2,1561.0841519659593,312.2998923941112,105.96684543002944,49.892782991107005,278.054207598298,5.278806476264986,3.613951076445593,-70.27376937514373,99.72623062485627,23.999999999999986,0.0,0.0,1.3197016190662465,0.0,-0.04501600332476894,0.31932841814433083,0.22648593437508088,0.0,0.0,0.25,0.0,1,INJECTOR_DEGRADATION,1.0,2026-01-01T00:02:00+00:00,True
2026-01-01T00:04:46Z,ENG-DATASET-001,MSN-INJECTOR_DEGRADATION-001,LANDING,4000.0,23.0,0.22212135618290982,0.5778786438170902,1477.3989413053584,406.29789865429103,129.4498764124146,49.81255503807246,277.6144831833296,6.559531558734376,3.0526603768802985,14.2,1552.2896636665914,311.18862101552395,105.4498764124146,49.81255503807246,277.6144831833296,5.247625246987501,3.0526603768802985,-74.89072236123297,95.10927763876708,24.0,0.0,0.0,1.311906311746875,0.0,-0.04824532696065055,0.3056322475043921,0.22759628381294608,0.0,0.0,0.24999999999999994,0.0,1,INJECTOR_DEGRADATION,1.0,2026-01-01T00:02:00+00:00,True
2026-01-01T00:04:47Z,ENG-DATASET-001,MSN-INJECTOR_DEGRADATION-001,LANDING,4000.0,23.0,0.22095739522280947,0.5790426047771906,1463.280983782876,397.77324182643366,128.96439218191307,49.733457701444834,277.29439391930197,6.531172780526471,3.112333186937815,14.2,1545.8878783860396,310.3801364295971,104.96439218191307,49.733457701444834,277.29439391930197,5.224938224421177,3.112333186937815,-82.60689460316348,87.39310539683657,24.0,0.0,0.0,1.3062345561052942,0.0,-0.053436536865408335,0.28156797146282514,0.22864896848452915,0.0,0.0,0.25,0.0,1,INJECTOR_DEGRADATION,1.0,2026-01-01T00:02:00+00:00,True
2026-01-01T00:04:48Z,ENG-DATASET-001,MSN-INJECTOR_DEGRADATION-001,LANDING,4000.0,23.0,0.22024663439670653,0.5797533656032935,1453.2369342825373,391.14486826575666,128.51511865936408,49.65625504252141,277.0989346921237,6.51386136171666,3.6971688804351333,14.2,1541.9786938424738,309.88662782569327,104.51511865936409,49.65625504252141,277.0989346921237,5.211089089373328,3.6971688804351333,-88.74175955993655,81.25824044006339,23.999999999999986,0.0,0.0,1.302772272343332,0.0,-0.05755057441085647,0.2622192542163193,0.22963184951471796,0.0,0.0,0.25,0.0,1,INJECTOR_DEGRADATION,1.0,2026-01-01T00:02:00+00:00,True
2026-01-01T00:04:49Z,ENG-DATASET-001,MSN-INJECTOR_DEGRADATION-001,LANDING,4000.0,23.0,0.22000016488957225,0.5799998351104277,1451.0491210825833,390.14153669368903,128.1064949725362,49.58170036583504,277.03115557766176,6.50785929330771,3.962992621482026,14.2,1540.623111553235,309.71552716434087,104.10649497253621,49.58170036583504,277.03115557766176,5.2062874346461685,3.962992621482026,-89.57399047065178,80.42600952934816,24.0,0.0,0.0,1.301571858661542,0.0,-0.058141403824809895,0.25967703416649374,0.23053316708368016,0.0,0.0,0.24999999999999994,0.0,1,INJECTOR_DEGRADATION,1.0,2026-01-01T00:02:00+00:00,True
2026-01-01T00:04:50Z,ENG-DATASET-001,MSN-INJECTOR_DEGRADATION-001,LANDING,4000.0,23.0,0.22022183277563162,0.5797781672243685,1457.24351769424,395.27064239440875,127.74258071595085,49.51052371172695,277.0921142463281,6.513257365311581,3.526782309764228,14.2,1541.8422849265614,309.8694096267302,103.74258071595085,49.51052371172695,277.0921142463281,5.210605892249265,3.526782309764228,-84.5987672323215,85.40123276767855,24.0,0.0,0.0,1.3026514730623164,0.0,-0.05486862570794715,0.2756039483553836,0.2313418447311664,0.0,0.0,0.25000000000000006,0.0,1,INJECTOR_DEGRADATION,1.0,2026-01-01T00:02:00+00:00,True
2026-01-01T00:04:51Z,ENG-DATASET-001,MSN-INJECTOR_DEGRADATION-001,LANDING,4000.0,23.0,0.2209081790016614,0.5790918209983387,1468.7831956694088,403.5119657118489,127.4269716246599,49.44341974204394,277.28085945848625,6.529973925095329,3.0154490725609175,14.2,1545.6171891697252,310.3459592121654,103.4269716246599,49.44341974204394,277.28085945848625,5.223979140076263,3.0154490725609175,-76.83399350031641,93.16600649968353,24.0,0.0,0.0,1.3059947850190659,0.0,-0.049710881865638476,0.30020048186285997,0.23204778814463253,0.0,0.0,0.25,0.0,1,INJECTOR_DEGRADATION,1.0,2026-01-01T00:02:00+00:00,True
2026-01-01T00:04:52Z,ENG-DATASET-001,MSN-INJECTOR_DEGRADATION-001,LANDING,4000.0,23.0,0.22204849336435883,0.5779515066356412,1480.899241337215,410.1483228486639,127.16272445409416,49.38103620679593,277.59444590822807,6.55775599400707,3.1676463353225404,14.2,1551.8889181645611,311.13799967601,103.16272445409416,49.38103620679593,277.59444590822807,5.246204795205656,3.1676463353225404,-70.9896768273461,99.0103231726539,24.0,0.0,0.0,1.3115511988014141,0.0,-0.04574404520608762,0.3182199643751454,0.23264216922343528,0.0,0.0,0.25000000000000006,0.0,1,INJECTOR_DEGRADATION,1.0,2026-01-01T00:02:00+00:00,True
2026-01-01T00:04:53Z,ENG-DATASET-001,MSN-INJECTOR_DEGRADATION-001,LANDING,4000.0,23.0,0.22362498163948205,0.576375018360518,1489.9487023936035,411.6226893509838,126.95229177456272,49.323963170591995,278.02798018388694,6.596182734237587,3.775424203708049,14.2,1560.5596036777388,312.233590635119,102.95229177456272,49.323963170591995,278.02798018388694,5.276946187390069,3.775424203708049,-70.61090128413525,99.3890987158648,24.0,0.0,0.0,1.3192365468475176,0.0,-0.04524716718139313,0.3183164838661207,0.23311768573888006,0.0,0.0,0.25000000000000006,0.0,1,INJECTOR_DEGRADATION,1.0,2026-01-01T00:02:00+00:00,True
2026-01-01T00:04:54Z,ENG-DATASET-001,MSN-INJECTOR_DEGRADATION-001,LANDING,4000.0,23.0,0.22561304325476791,0.5743869567452321,1495.566515529289,407.6887612549834,126.79746730429409,49.27272316586351,278.5746971280906,6.644671240477534,3.9819966112851692,14.2,1571.4939425618113,313.61618828750557,102.79746730429409,49.27272316586351,278.5746971280906,5.315736992382027,3.9819966112851692,-75.92742703252225,94.07257296747781,24.0,0.0,0.0,1.328934248095507,0.0,-0.04831544365277488,0.29996083263800594,0.23346878701745472,0.0,0.0,0.2500000000000001,0.0,1,INJECTOR_DEGRADATION,1.0,2026-01-01T00:02:00+00:00,True
2026-01-01T00:04:55Z,ENG-DATASET-001,MSN-INJECTOR_DEGRADATION-001,LANDING,4000.0,23.0,0.22798165517363428,0.5720183448263658,1500.806987221207,401.5505488736741,126.69934231806576,49.227762425464995,279.2260654057788,6.7024846123165895,3.509019956508703,14.2,1584.5213081155762,315.2648697680433,102.69934231806576,49.227762425464995,279.2260654057788,5.3619876898532715,3.509019956508703,-83.71432089436917,86.28567910563078,24.0,0.0,0.0,1.340496922463318,0.0,-0.05283256240582091,0.27369265458950637,0.23369185681511592,0.0,0.0,0.25000000000000006,0.0,1,INJECTOR_DEGRADATION,1.0,2026-01-01T00:02:00+00:00,True
2026-01-01T00:04:56Z,ENG-DATASET-001,MSN-INJECTOR_DEGRADATION-001,LANDING,4000.0,23.0,0.23069385599929002,0.56930614400071,1510.1902551136538,397.90646212263357,126.65827357790074,49.18944333044252,279.97192063283416,6.768742242780532,3.055094435635763,14.2,1599.4384126566827,317.1546196656624,102.65827357790074,49.18944333044252,279.97192063283416,5.414993794224426,3.055094435635763,-89.24815754302881,80.75184245697119,24.0,0.0,0.0,1.3537484485561064,0.0,-0.055799683711976605,0.25461348329750977,0.2337853459203943,0.0,0.0,0.25,0.0,1,INJECTOR_DEGRADATION,1.0,2026-01-01T00:02:00+00:00,True
2026-01-01T00:04:57Z,ENG-DATASET-001,MSN-INJECTOR_DEGRADATION-001,LANDING,4000.0,23.0,0.23370732274496983,0.5662926772550302,1526.8402938336358,400.08449071413185,126.67386313607112,49.15803818983824,280.8006239878961,6.842432235355035,3.294569211318682,14.2,1616.012479757922,319.256676638418,102.67386313607112,49.15803818983824,280.8006239878961,5.473945788284028,3.294569211318682,-89.17218592428617,80.82781407571383,24.0,0.0,0.0,1.3684864470710068,0.0,-0.055180381984206044,0.253175015560465,0.23374984895808776,0.0,0.0,0.24999999999999997,0.0,1,INJECTOR_DEGRADATION,1.0,2026-01-01T00:02:00+00:00,True
2026-01-01T00:04:58Z,ENG-DATASET-001,MSN-INJECTOR_DEGRADATION-001,LANDING,4000.0,23.0,0.2369750312699874,0.5630249687300126,1550.4523872428877,408.00644796431993,126.74495025663778,49.13372444865279,281.69924383227595,6.922425835957167,3.9110439600641422,14.2,1633.9848766455186,321.53893736695085,102.74495025663778,49.13372444865279,281.69924383227595,5.537940668765733,3.9110439600641422,-83.53248940263097,86.46751059736908,24.0,0.0,0.0,1.3844851671914338,0.0,-0.0511219476976547,0.2689176972015974,0.23358812223912184,0.0,0.0,0.25000000000000006,0.0,1,INJECTOR_DEGRADATION,1.0,2026-01-01T00:02:00+00:00,True
2026-01-01T00:04:59Z,ENG-DATASET-001,MSN-INJECTOR_DEGRADATION-001,LANDING,4000.0,23.0,0.24044599007572326,0.5595540099242767,1577.3251178663304,418.2163820682865,126.86961558794954,49.1165813978393,282.6537575038533,7.007493737504577,4.050251426330839,14.2,1653.0751500770655,323.9664142790216,102.86961558794954,49.1165813978393,282.6537575038533,5.605994990003661,4.050251426330839,-75.75003221073507,94.24996778926493,24.0,0.0,0.0,1.4014987475009155,0.0,-0.04582370753513756,0.2909251195035623,0.23330504214318687,0.0,0.0,0.25000000000000006,0.0,1,INJECTOR_DEGRADATION,1.0,2026-01-01T00:02:00+00:00,True
2026-01-01T00:05:00Z,ENG-DATASET-001,MSN-INJECTOR_DEGRADATION-001,TAKEOFF,4000.0,23.0,0.8940660360109062,0.7559339639890938,5052.439854269782,1004.5235693063578,141.50938197308324,50.69944557965688,456.1492701360286,23.692356520056514,9.118493684183555,14.2,5122.985402720571,905.0691177571466,117.50938197308325,50.69944557965688,456.1492701360286,18.95388521604521,9.118493684183555,-70.54554845078928,99.45445154921117,23.999999999999986,0.0,0.0,4.738471304011302,0.0,-0.013770398098992423,0.10988602925229558,0.2042390113624922,0.0,0.0,0.24999999999999994,0.0,1,INJECTOR_DEGRADATION,1.0,2026-01-01T00:02:00+00:00,True
2026-01-01T00:00:01Z,ENG-DATASET-002,MSN-INJECTOR_DEGRADATION-002,TAKEOFF,2000.0,15.0,0.9037402420015569,0.7462597579984431,5231.5620522926165,1110.711375223676,51.767784380591905,22.913287531478606,461.57810261463084,25.335026832031204,9.459569616549603,14.2,5231.5620522926165,1110.711375223676,51.767784380591905,22.913287531478606,461.57810261463084,25.335026832031204,9.459569616549603,0.0,0.0,0.0,0.0,0.0,0.0,0.0,0.0,0.0,0.0,0.0,0.0,0.0,0.0,2,INJECTOR_DEGRADATION,0.0,2026-01-01T00:02:00+00:00,False
2026-01-01T00:00:02Z,ENG-DATASET-002,MSN-INJECTOR_DEGRADATION-002,TAKEOFF,2000.0,15.0,0.9074221187776357,0.7425778812223643,5251.81237456105,1114.8610683522513,75.962532651339,25.717714138314896,462.5906187280525,25.450753235744305,8.931312469548443,14.2,5251.81237456105,1114.8610683522513,75.962532651339,25.717714138314896,462.5906187280525,25.450753235744305,8.931312469548443,0.0,0.0,0.0,0.0,0.0,0.0,0.0,0.0,0.0,0.0,0.0,0.0,0.0,0.0,2,INJECTOR_DEGRADATION,0.0,2026-01-01T00:02:00+00:00,False
2026-01-01T00:00:03Z,ENG-DATASET-002,MSN-INJECTOR_DEGRADATION-002,TAKEOFF,2000.0,15.0,0.9109881758725814,0.7390118241274186,5271.425688583251,1118.8862597426303,97.83843587977086,28.417392966492205,463.5712844291626,25.562992579195992,9.020619601260911,14.2,5271.425688583251,1118.8862597426303,97.83843587977086,28.417392966492205,463.5712844291626,25.562992579195992,9.020619601260911,0.0,0.0,0.0,0.0,0.0,0.0,0.0,0.0,0.0,0.0,0.0,0.0,0.0,0.0,2,INJECTOR_DEGRADATION,0.0,2026-01-01T00:02:00+00:00,False
2026-01-01T00:00:04Z,ENG-DATASET-002,MSN-INJECTOR_DEGRADATION-002,TAKEOFF,2000.0,15.0,0.9143827661581261,0.7356172338418739,5290.095935153747,1122.7234349497355,117.62267816553717,31.016156704637307,464.50479675768736,25.66997555119346,9.631126335352254,14.2,5290.095935153747,1122.7234349497355,117.62267816553717,31.016156704637307,464.50479675768736,25.66997555119346,9.631126335352254,0.0,0.0,0.0,0.0,0.0,0.0,0.0,0.0,0.0,0.0,0.0,0.0,0.0,0.0,2,INJECTOR_DEGRADATION,0.0,2026-01-01T00:02:00+00:00,False
2026-01-01T00:00:05Z,ENG-DATASET-002,MSN-INJECTOR_DEGRADATION-002,TAKEOFF,2000.0,15.0,0.9175529181882139,0.7324470818117861,5307.53177131923,1126.3117872416497,135.5182050300247,33.51757437665262,465.3765885659615,25.77000911672402,9.918239398296606,14.2,5307.53177131923,1126.3117872416497,135.5182050300247,33.51757437665262,465.3765885659615,25.77000911672402,9.918239398296606,0.0,0.0,0.0,0.0,0.0,0.0,0.0,0.0,0.0,0.0,0.0,0.0,0.0,0.0,2,INJECTOR_DEGRADATION,0.0,2026-01-01T00:02:00+00:00,False
2026-01-01T00:00:06Z,ENG-DATASET-002,MSN-INJECTOR_DEGRADATION-002,TAKEOFF,2000.0,15.0,0.9204491628007,0.7295508371993,5323.461116687903,1129.5942239387723,151.70624012549152,35.924969184729996,466.17305583439514,25.86150439641673,9.498695966973807,14.2,5323.461116687903,1129.5942239387723,151.70624012549152,35.924969184729996,466.17305583439514,25.86150439641673,9.498695966973807,0.0,0.0,0.0,0.0,0.0,0.0,0.0,0.0,0.0,0.0,0.0,0.0,0.0,0.0,2,INJECTOR_DEGRADATION,0.0,2026-01-01T00:02:00+00:00,False
2026-01-01T00:00:07Z,ENG-DATASET-002,MSN-INJECTOR_DEGRADATION-002,TAKEOFF,2000.0,15.0,0.9230263050670808,0.7269736949329192,5337.635399152998,1132.518325680032,166.34857425494317,38.24143724687257,466.8817699576499,25.943003197222097,8.99921684167568,14.2,5337.635399152998,1132.518325680032,166.34857425494317,38.24143724687257,466.8817699576499,25.943003197222097,8.99921684167568,0.0,0.0,0.0,0.0,0.0,0.0,0.0,0.0,0.0,0.0,0.0,0.0,0.0,0.0,2,INJECTOR_DEGRADATION,0.0,2026-01-01T00:02:00+00:00,False
2026-01-01T00:00:08Z,ENG-DATASET-002,MSN-INJECTOR_DEGRADATION-002,TAKEOFF,2000.0,15.0,0.925244129544237,0.7247558704557631,5349.833433777357,1135.0372393836496,179.5896478140401,40.46986705419019,467.4916716888678,26.01320267198028,9.158218551663948,14.2,5349.833433777357,1135.0372393836496,179.5896478140401,40.46986705419019,467.4916716888678,26.01320267198028,9.158218551663948,0.0,0.0,0.0,0.0,0.0,0.0,0.0,0.0,0.0,0.0,0.0,0.0,0.0,0.0,2,INJECTOR_DEGRADATION,0.0,2026-01-01T00:02:00+00:00,False
2026-01-01T00:00:09Z,ENG-DATASET-002,MSN-INJECTOR_DEGRADATION-002,TAKEOFF,2000.0,15.0,0.9270680278229729,0.7229319721770271,5359.864874310404,1137.110486239738,191.55844518862955,42.6129594572958,467.99324371552024,26.0709776029349,9.767545813737328,14.2,5359.864874310404,1137.110486239738,191.55844518862955,42.6129594572958,467.99324371552024,26.0709776029349,9.767545813737328,0.0,0.0,0.0,0.0,0.0,0.0,0.0,0.0,0.0,0.0,0.0,0.0,0.0,0.0,2,INJECTOR_DEGRADATION,0.0,2026-01-01T00:02:00+00:00,False
2026-01-01T00:00:10Z,ENG-DATASET-002,MSN-INJECTOR_DEGRADATION-002,TAKEOFF,2000.0,15.0,0.9284695385806676,0.7215304614193324,5367.573183477725,1138.7046672361023,202.37021735066915,44.67324797835572,468.37865917388626,26.115399837215136,9.97038401746339,14.2,5367.573183477725,1138.7046672361023,202.37021735066915,44.67324797835572,468.37865917388626,26.115399837215136,9.97038401746339,0.0,0.0,0.0,0.0,0.0,0.0,0.0,0.0,0.0,0.0,0.0,0.0,0.0,0.0,2,INJECTOR_DEGRADATION,0.0,2026-01-01T00:02:00+00:00,False
2026-01-01T00:00:11Z,ENG-DATASET-002,MSN-INJECTOR_DEGRADATION-002,TAKEOFF,2000.0,15.0,0.9294267917106946,0.7205732082893054,5372.838075692875,1139.7940504752687,212.12804687748394,46.65311923592746,468.6419037846437,26.145754450758673,9.488544562967542,14.2,5372.838075692875,1139.7940504752687,212.12804687748394,46.65311923592746,468.6419037846437,26.145754450758673,9.488544562967542,0.0,0.0,0.0,0.0,0.0,0.0,0.0,0.0,0.0,0.0,0.0,0.0,0.0,0.0,2,INJECTOR_DEGRADATION,0.0,2026-01-01T00:02:00+00:00,False
2026-01-01T00:00:12Z,ENG-DATASET-002,MSN-INJECTOR_DEGRADATION-002,TAKEOFF,2000.0,15.0,0.9299248495981216,0.7200751504018784,5375.577394073722,1140.3610268570224,220.9242678611611,48.554833263795146,468.7788697036861,26.161552280182818,9.020825191427775,14.2,5375.577394073722,1140.3610268570224,220.9242678611611,48.554833263795146,468.7788697036861,26.161552280182818,9.020825191427775,0.0,0.0,0.0,0.0,0.0,0.0,0.0,0.0,0.0,0.0,0.0,0.0,0.0,0.0,2,INJECTOR_DEGRADATION,0.0,2026-01-01T00:02:00+00:00,False
2026-01-01T00:00:13Z,ENG-DATASET-002,MSN-INJECTOR_DEGRADATION-002,TAKEOFF,2000.0,15.0,0.929955940216195,0.720044059783805,5375.748392473126,1140.3964235124604,228.8417516628565,50.380543502669106,468.7874196236563,26.162538538038127,9.241727193759905,14.2,5375.748392473126,1140.3964235124604,228.8417516628565,50.380543502669106,468.7874196236563,26.162538538038127,9.241727193759905,0.0,0.0,0.0,0.0,0.0,0.0,0.0,0.0,0.0,0.0,0.0,0.0,0.0,0.0,2,INJECTOR_DEGRADATION,0.0,2026-01-01T00:02:00+00:00,False
2026-01-01T00:00:14Z,ENG-DATASET-002,MSN-INJECTOR_DEGRADATION-002,TAKEOFF,2000.0,15.0,0.9295195784062181,0.7204804215937819,5373.348402518253,1139.8996675902358,235.95506818632674,52.13231624488399,468.66742012591266,26.14869731327517,9.835045014884827,14.2,5373.348402518253,1139.8996675902358,235.95506818632674,52.13231624488399,468.66742012591266,26.14869731327517,9.835045014884827,0.0,0.0,0.0,0.0,0.0,0.0,0.0,0.0,0.0,0.0,0.0,0.0,0.0,0.0,2,INJECTOR_DEGRADATION,0.0,2026-01-01T00:02:00+00:00,False
2026-01-01T00:00:15Z,ENG-DATASET-002,MSN-INJECTOR_DEGRADATION-002,TAKEOFF,2000.0,15.0,0.9286225734482908,0.7213774265517092,5368.414875249653,1138.8787964967712,242.33153128011335,53.812149317081264,468.4207437624827,26.12025185258863,9.946881949366142,14.2,5368.414875249653,1138.8787964967712,242.33153128011335,53.812149317081264,468.4207437624827,26.12025185258863,9.946881949366142,0.0,0.0,0.0,0.0,0.0,0.0,0.0,0.0,0.0,0.0,0.0,0.0,0.0,0.0,2,INJECTOR_DEGRADATION,0.0,2026-01-01T00:02:00+00:00,False
2026-01-01T00:00:16Z,ENG-DATASET-002,MSN-INJECTOR_DEGRADATION-002,TAKEOFF,2000.0,15.0,0.9272789228047704,0.7227210771952296,5361.024796710291,1137.3503143459825,248.03213601075157,55.42198979421664,468.0512398355146,26.07766061609731,9.409067448742034,14.2,5361.024796710291,1137.3503143459825,248.03213601075157,55.42198979421664,468.0512398355146,26.07766061609731,9.409067448742034,0.0,0.0,0.0,0.0,0.0,0.0,0.0,0.0,0.0,0.0,0.0,0.0,0.0,0.0,2,INJECTOR_DEGRADATION,0.0,2026-01-01T00:02:00+00:00,False
2026-01-01T00:00:17Z,ENG-DATASET-002,MSN-INJECTOR_DEGRADATION-002,TAKEOFF,2000.0,15.0,0.9255095936945535,0.7244904063054465,5351.293486604098,1135.3388980374882,253.11239486061362,56.96375054995366,467.5646743302049,26.021609198863878,8.980214939068619,14.2,5351.293486604098,1135.3388980374882,253.11239486061362,56.96375054995366,467.5646743302049,26.021609198863878,8.980214939068619,0.0,0.0,0.0,0.0,0.0,0.0,0.0,0.0,0.0,0.0,0.0,0.0,0.0,0.0,2,INJECTOR_DEGRADATION,0.0,2026-01-01T00:02:00+00:00,False
2026-01-01T00:00:18Z,ENG-DATASET-002,MSN-INJECTOR_DEGRADATION-002,TAKEOFF,2000.0,15.0,0.9233421959066377,0.7266578040933623,5339.372798770561,1132.8769599116035,257.6230793723423,58.43932546340304,466.96863993852804,25.95299830432415,9.25906055375315,14.2,5339.372798770561,1132.8769599116035,257.6230793723423,58.43932546340304,466.96863993852804,25.95299830432415,9.25906055375315,0.0,0.0,0.0,0.0,0.0,0.0,0.0,0.0,0.0,0.0,0.0,0.0,0.0,0.0,2,INJECTOR_DEGRADATION,0.0,2026-01-01T00:02:00+00:00,False
2026-01-01T00:00:19Z,ENG-DATASET-002,MSN-INJECTOR_DEGRADATION-002,TAKEOFF,2000.0,15.0,0.9208105509585982,0.7291894490414018,5325.448751556344,1130.0040771892711,261.61087336483985,59.85060312000602,466.27243757781724,25.87292804326545,9.826912998415068,14.2,5325.448751556344,1130.0040771892711,261.61087336483985,59.85060312000602,466.27243757781724,25.87292804326545,9.826912998415068,0.0,0.0,0.0,0.0,0.0,0.0,0.0,0.0,0.0,0.0,0.0,0.0,0.0,0.0,2,INJECTOR_DEGRADATION,0.0,2026-01-01T00:02:00+00:00,False
2026-01-01T00:00:20Z,ENG-DATASET-002,MSN-INJECTOR_DEGRADATION-002,TAKEOFF,2000.0,15.0,0.9179541643231187,0.7320458356768813,5309.738625061206,1126.766301276199,265.11894356026085,61.199478864854306,465.48693125306033,25.78267890946452,9.847801911265908,14.2,5309.738625061206,1126.766301276199,265.11894356026085,61.199478864854306,465.48693125306033,25.78267890946452,9.847801911265908,0.0,0.0,0.0,0.0,0.0,0.0,0.0,0.0,0.0,0.0,0.0,0.0,0.0,0.0,2,INJECTOR_DEGRADATION,0.0,2026-01-01T00:02:00+00:00,False
2026-01-01T00:00:21Z,ENG-DATASET-002,MSN-INJECTOR_DEGRADATION-002,TAKEOFF,2000.0,15.0,0.9148176089583027,0.7351823910416974,5292.487570554718,1123.215362396848,268.18743326415597,62.48786508956529,464.6243785277359,25.683689847955943,9.266502114935436,14.2,5292.487570554718,1123.215362396848,268.18743326415597,62.48786508956529,464.6243785277359,25.683689847955943,9.266502114935436,0.0,0.0,0.0,0.0,0.0,0.0,0.0,0.0,0.0,0.0,0.0,0.0,0.0,0.0,2,INJECTOR_DEGRADATION,0.0,2026-01-01T00:02:00+00:00,False
2026-01-01T00:00:22Z,ENG-DATASET-002,MSN-INJECTOR_DEGRADATION-002,TAKEOFF,2000.0,15.0,0.91144982976157,0.7385501702384301,5273.964784972688,1119.4077868574184,270.85388460917585,63.71769965862798,463.6982392486344,25.577533882356533,8.888048151230535,14.2,5273.964784972688,1119.4077868574184,270.85388460917585,63.71769965862798,463.6982392486344,25.577533882356533,8.888048151230535,0.0,0.0,0.0,0.0,0.0,0.0,0.0,0.0,0.0,0.0,0.0,0.0,0.0,0.0,2,INJECTOR_DEGRADATION,0.0,2026-01-01T00:02:00+00:00,False
2026-01-01T00:00:23Z,ENG-DATASET-002,MSN-INJECTOR_DEGRADATION-002,TAKEOFF,2000.0,15.0,0.9079033798009026,0.7420966201990974,5254.459310189018,1115.4039454805395,273.15359478527176,64.8909524075101,462.7229655094509,25.4658918027161,9.224814402482016,14.2,5254.459310189018,1115.4039454805395,273.15359478527176,64.8909524075101,462.7229655094509,25.4658918027161,9.224814402482016,0.0,0.0,0.0,0.0,0.0,0.0,0.0,0.0,0.0,0.0,0.0,0.0,0.0,0.0,2,INJECTOR_DEGRADATION,0.0,2026-01-01T00:02:00+00:00,False
2026-01-01T00:00:24Z,ENG-DATASET-002,MSN-INJECTOR_DEGRADATION-002,TAKEOFF,2000.0,15.0,0.904233600241796,0.745766399758204,5234.275522613932,1111.2670524019943,275.11991161679447,66.00962967235546,461.7137761306966,25.35052443479592,9.762914247434415,14.2,5234.275522613932,1111.2670524019943,275.11991161679447,66.00962967235546,461.7137761306966,25.35052443479592,9.762914247434415,0.0,0.0,0.0,0.0,0.0,0.0,0.0,0.0,0.0,0.0,0.0,0.0,0.0,0.0,2,INJECTOR_DEGRADATION,0.0,2026-01-01T00:02:00+00:00,False
2026-01-01T00:00:25Z,ENG-DATASET-002,MSN-INJECTOR_DEGRADATION-002,TAKEOFF,2000.0,15.0,0.9004977567668805,0.7495022432331195,5213.728383501896,1107.0621334955974,276.78447379250497,67.0757768393676,460.68641917509484,25.23324401605679,9.698923039367585,14.2,5213.728383501896,1107.0621334955974,276.78447379250497,67.0757768393676,460.68641917509484,25.23324401605679,9.698923039367585,0.0,0.0,0.0,0.0,0.0,0.0,0.0,0.0,0.0,0.0,0.0,0.0,0.0,0.0,2,INJECTOR_DEGRADATION,0.0,2026-01-01T00:02:00+00:00,False
2026-01-01T00:00:26Z,ENG-DATASET-002,MSN-INJECTOR_DEGRADATION-002,TAKEOFF,2000.0,15.0,0.8967541459640967,0.7532458540359033,5193.138524086586,1102.8549832461044,278.1774009944071,68.09147893052679,459.6569262043293,25.115885194198547,9.091432201850076,14.2,5193.138524086586,1102.8549832461044,278.1774009944071,68.09147893052679,459.6569262043293,25.115885194198547,9.091432201850076,0.0,0.0,0.0,0.0,0.0,0.0,0.0,0.0,0.0,0.0,0.0,0.0,0.0,0.0,2,INJECTOR_DEGRADATION,0.0,2026-01-01T00:02:00+00:00,False
2026-01-01T00:00:27Z,ENG-DATASET-002,MSN-INJECTOR_DEGRADATION-002,TAKEOFF,2000.0,15.0,0.8930611856279393,0.7569388143720607,5172.8272422377195,1098.711127993023,279.32743909479194,69.05885927067261,458.641362111886,25.000276142610936,8.777623039132507,14.2,5172.8272422377195,1098.711127993023,279.32743909479194,69.05885927067261,458.641362111886,25.000276142610936,8.777623039132507,0.0,0.0,0.0,0.0,0.0,0.0,0.0,0.0,0.0,0.0,0.0,0.0,0.0,0.0,2,INJECTOR_DEGRADATION,0.0,2026-01-01T00:02:00+00:00,False
2026-01-01T00:00:28Z,ENG-DATASET-002,MSN-INJECTOR_DEGRADATION-002,TAKEOFF,2000.0,15.0,0.8894765031693115,0.7605234968306887,5153.111488715266,1094.6948122064332,280.26206549047356,69.98007630875713,457.6555744357633,24.888210255738596,9.17437487293379,14.2,5153.111488715266,1094.6948122064332,280.26206549047356,69.98007630875713,457.6555744357633,24.888210255738596,9.17437487293379,0.0,0.0,0.0,0.0,0.0,0.0,0.0,0.0,0.0,0.0,0.0,0.0,0.0,0.0,2,INJECTOR_DEGRADATION,0.0,2026-01-01T00:02:00+00:00,False
2026-01-01T00:00:29Z,ENG-DATASET-002,MSN-INJECTOR_DEGRADATION-002,TAKEOFF,2000.0,15.0,0.8860560363590517,0.7639439636409483,5134.298921258838,1090.8680229240642,281.0075595145278,70.8573186927969,456.7149460629419,24.781418848523554,9.681522586266553,14.2,5134.298921258838,1090.8680229240642,281.0075595145278,70.8573186927969,456.7149460629419,24.781418848523554,9.681522586266553,0.0,0.0,0.0,0.0,0.0,0.0,0.0,0.0,0.0,0.0,0.0,0.0,0.0,0.0,2,INJECTOR_DEGRADATION,0.0,2026-01-01T00:02:00+00:00,False
2026-01-01T00:00:30Z,ENG-DATASET-002,MSN-INJECTOR_DEGRADATION-002,CLIMB,4000.0,15.0,0.7628531604377298,0.6671468395622704,4466.329258722742,792.4357767967932,274.2176979829949,70.91839382143034,423.3164629361371,16.709050979770918,8.366663216204433,14.2,4466.329258722742,792.4357767967932,274.2176979829949,70.91839382143034,423.3164629361371,16.709050979770918,8.366663216204433,0.0,0.0,0.0,0.0,0.0,0.0,0.0,0.0,0.0,0.0,0.0,0.0,0.0,0.0,2,INJECTOR_DEGRADATION,0.0,2026-01-01T00:02:00+00:00,False
2026-01-01T00:00:31Z,ENG-DATASET-002,MSN-INJECTOR_DEGRADATION-002,CLIMB,4000.0,15.0,0.7599178552128679,0.6700821447871321,4450.185079986003,789.892307661552,268.0432358762342,70.9717843284455,422.5092539993002,16.639614140866463,7.7521041006201346,14.2,4450.185079986003,789.892307661552,268.0432358762342,70.9717843284455,422.5092539993002,16.639614140866463,7.7521041006201346,0.0,0.0,0.0,0.0,0.0,0.0,0.0,0.0,0.0,0.0,0.0,0.0,0.0,0.0,2,INJECTOR_DEGRADATION,0.0,2026-01-01T00:02:00+00:00,False
2026-01-01T00:00:32Z,ENG-DATASET-002,MSN-INJECTOR_DEGRADATION-002,CLIMB,4000.0,15.0,0.7572959251407622,0.6727040748592379,4435.764464589421,787.6230116453372,262.4294875797442,71.01835719719413,421.78822322947104,16.577654152393922,7.516781240812689,14.2,4435.764464589421,787.6230116453372,262.4294875797442,71.01835719719413,421.78822322947104,16.577654152393922,7.516781240812689,0.0,0.0,0.0,0.0,0.0,0.0,0.0,0.0,0.0,0.0,0.0,0.0,0.0,0.0,2,INJECTOR_DEGRADATION,0.0,2026-01-01T00:02:00+00:00,False
2026-01-01T00:00:33Z,ENG-DATASET-002,MSN-INJECTOR_DEGRADATION-002,CLIMB,4000.0,15.0,0.7550282845632604,0.6749717154367396,4423.292441413161,785.662354225632,257.3280976774106,71.05901779301871,421.1646220706581,16.52411495948621,7.9746143319071585,14.2,4423.292441413161,785.662354225632,257.3280976774106,71.05901779301871,421.1646220706581,16.52411495948621,7.9746143319071585,0.0,0.0,0.0,0.0,0.0,0.0,0.0,0.0,0.0,0.0,0.0,0.0,0.0,0.0,2,INJECTOR_DEGRADATION,0.0,2026-01-01T00:02:00+00:00,False
2026-01-01T00:00:34Z,ENG-DATASET-002,MSN-INJECTOR_DEGRADATION-002,CLIMB,4000.0,15.0,0.7531503192531426,0.6768496807468575,4412.963632207512,784.0400213608095,252.69628844368978,71.09469845552796,420.6481816103756,16.479809992215486,8.449593264495928,14.2,4412.963632207512,784.0400213608095,252.69628844368978,71.09469845552796,420.6481816103756,16.479809992215486,8.449593264495928,0.0,0.0,0.0,0.0,0.0,0.0,0.0,0.0,0.0,0.0,0.0,0.0,0.0,0.0,2,INJECTOR_DEGRADATION,0.0,2026-01-01T00:02:00+00:00,False
2026-01-01T00:00:35Z,ENG-DATASET-002,MSN-INJECTOR_DEGRADATION-002,CLIMB,4000.0,15.0,0.7516913342309711,0.6783086657690289,4404.93921458557,782.7805120513485,248.4961724006045,71.12634656114011,420.2469607292785,16.445410824049304,8.244594734338895,14.2,4404.93921458557,782.7805120513485,248.4961724006045,71.12634656114011,420.2469607292785,16.445410824049304,8.244594734338895,0.0,0.0,0.0,0.0,0.0,0.0,0.0,0.0,0.0,0.0,0.0,0.0,0.0,0.0,2,INJECTOR_DEGRADATION,0.0,2026-01-01T00:02:00+00:00,False
2026-01-01T00:00:36Z,ENG-DATASET-002,MSN-INJECTOR_DEGRADATION-002,CLIMB,4000.0,15.0,0.7506740964700471,0.6793259035299529,4399.344406900488,781.9028060388036,244.69412531151414,71.15491224652612,419.96722034502443,16.42143790335535,7.640393356393269,14.2,4399.344406900488,781.9028060388036,244.69412531151414,71.15491224652612,419.96722034502443,16.42143790335535,7.640393356393269,0.0,0.0,0.0,0.0,0.0,0.0,0.0,0.0,0.0,0.0,0.0,0.0,0.0,0.0,2,INJECTOR_DEGRADATION,0.0,2026-01-01T00:02:00+00:00,False
2026-01-01T00:00:37Z,ENG-DATASET-002,MSN-INJECTOR_DEGRADATION-002,CLIMB,4000.0,15.0,0.7501144796254057,0.6798855203745944,4396.2665142549595,781.4201088289401,241.26021550108624,71.18133598870268,419.813325712748,16.408253429935435,7.493604356806814,14.2,4396.2665142549595,781.4201088289401,241.26021550108624,71.18133598870268,419.813325712748,16.408253429935435,7.493604356806814,0.0,0.0,0.0,0.0,0.0,0.0,0.0,0.0,0.0,0.0,0.0,0.0,0.0,0.0,2,INJECTOR_DEGRADATION,0.0,2026-01-01T00:02:00+00:00,False
2026-01-01T00:00:38Z,ENG-DATASET-002,MSN-INJECTOR_DEGRADATION-002,CLIMB,4000.0,15.0,0.7500212163307387,0.6799787836692613,4395.753566134292,781.3396755580326,238.16768583992842,71.20653623959457,419.7876783067146,16.406056428159253,8.009572403020353,14.2,4395.753566134292,781.3396755580326,238.16768583992842,71.20653623959457,419.7876783067146,16.406056428159253,8.009572403020353,0.0,0.0,0.0,0.0,0.0,0.0,0.0,0.0,0.0,0.0,0.0,0.0,0.0,0.0,2,INJECTOR_DEGRADATION,0.0,2026-01-01T00:02:00+00:00,False
2026-01-01T00:00:39Z,ENG-DATASET-002,MSN-INJECTOR_DEGRADATION-002,CLIMB,4000.0,15.0,0.7503957619285668,0.6796042380714332,4397.813566922347,781.6627146693589,235.39248512266954,71.23139731187547,419.89067834611734,16.414880050423967,8.44825664542533,14.2,4397.813566922347,781.6627146693589,235.39248512266954,71.23139731187547,419.89067834611734,16.414880050423967,8.44825664542533,0.0,0.0,0.0,0.0,0.0,0.0,0.0,0.0,0.0,0.0,0.0,0.0,0.0,0.0,2,INJECTOR_DEGRADATION,0.0,2026-01-01T00:02:00+00:00,False
2026-01-01T00:00:40Z,ENG-DATASET-002,MSN-INJECTOR_DEGRADATION-002,CLIMB,4000.0,15.0,0.7512322717601059,0.6787677282398942,4402.414370995811,782.3843718998633,232.91284590789917,71.25675770882145,420.1207185497906,16.4345911287179,8.184482096639545,14.2,4402.414370995811,782.3843718998633,232.91284590789917,71.25675770882145,420.1207185497906,16.4345911287179,8.184482096639545,0.0,0.0,0.0,0.0,0.0,0.0,0.0,0.0,0.0,0.0,0.0,0.0,0.0,0.0,2,INJECTOR_DEGRADATION,0.0,2026-01-01T00:02:00+00:00,False
2026-01-01T00:00:41Z,ENG-DATASET-002,MSN-INJECTOR_DEGRADATION-002,CLIMB,4000.0,15.0,0.7525176923692127,0.6774823076307873,4409.484184345899,783.4937946581083,230.70890618356196,71.28339908383442,420.47420921729497,16.464891977197716,7.603560835484413,14.2,4409.484184345899,783.4937946581083,230.70890618356196,71.28339908383442,420.47420921729497,16.464891977197716,7.603560835484413,0.0,0.0,0.0,0.0,0.0,0.0,0.0,0.0,0.0,0.0,0.0,0.0,0.0,0.0,2,INJECTOR_DEGRADATION,0.0,2026-01-01T00:02:00+00:00,False
2026-01-01T00:00:42Z,ENG-DATASET-002,MSN-INJECTOR_DEGRADATION-002,CLIMB,4000.0,15.0,0.7542319651972023,0.6757680348027978,4418.912684899841,784.9742764639269,228.76237247680393,71.31203600532544,420.9456342449921,16.505324434002404,7.549149171609379,14.2,4418.912684899841,784.9742764639269,228.76237247680393,71.31203600532544,420.9456342449921,16.505324434002404,7.549149171609379,0.0,0.0,0.0,0.0,0.0,0.0,0.0,0.0,0.0,0.0,0.0,0.0,0.0,0.0,2,INJECTOR_DEGRADATION,0.0,2026-01-01T00:02:00+00:00,False
2026-01-01T00:00:43Z,ENG-DATASET-002,MSN-INJECTOR_DEGRADATION-002,CLIMB,4000.0,15.0,0.7563483395899472,0.6736516604100529,4430.552744059938,786.8034806769665,227.0562222460477,71.34330668994386,421.5276372029969,16.555276115112903,8.114384158836272,14.2,4430.552744059938,786.8034806769665,227.0562222460477,71.34330668994386,421.5276372029969,16.555276115112903,8.114384158836272,0.0,0.0,0.0,0.0,0.0,0.0,0.0,0.0,0.0,0.0,0.0,0.0,0.0,0.0,2,INJECTOR_DEGRADATION,0.0,2026-01-01T00:02:00+00:00,False
2026-01-01T00:00:44Z,ENG-DATASET-002,MSN-INJECTOR_DEGRADATION-002,CLIMB,4000.0,15.0,0.7588337902328882,0.6711662097671118,4444.222722596114,788.9537422272264,225.5744435771236,71.37776485189707,422.2111361298057,16.613988836066962,8.508211485639938,14.2,4444.222722596114,788.9537422272264,225.5744435771236,71.37776485189707,422.2111361298057,16.613988836066962,8.508211485639938,0.0,0.0,0.0,0.0,0.0,0.0,0.0,0.0,0.0,0.0,0.0,0.0,0.0,0.0,2,INJECTOR_DEGRADATION,0.0,2026-01-01T00:02:00+00:00,False
2026-01-01T00:00:45Z,ENG-DATASET-002,MSN-INJECTOR_DEGRADATION-002,CLIMB,4000.0,15.0,0.7616495325000231,0.668350467499977,4459.709305065356,791.3924454424184,224.3018103554717,71.41587279856347,422.98546525326776,16.680569138018917,8.188417213454356,14.2,4459.709305065356,791.3924454424184,224.3018103554717,71.41587279856347,422.98546525326776,16.680569138018917,8.188417213454356,0.0,0.0,0.0,0.0,0.0,0.0,0.0,0.0,0.0,0.0,0.0,0.0,0.0,0.0,2,INJECTOR_DEGRADATION,0.0,2026-01-01T00:02:00+00:00,False
2026-01-01T00:00:46Z,ENG-DATASET-002,MSN-INJECTOR_DEGRADATION-002,CLIMB,4000.0,15.0,0.7647516276750222,0.6652483723249778,4476.770828527851,794.0824753188494,223.22369120289576,71.45799588303285,423.83854142639257,16.754000832439484,7.638100968654294,14.2,4476.770828527851,794.0824753188494,223.22369120289576,71.45799588303285,423.83854142639257,16.754000832439484,7.638100968654294,0.0,0.0,0.0,0.0,0.0,0.0,0.0,0.0,0.0,0.0,0.0,0.0,0.0,0.0,2,INJECTOR_DEGRADATION,0.0,2026-01-01T00:02:00+00:00,False
2026-01-01T00:00:47Z,ENG-DATASET-002,MSN-INJECTOR_DEGRADATION-002,CLIMB,4000.0,15.0,0.7680916686002026,0.6619083313997974,4495.141053616343,796.9827386888733,222.32589054982802,71.50439840291843,424.7570526808172,16.83315945336472,7.67316172968935,14.2,4495.141053616343,796.9827386888733,222.32589054982802,71.50439840291843,424.7570526808172,16.83315945336472,7.67316172968935,0.0,0.0,0.0,0.0,0.0,0.0,0.0,0.0,0.0,0.0,0.0,0.0,0.0,0.0,2,INJECTOR_DEGRADATION,0.0,2026-01-01T00:02:00+00:00,False
2026-01-01T00:00:48Z,ENG-DATASET-002,MSN-INJECTOR_DEGRADATION-002,CLIMB,4000.0,15.0,0.7716175350540323,0.6583824649459677,4514.533319112406,800.048750695005,221.59452026222033,71.5552410121047,425.7266659556203,16.91682847749391,8.272950517513344,14.2,4514.533319112406,800.048750695005,221.59452026222033,71.5552410121047,425.7266659556203,16.91682847749391,8.272950517513344,0.0,0.0,0.0,0.0,0.0,0.0,0.0,0.0,0.0,0.0,0.0,0.0,0.0,0.0,2,INJECTOR_DEGRADATION,0.0,2026-01-01T00:02:00+00:00,False
2026-01-01T00:00:49Z,ENG-DATASET-002,MSN-INJECTOR_DEGRADATION-002,CLIMB,4000.0,15.0,0.7752742070697557,0.6547257929302444,4534.645015198885,803.2332807980706,221.01590025595007,71.61057968838017,426.73225075994424,17.003717140885268,8.609392071800613,14.2,4534.645015198885,803.2332807980706,221.01590025595007,71.61057968838017,426.73225075994424,17.003717140885268,8.609392071800613,0.0,0.0,0.0,0.0,0.0,0.0,0.0,0.0,0.0,0.0,0.0,0.0,0.0,0.0,2,INJECTOR_DEGRADATION,0.0,2026-01-01T00:02:00+00:00,False
2026-01-01T00:00:50Z,ENG-DATASET-002,MSN-INJECTOR_DEGRADATION-002,CLIMB,4000.0,15.0,0.7790046235035734,0.6509953764964267,4555.162305584882,806.4870512479293,220.5764865115533,71.67036627552216,427.7581152792441,17.09247964712506,8.232860800470178,14.2,4555.162305584882,806.4870512479293,220.5764865115533,71.67036627552216,427.7581152792441,17.09247964712506,8.232860800470178,0.0,0.0,0.0,0.0,0.0,0.0,0.0,0.0,0.0,0.0,0.0,0.0,0.0,0.0,2,INJECTOR_DEGRADATION,0.0,2026-01-01T00:02:00+00:00,False
2026-01-01T00:00:51Z,ENG-DATASET-002,MSN-INJECTOR_DEGRADATION-002,CLIMB,4000.0,15.0,0.7827505724547054,0.6472494275452947,4575.765024816107,809.7594795679547,220.26282484959683,71.73445059373405,428.7882512408054,17.181735526598167,7.71584303460527,14.2,4575.765024816107,809.7594795679547,220.26282484959683,71.73445059373405,428.7882512408054,17.181735526598167,7.71584303460527,0.0,0.0,0.0,0.0,0.0,0.0,0.0,0.0,0.0,0.0,0.0,0.0,0.0,0.0,2,INJECTOR_DEGRADATION,0.0,2026-01-01T00:02:00+00:00,False
2026-01-01T00:00:52Z,ENG-DATASET-002,MSN-INJECTOR_DEGRADATION-002,CLIMB,4000.0,15.0,0.7864535996426345,0.6435464003573655,4596.131674349718,812.9994551994528,220.06152874462347,71.80258408776734,429.8065837174859,17.270090871127486,7.832234248968119,14.2,4596.131674349718,812.9994551994528,220.06152874462347,71.80258408776734,429.8065837174859,17.270090871127486,7.832234248968119,0.0,0.0,0.0,0.0,0.0,0.0,0.0,0.0,0.0,0.0,0.0,0.0,0.0,0.0,2,INJECTOR_DEGRADATION,0.0,2026-01-01T00:02:00+00:00,False
2026-01-01T00:00:53Z,ENG-DATASET-002,MSN-INJECTOR_DEGRADATION-002,CLIMB,4000.0,15.0,0.7900559205666026,0.6399440794333975,4615.944439431542,816.1561390815027,219.9592793471987,71.87442495797497,430.79722197157713,17.356160134298182,8.448080164210197,14.2,4615.944439431542,816.1561390815027,219.9592793471987,71.87442495797497,430.79722197157713,17.356160134298182,8.448080164210197,0.0,0.0,0.0,0.0,0.0,0.0,0.0,0.0,0.0,0.0,0.0,0.0,0.0,0.0,2,INJECTOR_DEGRADATION,0.0,2026-01-01T00:02:00+00:00,False
2026-01-01T00:00:54Z,ENG-DATASET-002,MSN-INJECTOR_DEGRADATION-002,CLIMB,4000.0,15.0,0.7935013222134185,0.6364986777865815,4634.89414848903,819.1797736759161,219.94284575437672,71.94954469631503,431.7447074244515,17.438588156962016,8.712977998691436,14.2,4634.89414848903,819.1797736759161,219.94284575437672,71.94954469631503,431.7447074244515,17.438588156962016,8.712977998691436,0.0,0.0,0.0,0.0,0.0,0.0,0.0,0.0,0.0,0.0,0.0,0.0,0.0,0.0,2,INJECTOR_DEGRADATION,0.0,2026-01-01T00:02:00+00:00,False
2026-01-01T00:00:55Z,ENG-DATASET-002,MSN-INJECTOR_DEGRADATION-002,CLIMB,4000.0,15.0,0.7967360402427283,0.6332639597572718,4652.685097650234,822.0224898612726,219.99912342547086,72.02743592731669,432.6342548825117,17.516072051549724,8.27792994720251,14.2,4652.685097650234,822.0224898612726,219.99912342547086,72.02743592731669,432.6342548825117,17.516072051549724,8.27792994720251,0.0,0.0,0.0,0.0,0.0,0.0,0.0,0.0,0.0,0.0,0.0,0.0,0.0,0.0,2,INJECTOR_DEGRADATION,0.0,2026-01-01T00:02:00+00:00,False
2026-01-01T00:00:56Z,ENG-DATASET-002,MSN-INJECTOR_DEGRADATION-002,CLIMB,4000.0,15.0,0.7997095979615637,0.6302904020384363,4669.039665103829,824.6390962899022,220.11518849017133,72.1075214335762,433.45198325519146,17.58738255973048,7.794867656803471,14.2,4669.039665103829,824.6390962899022,220.11518849017133,72.1075214335762,433.45198325519146,17.58738255973048,7.794867656803471,0.0,0.0,0.0,0.0,0.0,0.0,0.0,0.0,0.0,0.0,0.0,0.0,0.0,0.0,2,INJECTOR_DEGRADATION,0.0,2026-01-01T00:02:00+00:00,False
2026-01-01T00:00:57Z,ENG-DATASET-002,MSN-INJECTOR_DEGRADATION-002,CLIMB,4000.0,15.0,0.8023755939962547,0.6276244060037454,4683.702643294629,826.9878362980688,220.27836554860593,72.18916422679013,434.18513216473144,17.651384487346338,7.982198587659396,14.2,4683.702643294629,826.9878362980688,220.27836554860593,72.18916422679013,434.18513216473144,17.651384487346338,7.982198587659396,0.0,0.0,0.0,0.0,0.0,0.0,0.0,0.0,0.0,0.0,0.0,0.0,0.0,0.0,2,INJECTOR_DEGRADATION,0.0,2026-01-01T00:02:00+00:00,False
2026-01-01T00:00:58Z,ENG-DATASET-002,MSN-INJECTOR_DEGRADATION-002,CLIMB,4000.0,15.0,0.8046924263703452,0.6253075736296548,4696.445221352127,829.031097343558,220.4763064273343,72.27167850894352,434.8222610676064,17.707055819871513,8.595150190371672,14.2,4696.445221352127,829.031097343558,220.4763064273343,72.27167850894352,434.8222610676064,17.707055819871513,8.595150190371672,0.0,0.0,0.0,0.0,0.0,0.0,0.0,0.0,0.0,0.0,0.0,0.0,0.0,0.0,2,INJECTOR_DEGRADATION,0.0,2026-01-01T00:02:00+00:00,False
2026-01-01T00:00:59Z,ENG-DATASET-002,MSN-INJECTOR_DEGRADATION-002,CLIMB,4000.0,15.0,0.8066239416895222,0.6233760583104778,4707.068555607601,830.7360582627177,220.6970772411688,72.35434135430931,435.3534277803801,17.753505131990437,8.776081116212193,14.2,4707.068555607601,830.7360582627177,220.6970772411688,72.35434135430931,435.3534277803801,17.753505131990437,8.776081116212193,0.0,0.0,0.0,0.0,0.0,0.0,0.0,0.0,0.0,0.0,0.0,0.0,0.0,0.0,2,INJECTOR_DEGRADATION,0.0,2026-01-01T00:02:00+00:00,False
2026-01-01T00:01:00Z,ENG-DATASET-002,MSN-INJECTOR_DEGRADATION-002,CLIMB,4000.0,15.0,0.8081399993032422,0.6218600006967578,4715.40687248306,832.075260418092,220.92925102750422,72.43640493159926,435.77034362415304,17.78998692687618,8.282882876398679,14.2,4715.40687248306,832.075260418092,220.92925102750422,72.43640493159926,435.77034362415304,17.78998692687618,8.282882876398679,0.0,0.0,0.0,0.0,0.0,0.0,0.0,0.0,0.0,0.0,0.0,0.0,0.0,0.0,2,INJECTOR_DEGRADATION,0.0,2026-01-01T00:02:00+00:00,False
2026-01-01T00:01:01Z,ENG-DATASET-002,MSN-INJECTOR_DEGRADATION-002,CLIMB,4000.0,15.0,0.8092169416395014,0.6207830583604986,4721.330055332486,833.0270900530528,221.16200317608013,72.51710907711235,436.06650276662435,17.81591457445247,7.835575827060449,14.2,4721.330055332486,833.0270900530528,221.16200317608013,72.51710907711235,436.06650276662435,17.81591457445247,7.835575827060449,0.0,0.0,0.0,0.0,0.0,0.0,0.0,0.0,0.0,0.0,0.0,0.0,0.0,0.0,2,INJECTOR_DEGRADATION,0.0,2026-01-01T00:02:00+00:00,False
2026-01-01T00:01:02Z,ENG-DATASET-002,MSN-INJECTOR_DEGRADATION-002,CLIMB,4000.0,15.0,0.8098379633733354,0.6201620366266647,4724.745674868573,833.5761608620858,221.38520688002427,72.59569402418677,436.23728374342863,17.83087056281862,8.084544024710382,14.2,4724.745674868573,833.5761608620858,221.38520688002427,72.59569402418677,436.23728374342863,17.83087056281862,8.084544024710382,0.0,0.0,0.0,0.0,0.0,0.0,0.0,0.0,0.0,0.0,0.0,0.0,0.0,0.0,2,INJECTOR_DEGRADATION,0.0,2026-01-01T00:02:00+00:00,False
2026-01-01T00:01:03Z,ENG-DATASET-002,MSN-INJECTOR_DEGRADATION-002,CLIMB,4000.0,15.0,0.8099933736682935,0.6200066263317066,4725.600431490843,833.7135878807674,221.58952588904103,72.67141309176206,436.28002157454216,17.834613831983518,8.678596999328168,14.2,4725.600431490843,833.7135878807674,221.58952588904103,72.67141309176206,436.28002157454216,17.834613831983518,8.678596999328168,0.0,0.0,0.0,0.0,0.0,0.0,0.0,0.0,0.0,0.0,0.0,0.0,0.0,0.0,2,INJECTOR_DEGRADATION,0.0,2026-01-01T00:02:00+00:00,False
2026-01-01T00:01:04Z,ENG-DATASET-002,MSN-INJECTOR_DEGRADATION-002,CLIMB,4000.0,15.0,0.8096807473987014,0.6203192526012986,4723.880987008086,833.4371462312581,221.7665019559184,72.74354513543864,436.19404935040427,17.82708402241074,8.768025953152875,14.2,4723.880987008086,833.4371462312581,221.7665019559184,72.74354513543864,436.19404935040427,17.82708402241074,8.768025953152875,0.0,0.0,0.0,0.0,0.0,0.0,0.0,0.0,0.0,0.0,0.0,0.0,0.0,0.0,2,INJECTOR_DEGRADATION,0.0,2026-01-01T00:02:00+00:00,False
2026-01-01T00:01:05Z,ENG-DATASET-002,MSN-INJECTOR_DEGRADATION-002,CLIMB,4000.0,15.0,0.8089049629929357,0.6210950370070644,4719.614172776375,832.7513109406577,221.90863453384299,72.81140656807214,435.9807086388188,17.808402540452537,8.221939368449581,14.2,4719.614172776375,832.7513109406577,221.90863453384299,72.81140656807214,435.9807086388188,17.808402540452537,8.221939368449581,0.0,0.0,0.0,0.0,0.0,0.0,0.0,0.0,0.0,0.0,0.0,0.0,0.0,0.0,2,INJECTOR_DEGRADATION,0.0,2026-01-01T00:02:00+00:00,False
2026-01-01T00:01:06Z,ENG-DATASET-002,MSN-INJECTOR_DEGRADATION-002,CLIMB,4000.0,15.0,0.8076781263071803,0.6223218736928198,4712.866571004721,831.6671768793022,222.00945050244124,72.87436276360432,435.64332855023605,17.778870416014826,7.815831301765624,14.2,4712.866571004721,831.6671768793022,222.00945050244124,72.87436276360432,435.64332855023605,17.778870416014826,7.815831301765624,0.0,0.0,0.0,0.0,0.0,0.0,0.0,0.0,0.0,0.0,0.0,0.0,0.0,0.0,2,INJECTOR_DEGRADATION,0.0,2026-01-01T00:02:00+00:00,False
2026-01-01T00:01:07Z,ENG-DATASET-002,MSN-INJECTOR_DEGRADATION-002,CLIMB,4000.0,15.0,0.8060193817175902,0.6239806182824098,4703.743475761975,830.2022607333486,222.06356197053083,72.93183866740523,435.1871737880988,17.738963001993305,8.12065716648191,14.2,4703.743475761975,830.2022607333486,222.06356197053083,72.93183866740523,435.1871737880988,17.738963001993305,8.12065716648191,0.0,0.0,0.0,0.0,0.0,0.0,0.0,0.0,0.0,0.0,0.0,0.0,0.0,0.0,2,INJECTOR_DEGRADATION,0.0,2026-01-01T00:02:00+00:00,False
2026-01-01T00:01:08Z,ENG-DATASET-002,MSN-INJECTOR_DEGRADATION-002,CLIMB,4000.0,15.0,0.8039546133787048,0.6260453866212953,4692.3872498981045,828.3801897179136,222.0667105164256,72.98332844873467,434.6193624949052,17.689321637344264,8.685009382646747,14.2,4692.3872498981045,828.3801897179136,222.0667105164256,72.98332844873467,434.6193624949052,17.689321637344264,8.685009382646747,0.0,0.0,0.0,0.0,0.0,0.0,0.0,0.0,0.0,0.0,0.0,0.0,0.0,0.0,2,INJECTOR_DEGRADATION,0.0,2026-01-01T00:02:00+00:00,False
2026-01-01T00:01:09Z,ENG-DATASET-002,MSN-INJECTOR_DEGRADATION-002,CLIMB,4000.0,15.0,0.8015160413098724,0.6284839586901276,4678.975103519528,826.2302843452793,222.015796573415,73.02840404583087,433.94875517597643,17.630742463405166,8.68206726357553,14.2,4678.975103519528,826.2302843452793,222.015796573415,73.02840404583087,433.94875517597643,17.630742463405166,8.68206726357553,0.0,0.0,0.0,0.0,0.0,0.0,0.0,0.0,0.0,0.0,0.0,0.0,0.0,0.0,2,INJECTOR_DEGRADATION,0.0,2026-01-01T00:02:00+00:00,False
2026-01-01T00:01:10Z,ENG-DATASET-002,MSN-INJECTOR_DEGRADATION-002,CLIMB,4000.0,15.0,0.7987417186126258,0.6312582813873743,4663.716328684671,823.7870448900995,221.908893038326,73.06672247136956,433.1858164342335,17.564162643834504,8.09444822611428,14.2,4663.716328684671,823.7870448900995,221.908893038326,73.06672247136956,433.1858164342335,17.564162643834504,8.09444822611428,0.0,0.0,0.0,0.0,0.0,0.0,0.0,0.0,0.0,0.0,0.0,0.0,0.0,0.0,2,INJECTOR_DEGRADATION,0.0,2026-01-01T00:02:00+00:00,False
2026-01-01T00:01:11Z,ENG-DATASET-002,MSN-INJECTOR_DEGRADATION-002,CLIMB,4000.0,15.0,0.7956749376647593,0.6343250623352408,4646.849033471404,821.0895531597157,221.7452425634863,73.09803176533694,432.3424516735702,17.490644290281956,7.739448418552532,14.2,4646.849033471404,821.0895531597157,221.7452425634863,73.09803176533694,432.3424516735702,17.490644290281956,7.739448418552532,0.0,0.0,0.0,0.0,0.0,0.0,0.0,0.0,0.0,0.0,0.0,0.0,0.0,0.0,2,INJECTOR_DEGRADATION,0.0,2026-01-01T00:02:00+00:00,False
2026-01-01T00:01:12Z,ENG-DATASET-002,MSN-INJECTOR_DEGRADATION-002,CLIMB,4000.0,15.0,0.7923635545572527,0.6376364454427473,4628.636426380119,818.1808027232928,221.52523837522,73.12217550342508,431.43182131900596,17.41135643712671,8.098505874555208,14.2,4628.636426380119,818.1808027232928,221.52523837522,73.12217550342508,431.43182131900596,17.41135643712671,8.098505874555208,0.0,0.0,0.0,0.0,0.0,0.0,0.0,0.0,0.0,0.0,0.0,0.0,0.0,0.0,2,INJECTOR_DEGRADATION,0.0,2026-01-01T00:02:00+00:00,False
2026-01-01T00:01:13Z,ENG-DATASET-002,MSN-INJECTOR_DEGRADATION-002,CLIMB,4000.0,15.0,0.7888592423159781,0.6411407576840219,4609.362709053109,815.1069718429203,221.250388833771,73.13909579155886,430.4681354526555,17.32755543841274,8.627879822152757,14.2,4609.362709053109,815.1069718429203,221.250388833771,73.13909579155886,430.4681354526555,17.32755543841274,8.627879822152757,0.0,0.0,0.0,0.0,0.0,0.0,0.0,0.0,0.0,0.0,0.0,0.0,0.0,0.0,2,INJECTOR_DEGRADATION,0.0,2026-01-01T00:02:00+00:00,False
2026-01-01T00:01:14Z,ENG-DATASET-002,MSN-INJECTOR_DEGRADATION-002,CLIMB,4000.0,15.0,0.785216684561413,0.644783315438587,4589.328641403001,811.9166539720572,220.92326629969534,73.14883470074841,429.46643207015006,17.240564178144687,8.538112488429087,14.2,4589.328641403001,811.9166539720572,220.92326629969534,73.14883470074841,429.46643207015006,17.240564178144687,8.538112488429087,0.0,0.0,0.0,0.0,0.0,0.0,0.0,0.0,0.0,0.0,0.0,0.0,0.0,0.0,2,INJECTOR_DEGRADATION,0.0,2026-01-01T00:02:00+00:00,False
2026-01-01T00:01:15Z,ENG-DATASET-002,MSN-INJECTOR_DEGRADATION-002,CLIMB,4000.0,15.0,0.7814927221890324,0.6485072778109676,4568.846848354907,808.6600608545773,220.54744119109023,73.15153412076256,428.44234241774535,17.151750491651427,7.925550327028366,14.2,4568.846848354907,808.6600608545773,220.54744119109023,73.15153412076256,428.44234241774535,17.151750491651427,7.925550327028366,0.0,0.0,0.0,0.0,0.0,0.0,0.0,0.0,0.0,0.0,0.0,0.0,0.0,0.0,2,INJECTOR_DEGRADATION,0.0,2026-01-01T00:02:00+00:00,False
2026-01-01T00:01:16Z,ENG-DATASET-002,MSN-INJECTOR_DEGRADATION-002,CLIMB,4000.0,15.0,0.7777454663861457,0.6522545336138543,4548.2369414390305,805.3882130052623,220.12740239711277,73.1474340357567,427.41184707195157,17.062505191563428,7.6348142244621044,14.2,4548.2369414390305,805.3882130052623,220.12740239711277,73.1474340357567,427.41184707195157,17.062505191563428,7.6348142244621044,0.0,0.0,0.0,0.0,0.0,0.0,0.0,0.0,0.0,0.0,0.0,0.0,0.0,0.0,2,INJECTOR_DEGRADATION,0.0,2026-01-01T00:02:00+00:00,False
2026-01-01T00:01:17Z,ENG-DATASET-002,MSN-INJECTOR_DEGRADATION-002,CLIMB,4000.0,15.0,0.774033391826255,0.6559666081737451,4527.820531359631,802.1521317317904,219.66846545069626,73.13686924957985,426.39102656798156,16.974220078311006,8.049246413173824,14.2,4527.820531359631,802.1521317317904,219.66846545069626,73.13686924957985,426.39102656798156,16.974220078311006,8.049246413173824,0.0,0.0,0.0,0.0,0.0,0.0,0.0,0.0,0.0,0.0,0.0,0.0,0.0,0.0,2,INJECTOR_DEGRADATION,0.0,2026-01-01T00:02:00+00:00,False
2026-01-01T00:01:18Z,ENG-DATASET-002,MSN-INJECTOR_DEGRADATION-002,CLIMB,4000.0,15.0,0.7704144241913318,0.6595855758086683,4507.916209367552,799.0020459339554,219.17667005397553,73.12026461264485,425.3958104683776,16.88826629348357,8.542223289784584,14.2,4507.916209367552,799.0020459339554,219.17667005397553,73.12026461264485,425.3958104683776,16.88826629348357,8.542223289784584,0.0,0.0,0.0,0.0,0.0,0.0,0.0,0.0,0.0,0.0,0.0,0.0,0.0,0.0,2,INJECTOR_DEGRADATION,0.0,2026-01-01T00:02:00+00:00,False
2026-01-01T00:01:19Z,ENG-DATASET-002,MSN-INJECTOR_DEGRADATION-002,CLIMB,4000.0,15.0,0.766945036260924,0.663054963739076,4488.834575750311,795.9866257610472,218.65866869260415,73.09812882559723,424.44172878751556,16.80597334665089,8.375416810268526,14.2,4488.834575750311,795.9866257610472,218.65866869260415,73.09812882559723,424.44172878751556,16.80597334665089,8.375416810268526,0.0,0.0,0.0,0.0,0.0,0.0,0.0,0.0,0.0,0.0,0.0,0.0,0.0,0.0,2,INJECTOR_DEGRADATION,0.0,2026-01-01T00:02:00+00:00,False
2026-01-01T00:01:20Z,ENG-DATASET-002,MSN-INJECTOR_DEGRADATION-002,CLIMB,4000.0,15.0,0.7636793666733189,0.6663206333266811,4470.873393018483,793.1522538990118,218.12160817081903,73.07104691719651,423.54366965092413,16.728609114173377,7.757079246991048,14.2,4470.873393018483,793.1522538990118,218.12160817081903,73.07104691719651,423.54366965092413,16.728609114173377,7.757079246991048,0.0,0.0,0.0,0.0,0.0,0.0,0.0,0.0,0.0,0.0,0.0,0.0,0.0,0.0,2,INJECTOR_DEGRADATION,0.0,2026-01-01T00:02:00+00:00,False
2026-01-01T00:01:21Z,ENG-DATASET-002,MSN-INJECTOR_DEGRADATION-002,CLIMB,4000.0,15.0,0.7606683751101996,0.6693316248898005,4454.312939421326,790.542343869271,217.5730059504689,73.03967151448339,422.7156469710663,16.657361073919404,7.5441647227187305,14.2,4454.312939421326,790.542343869271,217.5730059504689,73.03967151448339,422.7156469710663,16.657361073919404,7.5441647227187305,0.0,0.0,0.0,0.0,0.0,0.0,0.0,0.0,0.0,0.0,0.0,0.0,0.0,0.0,2,INJECTOR_DEGRADATION,0.0,2026-01-01T00:02:00+00:00,False
2026-01-01T00:01:22Z,ENG-DATASET-002,MSN-INJECTOR_DEGRADATION-002,CLIMB,4000.0,15.0,0.7579590470878561,0.6720409529121438,4439.4116352984365,788.1967133189318,217.02062318839532,73.0047130421246,421.9705817649218,16.593319004326453,8.015043257980206,14.2,4439.4116352984365,788.1967133189318,217.02062318839532,73.0047130421246,421.9705817649218,16.593319004326453,8.015043257980206,0.0,0.0,0.0,0.0,0.0,0.0,0.0,0.0,0.0,0.0,0.0,0.0,0.0,0.0,2,INJECTOR_DEGRADATION,0.0,2026-01-01T00:02:00+00:00,False
2026-01-01T00:01:23Z,ENG-DATASET-002,MSN-INJECTOR_DEGRADATION-002,CLIMB,4000.0,15.0,0.7555936607639192,0.6744063392360808,4426.402010516785,786.1510189261639,216.4723363427099,72.96692900451029,421.3201005258393,16.537459341332248,8.47110296310784,14.2,4426.402010516785,786.1510189261639,216.4723363427099,72.96692900451029,421.3201005258393,16.537459341332248,8.47110296310784,0.0,0.0,0.0,0.0,0.0,0.0,0.0,0.0,0.0,0.0,0.0,0.0,0.0,0.0,2,INJECTOR_DEGRADATION,0.0,2026-01-01T00:02:00+00:00,False
2026-01-01T00:01:24Z,ENG-DATASET-002,MSN-INJECTOR_DEGRADATION-002,CLIMB,4000.0,15.0,0.7536091272008499,0.6763908727991501,4415.487075919904,784.4362582811841,215.9360091654685,72.9271125184665,420.77435379599524,16.490631353519323,8.238008711430385,14.2,4415.487075919904,784.4362582811841,215.9360091654685,72.9271125184665,420.77435379599524,16.490631353519323,8.238008711430385,0.0,0.0,0.0,0.0,0.0,0.0,0.0,0.0,0.0,0.0,0.0,0.0,0.0,0.0,2,INJECTOR_DEGRADATION,0.0,2026-01-01T00:02:00+00:00,False
2026-01-01T00:01:25Z,ENG-DATASET-002,MSN-INJECTOR_DEGRADATION-002,CLIMB,4000.0,15.0,0.7520364143811554,0.6779635856188446,4406.837155411584,783.0783429656688,215.41936682306337,72.886080276115,420.34185777057917,16.45354526520339,7.632132551050884,14.2,4406.837155411584,783.0783429656688,215.41936682306337,72.886080276115,420.34185777057917,16.45354526520339,7.632132551050884,0.0,0.0,0.0,0.0,0.0,0.0,0.0,0.0,0.0,0.0,0.0,0.0,0.0,0.0,2,INJECTOR_DEGRADATION,0.0,2026-01-01T00:02:00+00:00,False
2026-01-01T00:01:26Z,ENG-DATASET-002,MSN-INJECTOR_DEGRADATION-002,CLIMB,4000.0,15.0,0.7509000639623796,0.6790999360376204,4400.587228108316,782.0977460602734,214.92987379226386,72.84466012628117,420.0293614054158,16.426762429654435,7.507569455739433,14.2,4400.587228108316,782.0977460602734,214.92987379226386,72.84466012628117,420.0293614054158,16.426762429654435,7.507569455739433,0.0,0.0,0.0,0.0,0.0,0.0,0.0,0.0,0.0,0.0,0.0,0.0,0.0,0.0,2,INJECTOR_DEGRADATION,0.0,2026-01-01T00:02:00+00:00,False
2026-01-01T00:01:27Z,ENG-DATASET-002,MSN-INJECTOR_DEGRADATION-002,CLIMB,4000.0,15.0,0.7502178083127454,0.6797821916872546,4396.834822035329,781.5092264662776,214.4746170746944,72.80367846878063,419.8417411017665,16.41068763034592,8.032713629037934,14.2,4396.834822035329,781.5092264662776,214.4746170746944,72.80367846878063,419.8417411017665,16.41068763034592,8.032713629037934,0.0,0.0,0.0,0.0,0.0,0.0,0.0,0.0,0.0,0.0,0.0,0.0,0.0,0.0,2,INJECTOR_DEGRADATION,0.0,2026-01-01T00:02:00+00:00,False
2026-01-01T00:01:28Z,ENG-DATASET-002,MSN-INJECTOR_DEGRADATION-002,CLIMB,4000.0,15.0,0.7500002938034789,0.6799997061965212,4395.638492234362,781.3216317252061,214.06019616035513,72.76394765881358,419.7819246117181,16.4055635669474,8.449161282919132,14.2,4395.638492234362,781.3216317252061,214.06019616035513,72.76394765881358,419.7819246117181,16.4055635669474,8.449161282919132,0.0,0.0,0.0,0.0,0.0,0.0,0.0,0.0,0.0,0.0,0.0,0.0,0.0,0.0,2,INJECTOR_DEGRADATION,0.0,2026-01-01T00:02:00+00:00,False
2026-01-01T00:01:29Z,ENG-DATASET-002,MSN-INJECTOR_DEGRADATION-002,CLIMB,4000.0,15.0,0.7502509146757477,0.6797490853242524,4397.016907031841,781.5377804403336,213.69262105532795,72.7262536185171,419.85084535159206,16.411467564308765,8.1583515535374,14.2,4397.016907031841,781.5377804403336,213.69262105532795,72.7262536185171,419.85084535159206,16.411467564308765,8.1583515535374,0.0,0.0,0.0,0.0,0.0,0.0,0.0,0.0,0.0,0.0,0.0,0.0,0.0,0.0,2,INJECTOR_DEGRADATION,0.0,2026-01-01T00:02:00+00:00,False
2026-01-01T00:01:30Z,ENG-DATASET-002,MSN-INJECTOR_DEGRADATION-002,CRUISE,6500.0,15.0,0.5909657600746622,0.47903423992533783,3552.8348608154015,477.48479838652776,205.76047890945836,71.94140244858218,377.64174304077005,9.667902906849335,5.9069695812656375,14.2,3552.8348608154015,477.48479838652776,205.76047890945836,71.94140244858218,377.64174304077005,9.667902906849335,5.9069695812656375,0.0,0.0,0.0,0.0,0.0,0.0,0.0,0.0,0.0,0.0,0.0,0.0,0.0,0.0,2,INJECTOR_DEGRADATION,0.0,2026-01-01T00:02:00+00:00,False
2026-01-01T00:01:31Z,ENG-DATASET-002,MSN-INJECTOR_DEGRADATION-002,CRUISE,6500.0,15.0,0.5921336750768587,0.47786632492314135,3559.258393327482,478.1627557951115,198.63849991339032,71.1897148936298,377.9629196663741,9.687438470289871,5.87550971800734,14.2,3559.258393327482,478.1627557951115,198.63849991339032,71.1897148936298,377.9629196663741,9.687438470289871,5.87550971800734,0.0,0.0,0.0,0.0,0.0,0.0,0.0,0.0,0.0,0.0,0.0,0.0,0.0,0.0,2,INJECTOR_DEGRADATION,0.0,2026-01-01T00:02:00+00:00,False
2026-01-01T00:01:32Z,ENG-DATASET-002,MSN-INJECTOR_DEGRADATION-002,CRUISE,6500.0,15.0,0.5937364347593471,0.4762635652406529,3568.073571581169,479.0936915922002,192.2519922118563,70.47052326463687,378.40367857905846,9.714261129256986,6.447217064515243,14.2,3568.073571581169,479.0936915922002,192.2519922118563,70.47052326463687,378.40367857905846,9.714261129256986,6.447217064515243,0.0,0.0,0.0,0.0,0.0,0.0,0.0,0.0,0.0,0.0,0.0,0.0,0.0,0.0,2,INJECTOR_DEGRADATION,0.0,2026-01-01T00:02:00+00:00,False
2026-01-01T00:01:33Z,ENG-DATASET-002,MSN-INJECTOR_DEGRADATION-002,CRUISE,6500.0,15.0,0.5957490285933392,0.4742509714066608,3579.142837668125,480.26358684005936,186.53338266167216,69.7831486854006,378.9571418834063,9.74796463142749,6.817215589782508,14.2,3579.142837668125,480.26358684005936,186.53338266167216,69.7831486854006,378.9571418834063,9.74796463142749,6.817215589782508,0.0,0.0,0.0,0.0,0.0,0.0,0.0,0.0,0.0,0.0,0.0,0.0,0.0,0.0,2,INJECTOR_DEGRADATION,0.0,2026-01-01T00:02:00+00:00,False
2026-01-01T00:01:34Z,ENG-DATASET-002,MSN-INJECTOR_DEGRADATION-002,CRUISE,6500.0,15.0,0.598140050725185,0.4718599492748151,3592.2934593932764,481.65478204389774,181.4214139466024,69.12689185013963,379.61467296966384,9.788037490883433,6.47324235063766,14.2,3592.2934593932764,481.65478204389774,181.4214139466024,69.12689185013963,379.61467296966384,9.788037490883433,6.47324235063766,0.0,0.0,0.0,0.0,0.0,0.0,0.0,0.0,0.0,0.0,0.0,0.0,0.0,0.0,2,INJECTOR_DEGRADATION,0.0,2026-01-01T00:02:00+00:00,False
2026-01-01T00:01:35Z,ENG-DATASET-002,MSN-INJECTOR_DEGRADATION-002,CRUISE,6500.0,15.0,0.6008721900542148,0.46912780994578523,3607.3202257029407,483.2462161892886,176.86042795667439,68.50102489333307,380.366011285147,9.833870084671808,5.92927597408327,14.2,3607.3202257029407,483.2462161892886,176.86042795667439,68.50102489333307,380.366011285147,9.833870084671808,5.92927597408327,0.0,0.0,0.0,0.0,0.0,0.0,0.0,0.0,0.0,0.0,0.0,0.0,0.0,0.0,2,INJECTOR_DEGRADATION,0.0,2026-01-01T00:02:00+00:00,False
2026-01-01T00:01:36Z,ENG-DATASET-002,MSN-INJECTOR_DEGRADATION-002,CRUISE,6500.0,15.0,0.603902812459987,0.46609718754001306,3623.988648934688,485.01371557789207,172.79972805045423,67.90478446692873,381.1994324467344,9.884763201271577,5.988841551541084,14.2,3623.988648934688,485.01371557789207,172.79972805045423,67.90478446692873,381.1994324467344,9.884763201271577,5.988841551541084,0.0,0.0,0.0,0.0,0.0,0.0,0.0,0.0,0.0,0.0,0.0,0.0,0.0,0.0,2,INJECTOR_DEGRADATION,0.0,2026-01-01T00:02:00+00:00,False
2026-01-01T00:01:37Z,ENG-DATASET-002,MSN-INJECTOR_DEGRADATION-002,CRUISE,6500.0,15.0,0.6071846260934773,0.4628153739065227,3642.0386239188847,486.9303303630205,169.19301350448433,67.33736610247979,382.10193119594425,9.93993796592304,6.593442225684662,14.2,3642.0386239188847,486.9303303630205,169.19301350448433,67.33736610247979,382.10193119594425,9.93993796592304,6.593442225684662,0.0,0.0,0.0,0.0,0.0,0.0,0.0,0.0,0.0,0.0,0.0,0.0,0.0,0.0,2,INJECTOR_DEGRADATION,0.0,2026-01-01T00:02:00+00:00,False
2026-01-01T00:01:38Z,ENG-DATASET-002,MSN-INJECTOR_DEGRADATION-002,CRUISE,6500.0,15.0,0.6106664193505662,0.4593335806494338,3661.1884868328734,488.96671601381433,165.99788005438126,66.79791991693773,383.05942434164365,9.99854704802269,6.905947362895458,14.2,3661.1884868328734,488.96671601381433,165.99788005438126,66.79791991693773,383.05942434164365,9.99854704802269,6.905947362895458,0.0,0.0,0.0,0.0,0.0,0.0,0.0,0.0,0.0,0.0,0.0,0.0,0.0,0.0,2,INJECTOR_DEGRADATION,0.0,2026-01-01T00:02:00+00:00,False
2026-01-01T00:01:39Z,ENG-DATASET-002,MSN-INJECTOR_DEGRADATION-002,CRUISE,6500.0,15.0,0.6142938600119926,0.4557061399880074,3681.1394104707188,491.0915561599426,163.1753809529417,66.28554770103163,384.05697052353594,10.059687033945297,6.509475644916548,14.2,3681.1394104707188,491.0915561599426,163.1753809529417,66.28554770103163,384.05697052353594,10.059687033945297,6.509475644916548,0.0,0.0,0.0,0.0,0.0,0.0,0.0,0.0,0.0,0.0,0.0,0.0,0.0,0.0,2,INJECTOR_DEGRADATION,0.0,2026-01-01T00:02:00+00:00,False
2026-01-01T00:01:40Z,ENG-DATASET-002,MSN-INJECTOR_DEGRADATION-002,CRUISE,6500.0,15.0,0.618010343079464,0.45198965692053605,3701.5800673418116,493.27202240138365,160.68964341768213,65.7993014087125,385.0790033670906,10.12241182509992,6.0041695699210065,14.2,3701.5800673418116,493.27202240138365,160.68964341768213,65.7993014087125,385.0790033670906,10.12241182509992,6.0041695699210065,0.0,0.0,0.0,0.0,0.0,0.0,0.0,0.0,0.0,0.0,0.0,0.0,0.0,0.0,2,INJECTOR_DEGRADATION,0.0,2026-01-01T00:02:00+00:00,False
2026-01-01T00:01:41Z,ENG-DATASET-002,MSN-INJECTOR_DEGRADATION-002,CRUISE,6500.0,15.0,0.6217578740777223,0.4482421259222777,3722.191487832232,495.47426573350845,158.50753571925162,65.33818304535622,386.1095743916116,10.185746896367682,6.146884588286337,14.2,3722.191487832232,495.47426573350845,158.50753571925162,65.33818304535622,386.1095743916116,10.185746896367682,6.146884588286337,0.0,0.0,0.0,0.0,0.0,0.0,0.0,0.0,0.0,0.0,0.0,0.0,0.0,0.0,2,INJECTOR_DEGRADATION,0.0,2026-01-01T00:02:00+00:00,False
2026-01-01T00:01:42Z,ENG-DATASET-002,MSN-INJECTOR_DEGRADATION-002,CRUISE,6500.0,15.0,0.625477974038934,0.444522025961066,3742.6520376188964,497.6639332693498,156.5983804790602,64.90114593162693,387.13260188094483,10.248704225136448,6.766347104813802,14.2,3742.6520376188964,497.6639332693498,156.5983804790602,64.90114593162693,387.13260188094483,10.248704225136448,6.766347104813802,0.0,0.0,0.0,0.0,0.0,0.0,0.0,0.0,0.0,0.0,0.0,0.0,0.0,0.0,2,INJECTOR_DEGRADATION,0.0,2026-01-01T00:02:00+00:00,False
2026-01-01T00:01:43Z,ENG-DATASET-002,MSN-INJECTOR_DEGRADATION-002,CRUISE,6500.0,15.0,0.629112592047424,0.440887407952576,3762.6424366655915,499.80670297993566,154.93371000565259,64.48709729942938,388.1321218332796,10.310297676965899,7.008016054177872,14.2,3762.6424366655915,499.80670297993566,154.93371000565259,64.48709729942938,388.1321218332796,10.310297676965899,7.008016054177872,0.0,0.0,0.0,0.0,0.0,0.0,0.0,0.0,0.0,0.0,0.0,0.0,0.0,0.0,2,INJECTOR_DEGRADATION,0.0,2026-01-01T00:02:00+00:00,False
2026-01-01T00:01:44Z,ENG-DATASET-002,MSN-INJECTOR_DEGRADATION-002,CRUISE,6500.0,15.0,0.6326050111047993,0.4373949888952008,3781.850741481155,501.86882826772944,153.48705971178057,64.09490215654606,389.09253707405776,10.369558611658366,6.55784892009185,14.2,3781.850741481155,501.86882826772944,153.48705971178057,64.09490215654606,389.09253707405776,10.369558611658366,6.55784892009185,0.0,0.0,0.0,0.0,0.0,0.0,0.0,0.0,0.0,0.0,0.0,0.0,0.0,0.0,2,INJECTOR_DEGRADATION,0.0,2026-01-01T00:02:00+00:00,False
2026-01-01T00:01:45Z,ENG-DATASET-002,MSN-INJECTOR_DEGRADATION-002,CRUISE,6500.0,15.0,0.6359007331797392,0.43409926682026084,3799.9772128933246,503.817683389484,152.23379582533963,63.72338833767343,389.99886064466625,10.425551454439328,6.091720469812494,14.2,3799.9772128933246,503.817683389484,152.23379582533963,63.72338833767343,389.99886064466625,10.425551454439328,6.091720469812494,0.0,0.0,0.0,0.0,0.0,0.0,0.0,0.0,0.0,0.0,0.0,0.0,0.0,0.0,2,INJECTOR_DEGRADATION,0.0,2026-01-01T00:02:00+00:00,False
2026-01-01T00:01:46Z,ENG-DATASET-002,MSN-INJECTOR_DEGRADATION-002,CRUISE,6500.0,15.0,0.6389483296315471,0.4310516703684529,3816.738993378269,505.6223001062107,151.15097374546093,63.37135264193723,390.83694966891346,10.47738896234692,6.306630774424543,14.2,3816.738993378269,505.6223001062107,151.15097374546093,63.37135264193723,390.83694966891346,10.47738896234692,6.306630774424543,0.0,0.0,0.0,0.0,0.0,0.0,0.0,0.0,0.0,0.0,0.0,0.0,0.0,0.0,2,INJECTOR_DEGRADATION,0.0,2026-01-01T00:02:00+00:00,False
2026-01-01T00:01:47Z,ENG-DATASET-002,MSN-INJECTOR_DEGRADATION-002,CRUISE,6500.0,15.0,0.6417002437368877,0.42829975626311223,3831.874520957642,507.2538855102202,150.21722350867034,63.03756794085675,391.5937260478821,10.5242469070077,6.921674705826171,14.2,3831.874520957642,507.2538855102202,150.21722350867034,63.03756794085675,391.5937260478821,10.5242469070077,6.921674705826171,0.0,0.0,0.0,0.0,0.0,0.0,0.0,0.0,0.0,0.0,0.0,0.0,0.0,0.0,2,INJECTOR_DEGRADATION,0.0,2026-01-01T00:02:00+00:00,False
2026-01-01T00:01:48Z,ENG-DATASET-002,MSN-INJECTOR_DEGRADATION-002,CRUISE,6500.0,15.0,0.6441135327965486,0.42588646720345136,3845.147610785777,508.68631080720644,149.41265892798347,62.720791126394744,392.2573805392889,10.565377892801038,7.080066672518765,14.2,3845.147610785777,508.68631080720644,149.41265892798347,62.720791126394744,392.2573805392889,10.565377892801038,7.080066672518765,0.0,0.0,0.0,0.0,0.0,0.0,0.0,0.0,0.0,0.0,0.0,0.0,0.0,0.0,2,INJECTOR_DEGRADATION,0.0,2026-01-01T00:02:00+00:00,False
2026-01-01T00:01:49Z,ENG-DATASET-002,MSN-INJECTOR_DEGRADATION-002,CRUISE,6500.0,15.0,0.6461505382418992,0.42384946175810084,3856.3511407352053,509.8965609506176,148.71880705895057,62.419771756398106,392.81755703676026,10.600124034816533,6.576256125562412,14.2,3856.3511407352053,509.8965609506176,148.71880705895057,62.419771756398106,392.81755703676026,10.600124034816533,6.576256125562412,0.0,0.0,0.0,0.0,0.0,0.0,0.0,0.0,0.0,0.0,0.0,0.0,0.0,0.0,2,INJECTOR_DEGRADATION,0.0,2026-01-01T00:02:00+00:00,False
2026-01-01T00:01:50Z,ENG-DATASET-002,MSN-INJECTOR_DEGRADATION-002,CRUISE,6500.0,15.0,0.6477794732842588,0.4222205267157412,3865.310283468182,510.8651354591698,148.11855473953477,62.13326124459885,393.2655141734091,10.62792823450674,6.150081290183961,14.2,3865.310283468182,510.8651354591698,148.11855473953477,62.13326124459885,393.2655141734091,10.62792823450674,6.150081290183961,0.0,0.0,0.0,0.0,0.0,0.0,0.0,0.0,0.0,0.0,0.0,0.0,0.0,0.0,2,INJECTOR_DEGRADATION,0.0,2026-01-01T00:02:00+00:00,False
2026-01-01T00:01:51Z,ENG-DATASET-002,MSN-INJECTOR_DEGRADATION-002,CRUISE,6500.0,15.0,0.6489749189371029,0.42102508106289704,3871.8852345588252,511.57639150432476,147.59610905318942,61.86002243456375,393.5942617279413,10.64834381267941,6.426539445192104,14.2,3871.8852345588252,511.57639150432476,147.59610905318942,61.86002243456375,393.5942617279413,10.64834381267941,6.426539445192104,0.0,0.0,0.0,0.0,0.0,0.0,0.0,0.0,0.0,0.0,0.0,0.0,0.0,0.0,2,INJECTOR_DEGRADATION,0.0,2026-01-01T00:02:00+00:00,False
2026-01-01T00:01:52Z,ENG-DATASET-002,MSN-INJECTOR_DEGRADATION-002,CRUISE,6500.0,15.0,0.6497182206708461,0.4202817793291539,3875.973394094413,512.0188214243408,147.136968683479,61.598839391678155,393.7986697047206,10.661042289198978,7.020143425217572,14.2,3875.973394094413,512.0188214243408,147.136968683479,61.598839391678155,393.7986697047206,10.661042289198978,7.020143425217572,0.0,0.0,0.0,0.0,0.0,0.0,0.0,0.0,0.0,0.0,0.0,0.0,0.0,0.0,2,INJECTOR_DEGRADATION,0.0,2026-01-01T00:02:00+00:00,False
2026-01-01T00:01:53Z,ENG-DATASET-002,MSN-INJECTOR_DEGRADATION-002,CRUISE,6500.0,15.0,0.6499977795105369,0.4200022204894631,3877.5109677127125,512.1852581794942,146.72790326961848,61.348527244507515,393.8755483856356,10.665819135795864,7.08703447040701,14.2,3877.5109677127125,512.1852581794942,146.72790326961848,61.348527244507515,393.8755483856356,10.665819135795864,7.08703447040701,0.0,0.0,0.0,0.0,0.0,0.0,0.0,0.0,0.0,0.0,0.0,0.0,0.0,0.0,2,INJECTOR_DEGRADATION,0.0,2026-01-01T00:02:00+00:00,False
2026-01-01T00:01:54Z,ENG-DATASET-002,MSN-INJECTOR_DEGRADATION-002,CRUISE,6500.0,15.0,0.6498092330339829,0.42019076696601715,3876.4739620916653,512.0730038672205,146.35693803933714,61.107941906744074,393.8236981045833,10.66259737163175,6.533855377478781,14.2,3876.4739620916653,512.0730038672205,146.35693803933714,61.107941906744074,393.8236981045833,10.66259737163175,6.533855377478781,0.0,0.0,0.0,0.0,0.0,0.0,0.0,0.0,0.0,0.0,0.0,0.0,0.0,0.0,2,INJECTOR_DEGRADATION,0.0,2026-01-01T00:02:00+00:00,False
2026-01-01T00:01:55Z,ENG-DATASET-002,MSN-INJECTOR_DEGRADATION-002,CRUISE,6500.0,15.0,0.6491555234458896,0.4208444765541104,3872.878559357152,511.68387820980854,146.01334119064865,60.8759895134183,393.6439279678576,10.651428919303692,6.151462453026664,14.2,3872.878559357152,511.68387820980854,146.01334119064865,60.8759895134183,393.6439279678576,10.651428919303692,6.151462453026664,0.0,0.0,0.0,0.0,0.0,0.0,0.0,0.0,0.0,0.0,0.0,0.0,0.0,0.0,2,INJECTOR_DEGRADATION,0.0,2026-01-01T00:02:00+00:00,False
2026-01-01T00:01:56Z,ENG-DATASET-002,MSN-INJECTOR_DEGRADATION-002,CRUISE,6500.0,15.0,0.6480468516657405,0.4219531483342595,3866.780864566332,511.02418584305286,145.6876117176601,60.65163541009805,393.33904322831665,10.632493690074718,6.481911015169184,14.2,3866.780864566332,511.02418584305286,145.6876117176601,60.65163541009805,393.33904322831665,10.632493690074718,6.481911015169184,0.0,0.0,0.0,0.0,0.0,0.0,0.0,0.0,0.0,0.0,0.0,0.0,0.0,0.0,2,INJECTOR_DEGRADATION,0.0,2026-01-01T00:02:00+00:00,False
2026-01-01T00:01:57Z,ENG-DATASET-002,MSN-INJECTOR_DEGRADATION-002,CRUISE,6500.0,15.0,0.6465005181458598,0.42349948185414016,3858.2760302069887,510.10460319666595,145.37146562581074,60.43391254133504,392.91380151034946,10.606096419397058,7.041956296089001,14.2,3858.2760302069887,510.10460319666595,145.37146562581074,60.43391254133504,392.91380151034946,10.606096419397058,7.041956296089001,0.0,0.0,0.0,0.0,0.0,0.0,0.0,0.0,0.0,0.0,0.0,0.0,0.0,0.0,2,INJECTOR_DEGRADATION,0.0,2026-01-01T00:02:00+00:00,False
2026-01-01T00:01:58Z,ENG-DATASET-002,MSN-INJECTOR_DEGRADATION-002,CRUISE,6500.0,15.0,0.6445406529036408,0.4254593470963592,3847.496771374784,508.9399876881516,145.05781875543346,60.22192909453131,392.3748385687392,10.572661325279846,7.0155396685661495,14.2,3847.496771374784,508.9399876881516,145.05781875543346,60.22192909453131,392.3748385687392,10.572661325279846,7.0155396685661495,0.0,0.0,0.0,0.0,0.0,0.0,0.0,0.0,0.0,0.0,0.0,0.0,0.0,0.0,2,INJECTOR_DEGRADATION,0.0,2026-01-01T00:02:00+00:00,False
2026-01-01T00:01:59Z,ENG-DATASET-002,MSN-INJECTOR_DEGRADATION-002,CRUISE,6500.0,15.0,0.6421978389806943,0.4278021610193057,3834.6112947985785,507.5491137750675,144.7407647242668,60.01487526753466,391.7305647399289,10.53272471082713,6.423149665260027,14.2,3834.6112947985785,507.5491137750675,144.7407647242668,60.01487526753466,391.7305647399289,10.53272471082713,6.423149665260027,0.0,0.0,0.0,0.0,0.0,0.0,0.0,0.0,0.0,0.0,0.0,0.0,0.0,0.0,2,INJECTOR_DEGRADATION,0.0,2026-01-01T00:02:00+00:00,False
2026-01-01T00:02:00Z,ENG-DATASET-002,MSN-INJECTOR_DEGRADATION-002,CRUISE,6500.0,15.0,0.6395086352047135,0.4304913647952865,3819.820674030684,505.9543420565193,144.4155468032531,59.81202904244215,390.9910337015342,10.486925676575527,6.092739421919325,14.2,3819.820674030684,505.9543420565193,144.4155468032531,59.81202904244215,390.9910337015342,10.486925676575527,6.092739421919325,0.0,0.0,0.0,0.0,0.0,0.0,0.0,0.0,0.0,0.0,0.0,0.0,0.0,0.0,2,INJECTOR_DEGRADATION,0.0,2026-01-01T00:02:00+00:00,False
2026-01-01T00:02:01Z,ENG-DATASET-002,MSN-INJECTOR_DEGRADATION-002,CRUISE,6500.0,15.0,0.6365150057011951,0.43348499429880494,3802.7353650363075,504.97754896606,144.27852284853824,59.61276086407528,390.16778558806664,10.457736803153047,6.473862188112255,14.2,3803.3557117613327,504.1812290244189,144.07852284853826,59.61276086407528,390.16778558806664,10.435995146597634,6.473862188112255,-0.6203467250252288,0.7963199416411157,0.19999999999998863,0.0,0.0,0.021741656555413158,0.0,-0.00016310510297706191,0.0015794319498605288,0.0013881319439278089,0.0,0.0,0.0020833333333334695,0.0,2,INJECTOR_DEGRADATION,0.008333333333333333,2026-01-01T00:02:00+00:00,True
2026-01-01T00:02:02Z,ENG-DATASET-002,MSN-INJECTOR_DEGRADATION-002,CRUISE,6500.0,15.0,0.6332636650572961,0.4367363349427038,3784.10515925212,503.7232405590297,144.12712271852104,59.4165371391402,389.2736669109944,10.423996541232004,6.9939790059978,14.2,3785.4733382198874,502.2580861934638,143.72712271852103,59.4165371391402,389.2736669109944,10.380743443550543,6.9939790059978,-1.3681789677675624,1.4651543655659225,0.4000000000000057,0.0,0.0,0.04325309768146113,0.0,-0.000361428768749682,0.0029171344490839368,0.0027830516080348745,0.0,0.0,0.004166666666666718,0.0,2,INJECTOR_DEGRADATION,0.016666666666666666,2026-01-01T00:02:00+00:00,True
2026-01-01T00:02:03Z,ENG-DATASET-002,MSN-INJECTOR_DEGRADATION-002,CRUISE,6500.0,15.0,0.6298053493563258,0.44019465064367425,3764.2408104777232,502.2537067702406,143.95979790059565,59.22292249092833,388.3226300932276,10.386559462873764,6.879135058701176,14.2,3766.4526018645515,500.2154981570689,143.35979790059565,59.22292249092833,388.3226300932276,10.322046671178896,6.879135058701176,-2.2117913868282812,2.0382086131717188,0.5999999999999943,0.0,0.0,0.06451279169486845,0.0,-0.0005872346264847066,0.004074661062444163,0.0041852737572637255,0.0,0.0,0.006250000000000034,0.0,2,INJECTOR_DEGRADATION,0.025,2026-01-01T00:02:00+00:00,True
2026-01-01T00:02:04Z,ENG-DATASET-002,MSN-INJECTOR_DEGRADATION-002,CRUISE,6500.0,15.0,0.6261940244581339,0.4438059755418661,3743.5998555795372,500.7620169344036,143.7759633508535,59.031580724253736,387.32951574622484,10.34633911270066,6.26323522839478,14.2,3746.590314924496,498.08580961269604,142.97596335085348,59.031580724253736,387.32951574622484,10.260832177884952,6.26323522839478,-2.9904593449587082,2.6762073217075795,0.8000000000000114,0.0,0.0,0.08550693481570804,0.0,-0.0007981815714000676,0.005372984473877217,0.005595346107491263,0.0,0.0,0.008333333333333344,0.0,2,INJECTOR_DEGRADATION,0.03333333333333333,2026-01-01T00:02:00+00:00,True
2026-01-01T00:02:05Z,ENG-DATASET-002,MSN-INJECTOR_DEGRADATION-002,CRUISE,6500.0,15.0,0.6224860438799179,0.44751395612008205,3722.652102727179,499.44160589535375,143.57593180524685,58.84227447585489,386.3098210872154,10.304293208821926,5.996679794077192,14.2,3726.1964217443083,495.9025915791495,142.57593180524685,58.84227447585489,386.3098210872154,10.198063381926854,5.996679794077192,-3.5443190171290553,3.539014316204259,1.0,0.0,0.0,0.10622982689507232,0.0,-0.0009511895284011592,0.007136511033214489,0.007013806519363737,0.0,0.0,0.010416666666666758,0.0,2,INJECTOR_DEGRADATION,0.041666666666666664,2026-01-01T00:02:00+00:00,True
2026-01-01T00:02:06Z,ENG-DATASET-002,MSN-INJECTOR_DEGRADATION-002,CRUISE,6500.0,15.0,0.6187392694184348,0.45126073058156524,3701.7220628840455,498.33299758855645,143.3608410474887,58.654863546389755,385.2794581103076,10.261408291025274,6.428515782725266,14.2,3705.589162206151,493.7000969106619,142.1608410474887,58.654863546389755,385.2794581103076,10.134724238049655,6.428515782725266,-3.8670993221053322,4.632900677894554,1.1999999999999886,0.0,0.0,0.12668405297561947,0.0,-0.0010435855549089056,0.009384038421067813,0.008441143082426824,0.0,0.0,0.01249999999999988,0.0,2,INJECTOR_DEGRADATION,0.05,2026-01-01T00:02:00+00:00,True
2026-01-01T00:02:07Z,ENG-DATASET-002,MSN-INJECTOR_DEGRADATION-002,CRUISE,6500.0,15.0,0.6150121682360147,0.45498783176398533,3680.934868846075,497.2741446412776,143.13257481352426,58.46930193109956,384.25450528514205,10.218684087092399,6.906878264544325,14.2,3685.0901057028404,491.5127148313764,141.73257481352425,58.46930193109956,384.25450528514205,10.071803617668072,6.906878264544325,-4.155236856765441,5.761429809901188,1.4000000000000057,0.0,0.0,0.14688046942432642,0.0,-0.0011275808019822983,0.011721832693336865,0.009877757472775528,0.0,0.0,0.01458333333333337,0.0,2,INJECTOR_DEGRADATION,0.058333333333333334,2026-01-01T00:02:00+00:00,True
2026-01-01T00:02:08Z,ENG-DATASET-002,MSN-INJECTOR_DEGRADATION-002,CRUISE,6500.0,15.0,0.611362900500048,0.45863709949995196,3660.3230368147874,496.011670605522,142.89367817248245,58.28563358688162,383.2509566577512,10.177117858815107,6.7134191770706035,14.2,3665.019133155024,489.37443361242526,141.29367817248246,58.28563358688162,383.2509566577512,10.010279861129614,6.7134191770706035,-4.696096340236636,6.637236993096735,1.5999999999999943,0.0,0.0,0.16683799768549257,0.0,-0.0012813292835920371,0.013562696653567508,0.011323931974131318,0.0,0.0,0.016666666666666566,0.0,2,INJECTOR_DEGRADATION,0.06666666666666667,2026-01-01T00:02:00+00:00,True
2026-01-01T00:02:09Z,ENG-DATASET-002,MSN-INJECTOR_DEGRADATION-002,CRUISE,6500.0,15.0,0.6078484118130254,0.46215158818697455,3640.030819162872,494.40969352858264,142.64726834878695,58.10398699357328,382.28447226881997,10.137688974953281,6.092982194233051,14.2,3645.689445376399,487.3183197421097,140.84726834878694,58.10398699357328,382.28447226881997,9.95110574228543,6.092982194233051,-5.658626213526986,7.091373786472957,1.8000000000000114,0.0,0.0,0.18658323266785182,0.0,-0.0015521415903111194,0.014551830906389345,0.012779800567680048,0.0,0.0,0.018750000000000003,0.0,2,INJECTOR_DEGRADATION,0.075,2026-01-01T00:02:00+00:00,True
2026-01-01T00:02:10Z,ENG-DATASET-002,MSN-INJECTOR_DEGRADATION-002,CRUISE,6500.0,15.0,0.6045235445954568,0.4654764554045433,3620.467990343803,492.6080023812446,142.39694204017192,57.92456858639489,381.3701337839886,10.101343940188096,5.90332551153119,14.2,3627.4026756797716,485.37602105054674,140.39694204017192,57.92456858639489,381.3701337839886,9.895194063857728,5.90332551153119,-6.934685335968425,7.231981330697863,2.0,0.0,0.0,0.2061498763303682,0.0,-0.001911749523278077,0.014899749919752894,0.014245324513034893,0.0,0.0,0.020833333333333218,0.0,2,INJECTOR_DEGRADATION,0.08333333333333333,2026-01-01T00:02:00+00:00,True
2026-01-01T00:02:11Z,ENG-DATASET-002,MSN-INJECTOR_DEGRADATION-002,CRUISE,6500.0,15.0,0.6014401822882414,0.46855981771175864,3602.2828081375487,490.99925877676327,142.1466803435539,57.7476551544321,380.5222091495043,10.06898208831496,6.386718306215304,14.2,3610.4441829900866,483.57730029596746,139.9466803435539,57.7476551544321,380.5222091495043,9.843404078189778,6.386718306215304,-8.161374852537847,7.4219584807958086,2.1999999999999886,0.0,0.0,0.22557801012518297,0.0,-0.002260490521080092,0.015348029107762692,0.015720272853912844,0.0,0.0,0.022916666666666724,0.0,2,INJECTOR_DEGRADATION,0.09166666666666666,2026-01-01T00:02:00+00:00,True
2026-01-01T00:02:12Z,ENG-DATASET-002,MSN-INJECTOR_DEGRADATION-002,CRUISE,6500.0,15.0,0.5986464397289263,0.4713535602710737,3586.1415258652764,490.0125317008947,141.90075242793532,57.573585316476134,379.7539299456927,10.04144212566971,6.823307107099184,14.2,3595.078598913854,481.9496047494723,139.5007524279353,57.573585316476134,379.7539299456927,9.7965289030924,6.823307107099184,-8.937073048577531,8.062926951422412,2.4000000000000057,0.0,0.0,0.24491322257730985,0.0,-0.0024859186809650284,0.016729813391202372,0.017204208280093843,0.0,0.0,0.024999999999999988,0.0,2,INJECTOR_DEGRADATION,0.1,2026-01-01T00:02:00+00:00,True
2026-01-01T00:02:13Z,ENG-DATASET-002,MSN-INJECTOR_DEGRADATION-002,CRUISE,6500.0,15.0,0.5961859123357582,0.47381408766424177,3572.4430851005923,489.83172988705195,141.66361909442236,57.40275020023057,379.0772849125715,10.019489688155137,6.562858457602615,14.2,3581.5456982514297,480.517676371223,139.06361909442236,57.40275020023057,379.0772849125715,9.755284077716968,6.562858457602615,-9.102613150837442,9.31405351582896,2.5999999999999943,0.0,0.0,0.26420561043816804,0.0,-0.002541532041677282,0.019383373336371097,0.018696478755055472,0.0,0.0,0.027083333333333348,0.0,2,INJECTOR_DEGRADATION,0.10833333333333334,2026-01-01T00:02:00+00:00,True
2026-01-01T00:02:14Z,ENG-DATASET-002,MSN-INJECTOR_DEGRADATION-002,CRUISE,6500.0,15.0,0.5940969958157628,0.4759030041842372,3561.1623950610306,490.24227729141944,141.4398373421929,57.235583463604534,378.5028328695728,10.00380605313068,5.956718653460488,14.2,3570.056657391455,479.3032062885101,138.6398373421929,57.235583463604534,378.5028328695728,9.720297379560176,5.956718653460488,-8.894262330424226,10.939071002909316,2.8000000000000114,0.0,0.0,0.2835086735705037,0.0,-0.0024913504697494145,0.022822862145271544,0.020196215270283462,0.0,0.0,0.029166666666666518,0.0,2,INJECTOR_DEGRADATION,0.11666666666666667,2026-01-01T00:02:00+00:00,True
2026-01-01T00:02:15Z,ENG-DATASET-002,MSN-INJECTOR_DEGRADATION-002,CRUISE,6500.0,15.0,0.5924122870125784,0.4775877129874216,3551.949282105713,490.73305962205376,141.23396702023064,57.07255080734781,378.03953794869705,9.99497812654051,5.854788526467839,14.2,3560.7907589739407,478.3245364902815,138.23396702023064,57.07255080734781,378.03953794869705,9.692100001493827,5.854788526467839,-8.8414768682278,12.408523131772256,3.0,0.0,0.0,0.3028781250466821,0.0,-0.002483009383785167,0.02594164042434476,0.02170233600805906,0.0,0.0,0.03125,0.0,2,INJECTOR_DEGRADATION,0.125,2026-01-01T00:02:00+00:00,True
2026-01-01T00:02:16Z,ENG-DATASET-002,MSN-INJECTOR_DEGRADATION-002,CRUISE,6500.0,15.0,0.5911580752436133,0.4788419247563867,3544.4460539355937,490.8165373167206,141.05048059218487,56.914139136479285,377.69462971223163,9.993489806453967,6.388179935891661,14.2,3553.892594244632,477.5964109590925,137.85048059218488,56.914139136479285,377.69462971223163,9.671119167536096,6.388179935891661,-9.446540309038483,13.22012635762809,3.1999999999999886,0.0,0.0,0.3223706389178709,0.0,-0.0026580826680965897,0.027680539581693864,0.023213557081943212,0.0,0.0,0.03333333333333344,0.0,2,INJECTOR_DEGRADATION,0.13333333333333333,2026-01-01T00:02:00+00:00,True
2026-01-01T00:02:17Z,ENG-DATASET-002,MSN-INJECTOR_DEGRADATION-002,CRUISE,6500.0,15.0,0.5903539320640401,0.4796460679359599,3538.629879757644,490.37318420963885,140.89367697985742,56.760845533688574,377.473490337849,9.999714806914906,6.781607839443748,14.2,3549.46980675698,477.1297778756411,137.4936769798574,56.760845533688574,377.473490337849,9.657672248127072,6.781607839443748,-10.839926999335603,13.243406333997768,3.4000000000000057,0.0,0.0,0.3420425587878331,0.0,-0.0030539566722613274,0.027756402865824745,0.0247284098780637,0.0,0.0,0.03541666666666659,0.0,2,INJECTOR_DEGRADATION,0.14166666666666666,2026-01-01T00:02:00+00:00,True
2026-01-01T00:02:18Z,ENG-DATASET-002,MSN-INJECTOR_DEGRADATION-002,CRUISE,6500.0,15.0,0.5900124058592234,0.4799875941407765,3534.9467317793274,489.7869631982497,140.76760038310692,56.6131662110628,377.3795706315244,10.013911010657639,6.464295618218178,14.2,3547.5914126304883,476.9316440494105,137.16760038310693,56.6131662110628,377.3795706315244,9.651962419910976,6.464295618218178,-12.644680851160956,12.855319148839158,3.5999999999999943,0.0,0.0,0.3619485907466622,0.0,-0.0035643002196200225,0.02695421725363087,0.02624526484348528,0.0,0.0,0.03750000000000006,0.0,2,INJECTOR_DEGRADATION,0.15,2026-01-01T00:02:00+00:00,True
2026-01-01T00:02:19Z,ENG-DATASET-002,MSN-INJECTOR_DEGRADATION-002,CRUISE,6500.0,15.0,0.5901388260313631,0.4798611739686368,3534.120389882211,489.75531531103417,140.6759649032816,56.47158560705741,377.41433617886287,10.03621640565593,5.887823965446203,14.2,3548.286723577257,477.0049823394135,136.87596490328158,56.47158560705741,377.41433617886287,9.654075901232158,5.887823965446203,-14.166333695045978,12.75033297162065,3.8000000000000114,0.0,0.0,0.3821405044237718,0.0,-0.0039924433391797555,0.026729978603343255,0.027762361366256982,0.0,0.0,0.039583333333333214,0.0,2,INJECTOR_DEGRADATION,0.15833333333333333,2026-01-01T00:02:00+00:00,True
2026-01-01T00:02:20Z,ENG-DATASET-002,MSN-INJECTOR_DEGRADATION-002,CRUISE,6500.0,15.0,0.5907312198359552,0.4792687801640447,3536.728230161901,490.8653665053866,140.62208572577003,56.33656579358284,377.57724447512567,10.066646648261358,5.879209433625626,14.2,3551.544889502513,477.3486925126646,136.62208572577003,56.33656579358284,377.57724447512567,9.663980782330903,5.879209433625626,-14.81665934061175,13.516673992721962,4.0,0.0,0.0,0.40266586593045517,0.0,-0.00417189133224984,0.028316143324019577,0.029277843174117996,0.0,0.0,0.04166666666666676,0.0,2,INJECTOR_DEGRADATION,0.16666666666666666,2026-01-01T00:02:00+00:00,True
2026-01-01T00:02:21Z,ENG-DATASET-002,MSN-INJECTOR_DEGRADATION-002,CRUISE,6500.0,15.0,0.5917803431658103,0.47821965683418965,3542.802363851312,493.194911755165,140.60881754620726,56.208536353450064,377.86575339083583,10.105094284352441,6.456040502923318,14.2,3557.3150678167162,477.95761572056927,136.40881754620727,56.208536353450064,377.86575339083583,9.68152745806222,6.456040502923318,-14.512703965404398,15.237296034595715,4.199999999999989,0.0,0.0,0.42356682629022124,0.0,-0.0040796791087474565,0.03188001515913489,0.030789798456960275,0.0,0.0,0.04374999999999991,0.0,2,INJECTOR_DEGRADATION,0.175,2026-01-01T00:02:00+00:00,True
2026-01-01T00:02:22Z,ENG-DATASET-002,MSN-INJECTOR_DEGRADATION-002,CRUISE,6500.0,15.0,0.5932698248022544,0.47673017519774563,3551.723780716847,496.20583309357255,140.638500854767,56.08788488128084,378.27536084085796,10.151329648853547,6.801197122063426,14.2,3565.5072168171587,478.82260252721755,136.23850085476698,56.08788488128084,378.27536084085796,9.706450660258371,6.801197122063426,-13.78343610031152,17.383230566354996,4.400000000000006,0.0,0.0,0.4448789885951765,0.0,-0.0038657714771408195,0.036304114456181896,0.03229630370559124,0.0,0.0,0.045833333333333455,0.0,2,INJECTOR_DEGRADATION,0.18333333333333332,2026-01-01T00:02:00+00:00,True
2026-01-01T00:02:23Z,ENG-DATASET-002,MSN-INJECTOR_DEGRADATION-002,CRUISE,6500.0,15.0,0.5951764218825207,0.4748235781174793,3562.5083468137846,499.0288135579753,140.71291662352732,55.97494825145334,378.7996750379312,10.205003452540016,6.433373696951244,14.2,3575.9935007586237,479.93063416948115,136.11291662352733,55.97494825145334,378.7996750379312,9.73837307598252,6.433373696951244,-13.485153944839112,19.098179388494145,4.599999999999994,0.0,0.0,0.46663037655749484,0.0,-0.0037710230575022925,0.0397936243881233,0.03379547007080206,0.0,0.0,0.047916666666666566,0.0,2,INJECTOR_DEGRADATION,0.19166666666666665,2026-01-01T00:02:00+00:00,True
2026-01-01T00:02:24Z,ENG-DATASET-002,MSN-INJECTOR_DEGRADATION-002,CRUISE,6500.0,15.0,0.5974703825968497,0.4725296174031503,3574.3340070002696,500.9887187510571,140.83324987213012,55.87000478487095,379.4305142343717,10.265651052569465,5.896428030557356,14.2,3588.610284687433,481.26499643822046,136.0332498721301,55.87000478487095,379.4305142343717,9.776810526256634,5.896428030557356,-14.276277687163201,19.723722312836628,4.800000000000011,0.0,0.0,0.48884052631283126,0.0,-0.0039782190192342555,0.04098308096123617,0.03528549089661508,0.0,0.0,0.049999999999999954,0.0,2,INJECTOR_DEGRADATION,0.2,2026-01-01T00:02:00+00:00,True
2026-01-01T00:02:25Z,ENG-DATASET-002,MSN-INJECTOR_DEGRADATION-002,CRUISE,6500.0,15.0,0.6001159104555293,0.46988408954447075,3586.9870658130126,502.04854978627105,141.00006251533617,55.77326743249531,380.1580343955085,10.33269838906399,5.979946000259439,14.2,3603.16068791017,482.8055052167621,136.00006251533617,55.77326743249531,380.1580343955085,9.8211786668331,5.979946000259439,-16.173622097157477,19.243044569508925,5.0,0.0,0.0,0.51151972223089,0.0,-0.004488731837973666,0.039856721519506075,0.03676468898266992,0.0,0.0,0.05208333333333327,0.0,2,INJECTOR_DEGRADATION,0.20833333333333334,2026-01-01T00:02:00+00:00,True
2026-01-01T00:02:26Z,ENG-DATASET-002,MSN-INJECTOR_DEGRADATION-002,CRUISE,6500.0,15.0,0.6030717228811443,0.46692827711885565,3600.9314525947484,502.87591195252924,141.21327582069006,55.68487807788987,380.97088281255265,10.405469553807732,6.587704075724052,14.2,3619.4176562510534,484.5287822755008,136.01327582069007,55.68487807788987,380.97088281255265,9.870801157762275,6.587704075724052,-18.48620365630495,18.34712967702842,5.199999999999989,0.0,0.0,0.5346683960454577,0.0,-0.005107507729697248,0.037865923239615365,0.03823156209291869,0.0,0.0,0.05416666666666678,0.0,2,INJECTOR_DEGRADATION,0.21666666666666667,2026-01-01T00:02:00+00:00,True
2026-01-01T00:02:27Z,ENG-DATASET-002,MSN-INJECTOR_DEGRADATION-002,CRUISE,6500.0,15.0,0.6062916954093903,0.4637083045906097,3616.9268064672146,504.45788069540555,141.47216272323598,55.60490304372357,381.85637525782033,10.483195938356564,6.875160798622821,14.2,3637.1275051564057,486.4085793845968,136.07216272323598,55.60490304372357,381.85637525782033,9.92491923158018,6.875160798622821,-20.200698689191086,18.049301310808744,5.400000000000006,0.0,0.0,0.5582767067763843,0.0,-0.005554025439183058,0.037107284031964824,0.03968482525689944,0.0,0.0,0.05624999999999992,0.0,2,INJECTOR_DEGRADATION,0.225,2026-01-01T00:02:00+00:00,True
2026-01-01T00:02:28Z,ENG-DATASET-002,MSN-INJECTOR_DEGRADATION-002,CRUISE,6500.0,15.0,0.6097255814459116,0.4602744185540884,3635.408707814536,507.47764428655466,141.775350154978,55.53332986855501,382.80069391786367,10.565026887405685,6.459002237477511,14.2,3656.013878357273,488.4161481626253,136.17535015497802,55.53332986855501,382.80069391786367,9.982702570777025,6.459002237477511,-20.60517054273714,19.061496123929373,5.599999999999994,0.0,0.0,0.5823243166286591,0.0,-0.005635966171987152,0.0390271619716852,0.04112344850684624,0.0,0.0,0.058333333333333265,0.0,2,INJECTOR_DEGRADATION,0.23333333333333334,2026-01-01T00:02:00+00:00,True
2026-01-01T00:02:29Z,ENG-DATASET-002,MSN-INJECTOR_DEGRADATION-002,CRUISE,6500.0,15.0,0.6133197963476013,0.4566802036523988,3656.0148338872805,511.83675923293384,142.1208314477024,55.47006540054727,383.78910301582835,10.650041759170367,5.96586149688653,14.2,3675.7820603165665,490.52065232888634,136.32083144770237,55.47006540054727,383.78910301582835,10.043261383893471,5.96586149688653,-19.767226429285984,21.3161069040475,5.800000000000011,0.0,0.0,0.6067803752768963,0.0,-0.005377692720874639,0.04345608447441147,0.0425466888545578,0.0,0.0,0.06041666666666658,0.0,2,INJECTOR_DEGRADATION,0.24166666666666667,2026-01-01T00:02:00+00:00,True
2026-01-01T00:02:30Z,ENG-DATASET-002,MSN-INJECTOR_DEGRADATION-002,CRUISE,6500.0,15.0,0.6170182535930345,0.4529817464069655,3677.57510312698,516.6411461424121,142.50598875747917,55.41493523435898,384.8061787583225,10.737263268094349,6.134082157434598,14.2,3696.1235751664494,492.68961818188126,136.50598875747917,55.41493523435898,384.8061787583225,10.105659546441741,6.134082157434598,-18.54847203946929,23.951527960530882,6.0,0.0,0.0,0.631603721652608,0.0,-0.005018358196704499,0.048613827197976266,0.04395411552719338,0.0,0.0,0.062499999999999924,0.0,2,INJECTOR_DEGRADATION,0.25,2026-01-01T00:02:00+00:00,True
2026-01-01T00:02:31Z,ENG-DATASET-002,MSN-INJECTOR_DEGRADATION-002,CRUISE,6500.0,15.0,0.6207632399938777,0.44923676000612234,3698.60814828457,520.6932327872001,142.9276253369075,55.36768449663768,385.8360500185544,10.825671956953455,6.755414680775154,14.2,3716.7210003710866,494.8894182070503,136.72762533690752,55.36768449663768,385.8360500185544,10.168928648410292,6.755414680775154,-18.112852086516796,25.803814580149833,6.199999999999989,0.0,0.0,0.6567433085431631,0.0,-0.0048733418743856114,0.052140566419131056,0.04534562773779407,0.0,0.0,0.06458333333333317,0.0,2,INJECTOR_DEGRADATION,0.2583333333333333,2026-01-01T00:02:00+00:00,True
2026-01-01T00:02:32Z,ENG-DATASET-002,MSN-INJECTOR_DEGRADATION-002,CRUISE,6500.0,15.0,0.6244963162898886,0.44550368371011145,3718.044600631187,523.2107957192303,143.3820073470632,55.32797996463131,386.86264599995735,10.914221616169096,6.972859299964021,14.2,3737.252919999147,497.0857817538563,136.9820073470632,55.32797996463131,386.86264599995735,10.232082765158527,6.972859299964021,-19.208319367959575,26.125013965374023,6.400000000000006,0.0,0.0,0.6821388510105688,0.0,-0.005139689440115271,0.05255634927476248,0.04672146454814832,0.0,0.0,0.06666666666666671,0.0,2,INJECTOR_DEGRADATION,0.26666666666666666,2026-01-01T00:02:00+00:00,True
2026-01-01T00:02:33Z,ENG-DATASET-002,MSN-INJECTOR_DEGRADATION-002,CRUISE,6500.0,15.0,0.6281592290740277,0.44184077092597235,3735.7339184429948,524.3293038859853,143.8649147562294,55.29541348175995,387.8699470155956,11.001855438918762,6.507951121064426,14.2,3757.3989403119112,499.2443257549016,137.26491475622942,55.29541348175995,387.8699470155956,10.294133744017554,6.507951121064426,-21.665021868916483,25.084978131083687,6.599999999999994,0.0,0.0,0.707721694901208,0.0,-0.005765962628157343,0.050245895320198145,0.048082206671100344,0.0,0.0,0.06875000000000012,0.0,2,INJECTOR_DEGRADATION,0.275,2026-01-01T00:02:00+00:00,True
2026-01-01T00:02:34Z,ENG-DATASET-002,MSN-INJECTOR_DEGRADATION-002,CRUISE,6500.0,15.0,0.6316948198173914,0.43830518018260867,3752.4011027523816,525.0541775529849,144.3717007189652,55.26950661387521,388.84223447002057,11.087522672658805,6.059194057670001,14.2,3776.844689400412,501.3310975343489,137.5717007189652,55.26950661387521,388.84223447002057,10.354106776023787,6.059194057670001,-24.443586648030305,23.72308001863604,6.800000000000011,0.0,0.0,0.7334158966350177,0.0,-0.0064719597066382984,0.047320184475511506,0.04942877033912096,0.0,0.0,0.07083333333333328,0.0,2,INJECTOR_DEGRADATION,0.2833333333333333,2026-01-01T00:02:00+00:00,True
2026-01-01T00:02:35Z,ENG-DATASET-002,MSN-INJECTOR_DEGRADATION-002,CRUISE,6500.0,15.0,0.6350479168089384,0.4349520831910616,3769.0493024754933,526.659033875458,144.89735867008247,55.24971647069305,389.76433614269604,11.170195502327116,6.300825061514011,14.2,3795.2867228539203,503.3131209205515,137.89735867008247,55.24971647069305,389.76433614269604,10.411056002168962,6.300825061514011,-26.237420378427032,23.34591295490651,7.0,0.0,0.0,0.7591395001581542,0.0,-0.006913158950662212,0.046384471186062495,0.05076239362022447,0.0,0.0,0.07291666666666674,0.0,2,INJECTOR_DEGRADATION,0.2916666666666667,2026-01-01T00:02:00+00:00,True
2026-01-01T00:02:36Z,ENG-DATASET-002,MSN-INJECTOR_DEGRADATION-002,CRUISE,6500.0,15.0,0.638166196091588,0.431833803908412,3786.1564927695918,529.8781700526894,145.436596207864,55.235442598817954,390.6218629454247,11.248885879210057,6.916362634564496,14.2,3812.4372589084937,505.1589361915915,138.236596207864,55.235442598817954,390.6218629454247,10.464079887637263,6.916362634564496,-26.28076613890198,24.719233861097848,7.199999999999989,0.0,0.0,0.7848059915727941,0.0,-0.006893429151520306,0.04893357731619458,0.052084615778396855,0.0,0.0,0.07499999999999994,0.0,2,INJECTOR_DEGRADATION,0.3,2026-01-01T00:02:00+00:00,True
2026-01-01T00:02:37Z,ENG-DATASET-002,MSN-INJECTOR_DEGRADATION-002,CRUISE,6500.0,15.0,0.64100099796007,0.42899900203993,3803.1657080812356,534.3928294567661,145.98391468442784,55.22603483616404,391.4014334592573,11.322661993660763,7.051558741055617,14.2,3828.028669185145,506.83912389400894,138.58391468442784,55.22603483616404,391.4014334592573,10.512336086957767,7.051558741055617,-24.862961103909583,27.55370556275716,7.400000000000006,0.0,0.0,0.810325906702996,0.0,-0.006494977768597028,0.054363809468898135,0.05339725044461827,0.0,0.0,0.07708333333333348,0.0,2,INJECTOR_DEGRADATION,0.30833333333333335,2026-01-01T00:02:00+00:00,True
2026-01-01T00:02:38Z,ENG-DATASET-002,MSN-INJECTOR_DEGRADATION-002,CRUISE,6500.0,15.0,0.6435080862793506,0.4264919137206494,3818.6108852602356,538.9533659835954,146.5336932742654,55.220802002681864,392.0908827470594,11.390664080858699,6.537828185416864,14.2,3841.8176549411883,508.3268023312147,138.9336932742654,55.220802002681864,392.0908827470594,10.555055518942424,6.537828185416864,-23.206769680952675,30.626563652380696,7.599999999999994,0.0,0.0,0.8356085619162741,0.0,-0.006040570314706394,0.06024975175797457,0.05470235348164992,0.0,0.0,0.07916666666666655,0.0,2,INJECTOR_DEGRADATION,0.31666666666666665,2026-01-01T00:02:00+00:00,True
2026-01-01T00:02:39Z,ENG-DATASET-002,MSN-INJECTOR_DEGRADATION-002,CRUISE,6500.0,15.0,0.645648338774725,0.42435166122527496,3830.837109424386,542.096154315859,147.08027616076936,55.219021289350145,392.67945218328737,11.45211924771106,6.133384727498941,14.2,3853.589043665747,509.59808855721957,139.28027616076935,55.219021289350145,392.67945218328737,10.591555373605605,6.133384727498941,-22.751934241360686,32.498065758639484,7.800000000000011,0.0,0.0,0.8605638741054555,0.0,-0.005904089404333003,0.06377195379725308,0.056002186490473185,0.0,0.0,0.08125000000000002,0.0,2,INJECTOR_DEGRADATION,0.325,2026-01-01T00:02:00+00:00,True
2026-01-01T00:02:40Z,ENG-DATASET-002,MSN-INJECTOR_DEGRADATION-002,CRUISE,6500.0,15.0,0.6473883575218288,0.4226116424781712,3838.8959391431567,543.0359720950343,147.61806137119314,55.21994819659276,393.15795733874086,11.506355016627476,6.4366202132104755,14.2,3863.1591467748176,510.63251306002854,139.61806137119314,55.21994819659276,393.15795733874086,10.621250784579209,6.4366202132104755,-24.263207631660862,32.40345903500571,8.0,0.0,0.0,0.8851042320482669,0.0,-0.006280664790089518,0.06345749282752085,0.057299176921895074,0.0,0.0,0.08333333333333329,0.0,2,INJECTOR_DEGRADATION,0.3333333333333333,2026-01-01T00:02:00+00:00,True
2026-01-01T00:02:41Z,ENG-DATASET-002,MSN-INJECTOR_DEGRADATION-002,CRUISE,6500.0,15.0,0.6487009901100778,0.42129900988992225,3843.063396815837,542.1814831285598,148.1415897088132,55.222826864800595,393.51893130050934,11.552811298690724,7.028507365068037,14.2,3870.3786260101865,511.4133789895756,139.9415897088132,55.222826864800595,393.51893130050934,10.643664920098939,7.028507365068037,-27.315229194349286,30.768104138984143,8.199999999999989,0.0,0.0,0.9091463785917853,0.0,-0.00705750827859119,0.060162884670272386,0.058595875729740766,0.0,0.0,0.08541666666666675,0.0,2,INJECTOR_DEGRADATION,0.3416666666666667,2026-01-01T00:02:00+00:00,True
2026-01-01T00:02:42Z,ENG-DATASET-002,MSN-INJECTOR_DEGRADATION-002,CRUISE,6500.0,15.0,0.6495657533469535,0.4204342466530464,3844.6370336581545,540.9302676184903,148.6456321822654,55.226900633608714,393.75674119065025,11.591050534705342,7.072689469984756,14.2,3875.134823813004,511.92805777333996,140.24563218226538,55.226900633608714,393.75674119065025,10.65843727329227,7.072689469984756,-30.497790154849554,29.00220984515039,8.400000000000006,0.0,0.0,0.9326132614130724,0.0,-0.007870123632199393,0.05665290152545485,0.0598949134407497,0.0,0.0,0.08749999999999988,0.0,2,INJECTOR_DEGRADATION,0.35,2026-01-01T00:02:00+00:00,True
2026-01-01T00:02:43Z,ENG-DATASET-002,MSN-INJECTOR_DEGRADATION-002,CRUISE,6500.0,15.0,0.6499691528913724,0.42003084710862765,3845.1045450941033,540.8359047011752,149.12527432023165,55.23142266309545,393.86767606536534,11.620765777282909,6.513526845963444,14.2,3877.3535213073073,512.1682142477129,140.52527432023166,55.23142266309545,393.86767606536534,10.665329967678387,6.513526845963444,-32.24897621320406,28.667690453462342,8.599999999999994,0.0,0.0,0.9554358096045217,0.0,-0.008317264865322582,0.05597319329074386,0.061198955430623474,0.0,0.0,0.08958333333333329,0.0,2,INJECTOR_DEGRADATION,0.35833333333333334,2026-01-01T00:02:00+00:00,True
2026-01-01T00:02:44Z,ENG-DATASET-002,MSN-INJECTOR_DEGRADATION-002,CRUISE,6500.0,15.0,0.649904893828364,0.42009510617163603,3845.175772869424,542.6389657189332,149.57599578763194,55.235666449186034,393.8500048230381,11.64178652960383,6.1556909432601135,14.2,3877.0000964607616,512.1299559769375,140.77599578763193,55.235666449186034,393.8500048230381,10.66423193551496,6.1556909432601135,-31.824323591337816,30.50900974199567,8.800000000000011,0.0,0.0,0.9775545940888701,0.0,-0.008208491823456395,0.05957278887113092,0.06251065709579692,0.0,0.0,0.09166666666666655,0.0,2,INJECTOR_DEGRADATION,0.36666666666666664,2026-01-01T00:02:00+00:00,True
2026-01-01T00:02:45Z,ENG-DATASET-002,MSN-INJECTOR_DEGRADATION-002,CRUISE,6500.0,15.0,0.6493739788991146,0.4206260211008854,3844.2791278016875,545.7629666329661,149.99374378839795,55.23893606727353,393.70400321749446,11.654082205443377,6.511275416058278,14.2,3874.0800643498897,511.8139031811683,140.99374378839795,55.23893606727353,393.70400321749446,10.65516087354823,6.511275416058278,-29.800936548202117,33.94906345179783,9.0,0.0,0.0,0.9989213318951471,0.0,-0.007692390465142082,0.06633087386018267,0.06383261950620386,0.0,0.0,0.09375000000000006,0.0,2,INJECTOR_DEGRADATION,0.375,2026-01-01T00:02:00+00:00,True
2026-01-01T00:02:46Z,ENG-DATASET-002,MSN-INJECTOR_DEGRADATION-002,CRUISE,6500.0,15.0,0.6483846928535261,0.4216153071464739,3840.8600831538597,548.6129363070971,150.37499884920123,55.24057598238663,393.43194955495767,11.65776312876471,7.066140905288384,14.2,3868.6389910991525,511.2251775857234,141.17499884920124,55.24057598238663,393.43194955495767,10.638262931192132,7.066140905288384,-27.778907945292758,37.38775872137376,9.199999999999989,0.0,0.0,1.0195001975725777,0.0,-0.007180537653992949,0.07313364122232516,0.06516734602439872,0.0,0.0,0.09583333333333317,0.0,2,INJECTOR_DEGRADATION,0.3833333333333333,2026-01-01T00:02:00+00:00,True
2026-01-01T00:02:47Z,ENG-DATASET-002,MSN-INJECTOR_DEGRADATION-002,CRUISE,6500.0,15.0,0.6469524731694647,0.42304752683053537,3833.331855360176,549.5267163178922,150.7168317258111,55.23998027107087,393.0380891418408,11.653079047696892,7.016583343805046,14.2,3860.7617828368157,510.3733104611981,141.31683172581108,55.23998027107087,393.0380891418408,10.61381013831975,7.016583343805046,-27.429927476639477,39.15340585669412,9.400000000000006,0.0,0.0,1.0392689093771423,0.0,-0.007104796674734093,0.0767152299192785,0.06651720028820264,0.0,0.0,0.09791666666666668,0.0,2,INJECTOR_DEGRADATION,0.39166666666666666,2026-01-01T00:02:00+00:00,True
2026-01-01T00:02:48Z,ENG-DATASET-002,MSN-INJECTOR_DEGRADATION-002,CRUISE,6500.0,15.0,0.6450996691560816,0.4249003308439183,3821.1128300545574,547.8135413623211,151.01695035500427,55.23660110939959,392.5285680381604,11.64041519491171,6.420917911383736,14.2,3850.5713607632083,509.2720720709722,141.41695035500427,55.23660110939959,392.5285680381604,10.582195631737918,6.420917911383736,-29.45853070865087,38.5414692913489,9.599999999999994,0.0,0.0,1.0582195631737932,0.0,-0.007650431052604099,0.07567952653405617,0.06788436588330292,0.0,0.0,0.10000000000000013,0.0,2,INJECTOR_DEGRADATION,0.4,2026-01-01T00:02:00+00:00,True
2026-01-01T00:02:49Z,ENG-DATASET-002,MSN-INJECTOR_DEGRADATION-002,CRUISE,6500.0,15.0,0.6428551932003197,0.4271448067996803,3805.105662966161,544.2348132278976,151.27373598454355,55.22995639305006,391.91133715032583,11.620285982142592,6.1161302388330165,14.2,3838.226743006517,507.93922660158717,141.47373598454354,55.22995639305006,391.91133715032583,10.543926789089687,6.1161302388330165,-33.12108004035599,36.29558662631041,9.800000000000011,0.0,0.0,1.0763591930529053,0.0,-0.008629266131998225,0.07145655370850028,0.06927080798283784,0.0,0.0,0.1020833333333333,0.0,2,INJECTOR_DEGRADATION,0.4083333333333333,2026-01-01T00:02:00+00:00,True
2026-01-01T00:02:50Z,ENG-DATASET-002,MSN-INJECTOR_DEGRADATION-002,CRUISE,6500.0,15.0,0.6402540695987841,0.429745930401216,3787.29375817006,540.6027466560271,151.48626784485683,55.21963636898855,391.1960281599036,11.593326468804667,6.519003561000501,14.2,3823.920563198072,506.3962183507058,141.48626784485683,55.21963636898855,391.1960281599036,10.49961642457781,6.519003561000501,-36.62680502801231,34.206528305321285,10.0,0.0,0.0,1.0937100442268566,0.0,-0.009578338363122297,0.06754894105791186,0.07067823720507807,0.0,0.0,0.1041666666666668,0.0,2,INJECTOR_DEGRADATION,0.4166666666666667,2026-01-01T00:02:00+00:00,True
2026-01-01T00:02:51Z,ENG-DATASET-002,MSN-INJECTOR_DEGRADATION-002,CRUISE,6500.0,15.0,0.6373368880153083,0.43266311198469176,3769.6680743407615,538.7098062765914,151.6543359709908,55.20530917379333,390.39380322444777,11.560281791552375,7.0293137330610955,14.2,3807.8760644889558,504.66779642478576,141.4543359709908,55.20530917379333,390.39380322444777,10.4499722409513,7.0293137330610955,-38.20799014819431,34.04200985180563,10.199999999999989,0.0,0.0,1.110309550601075,0.0,-0.010033937423675605,0.06745429387999231,0.07210807593831402,0.0,0.0,0.10624999999999993,0.0,2,INJECTOR_DEGRADATION,0.425,2026-01-01T00:02:00+00:00,True
2026-01-01T00:02:52Z,ENG-DATASET-002,MSN-INJECTOR_DEGRADATION-002,CRUISE,6500.0,15.0,0.6341491700928259,0.4358508299071741,3753.123719874084,539.2283570306543,151.77844203402185,55.18672519076579,389.51718079576506,11.521994781643718,6.890115225002167,14.2,3790.343615915301,502.781586405205,141.37844203402184,55.18672519076579,389.51718079576506,10.395784765392827,6.890115225002167,-37.219896041217,36.44677062544923,10.400000000000006,0.0,0.0,1.1262100162508908,0.0,-0.00981966275694217,0.07249026537753078,0.07356142740275289,0.0,0.0,0.10833333333333345,0.0,2,INJECTOR_DEGRADATION,0.43333333333333335,2026-01-01T00:02:00+00:00,True
2026-01-01T00:02:53Z,ENG-DATASET-002,MSN-INJECTOR_DEGRADATION-002,CRUISE,6500.0,15.0,0.6307406591033574,0.4392593408966426,3737.01036005209,541.2645062562383,151.85978828922066,55.16372015646925,388.57984027366126,11.479392029059829,6.272601706248887,14.2,3771.5968054732252,500.7676183440399,141.25978828922067,55.16372015646925,388.57984027366126,10.337914022417857,6.272601706248887,-34.58644542113507,40.49688791219842,10.599999999999994,0.0,0.0,1.1414780066419716,0.0,-0.009170239345558964,0.08086962181403679,0.07503904775998355,0.0,0.0,0.11041666666666665,0.0,2,INJECTOR_DEGRADATION,0.44166666666666665,2026-01-01T00:02:00+00:00,True
2026-01-01T00:02:54Z,ENG-DATASET-002,MSN-INJECTOR_DEGRADATION-002,CRUISE,6500.0,15.0,0.6271645437208875,0.4428354562791125,3719.6399613081767,542.8696114711611,151.90025498611422,55.13621696690447,387.59640854348197,11.433468675790655,6.031281608542175,14.2,3751.92817086964,498.6578210326244,141.1002549861142,55.13621696690447,387.59640854348197,10.277275214193846,6.031281608542175,-32.28820956146319,44.211790438536696,10.800000000000011,0.0,0.0,1.1561934615968088,0.0,-0.008605764313973866,0.08866158029364221,0.07654132163731985,0.0,0.0,0.11250000000000011,0.0,2,INJECTOR_DEGRADATION,0.45,2026-01-01T00:02:00+00:00,True
2026-01-01T00:02:55Z,ENG-DATASET-002,MSN-INJECTOR_DEGRADATION-002,CRUISE,6500.0,15.0,0.6234766280298968,0.4465233719701032,3699.4707330082942,542.2282578536997,151.9023668062011,55.104226153875324,386.58223172845965,11.385272235328994,6.48021579672997,14.2,3731.6446345691925,496.4854927479316,140.9023668062011,55.104226153875324,386.58223172845965,10.214823687771808,6.48021579672997,-32.17390156089823,45.742765105768115,11.0,0.0,0.0,1.1704485475571857,0.0,-0.008621909295125744,0.09213313535626703,0.07806824150178783,0.0,0.0,0.11458333333333327,0.0,2,INJECTOR_DEGRADATION,0.4583333333333333,2026-01-01T00:02:00+00:00,True
2026-01-01T00:02:56Z,ENG-DATASET-002,MSN-INJECTOR_DEGRADATION-002,CRUISE,6500.0,15.0,0.6197344607212879,0.4502655392787121,3676.2542193233626,538.8095969249821,151.86924909158418,55.06784502289975,385.55313571859216,11.3358857414424,6.943564461327337,14.2,3711.062714371843,494.284758640129,140.6692490915842,55.06784502289975,385.55313571859216,10.151539469948418,6.943564461327337,-34.80849504848038,44.524838284853104,11.199999999999989,0.0,0.0,1.1843462714939825,0.0,-0.009379656914359713,0.09007932675761512,0.07961939139028254,0.0,0.0,0.11666666666666671,0.0,2,INJECTOR_DEGRADATION,0.4666666666666667,2026-01-01T00:02:00+00:00,True
2026-01-01T00:02:57Z,ENG-DATASET-002,MSN-INJECTOR_DEGRADATION-002,CRUISE,6500.0,15.0,0.6159964370643114,0.4540035629356886,3651.4284134141735,533.7648537652165,151.80457479766366,55.027255464955665,384.5251792129236,11.286410527328524,6.724356033841174,14.2,3690.503584258472,492.0900246095148,140.40457479766366,55.027255464955665,384.5251792129236,10.088411644539464,6.724356033841174,-39.075170844298555,41.67482915570167,11.400000000000006,0.0,0.0,1.1979988827890597,0.0,-0.010588032216245599,0.0846894411012937,0.08119393557103456,0.0,0.0,0.11874999999999984,0.0,2,INJECTOR_DEGRADATION,0.475,2026-01-01T00:02:00+00:00,True
2026-01-01T00:02:58Z,ENG-DATASET-002,MSN-INJECTOR_DEGRADATION-002,CRUISE,6500.0,15.0,0.61232088766792,0.45767911233208003,3627.4819438844843,529.2959849462666,151.71250324223317,54.98272047509238,383.514403128916,11.237948927239565,6.103538556110333,14.2,3670.2880625783196,489.93543697343523,140.11250324223317,54.98272047509238,383.514403128916,10.026422834711878,6.103538556110333,-42.80611869383529,39.36054797283134,11.599999999999994,0.0,0.0,1.211526092527686,0.0,-0.011662877126806408,0.08033823439263796,0.08279061276883593,0.0,0.0,0.1208333333333334,0.0,2,INJECTOR_DEGRADATION,0.48333333333333334,2026-01-01T00:02:00+00:00,True
2026-01-01T00:02:59Z,ENG-DATASET-002,MSN-INJECTOR_DEGRADATION-002,CRUISE,6500.0,15.0,0.6087651682511251,0.46123483174887486,3606.6437528648466,527.3498369044341,151.59761183031492,54.934579431161815,382.5365802892974,11.191587177754858,5.937988884053605,14.2,3650.7316057859475,487.8543564922016,139.7976118303149,54.934579431161815,382.5365802892974,9.966534035848483,5.937988884053605,-44.087852921100875,39.49548041223255,11.800000000000011,0.0,0.0,1.2250531419063755,0.0,-0.012076443212430957,0.08095752325799696,0.0844077366237325,0.0,0.0,0.12291666666666662,0.0,2,INJECTOR_DEGRADATION,0.49166666666666664,2026-01-01T00:02:00+00:00,True
2026-01-01T00:03:00Z,ENG-DATASET-002,MSN-INJECTOR_DEGRADATION-002,CRUISE,6500.0,15.0,0.6053847646261847,0.46461523537381527,3589.684277879283,528.42374649039,151.4648220087805,54.883242205314325,381.60696929243875,11.1483787764016,6.433394081102738,14.2,3632.1393858487754,485.87885445988235,139.4648220087805,54.883242205314325,381.60696929243875,9.909670023468088,6.433394081102738,-42.455107969492474,42.5448920305077,12.0,0.0,0.0,1.238708752933512,0.0,-0.011688733129268762,0.08756275693002094,0.08604320306123145,0.0,0.0,0.12500000000000008,0.0,2,INJECTOR_DEGRADATION,0.5,2026-01-01T00:02:00+00:00,True
2026-01-01T00:03:01Z,ENG-DATASET-002,MSN-INJECTOR_DEGRADATION-002,CRUISE,6500.0,15.0,0.6022324268610607,0.46776757313893935,3575.5725544883608,531.226930638403,151.31932074850167,54.82918219915963,380.7400764070297,11.109328532636319,6.850059996042045,14.2,3614.8015281405933,484.0392376239692,139.11932074850168,54.82918219915963,380.7400764070297,9.856705537274369,6.850059996042045,-39.228973652232526,47.18769301443382,12.199999999999989,0.0,0.0,1.2526229953619499,0.0,-0.010852317436197223,0.09748733025460234,0.08769450522300212,0.0,0.0,0.12708333333333321,0.0,2,INJECTOR_DEGRADATION,0.5083333333333333,2026-01-01T00:02:00+00:00,True
2026-01-01T00:03:02Z,ENG-DATASET-002,MSN-INJECTOR_DEGRADATION-002,CRUISE,6500.0,15.0,0.5993573461322511,0.4706426538677489,3562.2283374346002,533.4366943631744,151.16647886683606,54.77292841032869,379.9494292066071,11.075377521633026,6.56312023760858,14.2,3598.9885841321407,482.3636077273813,138.76647886683605,54.77292841032869,379.9494292066071,9.808452417682386,6.56312023760858,-36.760246697540424,51.07308663579312,12.400000000000006,0.0,0.0,1.2669251039506406,0.0,-0.01021404926362243,0.10588088698569115,0.08935875653297631,0.0,0.0,0.12916666666666657,0.0,2,INJECTOR_DEGRADATION,0.5166666666666666,2026-01-01T00:02:00+00:00,True
2026-01-01T00:03:03Z,ENG-DATASET-002,MSN-INJECTOR_DEGRADATION-002,CRUISE,6500.0,15.0,0.5968043871129334,0.4731956128870666,3547.937456742664,533.1176077284222,151.0117674929437,54.715056653324744,379.24736547629465,11.047389126094252,5.958202695855923,14.2,3584.9473095258927,480.8774605116509,138.4117674929437,54.715056653324744,379.24736547629465,9.765647846271161,5.958202695855923,-37.00985278322878,52.24014721677128,12.599999999999994,0.0,0.0,1.2817412798230912,0.0,-0.010323681099827186,0.10863505052033018,0.09103272234885916,0.0,0.0,0.13125000000000012,0.0,2,INJECTOR_DEGRADATION,0.525,2026-01-01T00:02:00+00:00,True
2026-01-01T00:03:04Z,ENG-DATASET-002,MSN-INJECTOR_DEGRADATION-002,CRUISE,6500.0,15.0,0.5946133878747448,0.4753866121252551,3532.573250028692,529.9464310979519,150.86067394661058,54.656180070785524,378.6448406857928,11.026136326452528,5.879347214843671,14.2,3572.896813715856,479.6033281184489,138.06067394661056,54.656180070785524,378.6448406857928,9.728943817458113,5.879347214843671,-40.32356368716364,50.34310297950293,12.800000000000011,0.0,0.0,1.2971925089944154,0.0,-0.011285958086549567,0.10496821024367362,0.09271286046995467,0.0,0.0,0.13333333333333336,0.0,2,INJECTOR_DEGRADATION,0.5333333333333333,2026-01-01T00:02:00+00:00,True
2026-01-01T00:03:05Z,ENG-DATASET-002,MSN-INJECTOR_DEGRADATION-002,CRUISE,6500.0,15.0,0.5928185382279987,0.47718146177200127,3517.859168106162,525.4778287865546,150.71861825209479,54.596939082386136,378.1512570329376,11.012290376187806,6.420123111677209,14.2,3563.025140658752,478.5604680058112,137.71861825209479,54.596939082386136,378.1512570329376,9.698897946000269,6.420123111677209,-45.16597255259012,46.91736078074342,13.0,0.0,0.0,1.3133924301875375,0.0,-0.012676299147369917,0.09803852160261116,0.09439537053881429,0.0,0.0,0.13541666666666677,0.0,2,INJECTOR_DEGRADATION,0.5416666666666666,2026-01-01T00:02:00+00:00,True
2026-01-01T00:03:06Z,ENG-DATASET-002,MSN-INJECTOR_DEGRADATION-002,CRUISE,6500.0,15.0,0.5914478462011294,0.4785521537988706,3506.4770989593176,522.2553652220639,150.59087144622825,54.537990927421404,377.7743167255486,11.006410977132274,6.789877504933299,14.2,3555.486334510971,477.7646007737177,137.39087144622826,54.537990927421404,377.7743167255486,9.675965694182219,6.789877504933299,-49.009235551653546,44.490764448346226,13.199999999999989,0.0,0.0,1.3304452829500555,0.0,-0.013784115853842644,0.09312277296454256,0.09607625209049042,0.0,0.0,0.13750000000000004,0.0,2,INJECTOR_DEGRADATION,0.55,2026-01-01T00:02:00+00:00,True
2026-01-01T00:03:07Z,ENG-DATASET-002,MSN-INJECTOR_DEGRADATION-002,CRUISE,6500.0,15.0,0.5905227009847764,0.4794772990152236,3500.534704631007,522.2810341558857,150.4824767685865,54.47999896347897,377.51990179105155,11.008938049892981,6.44673248745593,14.2,3550.39803582103,477.22769867924217,137.0824767685865,54.47999896347897,377.51990179105155,9.660494084001153,6.44673248745593,-49.86333119002302,45.0533354766435,13.400000000000006,0.0,0.0,1.3484439658918284,0.0,-0.014044434085118605,0.09440637163628904,0.09775137067753008,0.0,0.0,0.13958333333333342,0.0,2,INJECTOR_DEGRADATION,0.5583333333333333,2026-01-01T00:02:00+00:00,True
2026-01-01T00:03:08Z,ENG-DATASET-002,MSN-INJECTOR_DEGRADATION-002,CRUISE,6500.0,15.0,0.5900575391606181,0.4799424608393819,3500.318164793461,525.7696784516849,150.39817474455407,54.42362188745157,377.39198228940796,11.020185176969935,5.874109835378292,14.2,3547.839645788159,476.9578261130493,136.79817474455407,54.42362188745157,377.39198228940796,9.652716943331331,5.874109835378292,-47.52148099469787,48.81185233863556,13.599999999999994,0.0,0.0,1.3674682336386041,0.0,-0.013394483894195529,0.10233997570901814,0.09941653114448012,0.0,0.0,0.14166666666666655,0.0,2,INJECTOR_DEGRADATION,0.5666666666666667,2026-01-01T00:02:00+00:00,True
2026-01-01T00:03:09Z,ENG-DATASET-002,MSN-INJECTOR_DEGRADATION-002,CRUISE,6500.0,15.0,0.5900596194233431,0.4799403805766569,3504.1090436055347,530.966989269014,150.3423330925143,54.36950304637848,377.3925543616573,11.040334780625356,5.8882722712727364,14.2,3547.8510872331462,476.95903289662533,136.5423330925143,54.36950304637848,377.3925543616573,9.652751720765337,5.8882722712727364,-43.742043627611565,54.00795637238866,13.800000000000011,0.0,0.0,1.3875830598600185,0.0,-0.012329165613803865,0.11323395228389392,0.10106755676021602,0.0,0.0,0.14375000000000013,0.0,2,INJECTOR_DEGRADATION,0.575,2026-01-01T00:02:00+00:00,True
2026-01-01T00:03:10Z,ENG-DATASET-002,MSN-INJECTOR_DEGRADATION-002,CRUISE,6500.0,15.0,0.5905289093111473,0.4794710906888527,3509.2098846712715,535.1756706478828,150.31888230641323,54.318260004232876,377.5216090808035,11.069435083708434,6.468948042634379,14.2,3550.4321816160696,477.2313009260145,136.31888230641323,54.318260004232876,377.5216090808035,9.660597891236453,6.468948042634379,-41.22229694479802,57.94436972186833,14.0,0.0,0.0,1.4088371924719816,0.0,-0.011610501154829731,0.12141778967438575,0.10270037256123658,0.0,0.0,0.14583333333333323,0.0,2,INJECTOR_DEGRADATION,0.5833333333333334,2026-01-01T00:02:00+00:00,True
2026-01-01T00:03:11Z,ENG-DATASET-002,MSN-INJECTOR_DEGRADATION-002,CRUISE,6500.0,15.0,0.5914580857122896,0.4785419142877104,3513.580547044432,536.3917729654112,150.33125768602184,54.270474526805124,377.7771325911176,11.10739888893586,6.7883734801492,14.2,3555.542651822352,477.7705444099979,136.13125768602185,54.270474526805124,377.7771325911176,9.676136963138317,6.7883734801492,-41.9621047779201,58.62122855541327,14.199999999999989,0.0,0.0,1.4312619257975427,0.0,-0.011801884799894866,0.1226974522420695,0.1043110909380665,0.0,0.0,0.14791666666666667,0.0,2,INJECTOR_DEGRADATION,0.5916666666666667,2026-01-01T00:02:00+00:00,True
2026-01-01T00:03:12Z,ENG-DATASET-002,MSN-INJECTOR_DEGRADATION-002,CRUISE,6500.0,15.0,0.5928326491398013,0.47716735086019874,3517.092582741977,534.5584957699408,150.38234850996042,54.22668314033435,378.15513753368333,11.154004199928771,6.397144974796425,14.2,3563.1027506736664,478.5686637016303,135.98234850996042,54.22668314033435,378.15513753368333,9.699134086894585,6.397144974796425,-46.010167931689466,55.98983206831048,14.400000000000006,0.0,0.0,1.4548701130341861,0.0,-0.012912950075040761,0.11699435486486019,0.1058960972345998,0.0,0.0,0.14999999999999983,0.0,2,INJECTOR_DEGRADATION,0.6,2026-01-01T00:02:00+00:00,True
2026-01-01T00:03:13Z,ENG-DATASET-002,MSN-INJECTOR_DEGRADATION-002,CRUISE,6500.0,15.0,0.5946311499911306,0.47536885000886936,3521.6164757746815,531.6522895582709,150.4744549707869,54.1873684106123,378.6497252677989,11.208896694902428,5.867940158597969,14.2,3572.994505355978,479.6136524729009,135.8744549707869,54.1873684106123,378.6497252677989,9.729241254164856,5.867940158597969,-51.37802958129669,52.03863708537,14.599999999999994,0.0,0.0,1.479655440737572,0.0,-0.01437954340659639,0.10850115883285928,0.10745213294978077,0.0,0.0,0.15208333333333335,0.0,2,INJECTOR_DEGRADATION,0.6083333333333333,2026-01-01T00:02:00+00:00,True
2026-01-01T00:03:14Z,ENG-DATASET-002,MSN-INJECTOR_DEGRADATION-002,CRUISE,6500.0,15.0,0.5968255232620169,0.47317447673798313,3529.8553162606995,530.514848952243,150.60925341630977,54.15295107806532,379.25317791729265,11.271594050571181,5.974866645349125,14.2,3585.063558345852,480.8897577040619,135.80925341630976,54.15295107806532,379.25317791729265,9.766002065476835,5.974866645349125,-55.208242085152506,49.62509124818115,14.800000000000011,0.0,0.0,1.5055919850943464,0.0,-0.015399515569711569,0.10319431939059988,0.1089763740518629,0.0,0.0,0.15416666666666679,0.0,2,INJECTOR_DEGRADATION,0.6166666666666667,2026-01-01T00:02:00+00:00,True
2026-01-01T00:03:15Z,ENG-DATASET-002,MSN-INJECTOR_DEGRADATION-002,LOITER,6000.0,15.0,0.39938152649149494,0.32061847350850503,2577.1143807865537,415.42925990985503,147.84558841911496,53.734376847192266,331.6312767327073,8.605278072451808,4.834424292731578,14.2,2632.625534654146,364.6904137774474,132.84558841911496,53.734376847192266,331.6312767327073,7.442402657255618,4.834424292731578,-55.511153867592384,50.738846132407616,15.0,0.0,0.0,1.16287541519619,0.0,-0.021085852559310152,0.13912854359635302,0.11291304572852245,0.0,0.0,0.15624999999999994,0.0,2,INJECTOR_DEGRADATION,0.625,2026-01-01T00:02:00+00:00,True
2026-01-01T00:03:16Z,ENG-DATASET-002,MSN-INJECTOR_DEGRADATION-002,LOITER,6000.0,15.0,0.40225927410404627,0.3177407258959537,2596.038463297668,421.63110857947595,145.42050770566146,53.33704206619874,332.42265732615897,8.67705157769651,5.095807252307704,14.2,2648.453146523179,366.37912513832066,130.22050770566148,53.33704206619874,332.42265732615897,7.490979779306341,5.095807252307704,-52.414683225511,55.25198344115529,15.199999999999989,0.0,0.0,1.1860717983901692,0.0,-0.019790677926215024,0.1508054898605257,0.1167250863002061,0.0,0.0,0.15833333333333313,0.0,2,INJECTOR_DEGRADATION,0.6333333333333333,2026-01-01T00:02:00+00:00,True
2026-01-01T00:03:17Z,ENG-DATASET-002,MSN-INJECTOR_DEGRADATION-002,LOITER,6000.0,15.0,0.4054138598106645,0.31458614018933545,2617.660394005554,429.1730092819484,143.30427318141133,52.96052971661155,333.290168395479,8.754516571711491,4.660281794495173,14.2,2665.8033679095793,368.2326498526405,127.90427318141134,52.96052971661155,333.290168395479,7.5442871713133135,4.660281794495173,-48.14297390402544,60.940359429307875,15.399999999999991,0.0,0.0,1.2102294003981777,0.0,-0.01805946173058417,0.16549417726455004,0.1204025449420099,0.0,0.0,0.1604166666666667,0.0,2,INJECTOR_DEGRADATION,0.6416666666666666,2026-01-01T00:02:00+00:00,True
2026-01-01T00:03:18Z,ENG-DATASET-002,MSN-INJECTOR_DEGRADATION-002,LOITER,6000.0,15.0,0.40879605735647656,0.3112039426435234,2638.7026946770834,435.0198981406007,141.46941231014677,52.60436254467318,334.2202727205773,8.836752316235946,4.1797538273357375,14.2,2684.4054544115456,370.22265787506274,125.86941231014677,52.60436254467318,334.2202727205773,7.601507368805115,4.1797538273357375,-45.702759734462234,64.79724026553794,15.599999999999994,0.0,0.0,1.2352449474308314,0.0,-0.017025281951858064,0.17502235178540787,0.1239379743949311,0.0,0.0,0.1625,0.0,2,INJECTOR_DEGRADATION,0.65,2026-01-01T00:02:00+00:00,True
2026-01-01T00:03:19Z,ENG-DATASET-002,MSN-INJECTOR_DEGRADATION-002,LOITER,6000.0,15.0,0.4123530886799851,0.30764691132001487,2656.916388832245,437.1825347596489,139.8904362279216,52.26799992105533,335.19845633454213,8.922757799876127,4.372619145561351,14.2,2703.9691266908426,372.3186059515801,124.0904362279216,52.26799992105533,335.19845633454213,7.6617598281583925,4.372619145561351,-47.05273785859754,64.8639288080688,15.800000000000011,0.0,0.0,1.2609979717177344,0.0,-0.017401359133187064,0.1742161894979386,0.12732649251856568,0.0,0.0,0.1645833333333332,0.0,2,INJECTOR_DEGRADATION,0.6583333333333333,2026-01-01T00:02:00+00:00,True
2026-01-01T00:03:20Z,ENG-DATASET-002,MSN-INJECTOR_DEGRADATION-002,LOITER,6000.0,15.0,0.4160294474970668,0.3039705525029332,2672.318601907318,435.95101745768005,138.54359716517496,51.95083611303388,336.2094550092396,9.011466211989188,4.994067844337403,14.2,2724.1891001847916,374.48818240182004,122.54359716517494,51.95083611303388,336.2094550092396,7.724113895990731,4.994067844337403,-51.870498277473416,61.46283505586001,16.000000000000014,0.0,0.0,1.2873523159984561,0.0,-0.019040711334596724,0.1641248988463709,0.13056577716119935,0.0,0.0,0.16666666666666677,0.0,2,INJECTOR_DEGRADATION,0.6666666666666666,2026-01-01T00:02:00+00:00,True
2026-01-01T00:03:21Z,ENG-DATASET-002,MSN-INJECTOR_DEGRADATION-002,LOITER,6000.0,15.0,0.4197677654579711,0.30023223454202885,2687.0576085528696,433.7555460656316,137.40668211072062,51.6521999791472,337.2374924484883,9.101760690362031,5.186325901528051,14.2,2744.7498489697655,376.6977864825277,121.20668211072064,51.6521999791472,337.2374924484883,7.787602729721524,5.186325901528051,-57.69224041689586,57.057759583103916,16.19999999999999,0.0,0.0,1.3141579606405074,0.0,-0.02101912509023381,0.15146826350080084,0.13365599749031584,0.0,0.0,0.16875000000000004,0.0,2,INJECTOR_DEGRADATION,0.675,2026-01-01T00:02:00+00:00,True
2026-01-01T00:03:22Z,ENG-DATASET-002,MSN-INJECTOR_DEGRADATION-002,LOITER,6000.0,15.0,0.4235097073612309,0.2964902926387691,2703.9561232333417,433.7052968997267,136.4588398105839,51.37135607483983,338.26652647188473,9.19249114719079,4.7070590205710285,14.2,2765.330529437694,378.9130364374126,120.05883981058389,51.37135607483983,338.26652647188473,7.851237990483236,4.7070590205710285,-61.374406204352454,54.79226046231412,16.400000000000006,0.0,0.0,1.3412531567075536,0.0,-0.022194238826427886,0.1446037881870673,0.13659968750217966,0.0,0.0,0.17083333333333345,0.0,2,INJECTOR_DEGRADATION,0.6833333333333333,2026-01-01T00:02:00+00:00,True
2026-01-01T00:03:23Z,ENG-DATASET-002,MSN-INJECTOR_DEGRADATION-002,LOITER,6000.0,15.0,0.4271968814549707,0.2928031185450293,2724.599422597163,437.67206835501173,135.68043831396997,51.107507136226225,339.2804993476632,9.28249194617024,4.27604241425014,14.2,2785.609986953263,381.0992993777785,119.08043831396996,51.107507136226225,339.2804993476632,7.914025105082976,4.27604241425014,-61.010564356100076,56.57276897723324,16.60000000000001,0.0,0.0,1.3684668410872636,0.0,-0.021902048255804055,0.14844626864861651,0.13940156951918586,0.0,0.0,0.17291666666666655,0.0,2,INJECTOR_DEGRADATION,0.6916666666666667,2026-01-01T00:02:00+00:00,True
2026-01-01T00:03:24Z,ENG-DATASET-002,MSN-INJECTOR_DEGRADATION-002,LOITER,6000.0,15.0,0.43077175062066503,0.28922824937933495,2748.137070418823,445.0875382639278,135.05295036281512,50.85979788822856,340.2635883682291,9.370600172943394,4.543439241078104,14.2,2805.271767364582,383.2222352096871,118.25295036281514,50.85979788822856,340.2635883682291,7.974978870590123,4.543439241078104,-57.13469694575906,61.86530305424071,16.799999999999983,0.0,0.0,1.3956213023532715,0.0,-0.020366902633264072,0.1614345342471842,0.14206833697134355,0.0,0.0,0.17500000000000002,0.0,2,INJECTOR_DEGRADATION,0.7,2026-01-01T00:02:00+00:00,True
2026-01-01T00:03:25Z,ENG-DATASET-002,MSN-INJECTOR_DEGRADATION-002,LOITER,6000.0,15.0,0.43417853022062913,0.28582146977937084,2771.5564956753824,453.2124531538385,134.55886397593798,50.62732010327575,341.2004527582192,9.455674213185889,5.157818104548971,14.2,2824.0090551643843,385.2483459761741,117.55886397593798,50.62732010327575,341.2004527582192,8.033139154565003,5.157818104548971,-52.45255948900194,67.9641071776644,17.0,0.0,0.0,1.4225350586208858,0.0,-0.01857379295334756,0.17641635035564224,0.1446084065892264,0.0,0.0,0.17708333333333331,0.0,2,INJECTOR_DEGRADATION,0.7083333333333334,2026-01-01T00:02:00+00:00,True
2026-01-01T00:03:26Z,ENG-DATASET-002,MSN-INJECTOR_DEGRADATION-002,LOITER,6000.0,15.0,0.4373640585986325,0.2826359414013675,2791.298917215292,458.7483105744063,134.18161561007375,50.40911881781168,342.0764730621702,9.536612328746198,5.26914618276427,14.2,2841.5294612434027,387.14552126918335,116.98161561007376,50.40911881781168,342.0764730621702,8.087586427205256,5.26914618276427,-50.23054402811067,71.60278930522293,17.19999999999999,0.0,0.0,1.4490259015409421,0.0,-0.01767729130147068,0.18495058155519076,0.14703165031787122,0.0,0.0,0.17916666666666672,0.0,2,INJECTOR_DEGRADATION,0.7166666666666667,2026-01-01T00:02:00+00:00,True
2026-01-01T00:03:27Z,ENG-DATASET-002,MSN-INJECTOR_DEGRADATION-002,LOITER,6000.0,15.0,0.4402786266497639,0.27972137335023606,2805.2585276251307,459.832511937268,133.90554329498548,50.204199596346065,342.8779792762313,9.612370904069289,4.7461396997832,14.2,2857.559585524626,388.88356983676323,116.50554329498547,50.204199596346065,342.8779792762313,8.137456850005748,4.7461396997832,-52.30105789949539,70.94894210050478,17.400000000000006,0.0,0.0,1.4749140540635413,0.0,-0.018302700725624,0.1824426322003939,0.1493491168565618,0.0,0.0,0.18124999999999994,0.0,2,INJECTOR_DEGRADATION,0.725,2026-01-01T00:02:00+00:00,True
2026-01-01T00:03:28Z,ENG-DATASET-002,MSN-INJECTOR_DEGRADATION-002,LOITER,6000.0,15.0,0.44287675351438804,0.27712324648561193,2813.9469042164565,457.19901481713214,133.7158571458386,50.01153671696505,343.59246416400293,9.681982024041574,4.363910733598317,14.2,2871.8492832800584,390.4347272140676,116.11585714583862,50.01153671696505,343.59246416400293,8.181956640035132,4.363910733598317,-57.902379063601984,66.76428760306453,17.599999999999994,0.0,0.0,1.5000253840064417,0.0,-0.020162053559255474,0.17099987001529962,0.15157275184124794,0.0,0.0,0.18333333333333343,0.0,2,INJECTOR_DEGRADATION,0.7333333333333333,2026-01-01T00:02:00+00:00,True
2026-01-01T00:03:29Z,ENG-DATASET-002,MSN-INJECTOR_DEGRADATION-002,LOITER,6000.0,15.0,0.44511789629174847,0.2748821037082515,2820.0893534762545,453.77124743574024,133.5986246607971,49.8300821383489,344.208778427777,9.74457004165072,4.693080222160128,14.2,2884.175568555541,391.77412918169324,115.79862466079709,49.8300821383489,344.208778427777,8.220375430566511,4.693080222160128,-64.08621507928638,61.997118254046995,17.80000000000001,0.0,0.0,1.5241946110842086,0.0,-0.022219942425828875,0.1582470960590013,0.15371512444245888,0.0,0.0,0.18541666666666684,0.0,2,INJECTOR_DEGRADATION,0.7416666666666667,2026-01-01T00:02:00+00:00,True
2026-01-01T00:03:30Z,ENG-DATASET-002,MSN-INJECTOR_DEGRADATION-002,LOITER,6000.0,15.0,0.446967082698374,0.273032917301626,2826.8672941261757,452.9014414651796,133.54076822299203,49.65877509663775,344.7173046895991,9.799366800400193,5.281904176089819,14.2,2894.3460937919813,392.88024113098515,115.54076822299201,49.65877509663775,344.7173046895991,8.252098358231741,5.281904176089819,-67.47879966580558,60.02120033419442,18.000000000000014,0.0,0.0,1.547268442168452,0.0,-0.02331400512555819,0.1527722548769856,0.15578916668842183,0.0,0.0,0.18750000000000006,0.0,2,INJECTOR_DEGRADATION,0.75,2026-01-01T00:02:00+00:00,True
2026-01-01T00:03:31Z,ENG-DATASET-002,MSN-INJECTOR_DEGRADATION-002,LOITER,6000.0,15.0,0.4483954567988657,0.27160454320113425,2835.8583233918366,456.30807272254975,133.5300722509111,49.496552171127064,345.1101075672343,9.845725192815474,5.3031665440462685,14.2,2902.2021513446857,393.7352340087324,115.33007225091112,49.496552171127064,345.1101075672343,8.276616624433323,5.3031665440462685,-66.3438279528491,62.57283871381736,18.19999999999999,0.0,0.0,1.5691085683821502,0.0,-0.022859823159496254,0.15892110562914366,0.15780793027168338,0.0,0.0,0.18958333333333324,0.0,2,INJECTOR_DEGRADATION,0.7583333333333333,2026-01-01T00:02:00+00:00,True
2026-01-01T00:03:32Z,ENG-DATASET-002,MSN-INJECTOR_DEGRADATION-002,LOITER,6000.0,15.0,0.4493807292931175,0.27061927070688246,2845.935249197564,462.97273089091135,133.5551974863971,49.34235765090907,345.38105750315356,9.883130762734542,4.739055921284804,14.2,2907.6211500630707,394.3252984230845,115.15519748639711,49.34235765090907,345.38105750315356,8.293536304392623,4.739055921284804,-61.68590086550648,68.64743246782683,18.39999999999999,0.0,0.0,1.589594458341919,0.0,-0.021215246994667248,0.17408832946389546,0.15978436407243815,0.0,0.0,0.19166666666666662,0.0,2,INJECTOR_DEGRADATION,0.7666666666666666,2026-01-01T00:02:00+00:00,True
2026-01-01T00:03:33Z,ENG-DATASET-002,MSN-INJECTOR_DEGRADATION-002,LOITER,6000.0,15.0,0.44990752533338946,0.2700924746666105,2853.8238500993093,469.69621151663125,133.60569998030462,49.19515403031273,345.52592641422837,9.911211095008962,4.406486105654595,14.2,2910.5185282845664,394.6408897018883,115.00569998030461,49.19515403031273,345.52592641422837,8.30258521047871,4.406486105654595,-56.69467818525709,75.05532181474297,18.60000000000001,0.0,0.0,1.6086258845302517,0.0,-0.01947923630593495,0.19018637899240434,0.16173111422464595,0.0,0.0,0.19375000000000017,0.0,2,INJECTOR_DEGRADATION,0.775,2026-01-01T00:02:00+00:00,True
2026-01-01T00:03:34Z,ENG-DATASET-002,MSN-INJECTOR_DEGRADATION-002,LOITER,6000.0,15.0,0.4499676244436647,0.27003237555633525,2856.014634693667,473.0091261399421,133.67205243654138,49.053932459400045,345.542453669554,9.929742780873926,4.78658743805186,14.2,2910.8490733910803,394.6768981706887,114.87205243654137,49.053932459400045,345.542453669554,8.303617656479938,4.78658743805186,-54.834438697413134,78.33222796925344,18.80000000000001,0.0,0.0,1.6261251243939885,0.0,-0.01883795322769247,0.19847178371047336,0.16366034732761195,0.0,0.0,0.19583333333333341,0.0,2,INJECTOR_DEGRADATION,0.7833333333333333,2026-01-01T00:02:00+00:00,True
2026-01-01T00:03:35Z,ENG-DATASET-002,MSN-INJECTOR_DEGRADATION-002,LOITER,6000.0,15.0,0.449560088797428,0.270439911202572,2850.8845121965546,471.29295880492566,133.74566570818263,48.91772297687662,345.4303813668389,9.938655799228405,5.335330282373308,14.2,2908.607627336778,394.43274061181563,114.74566570818263,48.91772297687662,345.4303813668389,8.29661701500806,5.335330282373308,-57.7231151402234,76.86021819311003,19.0,0.0,0.0,1.642038784220345,0.0,-0.019845617744280168,0.1948626730983082,0.16558359640633546,0.0,0.0,0.19791666666666663,0.0,2,INJECTOR_DEGRADATION,0.7916666666666666,2026-01-01T00:02:00+00:00,True
2026-01-01T00:03:36Z,ENG-DATASET-002,MSN-INJECTOR_DEGRADATION-002,LOITER,6000.0,15.0,0.4486912778521351,0.2713087221478649,2839.7299372618154,465.8131408410378,133.8189084052866,48.78560435655211,345.19145835688335,9.938035211646065,5.262934720613063,14.2,2903.8291671376674,393.9123707168898,114.61890840528662,48.78560435655211,345.19145835688335,8.281696009705055,5.262934720613063,-64.09922987585196,71.90077012414798,19.19999999999999,0.0,0.0,1.6563392019410106,0.0,-0.02207403610420898,0.18252986062177784,0.16751162846630652,0.0,0.0,0.19999999999999996,0.0,2,INJECTOR_DEGRADATION,0.8,2026-01-01T00:02:00+00:00,True
2026-01-01T00:03:37Z,ENG-DATASET-002,MSN-INJECTOR_DEGRADATION-002,LOITER,6000.0,15.0,0.44737474911200587,0.2726252508879941,2826.053555815763,460.0061716973807,133.88512277180564,48.65671340488414,344.82941295334786,9.928120130046823,4.665425317487031,14.2,2896.5882590669567,393.1242082819077,114.48512277180565,48.65671340488414,344.82941295334786,8.259094735567547,4.665425317487031,-70.5347032511936,66.88196341547297,19.39999999999999,0.0,0.0,1.6690253944792754,0.0,-0.02435095945390392,0.1701293433639482,0.16945433197174897,0.0,0.0,0.20208333333333336,0.0,2,INJECTOR_DEGRADATION,0.8083333333333333,2026-01-01T00:02:00+00:00,True
2026-01-01T00:03:38Z,ENG-DATASET-002,MSN-INJECTOR_DEGRADATION-002,LOITER,6000.0,15.0,0.44563104656770564,0.27436895343229434,2813.504963131808,457.42139023263235,133.938635215645,48.53025355605741,344.3498947536653,9.909299978336726,4.387179141431831,14.2,2886.9978950733057,392.08098884079675,114.338635215645,48.53025355605741,344.3498947536653,8.229176452597974,4.387179141431831,-73.49293194149777,65.3404013918356,19.60000000000001,0.0,0.0,1.6801235257387521,0.0,-0.0254565242554954,0.16665026678548514,0.17142062228601915,0.0,0.0,0.20416666666666655,0.0,2,INJECTOR_DEGRADATION,0.8166666666666667,2026-01-01T00:02:00+00:00,True
2026-01-01T00:03:39Z,ENG-DATASET-002,MSN-INJECTOR_DEGRADATION-002,LOITER,6000.0,15.0,0.4434873801142418,0.27651261988575815,2803.7110451293765,459.5528528634465,133.97476012691362,48.40550262235021,343.76038647896274,9.882108130646957,4.811389268736123,14.2,2875.2077295792546,390.7995373133247,114.17476012691361,48.40550262235021,343.76038647896274,8.192421248204731,4.811389268736123,-71.4966844498781,68.75331555012178,19.80000000000001,0.0,0.0,1.689686882442226,0.0,-0.024866615275947596,0.17592987960730005,0.173418363025163,0.0,0.0,0.20625000000000002,0.0,2,INJECTOR_DEGRADATION,0.825,2026-01-01T00:02:00+00:00,True
2026-01-01T00:03:40Z,ENG-DATASET-002,MSN-INJECTOR_DEGRADATION-002,LOITER,6000.0,15.0,0.4409772009496529,0.27902279905034705,2795.324679474685,464.89007295128096,133.98979588882088,48.28181957104663,343.0700872087008,9.847213066823917,5.311314391612976,14.2,2861.401744174015,389.30047098394476,113.98979588882086,48.28181957104663,343.0700872087008,8.149417710474966,5.311314391612976,-66.0770646993301,75.5896019673362,20.000000000000014,0.0,0.0,1.6977953563489514,0.0,-0.023092550647201827,0.19416776398005847,0.17545430136138565,0.0,0.0,0.20833333333333337,0.0,2,INJECTOR_DEGRADATION,0.8333333333333334,2026-01-01T00:02:00+00:00,True
2026-01-01T00:03:41Z,ENG-DATASET-002,MSN-INJECTOR_DEGRADATION-002,LOITER,6000.0,15.0,0.43813967958025113,0.28186032041974884,2784.8995467750556,469.79534213145376,133.98101226657303,48.15865021465551,342.2897688321153,9.805407238500987,5.148492082608859,14.2,2845.7953766423057,387.6078386653702,113.78101226657303,48.15865021465551,342.2897688321153,8.1008527960077,5.148492082608859,-60.895829867250086,82.18750346608357,20.200000000000003,0.0,0.0,1.7045544424932864,0.0,-0.021398527233219347,0.21203777443994812,0.17753401554096057,0.0,0.0,0.21041666666666659,0.0,2,INJECTOR_DEGRADATION,0.8416666666666667,2026-01-01T00:02:00+00:00,True
2026-01-01T00:03:42Z,ENG-DATASET-002,MSN-INJECTOR_DEGRADATION-002,LOITER,6000.0,15.0,0.43501909457797244,0.28498090542202753,2769.089681743667,470.7062267961759,133.94662864447278,48.03553171845397,341.4316079564886,9.757593884698498,4.531062838572318,14.2,2828.632159129773,385.7487041822819,113.54662864447278,48.03553171845397,341.4316079564886,8.047500111091544,4.531062838572318,-59.54247738610593,84.95752261389396,20.400000000000006,0.0,0.0,1.7100937736069532,0.0,-0.02104991884290255,0.22024059107078187,0.17966187321928062,0.0,0.0,0.21250000000000002,0.0,2,INJECTOR_DEGRADATION,0.85,2026-01-01T00:02:00+00:00,True
2026-01-01T00:03:43Z,ENG-DATASET-002,MSN-INJECTOR_DEGRADATION-002,LOITER,6000.0,15.0,0.4316641416280707,0.28833585837192927,2746.848635460407,466.3380675209845,133.88578286250612,47.912095848116266,340.5089958952657,9.70477207314155,4.3159644251370395,14.2,2810.1799179053132,383.75268329922426,113.28578286250611,47.912095848116266,340.5089958952657,7.990206852672288,4.3159644251370395,-63.331282444906265,82.58538422176025,20.60000000000001,0.0,0.0,1.7145652204692619,0.0,-0.022536379981005956,0.2152047081775472,0.18184099963366132,0.0,0.0,0.21458333333333335,0.0,2,INJECTOR_DEGRADATION,0.8583333333333333,2026-01-01T00:02:00+00:00,True
2026-01-01T00:03:44Z,ENG-DATASET-002,MSN-INJECTOR_DEGRADATION-002,LOITER,6000.0,15.0,0.4281271736492361,0.2918728263507639,2720.276478867879,458.5346620709187,133.79849067354124,47.78807090012514,339.5363297010862,9.6480202715107,4.7816493070258685,14.2,2790.726594021723,381.65144389142927,112.99849067354123,47.78807090012514,339.5363297010862,7.9298796752142735,4.7816493070258685,-70.45011515384385,76.88321817948946,20.80000000000001,0.0,0.0,1.7181405962964273,0.0,-0.025244362993050502,0.2014487811065662,0.18407325510295833,0.0,0.0,0.21666666666666684,0.0,2,INJECTOR_DEGRADATION,0.8666666666666667,2026-01-01T00:02:00+00:00,True
2026-01-01T00:03:45Z,ENG-DATASET-002,MSN-INJECTOR_DEGRADATION-002,LOITER,6000.0,15.0,0.42446338384380866,0.2955366161561913,2693.565664529201,451.2180939511152,133.68559609403175,47.66328227848268,338.52878750459365,9.588478771293303,5.229616261742749,14.2,2770.575750091872,379.4781795137862,112.68559609403175,47.66328227848268,338.52878750459365,7.867469761061171,5.229616261742749,-77.01008556267107,71.73991443732899,21.0,0.0,0.0,1.721009010232132,0.0,-0.02779569754052652,0.18904885263560386,0.18635922183414033,0.0,0.0,0.2187500000000001,0.0,2,INJECTOR_DEGRADATION,0.875,2026-01-01T00:02:00+00:00,True
2026-01-01T00:03:46Z,ENG-DATASET-002,MSN-INJECTOR_DEGRADATION-002,LOITER,6000.0,15.0,0.42072994442631606,0.2992700555736839,2670.6524496643356,448.0443496084929,133.5487131489574,47.53765170261609,337.50209166478317,9.527331295905416,4.985624887198536,14.2,2750.041833295663,377.2670665731535,112.34871314895742,47.53765170261609,337.50209166478317,7.803957375485666,4.985624887198536,-79.38938363132729,70.7772830353394,21.19999999999999,0.0,0.0,1.7233739204197498,0.0,-0.028868427625403315,0.1876052518398539,0.1886982005026795,0.0,0.0,0.22083333333333313,0.0,2,INJECTOR_DEGRADATION,0.8833333333333333,2026-01-01T00:02:00+00:00,True
2026-01-01T00:03:47Z,ENG-DATASET-002,MSN-INJECTOR_DEGRADATION-002,LOITER,6000.0,15.0,0.416985114470187,0.303014885529813,2652.986531652133,450.1773115270777,133.39015971102577,47.41119505297771,336.4722634268477,9.465786124861557,4.366169750702908,14.2,2729.445268536953,375.05271507856366,111.99015971102577,47.41119505297771,336.4722634268477,7.740336183873165,4.366169750702908,-76.4587368848197,75.12459644851401,21.400000000000006,0.0,0.0,1.7254499409883923,0.0,-0.02801255543248295,0.20030409973909238,0.1910882175292863,0.0,0.0,0.22291666666666657,0.0,2,INJECTOR_DEGRADATION,0.8916666666666666,2026-01-01T00:02:00+00:00,True
2026-01-01T00:03:48Z,ENG-DATASET-002,MSN-INJECTOR_DEGRADATION-002,LOITER,6000.0,15.0,0.4132873307943961,0.30671266920560386,2638.7862029140097,455.54836706395014,133.21288430167428,47.284018882331445,335.45537291600516,9.405057057905717,4.2255623184038535,14.2,2709.107458320103,372.86962247004334,111.61288430167427,47.284018882331445,335.45537291600516,7.67759759829038,4.2255623184038535,-70.32125540609331,82.6787445939068,21.60000000000001,0.0,0.0,1.7274594596153365,0.0,-0.025957351817154934,0.22173633788188063,0.19352604437331966,0.0,0.0,0.22500000000000012,0.0,2,INJECTOR_DEGRADATION,0.9,2026-01-01T00:02:00+00:00,True
2026-01-01T00:03:49Z,ENG-DATASET-002,MSN-INJECTOR_DEGRADATION-002,LOITER,6000.0,15.0,0.4096942960764483,0.31030570392355167,2624.261150558089,460.083689208876,133.0203868553946,47.15631564176424,334.4672883685695,9.34634452838284,4.73249729509542,14.2,2689.34576737139,370.7516393555108,111.22038685539461,47.15631564176424,334.4672883685695,7.616715405133723,4.73249729509542,-65.08461681330118,89.33204985336522,21.799999999999997,0.0,0.0,1.7296291232491168,0.0,-0.024200910720719983,0.24094849589513326,0.19600723047604302,0.0,0.0,0.2270833333333334,0.0,2,INJECTOR_DEGRADATION,0.9083333333333333,2026-01-01T00:02:00+00:00,True
2026-01-01T00:03:50Z,ENG-DATASET-002,MSN-INJECTOR_DEGRADATION-002,LOITER,6000.0,15.0,0.40626207842139567,0.3137379215786043,2606.0872604487645,460.18347868072107,132.81663454903574,47.02835769073369,333.5234285134301,9.290817155109947,5.12887888683559,14.2,2670.4685702686006,368.73145516722366,110.81663454903574,47.02835769073369,333.5234285134301,7.5586309058521595,5.12887888683559,-64.38130981983613,91.45202351349741,22.0,0.0,0.0,1.7321862492577873,0.0,-0.02410861919013731,0.24801796058332734,0.19852615168767937,0.0,0.0,0.22916666666666677,0.0,2,INJECTOR_DEGRADATION,0.9166666666666666,2026-01-01T00:02:00+00:00,True
2026-01-01T00:03:51Z,ENG-DATASET-002,MSN-INJECTOR_DEGRADATION-002,LOITER,6000.0,15.0,0.4030442364378103,0.3169557635621897,2583.6365378282417,454.956209305974,132.6059738650475,46.90049017964502,332.63852196794403,9.239593998065073,4.816422747452981,14.2,2652.770439358881,366.8401108366134,110.4059738650475,46.90049017964502,332.63852196794403,7.504238780154374,4.816422747452981,-69.13390153063938,88.11609846936062,22.200000000000003,0.0,0.0,1.7353552179106995,0.0,-0.026061019266841495,0.24020300906682088,0.20107607607479394,0.0,0.0,0.23125000000000007,0.0,2,INJECTOR_DEGRADATION,0.9249999999999999,2026-01-01T00:02:00+00:00,True
2026-01-01T00:03:52Z,ENG-DATASET-002,MSN-INJECTOR_DEGRADATION-002,LOITER,6000.0,15.0,0.40009098347361094,0.31990901652638903,2559.5876661832367,446.8333294234812,132.3930400942768,46.773122911243334,331.82637740278926,9.19372775680234,4.214277732744378,14.2,2636.527548055785,365.10654462936276,109.99304009427682,46.773122911243334,331.82637740278926,7.454373856866762,4.214277732744378,-76.93988187254809,81.72678479411843,22.39999999999999,0.0,0.0,1.7393538999355789,0.0,-0.02918227876256583,0.22384365877933857,0.2036492489052088,0.0,0.0,0.23333333333333348,0.0,2,INJECTOR_DEGRADATION,0.9333333333333333,2026-01-01T00:02:00+00:00,True
2026-01-01T00:03:53Z,ENG-DATASET-002,MSN-INJECTOR_DEGRADATION-002,LOITER,6000.0,15.0,0.39744840405356296,0.322551595946437,2538.510441916371,440.15759033110567,132.1826654930222,46.64672130323389,331.099668062276,9.15418912297515,4.158966274053853,14.2,2621.9933612455206,363.5571763269222,109.58266549302219,46.64672130323389,331.099668062276,7.409798952829801,4.158966274053853,-83.48291932914981,76.60041400418345,22.60000000000001,0.0,0.0,1.7443901701453495,0.0,-0.03183948539423192,0.2106970209695487,0.20623699832743247,0.0,0.0,0.23541666666666672,0.0,2,INJECTOR_DEGRADATION,0.9416666666666667,2026-01-01T00:02:00+00:00,True
2026-01-01T00:03:54Z,ENG-DATASET-002,MSN-INJECTOR_DEGRADATION-002,LOITER,6000.0,15.0,0.39515773474568266,0.3248422652543173,2524.2522526070497,438.57310657998835,131.97978729434791,46.52179658875126,330.46973400260896,9.121852470889998,4.706327234224719,14.2,2609.394680052179,362.2155340251176,109.17978729434792,46.52179658875126,330.46973400260896,7.3711939158707045,4.706327234224719,-85.14242744512921,76.35757255487073,22.799999999999997,0.0,0.0,1.7506585550192932,0.0,-0.03262918718123035,0.2108070068291874,0.2088298627889003,0.0,0.0,0.23750000000000013,0.0,2,INJECTOR_DEGRADATION,0.95,2026-01-01T00:02:00+00:00,True
2026-01-01T00:03:55Z,ENG-DATASET-002,MSN-INJECTOR_DEGRADATION-002,LOITER,6000.0,15.0,0.39325472067838524,0.32674527932161473,2517.704334187345,442.7948251473264,131.7893567392971,46.39889540336778,329.9464051341022,9.09748304358137,5.051882149293556,14.2,2598.9281026820436,361.1019269753586,108.78935673929709,46.39889540336778,329.9464051341022,7.339145984737913,5.051882149293556,-81.22376849469856,81.69289817196778,23.0,0.0,0.0,1.7583370588434573,0.0,-0.03125279549321784,0.2262322410080699,0.21141774057104887,0.0,0.0,0.2395833333333332,0.0,2,INJECTOR_DEGRADATION,0.9583333333333334,2026-01-01T00:02:00+00:00,True
2026-01-01T00:03:56Z,ENG-DATASET-002,MSN-INJECTOR_DEGRADATION-002,LOITER,6000.0,15.0,0.3917690577497114,0.3282309422502886,2516.321300557437,450.1308444564964,131.61625024386896,46.27858891707359,329.53784782871685,9.081725767197016,4.683708501572409,14.2,2590.756956574337,360.2331671400629,108.41625024386896,46.27858891707359,329.53784782871685,7.314141557474106,4.683708501572409,-74.43565601689988,89.89767731643349,23.200000000000003,0.0,0.0,1.7675842097229095,0.0,-0.028731238500782963,0.24955413747751942,0.21399006097162068,0.0,0.0,0.24166666666666675,0.0,2,INJECTOR_DEGRADATION,0.9666666666666667,2026-01-01T00:02:00+00:00,True
2026-01-01T00:03:57Z,ENG-DATASET-002,MSN-INJECTOR_DEGRADATION-002,LOITER,6000.0,15.0,0.3907239292327702,0.32927607076722976,2515.7175753947563,456.08116714590835,131.4651837565399,46.161461676923444,329.25043748655804,9.075095803943432,4.116121642182099,14.2,2585.0087497311606,359.6223414823128,108.06518375653988,46.161461676923444,329.25043748655804,7.296559440356528,4.116121642182099,-69.29117433640431,96.45882566359558,23.400000000000006,0.0,0.0,1.7785363635869036,0.0,-0.026805005725265167,0.2682225616628985,0.21653597566370572,0.0,0.0,0.24374999999999997,0.0,2,INJECTOR_DEGRADATION,0.975,2026-01-01T00:02:00+00:00,True
2026-01-01T00:03:58Z,ENG-DATASET-002,MSN-INJECTOR_DEGRADATION-002,LOITER,6000.0,15.0,0.39013564400851636,0.3298643559914836,2512.397589503714,457.0697116345829,131.34063129243506,46.04810033071641,329.08865904988824,9.077970933620822,4.15303304898779,14.2,2581.7731809977645,359.2786364619669,107.74063129243507,46.04810033071641,329.08865904988824,7.286665632337784,4.15303304898779,-69.3755914940507,97.79107517261599,23.599999999999994,0.0,0.0,1.791305301283038,0.0,-0.026871296055232655,0.27218728097953054,0.2190445676519537,0.0,0.0,0.24583333333333326,0.0,2,INJECTOR_DEGRADATION,0.9833333333333333,2026-01-01T00:02:00+00:00,True
2026-01-01T00:03:59Z,ENG-DATASET-002,MSN-INJECTOR_DEGRADATION-002,LOITER,6000.0,15.0,0.39001338207111713,0.32998661792888284,2505.9657358315203,452.6555445820038,131.24674855717203,45.939082404080466,329.0550370171035,9.090585835777917,4.736350387089364,14.2,2581.1007403420685,359.2072157592187,107.44674855717203,45.939082404080466,329.0550370171035,7.2846096847636055,4.736350387089364,-75.13500451054824,93.44832882278513,23.799999999999997,0.0,0.0,1.8059761510143115,0.0,-0.02910967531650498,0.2601515914018408,0.22150507409106104,0.0,0.0,0.2479166666666668,0.0,2,INJECTOR_DEGRADATION,0.9916666666666667,2026-01-01T00:02:00+00:00,True
2026-01-01T00:04:00Z,ENG-DATASET-002,MSN-INJECTOR_DEGRADATION-002,DESCENT,3700.0,15.0,0.32035905127721415,0.42964094872278585,2095.8669516046534,486.393210208571,132.20063854608208,45.90689323936756,308.9708167590586,9.998246409447159,4.623907906972036,14.2,2179.4163351811717,399.94259378508946,108.20063854608206,45.90689323936756,308.9708167590586,7.998597127557727,4.623907906972036,-83.54938357651827,86.45061642348156,24.000000000000014,0.0,0.0,1.9996492818894316,0.0,-0.03833566915500472,0.21615756302749814,0.2218101512384194,0.0,0.0,0.24999999999999997,0.0,2,INJECTOR_DEGRADATION,1.0,2026-01-01T00:02:00+00:00,True
2026-01-01T00:04:01Z,ENG-DATASET-002,MSN-INJECTOR_DEGRADATION-002,DESCENT,3700.0,15.0,0.3211672575744583,0.4288327424255417,2094.682102215474,481.39460205260707,132.89492393280256,45.87746647025274,309.1930734908007,10.020057170128938,4.209841729469335,14.2,2183.8614698160145,400.57396965314757,108.89492393280254,45.87746647025274,309.1930734908007,8.01604573610315,4.209841729469335,-89.17936760054044,80.8206323994595,24.000000000000014,0.0,0.0,2.004011434025788,0.0,-0.04083563395990205,0.20176206773855315,0.22039594806834212,0.0,0.0,0.25000000000000006,0.0,2,INJECTOR_DEGRADATION,1.0,2026-01-01T00:02:00+00:00,True
2026-01-01T00:04:02Z,ENG-DATASET-002,MSN-INJECTOR_DEGRADATION-002,DESCENT,3700.0,15.0,0.3224253891738927,0.4275746108261073,2101.5399231997008,482.3159655307728,133.54436243812165,45.851512632485424,309.53905968064515,10.054022188502408,3.689154032698677,14.2,2190.7811936129033,401.5572359439753,109.54436243812167,45.851512632485424,309.53905968064515,8.043217750801926,3.689154032698677,-89.24127041320253,80.75872958679753,23.999999999999986,0.0,0.0,2.0108044377004823,0.0,-0.040734908019742146,0.20111386960055894,0.2190893211282951,0.0,0.0,0.2500000000000001,0.0,2,INJECTOR_DEGRADATION,1.0,2026-01-01T00:02:00+00:00,True
2026-01-01T00:04:03Z,ENG-DATASET-002,MSN-INJECTOR_DEGRADATION-002,DESCENT,3700.0,15.0,0.3241138133527011,0.4258861866472989,2116.3699839973506,489.18002308705434,134.16186533646083,45.82967801424852,310.00337632981746,10.099627094078558,3.8189642761684515,14.2,2200.0675265963496,402.87756568605323,110.16186533646083,45.82967801424852,310.00337632981746,8.079701675262847,3.8189642761684515,-83.69754259899901,86.3024574010011,24.0,0.0,0.0,2.0199254188157116,0.0,-0.03804316985146572,0.214215098460591,0.21786123470856478,0.0,0.0,0.25,0.0,2,INJECTOR_DEGRADATION,1.0,2026-01-01T00:02:00+00:00,True
2026-01-01T00:04:04Z,ENG-DATASET-002,MSN-INJECTOR_DEGRADATION-002,DESCENT,3700.0,15.0,0.32620618281628144,0.42379381718371856,2135.664623585605,498.6040784175001,134.75855413976316,45.81253497319289,310.57877793230205,10.156180159512092,4.42825034314238,14.2,2211.5755586460414,404.51501347793635,110.75855413976316,45.81253497319289,310.57877793230205,8.124944127609673,4.42825034314238,-75.91093506043626,94.08906493956374,24.0,0.0,0.0,2.0312360319024183,0.0,-0.034324368780287134,0.23259721346460158,0.21668755236471454,0.0,0.0,0.25,0.0,2,INJECTOR_DEGRADATION,1.0,2026-01-01T00:02:00+00:00,True
2026-01-01T00:04:05Z,ENG-DATASET-002,MSN-INJECTOR_DEGRADATION-002,DESCENT,3700.0,15.0,0.3286698468389655,0.4213301531610345,2154.5210113265034,505.8400870264286,135.34381838755507,45.80057339104715,311.2562855385402,10.222821875696933,4.662634409406722,14.2,2225.1257107708043,406.4447864707293,111.34381838755507,45.80057339104715,311.2562855385402,8.178257500557546,4.662634409406722,-70.60469944430088,99.3953005556993,24.0,0.0,0.0,2.0445643751393874,0.0,-0.031730656431021485,0.24454810066276342,0.21554856252965082,0.0,0.0,0.2500000000000001,0.0,2,INJECTOR_DEGRADATION,1.0,2026-01-01T00:02:00+00:00,True
2026-01-01T00:04:06Z,ENG-DATASET-002,MSN-INJECTOR_DEGRADATION-002,DESCENT,3700.0,15.0,0.3314663607676731,0.4185336392323269,2169.5090103061098,507.64005763444527,135.92537616647536,45.79419339979437,312.02532686893477,10.298536954683719,4.208140052571674,14.2,2240.5065373786956,408.6375847070311,111.92537616647535,45.79419339979437,312.02532686893477,8.238829563746975,4.208140052571674,-70.99752707258585,99.00247292741415,24.000000000000014,0.0,0.0,2.059707390936744,0.0,-0.03168815885520698,0.24227451568947833,0.21442858466969048,0.0,0.0,0.25,0.0,2,INJECTOR_DEGRADATION,1.0,2026-01-01T00:02:00+00:00,True
2026-01-01T00:04:07Z,ENG-DATASET-002,MSN-INJECTOR_DEGRADATION-002,DESCENT,3700.0,15.0,0.33455208593786506,0.41544791406213494,2180.626891837543,504.20887433342875,136.50933875759375,45.793699493538774,312.87390129073754,10.382168658060868,3.7406781280230468,14.2,2257.478025814751,411.06000831063693,112.50933875759374,45.793699493538774,312.87390129073754,8.305734926448695,3.7406781280230468,-76.85113397720806,93.14886602279182,24.000000000000014,0.0,0.0,2.0764337316121733,0.0,-0.03404291563346295,0.2266064908761435,0.21331562575182367,0.0,0.0,0.24999999999999994,0.0,2,INJECTOR_DEGRADATION,1.0,2026-01-01T00:02:00+00:00,True
2026-01-01T00:04:08Z,ENG-DATASET-002,MSN-INJECTOR_DEGRADATION-002,DESCENT,3700.0,15.0,0.337878870640308,0.412121129359692,2191.1605409206027,499.06022744912684,137.10028058700215,45.79929611853785,313.7887670839094,10.472435319075398,3.957299264707223,14.2,2275.775341678188,413.675028206712,113.10028058700216,45.79929611853785,313.7887670839094,8.377948255260318,3.957299264707223,-84.61480075758527,85.38519924241484,23.999999999999986,0.0,0.0,2.0944870638150803,0.0,-0.03718064749536708,0.2064064626104241,0.2122010650675445,0.0,0.0,0.2500000000000001,0.0,2,INJECTOR_DEGRADATION,1.0,2026-01-01T00:02:00+00:00,True
2026-01-01T00:04:09Z,ENG-DATASET-002,MSN-INJECTOR_DEGRADATION-002,DESCENT,3700.0,15.0,0.3413948015123923,0.4086051984876077,2205.5337701516396,496.8633247883353,137.70131543108562,45.8110848107853,314.7556480737326,10.567948894068266,4.577119951878042,14.2,2295.1129614746515,416.44251611134723,113.70131543108562,45.8110848107853,314.7556480737326,8.454359115254613,4.577119951878042,-89.57919132301186,80.42080867698809,24.0,0.0,0.0,2.113589778813653,0.0,-0.039030406270485096,0.19311382859737933,0.2110793521517911,0.0,0.0,0.24999999999999994,0.0,2,INJECTOR_DEGRADATION,1.0,2026-01-01T00:02:00+00:00,True
2026-01-01T00:04:10Z,ENG-DATASET-002,MSN-INJECTOR_DEGRADATION-002,DESCENT,3700.0,15.0,0.3450450136287926,0.4049549863712074,2226.4561551427128,500.5868554987198,138.31417959974854,45.82906292635818,315.75945640574264,10.667235343084634,4.74327771880911,14.2,2315.189128114853,419.3198284708597,114.31417959974854,45.82906292635818,315.75945640574264,8.533788274467707,4.74327771880911,-88.73297297214003,81.26702702786008,24.0,0.0,0.0,2.1334470686169276,0.0,-0.038326446809289844,0.1938067830567847,0.20994770800990634,0.0,0.0,0.2500000000000001,0.0,2,INJECTOR_DEGRADATION,1.0,2026-01-01T00:02:00+00:00,True
2026-01-01T00:04:11Z,ENG-DATASET-002,MSN-INJECTOR_DEGRADATION-002,DESCENT,3700.0,15.0,0.34877254665027746,0.40122745334972254,2253.1011093315565,509.67298747418886,138.93932258666499,45.8531239848656,316.78452798665097,10.768756601477174,4.2500511922425295,14.2,2335.690559733019,422.26243787565164,114.93932258666499,45.8531239848656,316.78452798665097,8.61500528118174,4.2500511922425295,-82.58945040146273,87.41054959853722,24.0,0.0,0.0,2.1537513202954344,0.0,-0.03535975690671246,0.20700526913615266,0.20880582432442862,0.0,0.0,0.24999999999999994,0.0,2,INJECTOR_DEGRADATION,1.0,2026-01-01T00:02:00+00:00,True
2026-01-01T00:04:12Z,ENG-DATASET-002,MSN-INJECTOR_DEGRADATION-002,DESCENT,3700.0,15.0,0.3525192336707524,0.3974807663292476,2281.42213638133,520.349402289524,139.57600543434413,45.883059621143076,317.81486691728156,10.87093386499541,3.8370876139675474,14.2,2356.2973383456315,425.22460425382565,115.57600543434413,45.883059621143076,317.81486691728156,8.696747091996327,3.8370876139675474,-74.8752019643016,95.1247980356984,24.0,0.0,0.0,2.1741867729990823,0.0,-0.031776635633290605,0.22370483053919518,0.20765555886627182,0.0,0.0,0.25000000000000006,0.0,2,INJECTOR_DEGRADATION,1.0,2026-01-01T00:02:00+00:00,True
2026-01-01T00:04:13Z,ENG-DATASET-002,MSN-INJECTOR_DEGRADATION-002,DESCENT,3700.0,15.0,0.3562266088923747,0.3937733911076253,2306.4183148170573,527.8904896628414,140.22240681366816,45.918563115220586,318.83439510322773,10.972171871623654,4.1292130969372245,14.2,2376.6879020645542,428.1600769103383,116.22240681366817,45.918563115220586,318.83439510322773,8.777737497298924,4.1292130969372245,-70.26958724749693,99.73041275250313,23.999999999999986,0.0,0.0,2.1944343743247305,0.0,-0.029566182074834454,0.23292786537262283,0.2065006280456541,0.0,0.0,0.24999999999999994,0.0,2,INJECTOR_DEGRADATION,1.0,2026-01-01T00:02:00+00:00,True
2026-01-01T00:04:14Z,ENG-DATASET-002,MSN-INJECTOR_DEGRADATION-002,DESCENT,3700.0,15.0,0.3598368199647748,0.3901631800352252,2324.977752625829,529.4565069353819,140.87573656410905,45.95923444594449,319.82720314813776,11.070883825957887,4.740741667178813,14.2,2396.544062962755,431.022817272308,116.87573656410905,45.95923444594449,319.82720314813776,8.85670706076631,4.740741667178813,-71.56631033692611,98.43368966307389,24.0,0.0,0.0,2.214176765191578,0.0,-0.029862296897830216,0.22837234067097262,0.20534629945913063,0.0,0.0,0.25000000000000006,0.0,2,INJECTOR_DEGRADATION,1.0,2026-01-01T00:02:00+00:00,True
2026-01-01T00:04:15Z,ENG-DATASET-002,MSN-INJECTOR_DEGRADATION-002,DESCENT,3700.0,15.0,0.3632935307516341,0.3867064692483659,2337.57717588361,525.7889346845593,141.53235618498394,46.00458678983881,320.7777986145241,11.165516578067802,4.827525778643252,14.2,2415.555972290482,433.76773109143136,117.53235618498393,46.00458678983881,320.7777986145241,8.932413262454242,4.827525778643252,-77.97879640687188,92.02120359312795,24.000000000000014,0.0,0.0,2.23310331561356,0.0,-0.03228192486590601,0.21214395861487295,0.20419908848101764,0.0,0.0,0.24999999999999994,0.0,2,INJECTOR_DEGRADATION,1.0,2026-01-01T00:02:00+00:00,True
2026-01-01T00:04:16Z,ENG-DATASET-002,MSN-INJECTOR_DEGRADATION-002,DESCENT,3700.0,15.0,0.3665428004372507,0.3834571995627493,2347.809638106876,520.734080451182,142.1879055141275,46.05405436422119,321.6713477780686,11.254575640557656,4.2958469778783055,14.2,2433.4269555613723,436.3513979056785,118.1879055141275,46.05405436422119,321.6713477780686,9.003660512446125,4.2958469778783055,-85.61731745449651,84.38268254550349,24.0,0.0,0.0,2.250915128111531,0.0,-0.03518384525938864,0.1933824045265087,0.20306646348962654,0.0,0.0,0.25,0.0,2,INJECTOR_DEGRADATION,1.0,2026-01-01T00:02:00+00:00,True
2026-01-01T00:04:17Z,ENG-DATASET-002,MSN-INJECTOR_DEGRADATION-002,DESCENT,3700.0,15.0,0.3695339252549268,0.3804660747450732,2360.0296929473016,518.8843357287158,142.83743458371487,46.10700149259483,322.49390710292954,11.336649606893374,3.936206311011043,14.2,2449.8781420585906,438.7327848400048,118.83743458371487,46.10700149259483,322.49390710292954,9.0693196855147,3.936206311011043,-89.84844911128903,80.15155088871097,24.0,0.0,0.0,2.267329921378675,0.0,-0.036674660493844366,0.18268876559553282,0.20195656431049286,0.0,0.0,0.25,0.0,2,INJECTOR_DEGRADATION,1.0,2026-01-01T00:02:00+00:00,True
2026-01-01T00:04:18Z,ENG-DATASET-002,MSN-INJECTOR_DEGRADATION-002,DESCENT,3700.0,15.0,0.3722202297022902,0.3777797702977098,2376.547172828588,522.7682877007446,143.47553941012455,46.16273275124843,323.2326408259545,11.410433522846976,4.290343672482383,14.2,2464.65281651909,440.87393139124663,119.47553941012454,46.16273275124843,323.2326408259545,9.128346818277581,4.290343672482383,-88.10564369050189,81.894356309498,24.000000000000014,0.0,0.0,2.2820867045693944,0.0,-0.03574768953257132,0.1857545898689622,0.2008779380155384,0.0,0.0,0.2499999999999999,0.0,2,INJECTOR_DEGRADATION,1.0,2026-01-01T00:02:00+00:00,True
2026-01-01T00:04:19Z,ENG-DATASET-002,MSN-INJECTOR_DEGRADATION-002,DESCENT,3700.0,15.0,0.37455979489689756,0.37544020510310244,2396.0743615152196,531.2945281743434,144.09650026282594,46.22050403910808,323.87602125447154,11.474750762694208,4.874686870365216,14.2,2477.520425089431,442.7405917485548,120.09650026282596,46.22050403910808,323.87602125447154,9.179800610155366,4.874686870365216,-81.44606357421117,88.55393642578866,23.999999999999986,0.0,0.0,2.294950152538842,0.0,-0.03287402305523726,0.20001314104960363,0.19983929546220774,0.0,0.0,0.25000000000000006,0.0,2,INJECTOR_DEGRADATION,1.0,2026-01-01T00:02:00+00:00,True
2026-01-01T00:04:20Z,ENG-DATASET-002,MSN-INJECTOR_DEGRADATION-002,DESCENT,3700.0,15.0,0.3765161127063749,0.3734838872936251,2414.3708523434666,540.3935007898536,144.69442077374194,46.27953439846334,324.41400865207777,11.528572973765874,4.87278245794146,14.2,2488.280173041556,444.30282148794294,120.69442077374194,46.27953439846334,324.41400865207777,9.222858379012699,4.87278245794146,-73.90932069808923,96.09067930191071,24.0,0.0,0.0,2.3057145947531748,0.0,-0.02970297376430323,0.21627294416026643,0.19884929101230997,0.0,0.0,0.25,0.0,2,INJECTOR_DEGRADATION,1.0,2026-01-01T00:02:00+00:00,True
2026-01-01T00:04:21Z,ENG-DATASET-002,MSN-INJECTOR_DEGRADATION-002,DESCENT,3700.0,15.0,0.37805865544561273,0.37194134455438727,2426.697055949822,545.4683940139892,145.26336610065601,46.339018402457604,324.8382079053682,11.571037677766139,4.304685347748656,14.2,2496.764158107364,445.5354961715315,121.26336610065603,46.339018402457604,324.8382079053682,9.25683014221291,4.304685347748656,-70.0671021575422,99.93289784245763,23.999999999999986,0.0,0.0,2.314207535553228,0.0,-0.028063164047763146,0.2242983975489652,0.1979163268491039,0.0,0.0,0.25000000000000006,0.0,2,INJECTOR_DEGRADATION,1.0,2026-01-01T00:02:00+00:00,True
2026-01-01T00:04:22Z,ENG-DATASET-002,MSN-INJECTOR_DEGRADATION-002,DESCENT,3700.0,15.0,0.379163352251082,0.370836647748918,2430.589944375734,544.1687043216745,145.79749825267504,46.39813891637507,325.1419995268722,11.601463155008595,3.9979562527932764,14.2,2502.8399905374445,446.4187504833848,121.79749825267504,46.39813891637507,325.1419995268722,9.281170524006876,3.9979562527932764,-72.25004616171054,97.74995383828963,24.0,0.0,0.0,2.3202926310017187,0.0,-0.02886722540588622,0.21896471358437658,0.19704838230922275,0.0,0.0,0.24999999999999994,0.0,2,INJECTOR_DEGRADATION,1.0,2026-01-01T00:02:00+00:00,True
2026-01-01T00:04:23Z,ENG-DATASET-002,MSN-INJECTOR_DEGRADATION-002,DESCENT,3700.0,15.0,0.3798129646986088,0.3701870353013912,2427.278850828919,537.8043198581167,146.2912066281085,46.456080033910155,325.3206429499421,11.619360287817548,4.401822433186538,14.2,2506.4128589988422,446.9383280280398,122.29120662810853,46.456080033910155,325.3206429499421,9.295488230254039,4.401822433186538,-79.13400816992316,90.86599183007695,23.999999999999986,0.0,0.0,2.3238720575635092,0.0,-0.031572614976741034,0.203307673859594,0.19625286773876355,0.0,0.0,0.24999999999999994,0.0,2,INJECTOR_DEGRADATION,1.0,2026-01-01T00:02:00+00:00,True
2026-01-01T00:04:24Z,ENG-DATASET-002,MSN-INJECTOR_DEGRADATION-002,DESCENT,3700.0,15.0,0.379997355803218,0.370002644196782,2420.8837408724116,530.5425645654936,146.73923180947952,46.51203998686174,325.3713505037096,11.624441100582262,4.943428073227865,14.2,2507.4270100741924,447.0858337672746,122.73923180947953,46.51203998686174,325.3713505037096,9.299552880465809,4.943428073227865,-86.54326920178073,83.45673079821904,23.999999999999986,0.0,0.0,2.3248882201164527,0.0,-0.03451477105976457,0.18666825136235804,0.1955365016236511,0.0,0.0,0.25000000000000006,0.0,2,INJECTOR_DEGRADATION,1.0,2026-01-01T00:02:00+00:00,True
2026-01-01T00:04:25Z,ENG-DATASET-002,MSN-INJECTOR_DEGRADATION-002,DESCENT,3700.0,15.0,0.3797136482033933,0.3702863517966067,2415.883147337189,526.8754122798294,147.13678070897652,46.565243827097035,325.2933309137578,11.616623804510976,4.848461067362987,14.2,2505.8666182751567,446.85888321779714,123.13678070897652,46.565243827097035,325.2933309137578,9.29329904360878,4.848461067362987,-89.98347093796792,80.0165290620323,24.0,0.0,0.0,2.323324760902196,0.0,-0.03590912232986508,0.17906442518461155,0.19490520916509904,0.0,0.0,0.2500000000000001,0.0,2,INJECTOR_DEGRADATION,1.0,2026-01-01T00:02:00+00:00,True
2026-01-01T00:04:26Z,ENG-DATASET-002,MSN-INJECTOR_DEGRADATION-002,DESCENT,3700.0,15.0,0.3789662690613416,0.3710337309386584,2414.3881998255442,528.8933117341796,147.47963126064155,46.61495568317173,325.08780164969363,11.596034232656718,4.250465619199069,14.2,2501.7560329938724,446.2611449025078,123.47963126064155,46.61495568317173,325.08780164969363,9.276827386125374,4.250465619199069,-87.36783316832816,82.63216683167184,24.0,0.0,0.0,2.319206846531344,0.0,-0.03492260316997191,0.18516549732270335,0.19436404008480276,0.0,0.0,0.25000000000000006,0.0,2,INJECTOR_DEGRADATION,1.0,2026-01-01T00:02:00+00:00,True
2026-01-01T00:04:27Z,ENG-DATASET-002,MSN-INJECTOR_DEGRADATION-002,DESCENT,3700.0,15.0,0.37776688097860717,0.37223311902139283,2414.876431873351,535.0193083873748,147.76422501089883,46.66049040061888,324.75796992694166,11.563003632524936,3.9995559256115265,14.2,2495.159398538833,445.30227505285666,123.76422501089881,46.66049040061888,324.75796992694166,9.250402906019948,3.9995559256115265,-80.28296666548204,89.71703333451819,24.000000000000014,0.0,0.0,2.3126007265049875,0.0,-0.0321754861482981,0.2014744553547788,0.19391710324923497,0.0,0.0,0.25000000000000006,0.0,2,INJECTOR_DEGRADATION,1.0,2026-01-01T00:02:00+00:00,True
2026-01-01T00:04:28Z,ENG-DATASET-002,MSN-INJECTOR_DEGRADATION-002,DESCENT,3700.0,15.0,0.37613420000507525,0.37386579999492475,2413.15319680401,540.9712897230643,147.98774616239547,46.70122438452594,324.30898265922036,11.518062866521927,4.444581577038731,14.2,2486.1796531844075,443.99774610346185,123.98774616239548,46.70122438452594,324.30898265922036,9.214450293217542,4.444581577038731,-73.02645638039758,96.97354361960242,23.999999999999986,0.0,0.0,2.3036125733043846,0.0,-0.029372960351783953,0.21840999075028034,0.19356751568469915,0.0,0.0,0.24999999999999992,0.0,2,INJECTOR_DEGRADATION,1.0,2026-01-01T00:02:00+00:00,True
2026-01-01T00:04:29Z,ENG-DATASET-002,MSN-INJECTOR_DEGRADATION-002,DESCENT,3700.0,15.0,0.37409370358127364,0.37590629641872636,2404.956918774385,542.3685689251,148.14818587126126,46.73660547545664,323.7478461426749,11.461933151591383,4.933505013366452,14.2,2474.956922853499,442.3685730042138,124.14818587126128,46.73660547545664,323.7478461426749,9.169546521273107,4.933505013366452,-70.00000407911375,99.99999592088625,23.999999999999986,0.0,0.0,2.2923866303182763,0.0,-0.02828332219956674,0.2260558322255268,0.1933173636937991,0.0,0.0,0.24999999999999994,0.0,2,INJECTOR_DEGRADATION,1.0,2026-01-01T00:02:00+00:00,True
2026-01-01T00:04:30Z,ENG-DATASET-002,MSN-INJECTOR_DEGRADATION-002,DESCENT,3700.0,15.0,0.371677232971434,0.378322767028566,2388.62691938283,537.4015285881596,148.2443908767529,46.76616170484895,323.08331672496905,11.395513545650688,4.747785491426567,14.2,2461.666334499381,440.44094370471055,124.24439087675292,46.76616170484895,323.08331672496905,9.11641083652055,4.747785491426567,-73.03941511655103,96.96058488344909,23.999999999999986,0.0,0.0,2.2791027091301377,0.0,-0.029670721044899352,0.22014434913311645,0.19316767405465682,0.0,0.0,0.25,0.0,2,INJECTOR_DEGRADATION,1.0,2026-01-01T00:02:00+00:00,True
2026-01-01T00:04:31Z,ENG-DATASET-002,MSN-INJECTOR_DEGRADATION-002,DESCENT,3700.0,15.0,0.36892249639121344,0.38107750360878656,2366.2142597658403,527.9447387131685,148.27609584546502,46.78950879349581,322.3257641654084,11.319865457198686,4.132096904549086,14.2,2446.515283308168,438.2457622554959,124.27609584546502,46.78950879349581,322.3257641654084,9.055892365758949,4.132096904549086,-80.30102354232758,89.69897645767259,24.0,0.0,0.0,2.2639730914397376,0.0,-0.03282261267288912,0.204677339025536,0.1931183936599002,0.0,0.0,0.25000000000000006,0.0,2,INJECTOR_DEGRADATION,1.0,2026-01-01T00:02:00+00:00,True
2026-01-01T00:04:32Z,ENG-DATASET-002,MSN-INJECTOR_DEGRADATION-002,DESCENT,3700.0,15.0,0.36587248058360067,0.38412751941639933,2342.3601612396264,518.4380796220515,148.2439391296366,46.80635627632014,321.48700981831485,11.236194513472586,3.94412342862704,14.2,2429.7401963662974,435.8181147487226,124.24393912963659,46.80635627632014,321.48700981831485,8.988955610778069,3.94412342862704,-87.38003512667092,82.61996487332891,24.000000000000014,0.0,0.0,2.2472389026945176,0.0,-0.035962707147599034,0.18957441665995153,0.19316837640633983,0.0,0.0,0.25000000000000006,0.0,2,INJECTOR_DEGRADATION,1.0,2026-01-01T00:02:00+00:00,True
2026-01-01T00:04:33Z,ENG-DATASET-002,MSN-INJECTOR_DEGRADATION-002,DESCENT,3700.0,15.0,0.3625747800251694,0.3874252199748306,2321.620426861314,513.2142533004376,148.14946196002415,46.81651215808253,320.5801421647463,11.145830170082899,4.426157026280675,14.2,2411.6028432949256,433.196669734049,124.14946196002415,46.81651215808253,320.5801421647463,8.91666413606632,4.426157026280675,-89.98241643361143,80.01758356638857,24.0,0.0,0.0,2.229166034016579,0.0,-0.037312286591381784,0.18471421679098662,0.19331537665244128,0.0,0.0,0.2499999999999999,0.0,2,INJECTOR_DEGRADATION,1.0,2026-01-01T00:02:00+00:00,True
2026-01-01T00:04:34Z,ENG-DATASET-002,MSN-INJECTOR_DEGRADATION-002,DESCENT,3700.0,15.0,0.35908085423018943,0.39091914576981057,2305.8566535396176,513.8934278776661,147.99509140803633,46.81988602757629,319.6193125711268,11.050203480072218,4.858393186583378,14.2,2392.3862514225357,430.4230257605841,123.99509140803634,46.81988602757629,319.6193125711268,8.840162784057775,4.858393186583378,-86.5295978829181,83.47040211708202,23.999999999999986,0.0,0.0,2.2100406960144436,0.0,-0.036168740658606764,0.19392643311678007,0.1935560490940894,0.0,0.0,0.25,0.0,2,INJECTOR_DEGRADATION,1.0,2026-01-01T00:02:00+00:00,True
2026-01-01T00:04:35Z,ENG-DATASET-002,MSN-INJECTOR_DEGRADATION-002,DESCENT,3700.0,15.0,0.35544522474211765,0.39455477525788235,2293.2742763630163,518.4250064255356,147.7841077497492,46.8164905819106,318.61951446190704,10.950823462399866,4.590633066710125,14.2,2372.390289238141,427.54101930066025,123.78410774974921,46.8164905819106,318.61951446190704,8.760658769919893,4.590633066710125,-79.11601287512485,90.88398712487532,24.0,0.0,0.0,2.190164692479973,0.0,-0.03334864977066308,0.21257372514463424,0.19388595544526696,0.0,0.0,0.25,0.0,2,INJECTOR_DEGRADATION,1.0,2026-01-01T00:02:00+00:00,True
2026-01-01T00:04:36Z,ENG-DATASET-002,MSN-INJECTOR_DEGRADATION-002,DESCENT,3700.0,15.0,0.3517246243431477,0.3982753756568523,2279.688344448478,522.3573639195563,147.5205971376464,46.806441537285096,317.59634935219026,10.849252519156678,3.9742904087054614,14.2,2351.9269870438056,424.59600651488387,123.52059713764639,46.806441537285096,317.59634935219026,8.679402015325342,3.9742904087054614,-72.23864259532775,97.76135740467242,24.000000000000014,0.0,0.0,2.169850503831336,0.0,-0.030714662059355108,0.23024558852332372,0.19429957882453708,0.0,0.0,0.25000000000000006,0.0,2,INJECTOR_DEGRADATION,1.0,2026-01-01T00:02:00+00:00,True
2026-01-01T00:04:37Z,ENG-DATASET-002,MSN-INJECTOR_DEGRADATION-002,DESCENT,3700.0,15.0,0.34797711175811846,0.40202288824188154,2261.246460256223,521.5649245779454,147.20939072757844,46.789955927829595,316.56578339130726,10.747081348148637,3.8594321003992906,14.2,2331.3156678261453,421.6341321478676,123.20939072757844,46.789955927829595,316.56578339130726,8.59766507851891,3.8594321003992906,-70.06920756992213,99.93079243007776,24.0,0.0,0.0,2.149416269629727,0.0,-0.030055649922028253,0.2370083084142531,0.19479034721521424,0.0,0.0,0.24999999999999994,0.0,2,INJECTOR_DEGRADATION,1.0,2026-01-01T00:02:00+00:00,True
2026-01-01T00:04:38Z,ENG-DATASET-002,MSN-INJECTOR_DEGRADATION-002,DESCENT,3700.0,15.0,0.34426116566753134,0.40573883433246866,2236.9543063535825,514.7779403691933,146.85599161340878,46.76734881922935,315.5438982163958,10.645903784125355,4.377422270462751,14.2,2310.8779643279163,418.7015983435272,122.85599161340878,46.76734881922935,315.5438982163958,8.516723027300284,4.377422270462751,-73.92365797433376,96.07634202566607,24.0,0.0,0.0,2.129180756825072,0.0,-0.031989425281413915,0.22946256332854845,0.1953506677600296,0.0,0.0,0.2500000000000001,0.0,2,INJECTOR_DEGRADATION,1.0,2026-01-01T00:02:00+00:00,True
2026-01-01T00:04:39Z,ENG-DATASET-002,MSN-INJECTOR_DEGRADATION-002,LANDING,2000.0,15.0,0.24063477216729953,0.5593652278327005,1628.0180322892625,471.1853634717728,145.6366249367357,46.72430600245074,285.47409841021005,9.468312227881961,4.181061782668712,14.2,1709.481968204201,382.64929938671133,121.63662493673569,46.72430600245074,285.47409841021005,7.57464978230557,4.181061782668712,-81.46393591493847,88.53606408506147,24.000000000000014,0.0,0.0,1.8936624455763917,0.0,-0.047654165080498495,0.23137652212342233,0.1973089931793375,0.0,0.0,0.24999999999999992,0.0,2,INJECTOR_DEGRADATION,1.0,2026-01-01T00:02:00+00:00,True
2026-01-01T00:04:40Z,ENG-DATASET-002,MSN-INJECTOR_DEGRADATION-002,LANDING,2000.0,15.0,0.23715451991511546,0.5628454800848846,1602.2243708435387,461.40102720352473,144.46089337249148,46.67573437281789,284.5170290408594,9.356678747012577,3.8441631964177914,14.2,1690.3405808171885,379.5172371771745,120.46089337249148,46.67573437281789,284.5170290408594,7.485342997610061,3.8441631964177914,-88.1162099736498,81.88379002635025,24.0,0.0,0.0,1.8713357494025153,0.0,-0.05212926375526662,0.21575776277092648,0.19923478340631876,0.0,0.0,0.25,0.0,2,INJECTOR_DEGRADATION,1.0,2026-01-01T00:02:00+00:00,True
2026-01-01T00:04:41Z,ENG-DATASET-002,MSN-INJECTOR_DEGRADATION-002,LANDING,2000.0,15.0,0.233874717083374,0.566125282916626,1582.4563652713246,456.7241266527633,143.32903970084357,46.622272685804234,283.6150832621305,9.251597422643322,3.2463931303152456,14.2,1672.3016652426104,376.56942662404924,119.32903970084357,46.622272685804234,283.6150832621305,7.4012779381146565,3.2463931303152456,-89.84529997128584,80.15470002871405,24.0,0.0,0.0,1.850319484528665,0.0,-0.0537255339982284,0.21285503910209116,0.20112455492952683,0.0,0.0,0.2500000000000001,0.0,2,INJECTOR_DEGRADATION,1.0,2026-01-01T00:02:00+00:00,True
2026-01-01T00:04:42Z,ENG-DATASET-002,MSN-INJECTOR_DEGRADATION-002,LANDING,2000.0,15.0,0.230846543898306,0.569153456101694,1570.0443496073253,458.2487288885501,142.24241303090824,46.56464077213556,282.7823356362368,9.154683389432867,3.215113981362302,14.2,1655.646712724736,373.85109200596094,118.24241303090824,46.56464077213556,282.7823356362368,7.323746711546293,3.215113981362302,-85.60236311741073,84.39763688258915,24.0,0.0,0.0,1.8309366778865739,0.0,-0.0517032785192035,0.22575201380244586,0.20297285368936496,0.0,0.0,0.2500000000000001,0.0,2,INJECTOR_DEGRADATION,1.0,2026-01-01T00:02:00+00:00,True
2026-01-01T00:04:43Z,ENG-DATASET-002,MSN-INJECTOR_DEGRADATION-002,LANDING,2000.0,15.0,0.2281172539896657,0.5718827460103344,1562.6745102543023,463.44267586304363,141.20326632371632,46.503628114370635,282.0317809113608,9.067421384615034,3.7683190221300893,14.2,1640.635618227215,371.40378383595635,117.20326632371632,46.503628114370635,282.0317809113608,7.253937107692027,3.7683190221300893,-77.96110797291271,92.03889202708729,24.0,0.0,0.0,1.813484276923007,0.0,-0.047518843981428006,0.24781355503836097,0.20477245005878775,0.0,0.0,0.25000000000000006,0.0,2,INJECTOR_DEGRADATION,1.0,2026-01-01T00:02:00+00:00,True
2026-01-01T00:04:44Z,ENG-DATASET-002,MSN-INJECTOR_DEGRADATION-002,LANDING,2000.0,15.0,0.22572943701364281,0.5742705629863573,1555.946007486312,467.7081668541114,140.21455929701688,46.44008134421626,281.37513124295447,8.991144286192126,4.089272388576235,14.2,1627.5026248590887,369.2647842268881,116.21455929701689,46.44008134421626,281.37513124295447,7.192915428953701,4.089272388576235,-71.5566173727766,98.44338262722334,23.999999999999986,0.0,0.0,1.798228857238425,0.0,-0.0439671287036923,0.2665929350217609,0.20651457222895514,0.0,0.0,0.24999999999999997,0.0,2,INJECTOR_DEGRADATION,1.0,2026-01-01T00:02:00+00:00,True
2026-01-01T00:04:45Z,ENG-DATASET-002,MSN-INJECTOR_DEGRADATION-002,LANDING,2000.0,15.0,0.2237203540555221,0.576279645944478,1546.1788992142815,467.19281169103294,139.27976789396962,46.37489085537197,280.82263342947124,8.92701409078996,3.6970038513807912,14.2,1616.4526685894252,367.4665810661767,115.27976789396962,46.37489085537197,280.82263342947124,7.141611272631969,3.6970038513807912,-70.27376937514373,99.72623062485627,24.0,0.0,0.0,1.7854028181579915,0.0,-0.04347406561335764,0.27138857181381804,0.20818917697747602,0.0,0.0,0.24999999999999992,0.0,2,INJECTOR_DEGRADATION,1.0,2026-01-01T00:02:00+00:00,True
2026-01-01T00:04:46Z,ENG-DATASET-002,MSN-INJECTOR_DEGRADATION-002,LANDING,2000.0,15.0,0.22212135618290982,0.5778786438170902,1532.7674579288243,461.14569342978285,138.40270149934804,46.308976740513515,280.38290901450284,8.87600551957139,3.1357131518154975,14.2,1607.6581802900573,366.03641579101577,114.40270149934805,46.308976740513515,280.38290901450284,7.1008044156571115,3.1357131518154975,-74.89072236123297,95.10927763876708,23.999999999999986,0.0,0.0,1.775201103914278,0.0,-0.04658373482584527,0.25983556153349674,0.2097852558152812,0.0,0.0,0.25000000000000006,0.0,2,INJECTOR_DEGRADATION,1.0,2026-01-01T00:02:00+00:00,True
2026-01-01T00:04:47Z,ENG-DATASET-002,MSN-INJECTOR_DEGRADATION-002,LANDING,2000.0,15.0,0.22095739522280947,0.5790426047771906,1518.649500406342,452.3890139012345,137.5873290620232,46.24327427158252,280.0628197504753,8.838892402701838,3.195385961873015,14.2,1601.2563950095055,364.9959085043979,113.5873290620232,46.24327427158252,280.0628197504753,7.07111392216147,3.195385961873015,-82.60689460316348,87.39310539683657,24.0,0.0,0.0,1.7677784805403673,0.0,-0.05158879918332698,0.23943584944537416,0.2112911730400408,0.0,0.0,0.24999999999999997,0.0,2,INJECTOR_DEGRADATION,1.0,2026-01-01T00:02:00+00:00,True
2026-01-01T00:04:48Z,ENG-DATASET-002,MSN-INJECTOR_DEGRADATION-002,LANDING,2000.0,15.0,0.22024663439670653,0.5797533656032935,1508.6054509060032,445.6190036975539,136.83761523725815,46.17871914968772,279.867360523297,8.816236958776992,3.7802216553703323,14.2,1597.3472104659397,364.36076325749053,112.83761523725815,46.17871914968772,279.867360523297,7.052989567021593,3.7802216553703323,-88.74175955993655,81.25824044006339,24.0,0.0,0.0,1.7632473917553986,0.0,-0.0555557107299489,0.22301589148510734,0.21269503037206494,0.0,0.0,0.25000000000000006,0.0,2,INJECTOR_DEGRADATION,1.0,2026-01-01T00:02:00+00:00,True
2026-01-01T00:04:49Z,ENG-DATASET-002,MSN-INJECTOR_DEGRADATION-002,LANDING,2000.0,15.0,0.22000016488957225,0.5799998351104277,1506.4176377060492,444.5665650690479,136.15736760202483,46.11623275452885,279.799581408835,8.80838205527278,4.046045396417225,14.2,1595.991628176701,364.14055553969973,112.15736760202483,46.11623275452885,279.799581408835,7.046705644218224,4.046045396417225,-89.57399047065178,80.42600952934816,24.0,0.0,0.0,1.7616764110545562,0.0,-0.056124348580063196,0.22086529035511362,0.21398505076510654,0.0,0.0,0.25000000000000006,0.0,2,INJECTOR_DEGRADATION,1.0,2026-01-01T00:02:00+00:00,True
2026-01-01T00:04:50Z,ENG-DATASET-002,MSN-INJECTOR_DEGRADATION-002,LANDING,2000.0,15.0,0.22022183277563162,0.5797781672243685,1512.6120343177058,449.739836115527,135.55009592551858,46.05670762327229,279.86054007750135,8.815446509026085,3.609835084699427,14.2,1597.2108015500273,364.33860334784845,111.55009592551856,46.05670762327229,279.86054007750135,7.052357207220869,3.609835084699427,-84.5987672323215,85.40123276767855,24.000000000000014,0.0,0.0,1.7630893018052163,0.0,-0.05296656343058905,0.23440072499301598,0.21514997186577672,0.0,0.0,0.24999999999999986,0.0,2,INJECTOR_DEGRADATION,1.0,2026-01-01T00:02:00+00:00,True
2026-01-01T00:04:51Z,ENG-DATASET-002,MSN-INJECTOR_DEGRADATION-002,LANDING,2000.0,15.0,0.2209081790016614,0.5790918209983387,1524.1517122928747,458.117929124484,135.01888439858672,46.00099338523688,280.04928528965957,8.837323461282729,3.0985018474961166,14.2,1600.985705793191,364.9519226248005,111.01888439858672,46.00099338523688,280.04928528965957,7.069858769026183,3.0985018474961166,-76.83399350031641,93.16600649968353,24.0,0.0,0.0,1.7674646922565458,0.0,-0.047991679889640135,0.2552829584500246,0.2161794376696648,0.0,0.0,0.25,0.0,2,INJECTOR_DEGRADATION,1.0,2026-01-01T00:02:00+00:00,True
2026-01-01T00:04:52Z,ENG-DATASET-002,MSN-INJECTOR_DEGRADATION-002,LANDING,2000.0,15.0,0.22204849336435883,0.5779515066356412,1536.267757960681,464.981590505947,134.56627764206036,45.94988337164518,280.3628717394014,8.873681839025252,3.2506991102577394,14.2,1607.257434788027,365.9712673332931,110.56627764206037,45.94988337164518,280.3628717394014,7.098945471220201,3.2506991102577394,-70.9896768273461,99.0103231726539,23.999999999999986,0.0,0.0,1.7747363678050512,0.0,-0.04416820559720016,0.27054124738837587,0.21706437543005588,0.0,0.0,0.2500000000000001,0.0,2,INJECTOR_DEGRADATION,1.0,2026-01-01T00:02:00+00:00,True
2026-01-01T00:04:53Z,ENG-DATASET-002,MSN-INJECTOR_DEGRADATION-002,LANDING,2000.0,15.0,0.22362498163948205,0.576375018360518,1545.3172190170694,466.7703526420164,134.19418122600814,45.90410210917032,280.79640601506026,8.923970892052704,3.8584769786432482,14.2,1615.9281203012047,367.3812539261516,110.19418122600813,45.90410210917032,280.79640601506026,7.139176713642163,3.8584769786432482,-70.61090128413525,99.3890987158648,24.000000000000014,0.0,0.0,1.7847941784105412,0.0,-0.043696808290565284,0.2705339416579032,0.21779734404284057,0.0,0.0,0.25000000000000006,0.0,2,INJECTOR_DEGRADATION,1.0,2026-01-01T00:02:00+00:00,True
2026-01-01T00:04:54Z,ENG-DATASET-002,MSN-INJECTOR_DEGRADATION-002,LANDING,2000.0,15.0,0.22561304325476791,0.5743869567452321,1550.935032152755,463.2331424189719,133.90377733969467,45.8642938922263,281.34312295926384,8.987427772519142,4.065049386220368,14.2,1626.8624591852772,369.1605694514941,109.90377733969467,45.8642938922263,281.34312295926384,7.189942218015314,4.065049386220368,-75.92742703252225,94.07257296747781,24.0,0.0,0.0,1.7974855545038286,0.0,-0.04667107941660061,0.25482833420495765,0.21837284014197172,0.0,0.0,0.25000000000000006,0.0,2,INJECTOR_DEGRADATION,1.0,2026-01-01T00:02:00+00:00,True
2026-01-01T00:04:55Z,ENG-DATASET-002,MSN-INJECTOR_DEGRADATION-002,LANDING,2000.0,15.0,0.22798165517363428,0.5720183448263658,1556.175503844673,457.56794105992225,133.69545615458247,45.83101261212435,281.9944912369521,9.06308809927778,3.592072731443902,14.2,1639.889824739042,371.28226195429147,109.69545615458249,45.83101261212435,281.9944912369521,7.250470479422224,3.592072731443902,-83.71432089436917,86.28567910563078,23.999999999999986,0.0,0.0,1.8126176198555557,0.0,-0.051048747075243754,0.23239914196669434,0.21878754910485318,0.0,0.0,0.24999999999999997,0.0,2,INJECTOR_DEGRADATION,1.0,2026-01-01T00:02:00+00:00,True
2026-01-01T00:04:56Z,ENG-DATASET-002,MSN-INJECTOR_DEGRADATION-002,LANDING,2000.0,15.0,0.23069385599929002,0.56930614400071,1565.5587717371197,454.4659536281446,133.56876331840357,45.80471300161325,282.7403464640074,9.149799422483602,3.138147210570962,14.2,1654.8069292801486,373.7141111711734,109.56876331840357,45.80471300161325,282.7403464640074,7.319839537986881,3.138147210570962,-89.24815754302881,80.75184245697119,24.0,0.0,0.0,1.8299598844967209,0.0,-0.05393267091397322,0.21607919006297352,0.21904053010306151,0.0,0.0,0.2500000000000001,0.0,2,INJECTOR_DEGRADATION,1.0,2026-01-01T00:02:00+00:00,True
2026-01-01T00:04:57Z,ENG-DATASET-002,MSN-INJECTOR_DEGRADATION-002,LANDING,2000.0,15.0,0.23370732274496983,0.5662926772550302,1582.2088104571017,457.2468908134368,133.52236390500627,45.78574343124277,283.5690498190694,9.246237473745335,3.377621986253881,14.2,1671.3809963813878,376.41907673772295,109.52236390500629,45.78574343124277,283.5690498190694,7.396989978996268,3.377621986253881,-89.17218592428617,80.82781407571383,23.999999999999986,0.0,0.0,1.8492474947490676,0.0,-0.05335239907438687,0.2147282618517024,0.21913332715148728,0.0,0.0,0.2500000000000001,0.0,2,INJECTOR_DEGRADATION,1.0,2026-01-01T00:02:00+00:00,True
2026-01-01T00:04:58Z,ENG-DATASET-002,MSN-INJECTOR_DEGRADATION-002,LANDING,2000.0,15.0,0.2369750312699874,0.5630249687300126,1605.8209038663535,465.82333081720606,133.55402302000158,45.774340369780894,284.4676696634492,9.350925053238296,3.9940967349993413,14.2,1689.3533932689845,379.35582021983697,109.55402302000158,45.774340369780894,284.4676696634492,7.480740042590636,3.9940967349993413,-83.53248940263097,86.46751059736908,24.0,0.0,0.0,1.8701850106476599,0.0,-0.04944642709776157,0.22793247391660185,0.2190700016157166,0.0,0.0,0.2500000000000001,0.0,2,INJECTOR_DEGRADATION,1.0,2026-01-01T00:02:00+00:00,True
2026-01-01T00:04:59Z,ENG-DATASET-002,MSN-INJECTOR_DEGRADATION-002,LANDING,2000.0,15.0,0.24044599007572326,0.5595540099242767,1632.6936344897963,476.72926402643895,133.66060312393077,45.77062459495611,285.4221833350266,9.462253367484799,4.133304201266038,14.2,1708.4436667005314,382.479296237174,109.66060312393077,45.77062459495611,285.4221833350266,7.569802693987839,4.133304201266038,-75.75003221073507,94.24996778926493,24.0,0.0,0.0,1.8924506734969597,0.0,-0.04433861864291314,0.24641848255969617,0.21885708555584793,0.0,0.0,0.25,0.0,2,INJECTOR_DEGRADATION,1.0,2026-01-01T00:02:00+00:00,True
2026-01-01T00:05:00Z,ENG-DATASET-002,MSN-INJECTOR_DEGRADATION-002,TAKEOFF,2000.0,15.0,0.8940660360109062,0.7559339639890938,5107.808370893248,1199.2924918723013,151.69049381961494,47.632932546822616,458.9176959672019,31.289646661888895,9.201546459118754,14.2,5178.353919344037,1099.8380403230901,127.69049381961494,47.632932546822616,458.9176959672019,25.031717329511117,9.201546459118754,-70.54554845078928,99.45445154921117,24.0,0.0,0.0,6.257929332377778,0.0,-0.01362316086338988,0.09042645180739091,0.18795447712735905,0.0,0.0,0.24999999999999992,0.0,2,INJECTOR_DEGRADATION,1.0,2026-01-01T00:02:00+00:00,True
2026-01-01T00:00:01Z,ENG-DATASET-003,MSN-INJECTOR_DEGRADATION-003,TAKEOFF,500.0,10.0,0.9037402420015569,0.7462597579984431,5283.09261046026,1115.5329722968067,46.88832430742017,18.387488926357058,464.15463052301305,31.171182376542873,9.536865453801068,14.2,5283.09261046026,1115.5329722968067,46.88832430742017,18.387488926357058,464.15463052301305,31.171182376542873,9.536865453801068,0.0,0.0,0.0,0.0,0.0,0.0,0.0,0.0,0.0,0.0,0.0,0.0,0.0,0.0,3,INJECTOR_DEGRADATION,0.0,2026-01-01T00:02:00+00:00,False
2026-01-01T00:00:02Z,ENG-DATASET-003,MSN-INJECTOR_DEGRADATION-003,TAKEOFF,500.0,10.0,0.9074221187776357,0.7425778812223643,5303.342932728694,1119.6894851102556,71.19172900443455,21.64824466893621,465.1671466364347,31.312389725115096,9.008608306799909,14.2,5303.342932728694,1119.6894851102556,71.19172900443455,21.64824466893621,465.1671466364347,31.312389725115096,9.008608306799909,0.0,0.0,0.0,0.0,0.0,0.0,0.0,0.0,0.0,0.0,0.0,0.0,0.0,0.0,3,INJECTOR_DEGRADATION,0.0,2026-01-01T00:02:00+00:00,False
2026-01-01T00:00:03Z,ENG-DATASET-003,MSN-INJECTOR_DEGRADATION-003,TAKEOFF,500.0,10.0,0.9109881758725814,0.7390118241274186,5322.956246750895,1123.721290695219,93.16558837137157,24.78706079394302,466.14781233754474,31.449342223298576,9.097915438512377,14.2,5322.956246750895,1123.721290695219,93.16558837137157,24.78706079394302,466.14781233754474,31.449342223298576,9.097915438512377,0.0,0.0,0.0,0.0,0.0,0.0,0.0,0.0,0.0,0.0,0.0,0.0,0.0,0.0,3,INJECTOR_DEGRADATION,0.0,2026-01-01T00:02:00+00:00,False
2026-01-01T00:00:04Z,ENG-DATASET-003,MSN-INJECTOR_DEGRADATION-003,TAKEOFF,500.0,10.0,0.9143827661581261,0.7356172338418739,5341.626493321391,1127.5647703422144,113.03814879278977,27.808406631772282,467.0813246660695,31.57988098829462,9.70842217260372,14.2,5341.626493321391,1127.5647703422144,113.03814879278977,27.808406631772282,467.0813246660695,31.57988098829462,9.70842217260372,0.0,0.0,0.0,0.0,0.0,0.0,0.0,0.0,0.0,0.0,0.0,0.0,0.0,0.0,3,INJECTOR_DEGRADATION,0.0,2026-01-01T00:02:00+00:00,False
2026-01-01T00:00:05Z,ENG-DATASET-003,MSN-INJECTOR_DEGRADATION-003,TAKEOFF,500.0,10.0,0.9175529181882139,0.7324470818117861,5359.062329486874,1131.159017549825,131.0133093522564,30.716446617112393,467.9531164743437,31.701940208175117,9.995535235548072,14.2,5359.062329486874,1131.159017549825,131.0133093522564,30.716446617112393,467.9531164743437,31.701940208175117,9.995535235548072,0.0,0.0,0.0,0.0,0.0,0.0,0.0,0.0,0.0,0.0,0.0,0.0,0.0,0.0,3,INJECTOR_DEGRADATION,0.0,2026-01-01T00:02:00+00:00,False
2026-01-01T00:00:06Z,ENG-DATASET-003,MSN-INJECTOR_DEGRADATION-003,TAKEOFF,500.0,10.0,0.9204491628007,0.7295508371993,5374.991674855547,1134.4468460067783,147.27314956720022,33.51506082354482,468.74958374277736,31.81358115991774,9.575991804225273,14.2,5374.991674855547,1134.4468460067783,147.27314956720022,33.51506082354482,468.74958374277736,31.81358115991774,9.575991804225273,0.0,0.0,0.0,0.0,0.0,0.0,0.0,0.0,0.0,0.0,0.0,0.0,0.0,0.0,3,INJECTOR_DEGRADATION,0.0,2026-01-01T00:02:00+00:00,False
2026-01-01T00:00:07Z,ENG-DATASET-003,MSN-INJECTOR_DEGRADATION-003,TAKEOFF,500.0,10.0,0.9230263050670808,0.7269736949329192,5389.165957320642,1137.375750421596,161.9802283710201,36.207866514735144,469.45829786603207,31.913024581680613,9.076512678927147,14.2,5389.165957320642,1137.375750421596,161.9802283710201,36.207866514735144,469.45829786603207,31.913024581680613,9.076512678927147,0.0,0.0,0.0,0.0,0.0,0.0,0.0,0.0,0.0,0.0,0.0,0.0,0.0,0.0,3,INJECTOR_DEGRADATION,0.0,2026-01-01T00:02:00+00:00,False
2026-01-01T00:00:08Z,ENG-DATASET-003,MSN-INJECTOR_DEGRADATION-003,TAKEOFF,500.0,10.0,0.925244129544237,0.7247558704557631,5401.363991945001,1139.8988009365266,175.27967555733125,38.79824051274727,470.06819959725004,31.998680761979283,9.235514388915414,14.2,5401.363991945001,1139.8988009365266,175.27967555733125,38.79824051274727,470.06819959725004,31.998680761979283,9.235514388915414,0.0,0.0,0.0,0.0,0.0,0.0,0.0,0.0,0.0,0.0,0.0,0.0,0.0,0.0,3,INJECTOR_DEGRADATION,0.0,2026-01-01T00:02:00+00:00,False
2026-01-01T00:00:09Z,ENG-DATASET-003,MSN-INJECTOR_DEGRADATION-003,TAKEOFF,500.0,10.0,0.9270680278229729,0.7229319721770271,5411.395432478048,1141.975452433303,187.3010943124307,41.289342165788284,470.5697716239024,32.06917672964342,9.844841650988792,14.2,5411.395432478048,1141.975452433303,187.3010943124307,41.289342165788284,470.5697716239024,32.06917672964342,9.844841650988792,0.0,0.0,0.0,0.0,0.0,0.0,0.0,0.0,0.0,0.0,0.0,0.0,0.0,0.0,3,INJECTOR_DEGRADATION,0.0,2026-01-01T00:02:00+00:00,False
2026-01-01T00:00:10Z,ENG-DATASET-003,MSN-INJECTOR_DEGRADATION-003,TAKEOFF,500.0,10.0,0.9284695385806676,0.7215304614193324,5419.103741645369,1143.5722512042582,198.16029116129408,43.68413668308312,470.9551870822685,32.1233799686546,10.047679854714854,14.2,5419.103741645369,1143.5722512042582,198.16029116129408,43.68413668308312,470.9551870822685,32.1233799686546,10.047679854714854,0.0,0.0,0.0,0.0,0.0,0.0,0.0,0.0,0.0,0.0,0.0,0.0,0.0,0.0,3,INJECTOR_DEGRADATION,0.0,2026-01-01T00:02:00+00:00,False
2026-01-01T00:00:11Z,ENG-DATASET-003,MSN-INJECTOR_DEGRADATION-003,TAKEOFF,500.0,10.0,0.9294267917106946,0.7205732082893054,5424.3686338605185,1144.6634232218898,207.96084762571192,45.98541859380527,471.21843169302593,32.1604181410845,9.565840400219008,14.2,5424.3686338605185,1144.6634232218898,207.96084762571192,45.98541859380527,471.21843169302593,32.1604181410845,9.565840400219008,0.0,0.0,0.0,0.0,0.0,0.0,0.0,0.0,0.0,0.0,0.0,0.0,0.0,0.0,3,INJECTOR_DEGRADATION,0.0,2026-01-01T00:02:00+00:00,False
2026-01-01T00:00:12Z,ENG-DATASET-003,MSN-INJECTOR_DEGRADATION-003,TAKEOFF,500.0,10.0,0.9299248495981216,0.7200751504018784,5427.107952241366,1145.2313305598898,216.79554612713798,48.19583508021146,471.3553976120683,32.1796943782664,9.098121028679241,14.2,5427.107952241366,1145.2313305598898,216.79554612713798,48.19583508021146,471.3553976120683,32.1796943782664,9.098121028679241,0.0,0.0,0.0,0.0,0.0,0.0,0.0,0.0,0.0,0.0,0.0,0.0,0.0,0.0,3,INJECTOR_DEGRADATION,0.0,2026-01-01T00:02:00+00:00,False
2026-01-01T00:00:13Z,ENG-DATASET-003,MSN-INJECTOR_DEGRADATION-003,TAKEOFF,500.0,10.0,0.929955940216195,0.720044059783805,5427.27895064077,1145.2667853348885,224.7476611477964,50.31790893244253,471.3639475320385,32.18089779297805,9.319023031011373,14.2,5427.27895064077,1145.2667853348885,224.7476611477964,50.31790893244253,471.3639475320385,32.18089779297805,9.319023031011373,0.0,0.0,0.0,0.0,0.0,0.0,0.0,0.0,0.0,0.0,0.0,0.0,0.0,0.0,3,INJECTOR_DEGRADATION,0.0,2026-01-01T00:02:00+00:00,False
2026-01-01T00:00:14Z,ENG-DATASET-003,MSN-INJECTOR_DEGRADATION-003,TAKEOFF,500.0,10.0,0.9295195784062181,0.7204804215937819,5424.878960685897,1144.7692137579122,231.89212537696457,52.354060873893935,471.2439480342949,32.16400897083325,9.912340852136293,14.2,5424.878960685897,1144.7692137579122,231.89212537696457,52.354060873893935,471.2439480342949,32.16400897083325,9.912340852136293,0.0,0.0,0.0,0.0,0.0,0.0,0.0,0.0,0.0,0.0,0.0,0.0,0.0,0.0,3,INJECTOR_DEGRADATION,0.0,2026-01-01T00:02:00+00:00,False
2026-01-01T00:00:15Z,ENG-DATASET-003,MSN-INJECTOR_DEGRADATION-003,TAKEOFF,500.0,10.0,0.9286225734482908,0.7213774265517092,5419.945433417297,1143.7466663911705,238.29657949904737,54.306631011596984,470.99727167086485,32.1293003135728,10.024177786617608,14.2,5419.945433417297,1143.7466663911705,238.29657949904737,54.306631011596984,470.99727167086485,32.1293003135728,10.024177786617608,0.0,0.0,0.0,0.0,0.0,0.0,0.0,0.0,0.0,0.0,0.0,0.0,0.0,0.0,3,INJECTOR_DEGRADATION,0.0,2026-01-01T00:02:00+00:00,False
2026-01-01T00:00:16Z,ENG-DATASET-003,MSN-INJECTOR_DEGRADATION-003,TAKEOFF,500.0,10.0,0.9272789228047704,0.7227210771952296,5412.555354877935,1142.2156743653497,244.02231340827637,56.177899175593055,470.62776774389675,32.07733122627391,9.4863632859935,14.2,5412.555354877935,1142.2156743653497,244.02231340827637,56.177899175593055,470.62776774389675,32.07733122627391,9.4863632859935,0.0,0.0,0.0,0.0,0.0,0.0,0.0,0.0,0.0,0.0,0.0,0.0,0.0,0.0,3,INJECTOR_DEGRADATION,0.0,2026-01-01T00:02:00+00:00,False
2026-01-01T00:00:17Z,ENG-DATASET-003,MSN-INJECTOR_DEGRADATION-003,TAKEOFF,500.0,10.0,0.9255095936945535,0.7244904063054465,5402.824044771742,1140.2009549817576,249.12510594199267,57.97010392467162,470.1412022385871,32.00893826012877,9.057510776320086,14.2,5402.824044771742,1140.2009549817576,249.12510594199267,57.97010392467162,470.1412022385871,32.00893826012877,9.057510776320086,0.0,0.0,0.0,0.0,0.0,0.0,0.0,0.0,0.0,0.0,0.0,0.0,0.0,0.0,3,INJECTOR_DEGRADATION,0.0,2026-01-01T00:02:00+00:00,False
2026-01-01T00:00:18Z,ENG-DATASET-003,MSN-INJECTOR_DEGRADATION-003,TAKEOFF,500.0,10.0,0.9233421959066377,0.7266578040933623,5390.9033569382045,1137.734973658602,253.65596968925846,59.68546001286343,469.54516784691026,31.925220437831772,9.336356391004616,14.2,5390.9033569382045,1137.734973658602,253.65596968925846,59.68546001286343,469.54516784691026,31.925220437831772,9.336356391004616,0.0,0.0,0.0,0.0,0.0,0.0,0.0,0.0,0.0,0.0,0.0,0.0,0.0,0.0,3,INJECTOR_DEGRADATION,0.0,2026-01-01T00:02:00+00:00,False
2026-01-01T00:00:19Z,ENG-DATASET-003,MSN-INJECTOR_DEGRADATION-003,TAKEOFF,500.0,10.0,0.9208105509585982,0.7291894490414018,5376.979309723988,1134.8573724456687,257.6618070314743,61.32617413146081,468.8489654861994,31.827520095465513,9.904208835666534,14.2,5376.979309723988,1134.8573724456687,257.6618070314743,61.32617413146081,468.8489654861994,31.827520095465513,9.904208835666534,0.0,0.0,0.0,0.0,0.0,0.0,0.0,0.0,0.0,0.0,0.0,0.0,0.0,0.0,3,INJECTOR_DEGRADATION,0.0,2026-01-01T00:02:00+00:00,False
2026-01-01T00:00:20Z,ENG-DATASET-003,MSN-INJECTOR_DEGRADATION-003,TAKEOFF,500.0,10.0,0.9179541643231187,0.7320458356768813,5361.26918322885,1131.6142782073669,261.18598328351106,62.89445876475363,468.0634591614425,31.71739966930449,9.925097748517373,14.2,5361.26918322885,1131.6142782073669,261.18598328351106,62.89445876475363,468.0634591614425,31.71739966930449,9.925097748517373,0.0,0.0,0.0,0.0,0.0,0.0,0.0,0.0,0.0,0.0,0.0,0.0,0.0,0.0,3,INJECTOR_DEGRADATION,0.0,2026-01-01T00:02:00+00:00,False
2026-01-01T00:00:21Z,ENG-DATASET-003,MSN-INJECTOR_DEGRADATION-003,TAKEOFF,500.0,10.0,0.9148176089583027,0.7351823910416974,5344.018128722362,1128.0575059642908,264.26882260426726,64.39254402375089,467.20090643611815,31.596614935096966,9.343797952186902,14.2,5344.018128722362,1128.0575059642908,264.26882260426726,64.39254402375089,467.20090643611815,31.596614935096966,9.343797952186902,0.0,0.0,0.0,0.0,0.0,0.0,0.0,0.0,0.0,0.0,0.0,0.0,0.0,0.0,3,INJECTOR_DEGRADATION,0.0,2026-01-01T00:02:00+00:00,False
2026-01-01T00:00:22Z,ENG-DATASET-003,MSN-INJECTOR_DEGRADATION-003,TAKEOFF,500.0,10.0,0.91144982976157,0.7385501702384301,5325.495343140332,1124.2436747199438,266.9480322118391,65.82268735049128,466.2747671570166,31.4670852689494,8.965343988482001,14.2,5325.495343140332,1124.2436747199438,266.9480322118391,65.82268735049128,466.2747671570166,31.4670852689494,8.965343988482001,0.0,0.0,0.0,0.0,0.0,0.0,0.0,0.0,0.0,0.0,0.0,0.0,0.0,0.0,3,INJECTOR_DEGRADATION,0.0,2026-01-01T00:02:00+00:00,False
2026-01-01T00:00:23Z,ENG-DATASET-003,MSN-INJECTOR_DEGRADATION-003,TAKEOFF,500.0,10.0,0.9079033798009026,0.7420966201990974,5305.989868356662,1120.2332543448642,269.2590603492768,67.18718101568427,465.2994934178331,31.33086154169872,9.302110239733482,14.2,5305.989868356662,1120.2332543448642,269.2590603492768,67.18718101568427,465.2994934178331,31.33086154169872,9.302110239733482,0.0,0.0,0.0,0.0,0.0,0.0,0.0,0.0,0.0,0.0,0.0,0.0,0.0,0.0,3,INJECTOR_DEGRADATION,0.0,2026-01-01T00:02:00+00:00,False
2026-01-01T00:00:24Z,ENG-DATASET-003,MSN-INJECTOR_DEGRADATION-003,TAKEOFF,500.0,10.0,0.904233600241796,0.745766399758204,5285.8060807815755,1116.0895627392008,271.23539338282916,68.48835736389071,464.29030403907876,31.19009228236743,9.840210084685879,14.2,5285.8060807815755,1116.0895627392008,271.23539338282916,68.48835736389071,464.29030403907876,31.19009228236743,9.840210084685879,0.0,0.0,0.0,0.0,0.0,0.0,0.0,0.0,0.0,0.0,0.0,0.0,0.0,0.0,3,INJECTOR_DEGRADATION,0.0,2026-01-01T00:02:00+00:00,False
2026-01-01T00:00:25Z,ENG-DATASET-003,MSN-INJECTOR_DEGRADATION-003,TAKEOFF,500.0,10.0,0.9004977567668805,0.7495022432331195,5265.25894166954,1111.877732570793,272.90879735881606,69.72859179275244,463.262947083477,31.046988751641205,9.776218876619051,14.2,5265.25894166954,1111.877732570793,272.90879735881606,69.72859179275244,463.262947083477,31.046988751641205,9.776218876619051,0.0,0.0,0.0,0.0,0.0,0.0,0.0,0.0,0.0,0.0,0.0,0.0,0.0,0.0,3,INJECTOR_DEGRADATION,0.0,2026-01-01T00:02:00+00:00,False
2026-01-01T00:00:26Z,ENG-DATASET-003,MSN-INJECTOR_DEGRADATION-003,TAKEOFF,500.0,10.0,0.8967541459640967,0.7532458540359033,5244.66908225423,1107.6636664390426,274.30950928391053,70.91030348540545,462.2334541127115,30.903789554790286,9.16872803910154,14.2,5244.66908225423,1107.6636664390426,274.30950928391053,70.91030348540545,462.2334541127115,30.903789554790286,9.16872803910154,0.0,0.0,0.0,0.0,0.0,0.0,0.0,0.0,0.0,0.0,0.0,0.0,0.0,0.0,3,INJECTOR_DEGRADATION,0.0,2026-01-01T00:02:00+00:00,False
2026-01-01T00:00:27Z,ENG-DATASET-003,MSN-INJECTOR_DEGRADATION-003,TAKEOFF,500.0,10.0,0.8930611856279393,0.7569388143720607,5224.357800405363,1103.512998416575,275.46638331593385,72.0359539476472,461.21789002026816,30.76272539724411,8.854918876383973,14.2,5224.357800405363,1103.512998416575,275.46638331593385,72.0359539476472,461.21789002026816,30.76272539724411,8.854918876383973,0.0,0.0,0.0,0.0,0.0,0.0,0.0,0.0,0.0,0.0,0.0,0.0,0.0,0.0,3,INJECTOR_DEGRADATION,0.0,2026-01-01T00:02:00+00:00,False
2026-01-01T00:00:28Z,ENG-DATASET-003,MSN-INJECTOR_DEGRADATION-003,TAKEOFF,500.0,10.0,0.8894765031693115,0.7605234968306887,5204.64204688291,1099.4900786570888,276.4069969507677,73.10804343316445,460.2321023441455,30.625984547767185,9.251670710185254,14.2,5204.64204688291,1099.4900786570888,276.4069969507677,73.10804343316445,460.2321023441455,30.625984547767185,9.251670710185254,0.0,0.0,0.0,0.0,0.0,0.0,0.0,0.0,0.0,0.0,0.0,0.0,0.0,0.0,3,INJECTOR_DEGRADATION,0.0,2026-01-01T00:02:00+00:00,False
2026-01-01T00:00:29Z,ENG-DATASET-003,MSN-INJECTOR_DEGRADATION-003,TAKEOFF,500.0,10.0,0.8860560363590517,0.7639439636409483,5185.829479426482,1095.656996223623,277.15772216128147,74.12910537066516,459.29147397132414,30.495679526792735,9.758818423518019,14.2,5185.829479426482,1095.656996223623,277.15772216128147,74.12910537066516,459.29147397132414,30.495679526792735,9.758818423518019,0.0,0.0,0.0,0.0,0.0,0.0,0.0,0.0,0.0,0.0,0.0,0.0,0.0,0.0,3,INJECTOR_DEGRADATION,0.0,2026-01-01T00:02:00+00:00,False
2026-01-01T00:00:30Z,ENG-DATASET-003,MSN-INJECTOR_DEGRADATION-003,CLIMB,2500.0,10.0,0.7628531604377298,0.6671468395622704,4506.864631473722,941.2802187416,273.9739554136933,74.15421015626579,425.3432315736861,20.54237373969397,8.4274662753309,14.2,4506.864631473722,941.2802187416,273.9739554136933,74.15421015626579,425.3432315736861,20.54237373969397,8.4274662753309,0.0,0.0,0.0,0.0,0.0,0.0,0.0,0.0,0.0,0.0,0.0,0.0,0.0,0.0,3,INJECTOR_DEGRADATION,0.0,2026-01-01T00:02:00+00:00,False
2026-01-01T00:00:31Z,ENG-DATASET-003,MSN-INJECTOR_DEGRADATION-003,CLIMB,2500.0,10.0,0.7599178552128679,0.6700821447871321,4490.720452736982,938.1248379884323,271.0296808220348,74.17244013999267,424.5360226368491,20.45767446472751,7.8129071597466035,14.2,4490.720452736982,938.1248379884323,271.0296808220348,74.17244013999267,424.5360226368491,20.45767446472751,7.8129071597466035,0.0,0.0,0.0,0.0,0.0,0.0,0.0,0.0,0.0,0.0,0.0,0.0,0.0,0.0,3,INJECTOR_DEGRADATION,0.0,2026-01-01T00:02:00+00:00,False
2026-01-01T00:00:32Z,ENG-DATASET-003,MSN-INJECTOR_DEGRADATION-003,CLIMB,2500.0,10.0,0.7572959251407622,0.6727040748592379,4476.2998373404,935.3095200421992,268.3094507408863,74.18469706422627,423.81499186702,20.382095475485553,7.577584299939157,14.2,4476.2998373404,935.3095200421992,268.3094507408863,74.18469706422627,423.81499186702,20.382095475485553,7.577584299939157,0.0,0.0,0.0,0.0,0.0,0.0,0.0,0.0,0.0,0.0,0.0,0.0,0.0,0.0,3,INJECTOR_DEGRADATION,0.0,2026-01-01T00:02:00+00:00,False
2026-01-01T00:00:33Z,ENG-DATASET-003,MSN-INJECTOR_DEGRADATION-003,CLIMB,2500.0,10.0,0.7550282845632604,0.6749717154367396,4463.82781416414,932.8770488897327,265.80043188904096,74.19192843033552,423.191390708207,20.316788199216646,8.035417391033628,14.2,4463.82781416414,932.8770488897327,265.80043188904096,74.19192843033552,423.191390708207,20.316788199216646,8.035417391033628,0.0,0.0,0.0,0.0,0.0,0.0,0.0,0.0,0.0,0.0,0.0,0.0,0.0,0.0,3,INJECTOR_DEGRADATION,0.0,2026-01-01T00:02:00+00:00,False
2026-01-01T00:00:34Z,ENG-DATASET-003,MSN-INJECTOR_DEGRADATION-003,CLIMB,2500.0,10.0,0.7531503192531426,0.6768496807468575,4453.499004958491,930.864278835767,263.491995671031,74.19511461118017,422.6749502479246,20.262744860486798,8.510396323622397,14.2,4453.499004958491,930.864278835767,263.491995671031,74.19511461118017,422.6749502479246,20.262744860486798,8.510396323622397,0.0,0.0,0.0,0.0,0.0,0.0,0.0,0.0,0.0,0.0,0.0,0.0,0.0,0.0,3,INJECTOR_DEGRADATION,0.0,2026-01-01T00:02:00+00:00,False
2026-01-01T00:00:35Z,ENG-DATASET-003,MSN-INJECTOR_DEGRADATION-003,CLIMB,2500.0,10.0,0.7516913342309711,0.6783086657690289,4445.474587336549,929.3016271168876,261.37533678185014,74.1952553747467,422.27372936682747,20.220784646728596,8.305397793465364,14.2,4445.474587336549,929.3016271168876,261.37533678185014,74.1952553747467,422.27372936682747,20.220784646728596,8.305397793465364,0.0,0.0,0.0,0.0,0.0,0.0,0.0,0.0,0.0,0.0,0.0,0.0,0.0,0.0,3,INJECTOR_DEGRADATION,0.0,2026-01-01T00:02:00+00:00,False
2026-01-01T00:00:36Z,ENG-DATASET-003,MSN-INJECTOR_DEGRADATION-003,CLIMB,2500.0,10.0,0.7506740964700471,0.6793259035299529,4439.879779651467,928.2126599219542,259.443119601714,74.1933560322487,421.99398898257334,20.191542402501426,7.701196415519737,14.2,4439.879779651467,928.2126599219542,259.443119601714,74.1933560322487,421.99398898257334,20.191542402501426,7.701196415519737,0.0,0.0,0.0,0.0,0.0,0.0,0.0,0.0,0.0,0.0,0.0,0.0,0.0,0.0,3,INJECTOR_DEGRADATION,0.0,2026-01-01T00:02:00+00:00,False
2026-01-01T00:00:37Z,ENG-DATASET-003,MSN-INJECTOR_DEGRADATION-003,CLIMB,2500.0,10.0,0.7501144796254057,0.6798855203745944,4436.801887005939,927.6137746397478,257.6891520075363,74.19041342976135,421.8400943502969,20.175459940265235,7.554407415933285,14.2,4436.801887005939,927.6137746397478,257.6891520075363,74.19041342976135,421.8400943502969,20.175459940265235,7.554407415933285,0.0,0.0,0.0,0.0,0.0,0.0,0.0,0.0,0.0,0.0,0.0,0.0,0.0,0.0,3,INJECTOR_DEGRADATION,0.0,2026-01-01T00:02:00+00:00,False
2026-01-01T00:00:38Z,ENG-DATASET-003,MSN-INJECTOR_DEGRADATION-003,CLIMB,2500.0,10.0,0.7500212163307387,0.6799787836692613,4436.288938885271,927.5139803072963,256.1080863144651,74.18740200478415,421.8144469442635,20.17278003057351,8.070375462146824,14.2,4436.288938885271,927.5139803072963,256.1080863144651,74.18740200478415,421.8144469442635,20.17278003057351,8.070375462146824,0.0,0.0,0.0,0.0,0.0,0.0,0.0,0.0,0.0,0.0,0.0,0.0,0.0,0.0,3,INJECTOR_DEGRADATION,0.0,2026-01-01T00:02:00+00:00,False
2026-01-01T00:00:39Z,ENG-DATASET-003,MSN-INJECTOR_DEGRADATION-003,CLIMB,2500.0,10.0,0.7503957619285668,0.6796042380714332,4438.348939673326,927.9147775231269,254.69514712109674,74.1852601280017,421.9174469836663,20.183543112824815,8.509059704551797,14.2,4438.348939673326,927.9147775231269,254.69514712109674,74.1852601280017,421.9174469836663,20.183543112824815,8.509059704551797,0.0,0.0,0.0,0.0,0.0,0.0,0.0,0.0,0.0,0.0,0.0,0.0,0.0,0.0,3,INJECTOR_DEGRADATION,0.0,2026-01-01T00:02:00+00:00,False
2026-01-01T00:00:40Z,ENG-DATASET-003,MSN-INJECTOR_DEGRADATION-003,CLIMB,2500.0,10.0,0.7512322717601059,0.6787677282398942,4442.94974374679,928.8101384820873,253.44588587103925,74.18487694595362,422.1474871873395,20.20758674825874,8.245285155766014,14.2,4442.94974374679,928.8101384820873,253.44588587103925,74.18487694595362,422.1474871873395,20.20758674825874,8.245285155766014,0.0,0.0,0.0,0.0,0.0,0.0,0.0,0.0,0.0,0.0,0.0,0.0,0.0,0.0,3,INJECTOR_DEGRADATION,0.0,2026-01-01T00:02:00+00:00,False
2026-01-01T00:00:41Z,ENG-DATASET-003,MSN-INJECTOR_DEGRADATION-003,CLIMB,2500.0,10.0,0.7525176923692127,0.6774823076307873,4450.019557096878,930.1865872384966,252.35596196489774,74.18707993240568,422.5009778548439,20.244547818745268,7.664363894610883,14.2,4450.019557096878,930.1865872384966,252.35596196489774,74.18707993240568,422.5009778548439,20.244547818745268,7.664363894610883,0.0,0.0,0.0,0.0,0.0,0.0,0.0,0.0,0.0,0.0,0.0,0.0,0.0,0.0,3,INJECTOR_DEGRADATION,0.0,2026-01-01T00:02:00+00:00,False
2026-01-01T00:00:42Z,ENG-DATASET-003,MSN-INJECTOR_DEGRADATION-003,CLIMB,2500.0,10.0,0.7542319651972023,0.6757680348027978,4459.44805765082,932.0233797642514,251.42095026251425,74.19262334505564,422.972402882541,20.293867457002168,7.609952230735846,14.2,4459.44805765082,932.0233797642514,251.42095026251425,74.19262334505564,422.972402882541,20.293867457002168,7.609952230735846,0.0,0.0,0.0,0.0,0.0,0.0,0.0,0.0,0.0,0.0,0.0,0.0,0.0,0.0,3,INJECTOR_DEGRADATION,0.0,2026-01-01T00:02:00+00:00,False
2026-01-01T00:00:43Z,ENG-DATASET-003,MSN-INJECTOR_DEGRADATION-003,CLIMB,2500.0,10.0,0.7563483395899472,0.6736516604100529,4471.088116810917,934.2927827894598,250.63617480599933,74.20217776998508,423.5544058405459,20.354798675072697,8.17518721796274,14.2,4471.088116810917,934.2927827894598,250.63617480599933,74.20217776998508,423.5544058405459,20.354798675072697,8.17518721796274,0.0,0.0,0.0,0.0,0.0,0.0,0.0,0.0,0.0,0.0,0.0,0.0,0.0,0.0,3,INJECTOR_DEGRADATION,0.0,2026-01-01T00:02:00+00:00,False
2026-01-01T00:00:44Z,ENG-DATASET-003,MSN-INJECTOR_DEGRADATION-003,CLIMB,2500.0,10.0,0.7588337902328882,0.6711662097671118,4484.758095347093,936.9604497492794,249.9965685691314,74.21632091920324,424.2379047673547,20.42641663715994,8.569014544766405,14.2,4484.758095347093,936.9604497492794,249.9965685691314,74.21632091920324,424.2379047673547,20.42641663715994,8.569014544766405,0.0,0.0,0.0,0.0,0.0,0.0,0.0,0.0,0.0,0.0,0.0,0.0,0.0,0.0,3,INJECTOR_DEGRADATION,0.0,2026-01-01T00:02:00+00:00,False
2026-01-01T00:00:45Z,ENG-DATASET-003,MSN-INJECTOR_DEGRADATION-003,CLIMB,2500.0,10.0,0.7616495325000231,0.668350467499977,4500.244677816335,939.985891372099,249.49655899652072,74.23552982698693,425.0122338908168,20.507631499347703,8.249220272580827,14.2,4500.244677816335,939.985891372099,249.49655899652072,74.23552982698693,425.0122338908168,20.507631499347703,8.249220272580827,0.0,0.0,0.0,0.0,0.0,0.0,0.0,0.0,0.0,0.0,0.0,0.0,0.0,0.0,3,INJECTOR_DEGRADATION,0.0,2026-01-01T00:02:00+00:00,False
2026-01-01T00:00:46Z,ENG-DATASET-003,MSN-INJECTOR_DEGRADATION-003,CLIMB,2500.0,10.0,0.7647516276750222,0.6652483723249778,4517.3062012788305,943.3230375004929,249.12997903438097,74.26017456880928,425.86531006394154,20.597203711664847,7.698904027780763,14.2,4517.3062012788305,943.3230375004929,249.12997903438097,74.26017456880928,425.86531006394154,20.597203711664847,7.698904027780763,0.0,0.0,0.0,0.0,0.0,0.0,0.0,0.0,0.0,0.0,0.0,0.0,0.0,0.0,3,INJECTOR_DEGRADATION,0.0,2026-01-01T00:02:00+00:00,False
2026-01-01T00:00:47Z,ENG-DATASET-003,MSN-INJECTOR_DEGRADATION-003,CLIMB,2500.0,10.0,0.7680916686002026,0.6619083313997974,4535.676426367322,946.9208856190086,248.8900032714181,74.29051360280909,426.7838213183661,20.693761646984147,7.733964788815819,14.2,4535.676426367322,946.9208856190086,248.8900032714181,74.29051360280909,426.7838213183661,20.693761646984147,7.733964788815819,0.0,0.0,0.0,0.0,0.0,0.0,0.0,0.0,0.0,0.0,0.0,0.0,0.0,0.0,3,INJECTOR_DEGRADATION,0.0,2026-01-01T00:02:00+00:00,False
2026-01-01T00:00:48Z,ENG-DATASET-003,MSN-INJECTOR_DEGRADATION-003,CLIMB,2500.0,10.0,0.7716175350540323,0.6583824649459677,4555.0686918633855,950.7242302677696,248.76910870097052,74.32669080835656,427.7534345931693,20.7958213863488,8.333753576639813,14.2,4555.0686918633855,950.7242302677696,248.76910870097052,74.32669080835656,427.7534345931693,20.7958213863488,8.333753576639813,0.0,0.0,0.0,0.0,0.0,0.0,0.0,0.0,0.0,0.0,0.0,0.0,0.0,0.0,3,INJECTOR_DEGRADATION,0.0,2026-01-01T00:02:00+00:00,False
2026-01-01T00:00:49Z,ENG-DATASET-003,MSN-INJECTOR_DEGRADATION-003,CLIMB,2500.0,10.0,0.7752742070697557,0.6547257929302444,4575.180387949864,954.6744660601232,248.75905948237656,74.36873426971358,428.7590193974932,20.90180845183402,8.67019513092708,14.2,4575.180387949864,954.6744660601232,248.75905948237656,74.36873426971358,428.7590193974932,20.90180845183402,8.67019513092708,0.0,0.0,0.0,0.0,0.0,0.0,0.0,0.0,0.0,0.0,0.0,0.0,0.0,0.0,3,INJECTOR_DEGRADATION,0.0,2026-01-01T00:02:00+00:00,False
2026-01-01T00:00:50Z,ENG-DATASET-003,MSN-INJECTOR_DEGRADATION-003,CLIMB,2500.0,10.0,0.7790046235035734,0.6509953764964267,4595.697678335861,958.7104554252061,248.85091491976905,74.41655682548397,429.7848839167931,21.01008123673228,8.293663859596647,14.2,4595.697678335861,958.7104554252061,248.85091491976905,74.41655682548397,429.7848839167931,21.01008123673228,8.293663859596647,0.0,0.0,0.0,0.0,0.0,0.0,0.0,0.0,0.0,0.0,0.0,0.0,0.0,0.0,3,INJECTOR_DEGRADATION,0.0,2026-01-01T00:02:00+00:00,False
2026-01-01T00:00:51Z,ENG-DATASET-003,MSN-INJECTOR_DEGRADATION-003,CLIMB,2500.0,10.0,0.7827505724547054,0.6472494275452947,4616.300397567086,962.7694505083447,249.03505969050076,74.4699583769258,430.8150198783543,21.11895583985569,7.776646093731739,14.2,4616.300397567086,962.7694505083447,249.03505969050076,74.4699583769258,430.8150198783543,21.11895583985569,7.776646093731739,0.0,0.0,0.0,0.0,0.0,0.0,0.0,0.0,0.0,0.0,0.0,0.0,0.0,0.0,3,INJECTOR_DEGRADATION,0.0,2026-01-01T00:02:00+00:00,False
2026-01-01T00:00:52Z,ENG-DATASET-003,MSN-INJECTOR_DEGRADATION-003,CLIMB,2500.0,10.0,0.7864535996426345,0.6435464003573655,4636.667047100697,966.7880569455713,249.30125514508995,74.52862992068582,431.8333523550349,21.2267319676161,7.893037308094588,14.2,4636.667047100697,966.7880569455713,249.30125514508995,74.52862992068582,431.8333523550349,21.2267319676161,7.893037308094588,0.0,0.0,0.0,0.0,0.0,0.0,0.0,0.0,0.0,0.0,0.0,0.0,0.0,0.0,3,INJECTOR_DEGRADATION,0.0,2026-01-01T00:02:00+00:00,False
2026-01-01T00:00:53Z,ENG-DATASET-003,MSN-INJECTOR_DEGRADATION-003,CLIMB,2500.0,10.0,0.7900559205666026,0.6399440794333975,4656.4798121825215,970.7032255586589,249.63871026954743,74.59215924454337,432.8239906091261,21.331719526129337,8.508883223336664,14.2,4656.4798121825215,970.7032255586589,249.63871026954743,74.59215924454337,432.8239906091261,21.331719526129337,8.508883223336664,0.0,0.0,0.0,0.0,0.0,0.0,0.0,0.0,0.0,0.0,0.0,0.0,0.0,0.0,3,INJECTOR_DEGRADATION,0.0,2026-01-01T00:02:00+00:00,False
2026-01-01T00:00:54Z,ENG-DATASET-003,MSN-INJECTOR_DEGRADATION-003,CLIMB,2500.0,10.0,0.7935013222134185,0.6364986777865815,4675.429521240009,974.45325647967,250.03617065458445,74.66003819874025,433.7714760620005,21.43226548799482,8.773781057817907,14.2,4675.429521240009,974.45325647967,250.03617065458445,74.66003819874025,433.7714760620005,21.43226548799482,8.773781057817907,0.0,0.0,0.0,0.0,0.0,0.0,0.0,0.0,0.0,0.0,0.0,0.0,0.0,0.0,3,INJECTOR_DEGRADATION,0.0,2026-01-01T00:02:00+00:00,False
2026-01-01T00:00:55Z,ENG-DATASET-003,MSN-INJECTOR_DEGRADATION-003,CLIMB,2500.0,10.0,0.7967360402427283,0.6332639597572718,4693.220470401213,977.9787989003294,250.48202356163424,74.73167143082787,434.66102352006067,21.526780586848723,8.338733006328981,14.2,4693.220470401213,977.9787989003294,250.48202356163424,74.73167143082787,434.66102352006067,21.526780586848723,8.338733006328981,0.0,0.0,0.0,0.0,0.0,0.0,0.0,0.0,0.0,0.0,0.0,0.0,0.0,0.0,3,INJECTOR_DEGRADATION,0.0,2026-01-01T00:02:00+00:00,False
2026-01-01T00:00:56Z,ENG-DATASET-003,MSN-INJECTOR_DEGRADATION-003,CLIMB,2500.0,10.0,0.7997095979615637,0.6302904020384363,4709.575037854808,981.2238286432189,250.96441692155128,74.80638644906966,435.47875189274043,21.613765369504378,7.855670715929938,14.2,4709.575037854808,981.2238286432189,250.96441692155128,74.80638644906966,435.47875189274043,21.613765369504378,7.855670715929938,0.0,0.0,0.0,0.0,0.0,0.0,0.0,0.0,0.0,0.0,0.0,0.0,0.0,0.0,3,INJECTOR_DEGRADATION,0.0,2026-01-01T00:02:00+00:00,False
2026-01-01T00:00:57Z,ENG-DATASET-003,MSN-INJECTOR_DEGRADATION-003,CLIMB,2500.0,10.0,0.8023755939962547,0.6276244060037454,4724.238016045608,984.136585154668,251.47138985826285,74.88344485865116,436.2119008022804,21.69183512254972,8.043001646785864,14.2,4724.238016045608,984.136585154668,251.47138985826285,74.88344485865116,436.2119008022804,21.69183512254972,8.043001646785864,0.0,0.0,0.0,0.0,0.0,0.0,0.0,0.0,0.0,0.0,0.0,0.0,0.0,0.0,3,INJECTOR_DEGRADATION,0.0,2026-01-01T00:02:00+00:00,False
2026-01-01T00:00:58Z,ENG-DATASET-003,MSN-INJECTOR_DEGRADATION-003,CLIMB,2500.0,10.0,0.8046924263703452,0.6253075736296548,4736.980594103106,986.670449397179,251.99101210736603,74.96205459659758,436.8490297051553,21.75974318944469,8.655953249498141,14.2,4736.980594103106,986.670449397179,251.99101210736603,74.96205459659758,436.8490297051553,21.75974318944469,8.655953249498141,0.0,0.0,0.0,0.0,0.0,0.0,0.0,0.0,0.0,0.0,0.0,0.0,0.0,0.0,3,INJECTOR_DEGRADATION,0.0,2026-01-01T00:02:00+00:00,False
2026-01-01T00:00:59Z,ENG-DATASET-003,MSN-INJECTOR_DEGRADATION-003,CLIMB,2500.0,10.0,0.8066239416895222,0.6233760583104778,4747.603928358581,988.784744528246,252.51152950983558,75.0413829756645,437.380196417929,21.816402206779536,8.836884175338664,14.2,4747.603928358581,988.784744528246,252.51152950983558,75.0413829756645,437.380196417929,21.816402206779536,8.836884175338664,0.0,0.0,0.0,0.0,0.0,0.0,0.0,0.0,0.0,0.0,0.0,0.0,0.0,0.0,3,INJECTOR_DEGRADATION,0.0,2026-01-01T00:02:00+00:00,False
2026-01-01T00:01:00Z,ENG-DATASET-003,MSN-INJECTOR_DEGRADATION-003,CLIMB,2500.0,10.0,0.8081399993032422,0.6218600006967578,4755.94224523404,990.4454422252609,253.02151261448356,75.12057033479618,437.79711226170195,21.86090281517487,8.343685935525148,14.2,4755.94224523404,990.4454422252609,253.02151261448356,75.12057033479618,437.79711226170195,21.86090281517487,8.343685935525148,0.0,0.0,0.0,0.0,0.0,0.0,0.0,0.0,0.0,0.0,0.0,0.0,0.0,0.0,3,INJECTOR_DEGRADATION,0.0,2026-01-01T00:02:00+00:00,False
2026-01-01T00:01:01Z,ENG-DATASET-003,MSN-INJECTOR_DEGRADATION-003,CLIMB,2500.0,10.0,0.8092169416395014,0.6207830583604986,4761.865428083465,991.6257590584838,253.5100053294973,75.19874408423512,438.09327140417327,21.89252944141458,7.896378886186918,14.2,4761.865428083465,991.6257590584838,253.5100053294973,75.19874408423512,438.09327140417327,21.89252944141458,7.896378886186918,0.0,0.0,0.0,0.0,0.0,0.0,0.0,0.0,0.0,0.0,0.0,0.0,0.0,0.0,3,INJECTOR_DEGRADATION,0.0,2026-01-01T00:02:00+00:00,False
2026-01-01T00:01:02Z,ENG-DATASET-003,MSN-INJECTOR_DEGRADATION-003,CLIMB,2500.0,10.0,0.8098379633733354,0.6201620366266647,4765.281047619552,992.306629401931,253.96667053159584,75.27503292716416,438.2640523809776,21.910772803166154,8.14534708383685,14.2,4765.281047619552,992.306629401931,253.96667053159584,75.27503292716416,438.2640523809776,21.910772803166154,8.14534708383685,0.0,0.0,0.0,0.0,0.0,0.0,0.0,0.0,0.0,0.0,0.0,0.0,0.0,0.0,3,INJECTOR_DEGRADATION,0.0,2026-01-01T00:02:00+00:00,False
2026-01-01T00:01:03Z,ENG-DATASET-003,MSN-INJECTOR_DEGRADATION-003,CLIMB,2500.0,10.0,0.8099933736682935,0.6200066263317066,4766.135804241822,992.4770439518311,254.38192957723203,75.34858103696597,438.30679021209113,21.91533885469261,8.739400058454637,14.2,4766.135804241822,992.4770439518311,254.38192957723203,75.34858103696597,438.30679021209113,21.91533885469261,8.739400058454637,0.0,0.0,0.0,0.0,0.0,0.0,0.0,0.0,0.0,0.0,0.0,0.0,0.0,0.0,3,INJECTOR_DEGRADATION,0.0,2026-01-01T00:02:00+00:00,False
2026-01-01T00:01:04Z,ENG-DATASET-003,MSN-INJECTOR_DEGRADATION-003,CLIMB,2500.0,10.0,0.8096807473987014,0.6203192526012986,4764.416359759065,992.1342459123841,254.74709276731843,75.41856196983652,438.2208179879533,21.906153969241128,8.828829012279344,14.2,4764.416359759065,992.1342459123841,254.74709276731843,75.41856196983652,438.2208179879533,21.906153969241128,8.828829012279344,0.0,0.0,0.0,0.0,0.0,0.0,0.0,0.0,0.0,0.0,0.0,0.0,0.0,0.0,3,INJECTOR_DEGRADATION,0.0,2026-01-01T00:02:00+00:00,False
2026-01-01T00:01:05Z,ENG-DATASET-003,MSN-INJECTOR_DEGRADATION-003,CLIMB,2500.0,10.0,0.8089049629929357,0.6210950370070644,4760.149545527354,991.2837802032527,255.05447799566792,75.48419209658071,438.0074772763677,21.883366238662894,8.282742427576048,14.2,4760.149545527354,991.2837802032527,255.05447799566792,75.48419209658071,438.0074772763677,21.883366238662894,8.282742427576048,0.0,0.0,0.0,0.0,0.0,0.0,0.0,0.0,0.0,0.0,0.0,0.0,0.0,0.0,3,INJECTOR_DEGRADATION,0.0,2026-01-01T00:02:00+00:00,False
2026-01-01T00:01:06Z,ENG-DATASET-003,MSN-INJECTOR_DEGRADATION-003,CLIMB,2500.0,10.0,0.8076781263071803,0.6223218736928198,4753.4019437557,989.9393945185425,255.2975150590647,75.54474334488363,437.670097187785,21.84734286018601,7.8766343608920915,14.2,4753.4019437557,989.9393945185425,255.2975150590647,75.54474334488363,437.670097187785,21.84734286018601,7.8766343608920915,0.0,0.0,0.0,0.0,0.0,0.0,0.0,0.0,0.0,0.0,0.0,0.0,0.0,0.0,3,INJECTOR_DEGRADATION,0.0,2026-01-01T00:02:00+00:00,False
2026-01-01T00:01:07Z,ENG-DATASET-003,MSN-INJECTOR_DEGRADATION-003,CLIMB,2500.0,10.0,0.8060193817175902,0.6239806182824098,4744.278848512954,988.1227945882107,255.4708334178635,75.59955505407524,437.2139424256477,21.798663670771003,8.18146022560838,14.2,4744.278848512954,988.1227945882107,255.4708334178635,75.59955505407524,437.2139424256477,21.798663670771003,8.18146022560838,0.0,0.0,0.0,0.0,0.0,0.0,0.0,0.0,0.0,0.0,0.0,0.0,0.0,0.0,3,INJECTOR_DEGRADATION,0.0,2026-01-01T00:02:00+00:00,False
2026-01-01T00:01:08Z,ENG-DATASET-003,MSN-INJECTOR_DEGRADATION-003,CLIMB,2500.0,10.0,0.8039546133787048,0.6260453866212953,4732.922622649084,985.8632594220776,255.5703315616291,75.64804475822142,436.64613113245423,21.738110977698305,8.745812441773214,14.2,4732.922622649084,985.8632594220776,255.5703315616291,75.64804475822142,436.64613113245423,21.738110977698305,8.745812441773214,0.0,0.0,0.0,0.0,0.0,0.0,0.0,0.0,0.0,0.0,0.0,0.0,0.0,0.0,3,INJECTOR_DEGRADATION,0.0,2026-01-01T00:02:00+00:00,False
2026-01-01T00:01:09Z,ENG-DATASET-003,MSN-INJECTOR_DEGRADATION-003,CLIMB,2500.0,10.0,0.8015160413098724,0.6284839586901276,4719.510476270507,983.1971255219433,255.5932265435148,75.68971773006409,435.97552381352534,21.666655916680867,8.742870322701998,14.2,4719.510476270507,983.1971255219433,255.5932265435148,75.68971773006409,435.97552381352534,21.666655916680867,8.742870322701998,0.0,0.0,0.0,0.0,0.0,0.0,0.0,0.0,0.0,0.0,0.0,0.0,0.0,0.0,3,INJECTOR_DEGRADATION,0.0,2026-01-01T00:02:00+00:00,False
2026-01-01T00:01:10Z,ENG-DATASET-003,MSN-INJECTOR_DEGRADATION-003,CLIMB,2500.0,10.0,0.7987417186126258,0.6312582813873743,4704.25170143565,980.1671519101177,255.53808268691625,75.72417513763855,435.21258507178254,21.585441642903326,8.155251285240748,14.2,4704.25170143565,980.1671519101177,255.53808268691625,75.72417513763855,435.21258507178254,21.585441642903326,8.155251285240748,0.0,0.0,0.0,0.0,0.0,0.0,0.0,0.0,0.0,0.0,0.0,0.0,0.0,0.0,3,INJECTOR_DEGRADATION,0.0,2026-01-01T00:02:00+00:00,False
2026-01-01T00:01:11Z,ENG-DATASET-003,MSN-INJECTOR_DEGRADATION-003,CLIMB,2500.0,10.0,0.7956749376647593,0.6343250623352408,4687.384406222383,976.8217802448252,255.40481892434525,75.7511206870143,434.3692203111192,21.495763723503828,7.800251477679002,14.2,4687.384406222383,976.8217802448252,255.40481892434525,75.7511206870143,434.3692203111192,21.495763723503828,7.800251477679002,0.0,0.0,0.0,0.0,0.0,0.0,0.0,0.0,0.0,0.0,0.0,0.0,0.0,0.0,3,INJECTOR_DEGRADATION,0.0,2026-01-01T00:02:00+00:00,False
2026-01-01T00:01:12Z,ENG-DATASET-003,MSN-INJECTOR_DEGRADATION-003,CLIMB,2500.0,10.0,0.7923635545572527,0.6376364454427473,4669.171799131098,973.2143062018605,255.19469468695723,75.77036564820003,433.4585899565549,21.399048150303013,8.159308933681677,14.2,4669.171799131098,973.2143062018605,255.19469468695723,75.77036564820003,433.4585899565549,21.399048150303013,8.159308933681677,0.0,0.0,0.0,0.0,0.0,0.0,0.0,0.0,0.0,0.0,0.0,0.0,0.0,0.0,3,INJECTOR_DEGRADATION,0.0,2026-01-01T00:02:00+00:00,False
2026-01-01T00:01:13Z,ENG-DATASET-003,MSN-INJECTOR_DEGRADATION-003,CLIMB,2500.0,10.0,0.7888592423159781,0.6411407576840219,4649.898081804088,969.4019796538279,254.91027470960722,75.78183218645576,432.4949040902044,21.296827427923848,8.688682881279226,14.2,4649.898081804088,969.4019796538279,254.91027470960722,75.78183218645576,432.4949040902044,21.296827427923848,8.688682881279226,0.0,0.0,0.0,0.0,0.0,0.0,0.0,0.0,0.0,0.0,0.0,0.0,0.0,0.0,3,INJECTOR_DEGRADATION,0.0,2026-01-01T00:02:00+00:00,False
2026-01-01T00:01:14Z,ENG-DATASET-003,MSN-INJECTOR_DEGRADATION-003,CLIMB,2500.0,10.0,0.785216684561413,0.644783315438587,4629.86401415398,965.4450519594766,254.55537353763341,75.78555494767214,431.493200707699,21.19071521444504,8.598915547555555,14.2,4629.86401415398,965.4450519594766,254.55537353763341,75.78555494767214,431.493200707699,21.19071521444504,8.598915547555555,0.0,0.0,0.0,0.0,0.0,0.0,0.0,0.0,0.0,0.0,0.0,0.0,0.0,0.0,3,INJECTOR_DEGRADATION,0.0,2026-01-01T00:02:00+00:00,False
2026-01-01T00:01:15Z,ENG-DATASET-003,MSN-INJECTOR_DEGRADATION-003,CLIMB,2500.0,10.0,0.7814927221890324,0.6485072778109676,4609.382221105886,961.4057889011757,254.13498090639948,75.7816808736951,430.4691110552943,21.082379999712277,7.986353386154833,14.2,4609.382221105886,961.4057889011757,254.13498090639948,75.7816808736951,430.4691110552943,21.082379999712277,7.986353386154833,0.0,0.0,0.0,0.0,0.0,0.0,0.0,0.0,0.0,0.0,0.0,0.0,0.0,0.0,3,INJECTOR_DEGRADATION,0.0,2026-01-01T00:02:00+00:00,False
2026-01-01T00:01:16Z,ENG-DATASET-003,MSN-INJECTOR_DEGRADATION-003,CLIMB,2500.0,10.0,0.7777454663861457,0.6522545336138543,4588.77231419001,957.3474675194988,253.655169503747,75.77046725107137,429.4386157095005,20.97351830135617,7.695617283588573,14.2,4588.77231419001,957.3474675194988,253.655169503747,75.77046725107137,429.4386157095005,20.97351830135617,7.695617283588573,0.0,0.0,0.0,0.0,0.0,0.0,0.0,0.0,0.0,0.0,0.0,0.0,0.0,0.0,3,INJECTOR_DEGRADATION,0.0,2026-01-01T00:02:00+00:00,False
2026-01-01T00:01:17Z,ENG-DATASET-003,MSN-INJECTOR_DEGRADATION-003,CLIMB,2500.0,10.0,0.774033391826255,0.6559666081737451,4568.35590411061,953.3333743528949,253.12298691219468,75.75227802423281,428.4177952055305,20.865827841928695,8.110049472300291,14.2,4568.35590411061,953.3333743528949,253.12298691219468,75.75227802423281,428.4177952055305,20.865827841928695,8.110049472300291,0.0,0.0,0.0,0.0,0.0,0.0,0.0,0.0,0.0,0.0,0.0,0.0,0.0,0.0,3,INJECTOR_DEGRADATION,0.0,2026-01-01T00:02:00+00:00,False
2026-01-01T00:01:18Z,ENG-DATASET-003,MSN-INJECTOR_DEGRADATION-003,CLIMB,2500.0,10.0,0.7704144241913318,0.6595855758086683,4548.451582118531,949.4258214760491,252.54633375787643,75.72757843119794,427.4225791059266,20.76098114426256,8.603026348911051,14.2,4548.451582118531,949.4258214760491,252.54633375787643,75.72757843119794,427.4225791059266,20.76098114426256,8.603026348911051,0.0,0.0,0.0,0.0,0.0,0.0,0.0,0.0,0.0,0.0,0.0,0.0,0.0,0.0,3,INJECTOR_DEGRADATION,0.0,2026-01-01T00:02:00+00:00,False
2026-01-01T00:01:19Z,ENG-DATASET-003,MSN-INJECTOR_DEGRADATION-003,CLIMB,2500.0,10.0,0.766945036260924,0.663054963739076,4529.36994850129,945.6851953312844,251.9338302653709,75.69692804602366,426.4684974250645,20.6605999483217,8.436219869394993,14.2,4529.36994850129,945.6851953312844,251.9338302653709,75.69692804602366,426.4684974250645,20.6605999483217,8.436219869394993,0.0,0.0,0.0,0.0,0.0,0.0,0.0,0.0,0.0,0.0,0.0,0.0,0.0,0.0,3,INJECTOR_DEGRADATION,0.0,2026-01-01T00:02:00+00:00,False
2026-01-01T00:01:20Z,ENG-DATASET-003,MSN-INJECTOR_DEGRADATION-003,CLIMB,2500.0,10.0,0.7636793666733189,0.6663206333266811,4511.408765769462,942.1690517553878,251.2946735327185,75.66097233708113,425.5704382884731,20.566230813686996,7.817882306117515,14.2,4511.408765769462,942.1690517553878,251.2946735327185,75.66097233708113,425.5704382884731,20.566230813686996,7.817882306117515,0.0,0.0,0.0,0.0,0.0,0.0,0.0,0.0,0.0,0.0,0.0,0.0,0.0,0.0,3,INJECTOR_DEGRADATION,0.0,2026-01-01T00:02:00+00:00,False
2026-01-01T00:01:21Z,ENG-DATASET-003,MSN-INJECTOR_DEGRADATION-003,CLIMB,2500.0,10.0,0.7606683751101996,0.6693316248898005,4494.848312172305,938.9312689095193,250.63848790218464,75.62043287337006,424.74241560861526,20.479322229605323,7.604967781845201,14.2,4494.848312172305,938.9312689095193,250.63848790218464,75.62043287337006,424.74241560861526,20.479322229605323,7.604967781845201,0.0,0.0,0.0,0.0,0.0,0.0,0.0,0.0,0.0,0.0,0.0,0.0,0.0,0.0,3,INJECTOR_DEGRADATION,0.0,2026-01-01T00:02:00+00:00,False
2026-01-01T00:01:22Z,ENG-DATASET-003,MSN-INJECTOR_DEGRADATION-003,CLIMB,2500.0,10.0,0.7579590470878561,0.6720409529121438,4479.947008049416,936.0212681050282,249.97517081459188,75.57609633216275,423.99735040247083,20.401203511249797,8.075846317106675,14.2,4479.947008049416,936.0212681050282,249.97517081459188,75.57609633216275,423.99735040247083,20.401203511249797,8.075846317106675,0.0,0.0,0.0,0.0,0.0,0.0,0.0,0.0,0.0,0.0,0.0,0.0,0.0,0.0,3,INJECTOR_DEGRADATION,0.0,2026-01-01T00:02:00+00:00,False
2026-01-01T00:01:23Z,ENG-DATASET-003,MSN-INJECTOR_DEGRADATION-003,CLIMB,2500.0,10.0,0.7555936607639192,0.6744063392360808,4466.937383267764,933.4833108544037,249.31473650449277,75.52880247995586,423.3468691633882,20.333065718255064,8.531906022234311,14.2,4466.937383267764,933.4833108544037,249.31473650449277,75.52880247995586,423.3468691633882,20.333065718255064,8.531906022234311,0.0,0.0,0.0,0.0,0.0,0.0,0.0,0.0,0.0,0.0,0.0,0.0,0.0,0.0,3,INJECTOR_DEGRADATION,0.0,2026-01-01T00:02:00+00:00,False
2026-01-01T00:01:24Z,ENG-DATASET-003,MSN-INJECTOR_DEGRADATION-003,CLIMB,2500.0,10.0,0.7536091272008499,0.6763908727991501,4456.022448670883,931.3558789208262,248.66715982706415,75.4794313147111,422.80112243354415,20.27594479111507,8.298811770556853,14.2,4456.022448670883,931.3558789208262,248.66715982706415,75.4794313147111,422.80112243354415,20.27594479111507,8.298811770556853,0.0,0.0,0.0,0.0,0.0,0.0,0.0,0.0,0.0,0.0,0.0,0.0,0.0,0.0,3,INJECTOR_DEGRADATION,0.0,2026-01-01T00:02:00+00:00,False
2026-01-01T00:01:25Z,ENG-DATASET-003,MSN-INJECTOR_DEGRADATION-003,CLIMB,2500.0,10.0,0.7520364143811554,0.6779635856188446,4447.372528162563,929.6711427323843,248.04222241266734,75.42888957043675,422.3686264081282,20.23070706368879,7.6929356101773525,14.2,4447.372528162563,929.6711427323843,248.04222241266734,75.42888957043675,422.3686264081282,20.23070706368879,7.6929356101773525,0.0,0.0,0.0,0.0,0.0,0.0,0.0,0.0,0.0,0.0,0.0,0.0,0.0,0.0,3,INJECTOR_DEGRADATION,0.0,2026-01-01T00:02:00+00:00,False
2026-01-01T00:01:26Z,ENG-DATASET-003,MSN-INJECTOR_DEGRADATION-003,CLIMB,2500.0,10.0,0.7509000639623796,0.6790999360376204,4441.122600859295,928.4545222911829,247.44936322868017,75.37809679509581,422.05613004296475,20.198037276464404,7.568372514865902,14.2,4441.122600859295,928.4545222911829,247.44936322868017,75.37809679509581,422.05613004296475,20.198037276464404,7.568372514865902,0.0,0.0,0.0,0.0,0.0,0.0,0.0,0.0,0.0,0.0,0.0,0.0,0.0,0.0,3,INJECTOR_DEGRADATION,0.0,2026-01-01T00:02:00+00:00,False
2026-01-01T00:01:27Z,ENG-DATASET-003,MSN-INJECTOR_DEGRADATION-003,CLIMB,2500.0,10.0,0.7502178083127454,0.6797821916872546,4437.370194786308,927.724343649801,246.89753549705716,75.32797121946925,421.8685097393154,20.17842918559875,8.093516688164405,14.2,4437.370194786308,927.724343649801,246.89753549705716,75.32797121946925,421.8685097393154,20.17842918559875,8.093516688164405,0.0,0.0,0.0,0.0,0.0,0.0,0.0,0.0,0.0,0.0,0.0,0.0,0.0,0.0,3,INJECTOR_DEGRADATION,0.0,2026-01-01T00:02:00+00:00,False
2026-01-01T00:01:28Z,ENG-DATASET-003,MSN-INJECTOR_DEGRADATION-003,CLIMB,2500.0,10.0,0.7500002938034789,0.6799997061965212,4436.173864985341,927.4915931387659,246.39507177582058,75.27941563784921,421.8086932492671,20.17217883691375,8.509964342045599,14.2,4436.173864985341,927.4915931387659,246.39507177582058,75.27941563784921,421.8086932492671,20.17217883691375,8.509964342045599,0.0,0.0,0.0,0.0,0.0,0.0,0.0,0.0,0.0,0.0,0.0,0.0,0.0,0.0,3,INJECTOR_DEGRADATION,0.0,2026-01-01T00:02:00+00:00,False
2026-01-01T00:01:29Z,ENG-DATASET-003,MSN-INJECTOR_DEGRADATION-003,CLIMB,2500.0,10.0,0.7502509146757477,0.6797490853242524,4437.55227978282,927.7597707860083,245.94955886788873,75.23330352123853,421.87761398914097,20.179380551505044,8.21915461266387,14.2,4437.55227978282,927.7597707860083,245.94955886788873,75.23330352123853,421.87761398914097,20.179380551505044,8.21915461266387,0.0,0.0,0.0,0.0,0.0,0.0,0.0,0.0,0.0,0.0,0.0,0.0,0.0,0.0,3,INJECTOR_DEGRADATION,0.0,2026-01-01T00:02:00+00:00,False
2026-01-01T00:01:30Z,ENG-DATASET-003,MSN-INJECTOR_DEGRADATION-003,CRUISE,5000.0,10.0,0.5909657600746622,0.47903423992533783,3582.8642035314524,563.7394537572469,236.44808932503102,74.31260198976175,379.14321017657267,11.878529248194276,5.952013595339714,14.2,3582.8642035314524,563.7394537572469,236.44808932503102,74.31260198976175,379.14321017657267,11.878529248194276,5.952013595339714,0.0,0.0,0.0,0.0,0.0,0.0,0.0,0.0,0.0,0.0,0.0,0.0,0.0,0.0,3,INJECTOR_DEGRADATION,0.0,2026-01-01T00:02:00+00:00,False
2026-01-01T00:01:31Z,ENG-DATASET-003,MSN-INJECTOR_DEGRADATION-003,CRUISE,5000.0,10.0,0.5921336750768587,0.47786632492314135,3589.2877360435327,564.5943739196017,227.91813974051797,73.4306750445477,379.46438680217665,11.90235170004981,5.920553732081417,14.2,3589.2877360435327,564.5943739196017,227.91813974051797,73.4306750445477,379.46438680217665,11.90235170004981,5.920553732081417,0.0,0.0,0.0,0.0,0.0,0.0,0.0,0.0,0.0,0.0,0.0,0.0,0.0,0.0,3,INJECTOR_DEGRADATION,0.0,2026-01-01T00:02:00+00:00,False
2026-01-01T00:01:32Z,ENG-DATASET-003,MSN-INJECTOR_DEGRADATION-003,CRUISE,5000.0,10.0,0.5937364347593471,0.4762635652406529,3598.1029142972197,565.7682825702112,220.27053283072146,72.58669644327969,379.90514571486096,11.935060329305704,6.492261078589319,14.2,3598.1029142972197,565.7682825702112,220.27053283072146,72.58669644327969,379.90514571486096,11.935060329305704,6.492261078589319,0.0,0.0,0.0,0.0,0.0,0.0,0.0,0.0,0.0,0.0,0.0,0.0,0.0,0.0,3,INJECTOR_DEGRADATION,0.0,2026-01-01T00:02:00+00:00,False
2026-01-01T00:01:33Z,ENG-DATASET-003,MSN-INJECTOR_DEGRADATION-003,CRUISE,5000.0,10.0,0.5957490285933392,0.4742509714066608,3609.172180384176,567.243480737742,213.42456656609286,71.77983130911906,380.4586090192088,11.976159735538019,6.862259603856585,14.2,3609.172180384176,567.243480737742,213.42456656609286,71.77983130911906,380.4586090192088,11.976159735538019,6.862259603856585,0.0,0.0,0.0,0.0,0.0,0.0,0.0,0.0,0.0,0.0,0.0,0.0,0.0,0.0,3,INJECTOR_DEGRADATION,0.0,2026-01-01T00:02:00+00:00,False
2026-01-01T00:01:34Z,ENG-DATASET-003,MSN-INJECTOR_DEGRADATION-003,CRUISE,5000.0,10.0,0.598140050725185,0.4718599492748151,3622.3228021093273,568.9976756360809,207.3070518003856,71.00922581721126,381.11614010546634,12.025026192244459,6.518286364711737,14.2,3622.3228021093273,568.9976756360809,207.3070518003856,71.00922581721126,381.11614010546634,12.025026192244459,6.518286364711737,0.0,0.0,0.0,0.0,0.0,0.0,0.0,0.0,0.0,0.0,0.0,0.0,0.0,0.0,3,INJECTOR_DEGRADATION,0.0,2026-01-01T00:02:00+00:00,False
2026-01-01T00:01:35Z,ENG-DATASET-003,MSN-INJECTOR_DEGRADATION-003,CRUISE,5000.0,10.0,0.6008721900542148,0.46912780994578523,3637.3495684189916,571.0042839858888,201.85145371999425,70.27399811052815,381.8674784209496,12.08091630067472,5.974319988157346,14.2,3637.3495684189916,571.0042839858888,201.85145371999425,70.27399811052815,381.8674784209496,12.08091630067472,5.974319988157346,0.0,0.0,0.0,0.0,0.0,0.0,0.0,0.0,0.0,0.0,0.0,0.0,0.0,0.0,3,INJECTOR_DEGRADATION,0.0,2026-01-01T00:02:00+00:00,False
2026-01-01T00:01:36Z,ENG-DATASET-003,MSN-INJECTOR_DEGRADATION-003,CRUISE,5000.0,10.0,0.603902812459987,0.46609718754001306,3654.017991650739,573.2327982865478,196.99712830515853,69.57323054945533,382.700899582537,12.142977414175057,6.03388556561516,14.2,3654.017991650739,573.2327982865478,196.99712830515853,69.57323054945533,382.700899582537,12.142977414175057,6.03388556561516,0.0,0.0,0.0,0.0,0.0,0.0,0.0,0.0,0.0,0.0,0.0,0.0,0.0,0.0,3,INJECTOR_DEGRADATION,0.0,2026-01-01T00:02:00+00:00,False
2026-01-01T00:01:37Z,ENG-DATASET-003,MSN-INJECTOR_DEGRADATION-003,CRUISE,5000.0,10.0,0.6071846260934773,0.4628153739065227,3672.0679666349356,575.6492132602459,192.68864580614883,68.90596338021457,383.6033983317468,12.210259741534118,6.638486239758738,14.2,3672.0679666349356,575.6492132602459,192.68864580614883,68.90596338021457,383.6033983317468,12.210259741534118,6.638486239758738,0.0,0.0,0.0,0.0,0.0,0.0,0.0,0.0,0.0,0.0,0.0,0.0,0.0,0.0,3,INJECTOR_DEGRADATION,0.0,2026-01-01T00:02:00+00:00,False
2026-01-01T00:01:38Z,ENG-DATASET-003,MSN-INJECTOR_DEGRADATION-003,CRUISE,5000.0,10.0,0.6106664193505662,0.4593335806494338,3691.2178295489243,578.2165088382566,188.87519394649036,68.27118988650525,384.56089147744626,12.281730013731076,6.950991376969535,14.2,3691.2178295489243,578.2165088382566,188.87519394649036,68.27118988650525,384.56089147744626,12.281730013731076,6.950991376969535,0.0,0.0,0.0,0.0,0.0,0.0,0.0,0.0,0.0,0.0,0.0,0.0,0.0,0.0,3,INJECTOR_DEGRADATION,0.0,2026-01-01T00:02:00+00:00,False
2026-01-01T00:01:39Z,ENG-DATASET-003,MSN-INJECTOR_DEGRADATION-003,CRUISE,5000.0,10.0,0.6142938600119926,0.4557061399880074,3711.1687531867697,580.8951850847527,185.51005417896013,67.66785306698003,385.5584376593385,12.356286571852515,6.554519658990625,14.2,3711.1687531867697,580.8951850847527,185.51005417896013,67.66785306698003,385.5584376593385,12.356286571852515,6.554519658990625,0.0,0.0,0.0,0.0,0.0,0.0,0.0,0.0,0.0,0.0,0.0,0.0,0.0,0.0,3,INJECTOR_DEGRADATION,0.0,2026-01-01T00:02:00+00:00,False
2026-01-01T00:01:40Z,ENG-DATASET-003,MSN-INJECTOR_DEGRADATION-003,CRUISE,5000.0,10.0,0.618010343079464,0.45198965692053605,3731.6094100578625,583.6438433727773,182.55014484538356,67.0948438586816,386.58047050289315,12.432775705220891,6.049213583995083,14.2,3731.6094100578625,583.6438433727773,182.55014484538356,67.0948438586816,386.58047050289315,12.432775705220891,6.049213583995083,0.0,0.0,0.0,0.0,0.0,0.0,0.0,0.0,0.0,0.0,0.0,0.0,0.0,0.0,3,INJECTOR_DEGRADATION,0.0,2026-01-01T00:02:00+00:00,False
2026-01-01T00:01:41Z,ENG-DATASET-003,MSN-INJECTOR_DEGRADATION-003,CRUISE,5000.0,10.0,0.6217578740777223,0.4482421259222777,3752.2208305482827,586.4198069692779,179.95562553507716,66.5510009037122,387.61104152741416,12.510009038707059,6.191928602360414,14.2,3752.2208305482827,586.4198069692779,179.95562553507716,66.5510009037122,387.61104152741416,12.510009038707059,6.191928602360414,0.0,0.0,0.0,0.0,0.0,0.0,0.0,0.0,0.0,0.0,0.0,0.0,0.0,0.0,3,INJECTOR_DEGRADATION,0.0,2026-01-01T00:02:00+00:00,False
2026-01-01T00:01:42Z,ENG-DATASET-003,MSN-INJECTOR_DEGRADATION-003,CRUISE,5000.0,10.0,0.625477974038934,0.444522025961066,3772.6813803349473,589.179772991923,177.68955730636753,66.03511183354358,388.6340690167474,12.586781737795683,6.811391118887878,14.2,3772.6813803349473,589.179772991923,177.68955730636753,66.03511183354358,388.6340690167474,12.586781737795683,6.811391118887878,0.0,0.0,0.0,0.0,0.0,0.0,0.0,0.0,0.0,0.0,0.0,0.0,0.0,0.0,3,INJECTOR_DEGRADATION,0.0,2026-01-01T00:02:00+00:00,False
2026-01-01T00:01:43Z,ENG-DATASET-003,MSN-INJECTOR_DEGRADATION-003,CRUISE,5000.0,10.0,0.629112592047424,0.440887407952576,3792.6717793816424,591.8804865203663,175.71761373873994,65.54591602286254,389.6335889690821,12.661891270484082,7.053060068251948,14.2,3792.6717793816424,591.8804865203663,175.71761373873994,65.54591602286254,389.6335889690821,12.661891270484082,7.053060068251948,0.0,0.0,0.0,0.0,0.0,0.0,0.0,0.0,0.0,0.0,0.0,0.0,0.0,0.0,3,INJECTOR_DEGRADATION,0.0,2026-01-01T00:02:00+00:00,False
2026-01-01T00:01:44Z,ENG-DATASET-003,MSN-INJECTOR_DEGRADATION-003,CRUISE,5000.0,10.0,0.6326050111047993,0.4373949888952008,3811.880084197206,594.479426537162,174.007838028295,65.0821087430377,390.5940042098603,12.73415643795276,6.602892934165926,14.2,3811.880084197206,594.479426537162,174.007838028295,65.0821087430377,390.5940042098603,12.73415643795276,6.602892934165926,0.0,0.0,0.0,0.0,0.0,0.0,0.0,0.0,0.0,0.0,0.0,0.0,0.0,0.0,3,INJECTOR_DEGRADATION,0.0,2026-01-01T00:02:00+00:00,False
2026-01-01T00:01:45Z,ENG-DATASET-003,MSN-INJECTOR_DEGRADATION-003,CRUISE,5000.0,10.0,0.6359007331797392,0.43409926682026084,3830.0065556093755,596.9354924020394,172.53044153551647,64.64234662453075,391.50032778046875,12.802436362689212,6.13676448388657,14.2,3830.0065556093755,596.9354924020394,172.53044153551647,64.64234662453075,391.50032778046875,12.802436362689212,6.13676448388657,0.0,0.0,0.0,0.0,0.0,0.0,0.0,0.0,0.0,0.0,0.0,0.0,0.0,0.0,3,INJECTOR_DEGRADATION,0.0,2026-01-01T00:02:00+00:00,False
2026-01-01T00:01:46Z,ENG-DATASET-003,MSN-INJECTOR_DEGRADATION-003,CRUISE,5000.0,10.0,0.6389483296315471,0.4310516703684529,3846.7683360943197,599.2096787923452,171.25763935177346,64.22525431818376,392.33841680471596,12.865649104937392,6.35167478849862,14.2,3846.7683360943197,599.2096787923452,171.25763935177346,64.22525431818376,392.33841680471596,12.865649104937392,6.35167478849862,0.0,0.0,0.0,0.0,0.0,0.0,0.0,0.0,0.0,0.0,0.0,0.0,0.0,0.0,3,INJECTOR_DEGRADATION,0.0,2026-01-01T00:02:00+00:00,False
2026-01-01T00:01:47Z,ENG-DATASET-003,MSN-INJECTOR_DEGRADATION-003,CRUISE,5000.0,10.0,0.6417002437368877,0.42829975626311223,3861.9038636736927,601.2657265338997,170.1635185799436,63.82943222759955,393.0951931836846,12.922789567465053,6.966718719900248,14.2,3861.9038636736927,601.2657265338997,170.1635185799436,63.82943222759955,393.0951931836846,12.922789567465053,6.966718719900248,0.0,0.0,0.0,0.0,0.0,0.0,0.0,0.0,0.0,0.0,0.0,0.0,0.0,0.0,3,INJECTOR_DEGRADATION,0.0,2026-01-01T00:02:00+00:00,False
2026-01-01T00:01:48Z,ENG-DATASET-003,MSN-INJECTOR_DEGRADATION-003,CRUISE,5000.0,10.0,0.6441135327965486,0.42588646720345136,3875.176953501828,603.0707365548161,169.22393513581963,63.45346516907147,393.7588476750914,12.972946345989255,7.125110686592841,14.2,3875.176953501828,603.0707365548161,169.22393513581963,63.45346516907147,393.7588476750914,12.972946345989255,7.125110686592841,0.0,0.0,0.0,0.0,0.0,0.0,0.0,0.0,0.0,0.0,0.0,0.0,0.0,0.0,3,INJECTOR_DEGRADATION,0.0,2026-01-01T00:02:00+00:00,False
2026-01-01T00:01:49Z,ENG-DATASET-003,MSN-INJECTOR_DEGRADATION-003,CRUISE,5000.0,10.0,0.6461505382418992,0.42384946175810084,3886.380483451256,604.5957343630541,168.416434981314,63.0959318019601,394.3190241725628,13.015317189187574,6.621300139636488,14.2,3886.380483451256,604.5957343630541,168.416434981314,63.0959318019601,394.3190241725628,13.015317189187574,6.621300139636488,0.0,0.0,0.0,0.0,0.0,0.0,0.0,0.0,0.0,0.0,0.0,0.0,0.0,0.0,3,INJECTOR_DEGRADATION,0.0,2026-01-01T00:02:00+00:00,False
2026-01-01T00:01:50Z,ENG-DATASET-003,MSN-INJECTOR_DEGRADATION-003,CRUISE,5000.0,10.0,0.6477794732842588,0.4222205267157412,3895.339626184233,605.8161730043485,167.72019580829132,62.75541466127045,394.7669813092117,13.049222748682583,6.195125304258038,14.2,3895.339626184233,605.8161730043485,167.72019580829132,62.75541466127045,394.7669813092117,13.049222748682583,6.195125304258038,0.0,0.0,0.0,0.0,0.0,0.0,0.0,0.0,0.0,0.0,0.0,0.0,0.0,0.0,3,INJECTOR_DEGRADATION,0.0,2026-01-01T00:02:00+00:00,False
2026-01-01T00:01:51Z,ENG-DATASET-003,MSN-INJECTOR_DEGRADATION-003,CRUISE,5000.0,10.0,0.6489749189371029,0.42102508106289704,3901.914577274876,606.7123634100743,167.11598531271406,62.43051061562979,395.09572886374383,13.07411832590009,6.47158345926618,14.2,3901.914577274876,606.7123634100743,167.11598531271406,62.43051061562979,395.09572886374383,13.07411832590009,6.47158345926618,0.0,0.0,0.0,0.0,0.0,0.0,0.0,0.0,0.0,0.0,0.0,0.0,0.0,0.0,3,INJECTOR_DEGRADATION,0.0,2026-01-01T00:02:00+00:00,False
2026-01-01T00:01:52Z,ENG-DATASET-003,MSN-INJECTOR_DEGRADATION-003,CRUISE,5000.0,10.0,0.6497182206708461,0.4202817793291539,3906.002736810464,607.2698223836642,166.58613234103427,62.11984156803767,395.30013684052324,13.089603358950033,7.065187439291648,14.2,3906.002736810464,607.2698223836642,166.58613234103427,62.11984156803767,395.30013684052324,13.089603358950033,7.065187439291648,0.0,0.0,0.0,0.0,0.0,0.0,0.0,0.0,0.0,0.0,0.0,0.0,0.0,0.0,3,INJECTOR_DEGRADATION,0.0,2026-01-01T00:02:00+00:00,False
2026-01-01T00:01:53Z,ENG-DATASET-003,MSN-INJECTOR_DEGRADATION-003,CRUISE,5000.0,10.0,0.6499977795105369,0.4200022204894631,3907.5403104287634,607.4795301676111,166.11450736112113,61.822065213748715,395.3770155214382,13.09542843783358,7.132078484481086,14.2,3907.5403104287634,607.4795301676111,166.11450736112113,61.822065213748715,395.3770155214382,13.09542843783358,7.132078484481086,0.0,0.0,0.0,0.0,0.0,0.0,0.0,0.0,0.0,0.0,0.0,0.0,0.0,0.0,3,INJECTOR_DEGRADATION,0.0,2026-01-01T00:02:00+00:00,False
2026-01-01T00:01:54Z,ENG-DATASET-003,MSN-INJECTOR_DEGRADATION-003,CRUISE,5000.0,10.0,0.6498092330339829,0.42019076696601715,3906.503304807716,607.3380915290077,165.6865089132342,61.53588566950373,395.3251652403858,13.091499689020004,6.5788993915528575,14.2,3906.503304807716,607.3380915290077,165.6865089132342,61.53588566950373,395.3251652403858,13.091499689020004,6.5788993915528575,0.0,0.0,0.0,0.0,0.0,0.0,0.0,0.0,0.0,0.0,0.0,0.0,0.0,0.0,3,INJECTOR_DEGRADATION,0.0,2026-01-01T00:02:00+00:00,False
2026-01-01T00:01:55Z,ENG-DATASET-003,MSN-INJECTOR_DEGRADATION-003,CRUISE,5000.0,10.0,0.6491555234458896,0.4208444765541104,3902.907902073203,606.8477965305962,165.28905293517568,61.26006379104839,395.1453951036601,13.077880429012694,6.19650646710074,14.2,3902.907902073203,606.8477965305962,165.28905293517568,61.26006379104839,395.1453951036601,13.077880429012694,6.19650646710074,0.0,0.0,0.0,0.0,0.0,0.0,0.0,0.0,0.0,0.0,0.0,0.0,0.0,0.0,3,INJECTOR_DEGRADATION,0.0,2026-01-01T00:02:00+00:00,False
2026-01-01T00:01:56Z,ENG-DATASET-003,MSN-INJECTOR_DEGRADATION-003,CRUISE,5000.0,10.0,0.6480468516657405,0.4219531483342595,3896.810207282383,606.0165795329873,164.9105621299828,60.99342700143101,394.84051036411915,13.054790048842507,6.52695502924326,14.2,3896.810207282383,606.0165795329873,164.9105621299828,60.99342700143101,394.84051036411915,13.054790048842507,6.52695502924326,0.0,0.0,0.0,0.0,0.0,0.0,0.0,0.0,0.0,0.0,0.0,0.0,0.0,0.0,3,INJECTOR_DEGRADATION,0.0,2026-01-01T00:02:00+00:00,False
2026-01-01T00:01:57Z,ENG-DATASET-003,MSN-INJECTOR_DEGRADATION-003,CRUISE,5000.0,10.0,0.6465005181458598,0.42349948185414016,3888.3053729230396,604.8578774096843,164.5409528522266,60.73487846086519,394.41526864615196,13.022600155177543,7.087000310163078,14.2,3888.3053729230396,604.8578774096843,164.5409528522266,60.73487846086519,394.41526864615196,13.022600155177543,7.087000310163078,0.0,0.0,0.0,0.0,0.0,0.0,0.0,0.0,0.0,0.0,0.0,0.0,0.0,0.0,3,INJECTOR_DEGRADATION,0.0,2026-01-01T00:02:00+00:00,False
2026-01-01T00:01:58Z,ENG-DATASET-003,MSN-INJECTOR_DEGRADATION-003,CRUISE,5000.0,10.0,0.6445406529036408,0.4254593470963592,3877.526114090835,603.3903903538206,164.17161732584947,60.48340541985164,393.8763057045418,12.98182805652183,7.060583682640226,14.2,3877.526114090835,603.3903903538206,164.17161732584947,60.48340541985164,393.8763057045418,12.98182805652183,7.060583682640226,0.0,0.0,0.0,0.0,0.0,0.0,0.0,0.0,0.0,0.0,0.0,0.0,0.0,0.0,3,INJECTOR_DEGRADATION,0.0,2026-01-01T00:02:00+00:00,False
2026-01-01T00:01:59Z,ENG-DATASET-003,MSN-INJECTOR_DEGRADATION-003,CRUISE,5000.0,10.0,0.6421978389806943,0.4278021610193057,3864.6406375146294,601.6377509205679,163.79539936627873,60.238086610607056,393.2320318757315,12.933127742452623,6.468193679334103,14.2,3864.6406375146294,601.6377509205679,163.79539936627873,60.238086610607056,393.2320318757315,12.933127742452623,6.468193679334103,0.0,0.0,0.0,0.0,0.0,0.0,0.0,0.0,0.0,0.0,0.0,0.0,0.0,0.0,3,INJECTOR_DEGRADATION,0.0,2026-01-01T00:02:00+00:00,False
2026-01-01T00:02:00Z,ENG-DATASET-003,MSN-INJECTOR_DEGRADATION-003,CRUISE,5000.0,10.0,0.6395086352047135,0.4304913647952865,3849.850016746735,599.628108996413,163.4065621545612,59.99809854743896,392.49250083733676,12.8772785578714,6.137783435993401,14.2,3849.850016746735,599.628108996413,163.4065621545612,59.99809854743896,392.49250083733676,12.8772785578714,6.137783435993401,0.0,0.0,0.0,0.0,0.0,0.0,0.0,0.0,0.0,0.0,0.0,0.0,0.0,0.0,3,INJECTOR_DEGRADATION,0.0,2026-01-01T00:02:00+00:00,False
2026-01-01T00:02:01Z,ENG-DATASET-003,MSN-INJECTOR_DEGRADATION-003,CRUISE,5000.0,10.0,0.6365150057011951,0.43348499429880494,3832.7647077523584,598.1899620850951,163.2007469926914,59.76272062429172,391.6692527238692,12.841870095619933,6.518906202186331,14.2,3833.3850544773836,597.393642143454,163.0007469926914,59.76272062429172,391.6692527238692,12.815171820992864,6.518906202186331,-0.6203467250252288,0.7963199416410589,0.19999999999998863,0.0,0.0,0.026698274627069196,0.0,-0.0001618273969896829,0.0013329903190530375,0.0012269882420168062,0.0,0.0,0.00208333333333339,0.0,3,INJECTOR_DEGRADATION,0.008333333333333333,2026-01-01T00:02:00+00:00,True
2026-01-01T00:02:02Z,ENG-DATASET-003,MSN-INJECTOR_DEGRADATION-003,CRUISE,5000.0,10.0,0.6332636650572961,0.4367363349427038,3814.1345019681708,596.4351565436198,162.97492234787362,59.5313389169972,390.7751340467969,12.800911487158823,7.039023020071876,14.2,3815.5026809359383,594.9700021780538,162.5749223478736,59.5313389169972,390.7751340467969,12.747795671859409,7.039023020071876,-1.3681789677675624,1.4651543655659225,0.4000000000000057,0.0,0.0,0.05311581529941378,0.0,-0.00035858419772671993,0.0024625684659769667,0.0024604040661578546,0.0,0.0,0.004166666666666634,0.0,3,INJECTOR_DEGRADATION,0.016666666666666666,2026-01-01T00:02:00+00:00,True
2026-01-01T00:02:03Z,ENG-DATASET-003,MSN-INJECTOR_DEGRADATION-003,CRUISE,5000.0,10.0,0.6298053493563258,0.44019465064367425,3794.270153193774,594.433918485948,162.72732285990566,59.303448618492844,389.82409722903014,12.755444832033902,6.924179072775254,14.2,3796.4819445806024,592.3957098727763,162.12732285990566,59.303448618492844,389.82409722903014,12.676218466617541,6.924179072775254,-2.2117913868282812,2.0382086131717188,0.5999999999999943,0.0,0.0,0.07922636541636052,0.0,-0.0005825897288898124,0.0034406201449525137,0.003700795087564943,0.0,0.0,0.00625000000000007,0.0,3,INJECTOR_DEGRADATION,0.025,2026-01-01T00:02:00+00:00,True
2026-01-01T00:02:04Z,ENG-DATASET-003,MSN-INJECTOR_DEGRADATION-003,CRUISE,5000.0,10.0,0.6261940244581339,0.4438059755418661,3773.629198295588,592.387717625283,162.4573783315045,59.078655057098345,388.83098288202734,12.706584143303937,6.308279242468856,14.2,3776.619657640547,589.7115103035754,161.65737833150447,59.078655057098345,388.83098288202734,12.601571051210517,6.308279242468856,-2.9904593449587082,2.6762073217075795,0.8000000000000114,0.0,0.0,0.10501309209342047,0.0,-0.0007918349254229656,0.00453816361890224,0.004948737931153892,0.0,0.0,0.008333333333333293,0.0,3,INJECTOR_DEGRADATION,0.03333333333333333,2026-01-01T00:02:00+00:00,True
2026-01-01T00:02:05Z,ENG-DATASET-003,MSN-INJECTOR_DEGRADATION-003,CRUISE,5000.0,10.0,0.6224860438799179,0.44751395612008205,3752.68144544323,590.4987159224698,162.16563303851066,58.856673270529264,387.811288223018,12.655497300954478,6.041723808151269,14.2,3756.225764460359,586.9597016062655,161.16563303851066,58.856673270529264,387.811288223018,12.52502825661474,6.041723808151269,-3.5443190171290553,3.539014316204316,1.0,0.0,0.0,0.13046904433973694,0.0,-0.0009435851941232431,0.006029399133397915,0.00620479677426669,0.0,0.0,0.010416666666666671,0.0,3,INJECTOR_DEGRADATION,0.041666666666666664,2026-01-01T00:02:00+00:00,True
2026-01-01T00:02:06Z,ENG-DATASET-003,MSN-INJECTOR_DEGRADATION-003,CRUISE,5000.0,10.0,0.6187392694184348,0.45126073058156524,3731.7514056000964,588.8163504595949,161.8536559792021,58.63732613132048,386.7809252461101,12.603387331285122,6.473559796799342,14.2,3735.6185049222017,584.1834497817003,160.6536559792021,58.63732613132048,386.7809252461101,12.447789956824812,6.473559796799342,-3.8670993221053322,4.632900677894554,1.1999999999999886,0.0,0.0,0.15559737446031008,0.0,-0.0010351965322502514,0.007930557908865429,0.007469484542295994,0.0,0.0,0.012499999999999995,0.0,3,INJECTOR_DEGRADATION,0.05,2026-01-01T00:02:00+00:00,True
2026-01-01T00:02:07Z,ENG-DATASET-003,MSN-INJECTOR_DEGRADATION-003,CRUISE,5000.0,10.0,0.6150121682360147,0.45498783176398533,3710.964211562126,587.18753154816,161.52394292473838,58.42054104237601,385.75597242094454,12.551473342565778,6.951922278618402,14.2,3715.1194484188914,581.4261017382588,160.12394292473837,58.42054104237601,385.75597242094454,12.371062021420068,6.951922278618402,-4.155236856765441,5.761429809901188,1.4000000000000057,0.0,0.0,0.18041132114571035,0.0,-0.0011184665565824158,0.009909135129428393,0.00874322711787103,0.0,0.0,0.014583333333333417,0.0,3,INJECTOR_DEGRADATION,0.058333333333333334,2026-01-01T00:02:00+00:00,True
2026-01-01T00:02:08Z,ENG-DATASET-003,MSN-INJECTOR_DEGRADATION-003,CRUISE,5000.0,10.0,0.611362900500048,0.45863709949995196,3690.3523795308383,585.3677450288134,161.17981133315746,58.20634524409604,384.75242379355376,12.500971435939134,6.7584631911446795,14.2,3695.048475871075,578.7305080357166,159.57981133315747,58.20634524409604,384.75242379355376,12.296037477972918,6.7584631911446795,-4.696096340236636,6.637236993096735,1.5999999999999943,0.0,0.0,0.20493395796621527,0.0,-0.0012709160301691504,0.01146861432210364,0.01002633094144752,0.0,0.0,0.016666666666666663,0.0,3,INJECTOR_DEGRADATION,0.06666666666666667,2026-01-01T00:02:00+00:00,True
2026-01-01T00:02:09Z,ENG-DATASET-003,MSN-INJECTOR_DEGRADATION-003,CRUISE,5000.0,10.0,0.6078484118130254,0.46215158818697455,3670.060161878923,583.2297396435779,160.82528934626936,57.994859796602235,383.78593940462247,12.453075893064993,6.138026208307127,14.2,3675.71878809245,576.138365857105,159.02528934626935,57.994859796602235,383.78593940462247,12.22387817724171,6.138026208307127,-5.658626213526986,7.0913737864729,1.8000000000000114,0.0,0.0,0.22919771582328252,0.0,-0.001539461133930647,0.012308456104851238,0.011318954409072662,0.0,0.0,0.018750000000000037,0.0,3,INJECTOR_DEGRADATION,0.075,2026-01-01T00:02:00+00:00,True
2026-01-01T00:02:10Z,ENG-DATASET-003,MSN-INJECTOR_DEGRADATION-003,CRUISE,5000.0,10.0,0.6045235445954568,0.4654764554045433,3650.497333059854,580.9215729797978,160.4650002028699,57.78629232164556,382.87160091979115,12.408940919823667,5.9483695256052656,14.2,3657.4320183958225,573.6895916491,158.4650002028699,57.78629232164556,382.87160091979115,12.155697227582369,5.9483695256052656,-6.934685335968425,7.231981330697863,2.0,0.0,0.0,0.2532436922412984,0.0,-0.0018960531053178755,0.012606087744958323,0.012621083503862443,0.0,0.0,0.020833333333333256,0.0,3,INJECTOR_DEGRADATION,0.08333333333333333,2026-01-01T00:02:00+00:00,True
2026-01-01T00:02:11Z,ENG-DATASET-003,MSN-INJECTOR_DEGRADATION-003,CRUISE,5000.0,10.0,0.6014401822882414,0.46855981771175864,3632.3121508535996,578.8436901815857,160.10404347510266,57.580928608508465,382.0236762853069,12.36966320001997,6.43176232028938,14.2,3640.4735257061375,571.4217317007898,157.90404347510267,57.580928608508465,382.0236762853069,12.092542435864736,6.43176232028938,-8.161374852537847,7.421958480795865,2.1999999999999886,0.0,0.0,0.27712076415523335,0.0,-0.002241844308139776,0.012988582808541455,0.01393251212307854,0.0,0.0,0.02291666666666665,0.0,3,INJECTOR_DEGRADATION,0.09166666666666666,2026-01-01T00:02:00+00:00,True
2026-01-01T00:02:12Z,ENG-DATASET-003,MSN-INJECTOR_DEGRADATION-003,CRUISE,5000.0,10.0,0.5986464397289263,0.4713535602710737,3616.1708685813273,577.4323446863923,159.74787457096664,57.379123206298,381.2553970814953,12.336265485895847,6.86835112117326,14.2,3625.107941629905,569.3694177349699,157.34787457096664,57.379123206298,381.2553970814953,12.035380961849608,6.86835112117326,-8.937073048577531,8.062926951422355,2.4000000000000057,0.0,0.0,0.3008845240462392,0.0,-0.002465326051659384,0.014161152145293981,0.015252827574214,0.0,0.0,0.024999999999999918,0.0,3,INJECTOR_DEGRADATION,0.1,2026-01-01T00:02:00+00:00,True
2026-01-01T00:02:13Z,ENG-DATASET-003,MSN-INJECTOR_DEGRADATION-003,CRUISE,5000.0,10.0,0.5961859123357582,0.47381408766424177,3602.472427816643,576.8779269336258,159.4021839493149,57.181289141187335,380.57875204837404,12.309681424668018,6.607902471676692,14.2,3611.5750409674806,567.5638734177968,156.8021839493149,57.181289141187335,380.57875204837404,11.985085362759936,6.607902471676692,-9.102613150837442,9.31405351582896,2.5999999999999943,0.0,0.0,0.3245960619080819,0.0,-0.002520399838736011,0.016410582054387862,0.016581401703183066,0.0,0.0,0.02708333333333336,0.0,3,INJECTOR_DEGRADATION,0.10833333333333334,2026-01-01T00:02:00+00:00,True
2026-01-01T00:02:14Z,ENG-DATASET-003,MSN-INJECTOR_DEGRADATION-003,CRUISE,5000.0,10.0,0.5940969958157628,0.4759030041842372,3591.1917377770815,576.9715475971784,159.07277746924015,56.98788691114777,380.0043000053753,12.290741793352177,6.001762667534564,14.2,3600.0860001075057,566.032476594269,156.27277746924014,56.98788691114777,380.0043000053753,11.942421175726814,6.001762667534564,-8.894262330424226,10.939071002909373,2.8000000000000114,0.0,0.0,0.3483206176253635,0.0,-0.0024705694058860333,0.01932587166858003,0.017917388078362833,0.0,0.0,0.029166666666666504,0.0,3,INJECTOR_DEGRADATION,0.11666666666666667,2026-01-01T00:02:00+00:00,True
2026-01-01T00:02:15Z,ENG-DATASET-003,MSN-INJECTOR_DEGRADATION-003,CRUISE,5000.0,10.0,0.5924122870125784,0.4775877129874216,3581.978624821764,577.2069041917221,158.76545924881486,56.79941292230448,379.5410050844996,12.280162288664307,5.899832540541915,14.2,3590.8201016899916,564.7983810599499,155.76545924881486,56.79941292230448,379.5410050844996,11.908036158704784,5.899832540541915,-8.8414768682278,12.4085231317722,3.0,0.0,0.0,0.37212612995952377,0.0,-0.0024622444505272285,0.021969827725931656,0.01925972558016148,0.0,0.0,0.03124999999999994,0.0,3,INJECTOR_DEGRADATION,0.125,2026-01-01T00:02:00+00:00,True
2026-01-01T00:02:16Z,ENG-DATASET-003,MSN-INJECTOR_DEGRADATION-003,CRUISE,5000.0,10.0,0.5911580752436133,0.4788419247563867,3574.4753966516446,577.1003271605614,158.4859183440067,56.61638754006665,379.19609684803413,12.278532995374398,6.433223949965737,14.2,3583.921936960683,563.8802008029332,155.28591834400672,56.61638754006665,379.19609684803413,11.88245128584619,6.433223949965737,-9.446540309038483,13.220126357628146,3.1999999999999886,0.0,0.0,0.3960817095282074,0.0,-0.0026358108449899853,0.023444920284137374,0.020607148633471007,0.0,0.0,0.03333333333333342,0.0,3,INJECTOR_DEGRADATION,0.13333333333333333,2026-01-01T00:02:00+00:00,True
2026-01-01T00:02:17Z,ENG-DATASET-003,MSN-INJECTOR_DEGRADATION-003,CRUISE,5000.0,10.0,0.5903539320640401,0.4796460679359599,3568.659222473695,576.5351652356484,158.23962048214733,56.43934293448571,378.97495747365156,12.286309635419768,6.826651853517824,14.2,3579.4991494730307,563.2917589016506,154.83962048214732,56.43934293448571,378.97495747365156,11.866053571431566,6.826651853517824,-10.839926999335603,13.243406333997768,3.4000000000000057,0.0,0.0,0.4202560639882016,0.0,-0.003028336241099944,0.023510740437283826,0.021958204169016407,0.0,0.0,0.035416666666666693,0.0,3,INJECTOR_DEGRADATION,0.14166666666666666,2026-01-01T00:02:00+00:00,True
2026-01-01T00:02:18Z,ENG-DATASET-003,MSN-INJECTOR_DEGRADATION-003,CRUISE,5000.0,10.0,0.5900124058592234,0.4799875941407765,3564.9760744953783,575.89722178852,158.0317059999246,56.26881090278664,378.881037767327,12.30380668137967,6.509339632292255,14.2,3577.620755346539,563.0419026396809,154.43170599992462,56.26881090278664,378.881037767327,11.859090777233417,6.509339632292255,-12.644680851160956,12.855319148839158,3.5999999999999943,0.0,0.0,0.4447159041462534,0.0,-0.0035343826849909233,0.022831904852143713,0.023311275211851584,0.0,0.0,0.03750000000000002,0.0,3,INJECTOR_DEGRADATION,0.15,2026-01-01T00:02:00+00:00,True
2026-01-01T00:02:19Z,ENG-DATASET-003,MSN-INJECTOR_DEGRADATION-003,CRUISE,5000.0,10.0,0.5901388260313631,0.4798611739686368,3564.149732598262,575.8847188558782,157.8668950470386,56.10531085264244,378.91580331466537,12.331192401339734,5.932867979520279,14.2,3578.316066293308,563.1343858842575,154.0668950470386,56.10531085264244,378.91580331466537,11.861668041368883,5.932867979520279,-14.166333695045978,12.75033297162065,3.8000000000000114,0.0,0.0,0.4695243599708512,0.0,-0.003958938627162845,0.022641723345662043,0.02466461077728491,0.0,0.0,0.0395833333333333,0.0,3,INJECTOR_DEGRADATION,0.15833333333333333,2026-01-01T00:02:00+00:00,True
2026-01-01T00:02:20Z,ENG-DATASET-003,MSN-INJECTOR_DEGRADATION-003,CRUISE,5000.0,10.0,0.5907312198359552,0.4792687801640447,3566.757572877952,577.0844933407999,157.74940102603668,55.94933812751166,379.07871161092817,12.36848588728483,5.924253447699702,14.2,3581.574232218564,563.5678193480779,153.74940102603668,55.94933812751166,379.07871161092817,11.873746451793437,5.924253447699702,-14.81665934061175,13.516673992721962,4.0,0.0,0.0,0.4947394354913932,0.0,-0.0041369125362044346,0.023984112521466778,0.02601636151624825,0.0,0.0,0.041666666666666664,0.0,3,INJECTOR_DEGRADATION,0.16666666666666666,2026-01-01T00:02:00+00:00,True
2026-01-01T00:02:21Z,ENG-DATASET-003,MSN-INJECTOR_DEGRADATION-003,CRUISE,5000.0,10.0,0.5917803431658103,0.47821965683418965,3572.8317065673627,579.572985020068,157.6828531480698,55.801352850269204,379.36722052663833,12.415556105337,6.501084516997396,14.2,3587.344410532767,564.3356889854723,153.4828531480698,55.801352850269204,379.36722052663833,11.89514357397557,6.501084516997396,-14.512703965404398,15.237296034595715,4.199999999999989,0.0,0.0,0.5204125313614298,0.0,-0.00404552847582568,0.0270004118683126,0.02736462030679163,0.0,0.0,0.043749999999999886,0.0,3,INJECTOR_DEGRADATION,0.175,2026-01-01T00:02:00+00:00,True
2026-01-01T00:02:22Z,ENG-DATASET-003,MSN-INJECTOR_DEGRADATION-003,CRUISE,5000.0,10.0,0.5932698248022544,0.47673017519774563,3581.753123432898,582.8096729971934,157.67022889403378,55.661769453510516,379.77682797666046,12.472122992664998,6.846241136137502,14.2,3595.5365595332096,565.4264424308384,153.27022889403378,55.661769453510516,379.77682797666046,11.925535929241432,6.846241136137502,-13.78343610031152,17.383230566354996,4.400000000000006,0.0,0.0,0.5465870634235657,0.0,-0.0038334851758817755,0.030743575577439095,0.028707466751694014,0.0,0.0,0.04583333333333334,0.0,3,INJECTOR_DEGRADATION,0.18333333333333332,2026-01-01T00:02:00+00:00,True
2026-01-01T00:02:23Z,ENG-DATASET-003,MSN-INJECTOR_DEGRADATION-003,CRUISE,5000.0,10.0,0.5951764218825207,0.4748235781174793,3592.5376895298355,585.9218224231552,157.71379708049693,55.53094705442262,380.30114217373375,12.53776061193851,6.47841771102532,14.2,3606.0228434746746,566.823643034661,153.11379708049694,55.53094705442262,380.30114217373375,11.964463407018856,6.47841771102532,-13.485153944839112,19.098179388494145,4.599999999999994,0.0,0.0,0.573297204919653,0.0,-0.0037396196669251132,0.033693335878239465,0.030043014331240337,0.0,0.0,0.04791666666666662,0.0,3,INJECTOR_DEGRADATION,0.19166666666666665,2026-01-01T00:02:00+00:00,True
2026-01-01T00:02:24Z,ENG-DATASET-003,MSN-INJECTOR_DEGRADATION-003,CRUISE,5000.0,10.0,0.5974703825968497,0.4725296174031503,3604.3633497163205,588.2299129690247,157.81507213885195,55.40918081915545,380.9319813701742,12.611902358985795,5.941472044631434,14.2,3618.6396274034837,568.506190656188,153.01507213885193,55.40918081915545,380.9319813701742,12.01133557998647,5.941472044631434,-14.276277687163201,19.723722312836685,4.800000000000011,0.0,0.0,0.6005667789993243,0.0,-0.0039452057007972885,0.034693944651809215,0.03136945879190451,0.0,0.0,0.050000000000000065,0.0,3,INJECTOR_DEGRADATION,0.2,2026-01-01T00:02:00+00:00,True
2026-01-01T00:02:25Z,ENG-DATASET-003,MSN-INJECTOR_DEGRADATION-003,CRUISE,5000.0,10.0,0.6001159104555293,0.46988408954447075,3617.0164085290635,589.6916524703045,157.97478012248664,55.29669444639677,381.6595015313111,12.693848202100815,6.0249900143335156,14.2,3633.190030626221,570.4486079007955,152.97478012248664,55.29669444639677,381.6595015313111,12.065439875264142,6.0249900143335156,-16.173622097157477,19.243044569508925,5.0,0.0,0.0,0.6284083268366736,0.0,-0.004451631200355841,0.03373317824426247,0.03268512624104777,0.0,0.0,0.052083333333333294,0.0,3,INJECTOR_DEGRADATION,0.20833333333333334,2026-01-01T00:02:00+00:00,True
2026-01-01T00:02:26Z,ENG-DATASET-003,MSN-INJECTOR_DEGRADATION-003,CRUISE,5000.0,10.0,0.6030717228811443,0.46692827711885565,3630.9607953107993,590.9685195955846,158.19283685820187,55.19363388259113,382.47234994835526,12.782773911617507,6.632748089798129,14.2,3649.4469989671043,572.6213899185561,152.99283685820188,55.19363388259113,382.47234994835526,12.12595153671226,6.632748089798129,-18.48620365630495,18.34712967702842,5.199999999999989,0.0,0.0,0.6568223749052482,0.0,-0.005065480786962262,0.03204059436137712,0.033988519376364636,0.0,0.0,0.05416666666666673,0.0,3,INJECTOR_DEGRADATION,0.21666666666666667,2026-01-01T00:02:00+00:00,True
2026-01-01T00:02:27Z,ENG-DATASET-003,MSN-INJECTOR_DEGRADATION-003,CRUISE,5000.0,10.0,0.6062916954093903,0.4637083045906097,3646.9561491832656,593.0407165011019,158.46833855213902,55.100062362218125,383.35784239362283,12.877742215482693,6.920204812696897,14.2,3667.1568478724566,574.9914151902931,153.068338552139,55.100062362218125,383.35784239362283,12.19194529276468,6.920204812696897,-20.200698689191086,18.0493013108088,5.400000000000006,0.0,0.0,0.6857969227180121,0.0,-0.005508545046528554,0.03139055790047821,0.035278360313296446,0.0,0.0,0.0562499999999999,0.0,3,INJECTOR_DEGRADATION,0.225,2026-01-01T00:02:00+00:00,True
2026-01-01T00:02:28Z,ENG-DATASET-003,MSN-INJECTOR_DEGRADATION-003,CRUISE,5000.0,10.0,0.6097255814459116,0.4602744185540884,3665.4380505305867,596.5839100336236,158.79956504466745,55.015956846054245,384.30216105366617,12.977715790401035,6.504046251551588,14.2,3686.043221073324,577.5224139096943,153.19956504466745,55.015956846054245,384.30216105366617,12.262408620851371,6.504046251551588,-20.60517054273714,19.061496123929373,5.599999999999994,0.0,0.0,0.7153071695496642,0.0,-0.005590051257385204,0.03300563868142782,0.03655362858482814,0.0,0.0,0.05833333333333341,0.0,3,INJECTOR_DEGRADATION,0.23333333333333334,2026-01-01T00:02:00+00:00,True
2026-01-01T00:02:29Z,ENG-DATASET-003,MSN-INJECTOR_DEGRADATION-003,CRUISE,5000.0,10.0,0.6133197963476013,0.4566802036523988,3686.0441766033314,601.4915965308985,159.183995780872,54.9412059087064,385.29057015163085,13.081571968748454,6.0109055109606055,14.2,3705.8114030326174,580.1754896268511,153.383995780872,54.9412059087064,385.29057015163085,12.33625647347595,6.0109055109606055,-19.767226429285984,21.316106904047388,5.800000000000011,0.0,0.0,0.7453154952725036,0.0,-0.005334115603700083,0.03674079185550767,0.037813593070596674,0.0,0.0,0.06041666666666653,0.0,3,INJECTOR_DEGRADATION,0.24166666666666667,2026-01-01T00:02:00+00:00,True
2026-01-01T00:02:30Z,ENG-DATASET-003,MSN-INJECTOR_DEGRADATION-003,CRUISE,5000.0,10.0,0.6170182535930345,0.4529817464069655,3707.604445843031,606.8612167241986,159.6183384218765,54.87560910426153,386.307645894125,13.188119009207437,6.179126171508674,14.2,3726.1529178825003,582.9096887636678,153.6183384218765,54.87560910426153,386.307645894125,12.41234730278347,6.179126171508674,-18.54847203946929,23.951527960530825,6.0,0.0,0.0,0.7757717064239671,0.0,-0.004977914875809773,0.04108960345354908,0.039057836854883926,0.0,0.0,0.06250000000000001,0.0,3,INJECTOR_DEGRADATION,0.25,2026-01-01T00:02:00+00:00,True
2026-01-01T00:02:31Z,ENG-DATASET-003,MSN-INJECTOR_DEGRADATION-003,CRUISE,5000.0,10.0,0.6207632399938777,0.44923676000612234,3728.6374910006207,611.4864260509644,160.0985698664592,54.818877815995855,387.3375171543569,13.29611374463229,6.80045869484923,14.2,3746.7503430871375,585.6826114708145,153.8985698664592,54.818877815995855,387.3375171543569,12.489500190652642,6.80045869484923,-18.112852086516796,25.803814580149833,6.199999999999989,0.0,0.0,0.8066135539796484,0.0,-0.004834283159521298,0.044057675735581704,0.04028627429988368,0.0,0.0,0.06458333333333323,0.0,3,INJECTOR_DEGRADATION,0.2583333333333333,2026-01-01T00:02:00+00:00,True
2026-01-01T00:02:32Z,ENG-DATASET-003,MSN-INJECTOR_DEGRADATION-003,CRUISE,5000.0,10.0,0.6244963162898886,0.44550368371011145,3748.073943347238,614.5760700722229,160.6199892824845,54.77063757308749,388.3641131357599,13.404280384980275,7.017903314038097,14.2,3767.2822627151977,588.4510561068489,154.2199892824845,54.77063757308749,388.3641131357599,12.566512860919008,7.017903314038097,-19.208319367959575,26.125013965374023,6.400000000000006,0.0,0.0,0.8377675240612668,0.0,-0.0050987205174574685,0.044396239405559555,0.04149915993235569,0.0,0.0,0.06666666666666662,0.0,3,INJECTOR_DEGRADATION,0.26666666666666666,2026-01-01T00:02:00+00:00,True
2026-01-01T00:02:33Z,ENG-DATASET-003,MSN-INJECTOR_DEGRADATION-003,CRUISE,5000.0,10.0,0.6281592290740277,0.44184077092597235,3765.7632611590457,616.2566665619747,161.1772825650083,54.7304317945357,389.3714141513981,13.511330217503156,6.552995135138503,14.2,3787.428283027962,591.1716884308911,154.57728256500832,54.7304317945357,389.3714141513981,12.642180320470787,6.552995135138503,-21.665021868916483,25.08497813108363,6.599999999999994,0.0,0.0,0.8691498970323686,0.0,-0.005720246101028689,0.042432644563316406,0.042697089057858996,0.0,0.0,0.06875000000000016,0.0,3,INJECTOR_DEGRADATION,0.275,2026-01-01T00:02:00+00:00,True
2026-01-01T00:02:34Z,ENG-DATASET-003,MSN-INJECTOR_DEGRADATION-003,CRUISE,5000.0,10.0,0.6316948198173914,0.43830518018260867,3782.4304454684325,617.524805486111,161.76459744519437,54.69772689836491,390.3437016058232,13.615981912283862,6.104238071744078,14.2,3806.874032116463,593.8017254674749,154.96459744519436,54.69772689836491,390.3437016058232,12.715313848047186,6.104238071744078,-24.443586648030305,23.723080018636097,6.800000000000011,0.0,0.0,0.900668064236676,0.0,-0.0064209076638242985,0.03995118067391927,0.04388099031719123,0.0,0.0,0.07083333333333336,0.0,3,INJECTOR_DEGRADATION,0.2833333333333333,2026-01-01T00:02:00+00:00,True
2026-01-01T00:02:35Z,ENG-DATASET-003,MSN-INJECTOR_DEGRADATION-003,CRUISE,5000.0,10.0,0.6350479168089384,0.4349520831910616,3799.078645191544,619.6455359431828,162.3756282753818,54.67191869302687,391.26580327849854,13.716982110292951,6.345869075588087,14.2,3825.316065569971,596.2996229882763,155.3756282753818,54.67191869302687,391.26580327849854,12.78476002512741,6.345869075588087,-26.237420378427032,23.345912954906566,7.0,0.0,0.0,0.9322220851655416,0.0,-0.0068588895476059605,0.03915131262017512,0.045052110666889585,0.0,0.0,0.07291666666666677,0.0,3,INJECTOR_DEGRADATION,0.2916666666666667,2026-01-01T00:02:00+00:00,True
2026-01-01T00:02:36Z,ENG-DATASET-003,MSN-INJECTOR_DEGRADATION-003,CRUISE,5000.0,10.0,0.638166196091588,0.431833803908412,3816.1858354856427,623.3449885861602,163.00370931597018,54.652339948040094,392.1233300812272,13.813125945185856,6.961406648638573,14.2,3842.4666016245446,598.6257547250623,155.8037093159702,54.652339948040094,392.1233300812272,12.84941948389382,6.961406648638573,-26.28076613890198,24.719233861097905,7.199999999999989,0.0,0.0,0.9637064612920359,0.0,-0.006839556166289336,0.0412933016429455,0.04621199348597264,0.0,0.0,0.07499999999999994,0.0,3,INJECTOR_DEGRADATION,0.3,2026-01-01T00:02:00+00:00,True
2026-01-01T00:02:37Z,ENG-DATASET-003,MSN-INJECTOR_DEGRADATION-003,CRUISE,5000.0,10.0,0.64100099796007,0.42899900203993,3833.1950507972865,628.2967764070482,163.64191515548046,54.6382690226336,392.9029005950598,13.903277130798196,7.096602755129693,14.2,3858.058011901196,600.7430708442911,156.24191515548046,54.6382690226336,392.9029005950598,12.908265034396777,7.096602755129693,-24.862961103909583,27.55370556275716,7.400000000000006,0.0,0.0,0.9950120964014193,0.0,-0.006444423859675834,0.0458660397431349,0.04736245067551861,0.0,0.0,0.07708333333333342,0.0,3,INJECTOR_DEGRADATION,0.30833333333333335,2026-01-01T00:02:00+00:00,True
2026-01-01T00:02:38Z,ENG-DATASET-003,MSN-INJECTOR_DEGRADATION-003,CRUISE,5000.0,10.0,0.6435080862793506,0.4264919137206494,3848.6402279762865,633.2442865856261,164.28316671326354,54.6289394147755,393.592349882862,13.986387235324738,6.58287219949094,14.2,3871.846997657239,602.6177229332454,156.68316671326355,54.6289394147755,393.592349882862,12.960358828100144,6.58287219949094,-23.206769680952675,30.626563652380696,7.599999999999994,0.0,0.0,1.0260284072245938,0.0,-0.005993720747486802,0.05082254053748322,0.0485055297223364,0.0,0.0,0.0791666666666666,0.0,3,INJECTOR_DEGRADATION,0.31666666666666665,2026-01-01T00:02:00+00:00,True
2026-01-01T00:02:39Z,ENG-DATASET-003,MSN-INJECTOR_DEGRADATION-003,CRUISE,5000.0,10.0,0.645648338774725,0.42435166122527496,3860.866452140437,636.7177085754804,164.92034111235822,54.623550078724016,394.18091931908987,14.061513761839349,6.178428741573017,14.2,3883.618386381798,604.219642816841,157.1203411123582,54.623550078724016,394.18091931908987,13.004868219042171,6.178428741573017,-22.751934241360686,32.49806575863943,7.800000000000011,0.0,0.0,1.0566455427971775,0.0,-0.005858437152615733,0.053785185809476686,0.04964347674386831,0.0,0.0,0.08125000000000009,0.0,3,INJECTOR_DEGRADATION,0.325,2026-01-01T00:02:00+00:00,True
2026-01-01T00:02:40Z,ENG-DATASET-003,MSN-INJECTOR_DEGRADATION-003,CRUISE,5000.0,10.0,0.6473883575218288,0.4226116424781712,3868.9252818592076,637.9265220105145,165.5463835755101,54.62127634735976,394.65942447454347,14.12783666411868,6.4816642272845515,14.2,3893.1884894908685,605.5230629755088,157.5463835755101,54.62127634735976,394.65942447454347,13.041079997648014,6.4816642272845515,-24.263207631660862,32.40345903500577,8.0,0.0,0.0,1.0867566664706665,0.0,-0.006232220119101883,0.05351317070530205,0.05077869652378086,0.0,0.0,0.08333333333333323,0.0,3,INJECTOR_DEGRADATION,0.3333333333333333,2026-01-01T00:02:00+00:00,True
2026-01-01T00:02:41Z,ENG-DATASET-003,MSN-INJECTOR_DEGRADATION-003,CRUISE,5000.0,10.0,0.6487009901100778,0.42129900988992225,3873.092739531888,637.2750713212333,166.1544193975153,54.62128128623049,395.0203984363119,14.184672947208112,7.073551379142113,14.2,3900.4079687262374,606.5069671822492,157.95441939751532,54.62128128623049,395.0203984363119,13.068412696084248,7.073551379142113,-27.315229194349286,30.768104138984086,8.199999999999989,0.0,0.0,1.1162602511238635,0.0,-0.007003172338218165,0.05073000938790301,0.051913710494946606,0.0,0.0,0.08541666666666671,0.0,3,INJECTOR_DEGRADATION,0.3416666666666667,2026-01-01T00:02:00+00:00,True
2026-01-01T00:02:42Z,ENG-DATASET-003,MSN-INJECTOR_DEGRADATION-003,CRUISE,5000.0,10.0,0.6495657533469535,0.4204342466530464,3874.6663763742054,636.1576710609127,166.73786398815784,54.62272729960785,395.25820832645275,14.231489033824385,7.1177334840588316,14.2,3905.164166529055,607.1554612157622,158.33786398815784,54.62272729960785,395.25820832645275,13.08642669776955,7.1177334840588316,-30.497790154849554,29.002209845150446,8.400000000000006,0.0,0.0,1.1450623360548349,0.0,-0.0078096051418899155,0.047767353993780605,0.05305111353926213,0.0,0.0,0.08749999999999994,0.0,3,INJECTOR_DEGRADATION,0.35,2026-01-01T00:02:00+00:00,True
2026-01-01T00:02:43Z,ENG-DATASET-003,MSN-INJECTOR_DEGRADATION-003,CRUISE,5000.0,10.0,0.6499691528913724,0.42003084710862765,3875.133887810154,636.1257455635972,167.2905289670954,54.62478780502415,395.36914320116796,14.267910619975433,6.558570860037521,14.2,3907.3828640233583,607.4580551101349,158.69052896709542,54.62478780502415,395.36914320116796,13.09483192655489,6.558570860037521,-32.24897621320406,28.667690453462342,8.599999999999994,0.0,0.0,1.1730786934205426,0.0,-0.008253344331862554,0.04719287235110375,0.05419353036363758,0.0,0.0,0.08958333333333336,0.0,3,INJECTOR_DEGRADATION,0.35833333333333334,2026-01-01T00:02:00+00:00,True
2026-01-01T00:02:44Z,ENG-DATASET-003,MSN-INJECTOR_DEGRADATION-003,CRUISE,5000.0,10.0,0.649904893828364,0.42009510617163603,3875.2051155854747,637.918860065302,167.80672232846854,54.626658791785445,395.35147195884065,14.293729794981399,6.2007349573341894,14.2,3907.0294391768125,607.4098503233064,159.00672232846853,54.626658791785445,395.35147195884065,13.093492941967694,6.2007349573341894,-31.824323591337816,30.50900974199567,8.800000000000011,0.0,0.0,1.2002368530137044,0.0,-0.008145401535045256,0.05022804573511052,0.055343572090124526,0.0,0.0,0.09166666666666659,0.0,3,INJECTOR_DEGRADATION,0.36666666666666664,2026-01-01T00:02:00+00:00,True
2026-01-01T00:02:45Z,ENG-DATASET-003,MSN-INJECTOR_DEGRADATION-003,CRUISE,5000.0,10.0,0.6493739788991146,0.4206260211008854,3874.3084705177384,640.9606908330708,168.2813407801535,54.62757008086088,395.2054703532971,14.308909260769553,6.556319430132355,14.2,3904.1094070659406,607.011627381273,159.2813407801535,54.62757008086088,395.2054703532971,13.082431324132163,6.556319430132355,-29.800936548202117,33.94906345179777,9.0,0.0,0.0,1.2264779366373908,0.0,-0.007633222699718973,0.05592819300391071,0.056503793576312,0.0,0.0,0.09375000000000004,0.0,3,INJECTOR_DEGRADATION,0.375,2026-01-01T00:02:00+00:00,True
2026-01-01T00:02:46Z,ENG-DATASET-003,MSN-INJECTOR_DEGRADATION-003,CRUISE,5000.0,10.0,0.6483846928535261,0.4216153071464739,3870.8894258699106,643.6575906240881,168.709952499706,54.62679610829731,394.93341669076017,14.313583550818231,7.11118491936246,14.2,3898.6683338152034,606.2698319027144,159.509952499706,54.62679610829731,394.93341669076017,13.061825293522341,7.11118491936246,-27.778907945292758,37.38775872137376,9.199999999999989,0.0,0.0,1.25175825729589,0.0,-0.007125229839212446,0.061668512523600574,0.05767665186921139,0.0,0.0,0.09583333333333326,0.0,3,INJECTOR_DEGRADATION,0.3833333333333333,2026-01-01T00:02:00+00:00,True
2026-01-01T00:02:47Z,ENG-DATASET-003,MSN-INJECTOR_DEGRADATION-003,CRUISE,5000.0,10.0,0.6469524731694647,0.42304752683053537,3863.361198076227,644.3498651954694,169.0888687332048,54.62366606182952,394.5395562776433,14.308057218041851,7.061627357879123,14.2,3890.7911255528666,605.1964593387753,159.6888687332048,54.62366606182952,394.5395562776433,13.032006574307568,7.061627357879123,-27.429927476639477,39.15340585669412,9.400000000000006,0.0,0.0,1.2760506437342833,0.0,-0.007049961458093382,0.06469536503811059,0.058864466099417125,0.0,0.0,0.09791666666666672,0.0,3,INJECTOR_DEGRADATION,0.39166666666666666,2026-01-01T00:02:00+00:00,True
2026-01-01T00:02:48Z,ENG-DATASET-003,MSN-INJECTOR_DEGRADATION-003,CRUISE,5000.0,10.0,0.6450996691560816,0.4249003308439183,3851.1421727706083,642.3503104709774,169.41520288937502,54.61757321053146,394.030035173963,14.292800030655945,6.465961925457812,14.2,3880.600703479259,603.8088411796285,159.81520288937503,54.61757321053146,394.030035173963,12.993454573323586,6.465961925457812,-29.45853070865087,38.5414692913489,9.599999999999994,0.0,0.0,1.2993454573323593,0.0,-0.0075912295439824595,0.06383058124166008,0.06006937904803192,0.0,0.0,0.10000000000000006,0.0,3,INJECTOR_DEGRADATION,0.4,2026-01-01T00:02:00+00:00,True
2026-01-01T00:02:49Z,ENG-DATASET-003,MSN-INJECTOR_DEGRADATION-003,CRUISE,5000.0,10.0,0.6428551932003197,0.4271448067996803,3835.135005682212,638.4249243146711,169.68691604264654,54.60798328002573,393.41280428612845,14.268439283019898,6.1611742529070925,14.2,3868.256085722568,602.1293376883607,159.88691604264653,54.60798328002573,393.41280428612845,12.946788007277034,6.1611742529070925,-33.12108004035599,36.29558662631041,9.800000000000011,0.0,0.0,1.3216512757428642,0.0,-0.008562276981248299,0.060278721454850664,0.06129332057030898,0.0,0.0,0.10208333333333336,0.0,3,INJECTOR_DEGRADATION,0.4083333333333333,2026-01-01T00:02:00+00:00,True
2026-01-01T00:02:50Z,ENG-DATASET-003,MSN-INJECTOR_DEGRADATION-003,CRUISE,5000.0,10.0,0.6402540695987841,0.429745930401216,3817.3231008861108,634.3914726407792,169.90284804676833,54.594441740737665,392.6974952957062,14.235749392129048,6.564047575074578,14.2,3853.949905914123,600.1849443354579,159.90284804676833,54.594441740737665,392.6974952957062,12.892754166456495,6.564047575074578,-36.62680502801231,34.206528305321285,10.0,0.0,0.0,1.3429952256725528,0.0,-0.009503705528659371,0.05699331285824862,0.06253797303894927,0.0,0.0,0.10416666666666677,0.0,3,INJECTOR_DEGRADATION,0.4166666666666667,2026-01-01T00:02:00+00:00,True
2026-01-01T00:02:51Z,ENG-DATASET-003,MSN-INJECTOR_DEGRADATION-003,CRUISE,5000.0,10.0,0.6373368880153083,0.43266311198469176,3799.6974170568124,632.0488307991866,170.06273376577602,54.576579893715326,391.8952703602504,14.195639007592126,7.0743577471351715,14.2,3837.9054072050067,598.006820947381,159.86273376577603,54.576579893715326,391.8952703602504,12.83221605206068,7.0743577471351715,-38.20799014819431,34.042009851805574,10.199999999999989,0.0,0.0,1.3634229555314459,0.0,-0.009955427790498794,0.05692578856855707,0.06380473897653088,0.0,0.0,0.10624999999999989,0.0,3,INJECTOR_DEGRADATION,0.425,2026-01-01T00:02:00+00:00,True
2026-01-01T00:02:52Z,ENG-DATASET-003,MSN-INJECTOR_DEGRADATION-003,CRUISE,5000.0,10.0,0.6341491700928259,0.4358508299071741,3783.153062590135,632.0765247154663,170.16720424144884,54.554119657369746,391.0186479315676,14.149135911747077,6.935159239076243,14.2,3820.372958631352,595.6297540900171,159.76720424144884,54.554119657369746,391.0186479315676,12.766137664734204,6.935159239076243,-37.219896041217,36.44677062544929,10.400000000000006,0.0,0.0,1.382998247012873,0.0,-0.00974247709431778,0.06119031222866196,0.06509471107902072,0.0,0.0,0.1083333333333334,0.0,3,INJECTOR_DEGRADATION,0.43333333333333335,2026-01-01T00:02:00+00:00,True
2026-01-01T00:02:53Z,ENG-DATASET-003,MSN-INJECTOR_DEGRADATION-003,CRUISE,5000.0,10.0,0.6307406591033574,0.4392593408966426,3767.039702768141,633.588452253214,170.21777292582934,54.526876978828874,390.0813074094638,14.09737002568794,6.317645720322963,14.2,3801.626148189276,593.0915643410156,159.61777292582934,54.526876978828874,390.0813074094638,12.69556775296475,6.317645720322963,-34.58644542113507,40.49688791219842,10.599999999999994,0.0,0.0,1.4018022727231898,0.0,-0.00909780290668736,0.06828100473355161,0.06640864488771916,0.0,0.0,0.11041666666666655,0.0,3,INJECTOR_DEGRADATION,0.44166666666666665,2026-01-01T00:02:00+00:00,True
2026-01-01T00:02:54Z,ENG-DATASET-003,MSN-INJECTOR_DEGRADATION-003,CRUISE,5000.0,10.0,0.6271645437208875,0.4428354562791125,3749.6693040242276,634.6442612821634,170.2168074043371,54.49476381512552,389.0978756792846,14.041554865585715,6.076325622616251,14.2,3781.957513585691,590.4324708436267,159.41680740433708,54.49476381512552,389.0978756792846,12.621622351088282,6.076325622616251,-32.28820956146319,44.211790438536696,10.800000000000011,0.0,0.0,1.4199325144974324,0.0,-0.00853743317990122,0.0748803506273387,0.06774693444090506,0.0,0.0,0.11250000000000004,0.0,3,INJECTOR_DEGRADATION,0.45,2026-01-01T00:02:00+00:00,True
2026-01-01T00:02:55Z,ENG-DATASET-003,MSN-INJECTOR_DEGRADATION-003,CRUISE,5000.0,10.0,0.6234766280298968,0.4465233719701032,3729.500075724345,633.4371909846333,170.167487310875,54.45778865181865,388.08369886426215,13.982967811528601,6.525259810804047,14.2,3761.6739772852434,587.6944258788652,159.167487310875,54.45778865181865,388.08369886426215,12.545466447726596,6.525259810804047,-32.17390156089823,45.74276510576806,11.0,0.0,0.0,1.4375013638020047,0.0,-0.008553080823904298,0.07783426742113851,0.0691095913232302,0.0,0.0,0.11458333333333325,0.0,3,INJECTOR_DEGRADATION,0.4583333333333333,2026-01-01T00:02:00+00:00,True
2026-01-01T00:02:56Z,ENG-DATASET-003,MSN-INJECTOR_DEGRADATION-003,CRUISE,5000.0,10.0,0.6197344607212879,0.4502655392787121,3706.2835620394135,629.4452704470815,170.0737493838432,54.41605554952971,387.0546028543947,13.922929558456554,6.9886084754014135,14.2,3741.092057087894,584.9204321622284,158.8737493838432,54.41605554952971,387.0546028543947,12.468295126976018,6.9886084754014135,-34.80849504848038,44.524838284853104,11.199999999999989,0.0,0.0,1.4546344314805353,0.0,-0.00930436741927588,0.07612118817641865,0.0704962276237372,0.0,0.0,0.11666666666666665,0.0,3,INJECTOR_DEGRADATION,0.4666666666666667,2026-01-01T00:02:00+00:00,True
2026-01-01T00:02:57Z,ENG-DATASET-003,MSN-INJECTOR_DEGRADATION-003,CRUISE,5000.0,10.0,0.6159964370643114,0.4540035629356886,3681.4577561302244,623.8286843579854,169.94022082551598,54.36976173190403,386.02664634872616,13.86278311637068,6.7694000479152505,14.2,3720.532926974523,582.1538552022837,158.54022082551597,54.36976173190403,386.02664634872616,12.391314517426308,6.7694000479152505,-39.075170844298555,41.67482915570167,11.400000000000006,0.0,0.0,1.471468598944373,0.0,-0.010502573585895892,0.07158731112623265,0.07190604340425677,0.0,0.0,0.11874999999999991,0.0,3,INJECTOR_DEGRADATION,0.475,2026-01-01T00:02:00+00:00,True
2026-01-01T00:02:58Z,ENG-DATASET-003,MSN-INJECTOR_DEGRADATION-003,CRUISE,5000.0,10.0,0.61232088766792,0.45767911233208003,3657.511286600535,618.7982903737402,169.77214230298708,54.31919375132272,385.0158702647185,13.803872715998287,6.148582570184409,14.2,3700.3174052943705,579.4377424009089,158.17214230298708,54.31919375132272,385.0158702647185,12.315722869292152,6.148582570184409,-42.80611869383529,39.36054797283134,11.599999999999994,0.0,0.0,1.4881498467061345,0.0,-0.011568228885605542,0.06792886464340471,0.07333781935999566,0.0,0.0,0.12083333333333329,0.0,3,INJECTOR_DEGRADATION,0.48333333333333334,2026-01-01T00:02:00+00:00,True
2026-01-01T00:02:59Z,ENG-DATASET-003,MSN-INJECTOR_DEGRADATION-003,CRUISE,5000.0,10.0,0.6087651682511251,0.46123483174887486,3636.6730955808976,616.309640100059,169.57528206488405,54.26472229093668,384.03804742509993,13.747522957916853,5.983032898127682,14.2,3680.7609485019984,576.8141596878264,157.77528206488404,54.26472229093668,384.03804742509993,12.242692058998312,5.983032898127682,-44.087852921100875,39.49548041223261,11.800000000000011,0.0,0.0,1.5048308989185415,0.0,-0.011977918027804499,0.06847175948941282,0.07478991541366625,0.0,0.0,0.12291666666666658,0.0,3,INJECTOR_DEGRADATION,0.49166666666666664,2026-01-01T00:02:00+00:00,True
2026-01-01T00:03:00Z,ENG-DATASET-003,MSN-INJECTOR_DEGRADATION-003,CRUISE,5000.0,10.0,0.6053847646261847,0.46461523537381527,3619.713620595334,616.8684474596604,169.35584274412446,54.206795682924515,383.10843642824136,13.695018519386801,6.478438095176814,14.2,3662.1687285648263,574.3235554291527,157.35584274412446,54.206795682924515,383.10843642824136,12.17334979501049,6.478438095176814,-42.455107969492474,42.54489203050764,12.0,0.0,0.0,1.5216687243763118,0.0,-0.011592886924718588,0.07407826412189684,0.07626027601347564,0.0,0.0,0.12500000000000006,0.0,3,INJECTOR_DEGRADATION,0.5,2026-01-01T00:02:00+00:00,True
2026-01-01T00:03:01Z,ENG-DATASET-003,MSN-INJECTOR_DEGRADATION-003,CRUISE,5000.0,10.0,0.6022324268610607,0.46776757313893935,3605.6018972044117,619.1918532098072,169.12036247459633,54.14593224295763,382.24154354283223,13.647584705476758,6.895104010116121,14.2,3644.830870856644,572.0041601953734,156.92036247459635,54.14593224295763,382.24154354283223,12.10876277010877,6.895104010116121,-39.228973652232526,47.18769301443376,12.199999999999989,0.0,0.0,1.538821935367988,0.0,-0.010762906439884423,0.08249536681396925,0.07774644289376423,0.0,0.0,0.12708333333333321,0.0,3,INJECTOR_DEGRADATION,0.5083333333333333,2026-01-01T00:02:00+00:00,True
2026-01-01T00:03:02Z,ENG-DATASET-003,MSN-INJECTOR_DEGRADATION-003,CRUISE,5000.0,10.0,0.5993573461322511,0.4706426538677489,3592.257680150651,620.9645164154643,168.8756119716285,54.082711539374735,381.4508963424096,13.606369101107608,6.608164251682656,14.2,3629.0179268481916,569.8914297796712,156.4756119716285,54.082711539374735,381.4508963424096,12.04992097515065,6.608164251682656,-36.760246697540424,51.073086635793175,12.400000000000006,0.0,0.0,1.5564481259569583,0.0,-0.010129530203083555,0.08961897646984938,0.07924557599588312,0.0,0.0,0.1291666666666666,0.0,3,INJECTOR_DEGRADATION,0.5166666666666666,2026-01-01T00:02:00+00:00,True
2026-01-01T00:03:03Z,ENG-DATASET-003,MSN-INJECTOR_DEGRADATION-003,CRUISE,5000.0,10.0,0.5968043871129334,0.4731956128870666,3577.966799458715,620.2576848941118,168.62848921639915,54.017764732236294,380.7488326120972,13.572424549875416,6.00324670993,14.2,3614.9766522419436,568.0175376773406,156.02848921639915,54.017764732236294,380.7488326120972,11.997723359005892,6.00324670993,-37.00985278322878,52.24014721677122,12.599999999999994,0.0,0.0,1.5747011908695239,0.0,-0.010237923047241795,0.09196925051008895,0.08075448312855733,0.0,0.0,0.13125000000000003,0.0,3,INJECTOR_DEGRADATION,0.525,2026-01-01T00:02:00+00:00,True
2026-01-01T00:03:04Z,ENG-DATASET-003,MSN-INJECTOR_DEGRADATION-003,CRUISE,5000.0,10.0,0.5946133878747448,0.4753866121252551,3562.602592744743,616.7540250960574,168.3859133476731,53.95176413198641,380.1463078215953,13.546693655211882,5.924391228917748,14.2,3602.9261564319067,566.4109221165544,155.58591334767308,53.95176413198641,380.1463078215953,11.952964989892838,5.924391228917748,-40.32356368716364,50.34310297950299,12.800000000000011,0.0,0.0,1.5937286653190448,0.0,-0.011191892904931852,0.08888088314289873,0.08226965876658168,0.0,0.0,0.1333333333333333,0.0,3,INJECTOR_DEGRADATION,0.5333333333333333,2026-01-01T00:02:00+00:00,True
2026-01-01T00:03:05Z,ENG-DATASET-003,MSN-INJECTOR_DEGRADATION-003,CRUISE,5000.0,10.0,0.5928185382279987,0.47718146177200127,3547.888510822213,612.0132524851539,168.15471930551604,53.88541213966861,379.6527241687402,13.529994970610883,6.465167125751285,14.2,3593.054483374803,565.0958917044104,155.15471930551604,53.88541213966861,379.6527241687402,11.916325845675638,6.465167125751285,-45.16597255259012,46.91736078074348,13.0,0.0,0.0,1.6136691249352442,0.0,-0.012570355601779699,0.08302548553172803,0.08378733214296644,0.0,0.0,0.1354166666666668,0.0,3,INJECTOR_DEGRADATION,0.5416666666666666,2026-01-01T00:02:00+00:00,True
2026-01-01T00:03:06Z,ENG-DATASET-003,MSN-INJECTOR_DEGRADATION-003,CRUISE,5000.0,10.0,0.5914478462011294,0.4785521537988706,3536.5064416753685,608.5830572908974,167.9415546960282,53.81942974033207,379.2757838613511,13.523011018999957,6.834921519007375,14.2,3585.515677227022,564.0922928425512,154.7415546960282,53.81942974033207,379.2757838613511,11.888361335384579,6.834921519007375,-49.009235551653546,44.490764448346226,13.199999999999989,0.0,0.0,1.634649683615379,0.0,-0.013668671388868804,0.07887142762428141,0.0853035244859072,0.0,0.0,0.13749999999999996,0.0,3,INJECTOR_DEGRADATION,0.55,2026-01-01T00:02:00+00:00,True
2026-01-01T00:03:07Z,ENG-DATASET-003,MSN-INJECTOR_DEGRADATION-003,CRUISE,5000.0,10.0,0.5905227009847764,0.4794772990152236,3530.564047347058,608.4685767608323,167.75278025853012,53.75454472827507,379.02136892685405,13.526278257262662,6.491776501530006,14.2,3580.427378537081,563.4152412841888,154.35278025853012,53.75454472827507,379.02136892685405,11.869494631601604,6.491776501530006,-49.86333119002302,45.0533354766435,13.400000000000006,0.0,0.0,1.656783625661058,0.0,-0.01392664224637802,0.079964708398647,0.08681411489677052,0.0,0.0,0.1395833333333334,0.0,3,INJECTOR_DEGRADATION,0.5583333333333333,2026-01-01T00:02:00+00:00,True
2026-01-01T00:03:08Z,ENG-DATASET-003,MSN-INJECTOR_DEGRADATION-003,CRUISE,5000.0,10.0,0.5900575391606181,0.4799424608393819,3530.347507509512,611.8867718866555,167.5943752213776,53.691479846993424,378.8934494252105,13.540179080513015,5.919153849452368,14.2,3577.86898850421,563.07491954802,153.9943752213776,53.691479846993424,378.8934494252105,11.860010873442057,5.919153849452368,-47.52148099469787,48.811852338635504,13.599999999999994,0.0,0.0,1.6801682070709578,0.0,-0.013282062911578282,0.08668802435352076,0.08831491397298798,0.0,0.0,0.14166666666666664,0.0,3,INJECTOR_DEGRADATION,0.5666666666666667,2026-01-01T00:02:00+00:00,True
2026-01-01T00:03:09Z,ENG-DATASET-003,MSN-INJECTOR_DEGRADATION-003,CRUISE,5000.0,10.0,0.5900596194233431,0.4799403805766569,3534.1383863215856,617.0843977351079,167.47184873330784,53.63094102806758,378.8940214974599,13.564935941795289,5.933316285346813,14.2,3577.880429949197,563.0764413627193,153.67184873330783,53.63094102806758,378.8940214974599,11.860053282443968,5.933316285346813,-43.742043627611565,54.00795637238866,13.800000000000011,0.0,0.0,1.7048826593513215,0.0,-0.012225686264264752,0.09591585157013902,0.08980174387014393,0.0,0.0,0.1437500000000001,0.0,3,INJECTOR_DEGRADATION,0.575,2026-01-01T00:02:00+00:00,True
2026-01-01T00:03:10Z,ENG-DATASET-003,MSN-INJECTOR_DEGRADATION-003,CRUISE,5000.0,10.0,0.5905289093111473,0.4794710906888527,3539.2392273873224,621.3641535898859,167.39015845667748,53.57360591171178,379.023076216606,13.600607645991504,6.513992056708456,14.2,3580.4615243321205,563.4197838680175,153.39015845667748,53.57360591171178,379.023076216606,11.869621218319859,6.513992056708456,-41.22229694479802,57.944369721868384,14.0,0.0,0.0,1.7309864276716453,0.0,-0.011513123843018365,0.10284404520562948,0.09127052309522236,0.0,0.0,0.1458333333333333,0.0,3,INJECTOR_DEGRADATION,0.5833333333333334,2026-01-01T00:02:00+00:00,True
2026-01-01T00:03:11Z,ENG-DATASET-003,MSN-INJECTOR_DEGRADATION-003,CRUISE,5000.0,10.0,0.5914580857122896,0.4785419142877104,3543.609889760483,622.7210164727888,167.35363730894412,53.52011282734545,379.27859972692016,13.647087861226979,6.833417494223276,14.2,3585.571994538403,564.0997879173756,153.15363730894413,53.52011282734545,379.27859972692016,11.888570187638747,6.833417494223276,-41.9621047779201,58.62122855541327,14.199999999999989,0.0,0.0,1.7585176735882317,0.0,-0.011703043431239816,0.10391996205465617,0.09271735395585484,0.0,0.0,0.1479166666666667,0.0,3,INJECTOR_DEGRADATION,0.5916666666666667,2026-01-01T00:02:00+00:00,True
2026-01-01T00:03:12Z,ENG-DATASET-003,MSN-INJECTOR_DEGRADATION-003,CRUISE,5000.0,10.0,0.5928326491398013,0.47716735086019874,3547.121925458028,621.0960585490461,167.3659292400681,53.47105040539962,379.6566046694859,13.704105876187766,6.442188988870501,14.2,3593.1320933897173,565.1062264807357,152.9659292400681,53.47105040539962,379.6566046694859,11.916613805380667,6.442188988870501,-46.010167931689466,55.98983206831042,14.400000000000006,0.0,0.0,1.7874920708070992,0.0,-0.012805031024696904,0.09907842002908651,0.09413861028752571,0.0,0.0,0.14999999999999994,0.0,3,INJECTOR_DEGRADATION,0.6,2026-01-01T00:02:00+00:00,True
2026-01-01T00:03:13Z,ENG-DATASET-003,MSN-INJECTOR_DEGRADATION-003,CRUISE,5000.0,10.0,0.5946311499911306,0.47536885000886936,3551.6458184907324,618.4625778845362,167.42993483604045,53.426947981750516,380.1511924036015,13.771229616637363,5.912984172672046,14.2,3603.023848072029,566.4239407991662,152.82993483604045,53.426947981750516,380.1511924036015,11.953327696177096,5.912984172672046,-51.37802958129669,52.038637085370056,14.599999999999994,0.0,0.0,1.817901920460267,0.0,-0.014259697339718961,0.09187224150862844,0.09553102286972259,0.0,0.0,0.15208333333333338,0.0,3,INJECTOR_DEGRADATION,0.6083333333333333,2026-01-01T00:02:00+00:00,True
2026-01-01T00:03:14Z,ENG-DATASET-003,MSN-INJECTOR_DEGRADATION-003,CRUISE,5000.0,10.0,0.5968255232620169,0.47317447673798313,3559.8846589767504,617.6581348099298,167.54776744148012,53.38826694383218,380.75464505309515,13.847870918160336,6.019910659423201,14.2,3615.092901061903,568.0330435617486,152.7477674414801,53.38826694383218,380.75464505309515,11.998155308153358,6.019910659423201,-55.208242085152506,49.62509124818121,14.800000000000011,0.0,0.0,1.849715610006978,0.0,-0.015271597050503335,0.0873630360251862,0.09689175984631072,0.0,0.0,0.15416666666666684,0.0,3,INJECTOR_DEGRADATION,0.6166666666666667,2026-01-01T00:02:00+00:00,True
2026-01-01T00:03:15Z,ENG-DATASET-003,MSN-INJECTOR_DEGRADATION-003,LOITER,4500.0,10.0,0.39938152649149494,0.32061847350850503,2609.0006343511923,482.0474408747768,164.25570556589133,52.9321858190017,333.2255894109393,10.611298463456913,4.8822536730785355,14.2,2664.5117882187847,431.30859474236917,149.25570556589133,52.9321858190017,333.2255894109393,9.177339211638412,4.8822536730785355,-55.511153867592384,50.738846132407616,15.0,0.0,0.0,1.4339592518185018,0.0,-0.02083351783731509,0.11763931150668382,0.10049867067479044,0.0,0.0,0.15625,0.0,3,INJECTOR_DEGRADATION,0.625,2026-01-01T00:02:00+00:00,True
2026-01-01T00:03:16Z,ENG-DATASET-003,MSN-INJECTOR_DEGRADATION-003,LOITER,4500.0,10.0,0.40225927410404627,0.3177407258959537,2627.9247168623065,488.6894764388797,161.3660723342453,52.499309572979186,334.0169700043909,10.69903824041799,5.143636632654664,14.2,2680.3394000878175,433.4374929977244,146.1660723342453,52.499309572979186,334.0169700043909,9.236579775900424,5.143636632654664,-52.414683225511,55.25198344115529,15.199999999999989,0.0,0.0,1.4624584645175656,0.0,-0.019555241110060056,0.12747393645857344,0.10399130083513076,0.0,0.0,0.15833333333333316,0.0,3,INJECTOR_DEGRADATION,0.6333333333333333,2026-01-01T00:02:00+00:00,True
2026-01-01T00:03:17Z,ENG-DATASET-003,MSN-INJECTOR_DEGRADATION-003,LOITER,4500.0,10.0,0.4054138598106645,0.31458614018933545,2649.5466475701924,496.71442789343183,158.84381681242388,52.089187317671055,334.8844810737109,10.793718877438453,4.708111174842131,14.2,2697.689621474218,435.77406846412396,143.44381681242388,52.089187317671055,334.8844810737109,9.301588978762043,4.708111174842131,-48.14297390402544,60.940359429307875,15.400000000000006,0.0,0.0,1.49212989867641,0.0,-0.017846001823484996,0.13984393253157726,0.10735910645864932,0.0,0.0,0.16041666666666657,0.0,3,INJECTOR_DEGRADATION,0.6416666666666666,2026-01-01T00:02:00+00:00,True
2026-01-01T00:03:18Z,ENG-DATASET-003,MSN-INJECTOR_DEGRADATION-003,LOITER,4500.0,10.0,0.40879605735647656,0.3112039426435234,2670.588948241722,503.07982381821415,156.65649971999838,51.701301327654235,335.8145853988092,10.894217519729786,4.227583207682696,14.2,2716.291707976184,438.2825835526762,141.05649971999838,51.701301327654235,335.8145853988092,9.371369909444976,4.227583207682696,-45.702759734462234,64.79724026553794,15.599999999999994,0.0,0.0,1.5228476102848099,0.0,-0.016825424014754953,0.1478435208177742,0.11059398206368716,0.0,0.0,0.16250000000000014,0.0,3,INJECTOR_DEGRADATION,0.65,2026-01-01T00:02:00+00:00,True
2026-01-01T00:03:19Z,ENG-DATASET-003,MSN-INJECTOR_DEGRADATION-003,LOITER,4500.0,10.0,0.4123530886799851,0.30764691132001487,2688.8026423968836,505.78844467527296,154.77396264467865,51.33506358986482,336.7927690127741,10.999313418155454,4.420448525908308,14.2,2735.855380255481,440.92451586720415,138.97396264467864,51.33506358986482,336.7927690127741,9.444848731153163,4.420448525908308,-47.05273785859754,64.8639288080688,15.800000000000011,0.0,0.0,1.554464687002291,0.0,-0.01719854718863233,0.14710891881458518,0.11369036112467071,0.0,0.0,0.16458333333333328,0.0,3,INJECTOR_DEGRADATION,0.6583333333333333,2026-01-01T00:02:00+00:00,True
2026-01-01T00:03:20Z,ENG-DATASET-003,MSN-INJECTOR_DEGRADATION-003,LOITER,4500.0,10.0,0.4160294474970668,0.3039705525029332,2704.2048554719568,505.121955565974,153.16804439296362,50.98981391127161,337.8037676874715,11.1077055803599,5.0418972246843605,14.2,2756.07535374943,443.659120510114,137.16804439296362,50.98981391127161,337.8037676874715,9.520890497451342,5.0418972246843605,-51.870498277473416,61.46283505586001,16.0,0.0,0.0,1.5868150829085579,0.0,-0.01882042093185426,0.13853616935721003,0.1166452439473633,0.0,0.0,0.16666666666666677,0.0,3,INJECTOR_DEGRADATION,0.6666666666666666,2026-01-01T00:02:00+00:00,True
2026-01-01T00:03:21Z,ENG-DATASET-003,MSN-INJECTOR_DEGRADATION-003,LOITER,4500.0,10.0,0.4197677654579711,0.30023223454202885,2718.943862117508,503.5017951716634,151.81234084338126,50.66481959561679,338.8318051267202,11.218031975310545,5.234155281875009,14.2,2776.636102534404,446.4440355885595,135.61234084338125,50.66481959561679,338.8318051267202,9.598316128607953,5.234155281875009,-57.69224041689586,57.057759583103916,16.200000000000017,0.0,0.0,1.6197158467025918,0.0,-0.02077774626795231,0.1278049543385278,0.11945815476122047,0.0,0.0,0.16874999999999998,0.0,3,INJECTOR_DEGRADATION,0.675,2026-01-01T00:02:00+00:00,True
2026-01-01T00:03:22Z,ENG-DATASET-003,MSN-INJECTOR_DEGRADATION-003,LOITER,4500.0,10.0,0.4235097073612309,0.2964902926387691,2735.8423767979803,504.02818386802204,150.68200484418583,50.359276676559304,339.86083915011665,11.328890052844356,4.754888400917986,14.2,2797.2167830023327,449.2359234057079,134.28200484418582,50.359276676559304,339.86083915011665,9.675920329831477,4.754888400917986,-61.374406204352454,54.79226046231412,16.400000000000006,0.0,0.0,1.6529697230128786,0.0,-0.021941240513535583,0.12196767357099994,0.12213103326115626,0.0,0.0,0.17083333333333345,0.0,3,INJECTOR_DEGRADATION,0.6833333333333333,2026-01-01T00:02:00+00:00,True
2026-01-01T00:03:23Z,ENG-DATASET-003,MSN-INJECTOR_DEGRADATION-003,LOITER,4500.0,10.0,0.4271968814549707,0.2928031185450293,2756.4856761618016,508.5639076165343,149.75358282574976,50.07231267097746,340.8748120258951,11.438858301156372,4.323871794597098,14.2,2817.4962405179017,451.9911386393011,133.15358282574977,50.07231267097746,340.8748120258951,9.752490203472574,4.323871794597098,-61.010564356100076,56.57276897723324,16.599999999999994,0.0,0.0,1.6863680976837987,0.0,-0.021654177733662332,0.1251634471143461,0.12466806861459698,0.0,0.0,0.1729166666666666,0.0,3,INJECTOR_DEGRADATION,0.6916666666666667,2026-01-01T00:02:00+00:00,True
2026-01-01T00:03:24Z,ENG-DATASET-003,MSN-INJECTOR_DEGRADATION-003,LOITER,4500.0,10.0,0.43077175062066503,0.28922824937933495,2780.0233239834615,516.5317167257338,149.0048848849621,49.80299079314595,341.85790104646105,11.546518527900325,4.591268621425063,14.2,2837.1580209292206,454.6664136714931,132.20488488496213,49.80299079314595,341.85790104646105,9.826824279064105,4.591268621425063,-57.13469694575906,61.865303054240655,16.799999999999983,0.0,0.0,1.7196942488362197,0.0,-0.02013800307359913,0.13606745779761897,0.1270754860126271,0.0,0.0,0.17500000000000013,0.0,3,INJECTOR_DEGRADATION,0.7,2026-01-01T00:02:00+00:00,True
2026-01-01T00:03:25Z,ENG-DATASET-003,MSN-INJECTOR_DEGRADATION-003,LOITER,4500.0,10.0,0.43417853022062913,0.28582146977937084,2803.442749240021,525.1836573780674,148.414885151476,49.550315548358675,342.79476543645114,11.650478516454692,5.2056474848959295,14.2,2855.895308729023,457.21955020040303,131.414885151476,49.550315548358675,342.79476543645114,9.897751659996906,5.2056474848959295,-52.45255948900194,67.9641071776644,17.0,0.0,0.0,1.7527268564577856,0.0,-0.018366415368476947,0.14864654660518165,0.12936129708902358,0.0,0.0,0.17708333333333334,0.0,3,INJECTOR_DEGRADATION,0.7083333333333334,2026-01-01T00:02:00+00:00,True
2026-01-01T00:03:26Z,ENG-DATASET-003,MSN-INJECTOR_DEGRADATION-003,LOITER,4500.0,10.0,0.4373640585986325,0.2826359414013675,2823.1851707799306,531.2128947035106,147.9636492712856,49.31323960366979,343.67078574040204,11.749394679817797,5.316975563111227,14.2,2873.4157148080412,459.61010539828777,130.7636492712856,49.31323960366979,343.67078574040204,9.964150965216506,5.316975563111227,-50.23054402811067,71.60278930522287,17.19999999999999,0.0,0.0,1.7852437146012914,0.0,-0.017481126649808946,0.15579028499204453,0.1315350259483538,0.0,0.0,0.17916666666666675,0.0,3,INJECTOR_DEGRADATION,0.7166666666666667,2026-01-01T00:02:00+00:00,True
2026-01-01T00:03:27Z,ENG-DATASET-003,MSN-INJECTOR_DEGRADATION-003,LOITER,4500.0,10.0,0.4402786266497639,0.27972137335023606,2837.144781189769,532.7490023467842,147.63228585031402,49.090671814098,344.47229195446323,11.841994312408456,4.793969080130158,14.2,2889.4458390892646,461.8000602462793,130.232285850314,49.090671814098,344.47229195446323,10.024968730081234,4.793969080130158,-52.30105789949539,70.9489421005049,17.400000000000006,0.0,0.0,1.817025582327222,0.0,-0.018100722703278064,0.15363562764081845,0.13360742220250332,0.0,0.0,0.18124999999999986,0.0,3,INJECTOR_DEGRADATION,0.725,2026-01-01T00:02:00+00:00,True
2026-01-01T00:03:28Z,ENG-DATASET-003,MSN-INJECTOR_DEGRADATION-003,LOITER,4500.0,10.0,0.44287675351438804,0.27712324648561193,2845.833157781095,530.5187449319086,147.4029186985037,48.88148626518602,345.18677684223485,11.927097026524267,4.4117401139452745,14.2,2903.735536844697,463.75445732884407,129.8029186985037,48.88148626518602,345.18677684223485,10.079236923823323,4.4117401139452745,-57.902379063601984,66.76428760306453,17.599999999999994,0.0,0.0,1.8478601027009436,0.0,-0.019940651732533735,0.14396473510490182,0.13559017144198374,0.0,0.0,0.18333333333333343,0.0,3,INJECTOR_DEGRADATION,0.7333333333333333,2026-01-01T00:02:00+00:00,True
2026-01-01T00:03:29Z,ENG-DATASET-003,MSN-INJECTOR_DEGRADATION-003,LOITER,4500.0,10.0,0.44511789629174847,0.2748821037082515,2851.975607040893,527.4391136149814,147.2586767126767,48.68453217750183,345.803091106009,12.003634956863303,4.740909602507086,14.2,2916.0618221201794,465.44199536093436,129.4586767126767,48.68453217750183,345.803091106009,10.126089243048128,4.740909602507086,-64.08621507928638,61.997118254046995,17.80000000000001,0.0,0.0,1.8775457138151754,0.0,-0.021976974079613732,0.13320052524691148,0.13749561212884714,0.0,0.0,0.18541666666666684,0.0,3,INJECTOR_DEGRADATION,0.7416666666666667,2026-01-01T00:02:00+00:00,True
2026-01-01T00:03:30Z,ENG-DATASET-003,MSN-INJECTOR_DEGRADATION-003,LOITER,4500.0,10.0,0.446967082698374,0.273032917301626,2858.7535476908142,526.8567684165564,147.1836982434681,48.49864450575022,346.311617367831,12.070671324498061,5.329733556436776,14.2,2926.23234735662,466.835568082362,129.1836982434681,48.49864450575022,346.311617367831,10.164775852208894,5.329733556436776,-67.47879966580558,60.02120033419442,18.0,0.0,0.0,1.905895472289167,0.0,-0.023059959584809397,0.12857032419518882,0.13933646616987244,0.0,0.0,0.18749999999999994,0.0,3,INJECTOR_DEGRADATION,0.75,2026-01-01T00:02:00+00:00,True
2026-01-01T00:03:31Z,ENG-DATASET-003,MSN-INJECTOR_DEGRADATION-003,LOITER,4500.0,10.0,0.4483954567988657,0.27160454320113425,2867.744576956475,530.485574619698,147.1631468167683,48.32265505483504,346.7044202454662,12.127416971686985,5.350995924393226,14.2,2934.0884049093243,467.91273590588065,128.9631468167683,48.32265505483504,346.7044202454662,10.19467626341463,5.350995924393226,-66.3438279528491,62.57283871381736,18.19999999999999,0.0,0.0,1.9327407082723553,0.0,-0.022611393658705865,0.13372758190194617,0.14112558858274968,0.0,0.0,0.1895833333333332,0.0,3,INJECTOR_DEGRADATION,0.7583333333333333,2026-01-01T00:02:00+00:00,True
2026-01-01T00:03:32Z,ENG-DATASET-003,MSN-INJECTOR_DEGRADATION-003,LOITER,4500.0,10.0,0.4493807292931175,0.27061927070688246,2877.8215027622027,537.3035523150818,147.18323513127285,48.15540392763621,346.9753701813855,12.173244511050184,4.786885301631761,14.2,2939.507403627709,468.6561198472549,128.78323513127285,48.15540392763621,346.9753701813855,10.215310079202952,4.786885301631761,-61.68590086550648,68.64743246782689,18.400000000000006,0.0,0.0,1.9579344318472316,0.0,-0.020985114985381085,0.14647719204051057,0.1428757398526625,0.0,0.0,0.19166666666666657,0.0,3,INJECTOR_DEGRADATION,0.7666666666666666,2026-01-01T00:02:00+00:00,True
2026-01-01T00:03:33Z,ENG-DATASET-003,MSN-INJECTOR_DEGRADATION-003,LOITER,4500.0,10.0,0.44990752533338946,0.2700924746666105,2885.710103663948,544.1090305911429,147.23125433755555,47.995751114560285,347.1202390924602,12.207699776457561,4.454315486001552,14.2,2942.404781849205,469.0537087763999,128.63125433755556,47.995751114560285,347.1202390924602,10.226345362477538,4.454315486001552,-56.69467818525709,75.05532181474297,18.599999999999994,0.0,0.0,1.9813544139800232,0.0,-0.019268143708503063,0.1600143446483699,0.14459938290883542,0.0,0.0,0.19375000000000003,0.0,3,INJECTOR_DEGRADATION,0.775,2026-01-01T00:02:00+00:00,True
2026-01-01T00:03:34Z,ENG-DATASET-003,MSN-INJECTOR_DEGRADATION-003,LOITER,4500.0,10.0,0.4499676244436647,0.27003237555633525,2887.9008882583057,547.4313008366028,147.29560572548374,47.84258803316305,347.13676634778597,12.230510317407115,4.834416818398818,14.2,2942.735326955719,469.0990728673494,128.49560572548373,47.84258803316305,347.13676634778597,10.227604446612222,4.834416818398818,-54.834438697413134,78.33222796925338,18.80000000000001,0.0,0.0,2.0029058707948924,0.0,-0.01863383301757544,0.1669844015901604,0.14630850521195313,0.0,0.0,0.19583333333333322,0.0,3,INJECTOR_DEGRADATION,0.7833333333333333,2026-01-01T00:02:00+00:00,True
2026-01-01T00:03:35Z,ENG-DATASET-003,MSN-INJECTOR_DEGRADATION-003,LOITER,4500.0,10.0,0.449560088797428,0.270439911202572,2882.770765761193,545.6516964246498,147.36583210872385,47.69484882735577,347.0246940450709,12.241590742064998,5.383159662720265,14.2,2940.4938809014166,468.79147823153977,128.36583210872385,47.69484882735577,347.0246940450709,10.219067054245563,5.383159662720265,-57.7231151402234,76.86021819311003,19.0,0.0,0.0,2.022523687819435,0.0,-0.01963041498407343,0.16395395770216661,0.14801446528159687,0.0,0.0,0.1979166666666667,0.0,3,INJECTOR_DEGRADATION,0.7916666666666666,2026-01-01T00:02:00+00:00,True
2026-01-01T00:03:36Z,ENG-DATASET-003,MSN-INJECTOR_DEGRADATION-003,LOITER,4500.0,10.0,0.4486912778521351,0.2713087221478649,2871.616190826454,540.0366701423272,147.43264639830596,47.55152123987511,346.7857710351153,12.241044784357968,5.3107641009600215,14.2,2935.715420702306,468.1359000181792,128.23264639830595,47.55152123987511,346.7857710351153,10.20087065363164,5.3107641009600215,-64.09922987585196,71.90077012414804,19.200000000000017,0.0,0.0,2.040174130726328,0.0,-0.02183427910751568,0.15358952415603228,0.1497278621261743,0.0,0.0,0.2,0.0,3,INJECTOR_DEGRADATION,0.8,2026-01-01T00:02:00+00:00,True
2026-01-01T00:03:37Z,ENG-DATASET-003,MSN-INJECTOR_DEGRADATION-003,LOITER,4500.0,10.0,0.44737474911200587,0.2726252508879941,2857.9398093804016,534.0248970857593,147.4879551002325,47.411656878755515,346.42372563157977,12.229164045032618,4.713254697833988,14.2,2928.474512631595,467.1429336702864,128.0879551002325,47.411656878755515,346.42372563157977,10.173308044394552,4.713254697833988,-70.5347032511936,66.88196341547291,19.400000000000006,0.0,0.0,2.055856000638066,0.0,-0.02408581770029116,0.14317237529419377,0.1514584254609963,0.0,0.0,0.20208333333333334,0.0,3,INJECTOR_DEGRADATION,0.8083333333333333,2026-01-01T00:02:00+00:00,True
2026-01-01T00:03:38Z,ENG-DATASET-003,MSN-INJECTOR_DEGRADATION-003,LOITER,4500.0,10.0,0.44563104656770564,0.27436895343229434,2845.3912166964465,531.1690078337929,147.52487475125818,47.27438070838364,345.9442074318972,12.206423432666446,4.435008521778789,14.2,2918.8841486379442,465.8286064419573,127.92487475125819,47.27438070838364,345.9442074318972,10.136822227819886,4.435008521778789,-73.49293194149777,65.3404013918356,19.599999999999994,0.0,0.0,2.0696012048465597,0.0,-0.02517843401759957,0.1402670434753068,0.1532149242913933,0.0,0.0,0.20416666666666664,0.0,3,INJECTOR_DEGRADATION,0.8166666666666667,2026-01-01T00:02:00+00:00,True
2026-01-01T00:03:39Z,ENG-DATASET-003,MSN-INJECTOR_DEGRADATION-003,LOITER,4500.0,10.0,0.4434873801142418,0.27651261988575815,2835.597298694015,532.9674091675416,147.53773961656788,47.13889960818273,345.35469915719466,12.173473405400223,4.859218649083081,14.2,2907.093983143893,464.2140936174199,127.73773961656786,47.13889960818273,345.35469915719466,10.091998678051999,4.859218649083081,-71.4966844498781,68.75331555012173,19.80000000000001,0.0,0.0,2.0814747273482244,0.0,-0.024593867575123118,0.14810691121925412,0.15500509136480686,0.0,0.0,0.20624999999999996,0.0,3,INJECTOR_DEGRADATION,0.825,2026-01-01T00:02:00+00:00,True
2026-01-01T00:03:40Z,ENG-DATASET-003,MSN-INJECTOR_DEGRADATION-003,LOITER,4500.0,10.0,0.4409772009496529,0.27902279905034705,2827.2109330393237,537.9149480036704,147.52209930581944,47.00450985687851,344.6643998869327,12.131129184919134,5.359143771959935,14.2,2893.2879977386538,462.3253460363342,127.52209930581944,47.00450985687851,344.6643998869327,10.039555187519284,5.359143771959935,-66.0770646993301,75.58960196733614,20.0,0.0,0.0,2.09157399739985,0.0,-0.022838053021674593,0.1634987192793785,0.15683556112134445,0.0,0.0,0.2083333333333333,0.0,3,INJECTOR_DEGRADATION,0.8333333333333334,2026-01-01T00:02:00+00:00,True
2026-01-01T00:03:41Z,ENG-DATASET-003,MSN-INJECTOR_DEGRADATION-003,LOITER,4500.0,10.0,0.43813967958025113,0.28186032041974884,2816.785800339694,542.3801409097114,147.4747053113282,46.870603417403345,343.8840815103472,12.080357178452118,5.196321462955817,14.2,2877.681630206944,460.1926374436278,127.27470531132819,46.870603417403345,343.8840815103472,9.980329510597274,5.196321462955817,-60.895829867250086,82.18750346608357,20.200000000000003,0.0,0.0,2.100027667854844,0.0,-0.021161420091794815,0.17859369485491017,0.15871181905775023,0.0,0.0,0.21041666666666678,0.0,3,INJECTOR_DEGRADATION,0.8416666666666667,2026-01-01T00:02:00+00:00,True
2026-01-01T00:03:42Z,ENG-DATASET-003,MSN-INJECTOR_DEGRADATION-003,LOITER,4500.0,10.0,0.43501909457797244,0.28498090542202753,2800.9759353083055,542.8075643957126,147.39348582474082,46.73667291653774,343.0259206347206,12.022258900188762,4.578892218919276,14.2,2860.5184126944114,457.85004178181856,126.99348582474083,46.73667291653774,343.0259206347206,9.91526507232063,4.578892218919276,-59.54247738610593,84.95752261389401,20.39999999999999,0.0,0.0,2.1069938278681324,0.0,-0.020815274994164787,0.18555752945498086,0.16063816082781837,0.0,0.0,0.21249999999999986,0.0,3,INJECTOR_DEGRADATION,0.85,2026-01-01T00:02:00+00:00,True
2026-01-01T00:03:43Z,ENG-DATASET-003,MSN-INJECTOR_DEGRADATION-003,LOITER,4500.0,10.0,0.4316641416280707,0.28833585837192927,2778.7348890250455,537.9202360048213,147.27750853684327,46.602315234069,342.1033085734976,11.95805272893112,4.363793805483996,14.2,2842.0661714699518,455.334851783061,126.67750853684328,46.602315234069,342.1033085734976,9.845395042687715,4.363793805483996,-63.331282444906265,82.58538422176025,20.599999999999994,0.0,0.0,2.1126576862434057,0.0,-0.02228353550689868,0.18137285977201476,0.16261765989823385,0.0,0.0,0.21458333333333335,0.0,3,INJECTOR_DEGRADATION,0.8583333333333333,2026-01-01T00:02:00+00:00,True
2026-01-01T00:03:44Z,ENG-DATASET-003,MSN-INJECTOR_DEGRADATION-003,LOITER,4500.0,10.0,0.4281271736492361,0.2918728263507639,2752.1627324325177,529.570169250482,147.12693145993376,46.46723363824585,341.1306423793181,11.889053872975543,4.829478687372826,14.2,2822.6128475863616,452.68695107099245,126.32693145993376,46.46723363824585,341.1306423793181,9.771825101075788,4.829478687372826,-70.45011515384385,76.88321817948952,20.799999999999997,0.0,0.0,2.1172287718997556,0.0,-0.024959184612968192,0.16983749586241628,0.1646521431306751,0.0,0.0,0.21666666666666684,0.0,3,INJECTOR_DEGRADATION,0.8666666666666667,2026-01-01T00:02:00+00:00,True
2026-01-01T00:03:45Z,ENG-DATASET-003,MSN-INJECTOR_DEGRADATION-003,LOITER,4500.0,10.0,0.42446338384380866,0.2955366161561913,2725.4519180938396,521.6880668804763,146.94294212501907,46.331238427280745,340.1231001828255,11.816652935723026,5.277445642089707,14.2,2802.4620036565107,449.94815244314736,125.94294212501907,46.331238427280745,340.1231001828255,9.695715229311201,5.277445642089707,-77.01008556267107,71.73991443732893,21.0,0.0,0.0,2.1209377064118247,0.0,-0.027479439672042725,0.15944040229478115,0.16674217423914114,0.0,0.0,0.21874999999999994,0.0,3,INJECTOR_DEGRADATION,0.875,2026-01-01T00:02:00+00:00,True
2026-01-01T00:03:46Z,ENG-DATASET-003,MSN-INJECTOR_DEGRADATION-003,LOITER,4500.0,10.0,0.42072994442631606,0.2992700555736839,2702.538703228974,517.9387981225043,146.7276857896963,46.194246060241326,339.0964043430151,11.742293486494619,5.033454267545494,14.2,2781.9280868603014,447.1615150871649,125.52768578969629,46.194246060241326,339.0964043430151,9.618260876309586,5.033454267545494,-79.38938363132729,70.7772830353394,21.200000000000003,0.0,0.0,2.124032610185033,0.0,-0.028537539847382096,0.15828124882693187,0.16888704564758386,0.0,0.0,0.22083333333333327,0.0,3,INJECTOR_DEGRADATION,0.8833333333333333,2026-01-01T00:02:00+00:00,True
2026-01-01T00:03:47Z,ENG-DATASET-003,MSN-INJECTOR_DEGRADATION-003,LOITER,4500.0,10.0,0.416985114470187,0.303014885529813,2684.8727852167717,519.4952496679572,146.48418354121273,46.05627678451085,338.06657610507955,11.667449041159616,4.413999131049866,14.2,2761.3315221015914,444.37065321944317,125.08418354121274,46.05627678451085,338.06657610507955,9.540673832634779,4.413999131049866,-76.4587368848197,75.12459644851401,21.39999999999999,0.0,0.0,2.126775208524837,0.0,-0.027689082702618974,0.16905841082042675,0.17108477981909775,0.0,0.0,0.22291666666666674,0.0,3,INJECTOR_DEGRADATION,0.8916666666666666,2026-01-01T00:02:00+00:00,True
2026-01-01T00:03:48Z,ENG-DATASET-003,MSN-INJECTOR_DEGRADATION-003,LOITER,4500.0,10.0,0.4132873307943961,0.30671266920560386,2670.672456478648,524.2977926625873,146.21624138880847,45.9174507907134,337.0496855942371,11.593599847593955,4.273391698750811,14.2,2740.9937118847415,441.61904806868046,124.61624138880848,45.9174507907134,337.0496855942371,9.464163140893024,4.273391698750811,-70.32125540609331,82.67874459390686,21.599999999999994,0.0,0.0,2.1294367067009308,0.0,-0.025655387351377592,0.18721734253874095,0.1733321416155298,0.0,0.0,0.22500000000000003,0.0,3,INJECTOR_DEGRADATION,0.9,2026-01-01T00:02:00+00:00,True
2026-01-01T00:03:49Z,ENG-DATASET-003,MSN-INJECTOR_DEGRADATION-003,LOITER,4500.0,10.0,0.4096942960764483,0.31030570392355167,2656.1474041227275,528.281424167897,145.92835160779092,45.777982949223116,336.06160104680146,11.522209853139747,4.780326675442377,14.2,2721.2320209360287,438.94937431453167,124.12835160779092,45.777982949223116,336.06160104680146,9.389916348908454,4.780326675442377,-65.08461681330118,89.33204985336528,21.799999999999997,0.0,0.0,2.132293504231294,0.0,-0.023917334616294084,0.20351333224444668,0.1756246636455915,0.0,0.0,0.22708333333333325,0.0,3,INJECTOR_DEGRADATION,0.9083333333333333,2026-01-01T00:02:00+00:00,True
2026-01-01T00:03:50Z,ENG-DATASET-003,MSN-INJECTOR_DEGRADATION-003,LOITER,4500.0,10.0,0.40626207842139567,0.3137379215786043,2637.973514013403,527.8548746085909,145.62558772438916,45.6381762047458,335.11774119166193,11.454704206821994,5.176708267182548,14.2,2702.354823833239,436.4028510950934,123.62558772438916,45.6381762047458,335.11774119166193,9.319081388600944,5.176708267182548,-64.38130981983613,91.45202351349747,22.0,0.0,0.0,2.1356228182210497,0.0,-0.023824151163285234,0.20955872145200494,0.1779566868393523,0.0,0.0,0.22916666666666666,0.0,3,INJECTOR_DEGRADATION,0.9166666666666666,2026-01-01T00:02:00+00:00,True
2026-01-01T00:03:51Z,ENG-DATASET-003,MSN-INJECTOR_DEGRADATION-003,LOITER,4500.0,10.0,0.4030442364378103,0.3169557635621897,2615.52279139288,522.1347250490078,145.31349461644143,45.4984137266276,334.232834646176,11.39244761988218,4.864252127799938,14.2,2684.6566929235196,434.0186265796471,123.11349461644143,45.4984137266276,334.232834646176,9.252749335944918,4.864252127799938,-69.13390153063938,88.11609846936068,22.200000000000003,0.0,0.0,2.1396982839372622,0.0,-0.025751486852255364,0.20302377149979398,0.18032141861591883,0.0,0.0,0.23125,0.0,3,INJECTOR_DEGRADATION,0.9249999999999999,2026-01-01T00:02:00+00:00,True
2026-01-01T00:03:52Z,ENG-DATASET-003,MSN-INJECTOR_DEGRADATION-003,LOITER,4500.0,10.0,0.40009098347361094,0.31990901652638903,2591.4739197478752,513.5599887205394,144.99797525295781,45.3591499321786,333.4206900810212,11.336723875981248,4.262107113091336,14.2,2668.4138016204233,431.83320392642105,122.59797525295781,45.3591499321786,333.4206900810212,9.191938277822633,4.262107113091336,-76.93988187254809,81.72678479411837,22.400000000000006,0.0,0.0,2.144785598158615,0.0,-0.028833564653962404,0.18925544411828876,0.18271101095904585,0.0,0.0,0.2333333333333334,0.0,3,INJECTOR_DEGRADATION,0.9333333333333333,2026-01-01T00:02:00+00:00,True
2026-01-01T00:03:53Z,ENG-DATASET-003,MSN-INJECTOR_DEGRADATION-003,LOITER,4500.0,10.0,0.39744840405356296,0.322551595946437,2570.3966954810094,506.4803292691239,144.68517560928555,45.2209005180937,332.693980740508,11.288716748855562,4.2067956544008105,14.2,2653.879614810159,429.87991526494045,122.08517560928554,45.2209005180937,332.693980740508,9.137578481367065,4.2067956544008105,-83.48291932914981,76.60041400418345,22.60000000000001,0.0,0.0,2.1511382674884967,0.0,-0.03145693529701483,0.17819026031251922,0.18511666045620284,0.0,0.0,0.2354166666666667,0.0,3,INJECTOR_DEGRADATION,0.9416666666666667,2026-01-01T00:02:00+00:00,True
2026-01-01T00:03:54Z,ENG-DATASET-003,MSN-INJECTOR_DEGRADATION-003,LOITER,4500.0,10.0,0.39515773474568266,0.3248422652543173,2556.1385061716883,504.5460217612053,144.38136927851536,45.08423165073102,332.0640466808409,11.249492551722266,4.754156614571677,14.2,2641.2809336168175,428.1884492063346,121.58136927851535,45.08423165073102,332.0640466808409,9.09049903169476,4.754156614571677,-85.14242744512921,76.35757255487067,22.80000000000001,0.0,0.0,2.158993520027506,0.0,-0.03223527886090485,0.17832702562715705,0.1875287318714957,0.0,0.0,0.23750000000000007,0.0,3,INJECTOR_DEGRADATION,0.95,2026-01-01T00:02:00+00:00,True
2026-01-01T00:03:55Z,ENG-DATASET-003,MSN-INJECTOR_DEGRADATION-003,LOITER,4500.0,10.0,0.39325472067838524,0.32674527932161473,2549.5905877519835,508.4773345020067,144.0928432589148,44.949748479326125,331.54071781233415,11.219984510496076,5.099711529640514,14.2,2630.814356246682,426.78443633003894,121.0928432589148,44.949748479326125,331.54071781233415,9.051416075694315,5.099711529640514,-81.22376849469856,81.69289817196778,23.0,0.0,0.0,2.1685684348017613,0.0,-0.030874002303445884,0.19141489524419633,0.1899369061045377,0.0,0.0,0.23958333333333318,0.0,3,INJECTOR_DEGRADATION,0.9583333333333334,2026-01-01T00:02:00+00:00,True
2026-01-01T00:03:56Z,ENG-DATASET-003,MSN-INJECTOR_DEGRADATION-003,LOITER,4500.0,10.0,0.3917690577497114,0.3282309422502886,2548.2075541220756,515.5867734638671,143.82578633670914,44.818083146969364,331.1321605069488,11.200979122756252,4.731537881919367,14.2,2622.6432101389755,425.6890961474336,120.62578633670915,44.818083146969364,331.1321605069488,9.020922783427853,4.731537881919367,-74.43565601689988,89.89767731643349,23.19999999999999,0.0,0.0,2.1800563393283987,0.0,-0.028381922378589764,0.21118153631376604,0.19233035244421617,0.0,0.0,0.24166666666666678,0.0,3,INJECTOR_DEGRADATION,0.9666666666666667,2026-01-01T00:02:00+00:00,True
2026-01-01T00:03:57Z,ENG-DATASET-003,MSN-INJECTOR_DEGRADATION-003,LOITER,4500.0,10.0,0.3907239292327702,0.32927607076722976,2547.603828959395,521.3777738796309,143.58618140843913,44.68988248218801,330.84475016478996,11.193104636915027,4.163951022529059,14.2,2616.895003295799,424.91894821603535,120.18618140843913,44.68988248218801,330.84475016478996,8.99948111510756,4.163951022529059,-69.29117433640431,96.45882566359558,23.400000000000006,0.0,0.0,2.193623521807467,0.0,-0.026478392999771425,0.22700523492436592,0.1946979238859229,0.0,0.0,0.2437499999999999,0.0,3,INJECTOR_DEGRADATION,0.975,2026-01-01T00:02:00+00:00,True
2026-01-01T00:03:58Z,ENG-DATASET-003,MSN-INJECTOR_DEGRADATION-003,LOITER,4500.0,10.0,0.39013564400851636,0.3298643559914836,2544.2838430683523,522.2766645468662,143.37970300195147,44.56579555912851,330.68297172812015,11.196821761379695,4.200862429334748,14.2,2613.659434562403,424.4855893742502,119.77970300195148,44.56579555912851,330.68297172812015,8.98741546063922,4.200862429334748,-69.3755914940507,97.79107517261599,23.599999999999994,0.0,0.0,2.2094063007404756,0.0,-0.02654347026879041,0.23037548887530765,0.19702837299250522,0.0,0.0,0.24583333333333343,0.0,3,INJECTOR_DEGRADATION,0.9833333333333333,2026-01-01T00:02:00+00:00,True
2026-01-01T00:03:59Z,ENG-DATASET-003,MSN-INJECTOR_DEGRADATION-003,LOITER,4500.0,10.0,0.39001338207111713,0.32998661792888284,2537.851989396159,517.8438673009019,143.21162116370925,44.4464613165476,330.64934969533533,11.212416691550485,4.784179767436322,14.2,2612.986993906707,424.39553847811686,119.41162116370924,44.4464613165476,330.64934969533533,8.984908200240788,4.784179767436322,-75.13500451054824,93.44832882278507,23.80000000000001,0.0,0.0,2.227508491309697,0.0,-0.028754450246311035,0.22019159098111857,0.19931058441431782,0.0,0.0,0.24791666666666687,0.0,3,INJECTOR_DEGRADATION,0.9916666666666667,2026-01-01T00:02:00+00:00,True
2026-01-01T00:04:00Z,ENG-DATASET-003,MSN-INJECTOR_DEGRADATION-003,DESCENT,2200.0,10.0,0.32035905127721415,0.42964094872278585,2137.888182756645,544.6987528886945,143.92666245896862,44.44284491206449,311.07187831665817,12.416317535322055,4.686939753700024,14.2,2221.4375663331634,458.24813646521295,119.92666245896864,44.44284491206449,311.07187831665817,9.933054028257644,4.686939753700024,-83.54938357651827,86.4506164234815,23.999999999999986,0.0,0.0,2.483263507064411,0.0,-0.037610502695526946,0.18865459462712783,0.20012230398066216,0.0,0.0,0.25,0.0,3,INJECTOR_DEGRADATION,1.0,2026-01-01T00:02:00+00:00,True
2026-01-01T00:04:01Z,ENG-DATASET-003,MSN-INJECTOR_DEGRADATION-003,DESCENT,2200.0,10.0,0.3211672575744583,0.4288327424255417,2136.703333367466,539.8230596519102,144.40905689438304,44.44102932420587,311.29413504840034,12.442924109802059,4.272873576197322,14.2,2225.8827009680062,459.0024272524507,120.40905689438304,44.44102932420587,311.29413504840034,9.954339287841647,4.272873576197322,-89.17936760054044,80.8206323994595,24.0,0.0,0.0,2.488584821960412,0.0,-0.04006472019471536,0.17607887802085254,0.1993205546078783,0.0,0.0,0.25000000000000006,0.0,3,INJECTOR_DEGRADATION,1.0,2026-01-01T00:02:00+00:00,True
2026-01-01T00:04:02Z,ENG-DATASET-003,MSN-INJECTOR_DEGRADATION-003,DESCENT,2200.0,10.0,0.3224253891738927,0.4275746108261073,2143.5611543516925,540.9358335787626,144.87257880474385,44.44186449838503,311.6401212382448,12.484357455674457,3.7521858794266647,14.2,2232.802424764895,460.1771039919651,120.87257880474387,44.44186449838503,311.6401212382448,9.987485964539566,3.7521858794266647,-89.24127041320253,80.75872958679753,23.999999999999986,0.0,0.0,2.4968714911348915,0.0,-0.03996827906642894,0.17549488856839693,0.19855620056530193,0.0,0.0,0.25,0.0,3,INJECTOR_DEGRADATION,1.0,2026-01-01T00:02:00+00:00,True
2026-01-01T00:04:03Z,ENG-DATASET-003,MSN-INJECTOR_DEGRADATION-003,DESCENT,2200.0,10.0,0.3241138133527011,0.4258861866472989,2158.3912151493423,548.0568983694485,145.32918194848065,44.446126151209334,312.1044378874171,12.539990101163937,3.8819961228964392,14.2,2242.0887577483413,461.7544409684474,121.32918194848067,44.446126151209334,312.1044378874171,10.03199208093115,3.8819961228964392,-83.69754259899901,86.3024574010011,23.999999999999986,0.0,0.0,2.5079980202327867,0.0,-0.03733016470010483,0.18690119627219423,0.19780896577866133,0.0,0.0,0.24999999999999992,0.0,3,INJECTOR_DEGRADATION,1.0,2026-01-01T00:02:00+00:00,True
2026-01-01T00:04:04Z,ENG-DATASET-003,MSN-INJECTOR_DEGRADATION-003,DESCENT,2200.0,10.0,0.32620618281628144,0.42379381718371856,2177.685854737597,557.7996594785935,145.78902861710833,44.45450498026407,312.67983948990167,12.608978219895013,4.491282189870367,14.2,2253.596789798033,463.7105945390298,121.78902861710834,44.45450498026407,312.67983948990167,10.08718257591601,4.491282189870367,-75.91093506043626,94.08906493956374,23.999999999999986,0.0,0.0,2.5217956439790026,0.0,-0.03368434646520746,0.2029047126540138,0.19706208574381043,0.0,0.0,0.25,0.0,3,INJECTOR_DEGRADATION,1.0,2026-01-01T00:02:00+00:00,True
2026-01-01T00:04:05Z,ENG-DATASET-003,MSN-INJECTOR_DEGRADATION-003,DESCENT,2200.0,10.0,0.3286698468389655,0.4213301531610345,2196.542242478495,565.4112286320784,146.260523957307,44.46759714800638,313.3573470961398,12.69027331138755,4.725666256134709,14.2,2267.146941922796,466.01592807637905,122.26052395730699,44.46759714800638,313.3573470961398,10.15221864911004,4.725666256134709,-70.60469944430088,99.39530055569935,24.0,0.0,0.0,2.53805466227751,0.0,-0.03114253343650506,0.2132873461342477,0.196302119630869,0.0,0.0,0.25,0.0,3,INJECTOR_DEGRADATION,1.0,2026-01-01T00:02:00+00:00,True
2026-01-01T00:04:06Z,ENG-DATASET-003,MSN-INJECTOR_DEGRADATION-003,DESCENT,2200.0,10.0,0.3314663607676731,0.4185336392323269,2211.5302414581015,567.6378928777038,146.75035706033353,44.485896190368315,314.1263884265344,12.782636843210815,4.271171899299662,14.2,2282.5277685306874,468.6354199502897,122.75035706033353,44.485896190368315,314.1263884265344,10.226109474568652,4.271171899299662,-70.99752707258585,99.00247292741415,24.0,0.0,0.0,2.556527368642163,0.0,-0.031104781309315023,0.2112569146777591,0.1955187795356364,0.0,0.0,0.25,0.0,3,INJECTOR_DEGRADATION,1.0,2026-01-01T00:02:00+00:00,True
2026-01-01T00:04:07Z,ENG-DATASET-003,MSN-INJECTOR_DEGRADATION-003,DESCENT,2200.0,10.0,0.33455208593786506,0.41544791406213494,2222.648122989535,564.678017488017,147.26355014093082,44.50978647835174,314.97496284833716,12.884657729930844,3.8037099747510346,14.2,2299.499256966743,471.5291514652251,123.2635501409308,44.50978647835174,314.97496284833716,10.307726183944675,3.8037099747510346,-76.85113397720806,93.14886602279188,24.000000000000014,0.0,0.0,2.5769315459861684,0.0,-0.033420812702754245,0.19754635685480315,0.19470476043047694,0.0,0.0,0.24999999999999994,0.0,3,INJECTOR_DEGRADATION,1.0,2026-01-01T00:02:00+00:00,True
2026-01-01T00:04:08Z,ENG-DATASET-003,MSN-INJECTOR_DEGRADATION-003,DESCENT,2200.0,10.0,0.337878870640308,0.412121129359692,2233.1817720725944,560.0380699336042,147.80351689411745,44.539538336583135,315.889828641509,12.994772488163482,4.020331111435211,14.2,2317.7965728301797,474.6528706911894,123.80351689411745,44.539538336583135,315.889828641509,10.395817990530785,4.020331111435211,-84.61480075758527,85.38519924241484,24.0,0.0,0.0,2.598954497632697,0.0,-0.03650656910509843,0.1798897773821044,0.19385555921263464,0.0,0.0,0.25000000000000006,0.0,3,INJECTOR_DEGRADATION,1.0,2026-01-01T00:02:00+00:00,True
2026-01-01T00:04:09Z,ENG-DATASET-003,MSN-INJECTOR_DEGRADATION-003,DESCENT,2200.0,10.0,0.3413948015123923,0.4086051984876077,2247.5550013036313,558.379435677206,148.37213087971116,44.57530489686249,316.85670963133214,13.11128786715354,4.64015179860603,14.2,2337.134192626643,477.9586270002179,124.37213087971115,44.57530489686249,316.85670963133214,10.489030293722832,4.64015179860603,-89.57919132301186,80.42080867698803,24.000000000000014,0.0,0.0,2.6222575734307085,0.0,-0.03832864694103687,0.16825893316693155,0.19296927559448238,0.0,0.0,0.25000000000000006,0.0,3,INJECTOR_DEGRADATION,1.0,2026-01-01T00:02:00+00:00,True
2026-01-01T00:04:10Z,ENG-DATASET-003,MSN-INJECTOR_DEGRADATION-003,DESCENT,2200.0,10.0,0.3450450136287926,0.4049549863712074,2268.4773862947045,562.6624968888191,148.96980453826401,44.61712073759215,317.8605179633422,13.232405710733183,4.806309565537098,14.2,2357.2103592668445,481.395469860959,124.96980453826401,44.61712073759215,317.8605179633422,10.585924568586545,4.806309565537098,-88.73297297214003,81.26702702786008,24.0,0.0,0.0,2.646481142146637,0.0,-0.03764321356526634,0.16881552095064867,0.19204639143571306,0.0,0.0,0.2500000000000001,0.0,3,INJECTOR_DEGRADATION,1.0,2026-01-01T00:02:00+00:00,True
2026-01-01T00:04:11Z,ENG-DATASET-003,MSN-INJECTOR_DEGRADATION-003,DESCENT,2200.0,10.0,0.34877254665027746,0.40122745334972254,2295.122340483548,572.3207536724219,149.59557918628474,44.66490233203173,318.88558954425054,13.356249760105614,4.313083038970517,14.2,2377.711790885011,484.9102040738846,125.59557918628472,44.66490233203173,318.88558954425054,10.684999808084491,4.313083038970517,-82.58945040146273,87.41054959853733,24.000000000000014,0.0,0.0,2.671249952021123,0.0,-0.03473484495390503,0.1802613120206041,0.19108952843318597,0.0,0.0,0.25,0.0,3,INJECTOR_DEGRADATION,1.0,2026-01-01T00:02:00+00:00,True
2026-01-01T00:04:12Z,ENG-DATASET-003,MSN-INJECTOR_DEGRADATION-003,DESCENT,2200.0,10.0,0.3525192336707524,0.3974807663292476,2323.4433675333216,583.5729902241262,150.24722607236694,44.71845030003077,319.9159284748812,13.480894058927884,3.900119460695535,14.2,2398.3185694976232,488.4481921884278,126.24722607236694,44.71845030003077,319.9159284748812,10.784715247142307,3.900119460695535,-74.8752019643016,95.1247980356984,24.0,0.0,0.0,2.696178811785577,0.0,-0.031219873338171975,0.19474900216029928,0.19010318679194435,0.0,0.0,0.25000000000000006,0.0,3,INJECTOR_DEGRADATION,1.0,2026-01-01T00:02:00+00:00,True
2026-01-01T00:04:13Z,ENG-DATASET-003,MSN-INJECTOR_DEGRADATION-003,DESCENT,2200.0,10.0,0.3562266088923747,0.3937733911076253,2348.439545969049,591.6846061353589,150.92135829970164,44.77745342968202,320.9354566608273,13.604392574310314,4.192244943665212,14.2,2418.709133216546,491.9541933828558,126.92135829970164,44.77745342968202,320.9354566608273,10.88351405944825,4.192244943665212,-70.26958724749693,99.73041275250307,24.0,0.0,0.0,2.720878514862063,0.0,-0.02905251660171646,0.2027229650523365,0.18909346954299353,0.0,0.0,0.25000000000000006,0.0,3,INJECTOR_DEGRADATION,1.0,2026-01-01T00:02:00+00:00,True
2026-01-01T00:04:14Z,ENG-DATASET-003,MSN-INJECTOR_DEGRADATION-003,DESCENT,2200.0,10.0,0.3598368199647748,0.3901631800352252,2366.9989837778207,593.8069163344073,151.6135531365148,44.841494407656235,321.9282647057373,13.724809601638215,4.803773513906801,14.2,2438.565294114747,495.3732266713334,127.61355313651481,44.841494407656235,321.9282647057373,10.979847681310572,4.803773513906801,-71.56631033692611,98.43368966307395,24.0,0.0,0.0,2.7449619203276434,0.0,-0.029347711340616887,0.1987061156383044,0.1880677985223557,0.0,0.0,0.25000000000000006,0.0,3,INJECTOR_DEGRADATION,1.0,2026-01-01T00:02:00+00:00,True
2026-01-01T00:04:15Z,ENG-DATASET-003,MSN-INJECTOR_DEGRADATION-003,DESCENT,2200.0,10.0,0.3632935307516341,0.3867064692483659,2379.5984070356017,590.6726485953816,152.31848394791967,44.91005717025505,322.87886017212367,13.840250479835712,4.8905576253712395,14.2,2457.5772034424735,498.65144500225375,128.31848394791967,44.91005717025505,322.87886017212367,11.07220038386857,4.8905576253712395,-77.97879640687188,92.02120359312784,24.0,0.0,0.0,2.7680500959671424,0.0,-0.0317299478110565,0.1845401322214396,0.18703462869574444,0.0,0.0,0.25,0.0,3,INJECTOR_DEGRADATION,1.0,2026-01-01T00:02:00+00:00,True
2026-01-01T00:04:16Z,ENG-DATASET-003,MSN-INJECTOR_DEGRADATION-003,DESCENT,2200.0,10.0,0.3665428004372507,0.3834571995627493,2389.8308692588676,586.1196882495144,153.03006069572797,44.98253576186962,323.7724093356682,13.948892109250991,4.358878824606293,14.2,2475.448186713364,501.73700570401087,129.03006069572797,44.98253576186962,323.7724093356682,11.159113687400794,4.358878824606293,-85.61731745449651,84.38268254550354,24.0,0.0,0.0,2.7897784218501975,0.0,-0.03458659240538177,0.16818110202396216,0.18600316756105045,0.0,0.0,0.24999999999999992,0.0,3,INJECTOR_DEGRADATION,1.0,2026-01-01T00:02:00+00:00,True
2026-01-01T00:04:17Z,ENG-DATASET-003,MSN-INJECTOR_DEGRADATION-003,DESCENT,2200.0,10.0,0.3695339252549268,0.3804660747450732,2402.0509240992933,584.7324727843297,153.74157767354563,45.05824456395418,324.5949686605291,14.049012739156609,3.999238157739031,14.2,2491.8993732105823,504.5809218956188,129.74157767354563,45.05824456395418,324.5949686605291,11.239210191325288,3.999238157739031,-89.84844911128903,80.15155088871091,24.0,0.0,0.0,2.809802547831321,0.0,-0.03605621080739211,0.15884776338272186,0.18498310588135858,0.0,0.0,0.24999999999999992,0.0,3,INJECTOR_DEGRADATION,1.0,2026-01-01T00:02:00+00:00,True
2026-01-01T00:04:18Z,ENG-DATASET-003,MSN-INJECTOR_DEGRADATION-003,DESCENT,2200.0,10.0,0.3722202297022902,0.3777797702977098,2418.5684039805797,589.0322352912821,154.44586688073568,45.13642973618357,325.33370238355405,14.139020478175349,4.3533755192103705,14.2,2506.6740476710816,507.1378789817841,130.44586688073568,45.13642973618357,325.33370238355405,11.311216382540279,4.3533755192103705,-88.10564369050189,81.89435630949794,24.0,0.0,0.0,2.82780409563507,0.0,-0.035148424571738675,0.16148341447876643,0.18398436511555227,0.0,0.0,0.25000000000000006,0.0,3,INJECTOR_DEGRADATION,1.0,2026-01-01T00:02:00+00:00,True
2026-01-01T00:04:19Z,ENG-DATASET-003,MSN-INJECTOR_DEGRADATION-003,DESCENT,2200.0,10.0,0.37455979489689756,0.37544020510310244,2438.0955926672113,597.9209366828197,155.1354551990879,45.21628169249634,325.9770828120711,14.217479980680135,4.937718717093203,14.2,2519.5416562414225,509.3670002570312,131.1354551990879,45.21628169249634,325.9770828120711,11.373983984544108,4.937718717093203,-81.44606357421117,88.55393642578855,24.0,0.0,0.0,2.8434959961360278,0.0,-0.032325745983382545,0.17385094908210275,0.1830168657558214,0.0,0.0,0.25000000000000006,0.0,3,INJECTOR_DEGRADATION,1.0,2026-01-01T00:02:00+00:00,True
2026-01-01T00:04:20Z,ENG-DATASET-003,MSN-INJECTOR_DEGRADATION-003,DESCENT,2200.0,10.0,0.3765161127063749,0.3734838872936251,2456.3920834954583,607.3232253000252,155.80272332913196,45.29694841852684,326.5150702096774,14.283136776811638,4.935814304669448,14.2,2530.3014041935476,511.2325459981146,131.80272332913196,45.29694841852684,326.5150702096774,11.42650942144931,4.935814304669448,-73.90932069808923,96.09067930191065,24.0,0.0,0.0,2.8566273553623276,0.0,-0.029209690424862825,0.1879588458405092,0.1820903194850402,0.0,0.0,0.25,0.0,3,INJECTOR_DEGRADATION,1.0,2026-01-01T00:02:00+00:00,True
2026-01-01T00:04:21Z,ENG-DATASET-003,MSN-INJECTOR_DEGRADATION-003,DESCENT,2200.0,10.0,0.37805865544561273,0.37194134455438727,2468.7182871018135,612.6374290982543,156.4400642776137,45.37754942375226,326.9392694629678,14.334938744025841,4.3677171944766435,14.2,2538.7853892593557,512.7045312557967,132.4400642776137,45.37754942375226,326.9392694629678,11.467950995220672,4.3677171944766435,-70.0671021575422,99.93289784245758,24.0,0.0,0.0,2.866987748805169,0.0,-0.02759867078720781,0.19491323315923537,0.18121404675319774,0.0,0.0,0.25000000000000006,0.0,3,INJECTOR_DEGRADATION,1.0,2026-01-01T00:02:00+00:00,True
2026-01-01T00:04:22Z,ENG-DATASET-003,MSN-INJECTOR_DEGRADATION-003,DESCENT,2200.0,10.0,0.379163352251082,0.370836647748918,2472.6111755277257,611.5092027093434,157.04003907162866,45.45719011173069,327.24306108447183,14.372054264119425,4.060988099521264,14.2,2544.861221689436,513.7592488710538,133.04003907162866,45.45719011173069,327.24306108447183,11.49764341129554,4.060988099521264,-72.25004616171054,97.74995383828957,24.0,0.0,0.0,2.8744108528238854,0.0,-0.028390564305014045,0.1902641247881912,0.18039682014132918,0.0,0.0,0.25000000000000006,0.0,3,INJECTOR_DEGRADATION,1.0,2026-01-01T00:02:00+00:00,True
2026-01-01T00:04:23Z,ENG-DATASET-003,MSN-INJECTOR_DEGRADATION-003,DESCENT,2200.0,10.0,0.3798129646986088,0.3701870353013912,2469.300081980911,605.2456778473766,157.59552731489828,45.53497634523819,327.4217045075417,14.393886670792783,4.464854279914526,14.2,2548.434090150834,514.3796860172996,133.59552731489828,45.53497634523819,327.4217045075417,11.515109336634227,4.464854279914526,-79.13400816992316,90.86599183007695,24.0,0.0,0.0,2.8787773341585563,0.0,-0.031052012871653066,0.17665159472689781,0.1796467328088728,0.0,0.0,0.24999999999999997,0.0,3,INJECTOR_DEGRADATION,1.0,2026-01-01T00:02:00+00:00,True
2026-01-01T00:04:24Z,ENG-DATASET-003,MSN-INJECTOR_DEGRADATION-003,DESCENT,2200.0,10.0,0.379997355803218,0.370002644196782,2462.9049720244034,598.0125555629944,158.09987020252782,45.6100289800296,327.4724120613092,14.400084667516309,5.006459919955852,14.2,2549.448241226184,514.5558247647754,134.09987020252782,45.6100289800296,327.4724120613092,11.520067734013047,5.006459919955852,-86.54326920178073,83.45673079821904,24.0,0.0,0.0,2.8800169335032617,0.0,-0.033945882015693256,0.16219179101970238,0.17897109045484813,0.0,0.0,0.25,0.0,3,INJECTOR_DEGRADATION,1.0,2026-01-01T00:02:00+00:00,True
2026-01-01T00:04:25Z,ENG-DATASET-003,MSN-INJECTOR_DEGRADATION-003,DESCENT,2200.0,10.0,0.3797136482033933,0.3702863517966067,2457.9043784891805,594.3013487700698,158.54700367497597,45.681498141396915,327.39439247135743,14.390548481539689,4.911492914090974,14.2,2547.8878494271485,514.2848197080375,134.54700367497597,45.681498141396915,327.39439247135743,11.512438785231751,4.911492914090974,-89.98347093796792,80.0165290620323,24.0,0.0,0.0,2.878109696307938,0.0,-0.0353168884408312,0.15558796603690958,0.17837632458896366,0.0,0.0,0.25,0.0,3,INJECTOR_DEGRADATION,1.0,2026-01-01T00:02:00+00:00,True
2026-01-01T00:04:26Z,ENG-DATASET-003,MSN-INJECTOR_DEGRADATION-003,DESCENT,2200.0,10.0,0.3789662690613416,0.3710337309386584,2456.409430977536,596.2032153360067,158.93157952008676,45.74857702167419,327.1888632072932,14.365431614455398,4.313497465927057,14.2,2543.777264145864,513.5710485043348,134.93157952008676,45.74857702167419,327.1888632072932,11.492345291564318,4.313497465927057,-87.36783316832816,82.63216683167184,24.0,0.0,0.0,2.87308632289108,0.0,-0.03434570880075228,0.16089724503030348,0.17786792450930444,0.0,0.0,0.25000000000000006,0.0,3,INJECTOR_DEGRADATION,1.0,2026-01-01T00:02:00+00:00,True
2026-01-01T00:04:27Z,ENG-DATASET-003,MSN-INJECTOR_DEGRADATION-003,DESCENT,2200.0,10.0,0.37776688097860717,0.37223311902139283,2456.897663025343,602.1430674706827,159.2490724214822,45.81051498427575,326.8590314845412,14.325138149438397,4.062587772339515,14.2,2537.180629690825,512.4260341361645,135.2490724214822,45.81051498427575,326.8590314845412,11.460110519550717,4.062587772339515,-80.28296666548204,89.71703333451819,24.0,0.0,0.0,2.8650276298876793,0.0,-0.03164259009626175,0.17508289461865656,0.17745038520639772,0.0,0.0,0.25,0.0,3,INJECTOR_DEGRADATION,1.0,2026-01-01T00:02:00+00:00,True
2026-01-01T00:04:28Z,ENG-DATASET-003,MSN-INJECTOR_DEGRADATION-003,DESCENT,2200.0,10.0,0.37613420000507525,0.37386579999492475,2455.1744279560016,607.841784342023,159.49587119739448,45.8666297706406,326.41004421682,14.270315676472283,4.507613423766719,14.2,2528.200884336399,510.8682407224205,135.49587119739448,45.8666297706406,326.41004421682,11.416252541177826,4.507613423766719,-73.02645638039758,96.97354361960242,24.0,0.0,0.0,2.8540631352944565,0.0,-0.028884752328359985,0.18982104560360183,0.17712716843626972,0.0,0.0,0.25,0.0,3,INJECTOR_DEGRADATION,1.0,2026-01-01T00:02:00+00:00,True
2026-01-01T00:04:29Z,ENG-DATASET-003,MSN-INJECTOR_DEGRADATION-003,DESCENT,2200.0,10.0,0.37409370358127364,0.37590629641872636,2446.978149926377,608.9227435644436,159.66935276874398,45.91631862042012,325.84890770027454,14.20184399578999,4.99653686009444,14.2,2516.9781540054905,508.9227476435574,135.66935276874398,45.91631862042012,325.84890770027454,11.361475196631991,4.99653686009444,-70.00000407911375,99.99999592088625,24.0,0.0,0.0,2.8403687991579982,0.0,-0.02781112897929469,0.19649346857437958,0.17690067439850876,0.0,0.0,0.25000000000000006,0.0,3,INJECTOR_DEGRADATION,1.0,2026-01-01T00:02:00+00:00,True
2026-01-01T00:04:30Z,ENG-DATASET-003,MSN-INJECTOR_DEGRADATION-003,DESCENT,2200.0,10.0,0.371677232971434,0.378322767028566,2430.6481505348215,603.5813943890706,159.76793772951012,45.9590681321719,325.1843782825686,14.120819852791172,4.810817338154555,14.2,2503.6875656513726,506.6208095056215,135.76793772951012,45.9590681321719,325.1843782825686,11.296655882232937,4.810817338154555,-73.03941511655103,96.96058488344914,24.0,0.0,0.0,2.824163970558235,0.0,-0.029172735495672245,0.1913868973879433,0.1767722217878502,0.0,0.0,0.25000000000000006,0.0,3,INJECTOR_DEGRADATION,1.0,2026-01-01T00:02:00+00:00,True
2026-01-01T00:04:31Z,ENG-DATASET-003,MSN-INJECTOR_DEGRADATION-003,DESCENT,2200.0,10.0,0.36892249639121344,0.38107750360878656,2408.235490917832,593.6982884027883,159.791126755187,45.99446271144496,324.426825723008,14.028538041577253,4.195128751277074,14.2,2488.5365144601597,503.99931194511583,135.791126755187,45.99446271144496,324.426825723008,11.222830433261802,4.195128751277074,-80.30102354232758,89.69897645767247,24.0,0.0,0.0,2.8057076083154513,0.0,-0.032268372626128555,0.17797440260680444,0.17674203442813127,0.0,0.0,0.25000000000000006,0.0,3,INJECTOR_DEGRADATION,1.0,2026-01-01T00:02:00+00:00,True
2026-01-01T00:04:32Z,ENG-DATASET-003,MSN-INJECTOR_DEGRADATION-003,DESCENT,2200.0,10.0,0.36587248058360067,0.38412751941639933,2384.381392391618,583.7201002606765,159.739517464352,46.02219147515445,323.58807137591447,13.926469286225672,4.007155275355028,14.2,2471.761427518289,501.10013538734756,135.739517464352,46.02219147515445,323.58807137591447,11.141175428980537,4.007155275355028,-87.38003512667092,82.61996487332897,24.0,0.0,0.0,2.7852938572451347,0.0,-0.03535132240266516,0.16487715536030378,0.17680923321613323,0.0,0.0,0.25000000000000006,0.0,3,INJECTOR_DEGRADATION,1.0,2026-01-01T00:02:00+00:00,True
2026-01-01T00:04:33Z,ENG-DATASET-003,MSN-INJECTOR_DEGRADATION-003,DESCENT,2200.0,10.0,0.3625747800251694,0.3874252199748306,2363.641658013306,577.9870241184581,159.61480173171853,46.042053505204024,322.68120372234586,13.81623536693176,4.489188873008663,14.2,2453.6240744469173,497.9694405520695,135.61480173171853,46.042053505204024,322.68120372234586,11.052988293545408,4.489188873008663,-89.98241643361143,80.01758356638857,24.0,0.0,0.0,2.763247073386353,0.0,-0.0366732692961104,0.1606877391465584,0.17697183267264782,0.0,0.0,0.25000000000000006,0.0,3,INJECTOR_DEGRADATION,1.0,2026-01-01T00:02:00+00:00,True
2026-01-01T00:04:34Z,ENG-DATASET-003,MSN-INJECTOR_DEGRADATION-003,DESCENT,2200.0,10.0,0.35908085423018943,0.39091914576981057,2347.8778846916093,578.1272928296534,159.41974382636096,46.053961370045506,321.72037412872635,13.699582000863206,4.9214250333113645,14.2,2434.4074825745274,494.6568907125714,135.41974382636096,46.053961370045506,321.72037412872635,10.959665600690565,4.9214250333113645,-86.5295978829181,83.47040211708196,24.0,0.0,0.0,2.739916400172641,0.0,-0.03554441830395954,0.16874403992803938,0.17722674199394056,0.0,0.0,0.24999999999999997,0.0,3,INJECTOR_DEGRADATION,1.0,2026-01-01T00:02:00+00:00,True
2026-01-01T00:04:35Z,ENG-DATASET-003,MSN-INJECTOR_DEGRADATION-003,DESCENT,2200.0,10.0,0.35544522474211765,0.39455477525788235,2335.295507515008,582.0988135685144,159.15814010481583,46.057942859866955,320.72057601950667,13.578350014478055,4.653664913438113,14.2,2414.411520390133,491.2148264436391,135.15814010481583,46.057942859866955,320.72057601950667,10.862680011582444,4.653664913438113,-79.11601287512485,90.88398712487532,24.0,0.0,0.0,2.7156700028956102,0.0,-0.03276823863992369,0.1850188191241478,0.17756977109471822,0.0,0.0,0.24999999999999992,0.0,3,INJECTOR_DEGRADATION,1.0,2026-01-01T00:02:00+00:00,True
2026-01-01T00:04:36Z,ENG-DATASET-003,MSN-INJECTOR_DEGRADATION-003,DESCENT,2200.0,10.0,0.3517246243431477,0.3982753756568523,2321.7095756004696,585.4587662545662,158.8347613155816,46.05414090895011,319.6974109097899,13.454445355404818,4.037322255433449,14.2,2393.9482181957974,487.6974088498937,134.8347613155816,46.05414090895011,319.6974109097899,10.763556284323855,4.037322255433449,-72.23864259532775,97.76135740467248,24.0,0.0,0.0,2.6908890710809636,0.0,-0.030175524285053462,0.2004549452809622,0.17799564270987842,0.0,0.0,0.25,0.0,3,INJECTOR_DEGRADATION,1.0,2026-01-01T00:02:00+00:00,True
2026-01-01T00:04:37Z,ENG-DATASET-003,MSN-INJECTOR_DEGRADATION-003,DESCENT,2200.0,10.0,0.34797711175811846,0.40202288824188154,2303.267691408215,584.0905395110325,158.4552788610473,46.04281170700226,318.6668449489068,13.32980848873169,3.9224639471272784,14.2,2373.336898978137,484.1597470809547,134.4552788610473,46.04281170700226,318.6668449489068,10.663846790985351,3.9224639471272784,-70.06920756992213,99.93079243007782,24.0,0.0,0.0,2.6659616977463383,0.0,-0.029523498159949858,0.20640045570200766,0.17849801215170422,0.0,0.0,0.25000000000000006,0.0,3,INJECTOR_DEGRADATION,1.0,2026-01-01T00:02:00+00:00,True
2026-01-01T00:04:38Z,ENG-DATASET-003,MSN-INJECTOR_DEGRADATION-003,DESCENT,2200.0,10.0,0.34426116566753134,0.40573883433246866,2278.9755375055743,576.7333673897112,158.02617660904372,46.024321029504065,317.6449597739954,13.20638370625084,4.440454117190739,14.2,2352.899195479908,480.65702536404524,134.02617660904372,46.024321029504065,317.6449597739954,10.565106965000671,4.440454117190739,-73.92365797433376,96.07634202566601,24.0,0.0,0.0,2.6412767412501683,0.0,-0.03141811519862242,0.19988544212559603,0.17906949677456177,0.0,0.0,0.25000000000000006,0.0,3,INJECTOR_DEGRADATION,1.0,2026-01-01T00:02:00+00:00,True
2026-01-01T00:04:39Z,ENG-DATASET-003,MSN-INJECTOR_DEGRADATION-003,LANDING,500.0,10.0,0.24063477216729953,0.5593652278327005,1679.5485904569066,475.1718547964285,155.2894537159235,46.01582409126606,288.05062631859226,11.88353245295316,4.2583576199201785,14.2,1761.012526371845,386.635790711367,131.2894537159235,46.01582409126606,288.05062631859226,9.506825962362528,4.2583576199201785,-81.46393591493847,88.53606408506147,24.0,0.0,0.0,2.3767064905906317,0.0,-0.046259714053696076,0.2289908648192267,0.18280219256551866,0.0,0.0,0.24999999999999994,0.0,3,INJECTOR_DEGRADATION,1.0,2026-01-01T00:02:00+00:00,True
2026-01-01T00:04:40Z,ENG-DATASET-003,MSN-INJECTOR_DEGRADATION-003,LANDING,500.0,10.0,0.23715451991511546,0.5628454800848846,1653.7549290111829,465.3821288867056,152.74796681584004,45.99938071567143,287.09355694924164,11.747314309345704,3.921459033669258,14.2,1741.8711389848327,383.4983388603553,128.74796681584004,45.99938071567143,287.09355694924164,9.397851447476564,3.921459033669258,-88.1162099736498,81.88379002635025,24.0,0.0,0.0,2.3494628618691404,0.0,-0.05058710027482525,0.21351797838208345,0.1864107107363442,0.0,0.0,0.24999999999999994,0.0,3,INJECTOR_DEGRADATION,1.0,2026-01-01T00:02:00+00:00,True
2026-01-01T00:04:41Z,ENG-DATASET-003,MSN-INJECTOR_DEGRADATION-003,LANDING,500.0,10.0,0.233874717083374,0.566125282916626,1633.9869234389687,460.7001550312362,150.3868065093191,45.975786020739285,286.1916111705127,11.619091281434024,3.3236889675667114,14.2,1723.8322234102545,380.54545500252215,126.38680650931909,45.975786020739285,286.1916111705127,9.29527302514722,3.3236889675667114,-89.84529997128584,80.15470002871405,24.0,0.0,0.0,2.3238182562868044,0.0,-0.05211951531660374,0.2106310796122445,0.18989323856545398,0.0,0.0,0.24999999999999994,0.0,3,INJECTOR_DEGRADATION,1.0,2026-01-01T00:02:00+00:00,True
2026-01-01T00:04:42Z,ENG-DATASET-003,MSN-INJECTOR_DEGRADATION-003,LANDING,500.0,10.0,0.230846543898306,0.569153456101694,1621.5749077749695,462.22007827745074,148.1936868932587,45.94592517744951,285.358863544619,11.500834199502787,3.2924098186137685,14.2,1707.1772708923802,377.8224413948616,124.19368689325871,45.94592517744951,285.358863544619,9.20066735960223,3.2924098186137685,-85.60236311741073,84.39763688258915,23.999999999999986,0.0,0.0,2.300166839900557,0.0,-0.05014263285772569,0.22337909990472304,0.19324653772963007,0.0,0.0,0.24999999999999994,0.0,3,INJECTOR_DEGRADATION,1.0,2026-01-01T00:02:00+00:00,True
2026-01-01T00:04:43Z,ENG-DATASET-003,MSN-INJECTOR_DEGRADATION-003,LANDING,500.0,10.0,0.2281172539896657,0.5718827460103344,1614.2050684219464,467.4098122603159,146.15859120976356,45.91076045858504,284.60830881974294,11.39435477942936,3.8456148593815556,14.2,1692.1661763948591,375.3709202332286,122.15859120976356,45.91076045858504,284.60830881974294,9.115483823543489,3.8456148593815556,-77.96110797291271,92.03889202708729,24.0,0.0,0.0,2.2788709558858713,0.0,-0.046071780100821996,0.24519451845097887,0.19646591993508347,0.0,0.0,0.2499999999999999,0.0,3,INJECTOR_DEGRADATION,1.0,2026-01-01T00:02:00+00:00,True
2026-01-01T00:04:44Z,ENG-DATASET-003,MSN-INJECTOR_DEGRADATION-003,LANDING,500.0,10.0,0.22572943701364281,0.5742705629863573,1607.4765656539562,471.67162060877473,144.273438038326,45.8713170499608,283.9516591513366,11.301279434416255,4.166568225827701,14.2,1679.0331830267328,373.2282379815514,120.27343803832599,45.8713170499608,283.9516591513366,9.041023547533005,4.166568225827701,-71.5566173727766,98.44338262722334,24.0,0.0,0.0,2.2602558868832503,0.0,-0.0426177505579634,0.26376188243315446,0.1995453060246954,0.0,0.0,0.2499999999999999,0.0,3,INJECTOR_DEGRADATION,1.0,2026-01-01T00:02:00+00:00,True
2026-01-01T00:04:45Z,ENG-DATASET-003,MSN-INJECTOR_DEGRADATION-003,LANDING,500.0,10.0,0.2237203540555221,0.576279645944478,1597.7094573819256,471.15316925306445,142.5317677001986,45.82866784682887,283.39916133785346,11.223026063663735,3.774299688632258,14.2,1667.9832267570694,371.4269386282082,118.5317677001986,45.82866784682887,283.39916133785346,8.978420850930988,3.774299688632258,-70.27376937514373,99.72623062485627,24.0,0.0,0.0,2.244605212732747,0.0,-0.04213098084431675,0.26849487813989836,0.20247736506134792,0.0,0.0,0.25,0.0,3,INJECTOR_DEGRADATION,1.0,2026-01-01T00:02:00+00:00,True
2026-01-01T00:04:46Z,ENG-DATASET-003,MSN-INJECTOR_DEGRADATION-003,LANDING,500.0,10.0,0.22212135618290982,0.5778786438170902,1584.2980160964685,465.10358830849685,140.92844869692198,45.78391747403028,282.95943692288506,11.160784047869278,3.2130089890669637,14.2,1659.1887384577014,369.99431066972977,116.92844869692199,45.78391747403028,282.95943692288506,8.928627238295423,3.2130089890669637,-74.89072236123297,95.10927763876708,23.999999999999986,0.0,0.0,2.232156809573855,0.0,-0.04513695194848515,0.25705605436637385,0.2052537279632254,0.0,0.0,0.2499999999999999,0.0,3,INJECTOR_DEGRADATION,1.0,2026-01-01T00:02:00+00:00,True
2026-01-01T00:04:47Z,ENG-DATASET-003,MSN-INJECTOR_DEGRADATION-003,LANDING,500.0,10.0,0.22095739522280947,0.5790426047771906,1570.1800585739861,456.3451169663064,139.45940411646654,45.73818578052435,282.6393476588575,11.115497635190167,3.2726817991244808,14.2,1652.7869531771496,368.95201156946985,115.45940411646654,45.73818578052435,282.6393476588575,8.892398108152133,3.2726817991244808,-82.60689460316348,87.39310539683657,24.0,0.0,0.0,2.223099527038034,0.0,-0.049980364646737066,0.23686848873672928,0.20786526817504317,0.0,0.0,0.2500000000000001,0.0,3,INJECTOR_DEGRADATION,1.0,2026-01-01T00:02:00+00:00,True
2026-01-01T00:04:48Z,ENG-DATASET-003,MSN-INJECTOR_DEGRADATION-003,LANDING,500.0,10.0,0.22024663439670653,0.5797533656032935,1560.1360090736473,449.574012962457,138.12135801787974,45.69259106707745,282.44388843167917,11.087852859715891,3.857517492621798,14.2,1648.8777686335839,368.3157725223936,114.12135801787973,45.69259106707745,282.44388843167917,8.870282287772714,3.857517492621798,-88.74175955993655,81.25824044006339,24.000000000000014,0.0,0.0,2.2175705719431775,0.0,-0.0538194893812392,0.22062112595279335,0.21030243958575978,0.0,0.0,0.2499999999999999,0.0,3,INJECTOR_DEGRADATION,1.0,2026-01-01T00:02:00+00:00,True
2026-01-01T00:04:49Z,ENG-DATASET-003,MSN-INJECTOR_DEGRADATION-003,LANDING,500.0,10.0,0.22000016488957225,0.5799998351104277,1557.9481958736933,448.52119510082696,136.9116018553787,45.64823331000859,282.37610931721724,11.078268097463326,4.1233412336686905,14.2,1647.522186344345,368.0951855714788,112.91160185537872,45.64823331000859,282.37610931721724,8.862614477970661,4.1233412336686905,-89.57399047065178,80.42600952934816,23.999999999999986,0.0,0.0,2.215653619492665,0.0,-0.0543689130338243,0.21849242446484154,0.21255565952150832,0.0,0.0,0.24999999999999994,0.0,3,INJECTOR_DEGRADATION,1.0,2026-01-01T00:02:00+00:00,True
2026-01-01T00:04:50Z,ENG-DATASET-003,MSN-INJECTOR_DEGRADATION-003,LANDING,500.0,10.0,0.22022183277563162,0.5797781672243685,1564.14259248535,453.69480721767883,135.82778103109086,45.60617764390358,282.4370679858836,11.086888331898205,3.6871309219508928,14.2,1648.7413597176715,368.2935744500003,111.82778103109085,45.60617764390358,282.4370679858836,8.869510665518565,3.6871309219508928,-84.5987672323215,85.40123276767855,24.000000000000014,0.0,0.0,2.2173776663796403,0.0,-0.05131112089455201,0.23188358063323383,0.2146157223072094,0.0,0.0,0.2499999999999999,0.0,3,INJECTOR_DEGRADATION,1.0,2026-01-01T00:02:00+00:00,True
2026-01-01T00:04:51Z,ENG-DATASET-003,MSN-INJECTOR_DEGRADATION-003,LANDING,500.0,10.0,0.2209081790016614,0.5790918209983387,1575.6822704605188,462.0739564413871,134.86770167652435,45.56743836212379,282.6258131980418,11.11358317112548,3.1757976847475824,14.2,1652.5162639608352,368.9079499417036,110.86770167652435,45.56743836212379,282.6258131980418,8.890866536900385,3.1757976847475824,-76.83399350031641,93.16600649968353,24.0,0.0,0.0,2.2227166342250957,0.0,-0.04649515116792665,0.25254540194757535,0.216474226822381,0.0,0.0,0.24999999999999994,0.0,3,INJECTOR_DEGRADATION,1.0,2026-01-01T00:02:00+00:00,True
2026-01-01T00:04:52Z,ENG-DATASET-003,MSN-INJECTOR_DEGRADATION-003,LANDING,500.0,10.0,0.22204849336435883,0.5779515066356412,1587.798316128325,468.9393731978426,134.02915775950163,45.53296368581209,282.93939964778355,11.157948631040323,3.327994947509205,14.2,1658.7879929556711,369.9290500251887,110.02915775950163,45.53296368581209,282.93939964778355,8.92635890483226,3.327994947509205,-70.9896768273461,99.0103231726539,24.0,0.0,0.0,2.231589726208064,0.0,-0.04279611205821117,0.267646791096596,0.21812399993516687,0.0,0.0,0.2499999999999999,0.0,3,INJECTOR_DEGRADATION,1.0,2026-01-01T00:02:00+00:00,True
2026-01-01T00:04:53Z,ENG-DATASET-003,MSN-INJECTOR_DEGRADATION-003,LANDING,500.0,10.0,0.22362498163948205,0.576375018360518,1596.8477771847136,470.7305632790394,133.30977859763084,45.50362154006506,283.3729339234425,11.21931267159364,3.935772815894714,14.2,1667.4586784688488,371.3414645631746,109.30977859763084,45.50362154006506,283.3729339234425,8.975450137274912,3.935772815894714,-70.61090128413525,99.3890987158648,24.0,0.0,0.0,2.243862534318728,0.0,-0.04234641745303939,0.267648803595851,0.21955949694440394,0.0,0.0,0.25,0.0,3,INJECTOR_DEGRADATION,1.0,2026-01-01T00:02:00+00:00,True
2026-01-01T00:04:54Z,ENG-DATASET-003,MSN-INJECTOR_DEGRADATION-003,LANDING,500.0,10.0,0.22561304325476791,0.5743869567452321,1602.465590320399,467.19641674112023,132.70689683220883,45.48018656018431,283.91965086764606,11.296744445546583,4.142345223471834,14.2,1678.3930173529213,373.1238437736424,108.70689683220881,45.48018656018431,283.91965086764606,9.037395556437266,4.142345223471834,-75.92742703252225,94.07257296747781,24.000000000000014,0.0,0.0,2.259348889109317,0.0,-0.04523816903878165,0.2521215798381072,0.22077716041369919,0.0,0.0,0.25000000000000006,0.0,3,INJECTOR_DEGRADATION,1.0,2026-01-01T00:02:00+00:00,True
2026-01-01T00:04:55Z,ENG-DATASET-003,MSN-INJECTOR_DEGRADATION-003,LANDING,500.0,10.0,0.22798165517363428,0.5720183448263658,1607.706062012317,461.5348682470706,132.21743687752394,45.46332853168656,284.57101914533433,11.389067189364399,3.6693685686953676,14.2,1691.4203829066862,375.24918914143984,108.21743687752392,45.46332853168656,284.57101914533433,9.11125375149152,3.6693685686953676,-83.71432089436917,86.28567910563078,24.000000000000014,0.0,0.0,2.2778134378728794,0.0,-0.04949350364958183,0.22994234658587834,0.22177572018419023,0.0,0.0,0.24999999999999994,0.0,3,INJECTOR_DEGRADATION,1.0,2026-01-01T00:02:00+00:00,True
2026-01-01T00:04:56Z,ENG-DATASET-003,MSN-INJECTOR_DEGRADATION-003,LANDING,500.0,10.0,0.23069385599929002,0.56930614400071,1617.0893299047639,458.43706722012655,131.83782380885043,45.453602445342185,285.31687437238963,11.494874653082777,3.215443047822428,14.2,1706.3374874477927,377.68522476315536,107.83782380885042,45.453602445342185,285.31687437238963,9.195899722466221,3.215443047822428,-89.24815754302881,80.75184245697119,24.000000000000014,0.0,0.0,2.2989749306165557,0.0,-0.052303930611358296,0.21380725843223095,0.22255641993055778,0.0,0.0,0.25000000000000006,0.0,3,INJECTOR_DEGRADATION,1.0,2026-01-01T00:02:00+00:00,True
2026-01-01T00:04:57Z,ENG-DATASET-003,MSN-INJECTOR_DEGRADATION-003,LANDING,500.0,10.0,0.23370732274496983,0.5662926772550302,1633.7393686247458,461.22266041468026,131.56391258643953,45.45144032327463,286.1455777274516,11.612550929175644,3.454917823505347,14.2,1722.911554549032,380.39484633896643,107.56391258643953,45.45144032327463,286.1455777274516,9.290040743340516,3.454917823505347,-89.17218592428617,80.82781407571383,24.0,0.0,0.0,2.322510185835128,0.0,-0.05175668227939117,0.21248398829170492,0.22312315927252405,0.0,0.0,0.24999999999999992,0.0,3,INJECTOR_DEGRADATION,1.0,2026-01-01T00:02:00+00:00,True
2026-01-01T00:04:58Z,ENG-DATASET-003,MSN-INJECTOR_DEGRADATION-003,LANDING,500.0,10.0,0.2369750312699874,0.5630249687300126,1657.3514620339977,469.80415471323596,131.39093743069225,45.457144944482685,287.04419757183143,11.740293499112832,4.071392572250807,14.2,1740.8839514366286,383.3366441158669,107.39093743069225,45.457144944482685,287.04419757183143,9.392234799290266,4.071392572250807,-83.53248940263097,86.46751059736908,24.0,0.0,0.0,2.348058699822566,0.0,-0.047982801687440166,0.22556547078038675,0.2234825449353124,0.0,0.0,0.24999999999999994,0.0,3,INJECTOR_DEGRADATION,1.0,2026-01-01T00:02:00+00:00,True
2026-01-01T00:04:59Z,ENG-DATASET-003,MSN-INJECTOR_DEGRADATION-003,LANDING,500.0,10.0,0.24044599007572326,0.5595540099242767,1684.2241926574404,480.71546283056205,131.31348106365544,45.47088556847512,287.99871124340876,11.876139270287435,4.210600038517504,14.2,1759.9742248681755,386.4654950412971,107.31348106365544,45.47088556847512,287.99871124340876,9.500911416229949,4.210600038517504,-75.75003221073507,94.24996778926493,24.0,0.0,0.0,2.3752278540574867,0.0,-0.04304042135413026,0.24387679883088534,0.2236438494224584,0.0,0.0,0.24999999999999994,0.0,3,INJECTOR_DEGRADATION,1.0,2026-01-01T00:02:00+00:00,True
2026-01-01T00:05:00Z,ENG-DATASET-003,MSN-INJECTOR_DEGRADATION-003,TAKEOFF,500.0,10.0,0.8940660360109062,0.7559339639890938,5159.338929060892,1204.0962151054093,149.19817704619487,47.616505248305906,461.49422387558405,38.5013617345234,9.278842296370218,14.2,5229.884477511681,1104.6417635561982,125.19817704619486,47.616505248305906,461.49422387558405,30.80108938761872,9.278842296370218,-70.54554845078928,99.45445154921117,24.000000000000014,0.0,0.0,7.700272346904679,0.0,-0.013488930540269608,0.09003321694902718,0.19169608189378542,0.0,0.0,0.24999999999999997,0.0,3,INJECTOR_DEGRADATION,1.0,2026-01-01T00:02:00+00:00,True
2026-01-01T00:00:01Z,ENG-DATASET-004,MSN-INJECTOR_DEGRADATION-004,TAKEOFF,4000.0,23.0,0.9037402420015569,0.7462597579984431,5176.19353566915,913.5725473876976,54.83931368469244,30.444802805571605,458.8096767834575,19.185658285074343,9.376516841614404,14.2,5176.19353566915,913.5725473876976,54.83931368469244,30.444802805571605,458.8096767834575,19.185658285074343,9.376516841614404,0.0,0.0,0.0,0.0,0.0,0.0,0.0,0.0,0.0,0.0,0.0,0.0,0.0,0.0,4,INJECTOR_DEGRADATION,0.0,2026-01-01T00:02:00+00:00,False
2026-01-01T00:00:02Z,ENG-DATASET-004,MSN-INJECTOR_DEGRADATION-004,TAKEOFF,4000.0,23.0,0.9074221187776357,0.7425778812223643,5196.443857937584,916.8180136069178,74.57583265639614,32.798388278877624,459.8221928968792,19.27409027791807,8.848259694613242,14.2,5196.443857937584,916.8180136069178,74.57583265639614,32.798388278877624,459.8221928968792,19.27409027791807,8.848259694613242,0.0,0.0,0.0,0.0,0.0,0.0,0.0,0.0,0.0,0.0,0.0,0.0,0.0,0.0,4,INJECTOR_DEGRADATION,0.0,2026-01-01T00:02:00+00:00,False
2026-01-01T00:00:03Z,ENG-DATASET-004,MSN-INJECTOR_DEGRADATION-004,TAKEOFF,4000.0,23.0,0.9109881758725814,0.7390118241274186,5216.057171959785,919.9662241927343,92.41740499557488,35.06419829234952,460.80285859798926,19.359857643864302,8.937566826325712,14.2,5216.057171959785,919.9662241927343,92.41740499557488,35.06419829234952,460.80285859798926,19.359857643864302,8.937566826325712,0.0,0.0,0.0,0.0,0.0,0.0,0.0,0.0,0.0,0.0,0.0,0.0,0.0,0.0,4,INJECTOR_DEGRADATION,0.0,2026-01-01T00:02:00+00:00,False
2026-01-01T00:00:04Z,ENG-DATASET-004,MSN-INJECTOR_DEGRADATION-004,TAKEOFF,4000.0,23.0,0.9143827661581261,0.7356172338418739,5234.72741853028,922.9674891924964,108.54985172582981,37.24543767364959,461.73637092651404,19.441608368941143,9.548073560417055,14.2,5234.72741853028,922.9674891924964,108.54985172582981,37.24543767364959,461.73637092651404,19.441608368941143,9.548073560417055,0.0,0.0,0.0,0.0,0.0,0.0,0.0,0.0,0.0,0.0,0.0,0.0,0.0,0.0,4,INJECTOR_DEGRADATION,0.0,2026-01-01T00:02:00+00:00,False
2026-01-01T00:00:05Z,ENG-DATASET-004,MSN-INJECTOR_DEGRADATION-004,TAKEOFF,4000.0,23.0,0.9175529181882139,0.7324470818117861,5252.1632546957635,925.7742303836657,123.13922231283847,39.34508846546567,462.6081627347882,19.51804872539654,9.835186623361407,14.2,5252.1632546957635,925.7742303836657,123.13922231283847,39.34508846546567,462.6081627347882,19.51804872539654,9.835186623361407,0.0,0.0,0.0,0.0,0.0,0.0,0.0,0.0,0.0,0.0,0.0,0.0,0.0,0.0,4,INJECTOR_DEGRADATION,0.0,2026-01-01T00:02:00+00:00,False
2026-01-01T00:00:06Z,ENG-DATASET-004,MSN-INJECTOR_DEGRADATION-004,TAKEOFF,4000.0,23.0,0.9204491628007,0.7295508371993,5268.092600064437,928.3417697771247,136.33384432598274,41.36592509098855,463.4046300032218,19.587964575707407,9.415643192038608,14.2,5268.092600064437,928.3417697771247,136.33384432598274,41.36592509098855,463.4046300032218,19.587964575707407,9.415643192038608,0.0,0.0,0.0,0.0,0.0,0.0,0.0,0.0,0.0,0.0,0.0,0.0,0.0,0.0,4,INJECTOR_DEGRADATION,0.0,2026-01-01T00:02:00+00:00,False
2026-01-01T00:00:07Z,ENG-DATASET-004,MSN-INJECTOR_DEGRADATION-004,TAKEOFF,4000.0,23.0,0.9230263050670808,0.7269736949329192,5282.266882529531,930.6290815862345,148.26618693304033,43.3105302912519,464.1133441264766,19.65024164592087,8.916164066740482,14.2,5282.266882529531,930.6290815862345,148.26618693304033,43.3105302912519,464.1133441264766,19.65024164592087,8.916164066740482,0.0,0.0,0.0,0.0,0.0,0.0,0.0,0.0,0.0,0.0,0.0,0.0,0.0,0.0,4,INJECTOR_DEGRADATION,0.0,2026-01-01T00:02:00+00:00,False
2026-01-01T00:00:08Z,ENG-DATASET-004,MSN-INJECTOR_DEGRADATION-004,TAKEOFF,4000.0,23.0,0.925244129544237,0.7247558704557631,5294.46491715389,932.5994925103455,159.05455555249495,45.181311684356785,464.7232458576945,19.70388436919117,9.075165776728747,14.2,5294.46491715389,932.5994925103455,159.05455555249495,45.181311684356785,464.7232458576945,19.70388436919117,9.075165776728747,0.0,0.0,0.0,0.0,0.0,0.0,0.0,0.0,0.0,0.0,0.0,0.0,0.0,0.0,4,INJECTOR_DEGRADATION,0.0,2026-01-01T00:02:00+00:00,False
2026-01-01T00:00:09Z,ENG-DATASET-004,MSN-INJECTOR_DEGRADATION-004,TAKEOFF,4000.0,23.0,0.9270680278229729,0.7229319721770271,5304.496357686938,934.2213156154222,168.80463288763102,46.9805187829495,465.2248178843469,19.74803291366156,9.684493038802128,14.2,5304.496357686938,934.2213156154222,168.80463288763102,46.9805187829495,465.2248178843469,19.74803291366156,9.684493038802128,0.0,0.0,0.0,0.0,0.0,0.0,0.0,0.0,0.0,0.0,0.0,0.0,0.0,0.0,4,INJECTOR_DEGRADATION,0.0,2026-01-01T00:02:00+00:00,False
2026-01-01T00:00:10Z,ENG-DATASET-004,MSN-INJECTOR_DEGRADATION-004,TAKEOFF,4000.0,23.0,0.9284695385806676,0.7215304614193324,5312.204666854259,935.4684040009291,177.61087969889115,48.71026029538011,465.61023334271295,19.781978034031074,9.88733124252819,14.2,5312.204666854259,935.4684040009291,177.61087969889115,48.71026029538011,465.61023334271295,19.781978034031074,9.88733124252819,0.0,0.0,0.0,0.0,0.0,0.0,0.0,0.0,0.0,0.0,0.0,0.0,0.0,0.0,4,INJECTOR_DEGRADATION,0.0,2026-01-01T00:02:00+00:00,False
2026-01-01T00:00:11Z,ENG-DATASET-004,MSN-INJECTOR_DEGRADATION-004,TAKEOFF,4000.0,23.0,0.9294267917106946,0.7205732082893054,5317.469559069408,936.320611820239,185.557807024508,50.372521527902826,465.8734779534704,19.805173423168974,9.405491788032343,14.2,5317.469559069408,936.320611820239,185.557807024508,50.372521527902826,465.8734779534704,19.805173423168974,9.405491788032343,0.0,0.0,0.0,0.0,0.0,0.0,0.0,0.0,0.0,0.0,0.0,0.0,0.0,0.0,4,INJECTOR_DEGRADATION,0.0,2026-01-01T00:02:00+00:00,False
2026-01-01T00:00:12Z,ENG-DATASET-004,MSN-INJECTOR_DEGRADATION-004,TAKEOFF,4000.0,23.0,0.9299248495981216,0.7200751504018784,5320.208877450255,936.7641520455372,192.72113012319565,51.969181700209326,466.0104438725128,19.81724528830743,8.937772416492576,14.2,5320.208877450255,936.7641520455372,192.72113012319565,51.969181700209326,466.0104438725128,19.81724528830743,8.937772416492576,0.0,0.0,0.0,0.0,0.0,0.0,0.0,0.0,0.0,0.0,0.0,0.0,0.0,0.0,4,INJECTOR_DEGRADATION,0.0,2026-01-01T00:02:00+00:00,False
2026-01-01T00:00:13Z,ENG-DATASET-004,MSN-INJECTOR_DEGRADATION-004,TAKEOFF,4000.0,23.0,0.929955940216195,0.720044059783805,5320.37987584966,936.7918425866942,199.16881317554345,53.50203098458441,466.018993792483,19.8179989343623,9.158674418824706,14.2,5320.37987584966,936.7918425866942,199.16881317554345,53.50203098458441,466.018993792483,19.8179989343623,9.158674418824706,0.0,0.0,0.0,0.0,0.0,0.0,0.0,0.0,0.0,0.0,0.0,0.0,0.0,0.0,4,INJECTOR_DEGRADATION,0.0,2026-01-01T00:02:00+00:00,False
2026-01-01T00:00:14Z,ENG-DATASET-004,MSN-INJECTOR_DEGRADATION-004,TAKEOFF,4000.0,23.0,0.9295195784062181,0.7204804215937819,5317.979885894787,936.403234913163,204.96201273081817,54.972787080066674,465.89899429473934,19.807422202951717,9.751992239949626,14.2,5317.979885894787,936.403234913163,204.96201273081817,54.972787080066674,465.89899429473934,19.807422202951717,9.751992239949626,0.0,0.0,0.0,0.0,0.0,0.0,0.0,0.0,0.0,0.0,0.0,0.0,0.0,0.0,4,INJECTOR_DEGRADATION,0.0,2026-01-01T00:02:00+00:00,False
2026-01-01T00:00:15Z,ENG-DATASET-004,MSN-INJECTOR_DEGRADATION-004,TAKEOFF,4000.0,23.0,0.9286225734482908,0.7213774265517092,5313.046358626187,935.6046220959128,210.15592701013418,56.38311113716192,465.65231793130937,19.785685687384323,9.863829174430943,14.2,5313.046358626187,935.6046220959128,210.15592701013418,56.38311113716192,465.65231793130937,19.785685687384323,9.863829174430943,0.0,0.0,0.0,0.0,0.0,0.0,0.0,0.0,0.0,0.0,0.0,0.0,0.0,0.0,4,INJECTOR_DEGRADATION,0.0,2026-01-01T00:02:00+00:00,False
2026-01-01T00:00:16Z,ENG-DATASET-004,MSN-INJECTOR_DEGRADATION-004,TAKEOFF,4000.0,23.0,0.9272789228047704,0.7227210771952296,5305.656280086825,934.4089260760547,214.80055746102212,57.73462285582421,465.2828140043413,19.753139718618687,9.326014673806833,14.2,5305.656280086825,934.4089260760547,214.80055746102212,57.73462285582421,465.2828140043413,19.753139718618687,9.326014673806833,0.0,0.0,0.0,0.0,0.0,0.0,0.0,0.0,0.0,0.0,0.0,0.0,0.0,0.0,4,INJECTOR_DEGRADATION,0.0,2026-01-01T00:02:00+00:00,False
2026-01-01T00:00:17Z,ENG-DATASET-004,MSN-INJECTOR_DEGRADATION-004,TAKEOFF,4000.0,23.0,0.9255095936945535,0.7244904063054465,5295.924969980631,932.8354668641584,218.94138838652387,59.02891458947177,464.7962484990316,19.710308192116262,8.89716216413342,14.2,5295.924969980631,932.8354668641584,218.94138838652387,59.02891458947177,464.7962484990316,19.710308192116262,8.89716216413342,0.0,0.0,0.0,0.0,0.0,0.0,0.0,0.0,0.0,0.0,0.0,0.0,0.0,0.0,4,INJECTOR_DEGRADATION,0.0,2026-01-01T00:02:00+00:00,False
2026-01-01T00:00:18Z,ENG-DATASET-004,MSN-INJECTOR_DEGRADATION-004,TAKEOFF,4000.0,23.0,0.9233421959066377,0.7266578040933623,5284.004282147094,930.9096191647211,222.6199900269895,60.267564300580716,464.2002141073547,19.657879377772563,9.17600777881795,14.2,5284.004282147094,930.9096191647211,222.6199900269895,60.267564300580716,464.2002141073547,19.657879377772563,9.17600777881795,0.0,0.0,0.0,0.0,0.0,0.0,0.0,0.0,0.0,0.0,0.0,0.0,0.0,0.0,4,INJECTOR_DEGRADATION,0.0,2026-01-01T00:02:00+00:00,False
2026-01-01T00:00:19Z,ENG-DATASET-004,MSN-INJECTOR_DEGRADATION-004,TAKEOFF,4000.0,23.0,0.9208105509585982,0.7291894490414018,5270.080234932878,928.662364495844,225.87455013668665,61.45214722869524,463.5040117466439,19.59669392202737,9.743860223479869,14.2,5270.080234932878,928.662364495844,225.87455013668665,61.45214722869524,463.5040117466439,19.59669392202737,9.743860223479869,0.0,0.0,0.0,0.0,0.0,0.0,0.0,0.0,0.0,0.0,0.0,0.0,0.0,0.0,4,INJECTOR_DEGRADATION,0.0,2026-01-01T00:02:00+00:00,False
2026-01-01T00:00:20Z,ENG-DATASET-004,MSN-INJECTOR_DEGRADATION-004,TAKEOFF,4000.0,23.0,0.9179541643231187,0.7320458356768813,5254.37010843774,926.1297491400043,228.7403388515181,62.58424614926468,462.718505421887,19.52773031045415,9.764749136330707,14.2,5254.37010843774,926.1297491400043,228.7403388515181,62.58424614926468,462.718505421887,19.52773031045415,9.764749136330707,0.0,0.0,0.0,0.0,0.0,0.0,0.0,0.0,0.0,0.0,0.0,0.0,0.0,0.0,4,INJECTOR_DEGRADATION,0.0,2026-01-01T00:02:00+00:00,False
2026-01-01T00:00:21Z,ENG-DATASET-004,MSN-INJECTOR_DEGRADATION-004,TAKEOFF,4000.0,23.0,0.9148176089583027,0.7351823910416974,5237.119053931252,923.3522601413713,231.25011146990056,63.665460121288454,461.8559526965626,19.452088108691488,9.183449340000237,14.2,5237.119053931252,923.3522601413713,231.25011146990056,63.665460121288454,461.8559526965626,19.452088108691488,9.183449340000237,0.0,0.0,0.0,0.0,0.0,0.0,0.0,0.0,0.0,0.0,0.0,0.0,0.0,0.0,4,INJECTOR_DEGRADATION,0.0,2026-01-01T00:02:00+00:00,False
2026-01-01T00:00:22Z,ENG-DATASET-004,MSN-INJECTOR_DEGRADATION-004,TAKEOFF,4000.0,23.0,0.91144982976157,0.7385501702384301,5218.596268349222,920.3741330044134,233.43445364802085,64.69741164300854,460.9298134174611,19.370969338134355,8.804995376295334,14.2,5218.596268349222,920.3741330044134,233.43445364802085,64.69741164300854,460.9298134174611,19.370969338134355,8.804995376295334,0.0,0.0,0.0,0.0,0.0,0.0,0.0,0.0,0.0,0.0,0.0,0.0,0.0,0.0,4,INJECTOR_DEGRADATION,0.0,2026-01-01T00:02:00+00:00,False
2026-01-01T00:00:23Z,ENG-DATASET-004,MSN-INJECTOR_DEGRADATION-004,TAKEOFF,4000.0,23.0,0.9079033798009026,0.7420966201990974,5199.090793565551,917.2426057182541,235.3220734261751,65.68175215750149,459.95453967827757,19.285658369582208,9.141761627546815,14.2,5199.090793565551,917.2426057182541,235.3220734261751,65.68175215750149,459.95453967827757,19.285658369582208,9.141761627546815,0.0,0.0,0.0,0.0,0.0,0.0,0.0,0.0,0.0,0.0,0.0,0.0,0.0,0.0,4,INJECTOR_DEGRADATION,0.0,2026-01-01T00:02:00+00:00,False
2026-01-01T00:00:24Z,ENG-DATASET-004,MSN-INJECTOR_DEGRADATION-004,TAKEOFF,4000.0,23.0,0.904233600241796,0.745766399758204,5178.907005990465,914.0071342270725,236.9400444392344,66.62016587363061,458.9453502995233,19.197500732889292,9.679861472499216,14.2,5178.907005990465,914.0071342270725,236.9400444392344,66.62016587363061,458.9453502995233,19.197500732889292,9.679861472499216,0.0,0.0,0.0,0.0,0.0,0.0,0.0,0.0,0.0,0.0,0.0,0.0,0.0,0.0,4,INJECTOR_DEGRADATION,0.0,2026-01-01T00:02:00+00:00,False
2026-01-01T00:00:25Z,ENG-DATASET-004,MSN-INJECTOR_DEGRADATION-004,TAKEOFF,4000.0,23.0,0.9004977567668805,0.7495022432331195,5158.35986687843,910.7185845083613,238.31400460802,67.51437189205221,457.9179933439215,19.107881244009647,9.615870264432385,14.2,5158.35986687843,910.7185845083613,238.31400460802,67.51437189205221,457.9179933439215,19.107881244009647,9.615870264432385,0.0,0.0,0.0,0.0,0.0,0.0,0.0,0.0,0.0,0.0,0.0,0.0,0.0,0.0,4,INJECTOR_DEGRADATION,0.0,2026-01-01T00:02:00+00:00,False
2026-01-01T00:00:26Z,ENG-DATASET-004,MSN-INJECTOR_DEGRADATION-004,TAKEOFF,4000.0,23.0,0.8967541459640967,0.7532458540359033,5137.770007463119,907.4284160484137,239.46831454842837,68.36612465044627,456.888500373156,19.0182018436159,9.008379426914876,14.2,5137.770007463119,907.4284160484137,239.46831454842837,68.36612465044627,456.888500373156,19.0182018436159,9.008379426914876,0.0,0.0,0.0,0.0,0.0,0.0,0.0,0.0,0.0,0.0,0.0,0.0,0.0,0.0,4,INJECTOR_DEGRADATION,0.0,2026-01-01T00:02:00+00:00,False
2026-01-01T00:00:27Z,ENG-DATASET-004,MSN-INJECTOR_DEGRADATION-004,TAKEOFF,4000.0,23.0,0.8930611856279393,0.7569388143720607,5117.458725614253,904.1878707752203,240.42617986296602,69.1772127264757,455.8729362807127,18.929859525055562,8.694570264197308,14.2,5117.458725614253,904.1878707752203,240.42617986296602,69.1772127264757,455.8729362807127,18.929859525055562,8.694570264197308,0.0,0.0,0.0,0.0,0.0,0.0,0.0,0.0,0.0,0.0,0.0,0.0,0.0,0.0,4,INJECTOR_DEGRADATION,0.0,2026-01-01T00:02:00+00:00,False
2026-01-01T00:00:28Z,ENG-DATASET-004,MSN-INJECTOR_DEGRADATION-004,TAKEOFF,4000.0,23.0,0.8894765031693115,0.7605234968306887,5097.7429720918,901.047180492227,241.2097413889751,69.94945606078784,454.88714860459004,18.84422470544698,9.091322097998589,14.2,5097.7429720918,901.047180492227,241.2097413889751,69.94945606078784,454.88714860459004,18.84422470544698,9.091322097998589,0.0,0.0,0.0,0.0,0.0,0.0,0.0,0.0,0.0,0.0,0.0,0.0,0.0,0.0,4,INJECTOR_DEGRADATION,0.0,2026-01-01T00:02:00+00:00,False
2026-01-01T00:00:29Z,ENG-DATASET-004,MSN-INJECTOR_DEGRADATION-004,TAKEOFF,4000.0,23.0,0.8860560363590517,0.7639439636409483,5078.930404635372,898.0548046280023,241.84013736577765,70.6847016852806,453.9465202317686,18.762620364038227,9.598469811331354,14.2,5078.930404635372,898.0548046280023,241.84013736577765,70.6847016852806,453.9465202317686,18.762620364038227,9.598469811331354,0.0,0.0,0.0,0.0,0.0,0.0,0.0,0.0,0.0,0.0,0.0,0.0,0.0,0.0,4,INJECTOR_DEGRADATION,0.0,2026-01-01T00:02:00+00:00,False
2026-01-01T00:00:30Z,ENG-DATASET-004,MSN-INJECTOR_DEGRADATION-004,CLIMB,6000.0,23.0,0.7628531604377298,0.6671468395622704,4422.774840920797,633.457502053989,235.7925611805496,70.7694276029958,421.13874204603985,12.664034634257249,8.301331589501512,14.2,4422.774840920797,633.457502053989,235.7925611805496,70.7694276029958,421.13874204603985,12.664034634257249,8.301331589501512,0.0,0.0,0.0,0.0,0.0,0.0,0.0,0.0,0.0,0.0,0.0,0.0,0.0,0.0,4,INJECTOR_DEGRADATION,0.0,2026-01-01T00:02:00+00:00,False
2026-01-01T00:00:31Z,ENG-DATASET-004,MSN-INJECTOR_DEGRADATION-004,CLIMB,6000.0,23.0,0.7599178552128679,0.6700821447871321,4406.630662184058,631.5893363736828,230.30303847183671,70.84617806958856,420.3315331092029,12.610956890675833,7.686772473917217,14.2,4406.630662184058,631.5893363736828,230.30303847183671,70.84617806958856,420.3315331092029,12.610956890675833,7.686772473917217,0.0,0.0,0.0,0.0,0.0,0.0,0.0,0.0,0.0,0.0,0.0,0.0,0.0,0.0,4,INJECTOR_DEGRADATION,0.0,2026-01-01T00:02:00+00:00,False
2026-01-01T00:00:32Z,ENG-DATASET-004,MSN-INJECTOR_DEGRADATION-004,CLIMB,6000.0,23.0,0.7572959251407622,0.6727040748592379,4392.210046787475,629.9226281904309,225.32080032941383,70.91576175177994,419.61050233937374,12.56359447567623,7.451449614109771,14.2,4392.210046787475,629.9226281904309,225.32080032941383,70.91576175177994,419.61050233937374,12.56359447567623,7.451449614109771,0.0,0.0,0.0,0.0,0.0,0.0,0.0,0.0,0.0,0.0,0.0,0.0,0.0,0.0,4,INJECTOR_DEGRADATION,0.0,2026-01-01T00:02:00+00:00,False
2026-01-01T00:00:33Z,ENG-DATASET-004,MSN-INJECTOR_DEGRADATION-004,CLIMB,6000.0,23.0,0.7550282845632604,0.6749717154367396,4379.738023611216,628.4826627047977,220.8007868640924,70.97901889828131,418.98690118056084,12.52266894396212,7.909282705204241,14.2,4379.738023611216,628.4826627047977,220.8007868640924,70.97901889828131,418.98690118056084,12.52266894396212,7.909282705204241,0.0,0.0,0.0,0.0,0.0,0.0,0.0,0.0,0.0,0.0,0.0,0.0,0.0,0.0,4,INJECTOR_DEGRADATION,0.0,2026-01-01T00:02:00+00:00,False
2026-01-01T00:00:34Z,ENG-DATASET-004,MSN-INJECTOR_DEGRADATION-004,CLIMB,6000.0,23.0,0.7531503192531426,0.6768496807468575,4369.409214405567,627.2912149139611,216.70298855053218,71.03681143812557,418.4704607202783,12.488802084103849,8.384261637793008,14.2,4369.409214405567,627.2912149139611,216.70298855053218,71.03681143812557,418.4704607202783,12.488802084103849,8.384261637793008,0.0,0.0,0.0,0.0,0.0,0.0,0.0,0.0,0.0,0.0,0.0,0.0,0.0,0.0,4,INJECTOR_DEGRADATION,0.0,2026-01-01T00:02:00+00:00,False
2026-01-01T00:00:35Z,ENG-DATASET-004,MSN-INJECTOR_DEGRADATION-004,CLIMB,6000.0,23.0,0.7516913342309711,0.6783086657690289,4361.384796783625,626.3662524743754,212.99184600733835,71.09001261227891,418.06923983918125,12.462507249025732,8.179263107635975,14.2,4361.384796783625,626.3662524743754,212.99184600733835,71.09001261227891,418.06923983918125,12.462507249025732,8.179263107635975,0.0,0.0,0.0,0.0,0.0,0.0,0.0,0.0,0.0,0.0,0.0,0.0,0.0,0.0,4,INJECTOR_DEGRADATION,0.0,2026-01-01T00:02:00+00:00,False
2026-01-01T00:00:36Z,ENG-DATASET-004,MSN-INJECTOR_DEGRADATION-004,CLIMB,6000.0,23.0,0.7506740964700471,0.6793259035299529,4355.789989098543,625.7216935408873,209.6357037451267,71.13949630546469,417.7894994549272,12.444182271138384,7.57506172969035,14.2,4355.789989098543,625.7216935408873,209.6357037451267,71.13949630546469,417.7894994549272,12.444182271138384,7.57506172969035,0.0,0.0,0.0,0.0,0.0,0.0,0.0,0.0,0.0,0.0,0.0,0.0,0.0,0.0,4,INJECTOR_DEGRADATION,0.0,2026-01-01T00:02:00+00:00,False
2026-01-01T00:00:37Z,ENG-DATASET-004,MSN-INJECTOR_DEGRADATION-004,CLIMB,6000.0,23.0,0.7501144796254057,0.6798855203745944,4352.712096453014,625.3672210686765,206.60631389733095,71.18612624960328,417.63560482265075,12.434104017138353,7.428272730103896,14.2,4352.712096453014,625.3672210686765,206.60631389733095,71.18612624960328,417.63560482265075,12.434104017138353,7.428272730103896,0.0,0.0,0.0,0.0,0.0,0.0,0.0,0.0,0.0,0.0,0.0,0.0,0.0,0.0,4,INJECTOR_DEGRADATION,0.0,2026-01-01T00:02:00+00:00,False
2026-01-01T00:00:38Z,ENG-DATASET-004,MSN-INJECTOR_DEGRADATION-004,CLIMB,6000.0,23.0,0.7500212163307387,0.6799787836692613,4352.199148332346,625.3081545954711,203.87838637248464,71.23074527207841,417.60995741661736,12.43242462189565,7.944240776317435,14.2,4352.199148332346,625.3081545954711,203.87838637248464,71.23074527207841,417.60995741661736,12.43242462189565,7.944240776317435,0.0,0.0,0.0,0.0,0.0,0.0,0.0,0.0,0.0,0.0,0.0,0.0,0.0,0.0,4,INJECTOR_DEGRADATION,0.0,2026-01-01T00:02:00+00:00,False
2026-01-01T00:00:39Z,ENG-DATASET-004,MSN-INJECTOR_DEGRADATION-004,CLIMB,6000.0,23.0,0.7503957619285668,0.6796042380714332,4354.259149120401,625.5453801430695,201.42918223881293,71.27416476115114,417.71295745602004,12.43916942720959,8.38292501872241,14.2,4354.259149120401,625.5453801430695,201.42918223881293,71.27416476115114,417.71295745602004,12.43916942720959,8.38292501872241,0.0,0.0,0.0,0.0,0.0,0.0,0.0,0.0,0.0,0.0,0.0,0.0,0.0,0.0,4,INJECTOR_DEGRADATION,0.0,2026-01-01T00:02:00+00:00,False
2026-01-01T00:00:40Z,ENG-DATASET-004,MSN-INJECTOR_DEGRADATION-004,CLIMB,6000.0,23.0,0.7512322717601059,0.6787677282398942,4358.859953193865,626.0753385652408,199.23814747906266,71.31715451727274,417.9429976596933,12.45423663902259,8.119150469936628,14.2,4358.859953193865,626.0753385652408,199.23814747906266,71.31715451727274,417.9429976596933,12.45423663902259,8.119150469936628,0.0,0.0,0.0,0.0,0.0,0.0,0.0,0.0,0.0,0.0,0.0,0.0,0.0,0.0,4,INJECTOR_DEGRADATION,0.0,2026-01-01T00:02:00+00:00,False
2026-01-01T00:00:41Z,ENG-DATASET-004,MSN-INJECTOR_DEGRADATION-004,CLIMB,6000.0,23.0,0.7525176923692127,0.6774823076307873,4365.9297665439535,626.8900723948319,197.2865845410272,71.3604331528512,418.2964883271977,12.47739870531602,7.5382292087814955,14.2,4365.9297665439535,626.8900723948319,197.2865845410272,71.3604331528512,418.2964883271977,12.47739870531602,7.5382292087814955,0.0,0.0,0.0,0.0,0.0,0.0,0.0,0.0,0.0,0.0,0.0,0.0,0.0,0.0,4,INJECTOR_DEGRADATION,0.0,2026-01-01T00:02:00+00:00,False
2026-01-01T00:00:42Z,ENG-DATASET-004,MSN-INJECTOR_DEGRADATION-004,CLIMB,6000.0,23.0,0.7542319651972023,0.6757680348027978,4375.358267097896,627.9773309750184,195.55735936129994,71.40465919430027,418.7679133548948,12.50830540568582,7.483817544906461,14.2,4375.358267097896,627.9773309750184,195.55735936129994,71.40465919430027,418.7679133548948,12.50830540568582,7.483817544906461,0.0,0.0,0.0,0.0,0.0,0.0,0.0,0.0,0.0,0.0,0.0,0.0,0.0,0.0,4,INJECTOR_DEGRADATION,0.0,2026-01-01T00:02:00+00:00,False
2026-01-01T00:00:43Z,ENG-DATASET-004,MSN-INJECTOR_DEGRADATION-004,CLIMB,6000.0,23.0,0.7563483395899472,0.6736516604100529,4386.998326257993,629.3207333663456,194.0346417593286,71.45042302908003,419.3499163128996,12.54648863181298,8.049052532133354,14.2,4386.998326257993,629.3207333663456,194.0346417593286,71.45042302908003,419.3499163128996,12.54648863181298,8.049052532133354,0.0,0.0,0.0,0.0,0.0,0.0,0.0,0.0,0.0,0.0,0.0,0.0,0.0,0.0,4,INJECTOR_DEGRADATION,0.0,2026-01-01T00:02:00+00:00,False
2026-01-01T00:00:44Z,ENG-DATASET-004,MSN-INJECTOR_DEGRADATION-004,CLIMB,6000.0,23.0,0.7588337902328882,0.6711662097671118,4400.668304794169,630.8999881724268,192.7036772877064,71.49823982709819,420.03341523970846,12.591368825049527,8.442879858937019,14.2,4400.668304794169,630.8999881724268,192.7036772877064,71.49823982709819,420.03341523970846,12.591368825049527,8.442879858937019,0.0,0.0,0.0,0.0,0.0,0.0,0.0,0.0,0.0,0.0,0.0,0.0,0.0,0.0,4,INJECTOR_DEGRADATION,0.0,2026-01-01T00:02:00+00:00,False
2026-01-01T00:00:45Z,ENG-DATASET-004,MSN-INJECTOR_DEGRADATION-004,CLIMB,6000.0,23.0,0.7616495325000231,0.668350467499977,4416.15488726341,632.6911689967933,191.5505887838556,71.54854355048803,420.8077443631705,12.642263022572575,8.123085586751438,14.2,4416.15488726341,632.6911689967933,191.5505887838556,71.54854355048803,420.8077443631705,12.642263022572575,8.123085586751438,0.0,0.0,0.0,0.0,0.0,0.0,0.0,0.0,0.0,0.0,0.0,0.0,0.0,0.0,4,INJECTOR_DEGRADATION,0.0,2026-01-01T00:02:00+00:00,False
2026-01-01T00:00:46Z,ENG-DATASET-004,MSN-INJECTOR_DEGRADATION-004,CLIMB,6000.0,23.0,0.7647516276750222,0.6652483723249778,4433.216410725906,634.6670437111185,190.562205998248,71.60168214865321,421.6608205362953,12.698394446593287,7.572769341951377,14.2,4433.216410725906,634.6670437111185,190.562205998248,71.60168214865321,421.6608205362953,12.698394446593287,7.572769341951377,0.0,0.0,0.0,0.0,0.0,0.0,0.0,0.0,0.0,0.0,0.0,0.0,0.0,0.0,4,INJECTOR_DEGRADATION,0.0,2026-01-01T00:02:00+00:00,False
2026-01-01T00:00:47Z,ENG-DATASET-004,MSN-INJECTOR_DEGRADATION-004,CLIMB,6000.0,23.0,0.7680916686002026,0.6619083313997974,4451.586635814398,636.7974550682611,189.72592177512973,71.65791401683738,422.5793317907199,12.758903551702604,7.607830102986433,14.2,4451.586635814398,636.7974550682611,189.72592177512973,71.65791401683738,422.5793317907199,12.758903551702604,7.607830102986433,0.0,0.0,0.0,0.0,0.0,0.0,0.0,0.0,0.0,0.0,0.0,0.0,0.0,0.0,4,INJECTOR_DEGRADATION,0.0,2026-01-01T00:02:00+00:00,False
2026-01-01T00:00:48Z,ENG-DATASET-004,MSN-INJECTOR_DEGRADATION-004,CLIMB,6000.0,23.0,0.7716175350540323,0.6583824649459677,4470.978901310461,639.0497494288759,189.02957333333865,71.7174057766283,423.54894506552307,12.822860423566365,8.207618890810426,14.2,4470.978901310461,639.0497494288759,189.02957333333865,71.7174057766283,423.54894506552307,12.822860423566365,8.207618890810426,0.0,0.0,0.0,0.0,0.0,0.0,0.0,0.0,0.0,0.0,0.0,0.0,0.0,0.0,4,INJECTOR_DEGRADATION,0.0,2026-01-01T00:02:00+00:00,False
2026-01-01T00:00:49Z,ENG-DATASET-004,MSN-INJECTOR_DEGRADATION-004,CLIMB,6000.0,23.0,0.7752742070697557,0.6547257929302444,4491.090597396939,641.3892494944482,188.461347237366,71.78023141605215,424.554529869847,12.889278398064954,8.544060445097694,14.2,4491.090597396939,641.3892494944482,188.461347237366,71.78023141605215,424.554529869847,12.889278398064954,8.544060445097694,0.0,0.0,0.0,0.0,0.0,0.0,0.0,0.0,0.0,0.0,0.0,0.0,0.0,0.0,4,INJECTOR_DEGRADATION,0.0,2026-01-01T00:02:00+00:00,False
2026-01-01T00:00:50Z,ENG-DATASET-004,MSN-INJECTOR_DEGRADATION-004,CLIMB,6000.0,23.0,0.7790046235035734,0.6509953764964267,4511.607887782937,643.7797659702183,188.00970666288487,71.84637280557688,425.5803943891468,12.957128744079732,8.16752917376726,14.2,4511.607887782937,643.7797659702183,188.00970666288487,71.84637280557688,425.5803943891468,12.957128744079732,8.16752917376726,0.0,0.0,0.0,0.0,0.0,0.0,0.0,0.0,0.0,0.0,0.0,0.0,0.0,0.0,4,INJECTOR_DEGRADATION,0.0,2026-01-01T00:02:00+00:00,False
2026-01-01T00:00:51Z,ENG-DATASET-004,MSN-INJECTOR_DEGRADATION-004,CLIMB,6000.0,23.0,0.7827505724547054,0.6472494275452947,4532.210607014162,646.1841420469038,187.66333954776897,71.91572158475675,426.61053035070813,13.025356226185114,7.650511407902353,14.2,4532.210607014162,646.1841420469038,187.66333954776897,71.91572158475675,426.61053035070813,13.025356226185114,7.650511407902353,0.0,0.0,0.0,0.0,0.0,0.0,0.0,0.0,0.0,0.0,0.0,0.0,0.0,0.0,4,INJECTOR_DEGRADATION,0.0,2026-01-01T00:02:00+00:00,False
2026-01-01T00:00:52Z,ENG-DATASET-004,MSN-INJECTOR_DEGRADATION-004,CLIMB,6000.0,23.0,0.7864535996426345,0.6435464003573655,4552.577256547773,648.5648235290136,187.4111261812174,71.98808239275058,427.6288628273886,13.092895336475372,7.766902622265199,14.2,4552.577256547773,648.5648235290136,187.4111261812174,71.98808239275058,427.6288628273886,13.092895336475372,7.766902622265199,0.0,0.0,0.0,0.0,0.0,0.0,0.0,0.0,0.0,0.0,0.0,0.0,0.0,0.0,4,INJECTOR_DEGRADATION,0.0,2026-01-01T00:02:00+00:00,False
2026-01-01T00:00:53Z,ENG-DATASET-004,MSN-INJECTOR_DEGRADATION-004,CLIMB,6000.0,23.0,0.7900559205666026,0.6399440794333975,4572.390021629597,650.8844463970554,187.24212472302204,72.06317739486836,428.6195010814798,13.158686958802852,8.382748537507277,14.2,4572.390021629597,650.8844463970554,187.24212472302204,72.06317739486836,428.6195010814798,13.158686958802852,8.382748537507277,0.0,0.0,0.0,0.0,0.0,0.0,0.0,0.0,0.0,0.0,0.0,0.0,0.0,0.0,4,INJECTOR_DEGRADATION,0.0,2026-01-01T00:02:00+00:00,False
2026-01-01T00:00:54Z,ENG-DATASET-004,MSN-INJECTOR_DEGRADATION-004,CLIMB,6000.0,23.0,0.7935013222134185,0.6364986777865815,4591.339730687085,653.1064326248872,187.14557306634202,72.14065203697457,429.5669865343542,13.221695205144462,8.647646371988518,14.2,4591.339730687085,653.1064326248872,187.14557306634202,72.14065203697457,429.5669865343542,13.221695205144462,8.647646371988518,0.0,0.0,0.0,0.0,0.0,0.0,0.0,0.0,0.0,0.0,0.0,0.0,0.0,0.0,4,INJECTOR_DEGRADATION,0.0,2026-01-01T00:02:00+00:00,False
2026-01-01T00:00:55Z,ENG-DATASET-004,MSN-INJECTOR_DEGRADATION-004,CLIMB,6000.0,23.0,0.7967360402427283,0.6332639597572718,4609.130679848288,655.1955842392977,187.11090536569026,72.22008194031733,430.4565339924144,13.280924144040645,8.212598320499593,14.2,4609.130679848288,655.1955842392977,187.11090536569026,72.22008194031733,430.4565339924144,13.280924144040645,8.212598320499593,0.0,0.0,0.0,0.0,0.0,0.0,0.0,0.0,0.0,0.0,0.0,0.0,0.0,0.0,4,INJECTOR_DEGRADATION,0.0,2026-01-01T00:02:00+00:00,False
2026-01-01T00:00:56Z,ENG-DATASET-004,MSN-INJECTOR_DEGRADATION-004,CLIMB,6000.0,23.0,0.7997095979615637,0.6302904020384363,4625.485247301884,657.1186649644619,187.12778145323279,72.30098083146206,431.27426236509416,13.335434126459157,7.729536030100552,14.2,4625.485247301884,657.1186649644619,187.12778145323279,72.30098083146206,431.27426236509416,13.335434126459157,7.729536030100552,0.0,0.0,0.0,0.0,0.0,0.0,0.0,0.0,0.0,0.0,0.0,0.0,0.0,0.0,4,INJECTOR_DEGRADATION,0.0,2026-01-01T00:02:00+00:00,False
2026-01-01T00:00:57Z,ENG-DATASET-004,MSN-INJECTOR_DEGRADATION-004,CLIMB,6000.0,23.0,0.8023755939962547,0.6276244060037454,4640.148225492683,658.8449583935014,187.18612726774705,72.3828093857652,432.00741127463414,13.38435740632484,7.916866960956477,14.2,4640.148225492683,658.8449583935014,187.18612726774705,72.3828093857652,432.00741127463414,13.38435740632484,7.916866960956477,0.0,0.0,0.0,0.0,0.0,0.0,0.0,0.0,0.0,0.0,0.0,0.0,0.0,0.0,4,INJECTOR_DEGRADATION,0.0,2026-01-01T00:02:00+00:00,False
2026-01-01T00:00:58Z,ENG-DATASET-004,MSN-INJECTOR_DEGRADATION-004,CLIMB,6000.0,23.0,0.8046924263703452,0.6253075736296548,4652.890803550182,660.3467915199171,187.2761843289703,72.46498484848074,432.6445401775091,13.426912752438353,8.529818563668755,14.2,4652.890803550182,660.3467915199171,187.2761843289703,72.46498484848074,432.6445401775091,13.426912752438353,8.529818563668755,0.0,0.0,0.0,0.0,0.0,0.0,0.0,0.0,0.0,0.0,0.0,0.0,0.0,0.0,4,INJECTOR_DEGRADATION,0.0,2026-01-01T00:02:00+00:00,False
2026-01-01T00:00:59Z,ENG-DATASET-004,MSN-INJECTOR_DEGRADATION-004,CLIMB,6000.0,23.0,0.8066239416895222,0.6233760583104778,4663.514137805656,661.6000126789127,187.3885662130461,72.54689128537387,433.1757068902828,13.462418756413761,8.710749489509276,14.2,4663.514137805656,661.6000126789127,187.3885662130461,72.54689128537387,433.1757068902828,13.462418756413761,8.710749489509276,0.0,0.0,0.0,0.0,0.0,0.0,0.0,0.0,0.0,0.0,0.0,0.0,0.0,0.0,4,INJECTOR_DEGRADATION,0.0,2026-01-01T00:02:00+00:00,False
2026-01-01T00:01:00Z,ENG-DATASET-004,MSN-INJECTOR_DEGRADATION-004,CLIMB,6000.0,23.0,0.8081399993032422,0.6218600006967578,4671.852454681115,662.5844135138742,187.51431992958834,72.62789030481271,433.5926227340558,13.490305558072453,8.217551249695761,14.2,4671.852454681115,662.5844135138742,187.51431992958834,72.62789030481271,433.5926227340558,13.490305558072453,8.217551249695761,0.0,0.0,0.0,0.0,0.0,0.0,0.0,0.0,0.0,0.0,0.0,0.0,0.0,0.0,4,INJECTOR_DEGRADATION,0.0,2026-01-01T00:02:00+00:00,False
2026-01-01T00:01:01Z,ENG-DATASET-004,MSN-INJECTOR_DEGRADATION-004,CLIMB,6000.0,23.0,0.8092169416395014,0.6207830583604986,4677.775637530541,663.2840855007789,187.64499007414898,72.7073320858744,433.88878187652705,13.510124735492347,7.770244200357531,14.2,4677.775637530541,663.2840855007789,187.64499007414898,72.7073320858744,433.88878187652705,13.510124735492347,7.770244200357531,0.0,0.0,0.0,0.0,0.0,0.0,0.0,0.0,0.0,0.0,0.0,0.0,0.0,0.0,4,INJECTOR_DEGRADATION,0.0,2026-01-01T00:02:00+00:00,False
2026-01-01T00:01:02Z,ENG-DATASET-004,MSN-INJECTOR_DEGRADATION-004,CLIMB,6000.0,23.0,0.8098379633733354,0.6201620366266647,4681.191257066627,663.6877028189132,187.7726836372069,72.78456654215275,434.0595628533314,13.521557141230137,8.019212398007463,14.2,4681.191257066627,663.6877028189132,187.7726836372069,72.78456654215275,434.0595628533314,13.521557141230137,8.019212398007463,0.0,0.0,0.0,0.0,0.0,0.0,0.0,0.0,0.0,0.0,0.0,0.0,0.0,0.0,4,INJECTOR_DEGRADATION,0.0,2026-01-01T00:02:00+00:00,False
2026-01-01T00:01:03Z,ENG-DATASET-004,MSN-INJECTOR_DEGRADATION-004,CLIMB,6000.0,23.0,0.8099933736682935,0.6200066263317066,4682.046013688898,663.7887249170988,187.8901333964137,72.85895444876583,434.1023006844449,13.524418508251241,8.61326537262525,14.2,4682.046013688898,663.7887249170988,187.8901333964137,72.85895444876583,434.1023006844449,13.524418508251241,8.61326537262525,0.0,0.0,0.0,0.0,0.0,0.0,0.0,0.0,0.0,0.0,0.0,0.0,0.0,0.0,4,INJECTOR_DEGRADATION,0.0,2026-01-01T00:02:00+00:00,False
2026-01-01T00:01:04Z,ENG-DATASET-004,MSN-INJECTOR_DEGRADATION-004,CLIMB,6000.0,23.0,0.8096807473987014,0.6203192526012986,4680.32656920614,663.5855139402372,187.99075790527826,72.92987836056815,434.016328460307,13.518662697531358,8.702694326449958,14.2,4680.32656920614,663.5855139402372,187.99075790527826,72.92987836056815,434.016328460307,13.518662697531358,8.702694326449958,0.0,0.0,0.0,0.0,0.0,0.0,0.0,0.0,0.0,0.0,0.0,0.0,0.0,0.0,4,INJECTOR_DEGRADATION,0.0,2026-01-01T00:02:00+00:00,False
2026-01-01T00:01:05Z,ENG-DATASET-004,MSN-INJECTOR_DEGRADATION-004,CLIMB,6000.0,23.0,0.8089049629929357,0.6210950370070644,4676.05975497443,663.0813641858555,188.06871621939683,72.99675315276437,433.80298774872153,13.504382512477676,8.156607741746662,14.2,4676.05975497443,663.0813641858555,188.06871621939683,72.99675315276437,433.80298774872153,13.504382512477676,8.156607741746662,0.0,0.0,0.0,0.0,0.0,0.0,0.0,0.0,0.0,0.0,0.0,0.0,0.0,0.0,4,INJECTOR_DEGRADATION,0.0,2026-01-01T00:02:00+00:00,False
2026-01-01T00:01:06Z,ENG-DATASET-004,MSN-INJECTOR_DEGRADATION-004,CLIMB,6000.0,23.0,0.8076781263071803,0.6223218736928198,4669.312153202775,662.2844428775429,188.11895566939572,73.05903602095124,433.46560766013874,13.481808061321043,7.750499675062707,14.2,4669.312153202775,662.2844428775429,188.11895566939572,73.05903602095124,433.46560766013874,13.481808061321043,7.750499675062707,0.0,0.0,0.0,0.0,0.0,0.0,0.0,0.0,0.0,0.0,0.0,0.0,0.0,0.0,4,INJECTOR_DEGRADATION,0.0,2026-01-01T00:02:00+00:00,False
2026-01-01T00:01:07Z,ENG-DATASET-004,MSN-INJECTOR_DEGRADATION-004,CLIMB,6000.0,23.0,0.8060193817175902,0.6239806182824098,4660.1890579600295,661.2076436878255,188.13725119465178,73.1162357859894,433.0094528980015,13.451302705347878,8.055325539778993,14.2,4660.1890579600295,661.2076436878255,188.13725119465178,73.1162357859894,433.0094528980015,13.451302705347878,8.055325539778993,0.0,0.0,0.0,0.0,0.0,0.0,0.0,0.0,0.0,0.0,0.0,0.0,0.0,0.0,4,INJECTOR_DEGRADATION,0.0,2026-01-01T00:02:00+00:00,False
2026-01-01T00:01:08Z,ENG-DATASET-004,MSN-INJECTOR_DEGRADATION-004,CLIMB,6000.0,23.0,0.8039546133787048,0.6260453866212953,4648.832832096159,659.8683565315652,188.12023498847574,73.16792135989654,432.44164160480796,13.413356686124578,8.61967775594383,14.2,4648.832832096159,659.8683565315652,188.12023498847574,73.16792135989654,432.44164160480796,13.413356686124578,8.61967775594383,0.0,0.0,0.0,0.0,0.0,0.0,0.0,0.0,0.0,0.0,0.0,0.0,0.0,0.0,4,INJECTOR_DEGRADATION,0.0,2026-01-01T00:02:00+00:00,False
2026-01-01T00:01:09Z,ENG-DATASET-004,MSN-INJECTOR_DEGRADATION-004,CLIMB,6000.0,23.0,0.8015160413098724,0.6284839586901276,4635.420685717582,658.2881591003123,188.06541546713598,73.21372924198984,431.7710342858791,13.368578576656935,8.616735636872612,14.2,4635.420685717582,658.2881591003123,188.06541546713598,73.21372924198984,431.7710342858791,13.368578576656935,8.616735636872612,0.0,0.0,0.0,0.0,0.0,0.0,0.0,0.0,0.0,0.0,0.0,0.0,0.0,0.0,4,INJECTOR_DEGRADATION,0.0,2026-01-01T00:02:00+00:00,False
2026-01-01T00:01:10Z,ENG-DATASET-004,MSN-INJECTOR_DEGRADATION-004,CLIMB,6000.0,23.0,0.7987417186126258,0.6312582813873743,4620.161910882725,656.49243734459,187.97118485403712,73.25336992958495,431.00809554413627,13.317684747867705,8.029116599411362,14.2,4620.161910882725,656.49243734459,187.97118485403712,73.25336992958495,431.00809554413627,13.317684747867705,8.029116599411362,0.0,0.0,0.0,0.0,0.0,0.0,0.0,0.0,0.0,0.0,0.0,0.0,0.0,0.0,4,INJECTOR_DEGRADATION,0.0,2026-01-01T00:02:00+00:00,False
2026-01-01T00:01:11Z,ENG-DATASET-004,MSN-INJECTOR_DEGRADATION-004,CLIMB,6000.0,23.0,0.7956749376647593,0.6343250623352408,4603.294615669459,654.5099435740566,187.8368149579848,73.28663314444522,430.1647307834729,13.261487081327036,7.674116791849614,14.2,4603.294615669459,654.5099435740566,187.8368149579848,73.28663314444522,430.1647307834729,13.261487081327036,7.674116791849614,0.0,0.0,0.0,0.0,0.0,0.0,0.0,0.0,0.0,0.0,0.0,0.0,0.0,0.0,4,INJECTOR_DEGRADATION,0.0,2026-01-01T00:02:00+00:00,False
2026-01-01T00:01:12Z,ENG-DATASET-004,MSN-INJECTOR_DEGRADATION-004,CLIMB,6000.0,23.0,0.7923635545572527,0.6376364454427473,4585.082008578173,652.3723019901521,187.66244101194013,73.3133917946056,429.2541004289087,13.200879190684349,8.03317424785229,14.2,4585.082008578173,652.3723019901521,187.66244101194013,73.3133917946056,429.2541004289087,13.200879190684349,8.03317424785229,0.0,0.0,0.0,0.0,0.0,0.0,0.0,0.0,0.0,0.0,0.0,0.0,0.0,0.0,4,INJECTOR_DEGRADATION,0.0,2026-01-01T00:02:00+00:00,False
2026-01-01T00:01:13Z,ENG-DATASET-004,MSN-INJECTOR_DEGRADATION-004,CLIMB,6000.0,23.0,0.7888592423159781,0.6411407576840219,4565.808291251164,650.1134722655265,187.44903371738428,73.33360461088256,428.2904145625582,13.136821437022386,8.562548195449839,14.2,4565.808291251164,650.1134722655265,187.44903371738428,73.33360461088256,428.2904145625582,13.136821437022386,8.562548195449839,0.0,0.0,0.0,0.0,0.0,0.0,0.0,0.0,0.0,0.0,0.0,0.0,0.0,0.0,4,INJECTOR_DEGRADATION,0.0,2026-01-01T00:02:00+00:00,False
2026-01-01T00:01:14Z,ENG-DATASET-004,MSN-INJECTOR_DEGRADATION-004,CLIMB,6000.0,23.0,0.785216684561413,0.644783315438587,4545.774223601055,647.7691822314,187.19835990143085,73.34731741801694,427.2887111800528,13.070325037140394,8.47278086172617,14.2,4545.774223601055,647.7691822314,187.19835990143085,73.34731741801694,427.2887111800528,13.070325037140394,8.47278086172617,0.0,0.0,0.0,0.0,0.0,0.0,0.0,0.0,0.0,0.0,0.0,0.0,0.0,0.0,4,INJECTOR_DEGRADATION,0.0,2026-01-01T00:02:00+00:00,False
2026-01-01T00:01:15Z,ENG-DATASET-004,MSN-INJECTOR_DEGRADATION-004,CLIMB,6000.0,23.0,0.7814927221890324,0.6485072778109676,4525.292430552961,645.3763408382309,186.91293243224354,73.3546630216591,426.26462152764805,13.002435568774816,7.860218700325446,14.2,4525.292430552961,645.3763408382309,186.91293243224354,73.3546630216591,426.26462152764805,13.002435568774816,7.860218700325446,0.0,0.0,0.0,0.0,0.0,0.0,0.0,0.0,0.0,0.0,0.0,0.0,0.0,0.0,4,INJECTOR_DEGRADATION,0.0,2026-01-01T00:02:00+00:00,False
2026-01-01T00:01:16Z,ENG-DATASET-004,MSN-INJECTOR_DEGRADATION-004,CLIMB,6000.0,23.0,0.7777454663861457,0.6522545336138543,4504.682523637085,642.9724423431346,186.59595024759756,73.35585971396358,425.23412618185426,12.93421617358553,7.569482597759185,14.2,4504.682523637085,642.9724423431346,186.59595024759756,73.35585971396358,425.23412618185426,12.93421617358553,7.569482597759185,0.0,0.0,0.0,0.0,0.0,0.0,0.0,0.0,0.0,0.0,0.0,0.0,0.0,0.0,4,INJECTOR_DEGRADATION,0.0,2026-01-01T00:02:00+00:00,False
2026-01-01T00:01:17Z,ENG-DATASET-004,MSN-INJECTOR_DEGRADATION-004,CLIMB,6000.0,23.0,0.774033391826255,0.6559666081737451,4484.2661135576855,640.5949721893412,186.25122952757133,73.35120842207604,424.21330567788425,12.866730748309818,7.983914786470905,14.2,4484.2661135576855,640.5949721893412,186.25122952757133,73.35120842207604,424.21330567788425,12.866730748309818,7.983914786470905,0.0,0.0,0.0,0.0,0.0,0.0,0.0,0.0,0.0,0.0,0.0,0.0,0.0,0.0,4,INJECTOR_DEGRADATION,0.0,2026-01-01T00:02:00+00:00,False
2026-01-01T00:01:18Z,ENG-DATASET-004,MSN-INJECTOR_DEGRADATION-004,CLIMB,6000.0,23.0,0.7704144241913318,0.6595855758086683,4464.361791565607,638.280824328407,185.88312718302436,73.34108854493444,423.21808957828034,12.801027398000326,8.476891663081664,14.2,4464.361791565607,638.280824328407,185.88312718302436,73.34108854493444,423.21808957828034,12.801027398000326,8.476891663081664,0.0,0.0,0.0,0.0,0.0,0.0,0.0,0.0,0.0,0.0,0.0,0.0,0.0,0.0,4,INJECTOR_DEGRADATION,0.0,2026-01-01T00:02:00+00:00,False
2026-01-01T00:01:19Z,ENG-DATASET-004,MSN-INJECTOR_DEGRADATION-004,CLIMB,6000.0,23.0,0.766945036260924,0.663054963739076,4445.280157948366,636.0657388508805,185.49645793599393,73.32595254423724,422.2640078974183,12.738122404059647,8.310085183565608,14.2,4445.280157948366,636.0657388508805,185.49645793599393,73.32595254423724,422.2640078974183,12.738122404059647,8.310085183565608,0.0,0.0,0.0,0.0,0.0,0.0,0.0,0.0,0.0,0.0,0.0,0.0,0.0,0.0,4,INJECTOR_DEGRADATION,0.0,2026-01-01T00:02:00+00:00,False
2026-01-01T00:01:20Z,ENG-DATASET-004,MSN-INJECTOR_DEGRADATION-004,CLIMB,6000.0,23.0,0.7636793666733189,0.6663206333266811,4427.318975216537,633.9837677937314,185.09640633723782,73.30631937483729,421.3659487608269,12.67898493526639,7.69174762028813,14.2,4427.318975216537,633.9837677937314,185.09640633723782,73.30631937483729,421.3659487608269,12.67898493526639,7.69174762028813,0.0,0.0,0.0,0.0,0.0,0.0,0.0,0.0,0.0,0.0,0.0,0.0,0.0,0.0,4,INJECTOR_DEGRADATION,0.0,2026-01-01T00:02:00+00:00,False
2026-01-01T00:01:21Z,ENG-DATASET-004,MSN-INJECTOR_DEGRADATION-004,CLIMB,6000.0,23.0,0.7606683751101996,0.6693316248898005,4410.75852161938,632.0667759397019,184.6884351020066,73.28276685789596,420.537926080969,12.624522703532554,7.478833096015813,14.2,4410.75852161938,632.0667759397019,184.6884351020066,73.28276685789596,420.537926080969,12.624522703532554,7.478833096015813,0.0,0.0,0.0,0.0,0.0,0.0,0.0,0.0,0.0,0.0,0.0,0.0,0.0,0.0,4,INJECTOR_DEGRADATION,0.0,2026-01-01T00:02:00+00:00,False
2026-01-01T00:01:22Z,ENG-DATASET-004,MSN-INJECTOR_DEGRADATION-004,CLIMB,6000.0,23.0,0.7579590470878561,0.6720409529121438,4395.857217496491,630.343982366674,184.2781911509728,73.25592311659739,419.79286087482456,12.575568739010132,7.949711631277289,14.2,4395.857217496491,630.343982366674,184.2781911509728,73.25592311659739,419.79286087482456,12.575568739010132,7.949711631277289,0.0,0.0,0.0,0.0,0.0,0.0,0.0,0.0,0.0,0.0,0.0,0.0,0.0,0.0,4,INJECTOR_DEGRADATION,0.0,2026-01-01T00:02:00+00:00,False
2026-01-01T00:01:23Z,ENG-DATASET-004,MSN-INJECTOR_DEGRADATION-004,CLIMB,6000.0,23.0,0.7555936607639192,0.6744063392360808,4382.847592714839,628.841547488692,183.87141072309282,73.2264572088196,419.142379635742,12.532869432478755,8.405771336404923,14.2,4382.847592714839,628.841547488692,183.87141072309282,73.2264572088196,419.142379635742,12.532869432478755,8.405771336404923,0.0,0.0,0.0,0.0,0.0,0.0,0.0,0.0,0.0,0.0,0.0,0.0,0.0,0.0,4,INJECTOR_DEGRADATION,0.0,2026-01-01T00:02:00+00:00,False
2026-01-01T00:01:24Z,ENG-DATASET-004,MSN-INJECTOR_DEGRADATION-004,CLIMB,6000.0,23.0,0.7536091272008499,0.6763908727991501,4371.932658117958,627.5822093896785,183.47382488552552,73.19506910366061,418.59663290589793,12.497073967581684,8.172677084727466,14.2,4371.932658117958,627.5822093896785,183.47382488552552,73.19506910366061,418.59663290589793,12.497073967581684,8.172677084727466,0.0,0.0,0.0,0.0,0.0,0.0,0.0,0.0,0.0,0.0,0.0,0.0,0.0,0.0,4,INJECTOR_DEGRADATION,0.0,2026-01-01T00:02:00+00:00,False
2026-01-01T00:01:25Z,ENG-DATASET-004,MSN-INJECTOR_DEGRADATION-004,CLIMB,6000.0,23.0,0.7520364143811554,0.6779635856188446,4363.282737609638,626.5849724109784,183.09106670724742,73.16247915892723,418.1641368804819,12.4687252420762,7.566800924347967,14.2,4363.282737609638,626.5849724109784,183.09106670724742,73.16247915892723,418.1641368804819,12.4687252420762,7.566800924347967,0.0,0.0,0.0,0.0,0.0,0.0,0.0,0.0,0.0,0.0,0.0,0.0,0.0,0.0,4,INJECTOR_DEGRADATION,0.0,2026-01-01T00:02:00+00:00,False
2026-01-01T00:01:26Z,ENG-DATASET-004,MSN-INJECTOR_DEGRADATION-004,CLIMB,6000.0,23.0,0.7509000639623796,0.6790999360376204,4357.03281030637,625.8648502285762,182.7285812922371,73.12941726445383,417.85164051531854,12.448252356212159,7.442237829036515,14.2,4357.03281030637,625.8648502285762,182.7285812922371,73.12941726445383,417.85164051531854,12.448252356212159,7.442237829036515,0.0,0.0,0.0,0.0,0.0,0.0,0.0,0.0,0.0,0.0,0.0,0.0,0.0,0.0,4,INJECTOR_DEGRADATION,0.0,2026-01-01T00:02:00+00:00,False
2026-01-01T00:01:27Z,ENG-DATASET-004,MSN-INJECTOR_DEGRADATION-004,CLIMB,6000.0,23.0,0.7502178083127454,0.6797821916872546,4353.280404233384,625.4326650484405,182.3915397892244,73.09661182130682,417.6640202116692,12.435964727782038,7.9673820023350155,14.2,4353.280404233384,625.4326650484405,182.3915397892244,73.09661182130682,417.6640202116692,12.435964727782038,7.9673820023350155,0.0,0.0,0.0,0.0,0.0,0.0,0.0,0.0,0.0,0.0,0.0,0.0,0.0,0.0,4,INJECTOR_DEGRADATION,0.0,2026-01-01T00:02:00+00:00,False
2026-01-01T00:01:28Z,ENG-DATASET-004,MSN-INJECTOR_DEGRADATION-004,CLIMB,6000.0,23.0,0.7500002938034789,0.6799997061965212,4352.084074432417,625.2949040522647,182.08475841160856,73.06477872946496,417.6042037216208,12.432047877195913,8.383829656216212,14.2,4352.084074432417,625.2949040522647,182.08475841160856,73.06477872946496,417.6042037216208,12.432047877195913,8.383829656216212,0.0,0.0,0.0,0.0,0.0,0.0,0.0,0.0,0.0,0.0,0.0,0.0,0.0,0.0,4,INJECTOR_DEGRADATION,0.0,2026-01-01T00:02:00+00:00,False
2026-01-01T00:01:29Z,ENG-DATASET-004,MSN-INJECTOR_DEGRADATION-004,CLIMB,6000.0,23.0,0.7502509146757477,0.6797490853242524,4353.462489229895,625.4536338255313,181.81262341608598,73.0346105564097,417.6731244614948,12.4365609118184,8.093019926834483,14.2,4353.462489229895,625.4536338255313,181.81262341608598,73.0346105564097,417.6731244614948,12.4365609118184,8.093019926834483,0.0,0.0,0.0,0.0,0.0,0.0,0.0,0.0,0.0,0.0,0.0,0.0,0.0,0.0,4,INJECTOR_DEGRADATION,0.0,2026-01-01T00:02:00+00:00,False
2026-01-01T00:01:30Z,ENG-DATASET-004,MSN-INJECTOR_DEGRADATION-004,CRUISE,8500.0,23.0,0.5909657600746622,0.47903423992533783,3520.5689545165365,389.075361144749,175.6582451030961,72.38218222315342,376.0284477258268,7.332402973666711,5.85857072181734,14.2,3520.5689545165365,389.075361144749,175.6582451030961,72.38218222315342,376.0284477258268,7.332402973666711,5.85857072181734,0.0,0.0,0.0,0.0,0.0,0.0,0.0,0.0,0.0,0.0,0.0,0.0,0.0,0.0,4,INJECTOR_DEGRADATION,0.0,2026-01-01T00:02:00+00:00,False
2026-01-01T00:01:31Z,ENG-DATASET-004,MSN-INJECTOR_DEGRADATION-004,CRUISE,8500.0,23.0,0.5921336750768587,0.47786632492314135,3526.992487028617,389.56352425714607,170.13150869921515,71.75742928674387,376.34962435143086,7.347340807063966,5.827110858559043,14.2,3526.992487028617,389.56352425714607,170.13150869921515,71.75742928674387,376.34962435143086,7.347340807063966,5.827110858559043,0.0,0.0,0.0,0.0,0.0,0.0,0.0,0.0,0.0,0.0,0.0,0.0,0.0,0.0,4,INJECTOR_DEGRADATION,0.0,2026-01-01T00:02:00+00:00,False
2026-01-01T00:01:32Z,ENG-DATASET-004,MSN-INJECTOR_DEGRADATION-004,CRUISE,8500.0,23.0,0.5937364347593471,0.4762635652406529,3535.807665282304,390.23386927598494,165.17420456119325,71.15983235925353,376.79038326411523,7.367850704930066,6.398818205066945,14.2,3535.807665282304,390.23386927598494,165.17420456119325,71.15983235925353,376.79038326411523,7.367850704930066,6.398818205066945,0.0,0.0,0.0,0.0,0.0,0.0,0.0,0.0,0.0,0.0,0.0,0.0,0.0,0.0,4,INJECTOR_DEGRADATION,0.0,2026-01-01T00:02:00+00:00,False
2026-01-01T00:01:33Z,ENG-DATASET-004,MSN-INJECTOR_DEGRADATION-004,CRUISE,8500.0,23.0,0.5957490285933392,0.4742509714066608,3546.87693136926,391.0763241358079,160.7336922084691,70.58885903026008,377.34384656846305,7.39362202715783,6.768816730334211,14.2,3546.87693136926,391.0763241358079,160.7336922084691,70.58885903026008,377.34384656846305,7.39362202715783,6.768816730334211,0.0,0.0,0.0,0.0,0.0,0.0,0.0,0.0,0.0,0.0,0.0,0.0,0.0,0.0,4,INJECTOR_DEGRADATION,0.0,2026-01-01T00:02:00+00:00,False
2026-01-01T00:01:34Z,ENG-DATASET-004,MSN-INJECTOR_DEGRADATION-004,CRUISE,8500.0,23.0,0.598140050725185,0.4718599492748151,3560.0275530944114,392.0781985923958,156.7622779524321,70.04395574541536,378.0013776547206,7.424263666961389,6.424843491189363,14.2,3560.0275530944114,392.0781985923958,156.7622779524321,70.04395574541536,378.0013776547206,7.424263666961389,6.424843491189363,0.0,0.0,0.0,0.0,0.0,0.0,0.0,0.0,0.0,0.0,0.0,0.0,0.0,0.0,4,INJECTOR_DEGRADATION,0.0,2026-01-01T00:02:00+00:00,False
2026-01-01T00:01:35Z,ENG-DATASET-004,MSN-INJECTOR_DEGRADATION-004,CRUISE,8500.0,23.0,0.6008721900542148,0.46912780994578523,3575.0543194040756,393.2243543148247,153.21665901505952,69.52454067213878,378.7527159702038,7.459309477247779,5.880877114634972,14.2,3575.0543194040756,393.2243543148247,153.21665901505952,69.52454067213878,378.7527159702038,7.459309477247779,5.880877114634972,0.0,0.0,0.0,0.0,0.0,0.0,0.0,0.0,0.0,0.0,0.0,0.0,0.0,0.0,4,INJECTOR_DEGRADATION,0.0,2026-01-01T00:02:00+00:00,False
2026-01-01T00:01:36Z,ENG-DATASET-004,MSN-INJECTOR_DEGRADATION-004,CRUISE,8500.0,23.0,0.603902812459987,0.46609718754001306,3591.722742635823,394.49741067007506,150.05742838030545,69.02999763747675,379.58613713179113,7.498224807186863,5.940442692092786,14.2,3591.722742635823,394.49741067007506,150.05742838030545,69.02999763747675,379.58613713179113,7.498224807186863,5.940442692092786,0.0,0.0,0.0,0.0,0.0,0.0,0.0,0.0,0.0,0.0,0.0,0.0,0.0,0.0,4,INJECTOR_DEGRADATION,0.0,2026-01-01T00:02:00+00:00,False
2026-01-01T00:01:37Z,ENG-DATASET-004,MSN-INJECTOR_DEGRADATION-004,CRUISE,8500.0,23.0,0.6071846260934773,0.4628153739065227,3609.7727176200196,395.87798483082304,147.2486351630455,68.5596712074897,380.48863588100096,7.540414091596548,6.5450433662363645,14.2,3609.7727176200196,395.87798483082304,147.2486351630455,68.5596712074897,380.48863588100096,7.540414091596548,6.5450433662363645,0.0,0.0,0.0,0.0,0.0,0.0,0.0,0.0,0.0,0.0,0.0,0.0,0.0,0.0,4,INJECTOR_DEGRADATION,0.0,2026-01-01T00:02:00+00:00,False
2026-01-01T00:01:38Z,ENG-DATASET-004,MSN-INJECTOR_DEGRADATION-004,CRUISE,8500.0,23.0,0.6106664193505662,0.4593335806494338,3628.9225805340084,397.3449643561621,144.757395755645,68.11286296072522,381.4461290267004,7.585229420657083,6.857548503447161,14.2,3628.9225805340084,397.3449643561621,144.757395755645,68.11286296072522,381.4461290267004,7.585229420657083,6.857548503447161,0.0,0.0,0.0,0.0,0.0,0.0,0.0,0.0,0.0,0.0,0.0,0.0,0.0,0.0,4,INJECTOR_DEGRADATION,0.0,2026-01-01T00:02:00+00:00,False
2026-01-01T00:01:39Z,ENG-DATASET-004,MSN-INJECTOR_DEGRADATION-004,CRUISE,8500.0,23.0,0.6142938600119926,0.4557061399880074,3648.8735041718537,398.87580983034934,142.55355142583923,67.68882899067108,382.4436752085927,7.6319800007671645,6.461076785468251,14.2,3648.8735041718537,398.87580983034934,142.55355142583923,67.68882899067108,382.4436752085927,7.6319800007671645,6.461076785468251,0.0,0.0,0.0,0.0,0.0,0.0,0.0,0.0,0.0,0.0,0.0,0.0,0.0,0.0,4,INJECTOR_DEGRADATION,0.0,2026-01-01T00:02:00+00:00,False
2026-01-01T00:01:40Z,ENG-DATASET-004,MSN-INJECTOR_DEGRADATION-004,CRUISE,8500.0,23.0,0.618010343079464,0.45198965692053605,3669.3141610429466,400.4468845061524,140.60936839590912,67.28677865383462,383.4657080521473,7.67994239934335,5.955770710472709,14.2,3669.3141610429466,400.4468845061524,140.60936839590912,67.28677865383462,383.4657080521473,7.67994239934335,5.955770710472709,0.0,0.0,0.0,0.0,0.0,0.0,0.0,0.0,0.0,0.0,0.0,0.0,0.0,0.0,4,INJECTOR_DEGRADATION,0.0,2026-01-01T00:02:00+00:00,False
2026-01-01T00:01:41Z,ENG-DATASET-004,MSN-INJECTOR_DEGRADATION-004,CRUISE,8500.0,23.0,0.6217578740777223,0.4482421259222777,3689.9255815333668,402.0338072046141,138.89927673643356,66.90587456155033,384.4962790766683,7.728371447508807,6.09848572883804,14.2,3689.9255815333668,402.0338072046141,138.89927673643356,66.90587456155033,384.4962790766683,7.728371447508807,6.09848572883804,0.0,0.0,0.0,0.0,0.0,0.0,0.0,0.0,0.0,0.0,0.0,0.0,0.0,0.0,4,INJECTOR_DEGRADATION,0.0,2026-01-01T00:02:00+00:00,False
2026-01-01T00:01:42Z,ENG-DATASET-004,MSN-INJECTOR_DEGRADATION-004,CRUISE,8500.0,23.0,0.625477974038934,0.444522025961066,3710.3861313200314,403.6118239969366,137.39964466271363,66.54523379506718,385.51930656600155,7.7765116555527944,6.717948245365504,14.2,3710.3861313200314,403.6118239969366,137.39964466271363,66.54523379506718,385.51930656600155,7.7765116555527944,6.717948245365504,0.0,0.0,0.0,0.0,0.0,0.0,0.0,0.0,0.0,0.0,0.0,0.0,0.0,0.0,4,INJECTOR_DEGRADATION,0.0,2026-01-01T00:02:00+00:00,False
2026-01-01T00:01:43Z,ENG-DATASET-004,MSN-INJECTOR_DEGRADATION-004,CRUISE,8500.0,23.0,0.629112592047424,0.440887407952576,3730.3765303667265,405.15619346812,136.08858503314525,66.20393030520076,386.51882651833637,7.82360897755176,6.959617194729575,14.2,3730.3765303667265,405.15619346812,136.08858503314525,66.20393030520076,386.51882651833637,7.82360897755176,6.959617194729575,0.0,0.0,0.0,0.0,0.0,0.0,0.0,0.0,0.0,0.0,0.0,0.0,0.0,0.0,4,INJECTOR_DEGRADATION,0.0,2026-01-01T00:02:00+00:00,False
2026-01-01T00:01:44Z,ENG-DATASET-004,MSN-INJECTOR_DEGRADATION-004,CRUISE,8500.0,23.0,0.6326050111047993,0.4373949888952008,3749.58483518229,406.64257967239274,134.94579102164053,65.88099844014167,387.47924175911453,7.868922744523272,6.509450060643552,14.2,3749.58483518229,406.64257967239274,134.94579102164053,65.88099844014167,387.47924175911453,7.868922744523272,6.509450060643552,0.0,0.0,0.0,0.0,0.0,0.0,0.0,0.0,0.0,0.0,0.0,0.0,0.0,0.0,4,INJECTOR_DEGRADATION,0.0,2026-01-01T00:02:00+00:00,False
2026-01-01T00:01:45Z,ENG-DATASET-004,MSN-INJECTOR_DEGRADATION-004,CRUISE,8500.0,23.0,0.6359007331797392,0.43409926682026084,3767.7113065944595,408.0474462770283,133.95239807640218,65.57543752816458,388.385565329723,7.911737570901154,6.043321610364196,14.2,3767.7113065944595,408.0474462770283,133.95239807640218,65.57543752816458,388.385565329723,7.911737570901154,6.043321610364196,0.0,0.0,0.0,0.0,0.0,0.0,0.0,0.0,0.0,0.0,0.0,0.0,0.0,0.0,4,INJECTOR_DEGRADATION,0.0,2026-01-01T00:02:00+00:00,False
2026-01-01T00:01:46Z,ENG-DATASET-004,MSN-INJECTOR_DEGRADATION-004,CRUISE,8500.0,23.0,0.6389483296315471,0.4310516703684529,3784.4730870794037,409.34844489441815,133.09086939112242,65.28621742625012,389.22365435397023,7.951375027952723,6.258231914976246,14.2,3784.4730870794037,409.34844489441815,133.09086939112242,65.28621742625012,389.22365435397023,7.951375027952723,6.258231914976246,0.0,0.0,0.0,0.0,0.0,0.0,0.0,0.0,0.0,0.0,0.0,0.0,0.0,0.0,4,INJECTOR_DEGRADATION,0.0,2026-01-01T00:02:00+00:00,False
2026-01-01T00:01:47Z,ENG-DATASET-004,MSN-INJECTOR_DEGRADATION-004,CRUISE,8500.0,23.0,0.6417002437368877,0.42829975626311223,3799.608614658777,410.5247902612147,132.34490220854056,65.01228493125728,389.9804307329389,7.9872048709368295,6.873275846377874,14.2,3799.608614658777,410.5247902612147,132.34490220854056,65.01228493125728,389.9804307329389,7.9872048709368295,6.873275846377874,0.0,0.0,0.0,0.0,0.0,0.0,0.0,0.0,0.0,0.0,0.0,0.0,0.0,0.0,4,INJECTOR_DEGRADATION,0.0,2026-01-01T00:02:00+00:00,False
2026-01-01T00:01:48Z,ENG-DATASET-004,MSN-INJECTOR_DEGRADATION-004,CRUISE,8500.0,23.0,0.6441135327965486,0.42588646720345136,3812.881704486912,411.5576147724917,131.6993523569988,64.75257093749613,390.64408522434564,8.018655605138374,7.031667813070467,14.2,3812.881704486912,411.5576147724917,131.6993523569988,64.75257093749613,390.64408522434564,8.018655605138374,7.031667813070467,0.0,0.0,0.0,0.0,0.0,0.0,0.0,0.0,0.0,0.0,0.0,0.0,0.0,0.0,4,INJECTOR_DEGRADATION,0.0,2026-01-01T00:02:00+00:00,False
2026-01-01T00:01:49Z,ENG-DATASET-004,MSN-INJECTOR_DEGRADATION-004,CRUISE,8500.0,23.0,0.6461505382418992,0.42384946175810084,3824.08523443634,412.4302949456736,131.14017449494074,64.5059982135467,391.20426172181703,8.045224180045604,6.527857266114114,14.2,3824.08523443634,412.4302949456736,131.14017449494074,64.5059982135467,391.20426172181703,8.045224180045604,6.527857266114114,0.0,0.0,0.0,0.0,0.0,0.0,0.0,0.0,0.0,0.0,0.0,0.0,0.0,0.0,4,INJECTOR_DEGRADATION,0.0,2026-01-01T00:02:00+00:00,False
2026-01-01T00:01:50Z,ENG-DATASET-004,MSN-INJECTOR_DEGRADATION-004,CRUISE,8500.0,23.0,0.6477794732842588,0.4222205267157412,3833.044377169317,413.12874269144777,130.65437561273285,64.27148966212602,391.65221885846586,8.066484611257662,6.101682430735664,14.2,3833.044377169317,413.12874269144777,130.65437561273285,64.27148966212602,391.65221885846586,8.066484611257662,6.101682430735664,0.0,0.0,0.0,0.0,0.0,0.0,0.0,0.0,0.0,0.0,0.0,0.0,0.0,0.0,4,INJECTOR_DEGRADATION,0.0,2026-01-01T00:02:00+00:00,False
2026-01-01T00:01:51Z,ENG-DATASET-004,MSN-INJECTOR_DEGRADATION-004,CRUISE,8500.0,23.0,0.6489749189371029,0.42102508106289704,3839.61932825996,413.6416548136174,130.2299794218,64.04797691986059,391.980966412998,8.082095346334755,6.378140585743806,14.2,3839.61932825996,413.6416548136174,130.2299794218,64.04797691986059,391.980966412998,8.082095346334755,6.378140585743806,0.0,0.0,0.0,0.0,0.0,0.0,0.0,0.0,0.0,0.0,0.0,0.0,0.0,0.0,4,INJECTOR_DEGRADATION,0.0,2026-01-01T00:02:00+00:00,False
2026-01-01T00:01:52Z,ENG-DATASET-004,MSN-INJECTOR_DEGRADATION-004,CRUISE,8500.0,23.0,0.6497182206708461,0.4202817793291539,3843.707487795548,413.96071494084435,129.85599935314113,63.83440914908814,392.1853743897774,8.091805213532885,6.971744565769274,14.2,3843.707487795548,413.96071494084435,129.85599935314113,63.83440914908814,392.1853743897774,8.091805213532885,6.971744565769274,0.0,0.0,0.0,0.0,0.0,0.0,0.0,0.0,0.0,0.0,0.0,0.0,0.0,0.0,4,INJECTOR_DEGRADATION,0.0,2026-01-01T00:02:00+00:00,False
2026-01-01T00:01:53Z,ENG-DATASET-004,MSN-INJECTOR_DEGRADATION-004,CRUISE,8500.0,23.0,0.6499977795105369,0.4200022204894631,3845.2450614138475,414.08074309147474,129.5224179951139,63.62976187136238,392.2622530706924,8.095457820679115,7.038635610958712,14.2,3845.2450614138475,414.08074309147474,129.5224179951139,63.62976187136238,392.2622530706924,8.095457820679115,7.038635610958712,0.0,0.0,0.0,0.0,0.0,0.0,0.0,0.0,0.0,0.0,0.0,0.0,0.0,0.0,4,INJECTOR_DEGRADATION,0.0,2026-01-01T00:02:00+00:00,False
2026-01-01T00:01:54Z,ENG-DATASET-004,MSN-INJECTOR_DEGRADATION-004,CRUISE,8500.0,23.0,0.6498092330339829,0.42019076696601715,3844.2080557928,413.99978925660315,129.2201709270176,63.433045692209774,392.21040278964006,8.09299430451408,6.4854565180304835,14.2,3844.2080557928,413.99978925660315,129.2201709270176,63.433045692209774,392.21040278964006,8.09299430451408,6.4854565180304835,0.0,0.0,0.0,0.0,0.0,0.0,0.0,0.0,0.0,0.0,0.0,0.0,0.0,0.0,4,INJECTOR_DEGRADATION,0.0,2026-01-01T00:02:00+00:00,False
2026-01-01T00:01:55Z,ENG-DATASET-004,MSN-INJECTOR_DEGRADATION-004,CRUISE,8500.0,23.0,0.6491555234458896,0.4208444765541104,3840.612653058287,413.7191687137506,128.94113305215959,63.24331476888801,392.0306326529144,8.084454367558102,6.103063593578366,14.2,3840.612653058287,413.7191687137506,128.94113305215959,63.24331476888801,392.0306326529144,8.084454367558102,6.103063593578366,0.0,0.0,0.0,0.0,0.0,0.0,0.0,0.0,0.0,0.0,0.0,0.0,0.0,0.0,4,INJECTOR_DEGRADATION,0.0,2026-01-01T00:02:00+00:00,False
2026-01-01T00:01:56Z,ENG-DATASET-004,MSN-INJECTOR_DEGRADATION-004,CRUISE,8500.0,23.0,0.6480468516657405,0.4219531483342595,3834.514958267467,413.24343820279637,128.67810570201354,63.05967487739081,391.72574791337337,8.069975578634397,6.433512155720886,14.2,3834.514958267467,413.24343820279637,128.67810570201354,63.05967487739081,391.72574791337337,8.069975578634397,6.433512155720886,0.0,0.0,0.0,0.0,0.0,0.0,0.0,0.0,0.0,0.0,0.0,0.0,0.0,0.0,4,INJECTOR_DEGRADATION,0.0,2026-01-01T00:02:00+00:00,False
2026-01-01T00:01:57Z,ENG-DATASET-004,MSN-INJECTOR_DEGRADATION-004,CRUISE,8500.0,23.0,0.6465005181458598,0.42349948185414016,3826.0101239081237,412.58031355030175,128.42480297056971,62.88129094166177,391.30050619540623,8.049790953157617,6.993557436640704,14.2,3826.0101239081237,412.58031355030175,128.42480297056971,62.88129094166177,391.30050619540623,8.049790953157617,6.993557436640704,0.0,0.0,0.0,0.0,0.0,0.0,0.0,0.0,0.0,0.0,0.0,0.0,0.0,0.0,4,INJECTOR_DEGRADATION,0.0,2026-01-01T00:02:00+00:00,False
2026-01-01T00:01:58Z,ENG-DATASET-004,MSN-INJECTOR_DEGRADATION-004,CRUISE,8500.0,23.0,0.6445406529036408,0.4254593470963592,3815.230865075919,411.74053075906363,128.17583594248933,62.707393896818346,390.76154325379594,8.024224868664344,6.967140809117852,14.2,3815.230865075919,411.74053075906363,128.17583594248933,62.707393896818346,390.76154325379594,8.024224868664344,6.967140809117852,0.0,0.0,0.0,0.0,0.0,0.0,0.0,0.0,0.0,0.0,0.0,0.0,0.0,0.0,4,INJECTOR_DEGRADATION,0.0,2026-01-01T00:02:00+00:00,False
2026-01-01T00:01:59Z,ENG-DATASET-004,MSN-INJECTOR_DEGRADATION-004,CRUISE,8500.0,23.0,0.6421978389806943,0.4278021610193057,3802.3453884997134,410.73765392910457,127.926693696468,62.53728676900792,390.1172694249857,7.993687408357096,6.37475080581173,14.2,3802.3453884997134,410.73765392910457,127.926693696468,62.53728676900792,390.1172694249857,7.993687408357096,6.37475080581173,0.0,0.0,0.0,0.0,0.0,0.0,0.0,0.0,0.0,0.0,0.0,0.0,0.0,0.0,4,INJECTOR_DEGRADATION,0.0,2026-01-01T00:02:00+00:00,False
2026-01-01T00:02:00Z,ENG-DATASET-004,MSN-INJECTOR_DEGRADATION-004,CRUISE,8500.0,23.0,0.6395086352047135,0.4304913647952865,3787.554767731819,409.5878345918005,127.67372019161621,62.37034986715318,389.377738386591,7.9586672593100545,6.044340562471027,14.2,3787.554767731819,409.5878345918005,127.67372019161621,62.37034986715318,389.377738386591,7.9586672593100545,6.044340562471027,0.0,0.0,0.0,0.0,0.0,0.0,0.0,0.0,0.0,0.0,0.0,0.0,0.0,0.0,4,INJECTOR_DEGRADATION,0.0,2026-01-01T00:02:00+00:00,False
2026-01-01T00:02:01Z,ENG-DATASET-004,MSN-INJECTOR_DEGRADATION-004,CRUISE,8500.0,23.0,0.6365150057011951,0.43348499429880494,3770.4694587374424,409.10584801772313,127.61408637435665,62.20604499609761,388.5544902731234,7.936222744884815,6.425463328663957,14.2,3771.0898054624677,408.309528076082,127.41408637435664,62.20604499609761,388.5544902731234,7.919723321298775,6.425463328663957,-0.6203467250252288,0.7963199416411157,0.20000000000000284,0.0,0.0,0.01649942358603962,0.0,-0.0001645006502169875,0.0019502849845148217,0.00156968515563013,0.0,0.0,0.002083333333333397,0.0,4,INJECTOR_DEGRADATION,0.008333333333333333,2026-01-01T00:02:00+00:00,True
2026-01-01T00:02:02Z,ENG-DATASET-004,MSN-INJECTOR_DEGRADATION-004,CRUISE,8500.0,23.0,0.6332636650572961,0.4367363349427038,3751.839252953255,408.3883277163883,127.54575707069154,62.04391861631142,387.66037159605116,7.910298019442135,6.945580146549502,14.2,3753.2074319210224,406.92317335082237,127.14575707069153,62.04391861631142,387.66037159605116,7.877475206083454,6.945580146549502,-1.3681789677675624,1.4651543655659225,0.4000000000000057,0.0,0.0,0.0328228133586812,0.0,-0.0003645359316224312,0.0036005675309692007,0.0031459956605363595,0.0,0.0,0.004166666666666685,0.0,4,INJECTOR_DEGRADATION,0.016666666666666666,2026-01-01T00:02:00+00:00,True
2026-01-01T00:02:03Z,ENG-DATASET-004,MSN-INJECTOR_DEGRADATION-004,CRUISE,8500.0,23.0,0.6298053493563258,0.44019465064367425,3731.974904178858,407.48905199231365,127.46745244810091,61.883603892120775,386.7093347782843,7.881546529969475,6.83073619925288,14.2,3734.1866955656865,405.45084337914193,126.86745244810092,61.883603892120775,386.7093347782843,7.832592824814384,6.83073619925288,-2.2117913868282812,2.0382086131717188,0.5999999999999943,0.0,0.0,0.04895370515509079,0.0,-0.0005923087320338761,0.005027017815981617,0.004729345379150283,0.0,0.0,0.006250000000000113,0.0,4,INJECTOR_DEGRADATION,0.025,2026-01-01T00:02:00+00:00,True
2026-01-01T00:02:04Z,ENG-DATASET-004,MSN-INJECTOR_DEGRADATION-004,CRUISE,8500.0,23.0,0.6261940244581339,0.4438059755418661,3711.333949280672,406.5920806915479,127.37860403753683,61.72482158811641,385.71622043128156,7.850666816716822,6.214836368946483,14.2,3714.324408625631,403.9158733698403,126.57860403753683,61.72482158811641,385.71622043128156,7.785785272777013,6.214836368946483,-2.9904593449587082,2.6762073217075795,0.7999999999999972,0.0,0.0,0.0648815439398085,0.0,-0.0008051152823415426,0.006625655237017994,0.0063201834629394195,0.0,0.0,0.00833333333333334,0.0,4,INJECTOR_DEGRADATION,0.03333333333333333,2026-01-01T00:02:00+00:00,True
2026-01-01T00:02:05Z,ENG-DATASET-004,MSN-INJECTOR_DEGRADATION-004,CRUISE,8500.0,23.0,0.6224860438799179,0.44751395612008205,3690.386196428314,405.8814887389869,127.27930549435271,61.56737979170707,384.69652577227214,7.818391197111354,5.948280934628895,14.2,3693.9305154454432,402.34247442278263,126.27930549435271,61.56737979170707,384.69652577227214,7.737789226007113,5.948280934628895,-3.5443190171290553,3.539014316204259,1.0,0.0,0.0,0.08060197110424117,0.0,-0.000959498020417326,0.008796024633694161,0.007918953910027013,0.0,0.0,0.01041666666666672,0.0,4,INJECTOR_DEGRADATION,0.041666666666666664,2026-01-01T00:02:00+00:00,True
2026-01-01T00:02:06Z,ENG-DATASET-004,MSN-INJECTOR_DEGRADATION-004,CRUISE,8500.0,23.0,0.6187392694184348,0.45126073058156524,3669.4561565851805,405.38824063256624,127.17025844378423,61.411172458422364,383.6661627953643,7.785474027024788,6.380116923276968,14.2,3673.323255907286,400.7553399546717,125.97025844378423,61.411172458422364,383.6661627953643,7.6893570637281865,6.380116923276968,-3.8670993221053322,4.632900677894554,1.2000000000000028,0.0,0.0,0.09611696329660191,0.0,-0.0010527522498561552,0.01156042157396722,0.009526058093589746,0.0,0.0,0.012499999999999945,0.0,4,INJECTOR_DEGRADATION,0.05,2026-01-01T00:02:00+00:00,True
2026-01-01T00:02:07Z,ENG-DATASET-004,MSN-INJECTOR_DEGRADATION-004,CRUISE,8500.0,23.0,0.6150121682360147,0.45498783176398533,3648.66896254721,404.94068179499146,127.05271389903307,61.256176795249566,382.6412099701988,7.752679746504678,6.858479405096028,14.2,3652.8241994039754,399.1792519850903,125.65271389903306,61.256176795249566,382.6412099701988,7.641244924686335,6.858479405096028,-4.155236856765441,5.761429809901188,1.4000000000000057,0.0,0.0,0.11143482181834319,0.0,-0.0011375408806817047,0.014433189553941001,0.0111418206305115,0.0,0.0,0.014583333333333438,0.0,4,INJECTOR_DEGRADATION,0.058333333333333334,2026-01-01T00:02:00+00:00,True
2026-01-01T00:02:08Z,ENG-DATASET-004,MSN-INJECTOR_DEGRADATION-004,CRUISE,8500.0,23.0,0.611362900500048,0.45863709949995196,3628.0571305159224,404.2759308864198,126.92840985646282,61.10244951571723,381.637661342808,7.720770909983862,6.6650203176223055,14.2,3632.753226856159,397.6386938933231,125.32840985646283,61.10244951571723,381.637661342808,7.594200895066095,6.6650203176223055,-4.696096340236636,6.637236993096735,1.5999999999999943,0.0,0.0,0.12657001491776754,0.0,-0.001292709976972675,0.016691627588127395,0.01276645895238323,0.0,0.0,0.016666666666666573,0.0,4,INJECTOR_DEGRADATION,0.06666666666666667,2026-01-01T00:02:00+00:00,True
2026-01-01T00:02:09Z,ENG-DATASET-004,MSN-INJECTOR_DEGRADATION-004,CRUISE,8500.0,23.0,0.6078484118130254,0.46215158818697455,3607.764912864007,403.24884944905006,126.79950576238097,60.95012201832968,380.67117695387674,7.6904963900205345,6.044583334784753,14.2,3613.423539077534,396.1574756625771,124.99950576238098,60.95012201832968,380.67117695387674,7.548953511676598,6.044583334784753,-5.658626213526986,7.091373786472957,1.7999999999999972,0.0,0.0,0.14154287834393653,0.0,-0.0015660013702605063,0.017900391188157103,0.014400056936398809,0.0,0.0,0.01875000000000004,0.0,4,INJECTOR_DEGRADATION,0.075,2026-01-01T00:02:00+00:00,True
2026-01-01T00:02:10Z,ENG-DATASET-004,MSN-INJECTOR_DEGRADATION-004,CRUISE,8500.0,23.0,0.6045235445954568,0.4654764554045433,3588.202084044938,401.99035828097567,126.66851460989983,60.799394557030105,379.7568384690453,7.662579929714309,5.8549266520828915,14.2,3595.1367693809066,394.7583769502778,124.66851460989983,60.799394557030105,379.7568384690453,7.506200747475242,5.8549266520828915,-6.934685335968425,7.231981330697863,2.0,0.0,0.0,0.15637918223906677,0.0,-0.0019289072379748708,0.018320019923500633,0.016042542948860816,0.0,0.0,0.020833333333333228,0.0,4,INJECTOR_DEGRADATION,0.08333333333333333,2026-01-01T00:02:00+00:00,True
2026-01-01T00:02:11Z,ENG-DATASET-004,MSN-INJECTOR_DEGRADATION-004,CRUISE,8500.0,23.0,0.6014401822882414,0.46855981771175864,3570.0169018386837,400.88477108195383,126.5382334639388,60.65052948836195,378.9089138345611,7.637709203031962,6.338319446767006,14.2,3578.1782766912215,393.462812601158,124.33823346393879,60.65052948836195,378.9089138345611,7.466599628218618,6.338319446767006,-8.161374852537847,7.4219584807958086,2.200000000000003,0.0,0.0,0.171109574813344,0.0,-0.002280874294526419,0.01886317650130569,0.017693672643644708,0.0,0.0,0.022916666666666755,0.0,4,INJECTOR_DEGRADATION,0.09166666666666666,2026-01-01T00:02:00+00:00,True
2026-01-01T00:02:12Z,ENG-DATASET-004,MSN-INJECTOR_DEGRADATION-004,CRUISE,8500.0,23.0,0.5986464397289263,0.4713535602710737,3553.8756195664114,400.3534514425442,126.41167322982297,60.50384369465766,378.14063463074945,7.616525525262506,6.774908247650886,14.2,3562.812692614989,392.2905244911218,124.01167322982296,60.50384369465766,378.14063463074945,7.430756610012201,6.774908247650886,-8.937073048577531,8.062926951422412,2.4000000000000057,0.0,0.0,0.18576891525030437,0.0,-0.002508431910300064,0.020553458337750113,0.019353016836989517,0.0,0.0,0.02499999999999991,0.0,4,INJECTOR_DEGRADATION,0.1,2026-01-01T00:02:00+00:00,True
2026-01-01T00:02:13Z,ENG-DATASET-004,MSN-INJECTOR_DEGRADATION-004,CRUISE,8500.0,23.0,0.5961859123357582,0.47381408766424177,3540.177178801727,400.57335640264733,126.29198847901112,60.35970029568375,377.46398959762826,7.599614338519948,6.514459598154318,14.2,3549.2797919525647,391.2593028868184,123.69198847901113,60.35970029568375,377.46398959762826,7.39921882857926,6.514459598154318,-9.102613150837442,9.31405351582896,2.5999999999999943,0.0,0.0,0.20039550994068822,0.0,-0.0025646366824830743,0.02380532155301438,0.021019954743804442,0.0,0.0,0.027083333333333324,0.0,4,INJECTOR_DEGRADATION,0.10833333333333334,2026-01-01T00:02:00+00:00,True
2026-01-01T00:02:14Z,ENG-DATASET-004,MSN-INJECTOR_DEGRADATION-004,CRUISE,8500.0,23.0,0.5940969958157628,0.4759030041842372,3528.8964887621655,401.3238108577009,126.1824081274798,60.21849977250664,376.8895375546295,7.587496580310055,5.90831979401219,14.2,3537.7907510925897,390.3847398547916,123.3824081274798,60.21849977250664,376.8895375546295,7.372466312851876,5.90831979401219,-8.894262330424226,10.939071002909316,2.799999999999997,0.0,0.0,0.21503026745817877,0.0,-0.0025140724695708406,0.028021256688922417,0.022693672805502486,0.0,0.0,0.02916666666666654,0.0,4,INJECTOR_DEGRADATION,0.11666666666666667,2026-01-01T00:02:00+00:00,True
2026-01-01T00:02:15Z,ENG-DATASET-004,MSN-INJECTOR_DEGRADATION-004,CRUISE,8500.0,23.0,0.5924122870125784,0.4775877129874216,3519.683375806848,402.08853980578,126.08616773158202,60.080670636738795,376.42624263375376,7.580621027205908,5.806389667019541,14.2,3528.5248526750756,389.68001667400773,123.08616773158202,60.080670636738795,376.42624263375376,7.3509052385026985,5.806389667019541,-8.8414768682278,12.408523131772256,3.0,0.0,0.0,0.22971578870320908,0.0,-0.0025057147780962415,0.031842852085876346,0.024373169262546193,0.0,0.0,0.031249999999999965,0.0,4,INJECTOR_DEGRADATION,0.125,2026-01-01T00:02:00+00:00,True
2026-01-01T00:02:16Z,ENG-DATASET-004,MSN-INJECTOR_DEGRADATION-004,CRUISE,8500.0,23.0,0.5911580752436133,0.4788419247563867,3512.1801476367286,402.37585306559635,126.00644412612303,59.9466597856328,376.0813343972884,7.579357690994622,6.339781076443363,14.2,3521.626687945767,389.15572670796826,122.80644412612303,59.9466597856328,376.0813343972884,7.334862281607698,6.339781076443363,-9.446540309038483,13.22012635762809,3.200000000000003,0.0,0.0,0.24449540938692405,0.0,-0.0026824365970911108,0.033971301076468,0.02605726452525229,0.0,0.0,0.03333333333333344,0.0,4,INJECTOR_DEGRADATION,0.13333333333333333,2026-01-01T00:02:00+00:00,True
2026-01-01T00:02:17Z,ENG-DATASET-004,MSN-INJECTOR_DEGRADATION-004,CRUISE,8500.0,23.0,0.5903539320640401,0.4796460679359599,3506.363973458779,402.063141115238,125.94629308304174,59.81692268859864,375.8601950229057,7.5839923314467,6.73320897999545,14.2,3517.2039004581147,388.81973478124024,122.54629308304173,59.81692268859864,375.8601950229057,7.3245801189022455,6.73320897999545,-10.839926999335603,13.243406333997768,3.4000000000000057,0.0,0.0,0.25941221254445423,0.0,-0.003081972869961763,0.03406053023890066,0.02774461727451882,0.0,0.0,0.035416666666666624,0.0,4,INJECTOR_DEGRADATION,0.14166666666666666,2026-01-01T00:02:00+00:00,True
2026-01-01T00:02:18Z,ENG-DATASET-004,MSN-INJECTOR_DEGRADATION-004,CRUISE,8500.0,23.0,0.5900124058592234,0.4799875941407765,3502.6808254804623,401.53239292555264,125.90859061915539,59.691913553547444,375.7662753165812,7.59472213813043,6.415896758769881,14.2,3515.3255063316233,388.6770737767135,122.3085906191554,59.691913553547444,375.7662753165812,7.320214109041378,6.415896758769881,-12.644680851160956,12.855319148839158,3.5999999999999943,0.0,0.0,0.27450802908905203,0.0,-0.003597015647167242,0.03307454958412149,0.029433746082559956,0.0,0.0,0.03750000000000005,0.0,4,INJECTOR_DEGRADATION,0.15,2026-01-01T00:02:00+00:00,True
2026-01-01T00:02:19Z,ENG-DATASET-004,MSN-INJECTOR_DEGRADATION-004,CRUISE,8500.0,23.0,0.5901388260313631,0.4798611739686368,3501.854483583346,401.48021188601325,125.89597853009967,59.57207562196876,375.80104086391964,7.611652623301409,5.839425105997905,14.2,3516.020817278392,388.7298789143926,122.09597853009967,59.57207562196876,375.80104086391964,7.321830178726806,5.839425105997905,-14.166333695045978,12.75033297162065,3.799999999999997,0.0,0.0,0.28982244457460293,0.0,-0.0040290812913933655,0.03279998184659372,0.031123056187007857,0.0,0.0,0.03958333333333336,0.0,4,INJECTOR_DEGRADATION,0.15833333333333333,2026-01-01T00:02:00+00:00,True
2026-01-01T00:02:20Z,ENG-DATASET-004,MSN-INJECTOR_DEGRADATION-004,CRUISE,8500.0,23.0,0.5907312198359552,0.4792687801640447,3504.462323863036,402.4940339676159,125.91081467646205,59.457831739821586,375.96394916018244,7.634795758560669,5.830810574177328,14.2,3519.278983203648,388.97735997489394,121.91081467646205,59.457831739821586,375.96394916018244,7.329403928218242,5.830810574177328,-14.81665934061175,13.516673992721962,4.0,0.0,0.0,0.305391830342427,0.0,-0.004210140603040212,0.034749256341280066,0.03281087088635706,0.0,0.0,0.0416666666666667,0.0,4,INJECTOR_DEGRADATION,0.16666666666666666,2026-01-01T00:02:00+00:00,True
2026-01-01T00:02:21Z,ENG-DATASET-004,MSN-INJECTOR_DEGRADATION-004,CRUISE,8500.0,23.0,0.5917803431658103,0.47821965683418965,3510.536457552447,404.6531076064281,125.95512849811166,59.349575347189834,376.2524580758926,7.664069379307767,6.407641643475022,14.2,3525.049161517851,389.41581157183236,121.75512849811166,59.349575347189834,376.2524580758926,7.342820962211035,6.407641643475022,-14.512703965404398,15.237296034595715,4.200000000000003,0.0,0.0,0.321248417096732,0.0,-0.004117021720955339,0.039128601309464335,0.0344954668588366,0.0,0.0,0.04374999999999989,0.0,4,INJECTOR_DEGRADATION,0.175,2026-01-01T00:02:00+00:00,True
2026-01-01T00:02:22Z,ENG-DATASET-004,MSN-INJECTOR_DEGRADATION-004,CRUISE,8500.0,23.0,0.5932698248022544,0.47673017519774563,3519.457874417982,407.42189200141263,126.03058218417694,59.24766202328558,376.6620655259147,7.699297872556295,6.752798262615128,14.2,3533.2413105182936,390.03866143505763,121.63058218417693,59.24766202328558,376.6620655259147,7.3618784438785285,6.752798262615128,-13.78343610031152,17.383230566354996,4.400000000000006,0.0,0.0,0.33741942867776675,0.0,-0.0039010740815462776,0.044567967960912884,0.03617511254971537,0.0,0.0,0.04583333333333345,0.0,4,INJECTOR_DEGRADATION,0.18333333333333332,2026-01-01T00:02:00+00:00,True
2026-01-01T00:02:23Z,ENG-DATASET-004,MSN-INJECTOR_DEGRADATION-004,CRUISE,8500.0,23.0,0.5951764218825207,0.4748235781174793,3530.2424405149195,409.93473590674535,126.13843787871551,59.152401714878394,377.1863797229879,7.740214154929759,6.384974837502947,14.2,3543.7275944597586,390.8365565182512,121.53843787871551,59.152401714878394,377.1863797229879,7.38628786156319,6.384974837502947,-13.485153944839112,19.098179388494145,4.599999999999994,0.0,0.0,0.3539262933665688,0.0,-0.0038053585060888193,0.04886487476665275,0.03784810863366849,0.0,0.0,0.047916666666666566,0.0,4,INJECTOR_DEGRADATION,0.19166666666666665,2026-01-01T00:02:00+00:00,True
2026-01-01T00:02:24Z,ENG-DATASET-004,MSN-INJECTOR_DEGRADATION-004,CRUISE,8500.0,23.0,0.5974703825968497,0.4725296174031503,3542.0681007014045,411.5212088799584,126.27953125502201,59.06405176571875,377.8172189194284,7.786462938115649,5.84802917110906,14.2,3556.3443783885677,391.7974865671218,121.47953125502201,59.06405176571875,377.8172189194284,7.41567898868157,5.84802917110906,-14.276277687163201,19.723722312836628,4.799999999999997,0.0,0.0,0.3707839494340792,0.0,-0.004014312498507806,0.050341625429129976,0.03951282944880118,0.0,0.0,0.05000000000000009,0.0,4,INJECTOR_DEGRADATION,0.2,2026-01-01T00:02:00+00:00,True
2026-01-01T00:02:25Z,ENG-DATASET-004,MSN-INJECTOR_DEGRADATION-004,CRUISE,8500.0,23.0,0.6001159104555293,0.46988408954447075,3554.7211595141475,412.1499891272361,126.45425174346299,58.982810852172356,378.54473908056525,7.837605268262318,5.9315471408111415,14.2,3570.894781611305,392.9069445577272,121.45425174346299,58.982810852172356,378.54473908056525,7.4496050074572535,5.9315471408111415,-16.173622097157477,19.243044569508925,5.0,0.0,0.0,0.38800026080506456,0.0,-0.004529291140261323,0.04897608666899415,0.04116776422583423,0.0,0.0,0.05208333333333324,0.0,4,INJECTOR_DEGRADATION,0.20833333333333334,2026-01-01T00:02:00+00:00,True
2026-01-01T00:02:26Z,ENG-DATASET-004,MSN-INJECTOR_DEGRADATION-004,CRUISE,8500.0,23.0,0.6030717228811443,0.46692827711885565,3568.6655462958834,412.495252798122,126.66252964714404,58.90881391628351,379.3575874976094,7.893124313369967,6.539305216275755,14.2,3587.1517499521883,394.1481231210936,121.46252964714404,58.90881391628351,379.3575874976094,7.487548755765976,6.539305216275755,-18.48620365630495,18.34712967702842,5.200000000000003,0.0,0.0,0.40557555760399033,0.0,-0.005153449016075594,0.046548819087974334,0.04281155690653172,0.0,0.0,0.05416666666666666,0.0,4,INJECTOR_DEGRADATION,0.21666666666666667,2026-01-01T00:02:00+00:00,True
2026-01-01T00:02:27Z,ENG-DATASET-004,MSN-INJECTOR_DEGRADATION-004,CRUISE,8500.0,23.0,0.6062916954093903,0.4637083045906097,3584.6609001683496,413.551447008694,126.90383032487676,58.842128172057585,380.24307994287705,7.952432358376208,6.826761939174523,14.2,3604.8615988575407,395.5021456978853,121.50383032487676,58.842128172057585,380.24307994287705,7.528930043433097,6.826761939174523,-20.200698689191086,18.049301310808744,5.400000000000006,0.0,0.0,0.42350231494311075,0.0,-0.005603737656833518,0.045636418176593606,0.04444304336383054,0.0,0.0,0.05624999999999987,0.0,4,INJECTOR_DEGRADATION,0.225,2026-01-01T00:02:00+00:00,True
2026-01-01T00:02:28Z,ENG-DATASET-004,MSN-INJECTOR_DEGRADATION-004,CRUISE,8500.0,23.0,0.6097255814459116,0.4602744185540884,3603.1428015156707,416.00982683287054,127.17715556011261,58.78275024413653,381.18739860292044,8.014878951234438,6.410603378029214,14.2,3623.747972058408,396.94833070894117,121.57715556011262,58.78275024413653,381.18739860292044,7.5731139696703345,6.410603378029214,-20.60517054273714,19.061496123929373,5.599999999999994,0.0,0.0,0.4417649815641038,0.0,-0.005686148899321144,0.04802009392478349,0.046061284903405476,0.0,0.0,0.05833333333333346,0.0,4,INJECTOR_DEGRADATION,0.23333333333333334,2026-01-01T00:02:00+00:00,True
2026-01-01T00:02:29Z,ENG-DATASET-004,MSN-INJECTOR_DEGRADATION-004,CRUISE,8500.0,23.0,0.6133197963476013,0.4566802036523988,3623.7489275884154,419.78059338846356,127.48105216621175,58.730604480496766,382.1758077008851,8.07976012486222,5.9174626374382315,14.2,3643.5161540177014,398.4644864844161,121.68105216621176,58.730604480496766,382.1758077008851,7.619420157040995,5.9174626374382315,-19.767226429285984,21.316106904047444,5.799999999999997,0.0,0.0,0.4603399678212252,0.0,-0.005425315984255671,0.053495625399683173,0.04766559704034622,0.0,0.0,0.06041666666666646,0.0,4,INJECTOR_DEGRADATION,0.24166666666666667,2026-01-01T00:02:00+00:00,True
2026-01-01T00:02:30Z,ENG-DATASET-004,MSN-INJECTOR_DEGRADATION-004,CRUISE,8500.0,23.0,0.6170182535930345,0.4529817464069655,3645.309196828115,423.97876203450454,127.81362780143992,58.68554246259912,383.19288344337923,8.14632859961926,6.0856832979863,14.2,3663.8576688675844,400.0272340739738,121.81362780143992,58.68554246259912,383.19288344337923,7.6671327996416565,6.0856832979863,-18.54847203946929,23.95152796053077,6.0,0.0,0.0,0.4791957999776031,0.0,-0.005062552565040607,0.05987474331835519,0.049255572699798335,0.0,0.0,0.062499999999999944,0.0,4,INJECTOR_DEGRADATION,0.25,2026-01-01T00:02:00+00:00,True
2026-01-01T00:02:31Z,ENG-DATASET-004,MSN-INJECTOR_DEGRADATION-004,CRUISE,8500.0,23.0,0.6207632399938777,0.44923676000612234,3666.3422419857047,427.4161689586368,128.1725738807581,58.64734371785096,384.2227547036111,8.21380484937534,6.707015821326856,14.2,3684.4550940722215,401.612354378487,121.9725738807581,58.64734371785096,384.2227547036111,7.715511404501298,6.707015821326856,-18.112852086516796,25.803814580149776,6.200000000000003,0.0,0.0,0.4982934448740419,0.0,-0.0049160192278249965,0.0642505498121001,0.050831099178584194,0.0,0.0,0.06458333333333331,0.0,4,INJECTOR_DEGRADATION,0.2583333333333333,2026-01-01T00:02:00+00:00,True
2026-01-01T00:02:32Z,ENG-DATASET-004,MSN-INJECTOR_DEGRADATION-004,CRUISE,8500.0,23.0,0.6244963162898886,0.44550368371011145,3685.778694332322,429.32016928849237,128.55519537576026,58.61571762059003,385.24935068501406,8.281388891860622,6.924460440515723,14.2,3704.9870137002818,403.1951553231183,122.15519537576026,58.61571762059003,385.24935068501406,7.763802086119333,6.924460440515723,-19.208319367959575,26.12501396537408,6.400000000000006,0.0,0.0,0.5175868057412893,0.0,-0.005184449850142835,0.06479496000996748,0.05239236841554742,0.0,0.0,0.06666666666666672,0.0,4,INJECTOR_DEGRADATION,0.26666666666666666,2026-01-01T00:02:00+00:00,True
2026-01-01T00:02:33Z,ENG-DATASET-004,MSN-INJECTOR_DEGRADATION-004,CRUISE,8500.0,23.0,0.6281592290740277,0.44184077092597235,3703.4680121441297,429.83583219326704,128.95844718973882,58.59030644936027,386.25665170065236,8.348272641641808,6.459552261616129,14.2,3725.133034013046,404.75085406218335,122.35844718973881,58.59030644936027,386.25665170065236,7.811249255337364,6.459552261616129,-21.665021868916483,25.084978131083687,6.6000000000000085,0.0,0.0,0.537023386304444,0.0,-0.005815905545144245,0.06197634391459441,0.05393988033997783,0.0,0.0,0.06875000000000003,0.0,4,INJECTOR_DEGRADATION,0.275,2026-01-01T00:02:00+00:00,True
2026-01-01T00:02:34Z,ENG-DATASET-004,MSN-INJECTOR_DEGRADATION-004,CRUISE,8500.0,23.0,0.6316948198173914,0.43830518018260867,3720.1351964535165,429.9780485217951,129.37897668334392,58.57068955030857,387.22893915507734,8.413652642679015,6.010795198221704,14.2,3744.578783101547,406.25496850315903,122.57897668334391,58.57068955030857,387.22893915507734,7.857107526237212,6.010795198221704,-24.443586648030305,23.72308001863604,6.800000000000011,0.0,0.0,0.5565451164418027,0.0,-0.0065277266319882996,0.05839455971712398,0.05547443928795662,0.0,0.0,0.07083333333333336,0.0,4,INJECTOR_DEGRADATION,0.2833333333333333,2026-01-01T00:02:00+00:00,True
2026-01-01T00:02:35Z,ENG-DATASET-004,MSN-INJECTOR_DEGRADATION-004,CRUISE,8500.0,23.0,0.6350479168089384,0.4349520831910616,3736.7833961766282,431.02962475447214,129.81317180999866,58.55638853936968,388.1510408277528,8.47674297803631,6.252426202065713,14.2,3763.0208165550553,407.6837117995656,122.81317180999866,58.55638853936968,388.1510408277528,7.9006536494318995,6.252426202065713,-26.237420378427032,23.345912954906566,7.0,0.0,0.0,0.57608932860441,0.0,-0.006972435619542144,0.05726476746361748,0.05699714368447004,0.0,0.0,0.07291666666666674,0.0,4,INJECTOR_DEGRADATION,0.2916666666666667,2026-01-01T00:02:00+00:00,True
2026-01-01T00:02:36Z,ENG-DATASET-004,MSN-INJECTOR_DEGRADATION-004,CRUISE,8500.0,23.0,0.638166196091588,0.431833803908412,3753.8905864707267,433.73361679193135,130.25721420226964,58.54687345979084,389.0085676304815,8.53678813804448,6.867963775116199,14.2,3780.1713526096287,409.0143829308334,123.05721420226963,58.54687345979084,389.0085676304815,7.941198267948354,6.867963775116199,-26.28076613890198,24.719233861097962,7.200000000000003,0.0,0.0,0.5955898700961262,0.0,-0.006952268478718337,0.0604360992979509,0.05850936937484489,0.0,0.0,0.07499999999999996,0.0,4,INJECTOR_DEGRADATION,0.3,2026-01-01T00:02:00+00:00,True
2026-01-01T00:02:37Z,ENG-DATASET-004,MSN-INJECTOR_DEGRADATION-004,CRUISE,8500.0,23.0,0.64100099796007,0.42899900203993,3770.8998017823706,437.77945166404305,130.7071364345748,58.54156979673094,389.788138144314,8.593075616135437,7.003159881607319,14.2,3795.76276288628,410.22574610128595,123.30713643457482,58.54156979673094,389.788138144314,7.978097283839477,7.003159881607319,-24.862961103909583,27.553705562757102,7.3999999999999915,0.0,0.0,0.6149783322959594,0.0,-0.006550188369782074,0.06716717764455966,0.06001274714482026,0.0,0.0,0.0770833333333333,0.0,4,INJECTOR_DEGRADATION,0.30833333333333335,2026-01-01T00:02:00+00:00,True
2026-01-01T00:02:38Z,ENG-DATASET-004,MSN-INJECTOR_DEGRADATION-004,CRUISE,8500.0,23.0,0.6435080862793506,0.4264919137206494,3786.3449789613705,441.9249551383729,131.15888257826714,58.53986623738165,390.47758743211614,8.644947994687769,6.489429325968566,14.2,3809.551748642323,411.29839148599217,123.55888257826714,58.53986623738165,390.47758743211614,8.010762620560095,6.489429325968566,-23.206769680952675,30.626563652380753,7.599999999999994,0.0,0.0,0.6341853741276733,0.0,-0.006091732364371551,0.0744631252792629,0.06150913508938421,0.0,0.0,0.07916666666666655,0.0,4,INJECTOR_DEGRADATION,0.31666666666666665,2026-01-01T00:02:00+00:00,True
2026-01-01T00:02:39Z,ENG-DATASET-004,MSN-INJECTOR_DEGRADATION-004,CRUISE,8500.0,23.0,0.645648338774725,0.42435166122527496,3798.571203125521,444.71313561671917,131.60837106689243,58.541123053508194,391.06615686834414,8.691814282390203,6.084985868050643,14.2,3821.323137366882,412.21506985807974,123.80837106689242,58.541123053508194,391.06615686834414,8.038672168684581,6.084985868050643,-22.751934241360686,32.49806575863943,7.800000000000011,0.0,0.0,0.6531421137056217,0.0,-0.005953941455220172,0.07883764601286432,0.06300058657411581,0.0,0.0,0.08124999999999993,0.0,4,INJECTOR_DEGRADATION,0.325,2026-01-01T00:02:00+00:00,True
2026-01-01T00:02:40Z,ENG-DATASET-004,MSN-INJECTOR_DEGRADATION-004,CRUISE,8500.0,23.0,0.6473883575218288,0.4226116424781712,3806.6300328442917,445.3644529058593,132.05155880697453,58.54468097367495,391.5446620237976,8.733160270464534,6.3882213537621775,14.2,3830.8932404759526,412.96099387085354,124.05155880697451,58.54468097367495,391.5446620237976,8.061378711198032,6.3882213537621775,-24.263207631660862,32.40345903500577,8.000000000000014,0.0,0.0,0.6717815592665026,0.0,-0.006333564030264228,0.0784661493844123,0.06448931457965873,0.0,0.0,0.08333333333333333,0.0,4,INJECTOR_DEGRADATION,0.3333333333333333,2026-01-01T00:02:00+00:00,True
2026-01-01T00:02:41Z,ENG-DATASET-004,MSN-INJECTOR_DEGRADATION-004,CRUISE,8500.0,23.0,0.6487009901100778,0.42129900988992225,3810.797490516972,444.29220338753015,132.4845054074907,58.549870404856996,391.90563598556605,8.768557687929034,6.980108505619739,14.2,3838.1127197113215,413.524099248546,124.28450540749071,58.549870404856996,391.90563598556605,8.078517639550741,6.980108505619739,-27.315229194349286,30.768104138984143,8.199999999999989,0.0,0.0,0.6900400483782931,0.0,-0.007116838714524195,0.07440462162881388,0.06597765323291675,0.0,0.0,0.08541666666666675,0.0,4,INJECTOR_DEGRADATION,0.3416666666666667,2026-01-01T00:02:00+00:00,True
2026-01-01T00:02:42Z,ENG-DATASET-004,MSN-INJECTOR_DEGRADATION-004,CRUISE,8500.0,23.0,0.6495657533469535,0.4204342466530464,3812.3711273592894,442.8974697042645,132.9034363632195,58.55602085776051,392.14344587570696,8.797671955933037,7.0242906105364575,14.2,3842.868917514139,413.895259859114,124.50343636321949,58.55602085776051,392.14344587570696,8.08981329281199,7.0242906105364575,-30.497790154849554,29.002209845150503,8.400000000000006,0.0,0.0,0.7078586631210477,0.0,-0.007936203604513747,0.07007137471210127,0.06746801731234395,0.0,0.0,0.08749999999999984,0.0,4,INJECTOR_DEGRADATION,0.35,2026-01-01T00:02:00+00:00,True
2026-01-01T00:02:43Z,ENG-DATASET-004,MSN-INJECTOR_DEGRADATION-004,CRUISE,8500.0,23.0,0.6499691528913724,0.42003084710862765,3812.8386387952382,442.7361420391022,133.30480401653855,58.56247042706737,392.2543807504221,8.820268367708854,6.465127986515147,14.2,3845.0876150084423,414.0684515856399,124.70480401653855,58.56247042706737,392.2543807504221,8.095083779159177,6.465127986515147,-32.24897621320406,28.667690453462342,8.600000000000009,0.0,0.0,0.725184588549677,0.0,-0.008387058876715155,0.06923418179695136,0.06896286047536279,0.0,0.0,0.08958333333333343,0.0,4,INJECTOR_DEGRADATION,0.35833333333333334,2026-01-01T00:02:00+00:00,True
2026-01-01T00:02:44Z,ENG-DATASET-004,MSN-INJECTOR_DEGRADATION-004,CRUISE,8500.0,23.0,0.649904893828364,0.42009510617163603,3812.9098665705587,444.54987079328265,133.68534514116686,58.56857517703032,392.2367095080948,8.836216553170486,6.107292083811815,14.2,3844.7341901618965,414.04086105128704,124.88534514116687,58.56857517703032,392.2367095080948,8.094244170843194,6.107292083811815,-31.824323591337816,30.509009741995612,8.799999999999997,0.0,0.0,0.7419723823272921,0.0,-0.008277379401876866,0.07368598757265282,0.07046463290030328,0.0,0.0,0.09166666666666659,0.0,4,INJECTOR_DEGRADATION,0.36666666666666664,2026-01-01T00:02:00+00:00,True
2026-01-01T00:02:45Z,ENG-DATASET-004,MSN-INJECTOR_DEGRADATION-004,CRUISE,8500.0,23.0,0.6493739788991146,0.4206260211008854,3812.0132215028225,447.76199999841305,134.04213404071555,58.57371828438766,392.09070790255123,8.845493124616285,6.462876556609981,14.2,3841.8141580510246,413.81293654661533,125.04213404071557,58.57371828438766,392.09070790255123,8.087307999649175,6.462876556609981,-29.800936548202117,33.94906345179771,8.999999999999986,0.0,0.0,0.7581851249671097,0.0,-0.007756995867629451,0.08203963784968189,0.07197573897026943,0.0,0.0,0.09374999999999994,0.0,4,INJECTOR_DEGRADATION,0.375,2026-01-01T00:02:00+00:00,True
2026-01-01T00:02:46Z,ENG-DATASET-004,MSN-INJECTOR_DEGRADATION-004,CRUISE,8500.0,23.0,0.6483846928535261,0.4216153071464739,3808.5941768549947,450.7761386296485,134.37263013435089,58.57731879441613,391.8186542400144,8.848182441065969,7.017742045840086,14.2,3836.3730848002874,413.3883799082747,125.17263013435088,58.57731879441613,391.8186542400144,8.074387018463243,7.017742045840086,-27.778907945292758,37.38775872137376,9.200000000000003,0.0,0.0,0.7737954226027259,0.0,-0.007240929735262925,0.09044221013099012,0.07349849555869693,0.0,0.0,0.09583333333333315,0.0,4,INJECTOR_DEGRADATION,0.3833333333333333,2026-01-01T00:02:00+00:00,True
2026-01-01T00:02:47Z,ENG-DATASET-004,MSN-INJECTOR_DEGRADATION-004,CRUISE,8500.0,23.0,0.6469524731694647,0.42304752683053537,3801.065949061311,451.92748540564804,134.67471910963965,58.57883985203797,391.42479382689754,8.844475471976569,6.968184484356749,14.2,3828.4958765379506,412.77407954895386,125.27471910963965,58.57883985203797,391.42479382689754,8.055689234437862,6.968184484356749,-27.429927476639477,39.15340585669418,9.400000000000006,0.0,0.0,0.7887862375387069,0.0,-0.0071646746819651625,0.09485432297366601,0.07503509141196466,0.0,0.0,0.09791666666666661,0.0,4,INJECTOR_DEGRADATION,0.39166666666666666,2026-01-01T00:02:00+00:00,True
2026-01-01T00:02:48Z,ENG-DATASET-004,MSN-INJECTOR_DEGRADATION-004,CRUISE,8500.0,23.0,0.6450996691560816,0.4249003308439183,3788.8469237556924,450.5214555725736,134.9467468557063,58.577796278147666,390.9152727232172,8.834666784816694,6.372519051935438,14.2,3818.3054544643433,411.9799862812247,125.3467468557063,58.577796278147666,390.9152727232172,8.031515258924266,6.372519051935438,-29.45853070865087,38.5414692913489,9.599999999999994,0.0,0.0,0.803151525892428,0.0,-0.0077150796498504605,0.09355180002612998,0.07658754806816881,0.0,0.0,0.10000000000000017,0.0,4,INJECTOR_DEGRADATION,0.4,2026-01-01T00:02:00+00:00,True
2026-01-01T00:02:49Z,ENG-DATASET-004,MSN-INJECTOR_DEGRADATION-004,CRUISE,8500.0,23.0,0.6428551932003197,0.4271448067996803,3772.839756667296,447.3145215805821,135.18754554399246,58.57376137159707,390.2980418353826,8.81914972359175,6.067731379384719,14.2,3805.960836707652,411.0189349542717,125.38754554399246,58.57376137159707,390.2980418353826,8.002253057323326,6.067731379384719,-33.12108004035599,36.29558662631041,9.799999999999997,0.0,0.0,0.8168966662684234,0.0,-0.008702422715680752,0.0883063614340505,0.0781576827067059,0.0,0.0,0.1020833333333334,0.0,4,INJECTOR_DEGRADATION,0.4083333333333333,2026-01-01T00:02:00+00:00,True
2026-01-01T00:02:50Z,ENG-DATASET-004,MSN-INJECTOR_DEGRADATION-004,CRUISE,8500.0,23.0,0.6402540695987841,0.429745930401216,3755.027851871195,444.11294448355596,135.39645139404908,58.56637282941454,389.58273284496033,8.798409885339627,6.470604701552204,14.2,3791.654656899207,409.9064161782347,125.39645139404908,58.56637282941454,389.58273284496033,7.968371216911359,6.470604701552204,-36.62680502801231,34.206528305321285,10.0,0.0,0.0,0.8300386684282675,0.0,-0.0096598473073931,0.08344960448349673,0.07974707329297333,0.0,0.0,0.10416666666666677,0.0,4,INJECTOR_DEGRADATION,0.4166666666666667,2026-01-01T00:02:00+00:00,True
2026-01-01T00:02:51Z,ENG-DATASET-004,MSN-INJECTOR_DEGRADATION-004,CRUISE,8500.0,23.0,0.6373368880153083,0.43266311198469176,3737.4021680418964,442.70231335103983,135.57331384212503,58.55533769164434,388.78050790950454,8.773017037461019,6.9809148736127975,14.2,3775.6101581900907,408.6603034992343,125.37331384212503,58.55533769164434,388.78050790950454,7.930410881320695,6.9809148736127975,-38.20799014819431,34.04200985180552,10.200000000000003,0.0,0.0,0.8426061561403237,0.0,-0.010119686235432216,0.08330148428979792,0.0813570263672239,0.0,0.0,0.10624999999999998,0.0,4,INJECTOR_DEGRADATION,0.425,2026-01-01T00:02:00+00:00,True
2026-01-01T00:02:52Z,ENG-DATASET-004,MSN-INJECTOR_DEGRADATION-004,CRUISE,8500.0,23.0,0.6341491700928259,0.4358508299071741,3720.857813575219,443.7473128976887,135.7184960147185,58.540436232462675,387.9038854808218,8.743615649359231,6.841716365553869,14.2,3758.077709616436,407.3005422722394,125.3184960147185,58.540436232462675,387.9038854808218,7.888976525737652,6.841716365553869,-37.219896041217,36.44677062544929,10.400000000000006,0.0,0.0,0.8546391236215793,0.0,-0.009903971901905085,0.08948372723031706,0.08298854782600118,0.0,0.0,0.10833333333333338,0.0,4,INJECTOR_DEGRADATION,0.43333333333333335,2026-01-01T00:02:00+00:00,True
2026-01-01T00:02:53Z,ENG-DATASET-004,MSN-INJECTOR_DEGRADATION-004,CRUISE,8500.0,23.0,0.6307406591033574,0.4392593408966426,3704.744453753225,446.3456950461248,135.8328665915948,58.52152473571656,386.96654495871803,8.710914236394368,6.224202846800589,14.2,3739.33089917436,405.84880713392636,125.23286659159481,58.52152473571656,386.96654495871803,7.844725766358906,6.224202846800589,-34.58644542113507,40.49688791219842,10.599999999999994,0.0,0.0,0.8661884700354623,0.0,-0.009249367427945923,0.0997831882226891,0.08464231705697799,0.0,0.0,0.11041666666666664,0.0,4,INJECTOR_DEGRADATION,0.44166666666666665,2026-01-01T00:02:00+00:00,True
2026-01-01T00:02:54Z,ENG-DATASET-004,MSN-INJECTOR_DEGRADATION-004,CRUISE,8500.0,23.0,0.6271645437208875,0.4428354562791125,3687.3740550093116,448.5399258300901,135.91778331722418,58.49853711048561,385.98311322853874,8.675673732096579,5.982882749093877,14.2,3719.662264570775,404.3281353915534,125.11778331722417,58.49853711048561,385.98311322853874,7.7983584108733295,5.982882749093877,-32.28820956146319,44.211790438536696,10.800000000000011,0.0,0.0,0.8773153212232492,0.0,-0.008680414313149757,0.10934631198920099,0.08631866481056209,0.0,0.0,0.11249999999999995,0.0,4,INJECTOR_DEGRADATION,0.45,2026-01-01T00:02:00+00:00,True
2026-01-01T00:02:55Z,ENG-DATASET-004,MSN-INJECTOR_DEGRADATION-004,CRUISE,8500.0,23.0,0.6234766280298968,0.4465233719701032,3667.204826709429,448.50530892330187,135.9750685809401,58.4714853204112,384.9689364135164,8.638695115771357,6.431816937281673,14.2,3699.3787282703274,402.76254381753375,124.97506858094009,58.4714853204112,384.9689364135164,7.750604963682713,6.431816937281673,-32.17390156089823,45.742765105768115,11.000000000000014,0.0,0.0,0.888090152088644,0.0,-0.008697109413272045,0.11357253996908727,0.08801755522043075,0.0,0.0,0.1145833333333333,0.0,4,INJECTOR_DEGRADATION,0.4583333333333333,2026-01-01T00:02:00+00:00,True
2026-01-01T00:02:56Z,ENG-DATASET-004,MSN-INJECTOR_DEGRADATION-004,CRUISE,8500.0,23.0,0.6197344607212879,0.4502655392787121,3643.9883130244975,445.7014745706425,136.0069776299908,58.44045861909029,383.9398404036489,8.600806527238285,6.8951656018790395,14.2,3678.796808072978,401.1766362857894,124.80697762999081,58.44045861909029,383.9398404036489,7.702214800511897,6.8951656018790395,-34.80849504848038,44.524838284853104,11.200000000000003,0.0,0.0,0.8985917267263881,0.0,-0.009461923793152827,0.11098562143866869,0.08973857241543097,0.0,0.0,0.11666666666666668,0.0,4,INJECTOR_DEGRADATION,0.4666666666666667,2026-01-01T00:02:00+00:00,True
2026-01-01T00:02:57Z,ENG-DATASET-004,MSN-INJECTOR_DEGRADATION-004,CRUISE,8500.0,23.0,0.6159964370643114,0.4540035629356886,3619.1625071153085,441.27003858421523,136.01616010270456,58.40562160250199,382.9118838979804,8.562850098943226,6.6759571743928765,14.2,3658.237677959607,399.5952094285136,124.61616010270457,58.40562160250199,382.9118838979804,7.653944222519086,6.6759571743928765,-39.075170844298555,41.674829155701616,11.399999999999991,0.0,0.0,0.9089058764241402,0.0,-0.010681419383907513,0.10429261455687476,0.09148091219152062,0.0,0.0,0.11874999999999984,0.0,4,INJECTOR_DEGRADATION,0.475,2026-01-01T00:02:00+00:00,True
2026-01-01T00:02:58Z,ENG-DATASET-004,MSN-INJECTOR_DEGRADATION-004,CRUISE,8500.0,23.0,0.61232088766792,0.45767911233208003,3595.2160375856192,437.4034110350648,136.00561566898995,58.36721110793344,381.90110781397277,8.525668728786595,6.055139696662035,14.2,3638.0221562794545,398.04286306223344,124.40561566898995,58.36721110793344,381.90110781397277,7.606544590738969,6.055139696662035,-42.80611869383529,39.36054797283134,11.599999999999994,0.0,0.0,0.9191241380476258,0.0,-0.011766316106665058,0.0988851996240349,0.09324337922867156,0.0,0.0,0.12083333333333338,0.0,4,INJECTOR_DEGRADATION,0.48333333333333334,2026-01-01T00:02:00+00:00,True
2026-01-01T00:02:59Z,ENG-DATASET-004,MSN-INJECTOR_DEGRADATION-004,CRUISE,8500.0,23.0,0.6087651682511251,0.46123483174887486,3574.3778465659816,436.0391019795684,135.97864464127437,58.32553200690872,380.92328497435415,8.490093005612243,5.889590024605308,14.2,3618.4656994870825,396.54362156733583,124.17864464127436,58.32553200690872,380.92328497435415,7.560750728560068,5.889590024605308,-44.087852921100875,39.49548041223255,11.800000000000011,0.0,0.0,0.9293422770521751,0.0,-0.012184129015607451,0.099599333501134,0.0950243903377082,0.0,0.0,0.12291666666666667,0.0,4,INJECTOR_DEGRADATION,0.49166666666666664,2026-01-01T00:02:00+00:00,True
2026-01-01T00:03:00Z,ENG-DATASET-004,MSN-INJECTOR_DEGRADATION-004,CRUISE,8500.0,23.0,0.6053847646261847,0.46461523537381527,3557.418371580418,437.66546377612667,135.9387944707874,58.28095195691832,379.9936739774955,8.456928484406777,6.3849952216544406,14.2,3599.8734795499104,395.12057174561903,123.9387944707874,58.28095195691832,379.9936739774955,7.5172697639171355,6.3849952216544406,-42.455107969492474,42.54489203050764,12.0,0.0,0.0,0.9396587204896418,0.0,-0.011793500024562142,0.10767571995187913,0.0968219841998578,0.0,0.0,0.12499999999999999,0.0,4,INJECTOR_DEGRADATION,0.5,2026-01-01T00:02:00+00:00,True
2026-01-01T00:03:01Z,ENG-DATASET-004,MSN-INJECTOR_DEGRADATION-004,CRUISE,8500.0,23.0,0.6022324268610607,0.46776757313893935,3543.3066481894957,440.9832149808117,135.8898030728681,58.233895193028715,379.1267810920864,8.426943490911265,6.801661136593747,14.2,3582.5356218417282,393.7955219663779,123.6898030728681,58.233895193028715,379.1267810920864,7.476770564948997,6.801661136593747,-39.228973652232526,47.18769301443376,12.199999999999989,0.0,0.0,0.950172925962268,0.0,-0.010950058224980188,0.11982790657142776,0.09863383801179414,0.0,0.0,0.12708333333333327,0.0,4,INJECTOR_DEGRADATION,0.5083333333333333,2026-01-01T00:02:00+00:00,True
2026-01-01T00:03:02Z,ENG-DATASET-004,MSN-INJECTOR_DEGRADATION-004,CRUISE,8500.0,23.0,0.5993573461322511,0.4706426538677489,3529.962431135735,443.66177331699276,135.83553993261128,58.184835455466576,378.3361338916638,8.400857616562446,6.514721378160282,14.2,3566.7226778332756,392.58868668119953,123.43553993261128,58.184835455466576,378.3361338916638,7.439873903966742,6.514721378160282,-36.760246697540424,51.07308663579323,12.400000000000006,0.0,0.0,0.9609837125957039,0.0,-0.010306449370454464,0.13009311874864846,0.10045729136656828,0.0,0.0,0.12916666666666662,0.0,4,INJECTOR_DEGRADATION,0.5166666666666666,2026-01-01T00:02:00+00:00,True
2026-01-01T00:03:03Z,ENG-DATASET-004,MSN-INJECTOR_DEGRADATION-004,CRUISE,8500.0,23.0,0.5968043871129334,0.4731956128870666,3515.671550443799,443.7585468917139,135.77994593122372,58.13428816278622,377.63407016135136,8.379331045388678,5.909803836407626,14.2,3552.6814032270277,391.51839967494266,123.17994593122371,58.13428816278622,377.63407016135136,7.407143465536953,5.909803836407626,-37.00985278322878,52.24014721677122,12.600000000000009,0.0,0.0,0.9721875798517257,0.0,-0.010417442090250875,0.1334296095921507,0.10228937758289885,0.0,0.0,0.1312500000000001,0.0,4,INJECTOR_DEGRADATION,0.525,2026-01-01T00:02:00+00:00,True
2026-01-01T00:03:04Z,ENG-DATASET-004,MSN-INJECTOR_DEGRADATION-004,CRUISE,8500.0,23.0,0.5946133878747448,0.4753866121252551,3500.307343729827,440.9439617328434,135.72697280693487,58.082801952031744,377.0315453708496,8.362954835485398,5.830948355395374,14.2,3540.630907416991,390.6008587533404,122.92697280693486,58.082801952031744,377.0315453708496,7.379077796016529,5.830948355395374,-40.32356368716364,50.34310297950299,12.800000000000011,0.0,0.0,0.9838770394688696,0.0,-0.011388807458776051,0.1288863090065402,0.10412686254060188,0.0,0.0,0.13333333333333322,0.0,4,INJECTOR_DEGRADATION,0.5333333333333333,2026-01-01T00:02:00+00:00,True
2026-01-01T00:03:05Z,ENG-DATASET-004,MSN-INJECTOR_DEGRADATION-004,CRUISE,8500.0,23.0,0.5928185382279987,0.47718146177200127,3485.593261807297,436.76726474805804,135.68052312542423,58.03094971721185,376.53796171799434,8.352242259616995,6.371724252228911,14.2,3530.759234359887,389.84990396731456,122.68052312542423,58.03094971721185,376.53796171799434,7.356103274525059,6.371724252228911,-45.16597255259012,46.91736078074348,13.0,0.0,0.0,0.9961389850919362,0.0,-0.012792141733441797,0.12034724211366506,0.10596629088962442,0.0,0.0,0.13541666666666682,0.0,4,INJECTOR_DEGRADATION,0.5416666666666666,2026-01-01T00:02:00+00:00,True
2026-01-01T00:03:06Z,ENG-DATASET-004,MSN-INJECTOR_DEGRADATION-004,CRUISE,8500.0,23.0,0.5914478462011294,0.4785521537988706,3474.2111926604525,433.7675954022767,135.64439158673005,57.979319285261944,376.1610214106053,8.347621292781303,6.741478645485001,14.2,3523.220428212106,389.27683095393047,122.44439158673006,57.979319285261944,376.1610214106053,7.338568169478069,6.741478645485001,-49.009235551653546,44.490764448346226,13.199999999999989,0.0,0.0,1.009053123303234,0.0,-0.013910351779074969,0.11429081031953724,0.10780403927810885,0.0,0.0,0.13749999999999993,0.0,4,INJECTOR_DEGRADATION,0.55,2026-01-01T00:02:00+00:00,True
2026-01-01T00:03:07Z,ENG-DATASET-004,MSN-INJECTOR_DEGRADATION-004,CRUISE,8500.0,23.0,0.5905227009847764,0.4794772990152236,3468.268798332142,433.9435760163388,135.62220844154945,57.928503874351726,375.90660647610827,8.349428319478122,6.398333628007632,14.2,3518.132129522165,388.8902405396953,122.22220844154944,57.928503874351726,375.90660647610827,7.326737830620655,6.398333628007632,-49.86333119002302,45.0533354766435,13.400000000000006,0.0,0.0,1.0226904888574664,0.0,-0.01417324004735305,0.11585103142243744,0.10963637599797023,0.0,0.0,0.1395833333333333,0.0,4,INJECTOR_DEGRADATION,0.5583333333333333,2026-01-01T00:02:00+00:00,True
2026-01-01T00:03:08Z,ENG-DATASET-004,MSN-INJECTOR_DEGRADATION-004,CRUISE,8500.0,23.0,0.5900575391606181,0.4799424608393819,3468.052258494596,437.5077777407357,135.617385732447,57.879092482818244,375.7786869744647,8.357903120001259,5.825710975929994,14.2,3515.573739489294,388.69592540210016,122.017385732447,57.879092482818244,375.7786869744647,7.320791054015701,5.825710975929994,-47.52148099469787,48.81185233863556,13.599999999999994,0.0,0.0,1.037112065985558,0.0,-0.013517418355048156,0.1255785027541527,0.11145952618441872,0.0,0.0,0.14166666666666672,0.0,4,INJECTOR_DEGRADATION,0.5666666666666667,2026-01-01T00:02:00+00:00,True
2026-01-01T00:03:09Z,ENG-DATASET-004,MSN-INJECTOR_DEGRADATION-004,CRUISE,8500.0,23.0,0.5900596194233431,0.4799403805766569,3471.8431373066696,442.70475068408274,135.63306701699466,57.83166035811195,375.77925904671406,8.373185183204932,5.839873411824439,14.2,3515.585180934281,388.69679431169413,121.83306701699465,57.83166035811195,375.77925904671406,7.320817646517972,5.839873411824439,-43.742043627611565,54.007956372388605,13.800000000000011,0.0,0.0,1.0523675366869591,0.0,-0.01244232222414447,0.13894623563342248,0.11326974144117238,0.0,0.0,0.14375000000000007,0.0,4,INJECTOR_DEGRADATION,0.575,2026-01-01T00:02:00+00:00,True
2026-01-01T00:03:10Z,ENG-DATASET-004,MSN-INJECTOR_DEGRADATION-004,CRUISE,8500.0,23.0,0.5905289093111473,0.4794710906888527,3476.9439783724065,446.8372039875824,135.67208117193803,57.78675969391796,375.90831376586027,8.39531138260392,6.420549183186082,14.2,3518.1662753172045,388.89283426571404,121.67208117193803,57.78675969391796,375.90831376586027,7.326817206636149,6.420549183186082,-41.22229694479802,57.944369721868384,14.0,0.0,0.0,1.0684941759677704,0.0,-0.011716983712227,0.14899829623056887,0.11506337251038083,0.0,0.0,0.14583333333333315,0.0,4,INJECTOR_DEGRADATION,0.5833333333333334,2026-01-01T00:02:00+00:00,True
2026-01-01T00:03:11Z,ENG-DATASET-004,MSN-INJECTOR_DEGRADATION-004,CRUISE,8500.0,23.0,0.5914580857122896,0.4785419142877104,3481.314640745567,447.90233921250615,135.73690082117156,57.74491070007706,376.1638372761744,8.424215042952602,6.739974620700902,14.2,3523.276745523487,389.2811106570929,121.53690082117156,57.74491070007706,376.1638372761744,7.338699129976859,6.739974620700902,-41.9621047779201,58.62122855541327,14.200000000000003,0.0,0.0,1.085515912975743,0.0,-0.011909965582815832,0.15058842299453648,0.116836943381449,0.0,0.0,0.14791666666666659,0.0,4,INJECTOR_DEGRADATION,0.5916666666666667,2026-01-01T00:02:00+00:00,True
2026-01-01T00:03:12Z,ENG-DATASET-004,MSN-INJECTOR_DEGRADATION-004,CRUISE,8500.0,23.0,0.5928326491398013,0.47716735086019874,3484.826676443112,445.845637546535,135.82960587601002,57.70659318413508,376.54184221874004,8.459726415119743,6.348746115348127,14.2,3530.8368443748013,389.8558054782245,121.42960587601002,57.70659318413508,376.54184221874004,7.3562838392345595,6.348746115348127,-46.010167931689466,55.98983206831048,14.400000000000006,0.0,0.0,1.1034425758851834,0.0,-0.013030952706011087,0.14361677133326106,0.11858722505204895,0.0,0.0,0.1499999999999999,0.0,4,INJECTOR_DEGRADATION,0.6,2026-01-01T00:02:00+00:00,True
2026-01-01T00:03:13Z,ENG-DATASET-004,MSN-INJECTOR_DEGRADATION-004,CRUISE,8500.0,23.0,0.5946311499911306,0.47536885000886936,3489.3505694758164,442.6469304996765,135.95185262376668,57.67223877538663,377.03642995285566,8.50157456759084,5.819541299149672,14.2,3540.728599057113,390.6082934143065,121.35185262376667,57.67223877538663,377.03642995285566,7.379305230458596,5.819541299149672,-51.37802958129669,52.03863708537,14.600000000000009,0.0,0.0,1.122269337132244,0.0,-0.014510581125867292,0.13322460880310644,0.12031130703265926,0.0,0.0,0.15208333333333324,0.0,4,INJECTOR_DEGRADATION,0.6083333333333333,2026-01-01T00:02:00+00:00,True
2026-01-01T00:03:14Z,ENG-DATASET-004,MSN-INJECTOR_DEGRADATION-004,CRUISE,8500.0,23.0,0.5968255232620169,0.47317447673798313,3497.5894099618345,441.15234676176783,136.1048487492297,57.6422239122731,377.63988260234936,8.54939069273429,5.926467785900827,14.2,3552.797652046987,391.5272555135867,121.30484874922968,57.6422239122731,377.63988260234936,7.407414318614547,5.926467785900827,-55.208242085152506,49.62509124818115,14.800000000000011,0.0,0.0,1.1419763741197428,0.0,-0.015539371360860818,0.1267474755571878,0.12200666463543977,0.0,0.0,0.15416666666666667,0.0,4,INJECTOR_DEGRADATION,0.6166666666666667,2026-01-01T00:02:00+00:00,True
2026-01-01T00:03:15Z,ENG-DATASET-004,MSN-INJECTOR_DEGRADATION-004,LOITER,8000.0,23.0,0.39938152649149494,0.32061847350850503,2542.8532622710104,348.28811683980746,133.9130956419917,57.265153527165495,329.91822080693015,6.500579751842735,4.7830326149582625,14.2,2598.364416138603,297.54927070739984,118.9130956419917,57.265153527165495,329.91822080693015,5.622123028620743,4.7830326149582625,-55.511153867592384,50.738846132407616,15.0,0.0,0.0,0.8784567232219915,0.0,-0.021363883188520116,0.17052250207765599,0.12614254064295893,0.0,0.0,0.15625000000000006,0.0,4,INJECTOR_DEGRADATION,0.625,2026-01-01T00:02:00+00:00,True
2026-01-01T00:03:16Z,ENG-DATASET-004,MSN-INJECTOR_DEGRADATION-004,LOITER,8000.0,23.0,0.40225927410404627,0.3177407258959537,2561.7773447821246,354.0179209147253,131.9909345146318,56.90716282914629,330.70960140038176,6.555315247471959,5.044415574534389,14.2,2614.1920280076356,298.76593747357003,116.79093451463179,56.90716282914629,330.70960140038176,5.659264961846296,5.044415574534389,-52.414683225511,55.25198344115529,15.200000000000003,0.0,0.0,0.8960502856256625,0.0,-0.0200500509006058,0.1849340119170817,0.13014708772705058,0.0,0.0,0.15833333333333313,0.0,4,INJECTOR_DEGRADATION,0.6333333333333333,2026-01-01T00:02:00+00:00,True
2026-01-01T00:03:17Z,ENG-DATASET-004,MSN-INJECTOR_DEGRADATION-004,LOITER,8000.0,23.0,0.4054138598106645,0.31458614018933545,2583.3992754900105,361.041810973662,130.31437735177747,56.56787312808482,331.5771124697018,6.614402439680467,4.6088901167218586,14.2,2631.542249394036,300.1014515443541,114.91437735177746,56.56787312808482,331.5771124697018,5.700023646403276,4.6088901167218586,-48.14297390402544,60.940359429307875,15.400000000000006,0.0,0.0,0.9143787932771916,0.0,-0.01829458520573299,0.20306586028058937,0.13401282202362996,0.0,0.0,0.16041666666666657,0.0,4,INJECTOR_DEGRADATION,0.6416666666666666,2026-01-01T00:02:00+00:00,True
2026-01-01T00:03:18Z,ENG-DATASET-004,MSN-INJECTOR_DEGRADATION-004,LOITER,8000.0,23.0,0.40879605735647656,0.3112039426435234,2604.44157616154,366.33266679055345,128.8613252797251,56.24685251165722,332.5072167948001,6.677137334539488,4.128362149562423,14.2,2650.1443358960023,301.5354265250155,113.2613252797251,56.24685251165722,332.5072167948001,5.743774051216763,4.128362149562423,-45.702759734462234,64.79724026553794,15.599999999999994,0.0,0.0,0.9333632833227243,0.0,-0.017245385134470544,0.21489096990121767,0.13773457057360206,0.0,0.0,0.16250000000000006,0.0,4,INJECTOR_DEGRADATION,0.65,2026-01-01T00:02:00+00:00,True
2026-01-01T00:03:19Z,ENG-DATASET-004,MSN-INJECTOR_DEGRADATION-004,LOITER,8000.0,23.0,0.4123530886799851,0.30764691132001487,2622.6552703167017,367.9098045872223,127.61133964623143,55.94361304116937,333.485400408765,6.742754561504717,4.321227467788035,14.2,2669.7080081752993,303.0458757791535,111.81133964623143,55.94361304116937,333.485400408765,5.789842915066663,4.321227467788035,-47.05273785859754,64.8639288080688,15.799999999999997,0.0,0.0,0.9529116464380545,0.0,-0.017624675700305254,0.21403996553755703,0.1413094597559679,0.0,0.0,0.16458333333333328,0.0,4,INJECTOR_DEGRADATION,0.6583333333333333,2026-01-01T00:02:00+00:00,True
2026-01-01T00:03:20Z,ENG-DATASET-004,MSN-INJECTOR_DEGRADATION-004,LOITER,8000.0,23.0,0.4160294474970668,0.3039705525029332,2638.0574833917753,366.07236623774327,126.54544396115537,55.65760920341365,334.49639908346245,6.810438440107898,4.942676166564088,14.2,2689.9279816692488,304.60953118188326,110.54544396115537,55.65760920341365,334.49639908346245,5.837518662949627,4.942676166564088,-51.870498277473416,61.46283505586001,16.0,0.0,0.0,0.9729197771582712,0.0,-0.01928322937675265,0.20177581055124755,0.1447368559632566,0.0,0.0,0.16666666666666666,0.0,4,INJECTOR_DEGRADATION,0.6666666666666666,2026-01-01T00:02:00+00:00,True
2026-01-01T00:03:21Z,ENG-DATASET-004,MSN-INJECTOR_DEGRADATION-004,LOITER,8000.0,23.0,0.4197677654579711,0.30023223454202885,2652.7964900373267,363.2599467944018,125.64595424532229,55.38823762744719,335.52443652271114,6.8793350205885355,5.134934223754737,14.2,2710.4887304542226,306.2021872112979,109.44595424532228,55.38823762744719,335.52443652271114,5.886062049701421,5.134934223754737,-57.69224041689586,57.057759583103916,16.200000000000003,0.0,0.0,0.9932729708871149,0.0,-0.021284811026396636,0.18634014375518043,0.1480182626366236,0.0,0.0,0.16875,0.0,4,INJECTOR_DEGRADATION,0.675,2026-01-01T00:02:00+00:00,True
2026-01-01T00:03:22Z,ENG-DATASET-004,MSN-INJECTOR_DEGRADATION-004,LOITER,8000.0,23.0,0.4235097073612309,0.2964902926387691,2669.695004717799,362.59132668334854,124.89633547631593,55.13483805605169,336.5534705461076,6.948564948991271,4.655667342797714,14.2,2731.0694109221513,307.7990662210344,108.49633547631592,55.13483805605169,336.5534705461076,5.934717394156245,4.655667342797714,-61.374406204352454,54.79226046231412,16.400000000000006,0.0,0.0,1.0138475548350252,0.0,-0.022472664355912234,0.17801308215459985,0.15115717897753353,0.0,0.0,0.1708333333333333,0.0,4,INJECTOR_DEGRADATION,0.6833333333333333,2026-01-01T00:02:00+00:00,True
2026-01-01T00:03:23Z,ENG-DATASET-004,MSN-INJECTOR_DEGRADATION-004,LOITER,8000.0,23.0,0.4271968814549707,0.2928031185450293,2690.3383040816198,365.94796899115426,124.28108192903235,54.89669554264221,337.56744342188597,7.017236983019613,4.224650736476825,14.2,2751.34886843772,309.375200013921,107.68108192903236,54.89669554264221,337.56744342188597,5.98272424840038,4.224650736476825,-61.010564356100076,56.57276897723324,16.599999999999994,0.0,0.0,1.0345127346192324,0.0,-0.022174783087665396,0.1828613572603351,0.15415892655072216,0.0,0.0,0.17291666666666666,0.0,4,INJECTOR_DEGRADATION,0.6916666666666667,2026-01-01T00:02:00+00:00,True
2026-01-01T00:03:24Z,ENG-DATASET-004,MSN-INJECTOR_DEGRADATION-004,LOITER,8000.0,23.0,0.43077175062066503,0.28922824937933495,2713.87595190328,372.7711251869524,123.78561928944691,54.67304382583257,338.550532442452,7.084461961571153,4.492047563304791,14.2,2771.010648849039,310.9058221327117,106.98561928944692,54.67304382583257,338.550532442452,6.029329328996726,4.492047563304791,-57.13469694575906,61.86530305424071,16.799999999999997,0.0,0.0,1.055132632574427,0.0,-0.0206187215373894,0.19898406092837076,0.1570304505556772,0.0,0.0,0.17500000000000002,0.0,4,INJECTOR_DEGRADATION,0.7,2026-01-01T00:02:00+00:00,True
2026-01-01T00:03:25Z,ENG-DATASET-004,MSN-INJECTOR_DEGRADATION-004,LOITER,8000.0,23.0,0.43417853022062913,0.28582146977937084,2737.2953771598395,380.3308718141556,123.39622647641451,54.4630698160286,339.4873968324421,7.149367009489545,5.106426426775657,14.2,2789.7479366488415,312.3667646364912,106.39622647641451,54.4630698160286,339.4873968324421,6.073798521336251,5.106426426775657,-52.45255948900194,67.9641071776644,17.0,0.0,0.0,1.0755684881532943,0.0,-0.01880189919667441,0.21757790799784954,0.15978010276302884,0.0,0.0,0.17708333333333331,0.0,4,INJECTOR_DEGRADATION,0.7083333333333334,2026-01-01T00:02:00+00:00,True
2026-01-01T00:03:26Z,ENG-DATASET-004,MSN-INJECTOR_DEGRADATION-004,LOITER,8000.0,23.0,0.4373640585986325,0.2826359414013675,2757.037798699749,385.3376418853468,123.09997514327615,54.26591911158624,340.36341713639297,7.2111097408299525,5.217754504990956,14.2,2807.26834272786,313.73485258012386,105.89997514327615,54.26591911158624,340.36341713639297,6.115428755474165,5.217754504990956,-50.23054402811067,71.60278930522293,17.200000000000003,0.0,0.0,1.0956809853557878,0.0,-0.017893032619496926,0.22822708002113504,0.16241741300438892,0.0,0.0,0.17916666666666667,0.0,4,INJECTOR_DEGRADATION,0.7166666666666667,2026-01-01T00:02:00+00:00,True
2026-01-01T00:03:27Z,ENG-DATASET-004,MSN-INJECTOR_DEGRADATION-004,LOITER,8000.0,23.0,0.4402786266497639,0.27972137335023606,2770.9974091095874,385.9372310990171,122.88468485391135,54.0807024465037,341.16492335045416,7.268892210024136,4.694748022009885,14.2,2823.2984670090827,314.9882889985123,105.48468485391135,54.0807024465037,341.16492335045416,6.153559542877576,4.694748022009885,-52.30105789949539,70.94894210050478,17.400000000000006,0.0,0.0,1.1153326671465598,0.0,-0.018524806537688364,0.22524311086638485,0.1649528557069469,0.0,0.0,0.18124999999999986,0.0,4,INJECTOR_DEGRADATION,0.725,2026-01-01T00:02:00+00:00,True
2026-01-01T00:03:28Z,ENG-DATASET-004,MSN-INJECTOR_DEGRADATION-004,LOITER,8000.0,23.0,0.44287675351438804,0.27712324648561193,2779.6857857009136,382.8713105568667,122.73889194236526,53.906502957558665,341.8794082382258,7.32197435185212,4.312519055825002,14.2,2837.5881647645156,316.1070229538022,105.13889194236526,53.906502957558665,341.8794082382258,6.187583959311651,4.312519055825002,-57.902379063601984,66.76428760306453,17.599999999999994,0.0,0.0,1.1343903925404693,0.0,-0.020405490755353202,0.2112078592218493,0.16739761733125275,0.0,0.0,0.18333333333333332,0.0,4,INJECTOR_DEGRADATION,0.7333333333333333,2026-01-01T00:02:00+00:00,True
2026-01-01T00:03:29Z,ENG-DATASET-004,MSN-INJECTOR_DEGRADATION-004,LOITER,8000.0,23.0,0.44511789629174847,0.2748821037082515,2785.8282349607116,379.0702114168246,122.65183007719817,53.74238414647332,342.4957225019999,7.36968664902904,4.641688544386813,14.2,2849.914450039998,317.0730931627776,104.85183007719817,53.74238414647332,342.4957225019999,6.216958860340841,4.641688544386813,-64.08621507928638,61.997118254046995,17.799999999999997,0.0,0.0,1.1527277886881988,0.0,-0.022487066262072163,0.19552942078948082,0.16976336976564524,0.0,0.0,0.18541666666666684,0.0,4,INJECTOR_DEGRADATION,0.7416666666666667,2026-01-01T00:02:00+00:00,True
2026-01-01T00:03:30Z,ENG-DATASET-004,MSN-INJECTOR_DEGRADATION-004,LOITER,8000.0,23.0,0.446967082698374,0.273032917301626,2792.6061756106324,377.8921402403323,122.6134205671318,53.58739840228503,343.0042487638219,7.4114417712212655,5.230512498316504,14.2,2860.084975276438,317.8709399061379,104.6134205671318,53.58739840228503,343.0042487638219,6.241214123133697,5.230512498316504,-67.47879966580558,60.02120033419442,18.0,0.0,0.0,1.1702276480875682,0.0,-0.02359328490206257,0.18882254650871105,0.17206205382080175,0.0,0.0,0.1875,0.0,4,INJECTOR_DEGRADATION,0.75,2026-01-01T00:02:00+00:00,True
2026-01-01T00:03:31Z,ENG-DATASET-004,MSN-INJECTOR_DEGRADATION-004,LOITER,8000.0,23.0,0.4483954567988657,0.27160454320113425,2801.5972048762933,381.0605170572714,122.61427046900498,53.44059594078163,343.3970516414571,7.446744941842751,5.251774866272954,14.2,2867.9410328291424,318.48767834345404,104.41427046900498,53.44059594078163,343.3970516414571,6.259960721689178,5.251774866272954,-66.3438279528491,62.57283871381736,18.200000000000003,0.0,0.0,1.186784220153573,0.0,-0.02313291214617575,0.19646863275614518,0.17430567601774904,0.0,0.0,0.18958333333333327,0.0,4,INJECTOR_DEGRADATION,0.7583333333333333,2026-01-01T00:02:00+00:00,True
2026-01-01T00:03:32Z,ENG-DATASET-004,MSN-INJECTOR_DEGRADATION-004,LOITER,8000.0,23.0,0.4493807292931175,0.27061927070688246,2811.6741306820213,387.5607594856361,122.64567659754971,53.301034011758155,343.6680015773764,7.475202809134259,4.687664243511489,14.2,2873.360031547528,318.91332701780925,104.2456765975497,53.301034011758155,343.6680015773764,6.272897462210567,4.687664243511489,-61.68590086550648,68.64743246782683,18.400000000000006,0.0,0.0,1.2023053469236915,0.0,-0.021468211497423742,0.2152541980912366,0.17650612093041465,0.0,0.0,0.1916666666666666,0.0,4,INJECTOR_DEGRADATION,0.7666666666666666,2026-01-01T00:02:00+00:00,True
2026-01-01T00:03:33Z,ENG-DATASET-004,MSN-INJECTOR_DEGRADATION-004,LOITER,8000.0,23.0,0.44990752533338946,0.2700924746666105,2819.562731583766,394.19630803498774,122.69963359330086,53.16778622106266,343.81287048845115,7.496530625502857,4.35509442788128,14.2,2876.257409769023,319.14098622024477,104.09963359330085,53.16778622106266,343.81287048845115,6.279816230787733,4.35509442788128,-56.69467818525709,75.05532181474297,18.60000000000001,0.0,0.0,1.2167143947151242,0.0,-0.019711267146221775,0.2351791999631974,0.17867498047751995,0.0,0.0,0.19375000000000014,0.0,4,INJECTOR_DEGRADATION,0.775,2026-01-01T00:02:00+00:00,True
2026-01-01T00:03:34Z,ENG-DATASET-004,MSN-INJECTOR_DEGRADATION-004,LOITER,8000.0,23.0,0.4499676244436647,0.27003237555633525,2821.7535161781243,397.4991899405577,122.76884428325337,53.039951812981485,343.8293977437769,7.510557573224606,4.735195760278546,14.2,2876.5879548755374,319.16696197130426,103.96884428325338,53.039951812981485,343.8293977437769,6.280605636146012,4.735195760278546,-54.834438697413134,78.33222796925344,18.799999999999997,0.0,0.0,1.229951937078594,0.0,-0.019062319511028363,0.24542711903964592,0.1808234007947723,0.0,0.0,0.19583333333333336,0.0,4,INJECTOR_DEGRADATION,0.7833333333333333,2026-01-01T00:02:00+00:00,True
2026-01-01T00:03:35Z,ENG-DATASET-004,MSN-INJECTOR_DEGRADATION-004,LOITER,8000.0,23.0,0.449560088797428,0.270439911202572,2816.6233936810117,395.85105082184435,122.8467306706464,52.91666475949267,343.7173254410618,7.517230114359232,5.283938604599993,14.2,2874.346508821235,318.9908326287343,103.8467306706464,52.91666475949267,343.7173254410618,6.275252965030315,5.283938604599993,-57.7231151402234,76.86021819311003,19.0,0.0,0.0,1.2419771493289167,0.0,-0.020082169969095186,0.2409480471890732,0.18296194668139507,0.0,0.0,0.19791666666666669,0.0,4,INJECTOR_DEGRADATION,0.7916666666666666,2026-01-01T00:02:00+00:00,True
2026-01-01T00:03:36Z,ENG-DATASET-004,MSN-INJECTOR_DEGRADATION-004,LOITER,8000.0,23.0,0.4486912778521351,0.2713087221478649,2805.4688187462725,390.51622662464086,122.92744401609409,52.797102506274946,343.47840243110625,7.516613286750807,5.211543042839749,14.2,2869.5680486221245,318.6154565004929,103.72744401609408,52.797102506274946,343.47840243110625,6.263844405625672,5.211543042839749,-64.09922987585196,71.90077012414798,19.200000000000003,0.0,0.0,1.2527688811251343,0.0,-0.022337588372100245,0.22566629665072999,0.18510048311824767,0.0,0.0,0.19999999999999998,0.0,4,INJECTOR_DEGRADATION,0.8,2026-01-01T00:02:00+00:00,True
2026-01-01T00:03:37Z,ENG-DATASET-004,MSN-INJECTOR_DEGRADATION-004,LOITER,8000.0,23.0,0.44737474911200587,0.2726252508879941,2791.7924373002197,384.92888369265745,123.00587262141428,52.680494231046865,343.11635702757064,7.508889914712253,4.614033639713716,14.2,2862.3271405514133,318.0469202771845,103.60587262141429,52.680494231046865,343.11635702757064,6.246563533902741,4.614033639713716,-70.5347032511936,66.88196341547297,19.39999999999999,0.0,0.0,1.2623263808095126,0.0,-0.02464243246409823,0.2102896118509305,0.18724807300151253,0.0,0.0,0.2020833333333334,0.0,4,INJECTOR_DEGRADATION,0.8083333333333333,2026-01-01T00:02:00+00:00,True
2026-01-01T00:03:38Z,ENG-DATASET-004,MSN-INJECTOR_DEGRADATION-004,LOITER,8000.0,23.0,0.44563104656770564,0.27436895343229434,2779.243844616265,382.6348309323359,123.07764609778536,52.566128477738594,342.63683882788814,7.494357750685555,4.335787463658517,14.2,2852.736776557763,317.2944295405003,103.47764609778537,52.566128477738594,342.63683882788814,6.223688097455133,4.335787463658517,-73.49293194149777,65.3404013918356,19.599999999999994,0.0,0.0,1.2706696532304225,0.0,-0.02576225487939254,0.20592987241049368,0.18941289002146594,0.0,0.0,0.20416666666666658,0.0,4,INJECTOR_DEGRADATION,0.8166666666666667,2026-01-01T00:02:00+00:00,True
2026-01-01T00:03:39Z,ENG-DATASET-004,MSN-INJECTOR_DEGRADATION-004,LOITER,8000.0,23.0,0.4434873801142418,0.27651261988575815,2769.449926613833,385.1234595464069,123.13913508791396,52.45336004004396,342.0473305531856,7.473424611056865,4.759997590962809,14.2,2840.9466110637113,316.3701439962851,103.33913508791396,52.45336004004396,342.0473305531856,6.195585169788075,4.759997590962809,-71.4966844498781,68.75331555012178,19.799999999999997,0.0,0.0,1.2778394412687906,0.0,-0.025166500550007947,0.2173192282990177,0.19160214552943078,0.0,0.0,0.20625000000000002,0.0,4,INJECTOR_DEGRADATION,0.825,2026-01-01T00:02:00+00:00,True
2026-01-01T00:03:40Z,ENG-DATASET-004,MSN-INJECTOR_DEGRADATION-004,LOITER,8000.0,23.0,0.4409772009496529,0.27902279905034705,2761.0635609591423,390.8785633350759,123.18744561331606,52.341615979906294,341.35703128292363,7.44660161366869,5.259922713839662,14.2,2827.1406256584723,315.2889613677397,103.18744561331606,52.341615979906294,341.35703128292363,6.162704783725813,5.259922713839662,-66.0770646993301,75.5896019673362,20.0,0.0,0.0,1.2838968299428775,0.0,-0.023372401110730037,0.23974706136055196,0.19382202826250652,0.0,0.0,0.2083333333333333,0.0,4,INJECTOR_DEGRADATION,0.8333333333333334,2026-01-01T00:02:00+00:00,True
2026-01-01T00:03:41Z,ENG-DATASET-004,MSN-INJECTOR_DEGRADATION-004,LOITER,8000.0,23.0,0.43813967958025113,0.28186032041974884,2750.6384282595122,396.25575848366134,123.2204074274239,52.23040068027218,340.5767129063381,7.414494664849126,5.097100404835544,14.2,2811.5342581267623,314.06825501757777,103.02040742742389,52.23040068027218,340.5767129063381,6.12557218438482,5.097100404835544,-60.895829867250086,82.18750346608357,20.200000000000003,0.0,0.0,1.288922480464306,0.0,-0.021659287875020625,0.2616867580630959,0.19607765591715948,0.0,0.0,0.21041666666666667,0.0,4,INJECTOR_DEGRADATION,0.8416666666666667,2026-01-01T00:02:00+00:00,True
2026-01-01T00:03:42Z,ENG-DATASET-004,MSN-INJECTOR_DEGRADATION-004,LOITER,8000.0,23.0,0.43501909457797244,0.28498090542202753,2734.828563228124,397.6850939224181,123.2365559673946,52.11929984678694,339.7185520307115,7.377794378656069,4.479671160799004,14.2,2794.37104061423,312.72757130852415,102.8365559673946,52.11929984678694,339.7185520307115,6.084778868994697,4.479671160799004,-59.54247738610593,84.95752261389396,20.39999999999999,0.0,0.0,1.2930155096613722,0.0,-0.021308006889814428,0.27166623735288875,0.1983730377597245,0.0,0.0,0.21249999999999986,0.0,4,INJECTOR_DEGRADATION,0.85,2026-01-01T00:02:00+00:00,True
2026-01-01T00:03:43Z,ENG-DATASET-004,MSN-INJECTOR_DEGRADATION-004,LOITER,8000.0,23.0,0.4316641416280707,0.28833585837192927,2712.587516944864,393.87367765315224,123.23510770643993,52.00798338976624,338.79593996948853,7.337264639510141,4.264572747363724,14.2,2775.9187993897704,311.288293431392,102.63510770643994,52.00798338976624,338.79593996948853,6.040972601998058,4.264572747363724,-63.331282444906265,82.58538422176025,20.599999999999994,0.0,0.0,1.2962920375120834,0.0,-0.022814529898651348,0.26530192739150366,0.2007110477140117,0.0,0.0,0.21458333333333338,0.0,4,INJECTOR_DEGRADATION,0.8583333333333333,2026-01-01T00:02:00+00:00,True
2026-01-01T00:03:44Z,ENG-DATASET-004,MSN-INJECTOR_DEGRADATION-004,LOITER,8000.0,23.0,0.4281271736492361,0.2918728263507639,2686.0153603523363,386.65649709312856,123.21592890863693,51.89620713550021,337.823273775309,7.293730040818405,4.730257629252554,14.2,2756.46547550618,309.7732789136391,102.41592890863693,51.89620713550021,337.823273775309,5.994846608891839,4.730257629252554,-70.45011515384385,76.88321817948946,20.799999999999997,0.0,0.0,1.2988834319265656,0.0,-0.025558134422455202,0.2481918984397732,0.20309340765297587,0.0,0.0,0.21666666666666676,0.0,4,INJECTOR_DEGRADATION,0.8666666666666667,2026-01-01T00:02:00+00:00,True
2026-01-01T00:03:45Z,ENG-DATASET-004,MSN-INJECTOR_DEGRADATION-004,LOITER,8000.0,23.0,0.42446338384380866,0.2955366161561913,2659.3045460136577,379.94639270333136,123.1794979744233,51.783813334452844,336.81573157881644,7.248062446299686,5.178224583969434,14.2,2736.314631576329,308.20647826600236,102.1794979744233,51.783813334452844,336.81573157881644,5.947128161066409,5.178224583969434,-77.01008556267107,71.73991443732899,21.0,0.0,0.0,1.3009342852332768,0.0,-0.028143724655781743,0.23276575768603006,0.205520680922278,0.0,0.0,0.21874999999999997,0.0,4,INJECTOR_DEGRADATION,0.875,2026-01-01T00:02:00+00:00,True
2026-01-01T00:03:46Z,ENG-DATASET-004,MSN-INJECTOR_DEGRADATION-004,LOITER,8000.0,23.0,0.42072994442631606,0.2992700555736839,2636.3913311487922,377.38982527531334,123.12686173298032,51.670729952923075,335.78903573900595,7.201166927605431,4.934233209425221,14.2,2715.7807147801195,306.61254223997395,101.92686173298031,51.670729952923075,335.78903573900595,5.898566766639262,4.934233209425221,-79.38938363132729,70.7772830353394,21.200000000000003,0.0,0.0,1.3026001609661693,0.0,-0.02923261926092401,0.23083622906705725,0.20799227641814416,0.0,0.0,0.22083333333333316,0.0,4,INJECTOR_DEGRADATION,0.8833333333333333,2026-01-01T00:02:00+00:00,True
2026-01-01T00:03:47Z,ENG-DATASET-004,MSN-INJECTOR_DEGRADATION-004,LOITER,8000.0,23.0,0.416985114470187,0.303014885529813,2618.72541313659,380.1410214231283,123.05958618404765,51.55696875393765,334.7592075010705,7.153967331912073,4.3147780729295935,14.2,2695.1841500214096,305.01642497461427,101.65958618404764,51.55696875393765,334.7592075010705,5.849922179417027,4.3147780729295935,-76.4587368848197,75.12459644851401,21.400000000000006,0.0,0.0,1.3040451524950454,0.0,-0.028368650388587487,0.24629688861760948,0.2105064638100807,0.0,0.0,0.22291666666666662,0.0,4,INJECTOR_DEGRADATION,0.8916666666666666,2026-01-01T00:02:00+00:00,True
2026-01-01T00:03:48Z,ENG-DATASET-004,MSN-INJECTOR_DEGRADATION-004,LOITER,8000.0,23.0,0.4132873307943961,0.30671266920560386,2604.5250843984663,386.12173453034313,122.97970231405378,51.44262219225082,333.742316990228,7.107391727148242,4.174170640630538,14.2,2674.8463398045596,303.44298993643633,101.37970231405379,51.44262219225082,333.742316990228,5.801952430325095,4.174170640630538,-70.32125540609331,82.6787445939068,21.599999999999994,0.0,0.0,1.3054392968231472,0.0,-0.0262898299463555,0.27246879096210436,0.2130604007209211,0.0,0.0,0.22500000000000014,0.0,4,INJECTOR_DEGRADATION,0.9,2026-01-01T00:02:00+00:00,True
2026-01-01T00:03:49Z,ENG-DATASET-004,MSN-INJECTOR_DEGRADATION-004,LOITER,8000.0,23.0,0.4096942960764483,0.31030570392355167,2590.000032042546,391.24867488935877,122.88964770854824,51.32785916703432,332.7542324427924,7.062357961330813,4.681105617322105,14.2,2655.0846488558473,301.91662503599355,101.08964770854824,51.32785916703432,332.7542324427924,5.755402073750068,4.681105617322105,-65.08461681330118,89.33204985336522,21.799999999999997,0.0,0.0,1.3069558875807443,0.0,-0.024513198417740852,0.2958831758360949,0.21565017283324223,0.0,0.0,0.22708333333333328,0.0,4,INJECTOR_DEGRADATION,0.9083333333333333,2026-01-01T00:02:00+00:00,True
2026-01-01T00:03:50Z,ENG-DATASET-004,MSN-INJECTOR_DEGRADATION-004,LOITER,8000.0,23.0,0.40626207842139567,0.3137379215786043,2571.826141933221,391.91289619175285,122.7922047546498,51.212919693861124,331.81037258765286,7.019759557176562,5.077487209062276,14.2,2636.2074517530573,300.46087267825544,100.7922047546498,51.212919693861124,331.81037258765286,5.710990826177542,5.077487209062276,-64.38130981983613,91.45202351349741,22.0,0.0,0.0,1.3087687309990201,0.0,-0.02442194364370796,0.30437248849845283,0.21827084796441149,0.0,0.0,0.22916666666666669,0.0,4,INJECTOR_DEGRADATION,0.9166666666666666,2026-01-01T00:02:00+00:00,True
2026-01-01T00:03:51Z,ENG-DATASET-004,MSN-INJECTOR_DEGRADATION-004,LOITER,8000.0,23.0,0.4030442364378103,0.3169557635621897,2549.375419312699,387.21417828004314,122.69043627445188,51.098108574637656,330.92546604216693,6.980452144850989,4.765031069679667,14.2,2618.509320843338,299.0980798106825,100.49043627445188,51.098108574637656,330.92546604216693,5.669402757239382,4.765031069679667,-69.13390153063938,88.11609846936062,22.200000000000003,0.0,0.0,1.3110493876116065,0.0,-0.026402007042836708,0.2946060319916955,0.22091654512643413,0.0,0.0,0.2312499999999999,0.0,4,INJECTOR_DEGRADATION,0.9249999999999999,2026-01-01T00:02:00+00:00,True
2026-01-01T00:03:52Z,ENG-DATASET-004,MSN-INJECTOR_DEGRADATION-004,LOITER,8000.0,23.0,0.40009098347361094,0.31990901652638903,2525.326547667694,379.5758571056315,122.58761945479452,50.98378815995507,330.1133214770121,6.945240615522919,4.162886054971064,14.2,2602.266429540242,297.84907231151305,100.18761945479451,50.98378815995507,330.1133214770121,5.631276174748312,4.162886054971064,-76.93988187254809,81.72678479411843,22.400000000000006,0.0,0.0,1.3139644407746065,0.0,-0.02956648904168568,0.27438992560850545,0.22358051944838425,0.0,0.0,0.2333333333333334,0.0,4,INJECTOR_DEGRADATION,0.9333333333333333,2026-01-01T00:02:00+00:00,True
2026-01-01T00:03:53Z,ENG-DATASET-004,MSN-INJECTOR_DEGRADATION-004,LOITER,8000.0,23.0,0.39744840405356296,0.322551595946437,2504.249323400828,373.33327135008994,122.48717894296271,50.87037031266527,329.3866121364989,6.914867157347003,4.107574596280538,14.2,2587.7322427299778,296.7328573459065,99.88717894296272,50.87037031266527,329.3866121364989,5.597194326351706,4.107574596280538,-83.48291932914981,76.60041400418345,22.599999999999994,0.0,0.0,1.3176728309952974,0.0,-0.03226103456556923,0.2581460465461331,0.22625526357997336,0.0,0.0,0.23541666666666666,0.0,4,INJECTOR_DEGRADATION,0.9416666666666667,2026-01-01T00:02:00+00:00,True
2026-01-01T00:03:54Z,ENG-DATASET-004,MSN-INJECTOR_DEGRADATION-004,LOITER,8000.0,23.0,0.39515773474568266,0.3248422652543173,2489.991134091507,372.1239291935246,122.39261996463279,50.758307694117235,328.7566780768318,6.890000314500731,4.654935556451404,14.2,2575.133561536636,295.76635663865386,99.59261996463279,50.758307694117235,328.7566780768318,5.567677021818772,4.654935556451404,-85.14242744512921,76.35757255487073,22.799999999999997,0.0,0.0,1.3223232926819586,0.0,-0.03306330542106831,0.2581685537958563,0.228932625812,0.0,0.0,0.23750000000000002,0.0,4,INJECTOR_DEGRADATION,0.95,2026-01-01T00:02:00+00:00,True
2026-01-01T00:03:55Z,ENG-DATASET-004,MSN-INJECTOR_DEGRADATION-004,LOITER,8000.0,23.0,0.39325472067838524,0.32674527932161473,2483.443215671802,376.6570711639793,122.3074622929698,50.64808450521765,328.2333492083251,6.871225189692706,5.000490471520242,14.2,2564.6669841665007,294.9641729920115,99.3074622929698,50.64808450521765,328.2333492083251,5.543173262273108,5.000490471520242,-81.22376849469856,81.69289817196778,23.0,0.0,0.0,1.3280519274195983,0.0,-0.03167029832572814,0.2769587144882855,0.23160394464765435,0.0,0.0,0.23958333333333326,0.0,4,INJECTOR_DEGRADATION,0.9583333333333334,2026-01-01T00:02:00+00:00,True
2026-01-01T00:03:56Z,ENG-DATASET-004,MSN-INJECTOR_DEGRADATION-004,LOITER,8000.0,23.0,0.3917690577497114,0.3282309422502886,2482.060182041894,384.2360691477854,122.23517585945662,50.54020682313978,327.8247919029397,6.859034891672563,4.632316823799095,14.2,2556.495838058794,294.3383918313519,99.03517585945661,50.54020682313978,327.8247919029397,5.524054946313473,4.632316823799095,-74.43565601689988,89.89767731643349,23.200000000000003,0.0,0.0,1.3349799453590894,0.0,-0.029116282885647327,0.3054228731668225,0.23426019895116584,0.0,0.0,0.24166666666666667,0.0,4,INJECTOR_DEGRADATION,0.9666666666666667,2026-01-01T00:02:00+00:00,True
2026-01-01T00:03:57Z,ENG-DATASET-004,MSN-INJECTOR_DEGRADATION-004,LOITER,8000.0,23.0,0.3907239292327702,0.32927607076722976,2481.4564568792134,390.3572447613398,122.17911875095456,50.43519268096039,327.5373815607809,6.8538233120391885,4.0647299644087855,14.2,2550.7476312156177,293.89841909774424,98.77911875095455,50.43519268096039,327.5373815607809,5.510611708172212,4.0647299644087855,-69.29117433640431,96.45882566359558,23.400000000000006,0.0,0.0,1.3432116038669761,0.0,-0.02716504505911547,0.32820464281407197,0.2368921721097444,0.0,0.0,0.24374999999999988,0.0,4,INJECTOR_DEGRADATION,0.975,2026-01-01T00:02:00+00:00,True
2026-01-01T00:03:58Z,ENG-DATASET-004,MSN-INJECTOR_DEGRADATION-004,LOITER,8000.0,23.0,0.39013564400851636,0.3298643559914836,2478.1364709881705,391.4419315984927,122.142478286506,50.333562041656705,327.3756031241111,6.855879300183428,4.101641371214474,14.2,2547.512062482221,293.6508564258767,98.54247828650601,50.333562041656705,327.3756031241111,5.503046929913119,4.101641371214474,-69.3755914940507,97.79107517261599,23.599999999999994,0.0,0.0,1.352832370270309,0.0,-0.027232684200306848,0.3330181848024012,0.2394906279034762,0.0,0.0,0.2458333333333334,0.0,4,INJECTOR_DEGRADATION,0.9833333333333333,2026-01-01T00:02:00+00:00,True
2026-01-01T00:03:59Z,ENG-DATASET-004,MSN-INJECTOR_DEGRADATION-004,LOITER,8000.0,23.0,0.39001338207111713,0.32998661792888284,2471.704617315977,387.0477430645746,122.12821581390014,50.235826819678785,327.34198109132626,6.865382291439449,4.6849587093160485,14.2,2546.839621826525,293.5994142417895,98.32821581390014,50.235826819678785,327.34198109132626,5.501474958081695,4.6849587093160485,-75.13500451054824,93.44832882278513,23.799999999999997,0.0,0.0,1.363907333357754,0.0,-0.029501270463455184,0.3182851337224642,0.24204649502686812,0.0,0.0,0.24791666666666676,0.0,4,INJECTOR_DEGRADATION,0.9916666666666667,2026-01-01T00:02:00+00:00,True
2026-01-01T00:04:00Z,ENG-DATASET-004,MSN-INJECTOR_DEGRADATION-004,DESCENT,5700.0,23.0,0.32035905127721415,0.42964094872278585,2050.716009749759,411.68988772303715,122.92637601499902,50.180961896556596,306.71326966631386,7.493906460151684,4.556181494189695,14.2,2134.2653933262773,325.2392712995556,98.92637601499902,50.180961896556596,306.71326966631386,5.995125168121347,4.556181494189695,-83.54938357651827,86.45061642348156,24.0,0.0,0.0,1.498781292030337,0.0,-0.039146670249057255,0.2658062050073216,0.2426046618382257,0.0,0.0,0.25000000000000006,0.0,4,INJECTOR_DEGRADATION,1.0,2026-01-01T00:02:00+00:00,True
2026-01-01T00:04:01Z,ENG-DATASET-004,MSN-INJECTOR_DEGRADATION-004,DESCENT,5700.0,23.0,0.3211672575744583,0.4288327424255417,2049.5311603605796,406.5215454779871,123.4762612404623,50.129578523061916,306.935526398056,7.510577501566073,4.1421153166869935,14.2,2138.71052796112,325.7009130785276,99.4762612404623,50.129578523061916,306.935526398056,6.008462001252858,4.1421153166869935,-89.17936760054044,80.8206323994595,24.0,0.0,0.0,1.5021155003132147,0.0,-0.04169772694089513,0.2481437083965846,0.24126359093839686,0.0,0.0,0.25000000000000006,0.0,4,INJECTOR_DEGRADATION,1.0,2026-01-01T00:02:00+00:00,True
2026-01-01T00:04:02Z,ENG-DATASET-004,MSN-INJECTOR_DEGRADATION-004,DESCENT,5700.0,23.0,0.3224253891738927,0.4275746108261073,2056.3889813448063,407.17858890154605,123.98913159928479,50.082253878773635,307.28151258790047,7.536538642317004,3.621427619916335,14.2,2145.630251758009,326.4198593147485,99.98913159928479,50.082253878773635,307.28151258790047,6.0292309138536035,3.621427619916335,-89.24127041320253,80.75872958679753,24.0,0.0,0.0,1.5073077284634007,0.0,-0.04159210112743482,0.24740752525392878,0.24002608699695588,0.0,0.0,0.24999999999999997,0.0,4,INJECTOR_DEGRADATION,1.0,2026-01-01T00:02:00+00:00,True
2026-01-01T00:04:03Z,ENG-DATASET-004,MSN-INJECTOR_DEGRADATION-004,DESCENT,5700.0,23.0,0.3241138133527011,0.4258861866472989,2071.219042142456,413.68774333368765,124.47485058767347,50.03951079379002,307.74582923707277,7.571396723639886,3.7512378633861103,14.2,2154.916584741455,327.38528593268654,100.47485058767347,50.03951079379002,307.74582923707277,6.057117378911909,3.7512378633861103,-83.69754259899901,86.3024574010011,24.0,0.0,0.0,1.514279344727977,0.0,-0.038840270287789795,0.26361128953958457,0.2388657446079784,0.0,0.0,0.24999999999999997,0.0,4,INJECTOR_DEGRADATION,1.0,2026-01-01T00:02:00+00:00,True
2026-01-01T00:04:04Z,ENG-DATASET-004,MSN-INJECTOR_DEGRADATION-004,DESCENT,5700.0,23.0,0.32620618281628144,0.42379381718371856,2090.5136817307107,422.67169557986006,124.94193129491353,50.00180923071464,308.32123083955736,7.614623024166888,4.360523930360038,14.2,2166.424616791147,328.5826306402963,100.94193129491353,50.00180923071464,308.32123083955736,6.09169841933351,4.360523930360038,-75.91093506043626,94.08906493956374,24.0,0.0,0.0,1.5229246048333778,0.0,-0.03503973065671383,0.28634826118537066,0.23776045982200622,0.0,0.0,0.25000000000000006,0.0,4,INJECTOR_DEGRADATION,1.0,2026-01-01T00:02:00+00:00,True
2026-01-01T00:04:05Z,ENG-DATASET-004,MSN-INJECTOR_DEGRADATION-004,DESCENT,5700.0,23.0,0.3286698468389655,0.4213301531610345,2109.370069471609,429.389089952595,125.39758290034457,49.96953876204553,308.9987384457955,7.6655605786452865,4.5949079966243795,14.2,2179.97476891591,329.9937893968957,101.39758290034457,49.96953876204553,308.9987384457955,6.132448462916229,4.5949079966243795,-70.60469944430088,99.3953005556993,24.0,0.0,0.0,1.5331121157290575,0.0,-0.03238785166280261,0.301203549125444,0.23669203262554736,0.0,0.0,0.25000000000000006,0.0,4,INJECTOR_DEGRADATION,1.0,2026-01-01T00:02:00+00:00,True
2026-01-01T00:04:06Z,ENG-DATASET-004,MSN-INJECTOR_DEGRADATION-004,DESCENT,5700.0,23.0,0.3314663607676731,0.4185336392323269,2124.3580684512153,430.5998362713069,125.84775869390744,49.94301215978036,309.7677797761901,7.723433352360006,4.140413639789332,14.2,2195.355595523801,331.59736334389277,101.84775869390744,49.94301215978036,309.7677797761901,6.178746681888005,4.140413639789332,-70.99752707258585,99.00247292741415,24.0,0.0,0.0,1.544686670472001,0.0,-0.03233987569819922,0.29856230438340586,0.23564583362241123,0.0,0.0,0.24999999999999997,0.0,4,INJECTOR_DEGRADATION,1.0,2026-01-01T00:02:00+00:00,True
2026-01-01T00:04:07Z,ENG-DATASET-004,MSN-INJECTOR_DEGRADATION-004,DESCENT,5700.0,23.0,0.33455208593786506,0.41544791406213494,2135.4759499826487,426.51782051201167,126.29720668674719,49.922460196717566,310.61635419799285,7.787357193022801,3.6729517152407047,14.2,2212.3270839598567,333.36895448921985,102.29720668674719,49.922460196717566,310.61635419799285,6.229885754418241,3.6729517152407047,-76.85113397720806,93.14886602279182,24.0,0.0,0.0,1.5574714386045603,0.0,-0.03473769070333478,0.2794167386267637,0.2346105116388212,0.0,0.0,0.25,0.0,4,INJECTOR_DEGRADATION,1.0,2026-01-01T00:02:00+00:00,True
2026-01-01T00:04:08Z,ENG-DATASET-004,MSN-INJECTOR_DEGRADATION-004,DESCENT,5700.0,23.0,0.337878870640308,0.412121129359692,2146.0095990657082,420.66670709269516,126.74952371432948,49.908027740047416,311.5312199911647,7.856352459445076,3.889572851924881,14.2,2230.6243998232935,335.2815078502803,102.74952371432948,49.908027740047416,311.5312199911647,6.285081967556061,3.889572851924881,-84.61480075758527,85.38519924241484,24.0,0.0,0.0,1.571270491889015,0.0,-0.037933235539021413,0.2546671893415116,0.23357772505813526,0.0,0.0,0.24999999999999997,0.0,4,INJECTOR_DEGRADATION,1.0,2026-01-01T00:02:00+00:00,True
2026-01-01T00:04:09Z,ENG-DATASET-004,MSN-INJECTOR_DEGRADATION-004,DESCENT,5700.0,23.0,0.3413948015123923,0.4086051984876077,2160.382828296745,417.72650575088454,127.20721376974394,49.899771197682426,312.49810098098783,7.929358201316001,4.509393539095701,14.2,2249.962019619757,337.30569707389645,103.20721376974394,49.899771197682426,312.49810098098783,6.343486561052801,4.509393539095701,-89.57919132301186,80.42080867698809,24.0,0.0,0.0,1.5858716402631998,0.0,-0.03981364598241117,0.2384211395616292,0.23254188465492515,0.0,0.0,0.24999999999999992,0.0,4,INJECTOR_DEGRADATION,1.0,2026-01-01T00:02:00+00:00,True
2026-01-01T00:04:10Z,ENG-DATASET-004,MSN-INJECTOR_DEGRADATION-004,DESCENT,5700.0,23.0,0.3450450136287926,0.4049549863712074,2181.3052132878183,420.67737679899125,127.67175113704783,49.89765735668783,313.5019093129979,8.005247737109325,4.675551306026769,14.2,2270.0381862599584,339.41034977113117,103.67175113704783,49.89765735668783,313.5019093129979,6.4041981896874605,4.675551306026769,-88.73297297214003,81.26702702786008,24.0,0.0,0.0,1.601049547421865,0.0,-0.03908875784963495,0.23943591314366075,0.23149989979694122,0.0,0.0,0.24999999999999997,0.0,4,INJECTOR_DEGRADATION,1.0,2026-01-01T00:02:00+00:00,True
2026-01-01T00:04:11Z,ENG-DATASET-004,MSN-INJECTOR_DEGRADATION-004,DESCENT,5700.0,23.0,0.34877254665027746,0.40122745334972254,2207.950167476662,428.9734575438976,128.14364872197706,49.90156363146914,314.5269808939062,8.082845448064766,4.182324779460188,14.2,2290.539617878125,341.56290794536034,104.14364872197706,49.90156363146914,314.5269808939062,6.466276358451814,4.182324779460188,-82.58945040146273,87.41054959853727,24.0,0.0,0.0,1.6165690896129528,0.0,-0.036056765731898005,0.25591347176526646,0.23045092326341132,0.0,0.0,0.2499999999999999,0.0,4,INJECTOR_DEGRADATION,1.0,2026-01-01T00:02:00+00:00,True
2026-01-01T00:04:12Z,ENG-DATASET-004,MSN-INJECTOR_DEGRADATION-004,DESCENT,5700.0,23.0,0.3525192336707524,0.3974807663292476,2236.2711945264355,438.85471601408574,128.62253179923903,49.91127971739371,315.5573198245369,8.160944576131605,3.7693612011852062,14.2,2311.146396490737,343.72991797838733,104.62253179923904,49.91127971739371,315.5573198245369,6.528755660905285,3.7693612011852062,-74.8752019643016,95.1247980356984,23.999999999999986,0.0,0.0,1.6321889152263207,0.0,-0.032397429292230336,0.2767428526302431,0.22939609267011207,0.0,0.0,0.24999999999999994,0.0,4,INJECTOR_DEGRADATION,1.0,2026-01-01T00:02:00+00:00,True
2026-01-01T00:04:13Z,ENG-DATASET-004,MSN-INJECTOR_DEGRADATION-004,DESCENT,5700.0,23.0,0.3562266088923747,0.3937733911076253,2261.267372962163,445.60795645777677,129.107217211947,49.92651062361,316.576848010483,8.238325783776494,4.061486684154883,14.2,2331.53696020966,345.8775437052737,105.10721721194697,49.92651062361,316.576848010483,6.590660627021196,4.061486684154883,-70.26958724749693,99.73041275250307,24.000000000000014,0.0,0.0,1.6476651567552985,0.0,-0.03013874043033744,0.2883402365014033,0.22833826864243212,0.0,0.0,0.24999999999999994,0.0,4,INJECTOR_DEGRADATION,1.0,2026-01-01T00:02:00+00:00,True
2026-01-01T00:04:14Z,ENG-DATASET-004,MSN-INJECTOR_DEGRADATION-004,DESCENT,5700.0,23.0,0.3598368199647748,0.3901631800352252,2279.8268107709346,446.4057848580765,129.59579787062734,49.94688103732349,317.569656055393,8.313776204915452,4.673015254396471,14.2,2351.3931211078607,347.9720951950026,105.59579787062734,49.94688103732349,317.569656055393,6.651020963932361,4.673015254396471,-71.56631033692611,98.43368966307389,24.0,0.0,0.0,1.662755240983091,0.0,-0.030435706260468938,0.2828781129932615,0.2272817714716645,0.0,0.0,0.2500000000000001,0.0,4,INJECTOR_DEGRADATION,1.0,2026-01-01T00:02:00+00:00,True
2026-01-01T00:04:15Z,ENG-DATASET-004,MSN-INJECTOR_DEGRADATION-004,DESCENT,5700.0,23.0,0.3632935307516341,0.3867064692483659,2292.4262340287155,442.00176860094643,130.08573220876008,49.97194095102803,318.52025152177936,8.386108690361503,4.759799365860911,14.2,2370.4050304355874,349.98056500781854,106.08573220876006,49.97194095102803,318.52025152177936,6.708886952289203,4.759799365860911,-77.97879640687188,92.0212035931279,24.000000000000014,0.0,0.0,1.6772217380723005,0.0,-0.03289682370971953,0.26293232480229906,0.226232119063587,0.0,0.0,0.24999999999999997,0.0,4,INJECTOR_DEGRADATION,1.0,2026-01-01T00:02:00+00:00,True
2026-01-01T00:04:16Z,ENG-DATASET-004,MSN-INJECTOR_DEGRADATION-004,DESCENT,5700.0,23.0,0.3665428004372507,0.3834571995627493,2302.6586962519814,436.2538455165032,130.57393806215904,50.001172464499064,319.4138006853239,8.454180929599602,4.228120565095964,14.2,2388.276013706478,351.87116297099965,106.57393806215904,50.001172464499064,319.4138006853239,6.763344743679681,4.228120565095964,-85.61731745449651,84.38268254550354,24.0,0.0,0.0,1.6908361859199204,0.0,-0.03584900445473343,0.23981130432236686,0.22519576958864038,0.0,0.0,0.25,0.0,4,INJECTOR_DEGRADATION,1.0,2026-01-01T00:02:00+00:00,True
2026-01-01T00:04:17Z,ENG-DATASET-004,MSN-INJECTOR_DEGRADATION-004,DESCENT,5700.0,23.0,0.3695339252549268,0.3804660747450732,2314.878751092407,433.7653908417825,131.05689025476994,50.03399765503902,320.2363600101848,8.516914114919864,3.868479898228701,14.2,2404.727200203696,353.6138399530716,107.05689025476993,50.03399765503902,320.2363600101848,6.813531291935891,3.868479898228701,-89.84844911128903,80.15155088871091,24.000000000000014,0.0,0.0,1.703382822983973,0.0,-0.037363260624189834,0.22666406637067119,0.22417987242937587,0.0,0.0,0.25000000000000006,0.0,4,INJECTOR_DEGRADATION,1.0,2026-01-01T00:02:00+00:00,True
2026-01-01T00:04:18Z,ENG-DATASET-004,MSN-INJECTOR_DEGRADATION-004,DESCENT,5700.0,23.0,0.3722202297022902,0.3777797702977098,2331.3962309736935,437.07514707867307,131.53072099852233,50.06978739280987,320.97509373320975,8.573310805366612,4.222617259700041,14.2,2419.5018746641954,355.1807907691751,107.53072099852231,50.06978739280987,320.97509373320975,6.8586486442932895,4.222617259700041,-88.10564369050189,81.894356309498,24.000000000000014,0.0,0.0,1.7146621610733224,0.0,-0.03641478628849178,0.23057090484017617,0.22319203086464773,0.0,0.0,0.25,0.0,4,INJECTOR_DEGRADATION,1.0,2026-01-01T00:02:00+00:00,True
2026-01-01T00:04:19Z,ENG-DATASET-004,MSN-INJECTOR_DEGRADATION-004,DESCENT,5700.0,23.0,0.37455979489689756,0.37544020510310244,2350.923419660325,445.10086268396066,131.99132205512439,50.107870963354294,321.6184741617268,8.622471647796473,4.806960457582874,14.2,2432.3694832345363,356.546926258172,107.99132205512439,50.107870963354294,321.6184741617268,6.897977318237179,4.806960457582874,-81.44606357421117,88.55393642578866,24.0,0.0,0.0,1.7244943295592945,0.0,-0.03348424823432053,0.24836544618440395,0.22224007951073282,0.0,0.0,0.24999999999999997,0.0,4,INJECTOR_DEGRADATION,1.0,2026-01-01T00:02:00+00:00,True
2026-01-01T00:04:20Z,ENG-DATASET-004,MSN-INJECTOR_DEGRADATION-004,DESCENT,5700.0,23.0,0.3765161127063749,0.3734838872936251,2369.219910488572,453.78098406809244,132.4344474687665,50.14754634682451,322.1564615593331,8.663610621483864,4.805056045159118,14.2,2443.1292311866614,357.69030476618184,108.43444746876649,50.14754634682451,322.1564615593331,6.930888497187091,4.805056045159118,-73.90932069808923,96.0906793019106,24.000000000000014,0.0,0.0,1.7327221242967727,0.0,-0.030251907985313763,0.2686421130836185,0.2213318789392364,0.0,0.0,0.25,0.0,4,INJECTOR_DEGRADATION,1.0,2026-01-01T00:02:00+00:00,True
2026-01-01T00:04:21Z,ENG-DATASET-004,MSN-INJECTOR_DEGRADATION-004,DESCENT,5700.0,23.0,0.37805865544561273,0.37194134455438727,2381.5461140949274,458.52541161260496,132.85581556614352,50.18809099320312,322.5806608126235,8.696068491677712,4.236958934966315,14.2,2451.6132162524696,358.5925137701474,108.85581556614353,50.18809099320312,322.5806608126235,6.95685479334217,4.236958934966315,-70.0671021575422,99.93289784245758,23.999999999999986,0.0,0.0,1.7392136983355426,0.0,-0.02857999854669025,0.27868093728948595,0.22047512918973983,0.0,0.0,0.25000000000000006,0.0,4,INJECTOR_DEGRADATION,1.0,2026-01-01T00:02:00+00:00,True
2026-01-01T00:04:22Z,ENG-DATASET-004,MSN-INJECTOR_DEGRADATION-004,DESCENT,5700.0,23.0,0.379163352251082,0.370836647748918,2385.4390025208395,456.98894702095913,133.2512088390959,50.22877292507287,322.8844524341275,8.71932418635806,3.9302298400109343,14.2,2457.68904868255,359.2389931826695,109.25120883909592,50.22877292507287,322.8844524341275,6.975459349086448,3.9302298400109343,-72.25004616171054,97.74995383828963,23.999999999999986,0.0,0.0,1.7438648372716123,0.0,-0.029397553852648833,0.27210284989465144,0.21967720316346287,0.0,0.0,0.25000000000000006,0.0,4,INJECTOR_DEGRADATION,1.0,2026-01-01T00:02:00+00:00,True
2026-01-01T00:04:23Z,ENG-DATASET-004,MSN-INJECTOR_DEGRADATION-004,DESCENT,5700.0,23.0,0.3798129646986088,0.3701870353013912,2382.1279089740246,450.4852848137725,133.61657027977873,50.26886199439319,323.06309585719737,8.733003848732515,4.334096020404196,14.2,2461.261917143948,359.6192929836956,109.61657027977873,50.26886199439319,323.06309585719737,6.9864030789860125,4.334096020404196,-79.13400816992316,90.86599183007695,24.0,0.0,0.0,1.746600769746503,0.0,-0.03215180295063859,0.25267273920756145,0.2189450001833103,0.0,0.0,0.24999999999999997,0.0,4,INJECTOR_DEGRADATION,1.0,2026-01-01T00:02:00+00:00,True
2026-01-01T00:04:24Z,ENG-DATASET-004,MSN-INJECTOR_DEGRADATION-004,DESCENT,5700.0,23.0,0.379997355803218,0.370002644196782,2375.732799017517,443.1839899957282,133.9480947317386,50.30764111734931,323.1138034109649,8.736887364821438,4.875701660445523,14.2,2462.276068219298,359.72725919750917,109.94809473173858,50.30764111734931,323.1138034109649,6.98950989185715,4.875701660445523,-86.54326920178073,83.45673079821904,24.000000000000014,0.0,0.0,1.7473774729642884,0.0,-0.035147671018208884,0.23200001852624938,0.21828481938279523,0.0,0.0,0.2500000000000001,0.0,4,INJECTOR_DEGRADATION,1.0,2026-01-01T00:02:00+00:00,True
2026-01-01T00:04:25Z,ENG-DATASET-004,MSN-INJECTOR_DEGRADATION-004,DESCENT,5700.0,23.0,0.3797136482033933,0.3702863517966067,2370.7322054822944,439.5776728935376,134.24231385435235,50.3444173116932,323.0357838210131,8.730912219412508,4.7807346545806455,14.2,2460.7156764202623,359.5611438315053,110.24231385435235,50.3444173116932,323.0357838210131,6.984729775530006,4.7807346545806455,-89.98347093796792,80.0165290620323,24.0,0.0,0.0,1.7461824438825015,0.0,-0.03656800816129712,0.22253942183343653,0.21770225207453303,0.0,0.0,0.25,0.0,4,INJECTOR_DEGRADATION,1.0,2026-01-01T00:02:00+00:00,True
2026-01-01T00:04:26Z,ENG-DATASET-004,MSN-INJECTOR_DEGRADATION-004,DESCENT,5700.0,23.0,0.3789662690613416,0.3710337309386584,2369.23725797065,441.75580299157554,134.4961733729147,50.378532364088095,322.8302545569489,8.715174592921855,4.182739206416729,14.2,2456.605091138978,359.12363615990375,110.49617337291471,50.378532364088095,322.8302545569489,6.972139674337484,4.182739206416729,-87.36783316832816,82.63216683167178,24.0,0.0,0.0,1.743034918584371,0.0,-0.03556445986514708,0.23009392451929536,0.2172020918679432,0.0,0.0,0.25,0.0,4,INJECTOR_DEGRADATION,1.0,2026-01-01T00:02:00+00:00,True
2026-01-01T00:04:27Z,ENG-DATASET-004,MSN-INJECTOR_DEGRADATION-004,DESCENT,5700.0,23.0,0.37776688097860717,0.37223311902139283,2369.7254900184566,448.13884793882795,134.707101400731,50.409372960752265,322.5004228341969,8.689927674175042,3.9318295128291845,14.2,2450.0084566839387,358.4218146043098,110.70710140073099,50.409372960752265,322.5004228341969,6.951942139340034,3.9318295128291845,-80.28296666548204,89.71703333451813,24.000000000000014,0.0,0.0,1.7379855348350084,0.0,-0.0327684447155518,0.25031130829345266,0.21678826106309332,0.0,0.0,0.25,0.0,4,INJECTOR_DEGRADATION,1.0,2026-01-01T00:02:00+00:00,True
2026-01-01T00:04:28Z,ENG-DATASET-004,MSN-INJECTOR_DEGRADATION-004,DESCENT,5700.0,23.0,0.37613420000507525,0.37386579999492475,2368.0022549491155,454.44056398077794,134.87306676968728,50.43638012308246,322.0514355664757,8.655577227523434,4.376855164256389,14.2,2441.028711329513,357.4670203611755,110.87306676968728,50.43638012308246,322.0514355664757,6.924461782018747,4.376855164256389,-73.02645638039758,96.97354361960242,24.0,0.0,0.0,1.7311154455046873,0.0,-0.029916262779483456,0.2712796932193153,0.21646375174102792,0.0,0.0,0.2500000000000001,0.0,4,INJECTOR_DEGRADATION,1.0,2026-01-01T00:02:00+00:00,True
2026-01-01T00:04:29Z,ENG-DATASET-004,MSN-INJECTOR_DEGRADATION-004,DESCENT,5700.0,23.0,0.37409370358127364,0.37590629641872636,2359.8059769194906,456.27465170010515,134.99262648719903,50.45905780079237,321.49029904993023,8.612674514691106,4.865778600584111,14.2,2429.8059809986044,356.2746557792189,110.99262648719903,50.45905780079237,321.49029904993023,6.890139611752884,4.865778600584111,-70.00000407911375,99.99999592088625,24.0,0.0,0.0,1.7225349029382215,0.0,-0.02880888623475405,0.28068231713584363,0.21623057999053621,0.0,0.0,0.25000000000000006,0.0,4,INJECTOR_DEGRADATION,1.0,2026-01-01T00:02:00+00:00,True
2026-01-01T00:04:30Z,ENG-DATASET-004,MSN-INJECTOR_DEGRADATION-004,DESCENT,5700.0,23.0,0.371677232971434,0.378322767028566,2343.4759775279354,451.8244971094392,135.06496164412889,50.476980488257205,320.8257696322243,8.56190673004021,4.680059078644225,14.2,2416.5153926444864,354.86391222599013,111.06496164412889,50.476980488257205,320.8257696322243,6.849525384032169,4.680059078644225,-73.03941511655103,96.96058488344909,24.0,0.0,0.0,1.7123813460080415,0.0,-0.030225098229819742,0.2732331509147684,0.2160897518418104,0.0,0.0,0.2499999999999999,0.0,4,INJECTOR_DEGRADATION,1.0,2026-01-01T00:02:00+00:00,True
2026-01-01T00:04:31Z,ENG-DATASET-004,MSN-INJECTOR_DEGRADATION-004,DESCENT,5700.0,23.0,0.36892249639121344,0.38107750360878656,2321.063317910946,442.95641019496634,135.08990132314835,50.48979974500653,320.0682170726637,8.504085160499251,4.064370491766744,14.2,2401.3643414532735,353.2574337372938,111.08990132314834,50.48979974500653,320.0682170726637,6.803268128399401,4.064370491766744,-80.30102354232758,89.69897645767253,24.000000000000014,0.0,0.0,1.7008170320998497,0.0,-0.03343975012710086,0.25391957221876543,0.21604123969996739,0.0,0.0,0.2499999999999999,0.0,4,INJECTOR_DEGRADATION,1.0,2026-01-01T00:02:00+00:00,True
2026-01-01T00:04:32Z,ENG-DATASET-004,MSN-INJECTOR_DEGRADATION-004,DESCENT,5700.0,23.0,0.36587248058360067,0.38412751941639933,2297.209219384732,434.10088893547044,135.06793429238704,50.49724951841643,319.22946272557016,8.44013132650005,3.8763970158446988,14.2,2384.589254511403,351.4809240621415,111.06793429238704,50.49724951841643,319.22946272557016,6.75210506120004,3.8763970158446988,-87.38003512667092,82.61996487332891,24.0,0.0,0.0,1.6880262653000093,0.0,-0.03664364207016226,0.23506244355588918,0.21608396836498145,0.0,0.0,0.2499999999999999,0.0,4,INJECTOR_DEGRADATION,1.0,2026-01-01T00:02:00+00:00,True
2026-01-01T00:04:33Z,ENG-DATASET-004,MSN-INJECTOR_DEGRADATION-004,DESCENT,5700.0,23.0,0.3625747800251694,0.3874252199748306,2276.4694850064197,429.58028932542834,135.00020850712434,50.499150185351034,318.32259507200155,8.37106139661484,4.358430613498333,14.2,2366.451901440031,349.5627057590398,111.00020850712433,50.499150185351034,318.32259507200155,6.696849117291872,4.358430613498333,-89.98241643361143,80.01758356638857,24.000000000000014,0.0,0.0,1.6742122793229681,0.0,-0.038024189876352615,0.2289076673458015,0.21621581006723625,0.0,0.0,0.25000000000000006,0.0,4,INJECTOR_DEGRADATION,1.0,2026-01-01T00:02:00+00:00,True
2026-01-01T00:04:34Z,ENG-DATASET-004,MSN-INJECTOR_DEGRADATION-004,DESCENT,5700.0,23.0,0.35908085423018943,0.39091914576981057,2260.705711684723,431.00364285900383,134.88851867495993,50.4954112495016,317.36176547838204,8.297969195350127,4.790666773801036,14.2,2347.2353095676413,347.53324074192176,110.88851867495994,50.4954112495016,317.36176547838204,6.638375356280102,4.790666773801036,-86.5295978829181,83.47040211708207,23.999999999999986,0.0,0.0,1.6595938390700251,0.0,-0.03686447521056454,0.24017962120367994,0.21643358831719606,0.0,0.0,0.24999999999999994,0.0,4,INJECTOR_DEGRADATION,1.0,2026-01-01T00:02:00+00:00,True
2026-01-01T00:04:35Z,ENG-DATASET-004,MSN-INJECTOR_DEGRADATION-004,DESCENT,5700.0,23.0,0.35544522474211765,0.39455477525788235,2248.123334508122,436.30860923222707,134.73528236014772,50.48603265215609,316.36196736916236,8.22200814041257,4.522906653927783,14.2,2327.2393473832467,345.42462210735175,110.73528236014774,50.48603265215609,316.36196736916236,6.577606512330056,4.522906653927783,-79.11601287512485,90.88398712487532,23.999999999999986,0.0,0.0,1.6444016280825133,0.0,-0.03399564937920248,0.26310801636088993,0.21673309074107072,0.0,0.0,0.2499999999999999,0.0,4,INJECTOR_DEGRADATION,1.0,2026-01-01T00:02:00+00:00,True
2026-01-01T00:04:36Z,ENG-DATASET-004,MSN-INJECTOR_DEGRADATION-004,DESCENT,5700.0,23.0,0.3517246243431477,0.3982753756568523,2234.5374025935835,441.0314046105818,134.5435053042807,50.471104675776104,315.3388022594456,8.144372452872323,3.9065639959231193,14.2,2306.776045188911,343.27004720590935,110.5435053042807,50.471104675776104,315.3388022594456,6.515497962297859,3.9065639959231193,-72.23864259532775,97.76135740467242,24.0,0.0,0.0,1.6288744905744643,0.0,-0.03131584565653483,0.28479431339965006,0.21710909142909748,0.0,0.0,0.24999999999999994,0.0,4,INJECTOR_DEGRADATION,1.0,2026-01-01T00:02:00+00:00,True
2026-01-01T00:04:37Z,ENG-DATASET-004,MSN-INJECTOR_DEGRADATION-004,DESCENT,5700.0,23.0,0.34797711175811846,0.40202288824188154,2216.0955184013287,441.0340742014352,134.31673681813658,50.450806441723564,314.3082362985625,8.066277981611874,3.7917056876169495,14.2,2286.164725971251,341.1032817713575,110.31673681813656,50.450806441723564,314.3082362985625,6.453022385289499,3.7917056876169495,-70.06920756992213,99.9307924300777,24.000000000000014,0.0,0.0,1.6132555963223751,0.0,-0.030649238339618783,0.29296344471133406,0.21755538363653182,0.0,0.0,0.25000000000000006,0.0,4,INJECTOR_DEGRADATION,1.0,2026-01-01T00:02:00+00:00,True
2026-01-01T00:04:38Z,ENG-DATASET-004,MSN-INJECTOR_DEGRADATION-004,DESCENT,5700.0,23.0,0.34426116566753134,0.40573883433246866,2191.803364498688,435.0344665503384,134.0590162494397,50.42540302542391,313.2863511236511,7.988942973234642,4.309695857680409,14.2,2265.727022473022,338.95812452467237,110.05901624943971,50.42540302542391,313.2863511236511,6.391154378587713,4.309695857680409,-73.92365797433376,96.07634202566601,24.0,0.0,0.0,1.5977885946469286,0.0,-0.032626903965530106,0.28344605151564295,0.21806482392688278,0.0,0.0,0.25000000000000006,0.0,4,INJECTOR_DEGRADATION,1.0,2026-01-01T00:02:00+00:00,True
2026-01-01T00:04:39Z,ENG-DATASET-004,MSN-INJECTOR_DEGRADATION-004,LANDING,4000.0,23.0,0.24063477216729953,0.5593652278327005,1572.6495156657966,412.634602907051,133.45557809504547,50.35692994241739,282.7056725790368,7.012123418132038,4.098009007733513,14.2,1654.113451580735,324.0985388219895,109.45557809504547,50.35692994241739,282.7056725790368,5.60969873450563,4.098009007733513,-81.46393591493847,88.53606408506147,24.0,0.0,0.0,1.4024246836264078,0.0,-0.049249303811107016,0.2731763753297565,0.21926703433204348,0.0,0.0,0.25000000000000006,0.0,4,INJECTOR_DEGRADATION,1.0,2026-01-01T00:02:00+00:00,True
2026-01-01T00:04:40Z,ENG-DATASET-004,MSN-INJECTOR_DEGRADATION-004,LANDING,4000.0,23.0,0.23715451991511546,0.5628454800848846,1546.8558542200728,403.5481735758543,132.85162987427853,50.28498104656651,281.74860320968617,6.926822333459507,3.761110421482593,14.2,1634.9720641937226,321.66438354950407,108.85162987427853,50.28498104656651,281.74860320968617,5.5414578667676055,3.761110421482593,-88.1162099736498,81.88379002635025,24.0,0.0,0.0,1.3853644666919012,0.0,-0.05389462725597322,0.2545628120924627,0.22048360716067847,0.0,0.0,0.24999999999999997,0.0,4,INJECTOR_DEGRADATION,1.0,2026-01-01T00:02:00+00:00,True
2026-01-01T00:04:41Z,ENG-DATASET-004,MSN-INJECTOR_DEGRADATION-004,LANDING,4000.0,23.0,0.233874717083374,0.566125282916626,1527.0878486478587,399.528217381398,132.25080482066778,50.210053315778694,280.84665743095724,6.84652786554794,3.1633403553800465,14.2,1616.9331486191445,319.37351735268396,108.25080482066778,50.210053315778694,280.84665743095724,5.477222292438352,3.1633403553800465,-89.84529997128584,80.15470002871405,24.0,0.0,0.0,1.369305573109588,0.0,-0.055565253299441245,0.2509747855524266,0.22170735857122978,0.0,0.0,0.25,0.0,4,INJECTOR_DEGRADATION,1.0,2026-01-01T00:02:00+00:00,True
2026-01-01T00:04:42Z,ENG-DATASET-004,MSN-INJECTOR_DEGRADATION-004,LANDING,4000.0,23.0,0.230846543898306,0.569153456101694,1514.6758329838594,401.6587039410315,131.65725101506206,50.1327152421062,280.0139098050635,6.772474166886386,3.1320612064271036,14.2,1600.2781961012702,317.26106705844234,107.65725101506206,50.1327152421062,280.0139098050635,5.417979333509109,3.1320612064271036,-85.60236311741073,84.39763688258915,24.0,0.0,0.0,1.3544948333772773,0.0,-0.05349217612660241,0.26601952034361137,0.22292971233904366,0.0,0.0,0.25,0.0,4,INJECTOR_DEGRADATION,1.0,2026-01-01T00:02:00+00:00,True
2026-01-01T00:04:43Z,ENG-DATASET-004,MSN-INJECTOR_DEGRADATION-004,LANDING,4000.0,23.0,0.2281172539896657,0.5718827460103344,1507.3059936308364,407.3981929700152,131.07550843712903,50.05359695940089,279.26335508018747,6.705795751023228,3.6852662471948903,14.2,1585.267101603749,315.3593009429279,107.07550843712905,50.05359695940089,279.26335508018747,5.364636600818582,3.6852662471948903,-77.96110797291271,92.03889202708729,23.999999999999986,0.0,0.0,1.3411591502046454,0.0,-0.0491785314247944,0.2918540590110707,0.2241408922572797,0.0,0.0,0.24999999999999997,0.0,4,INJECTOR_DEGRADATION,1.0,2026-01-01T00:02:00+00:00,True
2026-01-01T00:04:44Z,ENG-DATASET-004,MSN-INJECTOR_DEGRADATION-004,LANDING,4000.0,23.0,0.22572943701364281,0.5742705629863573,1500.5774908628462,412.14055089842935,130.51038680019627,49.97337944911804,278.60670541178115,6.647511093226343,4.006219613641036,14.2,1572.1341082356228,313.697168271206,106.51038680019629,49.97337944911804,278.60670541178115,5.318008874581074,4.006219613641036,-71.5566173727766,98.44338262722334,23.999999999999986,0.0,0.0,1.3295022186452687,0.0,-0.045515593738426854,0.313816612275296,0.22533013653421224,0.0,0.0,0.25000000000000006,0.0,4,INJECTOR_DEGRADATION,1.0,2026-01-01T00:02:00+00:00,True
2026-01-01T00:04:45Z,ENG-DATASET-004,MSN-INJECTOR_DEGRADATION-004,LANDING,4000.0,23.0,0.2237203540555221,0.576279645944478,1490.8103825908156,412.0261230189675,129.96684543002942,49.892782991107005,278.054207598298,6.5985080953312325,3.613951076445593,14.2,1561.0841519659593,312.2998923941112,105.96684543002944,49.892782991107005,278.054207598298,5.278806476264986,3.613951076445593,-70.27376937514373,99.72623062485627,23.999999999999986,0.0,0.0,1.3197016190662465,0.0,-0.04501600332476894,0.31932841814433083,0.22648593437508088,0.0,0.0,0.25,0.0,4,INJECTOR_DEGRADATION,1.0,2026-01-01T00:02:00+00:00,True
2026-01-01T00:04:46Z,ENG-DATASET-004,MSN-INJECTOR_DEGRADATION-004,LANDING,4000.0,23.0,0.22212135618290982,0.5778786438170902,1477.3989413053584,406.29789865429103,129.4498764124146,49.81255503807246,277.6144831833296,6.559531558734376,3.0526603768802985,14.2,1552.2896636665914,311.18862101552395,105.4498764124146,49.81255503807246,277.6144831833296,5.247625246987501,3.0526603768802985,-74.89072236123297,95.10927763876708,24.0,0.0,0.0,1.311906311746875,0.0,-0.04824532696065055,0.3056322475043921,0.22759628381294608,0.0,0.0,0.24999999999999994,0.0,4,INJECTOR_DEGRADATION,1.0,2026-01-01T00:02:00+00:00,True
2026-01-01T00:04:47Z,ENG-DATASET-004,MSN-INJECTOR_DEGRADATION-004,LANDING,4000.0,23.0,0.22095739522280947,0.5790426047771906,1463.280983782876,397.77324182643366,128.96439218191307,49.733457701444834,277.29439391930197,6.531172780526471,3.112333186937815,14.2,1545.8878783860396,310.3801364295971,104.96439218191307,49.733457701444834,277.29439391930197,5.224938224421177,3.112333186937815,-82.60689460316348,87.39310539683657,24.0,0.0,0.0,1.3062345561052942,0.0,-0.053436536865408335,0.28156797146282514,0.22864896848452915,0.0,0.0,0.25,0.0,4,INJECTOR_DEGRADATION,1.0,2026-01-01T00:02:00+00:00,True
2026-01-01T00:04:48Z,ENG-DATASET-004,MSN-INJECTOR_DEGRADATION-004,LANDING,4000.0,23.0,0.22024663439670653,0.5797533656032935,1453.2369342825373,391.14486826575666,128.51511865936408,49.65625504252141,277.0989346921237,6.51386136171666,3.6971688804351333,14.2,1541.9786938424738,309.88662782569327,104.51511865936409,49.65625504252141,277.0989346921237,5.211089089373328,3.6971688804351333,-88.74175955993655,81.25824044006339,23.999999999999986,0.0,0.0,1.302772272343332,0.0,-0.05755057441085647,0.2622192542163193,0.22963184951471796,0.0,0.0,0.25,0.0,4,INJECTOR_DEGRADATION,1.0,2026-01-01T00:02:00+00:00,True
2026-01-01T00:04:49Z,ENG-DATASET-004,MSN-INJECTOR_DEGRADATION-004,LANDING,4000.0,23.0,0.22000016488957225,0.5799998351104277,1451.0491210825833,390.14153669368903,128.1064949725362,49.58170036583504,277.03115557766176,6.50785929330771,3.962992621482026,14.2,1540.623111553235,309.71552716434087,104.10649497253621,49.58170036583504,277.03115557766176,5.2062874346461685,3.962992621482026,-89.57399047065178,80.42600952934816,24.0,0.0,0.0,1.301571858661542,0.0,-0.058141403824809895,0.25967703416649374,0.23053316708368016,0.0,0.0,0.24999999999999994,0.0,4,INJECTOR_DEGRADATION,1.0,2026-01-01T00:02:00+00:00,True
2026-01-01T00:04:50Z,ENG-DATASET-004,MSN-INJECTOR_DEGRADATION-004,LANDING,4000.0,23.0,0.22022183277563162,0.5797781672243685,1457.24351769424,395.27064239440875,127.74258071595085,49.51052371172695,277.0921142463281,6.513257365311581,3.526782309764228,14.2,1541.8422849265614,309.8694096267302,103.74258071595085,49.51052371172695,277.0921142463281,5.210605892249265,3.526782309764228,-84.5987672323215,85.40123276767855,24.0,0.0,0.0,1.3026514730623164,0.0,-0.05486862570794715,0.2756039483553836,0.2313418447311664,0.0,0.0,0.25000000000000006,0.0,4,INJECTOR_DEGRADATION,1.0,2026-01-01T00:02:00+00:00,True
2026-01-01T00:04:51Z,ENG-DATASET-004,MSN-INJECTOR_DEGRADATION-004,LANDING,4000.0,23.0,0.2209081790016614,0.5790918209983387,1468.7831956694088,403.5119657118489,127.4269716246599,49.44341974204394,277.28085945848625,6.529973925095329,3.0154490725609175,14.2,1545.6171891697252,310.3459592121654,103.4269716246599,49.44341974204394,277.28085945848625,5.223979140076263,3.0154490725609175,-76.83399350031641,93.16600649968353,24.0,0.0,0.0,1.3059947850190659,0.0,-0.049710881865638476,0.30020048186285997,0.23204778814463253,0.0,0.0,0.25,0.0,4,INJECTOR_DEGRADATION,1.0,2026-01-01T00:02:00+00:00,True
2026-01-01T00:04:52Z,ENG-DATASET-004,MSN-INJECTOR_DEGRADATION-004,LANDING,4000.0,23.0,0.22204849336435883,0.5779515066356412,1480.899241337215,410.1483228486639,127.16272445409416,49.38103620679593,277.59444590822807,6.55775599400707,3.1676463353225404,14.2,1551.8889181645611,311.13799967601,103.16272445409416,49.38103620679593,277.59444590822807,5.246204795205656,3.1676463353225404,-70.9896768273461,99.0103231726539,24.0,0.0,0.0,1.3115511988014141,0.0,-0.04574404520608762,0.3182199643751454,0.23264216922343528,0.0,0.0,0.25000000000000006,0.0,4,INJECTOR_DEGRADATION,1.0,2026-01-01T00:02:00+00:00,True
2026-01-01T00:04:53Z,ENG-DATASET-004,MSN-INJECTOR_DEGRADATION-004,LANDING,4000.0,23.0,0.22362498163948205,0.576375018360518,1489.9487023936035,411.6226893509838,126.95229177456272,49.323963170591995,278.02798018388694,6.596182734237587,3.775424203708049,14.2,1560.5596036777388,312.233590635119,102.95229177456272,49.323963170591995,278.02798018388694,5.276946187390069,3.775424203708049,-70.61090128413525,99.3890987158648,24.0,0.0,0.0,1.3192365468475176,0.0,-0.04524716718139313,0.3183164838661207,0.23311768573888006,0.0,0.0,0.25000000000000006,0.0,4,INJECTOR_DEGRADATION,1.0,2026-01-01T00:02:00+00:00,True
2026-01-01T00:04:54Z,ENG-DATASET-004,MSN-INJECTOR_DEGRADATION-004,LANDING,4000.0,23.0,0.22561304325476791,0.5743869567452321,1495.566515529289,407.6887612549834,126.79746730429409,49.27272316586351,278.5746971280906,6.644671240477534,3.9819966112851692,14.2,1571.4939425618113,313.61618828750557,102.79746730429409,49.27272316586351,278.5746971280906,5.315736992382027,3.9819966112851692,-75.92742703252225,94.07257296747781,24.0,0.0,0.0,1.328934248095507,0.0,-0.04831544365277488,0.29996083263800594,0.23346878701745472,0.0,0.0,0.2500000000000001,0.0,4,INJECTOR_DEGRADATION,1.0,2026-01-01T00:02:00+00:00,True
2026-01-01T00:04:55Z,ENG-DATASET-004,MSN-INJECTOR_DEGRADATION-004,LANDING,4000.0,23.0,0.22798165517363428,0.5720183448263658,1500.806987221207,401.5505488736741,126.69934231806576,49.227762425464995,279.2260654057788,6.7024846123165895,3.509019956508703,14.2,1584.5213081155762,315.2648697680433,102.69934231806576,49.227762425464995,279.2260654057788,5.3619876898532715,3.509019956508703,-83.71432089436917,86.28567910563078,24.0,0.0,0.0,1.340496922463318,0.0,-0.05283256240582091,0.27369265458950637,0.23369185681511592,0.0,0.0,0.25000000000000006,0.0,4,INJECTOR_DEGRADATION,1.0,2026-01-01T00:02:00+00:00,True
2026-01-01T00:04:56Z,ENG-DATASET-004,MSN-INJECTOR_DEGRADATION-004,LANDING,4000.0,23.0,0.23069385599929002,0.56930614400071,1510.1902551136538,397.90646212263357,126.65827357790074,49.18944333044252,279.97192063283416,6.768742242780532,3.055094435635763,14.2,1599.4384126566827,317.1546196656624,102.65827357790074,49.18944333044252,279.97192063283416,5.414993794224426,3.055094435635763,-89.24815754302881,80.75184245697119,24.0,0.0,0.0,1.3537484485561064,0.0,-0.055799683711976605,0.25461348329750977,0.2337853459203943,0.0,0.0,0.25,0.0,4,INJECTOR_DEGRADATION,1.0,2026-01-01T00:02:00+00:00,True
2026-01-01T00:04:57Z,ENG-DATASET-004,MSN-INJECTOR_DEGRADATION-004,LANDING,4000.0,23.0,0.23370732274496983,0.5662926772550302,1526.8402938336358,400.08449071413185,126.67386313607112,49.15803818983824,280.8006239878961,6.842432235355035,3.294569211318682,14.2,1616.012479757922,319.256676638418,102.67386313607112,49.15803818983824,280.8006239878961,5.473945788284028,3.294569211318682,-89.17218592428617,80.82781407571383,24.0,0.0,0.0,1.3684864470710068,0.0,-0.055180381984206044,0.253175015560465,0.23374984895808776,0.0,0.0,0.24999999999999997,0.0,4,INJECTOR_DEGRADATION,1.0,2026-01-01T00:02:00+00:00,True
2026-01-01T00:04:58Z,ENG-DATASET-004,MSN-INJECTOR_DEGRADATION-004,LANDING,4000.0,23.0,0.2369750312699874,0.5630249687300126,1550.4523872428877,408.00644796431993,126.74495025663778,49.13372444865279,281.69924383227595,6.922425835957167,3.9110439600641422,14.2,1633.9848766455186,321.53893736695085,102.74495025663778,49.13372444865279,281.69924383227595,5.537940668765733,3.9110439600641422,-83.53248940263097,86.46751059736908,24.0,0.0,0.0,1.3844851671914338,0.0,-0.0511219476976547,0.2689176972015974,0.23358812223912184,0.0,0.0,0.25000000000000006,0.0,4,INJECTOR_DEGRADATION,1.0,2026-01-01T00:02:00+00:00,True
2026-01-01T00:04:59Z,ENG-DATASET-004,MSN-INJECTOR_DEGRADATION-004,LANDING,4000.0,23.0,0.24044599007572326,0.5595540099242767,1577.3251178663304,418.2163820682865,126.86961558794954,49.1165813978393,282.6537575038533,7.007493737504577,4.050251426330839,14.2,1653.0751500770655,323.9664142790216,102.86961558794954,49.1165813978393,282.6537575038533,5.605994990003661,4.050251426330839,-75.75003221073507,94.24996778926493,24.0,0.0,0.0,1.4014987475009155,0.0,-0.04582370753513756,0.2909251195035623,0.23330504214318687,0.0,0.0,0.25000000000000006,0.0,4,INJECTOR_DEGRADATION,1.0,2026-01-01T00:02:00+00:00,True
2026-01-01T00:05:00Z,ENG-DATASET-004,MSN-INJECTOR_DEGRADATION-004,TAKEOFF,4000.0,23.0,0.8940660360109062,0.7559339639890938,5052.439854269782,1004.5235693063578,141.50938197308324,50.69944557965688,456.1492701360286,23.692356520056514,9.118493684183555,14.2,5122.985402720571,905.0691177571466,117.50938197308325,50.69944557965688,456.1492701360286,18.95388521604521,9.118493684183555,-70.54554845078928,99.45445154921117,23.999999999999986,0.0,0.0,4.738471304011302,0.0,-0.013770398098992423,0.10988602925229558,0.2042390113624922,0.0,0.0,0.24999999999999994,0.0,4,INJECTOR_DEGRADATION,1.0,2026-01-01T00:02:00+00:00,True
