timestamp,engineId,missionId,missionPhase,altitude,ambientTemperature,throttle,load,rpm,egt,cht,oilTemperature,oilPressure,fuelFlow,vibration,batteryVoltage,expectedRpm,expectedEgt,expectedCht,expectedOilTemperature,expectedOilPressure,expectedFuelFlow,expectedVibration,rpmResidual,egtResidual,chtResidual,oilTemperatureResidual,oilPressureResidual,fuelFlowResidual,vibrationResidual,normalizedRpmResidual,normalizedEgtResidual,normalizedChtResidual,normalizedOilTemperatureResidual,normalizedOilPressureResidual,normalizedFuelFlowResidual,normalizedVibrationResidual,runId,faultType,faultSeverity,faultStartTime,faultActive
2026-01-01T00:00:01Z,ENG-DATASET-000,MSN-LUBRICATION_DEGRADATION-000,TAKEOFF,500.0,10.0,0.9037402420015569,0.7462597579984431,5283.09261046026,1115.5329722968067,46.88832430742017,18.387488926357058,464.15463052301305,31.171182376542873,9.536865453801068,14.2,5283.09261046026,1115.5329722968067,46.88832430742017,18.387488926357058,464.15463052301305,31.171182376542873,9.536865453801068,0.0,0.0,0.0,0.0,0.0,0.0,0.0,0.0,0.0,0.0,0.0,0.0,0.0,0.0,0,LUBRICATION_DEGRADATION,0.0,2026-01-01T00:02:00+00:00,False
2026-01-01T00:00:02Z,ENG-DATASET-000,MSN-LUBRICATION_DEGRADATION-000,TAKEOFF,500.0,10.0,0.9074221187776357,0.7425778812223643,5303.342932728694,1119.6894851102556,71.19172900443455,21.64824466893621,465.1671466364347,31.312389725115096,9.008608306799909,14.2,5303.342932728694,1119.6894851102556,71.19172900443455,21.64824466893621,465.1671466364347,31.312389725115096,9.008608306799909,0.0,0.0,0.0,0.0,0.0,0.0,0.0,0.0,0.0,0.0,0.0,0.0,0.0,0.0,0,LUBRICATION_DEGRADATION,0.0,2026-01-01T00:02:00+00:00,False
2026-01-01T00:00:03Z,ENG-DATASET-000,MSN-LUBRICATION_DEGRADATION-000,TAKEOFF,500.0,10.0,0.9109881758725814,0.7390118241274186,5322.956246750895,1123.721290695219,93.16558837137157,24.78706079394302,466.14781233754474,31.449342223298576,9.097915438512377,14.2,5322.956246750895,1123.721290695219,93.16558837137157,24.78706079394302,466.14781233754474,31.449342223298576,9.097915438512377,0.0,0.0,0.0,0.0,0.0,0.0,0.0,0.0,0.0,0.0,0.0,0.0,0.0,0.0,0,LUBRICATION_DEGRADATION,0.0,2026-01-01T00:02:00+00:00,False
2026-01-01T00:00:04Z,ENG-DATASET-000,MSN-LUBRICATION_DEGRADATION-000,TAKEOFF,500.0,10.0,0.9143827661581261,0.7356172338418739,5341.626493321391,1127.5647703422144,113.03814879278977,27.808406631772282,467.0813246660695,31.57988098829462,9.70842217260372,14.2,5341.626493321391,1127.5647703422144,113.03814879278977,27.808406631772282,467.0813246660695,31.57988098829462,9.70842217260372,0.0,0.0,0.0,0.0,0.0,0.0,0.0,0.0,0.0,0.0,0.0,0.0,0.0,0.0,0,LUBRICATION_DEGRADATION,0.0,2026-01-01T00:02:00+00:00,False
2026-01-01T00:00:05Z,ENG-DATASET-000,MSN-LUBRICATION_DEGRADATION-000,TAKEOFF,500.0,10.0,0.9175529181882139,0.7324470818117861,5359.062329486874,1131.159017549825,131.0133093522564,30.716446617112393,467.9531164743437,31.701940208175117,9.995535235548072,14.2,5359.062329486874,1131.159017549825,131.0133093522564,30.716446617112393,467.9531164743437,31.701940208175117,9.995535235548072,0.0,0.0,0.0,0.0,0.0,0.0,0.0,0.0,0.0,0.0,0.0,0.0,0.0,0.0,0,LUBRICATION_DEGRADATION,0.0,2026-01-01T00:02:00+00:00,False
2026-01-01T00:00:06Z,ENG-DATASET-000,MSN-LUBRICATION_DEGRADATION-000,TAKEOFF,500.0,10.0,0.9204491628007,0.7295508371993,5374.991674855547,1134.4468460067783,147.27314956720022,33.51506082354482,468.74958374277736,31.81358115991774,9.575991804225273,14.2,5374.991674855547,1134.4468460067783,147.27314956720022,33.51506082354482,468.74958374277736,31.81358115991774,9.575991804225273,0.0,0.0,0.0,0.0,0.0,0.0,0.0,0.0,0.0,0.0,0.0,0.0,0.0,0.0,0,LUBRICATION_DEGRADATION,0.0,2026-01-01T00:02:00+00:00,False
2026-01-01T00:00:07Z,ENG-DATASET-000,MSN-LUBRICATION_DEGRADATION-000,TAKEOFF,500.0,10.0,0.9230263050670808,0.7269736949329192,5389.165957320642,1137.375750421596,161.9802283710201,36.207866514735144,469.45829786603207,31.913024581680613,9.076512678927147,14.2,5389.165957320642,1137.375750421596,161.9802283710201,36.207866514735144,469.45829786603207,31.913024581680613,9.076512678927147,0.0,0.0,0.0,0.0,0.0,0.0,0.0,0.0,0.0,0.0,0.0,0.0,0.0,0.0,0,LUBRICATION_DEGRADATION,0.0,2026-01-01T00:02:00+00:00,False
2026-01-01T00:00:08Z,ENG-DATASET-000,MSN-LUBRICATION_DEGRADATION-000,TAKEOFF,500.0,10.0,0.925244129544237,0.7247558704557631,5401.363991945001,1139.8988009365266,175.27967555733125,38.79824051274727,470.06819959725004,31.998680761979283,9.235514388915414,14.2,5401.363991945001,1139.8988009365266,175.27967555733125,38.79824051274727,470.06819959725004,31.998680761979283,9.235514388915414,0.0,0.0,0.0,0.0,0.0,0.0,0.0,0.0,0.0,0.0,0.0,0.0,0.0,0.0,0,LUBRICATION_DEGRADATION,0.0,2026-01-01T00:02:00+00:00,False
2026-01-01T00:00:09Z,ENG-DATASET-000,MSN-LUBRICATION_DEGRADATION-000,TAKEOFF,500.0,10.0,0.9270680278229729,0.7229319721770271,5411.395432478048,1141.975452433303,187.3010943124307,41.289342165788284,470.5697716239024,32.06917672964342,9.844841650988792,14.2,5411.395432478048,1141.975452433303,187.3010943124307,41.289342165788284,470.5697716239024,32.06917672964342,9.844841650988792,0.0,0.0,0.0,0.0,0.0,0.0,0.0,0.0,0.0,0.0,0.0,0.0,0.0,0.0,0,LUBRICATION_DEGRADATION,0.0,2026-01-01T00:02:00+00:00,False
2026-01-01T00:00:10Z,ENG-DATASET-000,MSN-LUBRICATION_DEGRADATION-000,TAKEOFF,500.0,10.0,0.9284695385806676,0.7215304614193324,5419.103741645369,1143.5722512042582,198.16029116129408,43.68413668308312,470.9551870822685,32.1233799686546,10.047679854714854,14.2,5419.103741645369,1143.5722512042582,198.16029116129408,43.68413668308312,470.9551870822685,32.1233799686546,10.047679854714854,0.0,0.0,0.0,0.0,0.0,0.0,0.0,0.0,0.0,0.0,0.0,0.0,0.0,0.0,0,LUBRICATION_DEGRADATION,0.0,2026-01-01T00:02:00+00:00,False
2026-01-01T00:00:11Z,ENG-DATASET-000,MSN-LUBRICATION_DEGRADATION-000,TAKEOFF,500.0,10.0,0.9294267917106946,0.7205732082893054,5424.3686338605185,1144.6634232218898,207.96084762571192,45.98541859380527,471.21843169302593,32.1604181410845,9.565840400219008,14.2,5424.3686338605185,1144.6634232218898,207.96084762571192,45.98541859380527,471.21843169302593,32.1604181410845,9.565840400219008,0.0,0.0,0.0,0.0,0.0,0.0,0.0,0.0,0.0,0.0,0.0,0.0,0.0,0.0,0,LUBRICATION_DEGRADATION,0.0,2026-01-01T00:02:00+00:00,False
2026-01-01T00:00:12Z,ENG-DATASET-000,MSN-LUBRICATION_DEGRADATION-000,TAKEOFF,500.0,10.0,0.9299248495981216,0.7200751504018784,5427.107952241366,1145.2313305598898,216.79554612713798,48.19583508021146,471.3553976120683,32.1796943782664,9.098121028679241,14.2,5427.107952241366,1145.2313305598898,216.79554612713798,48.19583508021146,471.3553976120683,32.1796943782664,9.098121028679241,0.0,0.0,0.0,0.0,0.0,0.0,0.0,0.0,0.0,0.0,0.0,0.0,0.0,0.0,0,LUBRICATION_DEGRADATION,0.0,2026-01-01T00:02:00+00:00,False
2026-01-01T00:00:13Z,ENG-DATASET-000,MSN-LUBRICATION_DEGRADATION-000,TAKEOFF,500.0,10.0,0.929955940216195,0.720044059783805,5427.27895064077,1145.2667853348885,224.7476611477964,50.31790893244253,471.3639475320385,32.18089779297805,9.319023031011373,14.2,5427.27895064077,1145.2667853348885,224.7476611477964,50.31790893244253,471.3639475320385,32.18089779297805,9.319023031011373,0.0,0.0,0.0,0.0,0.0,0.0,0.0,0.0,0.0,0.0,0.0,0.0,0.0,0.0,0,LUBRICATION_DEGRADATION,0.0,2026-01-01T00:02:00+00:00,False
2026-01-01T00:00:14Z,ENG-DATASET-000,MSN-LUBRICATION_DEGRADATION-000,TAKEOFF,500.0,10.0,0.9295195784062181,0.7204804215937819,5424.878960685897,1144.7692137579122,231.89212537696457,52.354060873893935,471.2439480342949,32.16400897083325,9.912340852136293,14.2,5424.878960685897,1144.7692137579122,231.89212537696457,52.354060873893935,471.2439480342949,32.16400897083325,9.912340852136293,0.0,0.0,0.0,0.0,0.0,0.0,0.0,0.0,0.0,0.0,0.0,0.0,0.0,0.0,0,LUBRICATION_DEGRADATION,0.0,2026-01-01T00:02:00+00:00,False
2026-01-01T00:00:15Z,ENG-DATASET-000,MSN-LUBRICATION_DEGRADATION-000,TAKEOFF,500.0,10.0,0.9286225734482908,0.7213774265517092,5419.945433417297,1143.7466663911705,238.29657949904737,54.306631011596984,470.99727167086485,32.1293003135728,10.024177786617608,14.2,5419.945433417297,1143.7466663911705,238.29657949904737,54.306631011596984,470.99727167086485,32.1293003135728,10.024177786617608,0.0,0.0,0.0,0.0,0.0,0.0,0.0,0.0,0.0,0.0,0.0,0.0,0.0,0.0,0,LUBRICATION_DEGRADATION,0.0,2026-01-01T00:02:00+00:00,False
2026-01-01T00:00:16Z,ENG-DATASET-000,MSN-LUBRICATION_DEGRADATION-000,TAKEOFF,500.0,10.0,0.9272789228047704,0.7227210771952296,5412.555354877935,1142.2156743653497,244.02231340827637,56.177899175593055,470.62776774389675,32.07733122627391,9.4863632859935,14.2,5412.555354877935,1142.2156743653497,244.02231340827637,56.177899175593055,470.62776774389675,32.07733122627391,9.4863632859935,0.0,0.0,0.0,0.0,0.0,0.0,0.0,0.0,0.0,0.0,0.0,0.0,0.0,0.0,0,LUBRICATION_DEGRADATION,0.0,2026-01-01T00:02:00+00:00,False
2026-01-01T00:00:17Z,ENG-DATASET-000,MSN-LUBRICATION_DEGRADATION-000,TAKEOFF,500.0,10.0,0.9255095936945535,0.7244904063054465,5402.824044771742,1140.2009549817576,249.12510594199267,57.97010392467162,470.1412022385871,32.00893826012877,9.057510776320086,14.2,5402.824044771742,1140.2009549817576,249.12510594199267,57.97010392467162,470.1412022385871,32.00893826012877,9.057510776320086,0.0,0.0,0.0,0.0,0.0,0.0,0.0,0.0,0.0,0.0,0.0,0.0,0.0,0.0,0,LUBRICATION_DEGRADATION,0.0,2026-01-01T00:02:00+00:00,False
2026-01-01T00:00:18Z,ENG-DATASET-000,MSN-LUBRICATION_DEGRADATION-000,TAKEOFF,500.0,10.0,0.9233421959066377,0.7266578040933623,5390.9033569382045,1137.734973658602,253.65596968925846,59.68546001286343,469.54516784691026,31.925220437831772,9.336356391004616,14.2,5390.9033569382045,1137.734973658602,253.65596968925846,59.68546001286343,469.54516784691026,31.925220437831772,9.336356391004616,0.0,0.0,0.0,0.0,0.0,0.0,0.0,0.0,0.0,0.0,0.0,0.0,0.0,0.0,0,LUBRICATION_DEGRADATION,0.0,2026-01-01T00:02:00+00:00,False
2026-01-01T00:00:19Z,ENG-DATASET-000,MSN-LUBRICATION_DEGRADATION-000,TAKEOFF,500.0,10.0,0.9208105509585982,0.7291894490414018,5376.979309723988,1134.8573724456687,257.6618070314743,61.32617413146081,468.8489654861994,31.827520095465513,9.904208835666534,14.2,5376.979309723988,1134.8573724456687,257.6618070314743,61.32617413146081,468.8489654861994,31.827520095465513,9.904208835666534,0.0,0.0,0.0,0.0,0.0,0.0,0.0,0.0,0.0,0.0,0.0,0.0,0.0,0.0,0,LUBRICATION_DEGRADATION,0.0,2026-01-01T00:02:00+00:00,False
2026-01-01T00:00:20Z,ENG-DATASET-000,MSN-LUBRICATION_DEGRADATION-000,TAKEOFF,500.0,10.0,0.9179541643231187,0.7320458356768813,5361.26918322885,1131.6142782073669,261.18598328351106,62.89445876475363,468.0634591614425,31.71739966930449,9.925097748517373,14.2,5361.26918322885,1131.6142782073669,261.18598328351106,62.89445876475363,468.0634591614425,31.71739966930449,9.925097748517373,0.0,0.0,0.0,0.0,0.0,0.0,0.0,0.0,0.0,0.0,0.0,0.0,0.0,0.0,0,LUBRICATION_DEGRADATION,0.0,2026-01-01T00:02:00+00:00,False
2026-01-01T00:00:21Z,ENG-DATASET-000,MSN-LUBRICATION_DEGRADATION-000,TAKEOFF,500.0,10.0,0.9148176089583027,0.7351823910416974,5344.018128722362,1128.0575059642908,264.26882260426726,64.39254402375089,467.20090643611815,31.596614935096966,9.343797952186902,14.2,5344.018128722362,1128.0575059642908,264.26882260426726,64.39254402375089,467.20090643611815,31.596614935096966,9.343797952186902,0.0,0.0,0.0,0.0,0.0,0.0,0.0,0.0,0.0,0.0,0.0,0.0,0.0,0.0,0,LUBRICATION_DEGRADATION,0.0,2026-01-01T00:02:00+00:00,False
2026-01-01T00:00:22Z,ENG-DATASET-000,MSN-LUBRICATION_DEGRADATION-000,TAKEOFF,500.0,10.0,0.91144982976157,0.7385501702384301,5325.495343140332,1124.2436747199438,266.9480322118391,65.82268735049128,466.2747671570166,31.4670852689494,8.965343988482001,14.2,5325.495343140332,1124.2436747199438,266.9480322118391,65.82268735049128,466.2747671570166,31.4670852689494,8.965343988482001,0.0,0.0,0.0,0.0,0.0,0.0,0.0,0.0,0.0,0.0,0.0,0.0,0.0,0.0,0,LUBRICATION_DEGRADATION,0.0,2026-01-01T00:02:00+00:00,False
2026-01-01T00:00:23Z,ENG-DATASET-000,MSN-LUBRICATION_DEGRADATION-000,TAKEOFF,500.0,10.0,0.9079033798009026,0.7420966201990974,5305.989868356662,1120.2332543448642,269.2590603492768,67.18718101568427,465.2994934178331,31.33086154169872,9.302110239733482,14.2,5305.989868356662,1120.2332543448642,269.2590603492768,67.18718101568427,465.2994934178331,31.33086154169872,9.302110239733482,0.0,0.0,0.0,0.0,0.0,0.0,0.0,0.0,0.0,0.0,0.0,0.0,0.0,0.0,0,LUBRICATION_DEGRADATION,0.0,2026-01-01T00:02:00+00:00,False
2026-01-01T00:00:24Z,ENG-DATASET-000,MSN-LUBRICATION_DEGRADATION-000,TAKEOFF,500.0,10.0,0.904233600241796,0.745766399758204,5285.8060807815755,1116.0895627392008,271.23539338282916,68.48835736389071,464.29030403907876,31.19009228236743,9.840210084685879,14.2,5285.8060807815755,1116.0895627392008,271.23539338282916,68.48835736389071,464.29030403907876,31.19009228236743,9.840210084685879,0.0,0.0,0.0,0.0,0.0,0.0,0.0,0.0,0.0,0.0,0.0,0.0,0.0,0.0,0,LUBRICATION_DEGRADATION,0.0,2026-01-01T00:02:00+00:00,False
2026-01-01T00:00:25Z,ENG-DATASET-000,MSN-LUBRICATION_DEGRADATION-000,TAKEOFF,500.0,10.0,0.9004977567668805,0.7495022432331195,5265.25894166954,1111.877732570793,272.90879735881606,69.72859179275244,463.262947083477,31.046988751641205,9.776218876619051,14.2,5265.25894166954,1111.877732570793,272.90879735881606,69.72859179275244,463.262947083477,31.046988751641205,9.776218876619051,0.0,0.0,0.0,0.0,0.0,0.0,0.0,0.0,0.0,0.0,0.0,0.0,0.0,0.0,0,LUBRICATION_DEGRADATION,0.0,2026-01-01T00:02:00+00:00,False
2026-01-01T00:00:26Z,ENG-DATASET-000,MSN-LUBRICATION_DEGRADATION-000,TAKEOFF,500.0,10.0,0.8967541459640967,0.7532458540359033,5244.66908225423,1107.6636664390426,274.30950928391053,70.91030348540545,462.2334541127115,30.903789554790286,9.16872803910154,14.2,5244.66908225423,1107.6636664390426,274.30950928391053,70.91030348540545,462.2334541127115,30.903789554790286,9.16872803910154,0.0,0.0,0.0,0.0,0.0,0.0,0.0,0.0,0.0,0.0,0.0,0.0,0.0,0.0,0,LUBRICATION_DEGRADATION,0.0,2026-01-01T00:02:00+00:00,False
2026-01-01T00:00:27Z,ENG-DATASET-000,MSN-LUBRICATION_DEGRADATION-000,TAKEOFF,500.0,10.0,0.8930611856279393,0.7569388143720607,5224.357800405363,1103.512998416575,275.46638331593385,72.0359539476472,461.21789002026816,30.76272539724411,8.854918876383973,14.2,5224.357800405363,1103.512998416575,275.46638331593385,72.0359539476472,461.21789002026816,30.76272539724411,8.854918876383973,0.0,0.0,0.0,0.0,0.0,0.0,0.0,0.0,0.0,0.0,0.0,0.0,0.0,0.0,0,LUBRICATION_DEGRADATION,0.0,2026-01-01T00:02:00+00:00,False
2026-01-01T00:00:28Z,ENG-DATASET-000,MSN-LUBRICATION_DEGRADATION-000,TAKEOFF,500.0,10.0,0.8894765031693115,0.7605234968306887,5204.64204688291,1099.4900786570888,276.4069969507677,73.10804343316445,460.2321023441455,30.625984547767185,9.251670710185254,14.2,5204.64204688291,1099.4900786570888,276.4069969507677,73.10804343316445,460.2321023441455,30.625984547767185,9.251670710185254,0.0,0.0,0.0,0.0,0.0,0.0,0.0,0.0,0.0,0.0,0.0,0.0,0.0,0.0,0,LUBRICATION_DEGRADATION,0.0,2026-01-01T00:02:00+00:00,False
2026-01-01T00:00:29Z,ENG-DATASET-000,MSN-LUBRICATION_DEGRADATION-000,TAKEOFF,500.0,10.0,0.8860560363590517,0.7639439636409483,5185.829479426482,1095.656996223623,277.15772216128147,74.12910537066516,459.29147397132414,30.495679526792735,9.758818423518019,14.2,5185.829479426482,1095.656996223623,277.15772216128147,74.12910537066516,459.29147397132414,30.495679526792735,9.758818423518019,0.0,0.0,0.0,0.0,0.0,0.0,0.0,0.0,0.0,0.0,0.0,0.0,0.0,0.0,0,LUBRICATION_DEGRADATION,0.0,2026-01-01T00:02:00+00:00,False
2026-01-01T00:00:30Z,ENG-DATASET-000,MSN-LUBRICATION_DEGRADATION-000,CLIMB,2500.0,10.0,0.7628531604377298,0.6671468395622704,4506.864631473722,941.2802187416,273.9739554136933,74.15421015626579,425.3432315736861,20.54237373969397,8.4274662753309,14.2,4506.864631473722,941.2802187416,273.9739554136933,74.15421015626579,425.3432315736861,20.54237373969397,8.4274662753309,0.0,0.0,0.0,0.0,0.0,0.0,0.0,0.0,0.0,0.0,0.0,0.0,0.0,0.0,0,LUBRICATION_DEGRADATION,0.0,2026-01-01T00:02:00+00:00,False
2026-01-01T00:00:31Z,ENG-DATASET-000,MSN-LUBRICATION_DEGRADATION-000,CLIMB,2500.0,10.0,0.7599178552128679,0.6700821447871321,4490.720452736982,938.1248379884323,271.0296808220348,74.17244013999267,424.5360226368491,20.45767446472751,7.8129071597466035,14.2,4490.720452736982,938.1248379884323,271.0296808220348,74.17244013999267,424.5360226368491,20.45767446472751,7.8129071597466035,0.0,0.0,0.0,0.0,0.0,0.0,0.0,0.0,0.0,0.0,0.0,0.0,0.0,0.0,0,LUBRICATION_DEGRADATION,0.0,2026-01-01T00:02:00+00:00,False
2026-01-01T00:00:32Z,ENG-DATASET-000,MSN-LUBRICATION_DEGRADATION-000,CLIMB,2500.0,10.0,0.7572959251407622,0.6727040748592379,4476.2998373404,935.3095200421992,268.3094507408863,74.18469706422627,423.81499186702,20.382095475485553,7.577584299939157,14.2,4476.2998373404,935.3095200421992,268.3094507408863,74.18469706422627,423.81499186702,20.382095475485553,7.577584299939157,0.0,0.0,0.0,0.0,0.0,0.0,0.0,0.0,0.0,0.0,0.0,0.0,0.0,0.0,0,LUBRICATION_DEGRADATION,0.0,2026-01-01T00:02:00+00:00,False
2026-01-01T00:00:33Z,ENG-DATASET-000,MSN-LUBRICATION_DEGRADATION-000,CLIMB,2500.0,10.0,0.7550282845632604,0.6749717154367396,4463.82781416414,932.8770488897327,265.80043188904096,74.19192843033552,423.191390708207,20.316788199216646,8.035417391033628,14.2,4463.82781416414,932.8770488897327,265.80043188904096,74.19192843033552,423.191390708207,20.316788199216646,8.035417391033628,0.0,0.0,0.0,0.0,0.0,0.0,0.0,0.0,0.0,0.0,0.0,0.0,0.0,0.0,0,LUBRICATION_DEGRADATION,0.0,2026-01-01T00:02:00+00:00,False
2026-01-01T00:00:34Z,ENG-DATASET-000,MSN-LUBRICATION_DEGRADATION-000,CLIMB,2500.0,10.0,0.7531503192531426,0.6768496807468575,4453.499004958491,930.864278835767,263.491995671031,74.19511461118017,422.6749502479246,20.262744860486798,8.510396323622397,14.2,4453.499004958491,930.864278835767,263.491995671031,74.19511461118017,422.6749502479246,20.262744860486798,8.510396323622397,0.0,0.0,0.0,0.0,0.0,0.0,0.0,0.0,0.0,0.0,0.0,0.0,0.0,0.0,0,LUBRICATION_DEGRADATION,0.0,2026-01-01T00:02:00+00:00,False
2026-01-01T00:00:35Z,ENG-DATASET-000,MSN-LUBRICATION_DEGRADATION-000,CLIMB,2500.0,10.0,0.7516913342309711,0.6783086657690289,4445.474587336549,929.3016271168876,261.37533678185014,74.1952553747467,422.27372936682747,20.220784646728596,8.305397793465364,14.2,4445.474587336549,929.3016271168876,261.37533678185014,74.1952553747467,422.27372936682747,20.220784646728596,8.305397793465364,0.0,0.0,0.0,0.0,0.0,0.0,0.0,0.0,0.0,0.0,0.0,0.0,0.0,0.0,0,LUBRICATION_DEGRADATION,0.0,2026-01-01T00:02:00+00:00,False
2026-01-01T00:00:36Z,ENG-DATASET-000,MSN-LUBRICATION_DEGRADATION-000,CLIMB,2500.0,10.0,0.7506740964700471,0.6793259035299529,4439.879779651467,928.2126599219542,259.443119601714,74.1933560322487,421.99398898257334,20.191542402501426,7.701196415519737,14.2,4439.879779651467,928.2126599219542,259.443119601714,74.1933560322487,421.99398898257334,20.191542402501426,7.701196415519737,0.0,0.0,0.0,0.0,0.0,0.0,0.0,0.0,0.0,0.0,0.0,0.0,0.0,0.0,0,LUBRICATION_DEGRADATION,0.0,2026-01-01T00:02:00+00:00,False
2026-01-01T00:00:37Z,ENG-DATASET-000,MSN-LUBRICATION_DEGRADATION-000,CLIMB,2500.0,10.0,0.7501144796254057,0.6798855203745944,4436.801887005939,927.6137746397478,257.6891520075363,74.19041342976135,421.8400943502969,20.175459940265235,7.554407415933285,14.2,4436.801887005939,927.6137746397478,257.6891520075363,74.19041342976135,421.8400943502969,20.175459940265235,7.554407415933285,0.0,0.0,0.0,0.0,0.0,0.0,0.0,0.0,0.0,0.0,0.0,0.0,0.0,0.0,0,LUBRICATION_DEGRADATION,0.0,2026-01-01T00:02:00+00:00,False
2026-01-01T00:00:38Z,ENG-DATASET-000,MSN-LUBRICATION_DEGRADATION-000,CLIMB,2500.0,10.0,0.7500212163307387,0.6799787836692613,4436.288938885271,927.5139803072963,256.1080863144651,74.18740200478415,421.8144469442635,20.17278003057351,8.070375462146824,14.2,4436.288938885271,927.5139803072963,256.1080863144651,74.18740200478415,421.8144469442635,20.17278003057351,8.070375462146824,0.0,0.0,0.0,0.0,0.0,0.0,0.0,0.0,0.0,0.0,0.0,0.0,0.0,0.0,0,LUBRICATION_DEGRADATION,0.0,2026-01-01T00:02:00+00:00,False
2026-01-01T00:00:39Z,ENG-DATASET-000,MSN-LUBRICATION_DEGRADATION-000,CLIMB,2500.0,10.0,0.7503957619285668,0.6796042380714332,4438.348939673326,927.9147775231269,254.69514712109674,74.1852601280017,421.9174469836663,20.183543112824815,8.509059704551797,14.2,4438.348939673326,927.9147775231269,254.69514712109674,74.1852601280017,421.9174469836663,20.183543112824815,8.509059704551797,0.0,0.0,0.0,0.0,0.0,0.0,0.0,0.0,0.0,0.0,0.0,0.0,0.0,0.0,0,LUBRICATION_DEGRADATION,0.0,2026-01-01T00:02:00+00:00,False
2026-01-01T00:00:40Z,ENG-DATASET-000,MSN-LUBRICATION_DEGRADATION-000,CLIMB,2500.0,10.0,0.7512322717601059,0.6787677282398942,4442.94974374679,928.8101384820873,253.44588587103925,74.18487694595362,422.1474871873395,20.20758674825874,8.245285155766014,14.2,4442.94974374679,928.8101384820873,253.44588587103925,74.18487694595362,422.1474871873395,20.20758674825874,8.245285155766014,0.0,0.0,0.0,0.0,0.0,0.0,0.0,0.0,0.0,0.0,0.0,0.0,0.0,0.0,0,LUBRICATION_DEGRADATION,0.0,2026-01-01T00:02:00+00:00,False
2026-01-01T00:00:41Z,ENG-DATASET-000,MSN-LUBRICATION_DEGRADATION-000,CLIMB,2500.0,10.0,0.7525176923692127,0.6774823076307873,4450.019557096878,930.1865872384966,252.35596196489774,74.18707993240568,422.5009778548439,20.244547818745268,7.664363894610883,14.2,4450.019557096878,930.1865872384966,252.35596196489774,74.18707993240568,422.5009778548439,20.244547818745268,7.664363894610883,0.0,0.0,0.0,0.0,0.0,0.0,0.0,0.0,0.0,0.0,0.0,0.0,0.0,0.0,0,LUBRICATION_DEGRADATION,0.0,2026-01-01T00:02:00+00:00,False
2026-01-01T00:00:42Z,ENG-DATASET-000,MSN-LUBRICATION_DEGRADATION-000,CLIMB,2500.0,10.0,0.7542319651972023,0.6757680348027978,4459.44805765082,932.0233797642514,251.42095026251425,74.19262334505564,422.972402882541,20.293867457002168,7.609952230735846,14.2,4459.44805765082,932.0233797642514,251.42095026251425,74.19262334505564,422.972402882541,20.293867457002168,7.609952230735846,0.0,0.0,0.0,0.0,0.0,0.0,0.0,0.0,0.0,0.0,0.0,0.0,0.0,0.0,0,LUBRICATION_DEGRADATION,0.0,2026-01-01T00:02:00+00:00,False
2026-01-01T00:00:43Z,ENG-DATASET-000,MSN-LUBRICATION_DEGRADATION-000,CLIMB,2500.0,10.0,0.7563483395899472,0.6736516604100529,4471.088116810917,934.2927827894598,250.63617480599933,74.20217776998508,423.5544058405459,20.354798675072697,8.17518721796274,14.2,4471.088116810917,934.2927827894598,250.63617480599933,74.20217776998508,423.5544058405459,20.354798675072697,8.17518721796274,0.0,0.0,0.0,0.0,0.0,0.0,0.0,0.0,0.0,0.0,0.0,0.0,0.0,0.0,0,LUBRICATION_DEGRADATION,0.0,2026-01-01T00:02:00+00:00,False
2026-01-01T00:00:44Z,ENG-DATASET-000,MSN-LUBRICATION_DEGRADATION-000,CLIMB,2500.0,10.0,0.7588337902328882,0.6711662097671118,4484.758095347093,936.9604497492794,249.9965685691314,74.21632091920324,424.2379047673547,20.42641663715994,8.569014544766405,14.2,4484.758095347093,936.9604497492794,249.9965685691314,74.21632091920324,424.2379047673547,20.42641663715994,8.569014544766405,0.0,0.0,0.0,0.0,0.0,0.0,0.0,0.0,0.0,0.0,0.0,0.0,0.0,0.0,0,LUBRICATION_DEGRADATION,0.0,2026-01-01T00:02:00+00:00,False
2026-01-01T00:00:45Z,ENG-DATASET-000,MSN-LUBRICATION_DEGRADATION-000,CLIMB,2500.0,10.0,0.7616495325000231,0.668350467499977,4500.244677816335,939.985891372099,249.49655899652072,74.23552982698693,425.0122338908168,20.507631499347703,8.249220272580827,14.2,4500.244677816335,939.985891372099,249.49655899652072,74.23552982698693,425.0122338908168,20.507631499347703,8.249220272580827,0.0,0.0,0.0,0.0,0.0,0.0,0.0,0.0,0.0,0.0,0.0,0.0,0.0,0.0,0,LUBRICATION_DEGRADATION,0.0,2026-01-01T00:02:00+00:00,False
2026-01-01T00:00:46Z,ENG-DATASET-000,MSN-LUBRICATION_DEGRADATION-000,CLIMB,2500.0,10.0,0.7647516276750222,0.6652483723249778,4517.3062012788305,943.3230375004929,249.12997903438097,74.26017456880928,425.86531006394154,20.597203711664847,7.698904027780763,14.2,4517.3062012788305,943.3230375004929,249.12997903438097,74.26017456880928,425.86531006394154,20.597203711664847,7.698904027780763,0.0,0.0,0.0,0.0,0.0,0.0,0.0,0.0,0.0,0.0,0.0,0.0,0.0,0.0,0,LUBRICATION_DEGRADATION,0.0,2026-01-01T00:02:00+00:00,False
2026-01-01T00:00:47Z,ENG-DATASET-000,MSN-LUBRICATION_DEGRADATION-000,CLIMB,2500.0,10.0,0.7680916686002026,0.6619083313997974,4535.676426367322,946.9208856190086,248.8900032714181,74.29051360280909,426.7838213183661,20.693761646984147,7.733964788815819,14.2,4535.676426367322,946.9208856190086,248.8900032714181,74.29051360280909,426.7838213183661,20.693761646984147,7.733964788815819,0.0,0.0,0.0,0.0,0.0,0.0,0.0,0.0,0.0,0.0,0.0,0.0,0.0,0.0,0,LUBRICATION_DEGRADATION,0.0,2026-01-01T00:02:00+00:00,False
2026-01-01T00:00:48Z,ENG-DATASET-000,MSN-LUBRICATION_DEGRADATION-000,CLIMB,2500.0,10.0,0.7716175350540323,0.6583824649459677,4555.0686918633855,950.7242302677696,248.76910870097052,74.32669080835656,427.7534345931693,20.7958213863488,8.333753576639813,14.2,4555.0686918633855,950.7242302677696,248.76910870097052,74.32669080835656,427.7534345931693,20.7958213863488,8.333753576639813,0.0,0.0,0.0,0.0,0.0,0.0,0.0,0.0,0.0,0.0,0.0,0.0,0.0,0.0,0,LUBRICATION_DEGRADATION,0.0,2026-01-01T00:02:00+00:00,False
2026-01-01T00:00:49Z,ENG-DATASET-000,MSN-LUBRICATION_DEGRADATION-000,CLIMB,2500.0,10.0,0.7752742070697557,0.6547257929302444,4575.180387949864,954.6744660601232,248.75905948237656,74.36873426971358,428.7590193974932,20.90180845183402,8.67019513092708,14.2,4575.180387949864,954.6744660601232,248.75905948237656,74.36873426971358,428.7590193974932,20.90180845183402,8.67019513092708,0.0,0.0,0.0,0.0,0.0,0.0,0.0,0.0,0.0,0.0,0.0,0.0,0.0,0.0,0,LUBRICATION_DEGRADATION,0.0,2026-01-01T00:02:00+00:00,False
2026-01-01T00:00:50Z,ENG-DATASET-000,MSN-LUBRICATION_DEGRADATION-000,CLIMB,2500.0,10.0,0.7790046235035734,0.6509953764964267,4595.697678335861,958.7104554252061,248.85091491976905,74.41655682548397,429.7848839167931,21.01008123673228,8.293663859596647,14.2,4595.697678335861,958.7104554252061,248.85091491976905,74.41655682548397,429.7848839167931,21.01008123673228,8.293663859596647,0.0,0.0,0.0,0.0,0.0,0.0,0.0,0.0,0.0,0.0,0.0,0.0,0.0,0.0,0,LUBRICATION_DEGRADATION,0.0,2026-01-01T00:02:00+00:00,False
2026-01-01T00:00:51Z,ENG-DATASET-000,MSN-LUBRICATION_DEGRADATION-000,CLIMB,2500.0,10.0,0.7827505724547054,0.6472494275452947,4616.300397567086,962.7694505083447,249.03505969050076,74.4699583769258,430.8150198783543,21.11895583985569,7.776646093731739,14.2,4616.300397567086,962.7694505083447,249.03505969050076,74.4699583769258,430.8150198783543,21.11895583985569,7.776646093731739,0.0,0.0,0.0,0.0,0.0,0.0,0.0,0.0,0.0,0.0,0.0,0.0,0.0,0.0,0,LUBRICATION_DEGRADATION,0.0,2026-01-01T00:02:00+00:00,False
2026-01-01T00:00:52Z,ENG-DATASET-000,MSN-LUBRICATION_DEGRADATION-000,CLIMB,2500.0,10.0,0.7864535996426345,0.6435464003573655,4636.667047100697,966.7880569455713,249.30125514508995,74.52862992068582,431.8333523550349,21.2267319676161,7.893037308094588,14.2,4636.667047100697,966.7880569455713,249.30125514508995,74.52862992068582,431.8333523550349,21.2267319676161,7.893037308094588,0.0,0.0,0.0,0.0,0.0,0.0,0.0,0.0,0.0,0.0,0.0,0.0,0.0,0.0,0,LUBRICATION_DEGRADATION,0.0,2026-01-01T00:02:00+00:00,False
2026-01-01T00:00:53Z,ENG-DATASET-000,MSN-LUBRICATION_DEGRADATION-000,CLIMB,2500.0,10.0,0.7900559205666026,0.6399440794333975,4656.4798121825215,970.7032255586589,249.63871026954743,74.59215924454337,432.8239906091261,21.331719526129337,8.508883223336664,14.2,4656.4798121825215,970.7032255586589,249.63871026954743,74.59215924454337,432.8239906091261,21.331719526129337,8.508883223336664,0.0,0.0,0.0,0.0,0.0,0.0,0.0,0.0,0.0,0.0,0.0,0.0,0.0,0.0,0,LUBRICATION_DEGRADATION,0.0,2026-01-01T00:02:00+00:00,False
2026-01-01T00:00:54Z,ENG-DATASET-000,MSN-LUBRICATION_DEGRADATION-000,CLIMB,2500.0,10.0,0.7935013222134185,0.6364986777865815,4675.429521240009,974.45325647967,250.03617065458445,74.66003819874025,433.7714760620005,21.43226548799482,8.773781057817907,14.2,4675.429521240009,974.45325647967,250.03617065458445,74.66003819874025,433.7714760620005,21.43226548799482,8.773781057817907,0.0,0.0,0.0,0.0,0.0,0.0,0.0,0.0,0.0,0.0,0.0,0.0,0.0,0.0,0,LUBRICATION_DEGRADATION,0.0,2026-01-01T00:02:00+00:00,False
2026-01-01T00:00:55Z,ENG-DATASET-000,MSN-LUBRICATION_DEGRADATION-000,CLIMB,2500.0,10.0,0.7967360402427283,0.6332639597572718,4693.220470401213,977.9787989003294,250.48202356163424,74.73167143082787,434.66102352006067,21.526780586848723,8.338733006328981,14.2,4693.220470401213,977.9787989003294,250.48202356163424,74.73167143082787,434.66102352006067,21.526780586848723,8.338733006328981,0.0,0.0,0.0,0.0,0.0,0.0,0.0,0.0,0.0,0.0,0.0,0.0,0.0,0.0,0,LUBRICATION_DEGRADATION,0.0,2026-01-01T00:02:00+00:00,False
2026-01-01T00:00:56Z,ENG-DATASET-000,MSN-LUBRICATION_DEGRADATION-000,CLIMB,2500.0,10.0,0.7997095979615637,0.6302904020384363,4709.575037854808,981.2238286432189,250.96441692155128,74.80638644906966,435.47875189274043,21.613765369504378,7.855670715929938,14.2,4709.575037854808,981.2238286432189,250.96441692155128,74.80638644906966,435.47875189274043,21.613765369504378,7.855670715929938,0.0,0.0,0.0,0.0,0.0,0.0,0.0,0.0,0.0,0.0,0.0,0.0,0.0,0.0,0,LUBRICATION_DEGRADATION,0.0,2026-01-01T00:02:00+00:00,False
2026-01-01T00:00:57Z,ENG-DATASET-000,MSN-LUBRICATION_DEGRADATION-000,CLIMB,2500.0,10.0,0.8023755939962547,0.6276244060037454,4724.238016045608,984.136585154668,251.47138985826285,74.88344485865116,436.2119008022804,21.69183512254972,8.043001646785864,14.2,4724.238016045608,984.136585154668,251.47138985826285,74.88344485865116,436.2119008022804,21.69183512254972,8.043001646785864,0.0,0.0,0.0,0.0,0.0,0.0,0.0,0.0,0.0,0.0,0.0,0.0,0.0,0.0,0,LUBRICATION_DEGRADATION,0.0,2026-01-01T00:02:00+00:00,False
2026-01-01T00:00:58Z,ENG-DATASET-000,MSN-LUBRICATION_DEGRADATION-000,CLIMB,2500.0,10.0,0.8046924263703452,0.6253075736296548,4736.980594103106,986.670449397179,251.99101210736603,74.96205459659758,436.8490297051553,21.75974318944469,8.655953249498141,14.2,4736.980594103106,986.670449397179,251.99101210736603,74.96205459659758,436.8490297051553,21.75974318944469,8.655953249498141,0.0,0.0,0.0,0.0,0.0,0.0,0.0,0.0,0.0,0.0,0.0,0.0,0.0,0.0,0,LUBRICATION_DEGRADATION,0.0,2026-01-01T00:02:00+00:00,False
2026-01-01T00:00:59Z,ENG-DATASET-000,MSN-LUBRICATION_DEGRADATION-000,CLIMB,2500.0,10.0,0.8066239416895222,0.6233760583104778,4747.603928358581,988.784744528246,252.51152950983558,75.0413829756645,437.380196417929,21.816402206779536,8.836884175338664,14.2,4747.603928358581,988.784744528246,252.51152950983558,75.0413829756645,437.380196417929,21.816402206779536,8.836884175338664,0.0,0.0,0.0,0.0,0.0,0.0,0.0,0.0,0.0,0.0,0.0,0.0,0.0,0.0,0,LUBRICATION_DEGRADATION,0.0,2026-01-01T00:02:00+00:00,False
2026-01-01T00:01:00Z,ENG-DATASET-000,MSN-LUBRICATION_DEGRADATION-000,CLIMB,2500.0,10.0,0.8081399993032422,0.6218600006967578,4755.94224523404,990.4454422252609,253.02151261448356,75.12057033479618,437.79711226170195,21.86090281517487,8.343685935525148,14.2,4755.94224523404,990.4454422252609,253.02151261448356,75.12057033479618,437.79711226170195,21.86090281517487,8.343685935525148,0.0,0.0,0.0,0.0,0.0,0.0,0.0,0.0,0.0,0.0,0.0,0.0,0.0,0.0,0,LUBRICATION_DEGRADATION,0.0,2026-01-01T00:02:00+00:00,False
2026-01-01T00:01:01Z,ENG-DATASET-000,MSN-LUBRICATION_DEGRADATION-000,CLIMB,2500.0,10.0,0.8092169416395014,0.6207830583604986,4761.865428083465,991.6257590584838,253.5100053294973,75.19874408423512,438.09327140417327,21.89252944141458,7.896378886186918,14.2,4761.865428083465,991.6257590584838,253.5100053294973,75.19874408423512,438.09327140417327,21.89252944141458,7.896378886186918,0.0,0.0,0.0,0.0,0.0,0.0,0.0,0.0,0.0,0.0,0.0,0.0,0.0,0.0,0,LUBRICATION_DEGRADATION,0.0,2026-01-01T00:02:00+00:00,False
2026-01-01T00:01:02Z,ENG-DATASET-000,MSN-LUBRICATION_DEGRADATION-000,CLIMB,2500.0,10.0,0.8098379633733354,0.6201620366266647,4765.281047619552,992.306629401931,253.96667053159584,75.27503292716416,438.2640523809776,21.910772803166154,8.14534708383685,14.2,4765.281047619552,992.306629401931,253.96667053159584,75.27503292716416,438.2640523809776,21.910772803166154,8.14534708383685,0.0,0.0,0.0,0.0,0.0,0.0,0.0,0.0,0.0,0.0,0.0,0.0,0.0,0.0,0,LUBRICATION_DEGRADATION,0.0,2026-01-01T00:02:00+00:00,False
2026-01-01T00:01:03Z,ENG-DATASET-000,MSN-LUBRICATION_DEGRADATION-000,CLIMB,2500.0,10.0,0.8099933736682935,0.6200066263317066,4766.135804241822,992.4770439518311,254.38192957723203,75.34858103696597,438.30679021209113,21.91533885469261,8.739400058454637,14.2,4766.135804241822,992.4770439518311,254.38192957723203,75.34858103696597,438.30679021209113,21.91533885469261,8.739400058454637,0.0,0.0,0.0,0.0,0.0,0.0,0.0,0.0,0.0,0.0,0.0,0.0,0.0,0.0,0,LUBRICATION_DEGRADATION,0.0,2026-01-01T00:02:00+00:00,False
2026-01-01T00:01:04Z,ENG-DATASET-000,MSN-LUBRICATION_DEGRADATION-000,CLIMB,2500.0,10.0,0.8096807473987014,0.6203192526012986,4764.416359759065,992.1342459123841,254.74709276731843,75.41856196983652,438.2208179879533,21.906153969241128,8.828829012279344,14.2,4764.416359759065,992.1342459123841,254.74709276731843,75.41856196983652,438.2208179879533,21.906153969241128,8.828829012279344,0.0,0.0,0.0,0.0,0.0,0.0,0.0,0.0,0.0,0.0,0.0,0.0,0.0,0.0,0,LUBRICATION_DEGRADATION,0.0,2026-01-01T00:02:00+00:00,False
2026-01-01T00:01:05Z,ENG-DATASET-000,MSN-LUBRICATION_DEGRADATION-000,CLIMB,2500.0,10.0,0.8089049629929357,0.6210950370070644,4760.149545527354,991.2837802032527,255.05447799566792,75.48419209658071,438.0074772763677,21.883366238662894,8.282742427576048,14.2,4760.149545527354,991.2837802032527,255.05447799566792,75.48419209658071,438.0074772763677,21.883366238662894,8.282742427576048,0.0,0.0,0.0,0.0,0.0,0.0,0.0,0.0,0.0,0.0,0.0,0.0,0.0,0.0,0,LUBRICATION_DEGRADATION,0.0,2026-01-01T00:02:00+00:00,False
2026-01-01T00:01:06Z,ENG-DATASET-000,MSN-LUBRICATION_DEGRADATION-000,CLIMB,2500.0,10.0,0.8076781263071803,0.6223218736928198,4753.4019437557,989.9393945185425,255.2975150590647,75.54474334488363,437.670097187785,21.84734286018601,7.8766343608920915,14.2,4753.4019437557,989.9393945185425,255.2975150590647,75.54474334488363,437.670097187785,21.84734286018601,7.8766343608920915,0.0,0.0,0.0,0.0,0.0,0.0,0.0,0.0,0.0,0.0,0.0,0.0,0.0,0.0,0,LUBRICATION_DEGRADATION,0.0,2026-01-01T00:02:00+00:00,False
2026-01-01T00:01:07Z,ENG-DATASET-000,MSN-LUBRICATION_DEGRADATION-000,CLIMB,2500.0,10.0,0.8060193817175902,0.6239806182824098,4744.278848512954,988.1227945882107,255.4708334178635,75.59955505407524,437.2139424256477,21.798663670771003,8.18146022560838,14.2,4744.278848512954,988.1227945882107,255.4708334178635,75.59955505407524,437.2139424256477,21.798663670771003,8.18146022560838,0.0,0.0,0.0,0.0,0.0,0.0,0.0,0.0,0.0,0.0,0.0,0.0,0.0,0.0,0,LUBRICATION_DEGRADATION,0.0,2026-01-01T00:02:00+00:00,False
2026-01-01T00:01:08Z,ENG-DATASET-000,MSN-LUBRICATION_DEGRADATION-000,CLIMB,2500.0,10.0,0.8039546133787048,0.6260453866212953,4732.922622649084,985.8632594220776,255.5703315616291,75.64804475822142,436.64613113245423,21.738110977698305,8.745812441773214,14.2,4732.922622649084,985.8632594220776,255.5703315616291,75.64804475822142,436.64613113245423,21.738110977698305,8.745812441773214,0.0,0.0,0.0,0.0,0.0,0.0,0.0,0.0,0.0,0.0,0.0,0.0,0.0,0.0,0,LUBRICATION_DEGRADATION,0.0,2026-01-01T00:02:00+00:00,False
2026-01-01T00:01:09Z,ENG-DATASET-000,MSN-LUBRICATION_DEGRADATION-000,CLIMB,2500.0,10.0,0.8015160413098724,0.6284839586901276,4719.510476270507,983.1971255219433,255.5932265435148,75.68971773006409,435.97552381352534,21.666655916680867,8.742870322701998,14.2,4719.510476270507,983.1971255219433,255.5932265435148,75.68971773006409,435.97552381352534,21.666655916680867,8.742870322701998,0.0,0.0,0.0,0.0,0.0,0.0,0.0,0.0,0.0,0.0,0.0,0.0,0.0,0.0,0,LUBRICATION_DEGRADATION,0.0,2026-01-01T00:02:00+00:00,False
2026-01-01T00:01:10Z,ENG-DATASET-000,MSN-LUBRICATION_DEGRADATION-000,CLIMB,2500.0,10.0,0.7987417186126258,0.6312582813873743,4704.25170143565,980.1671519101177,255.53808268691625,75.72417513763855,435.21258507178254,21.585441642903326,8.155251285240748,14.2,4704.25170143565,980.1671519101177,255.53808268691625,75.72417513763855,435.21258507178254,21.585441642903326,8.155251285240748,0.0,0.0,0.0,0.0,0.0,0.0,0.0,0.0,0.0,0.0,0.0,0.0,0.0,0.0,0,LUBRICATION_DEGRADATION,0.0,2026-01-01T00:02:00+00:00,False
2026-01-01T00:01:11Z,ENG-DATASET-000,MSN-LUBRICATION_DEGRADATION-000,CLIMB,2500.0,10.0,0.7956749376647593,0.6343250623352408,4687.384406222383,976.8217802448252,255.40481892434525,75.7511206870143,434.3692203111192,21.495763723503828,7.800251477679002,14.2,4687.384406222383,976.8217802448252,255.40481892434525,75.7511206870143,434.3692203111192,21.495763723503828,7.800251477679002,0.0,0.0,0.0,0.0,0.0,0.0,0.0,0.0,0.0,0.0,0.0,0.0,0.0,0.0,0,LUBRICATION_DEGRADATION,0.0,2026-01-01T00:02:00+00:00,False
2026-01-01T00:01:12Z,ENG-DATASET-000,MSN-LUBRICATION_DEGRADATION-000,CLIMB,2500.0,10.0,0.7923635545572527,0.6376364454427473,4669.171799131098,973.2143062018605,255.19469468695723,75.77036564820003,433.4585899565549,21.399048150303013,8.159308933681677,14.2,4669.171799131098,973.2143062018605,255.19469468695723,75.77036564820003,433.4585899565549,21.399048150303013,8.159308933681677,0.0,0.0,0.0,0.0,0.0,0.0,0.0,0.0,0.0,0.0,0.0,0.0,0.0,0.0,0,LUBRICATION_DEGRADATION,0.0,2026-01-01T00:02:00+00:00,False
2026-01-01T00:01:13Z,ENG-DATASET-000,MSN-LUBRICATION_DEGRADATION-000,CLIMB,2500.0,10.0,0.7888592423159781,0.6411407576840219,4649.898081804088,969.4019796538279,254.91027470960722,75.78183218645576,432.4949040902044,21.296827427923848,8.688682881279226,14.2,4649.898081804088,969.4019796538279,254.91027470960722,75.78183218645576,432.4949040902044,21.296827427923848,8.688682881279226,0.0,0.0,0.0,0.0,0.0,0.0,0.0,0.0,0.0,0.0,0.0,0.0,0.0,0.0,0,LUBRICATION_DEGRADATION,0.0,2026-01-01T00:02:00+00:00,False
2026-01-01T00:01:14Z,ENG-DATASET-000,MSN-LUBRICATION_DEGRADATION-000,CLIMB,2500.0,10.0,0.785216684561413,0.644783315438587,4629.86401415398,965.4450519594766,254.55537353763341,75.78555494767214,431.493200707699,21.19071521444504,8.598915547555555,14.2,4629.86401415398,965.4450519594766,254.55537353763341,75.78555494767214,431.493200707699,21.19071521444504,8.598915547555555,0.0,0.0,0.0,0.0,0.0,0.0,0.0,0.0,0.0,0.0,0.0,0.0,0.0,0.0,0,LUBRICATION_DEGRADATION,0.0,2026-01-01T00:02:00+00:00,False
2026-01-01T00:01:15Z,ENG-DATASET-000,MSN-LUBRICATION_DEGRADATION-000,CLIMB,2500.0,10.0,0.7814927221890324,0.6485072778109676,4609.382221105886,961.4057889011757,254.13498090639948,75.7816808736951,430.4691110552943,21.082379999712277,7.986353386154833,14.2,4609.382221105886,961.4057889011757,254.13498090639948,75.7816808736951,430.4691110552943,21.082379999712277,7.986353386154833,0.0,0.0,0.0,0.0,0.0,0.0,0.0,0.0,0.0,0.0,0.0,0.0,0.0,0.0,0,LUBRICATION_DEGRADATION,0.0,2026-01-01T00:02:00+00:00,False
2026-01-01T00:01:16Z,ENG-DATASET-000,MSN-LUBRICATION_DEGRADATION-000,CLIMB,2500.0,10.0,0.7777454663861457,0.6522545336138543,4588.77231419001,957.3474675194988,253.655169503747,75.77046725107137,429.4386157095005,20.97351830135617,7.695617283588573,14.2,4588.77231419001,957.3474675194988,253.655169503747,75.77046725107137,429.4386157095005,20.97351830135617,7.695617283588573,0.0,0.0,0.0,0.0,0.0,0.0,0.0,0.0,0.0,0.0,0.0,0.0,0.0,0.0,0,LUBRICATION_DEGRADATION,0.0,2026-01-01T00:02:00+00:00,False
2026-01-01T00:01:17Z,ENG-DATASET-000,MSN-LUBRICATION_DEGRADATION-000,CLIMB,2500.0,10.0,0.774033391826255,0.6559666081737451,4568.35590411061,953.3333743528949,253.12298691219468,75.75227802423281,428.4177952055305,20.865827841928695,8.110049472300291,14.2,4568.35590411061,953.3333743528949,253.12298691219468,75.75227802423281,428.4177952055305,20.865827841928695,8.110049472300291,0.0,0.0,0.0,0.0,0.0,0.0,0.0,0.0,0.0,0.0,0.0,0.0,0.0,0.0,0,LUBRICATION_DEGRADATION,0.0,2026-01-01T00:02:00+00:00,False
2026-01-01T00:01:18Z,ENG-DATASET-000,MSN-LUBRICATION_DEGRADATION-000,CLIMB,2500.0,10.0,0.7704144241913318,0.6595855758086683,4548.451582118531,949.4258214760491,252.54633375787643,75.72757843119794,427.4225791059266,20.76098114426256,8.603026348911051,14.2,4548.451582118531,949.4258214760491,252.54633375787643,75.72757843119794,427.4225791059266,20.76098114426256,8.603026348911051,0.0,0.0,0.0,0.0,0.0,0.0,0.0,0.0,0.0,0.0,0.0,0.0,0.0,0.0,0,LUBRICATION_DEGRADATION,0.0,2026-01-01T00:02:00+00:00,False
2026-01-01T00:01:19Z,ENG-DATASET-000,MSN-LUBRICATION_DEGRADATION-000,CLIMB,2500.0,10.0,0.766945036260924,0.663054963739076,4529.36994850129,945.6851953312844,251.9338302653709,75.69692804602366,426.4684974250645,20.6605999483217,8.436219869394993,14.2,4529.36994850129,945.6851953312844,251.9338302653709,75.69692804602366,426.4684974250645,20.6605999483217,8.436219869394993,0.0,0.0,0.0,0.0,0.0,0.0,0.0,0.0,0.0,0.0,0.0,0.0,0.0,0.0,0,LUBRICATION_DEGRADATION,0.0,2026-01-01T00:02:00+00:00,False
2026-01-01T00:01:20Z,ENG-DATASET-000,MSN-LUBRICATION_DEGRADATION-000,CLIMB,2500.0,10.0,0.7636793666733189,0.6663206333266811,4511.408765769462,942.1690517553878,251.2946735327185,75.66097233708113,425.5704382884731,20.566230813686996,7.817882306117515,14.2,4511.408765769462,942.1690517553878,251.2946735327185,75.66097233708113,425.5704382884731,20.566230813686996,7.817882306117515,0.0,0.0,0.0,0.0,0.0,0.0,0.0,0.0,0.0,0.0,0.0,0.0,0.0,0.0,0,LUBRICATION_DEGRADATION,0.0,2026-01-01T00:02:00+00:00,False
2026-01-01T00:01:21Z,ENG-DATASET-000,MSN-LUBRICATION_DEGRADATION-000,CLIMB,2500.0,10.0,0.7606683751101996,0.6693316248898005,4494.848312172305,938.9312689095193,250.63848790218464,75.62043287337006,424.74241560861526,20.479322229605323,7.604967781845201,14.2,4494.848312172305,938.9312689095193,250.63848790218464,75.62043287337006,424.74241560861526,20.479322229605323,7.604967781845201,0.0,0.0,0.0,0.0,0.0,0.0,0.0,0.0,0.0,0.0,0.0,0.0,0.0,0.0,0,LUBRICATION_DEGRADATION,0.0,2026-01-01T00:02:00+00:00,False
2026-01-01T00:01:22Z,ENG-DATASET-000,MSN-LUBRICATION_DEGRADATION-000,CLIMB,2500.0,10.0,0.7579590470878561,0.6720409529121438,4479.947008049416,936.0212681050282,249.97517081459188,75.57609633216275,423.99735040247083,20.401203511249797,8.075846317106675,14.2,4479.947008049416,936.0212681050282,249.97517081459188,75.57609633216275,423.99735040247083,20.401203511249797,8.075846317106675,0.0,0.0,0.0,0.0,0.0,0.0,0.0,0.0,0.0,0.0,0.0,0.0,0.0,0.0,0,LUBRICATION_DEGRADATION,0.0,2026-01-01T00:02:00+00:00,False
2026-01-01T00:01:23Z,ENG-DATASET-000,MSN-LUBRICATION_DEGRADATION-000,CLIMB,2500.0,10.0,0.7555936607639192,0.6744063392360808,4466.937383267764,933.4833108544037,249.31473650449277,75.52880247995586,423.3468691633882,20.333065718255064,8.531906022234311,14.2,4466.937383267764,933.4833108544037,249.31473650449277,75.52880247995586,423.3468691633882,20.333065718255064,8.531906022234311,0.0,0.0,0.0,0.0,0.0,0.0,0.0,0.0,0.0,0.0,0.0,0.0,0.0,0.0,0,LUBRICATION_DEGRADATION,0.0,2026-01-01T00:02:00+00:00,False
2026-01-01T00:01:24Z,ENG-DATASET-000,MSN-LUBRICATION_DEGRADATION-000,CLIMB,2500.0,10.0,0.7536091272008499,0.6763908727991501,4456.022448670883,931.3558789208262,248.66715982706415,75.4794313147111,422.80112243354415,20.27594479111507,8.298811770556853,14.2,4456.022448670883,931.3558789208262,248.66715982706415,75.4794313147111,422.80112243354415,20.27594479111507,8.298811770556853,0.0,0.0,0.0,0.0,0.0,0.0,0.0,0.0,0.0,0.0,0.0,0.0,0.0,0.0,0,LUBRICATION_DEGRADATION,0.0,2026-01-01T00:02:00+00:00,False
2026-01-01T00:01:25Z,ENG-DATASET-000,MSN-LUBRICATION_DEGRADATION-000,CLIMB,2500.0,10.0,0.7520364143811554,0.6779635856188446,4447.372528162563,929.6711427323843,248.04222241266734,75.42888957043675,422.3686264081282,20.23070706368879,7.6929356101773525,14.2,4447.372528162563,929.6711427323843,248.04222241266734,75.42888957043675,422.3686264081282,20.23070706368879,7.6929356101773525,0.0,0.0,0.0,0.0,0.0,0.0,0.0,0.0,0.0,0.0,0.0,0.0,0.0,0.0,0,LUBRICATION_DEGRADATION,0.0,2026-01-01T00:02:00+00:00,False
2026-01-01T00:01:26Z,ENG-DATASET-000,MSN-LUBRICATION_DEGRADATION-000,CLIMB,2500.0,10.0,0.7509000639623796,0.6790999360376204,4441.122600859295,928.4545222911829,247.44936322868017,75.37809679509581,422.05613004296475,20.198037276464404,7.568372514865902,14.2,4441.122600859295,928.4545222911829,247.44936322868017,75.37809679509581,422.05613004296475,20.198037276464404,7.568372514865902,0.0,0.0,0.0,0.0,0.0,0.0,0.0,0.0,0.0,0.0,0.0,0.0,0.0,0.0,0,LUBRICATION_DEGRADATION,0.0,2026-01-01T00:02:00+00:00,False
2026-01-01T00:01:27Z,ENG-DATASET-000,MSN-LUBRICATION_DEGRADATION-000,CLIMB,2500.0,10.0,0.7502178083127454,0.6797821916872546,4437.370194786308,927.724343649801,246.89753549705716,75.32797121946925,421.8685097393154,20.17842918559875,8.093516688164405,14.2,4437.370194786308,927.724343649801,246.89753549705716,75.32797121946925,421.8685097393154,20.17842918559875,8.093516688164405,0.0,0.0,0.0,0.0,0.0,0.0,0.0,0.0,0.0,0.0,0.0,0.0,0.0,0.0,0,LUBRICATION_DEGRADATION,0.0,2026-01-01T00:02:00+00:00,False
2026-01-01T00:01:28Z,ENG-DATASET-000,MSN-LUBRICATION_DEGRADATION-000,CLIMB,2500.0,10.0,0.7500002938034789,0.6799997061965212,4436.173864985341,927.4915931387659,246.39507177582058,75.27941563784921,421.8086932492671,20.17217883691375,8.509964342045599,14.2,4436.173864985341,927.4915931387659,246.39507177582058,75.27941563784921,421.8086932492671,20.17217883691375,8.509964342045599,0.0,0.0,0.0,0.0,0.0,0.0,0.0,0.0,0.0,0.0,0.0,0.0,0.0,0.0,0,LUBRICATION_DEGRADATION,0.0,2026-01-01T00:02:00+00:00,False
2026-01-01T00:01:29Z,ENG-DATASET-000,MSN-LUBRICATION_DEGRADATION-000,CLIMB,2500.0,10.0,0.7502509146757477,0.6797490853242524,4437.55227978282,927.7597707860083,245.94955886788873,75.23330352123853,421.87761398914097,20.179380551505044,8.21915461266387,14.2,4437.55227978282,927.7597707860083,245.94955886788873,75.23330352123853,421.87761398914097,20.179380551505044,8.21915461266387,0.0,0.0,0.0,0.0,0.0,0.0,0.0,0.0,0.0,0.0,0.0,0.0,0.0,0.0,0,LUBRICATION_DEGRADATION,0.0,2026-01-01T00:02:00+00:00,False
2026-01-01T00:01:30Z,ENG-DATASET-000,MSN-LUBRICATION_DEGRADATION-000,CRUISE,5000.0,10.0,0.5909657600746622,0.47903423992533783,3582.8642035314524,563.7394537572469,236.44808932503102,74.31260198976175,379.14321017657267,11.878529248194276,5.952013595339714,14.2,3582.8642035314524,563.7394537572469,236.44808932503102,74.31260198976175,379.14321017657267,11.878529248194276,5.952013595339714,0.0,0.0,0.0,0.0,0.0,0.0,0.0,0.0,0.0,0.0,0.0,0.0,0.0,0.0,0,LUBRICATION_DEGRADATION,0.0,2026-01-01T00:02:00+00:00,False
2026-01-01T00:01:31Z,ENG-DATASET-000,MSN-LUBRICATION_DEGRADATION-000,CRUISE,5000.0,10.0,0.5921336750768587,0.47786632492314135,3589.2877360435327,564.5943739196017,227.91813974051797,73.4306750445477,379.46438680217665,11.90235170004981,5.920553732081417,14.2,3589.2877360435327,564.5943739196017,227.91813974051797,73.4306750445477,379.46438680217665,11.90235170004981,5.920553732081417,0.0,0.0,0.0,0.0,0.0,0.0,0.0,0.0,0.0,0.0,0.0,0.0,0.0,0.0,0,LUBRICATION_DEGRADATION,0.0,2026-01-01T00:02:00+00:00,False
2026-01-01T00:01:32Z,ENG-DATASET-000,MSN-LUBRICATION_DEGRADATION-000,CRUISE,5000.0,10.0,0.5937364347593471,0.4762635652406529,3598.1029142972197,565.7682825702112,220.27053283072146,72.58669644327969,379.90514571486096,11.935060329305704,6.492261078589319,14.2,3598.1029142972197,565.7682825702112,220.27053283072146,72.58669644327969,379.90514571486096,11.935060329305704,6.492261078589319,0.0,0.0,0.0,0.0,0.0,0.0,0.0,0.0,0.0,0.0,0.0,0.0,0.0,0.0,0,LUBRICATION_DEGRADATION,0.0,2026-01-01T00:02:00+00:00,False
2026-01-01T00:01:33Z,ENG-DATASET-000,MSN-LUBRICATION_DEGRADATION-000,CRUISE,5000.0,10.0,0.5957490285933392,0.4742509714066608,3609.172180384176,567.243480737742,213.42456656609286,71.77983130911906,380.4586090192088,11.976159735538019,6.862259603856585,14.2,3609.172180384176,567.243480737742,213.42456656609286,71.77983130911906,380.4586090192088,11.976159735538019,6.862259603856585,0.0,0.0,0.0,0.0,0.0,0.0,0.0,0.0,0.0,0.0,0.0,0.0,0.0,0.0,0,LUBRICATION_DEGRADATION,0.0,2026-01-01T00:02:00+00:00,False
2026-01-01T00:01:34Z,ENG-DATASET-000,MSN-LUBRICATION_DEGRADATION-000,CRUISE,5000.0,10.0,0.598140050725185,0.4718599492748151,3622.3228021093273,568.9976756360809,207.3070518003856,71.00922581721126,381.11614010546634,12.025026192244459,6.518286364711737,14.2,3622.3228021093273,568.9976756360809,207.3070518003856,71.00922581721126,381.11614010546634,12.025026192244459,6.518286364711737,0.0,0.0,0.0,0.0,0.0,0.0,0.0,0.0,0.0,0.0,0.0,0.0,0.0,0.0,0,LUBRICATION_DEGRADATION,0.0,2026-01-01T00:02:00+00:00,False
2026-01-01T00:01:35Z,ENG-DATASET-000,MSN-LUBRICATION_DEGRADATION-000,CRUISE,5000.0,10.0,0.6008721900542148,0.46912780994578523,3637.3495684189916,571.0042839858888,201.85145371999425,70.27399811052815,381.8674784209496,12.08091630067472,5.974319988157346,14.2,3637.3495684189916,571.0042839858888,201.85145371999425,70.27399811052815,381.8674784209496,12.08091630067472,5.974319988157346,0.0,0.0,0.0,0.0,0.0,0.0,0.0,0.0,0.0,0.0,0.0,0.0,0.0,0.0,0,LUBRICATION_DEGRADATION,0.0,2026-01-01T00:02:00+00:00,False
2026-01-01T00:01:36Z,ENG-DATASET-000,MSN-LUBRICATION_DEGRADATION-000,CRUISE,5000.0,10.0,0.603902812459987,0.46609718754001306,3654.017991650739,573.2327982865478,196.99712830515853,69.57323054945533,382.700899582537,12.142977414175057,6.03388556561516,14.2,3654.017991650739,573.2327982865478,196.99712830515853,69.57323054945533,382.700899582537,12.142977414175057,6.03388556561516,0.0,0.0,0.0,0.0,0.0,0.0,0.0,0.0,0.0,0.0,0.0,0.0,0.0,0.0,0,LUBRICATION_DEGRADATION,0.0,2026-01-01T00:02:00+00:00,False
2026-01-01T00:01:37Z,ENG-DATASET-000,MSN-LUBRICATION_DEGRADATION-000,CRUISE,5000.0,10.0,0.6071846260934773,0.4628153739065227,3672.0679666349356,575.6492132602459,192.68864580614883,68.90596338021457,383.6033983317468,12.210259741534118,6.638486239758738,14.2,3672.0679666349356,575.6492132602459,192.68864580614883,68.90596338021457,383.6033983317468,12.210259741534118,6.638486239758738,0.0,0.0,0.0,0.0,0.0,0.0,0.0,0.0,0.0,0.0,0.0,0.0,0.0,0.0,0,LUBRICATION_DEGRADATION,0.0,2026-01-01T00:02:00+00:00,False
2026-01-01T00:01:38Z,ENG-DATASET-000,MSN-LUBRICATION_DEGRADATION-000,CRUISE,5000.0,10.0,0.6106664193505662,0.4593335806494338,3691.2178295489243,578.2165088382566,188.87519394649036,68.27118988650525,384.56089147744626,12.281730013731076,6.950991376969535,14.2,3691.2178295489243,578.2165088382566,188.87519394649036,68.27118988650525,384.56089147744626,12.281730013731076,6.950991376969535,0.0,0.0,0.0,0.0,0.0,0.0,0.0,0.0,0.0,0.0,0.0,0.0,0.0,0.0,0,LUBRICATION_DEGRADATION,0.0,2026-01-01T00:02:00+00:00,False
2026-01-01T00:01:39Z,ENG-DATASET-000,MSN-LUBRICATION_DEGRADATION-000,CRUISE,5000.0,10.0,0.6142938600119926,0.4557061399880074,3711.1687531867697,580.8951850847527,185.51005417896013,67.66785306698003,385.5584376593385,12.356286571852515,6.554519658990625,14.2,3711.1687531867697,580.8951850847527,185.51005417896013,67.66785306698003,385.5584376593385,12.356286571852515,6.554519658990625,0.0,0.0,0.0,0.0,0.0,0.0,0.0,0.0,0.0,0.0,0.0,0.0,0.0,0.0,0,LUBRICATION_DEGRADATION,0.0,2026-01-01T00:02:00+00:00,False
2026-01-01T00:01:40Z,ENG-DATASET-000,MSN-LUBRICATION_DEGRADATION-000,CRUISE,5000.0,10.0,0.618010343079464,0.45198965692053605,3731.6094100578625,583.6438433727773,182.55014484538356,67.0948438586816,386.58047050289315,12.432775705220891,6.049213583995083,14.2,3731.6094100578625,583.6438433727773,182.55014484538356,67.0948438586816,386.58047050289315,12.432775705220891,6.049213583995083,0.0,0.0,0.0,0.0,0.0,0.0,0.0,0.0,0.0,0.0,0.0,0.0,0.0,0.0,0,LUBRICATION_DEGRADATION,0.0,2026-01-01T00:02:00+00:00,False
2026-01-01T00:01:41Z,ENG-DATASET-000,MSN-LUBRICATION_DEGRADATION-000,CRUISE,5000.0,10.0,0.6217578740777223,0.4482421259222777,3752.2208305482827,586.4198069692779,179.95562553507716,66.5510009037122,387.61104152741416,12.510009038707059,6.191928602360414,14.2,3752.2208305482827,586.4198069692779,179.95562553507716,66.5510009037122,387.61104152741416,12.510009038707059,6.191928602360414,0.0,0.0,0.0,0.0,0.0,0.0,0.0,0.0,0.0,0.0,0.0,0.0,0.0,0.0,0,LUBRICATION_DEGRADATION,0.0,2026-01-01T00:02:00+00:00,False
2026-01-01T00:01:42Z,ENG-DATASET-000,MSN-LUBRICATION_DEGRADATION-000,CRUISE,5000.0,10.0,0.625477974038934,0.444522025961066,3772.6813803349473,589.179772991923,177.68955730636753,66.03511183354358,388.6340690167474,12.586781737795683,6.811391118887878,14.2,3772.6813803349473,589.179772991923,177.68955730636753,66.03511183354358,388.6340690167474,12.586781737795683,6.811391118887878,0.0,0.0,0.0,0.0,0.0,0.0,0.0,0.0,0.0,0.0,0.0,0.0,0.0,0.0,0,LUBRICATION_DEGRADATION,0.0,2026-01-01T00:02:00+00:00,False
2026-01-01T00:01:43Z,ENG-DATASET-000,MSN-LUBRICATION_DEGRADATION-000,CRUISE,5000.0,10.0,0.629112592047424,0.440887407952576,3792.6717793816424,591.8804865203663,175.71761373873994,65.54591602286254,389.6335889690821,12.661891270484082,7.053060068251948,14.2,3792.6717793816424,591.8804865203663,175.71761373873994,65.54591602286254,389.6335889690821,12.661891270484082,7.053060068251948,0.0,0.0,0.0,0.0,0.0,0.0,0.0,0.0,0.0,0.0,0.0,0.0,0.0,0.0,0,LUBRICATION_DEGRADATION,0.0,2026-01-01T00:02:00+00:00,False
2026-01-01T00:01:44Z,ENG-DATASET-000,MSN-LUBRICATION_DEGRADATION-000,CRUISE,5000.0,10.0,0.6326050111047993,0.4373949888952008,3811.880084197206,594.479426537162,174.007838028295,65.0821087430377,390.5940042098603,12.73415643795276,6.602892934165926,14.2,3811.880084197206,594.479426537162,174.007838028295,65.0821087430377,390.5940042098603,12.73415643795276,6.602892934165926,0.0,0.0,0.0,0.0,0.0,0.0,0.0,0.0,0.0,0.0,0.0,0.0,0.0,0.0,0,LUBRICATION_DEGRADATION,0.0,2026-01-01T00:02:00+00:00,False
2026-01-01T00:01:45Z,ENG-DATASET-000,MSN-LUBRICATION_DEGRADATION-000,CRUISE,5000.0,10.0,0.6359007331797392,0.43409926682026084,3830.0065556093755,596.9354924020394,172.53044153551647,64.64234662453075,391.50032778046875,12.802436362689212,6.13676448388657,14.2,3830.0065556093755,596.9354924020394,172.53044153551647,64.64234662453075,391.50032778046875,12.802436362689212,6.13676448388657,0.0,0.0,0.0,0.0,0.0,0.0,0.0,0.0,0.0,0.0,0.0,0.0,0.0,0.0,0,LUBRICATION_DEGRADATION,0.0,2026-01-01T00:02:00+00:00,False
2026-01-01T00:01:46Z,ENG-DATASET-000,MSN-LUBRICATION_DEGRADATION-000,CRUISE,5000.0,10.0,0.6389483296315471,0.4310516703684529,3846.7683360943197,599.2096787923452,171.25763935177346,64.22525431818376,392.33841680471596,12.865649104937392,6.35167478849862,14.2,3846.7683360943197,599.2096787923452,171.25763935177346,64.22525431818376,392.33841680471596,12.865649104937392,6.35167478849862,0.0,0.0,0.0,0.0,0.0,0.0,0.0,0.0,0.0,0.0,0.0,0.0,0.0,0.0,0,LUBRICATION_DEGRADATION,0.0,2026-01-01T00:02:00+00:00,False
2026-01-01T00:01:47Z,ENG-DATASET-000,MSN-LUBRICATION_DEGRADATION-000,CRUISE,5000.0,10.0,0.6417002437368877,0.42829975626311223,3861.9038636736927,601.2657265338997,170.1635185799436,63.82943222759955,393.0951931836846,12.922789567465053,6.966718719900248,14.2,3861.9038636736927,601.2657265338997,170.1635185799436,63.82943222759955,393.0951931836846,12.922789567465053,6.966718719900248,0.0,0.0,0.0,0.0,0.0,0.0,0.0,0.0,0.0,0.0,0.0,0.0,0.0,0.0,0,LUBRICATION_DEGRADATION,0.0,2026-01-01T00:02:00+00:00,False
2026-01-01T00:01:48Z,ENG-DATASET-000,MSN-LUBRICATION_DEGRADATION-000,CRUISE,5000.0,10.0,0.6441135327965486,0.42588646720345136,3875.176953501828,603.0707365548161,169.22393513581963,63.45346516907147,393.7588476750914,12.972946345989255,7.125110686592841,14.2,3875.176953501828,603.0707365548161,169.22393513581963,63.45346516907147,393.7588476750914,12.972946345989255,7.125110686592841,0.0,0.0,0.0,0.0,0.0,0.0,0.0,0.0,0.0,0.0,0.0,0.0,0.0,0.0,0,LUBRICATION_DEGRADATION,0.0,2026-01-01T00:02:00+00:00,False
2026-01-01T00:01:49Z,ENG-DATASET-000,MSN-LUBRICATION_DEGRADATION-000,CRUISE,5000.0,10.0,0.6461505382418992,0.42384946175810084,3886.380483451256,604.5957343630541,168.416434981314,63.0959318019601,394.3190241725628,13.015317189187574,6.621300139636488,14.2,3886.380483451256,604.5957343630541,168.416434981314,63.0959318019601,394.3190241725628,13.015317189187574,6.621300139636488,0.0,0.0,0.0,0.0,0.0,0.0,0.0,0.0,0.0,0.0,0.0,0.0,0.0,0.0,0,LUBRICATION_DEGRADATION,0.0,2026-01-01T00:02:00+00:00,False
2026-01-01T00:01:50Z,ENG-DATASET-000,MSN-LUBRICATION_DEGRADATION-000,CRUISE,5000.0,10.0,0.6477794732842588,0.4222205267157412,3895.339626184233,605.8161730043485,167.72019580829132,62.75541466127045,394.7669813092117,13.049222748682583,6.195125304258038,14.2,3895.339626184233,605.8161730043485,167.72019580829132,62.75541466127045,394.7669813092117,13.049222748682583,6.195125304258038,0.0,0.0,0.0,0.0,0.0,0.0,0.0,0.0,0.0,0.0,0.0,0.0,0.0,0.0,0,LUBRICATION_DEGRADATION,0.0,2026-01-01T00:02:00+00:00,False
2026-01-01T00:01:51Z,ENG-DATASET-000,MSN-LUBRICATION_DEGRADATION-000,CRUISE,5000.0,10.0,0.6489749189371029,0.42102508106289704,3901.914577274876,606.7123634100743,167.11598531271406,62.43051061562979,395.09572886374383,13.07411832590009,6.47158345926618,14.2,3901.914577274876,606.7123634100743,167.11598531271406,62.43051061562979,395.09572886374383,13.07411832590009,6.47158345926618,0.0,0.0,0.0,0.0,0.0,0.0,0.0,0.0,0.0,0.0,0.0,0.0,0.0,0.0,0,LUBRICATION_DEGRADATION,0.0,2026-01-01T00:02:00+00:00,False
2026-01-01T00:01:52Z,ENG-DATASET-000,MSN-LUBRICATION_DEGRADATION-000,CRUISE,5000.0,10.0,0.6497182206708461,0.4202817793291539,3906.002736810464,607.2698223836642,166.58613234103427,62.11984156803767,395.30013684052324,13.089603358950033,7.065187439291648,14.2,3906.002736810464,607.2698223836642,166.58613234103427,62.11984156803767,395.30013684052324,13.089603358950033,7.065187439291648,0.0,0.0,0.0,0.0,0.0,0.0,0.0,0.0,0.0,0.0,0.0,0.0,0.0,0.0,0,LUBRICATION_DEGRADATION,0.0,2026-01-01T00:02:00+00:00,False
2026-01-01T00:01:53Z,ENG-DATASET-000,MSN-LUBRICATION_DEGRADATION-000,CRUISE,5000.0,10.0,0.6499977795105369,0.4200022204894631,3907.5403104287634,607.4795301676111,166.11450736112113,61.822065213748715,395.3770155214382,13.09542843783358,7.132078484481086,14.2,3907.5403104287634,607.4795301676111,166.11450736112113,61.822065213748715,395.3770155214382,13.09542843783358,7.132078484481086,0.0,0.0,0.0,0.0,0.0,0.0,0.0,0.0,0.0,0.0,0.0,0.0,0.0,0.0,0,LUBRICATION_DEGRADATION,0.0,2026-01-01T00:02:00+00:00,False
2026-01-01T00:01:54Z,ENG-DATASET-000,MSN-LUBRICATION_DEGRADATION-000,CRUISE,5000.0,10.0,0.6498092330339829,0.42019076696601715,3906.503304807716,607.3380915290077,165.6865089132342,61.53588566950373,395.3251652403858,13.091499689020004,6.5788993915528575,14.2,3906.503304807716,607.3380915290077,165.6865089132342,61.53588566950373,395.3251652403858,13.091499689020004,6.5788993915528575,0.0,0.0,0.0,0.0,0.0,0.0,0.0,0.0,0.0,0.0,0.0,0.0,0.0,0.0,0,LUBRICATION_DEGRADATION,0.0,2026-01-01T00:02:00+00:00,False
2026-01-01T00:01:55Z,ENG-DATASET-000,MSN-LUBRICATION_DEGRADATION-000,CRUISE,5000.0,10.0,0.6491555234458896,0.4208444765541104,3902.907902073203,606.8477965305962,165.28905293517568,61.26006379104839,395.1453951036601,13.077880429012694,6.19650646710074,14.2,3902.907902073203,606.8477965305962,165.28905293517568,61.26006379104839,395.1453951036601,13.077880429012694,6.19650646710074,0.0,0.0,0.0,0.0,0.0,0.0,0.0,0.0,0.0,0.0,0.0,0.0,0.0,0.0,0,LUBRICATION_DEGRADATION,0.0,2026-01-01T00:02:00+00:00,False
2026-01-01T00:01:56Z,ENG-DATASET-000,MSN-LUBRICATION_DEGRADATION-000,CRUISE,5000.0,10.0,0.6480468516657405,0.4219531483342595,3896.810207282383,606.0165795329873,164.9105621299828,60.99342700143101,394.84051036411915,13.054790048842507,6.52695502924326,14.2,3896.810207282383,606.0165795329873,164.9105621299828,60.99342700143101,394.84051036411915,13.054790048842507,6.52695502924326,0.0,0.0,0.0,0.0,0.0,0.0,0.0,0.0,0.0,0.0,0.0,0.0,0.0,0.0,0,LUBRICATION_DEGRADATION,0.0,2026-01-01T00:02:00+00:00,False
2026-01-01T00:01:57Z,ENG-DATASET-000,MSN-LUBRICATION_DEGRADATION-000,CRUISE,5000.0,10.0,0.6465005181458598,0.42349948185414016,3888.3053729230396,604.8578774096843,164.5409528522266,60.73487846086519,394.41526864615196,13.022600155177543,7.087000310163078,14.2,3888.3053729230396,604.8578774096843,164.5409528522266,60.73487846086519,394.41526864615196,13.022600155177543,7.087000310163078,0.0,0.0,0.0,0.0,0.0,0.0,0.0,0.0,0.0,0.0,0.0,0.0,0.0,0.0,0,LUBRICATION_DEGRADATION,0.0,2026-01-01T00:02:00+00:00,False
2026-01-01T00:01:58Z,ENG-DATASET-000,MSN-LUBRICATION_DEGRADATION-000,CRUISE,5000.0,10.0,0.6445406529036408,0.4254593470963592,3877.526114090835,603.3903903538206,164.17161732584947,60.48340541985164,393.8763057045418,12.98182805652183,7.060583682640226,14.2,3877.526114090835,603.3903903538206,164.17161732584947,60.48340541985164,393.8763057045418,12.98182805652183,7.060583682640226,0.0,0.0,0.0,0.0,0.0,0.0,0.0,0.0,0.0,0.0,0.0,0.0,0.0,0.0,0,LUBRICATION_DEGRADATION,0.0,2026-01-01T00:02:00+00:00,False
2026-01-01T00:01:59Z,ENG-DATASET-000,MSN-LUBRICATION_DEGRADATION-000,CRUISE,5000.0,10.0,0.6421978389806943,0.4278021610193057,3864.6406375146294,601.6377509205679,163.79539936627873,60.238086610607056,393.2320318757315,12.933127742452623,6.468193679334103,14.2,3864.6406375146294,601.6377509205679,163.79539936627873,60.238086610607056,393.2320318757315,12.933127742452623,6.468193679334103,0.0,0.0,0.0,0.0,0.0,0.0,0.0,0.0,0.0,0.0,0.0,0.0,0.0,0.0,0,LUBRICATION_DEGRADATION,0.0,2026-01-01T00:02:00+00:00,False
2026-01-01T00:02:00Z,ENG-DATASET-000,MSN-LUBRICATION_DEGRADATION-000,CRUISE,5000.0,10.0,0.6395086352047135,0.4304913647952865,3849.850016746735,599.628108996413,163.4065621545612,59.99809854743896,392.49250083733676,12.8772785578714,6.137783435993401,14.2,3849.850016746735,599.628108996413,163.4065621545612,59.99809854743896,392.49250083733676,12.8772785578714,6.137783435993401,0.0,0.0,0.0,0.0,0.0,0.0,0.0,0.0,0.0,0.0,0.0,0.0,0.0,0.0,0,LUBRICATION_DEGRADATION,0.0,2026-01-01T00:02:00+00:00,False
2026-01-01T00:02:01Z,ENG-DATASET-000,MSN-LUBRICATION_DEGRADATION-000,CRUISE,5000.0,10.0,0.6365150057011951,0.43348499429880494,3832.9442508909883,597.5603088101207,163.1507469926914,60.05438729095838,390.2004930261547,12.823715268873524,6.539739535519664,14.2,3833.3850544773836,597.393642143454,163.0007469926914,59.76272062429172,391.6692527238692,12.815171820992864,6.518906202186331,-0.4408035863953046,0.16666666666662877,0.15000000000000568,0.2916666666666643,-1.4687596977145176,0.008543447880660082,0.020833333333333037,-0.00011499068842052461,0.00027898968939245355,0.0009202411815126918,0.004880411460854925,-0.0037500000000000207,0.0006666666666665241,0.003195832657685102,0,LUBRICATION_DEGRADATION,0.008333333333333333,2026-01-01T00:02:00+00:00,True
2026-01-01T00:02:02Z,ENG-DATASET-000,MSN-LUBRICATION_DEGRADATION-000,CRUISE,5000.0,10.0,0.6332636650572961,0.4367363349427038,3814.604939751271,595.3033355113872,162.87492234787362,60.114672250330536,387.84432054144594,12.764792732755222,7.080689686738543,14.2,3815.5026809359383,594.9700021780538,162.5749223478736,59.5313389169972,390.7751340467969,12.747795671859409,7.039023020071876,-0.8977411846672112,0.33333333333337123,0.30000000000001137,0.5833333333333357,-2.9308135053509545,0.016997060895812766,0.04166666666666696,-0.00023528778767546203,0.0005602523356019824,0.0018453030496184345,0.00979876051749248,-0.007499999999999943,0.0013333333333333506,0.005919382071610487,0,LUBRICATION_DEGRADATION,0.016666666666666666,2026-01-01T00:02:00+00:00,True
2026-01-01T00:02:03Z,ENG-DATASET-000,MSN-LUBRICATION_DEGRADATION-000,CRUISE,5000.0,10.0,0.6298053493563258,0.44019465064367425,3795.134785718251,592.8957098727763,162.57732285990565,60.178448618492844,385.43857613520356,12.701570903550776,6.986679072775254,14.2,3796.4819445806024,592.3957098727763,162.12732285990566,59.303448618492844,389.82409722903014,12.676218466617541,6.924179072775254,-1.3471588623515345,0.5,0.44999999999998863,0.875,-4.385521093826583,0.0253524369332343,0.0625,-0.0003548440061132321,0.0008440304203205332,0.0027755963156736634,0.014754622545292334,-0.011249999999999984,0.0019999999999999385,0.009026340789732005,0,LUBRICATION_DEGRADATION,0.025,2026-01-01T00:02:00+00:00,True
2026-01-01T00:02:04Z,ENG-DATASET-000,MSN-LUBRICATION_DEGRADATION-000,CRUISE,5000.0,10.0,0.6261940244581339,0.4438059755418661,3774.8544335476604,590.3781769702421,162.25737833150447,60.24532172376501,382.99851813879695,12.635175240680411,6.391612575802189,14.2,3776.619657640547,589.7115103035754,161.65737833150447,59.078655057098345,388.83098288202734,12.601571051210517,6.308279242468856,-1.7652240928864558,0.6666666666666288,0.5999999999999943,1.1666666666666643,-5.832464743230389,0.03360418946989441,0.08333333333333304,-0.0004674084903718592,0.001130496276600465,0.003711553448365331,0.019747684938648386,-0.014999999999999946,0.0026666666666666427,0.013210152900701185,0,LUBRICATION_DEGRADATION,0.03333333333333333,2026-01-01T00:02:00+00:00,True
2026-01-01T00:02:05Z,ENG-DATASET-000,MSN-LUBRICATION_DEGRADATION-000,CRUISE,5000.0,10.0,0.6224860438799179,0.44751395612008205,3754.08813186779,587.7930349395989,161.91563303851066,60.3150066038626,380.53982656883636,12.566778350803457,6.145890474817936,14.2,3756.225764460359,586.9597016062655,161.16563303851066,58.856673270529264,387.811288223018,12.52502825661474,6.041723808151269,-2.137632592569389,0.8333333333333712,0.75,1.4583333333333357,-7.271461654181621,0.04175009418871589,0.10416666666666696,-0.0005690905516901202,0.0014197453948761442,0.004653597580700017,0.02477770577739318,-0.01875000000000009,0.0033333333333333405,0.017241216244630247,0,LUBRICATION_DEGRADATION,0.041666666666666664,2026-01-01T00:02:00+00:00,True
2026-01-01T00:02:06Z,ENG-DATASET-000,MSN-LUBRICATION_DEGRADATION-000,CRUISE,5000.0,10.0,0.6187392694184348,0.45126073058156524,3733.1519760622623,585.1834497817003,161.55365597920212,60.38732613132048,378.0783544280726,12.49758111665211,6.598559796799342,14.2,3735.6185049222017,584.1834497817003,160.6536559792021,58.63732613132048,386.7809252461101,12.447789956824812,6.473559796799342,-2.4665288599394444,1.0,0.9000000000000057,1.75,-8.702570818037486,0.04979115982729887,0.125,-0.0006602732202684633,0.001711791048468907,0.0056021134067220845,0.029844471353976984,-0.022500000000000023,0.00399999999999997,0.01930931418317979,0,LUBRICATION_DEGRADATION,0.05,2026-01-01T00:02:00+00:00,True
2026-01-01T00:02:07Z,ENG-DATASET-000,MSN-LUBRICATION_DEGRADATION-000,CRUISE,5000.0,10.0,0.6150121682360147,0.45498783176398533,3712.347339322457,582.5927684049254,161.17394292473838,60.46220770904267,375.62987814489475,12.428793644186694,7.097755611951735,14.2,3715.1194484188914,581.4261017382588,160.12394292473837,58.42054104237601,385.75597242094454,12.371062021420068,6.951922278618402,-2.7721090964341784,1.1666666666666288,1.0500000000000114,2.0416666666666643,-10.126094276049798,0.057731622766626245,0.14583333333333304,-0.0007461695740668456,0.0020065605296678414,0.006557420338403317,0.03494775348255878,-0.02625000000000001,0.004666666666666607,0.020977411353096338,0,LUBRICATION_DEGRADATION,0.058333333333333334,2026-01-01T00:02:00+00:00,True
2026-01-01T00:02:08Z,ENG-DATASET-000,MSN-LUBRICATION_DEGRADATION-000,CRUISE,5000.0,10.0,0.611362900500048,0.45863709949995196,3691.960482814594,580.06384136905,160.77981133315745,60.53967857742938,373.2098510797471,12.361616344522108,6.9251298578113465,14.2,3695.048475871075,578.7305080357166,159.57981133315747,58.20634524409604,384.75242379355376,12.296037477972918,6.7584631911446795,-3.087993056481082,1.3333333333333712,1.1999999999999886,2.3333333333333357,-11.542572713806635,0.0655788665491901,0.16666666666666696,-0.0008357111081616094,0.00230389328853402,0.007519748206085595,0.04008726752295119,-0.030000000000000058,0.005333333333333431,0.02466043861643621,0,LUBRICATION_DEGRADATION,0.06666666666666667,2026-01-01T00:02:00+00:00,True
2026-01-01T00:02:09Z,ENG-DATASET-000,MSN-LUBRICATION_DEGRADATION-000,CRUISE,5000.0,10.0,0.6078484118130254,0.46215158818697455,3672.267367643858,577.638365857105,160.37528934626934,60.619859796602235,370.8331639497165,12.29722144630516,6.325526208307127,14.2,3675.71878809245,576.138365857105,159.02528934626935,57.994859796602235,383.78593940462247,12.22387817724171,6.138026208307127,-3.4514204485917617,1.5,1.3499999999999943,2.625,-12.952775454905975,0.07334326906345012,0.1875,-0.0009389783733654201,0.0026035412478884164,0.008489215806804408,0.04526263205405304,-0.03374999999999991,0.005999999999999989,0.030547279147527893,0,LUBRICATION_DEGRADATION,0.075,2026-01-01T00:02:00+00:00,True
2026-01-01T00:02:10Z,ENG-DATASET-000,MSN-LUBRICATION_DEGRADATION-000,CRUISE,5000.0,10.0,0.6045235445954568,0.4654764554045433,3653.540961288986,575.3562583157666,159.9650002028699,60.702958988312226,368.513915885299,12.236735209099583,6.156702858938599,14.2,3657.4320183958225,573.6895916491,158.4650002028699,57.78629232164556,382.87160091979115,12.155697227582369,5.9483695256052656,-3.8910571068363424,1.6666666666666288,1.5,2.9166666666666643,-14.357685034492135,0.08103798151721442,0.20833333333333304,-0.0010638768095388932,0.002905171526427228,0.009465812627896832,0.050473331122061635,-0.037499999999999915,0.0066666666666665535,0.03502360309603235,0,LUBRICATION_DEGRADATION,0.08333333333333333,2026-01-01T00:02:00+00:00,True
2026-01-01T00:02:11Z,ENG-DATASET-000,MSN-LUBRICATION_DEGRADATION-000,CRUISE,5000.0,10.0,0.6014401822882414,0.46855981771175864,3636.057376125885,573.2550650341232,159.55404347510267,60.7892619418418,366.265199638538,12.181221080394412,6.660928986956047,14.2,3640.4735257061375,571.4217317007898,157.90404347510267,57.580928608508465,382.0236762853069,12.092542435864736,6.43176232028938,-4.416149580252295,1.8333333333333712,1.6500000000000057,3.2083333333333357,-15.75847664676894,0.08867864452967567,0.22916666666666696,-0.0012130700990046893,0.0032083717360146687,0.010449384092308995,0.05571867996688152,-0.04125000000000008,0.00733333333333341,0.03563046257846733,0,LUBRICATION_DEGRADATION,0.09166666666666666,2026-01-01T00:02:00+00:00,True
2026-01-01T00:02:12Z,ENG-DATASET-000,MSN-LUBRICATION_DEGRADATION-000,CRUISE,5000.0,10.0,0.5986464397289263,0.4713535602710737,3620.0973211682954,571.3694177349699,159.14787457096665,60.879123206298,364.09890421282796,12.131664009544405,7.11835112117326,14.2,3625.107941629905,569.3694177349699,157.34787457096664,57.379123206298,381.2553970814953,12.035380961849608,6.86835112117326,-5.010620461609506,2.0,1.8000000000000114,3.5,-17.15649286866733,0.09628304769479712,0.25,-0.0013821989695999653,0.0035126579294621684,0.011439620680660545,0.060997795093805755,-0.0450000000000001,0.008000000000000021,0.036398838031054925,0,LUBRICATION_DEGRADATION,0.1,2026-01-01T00:02:00+00:00,True
2026-01-01T00:02:13Z,ENG-DATASET-000,MSN-LUBRICATION_DEGRADATION-000,CRUISE,5000.0,10.0,0.5961859123357582,0.47381408766424177,3605.9405994492513,569.7305400844634,158.75218394931488,60.972955807854,362.0255378860158,12.08895610257052,6.878735805010025,14.2,3611.5750409674806,567.5638734177968,156.8021839493149,57.181289141187335,380.57875204837404,11.985085362759936,6.607902471676692,-5.634441518229323,2.1666666666666288,1.9499999999999886,3.7916666666666643,-18.553214162358245,0.10387073981058492,0.27083333333333304,-0.0015601064505972304,0.003817485164478916,0.012436051277387254,0.06630956950453833,-0.04875000000000003,0.008666666666666567,0.04098627885235898,0,LUBRICATION_DEGRADATION,0.10833333333333334,2026-01-01T00:02:00+00:00,True
2026-01-01T00:02:14Z,ENG-DATASET-000,MSN-LUBRICATION_DEGRADATION-000,CRUISE,5000.0,10.0,0.5940969958157628,0.4759030041842372,3593.853424117317,568.3658099276024,158.37277746924013,61.071220244481104,360.0540742550931,12.053883773366932,6.293429334201231,14.2,3600.0860001075057,566.032476594269,156.27277746924014,56.98788691114777,380.0043000053753,11.942421175726814,6.001762667534564,-6.232575990188707,2.3333333333333712,2.0999999999999943,4.083333333333336,-19.950225750282186,0.11146259764011823,0.29166666666666696,-0.0017312297511788857,0.004122260523588119,0.013438041058772035,0.07165265382974866,-0.052499999999999956,0.009333333333333442,0.04859683443405458,0,LUBRICATION_DEGRADATION,0.11666666666666667,2026-01-01T00:02:00+00:00,True
2026-01-01T00:02:15Z,ENG-DATASET-000,MSN-LUBRICATION_DEGRADATION-000,CRUISE,5000.0,10.0,0.5924122870125784,0.4775877129874216,3584.0705909499743,567.2983810599499,158.01545924881486,61.17441292230448,358.1918235484965,12.027116520291832,6.212332540541915,14.2,3590.8201016899916,564.7983810599499,155.76545924881486,56.79941292230448,379.5410050844996,11.908036158704784,5.899832540541915,-6.749510740017286,2.5,2.25,4.375,-21.34918153600313,0.1190803615870486,0.3125,-0.0018796571671303392,0.004426358296757654,0.01444479418512111,0.07702544401267901,-0.05625000000000007,0.010000000000000064,0.05296760507227821,0,LUBRICATION_DEGRADATION,0.125,2026-01-01T00:02:00+00:00,True
2026-01-01T00:02:16Z,ENG-DATASET-000,MSN-LUBRICATION_DEGRADATION-000,CRUISE,5000.0,10.0,0.5911580752436133,0.4788419247563867,3576.7763755309825,566.5468674695999,157.68591834400672,61.28305420673331,356.44433103715204,12.009197432895217,6.76655728329907,14.2,3583.921936960683,563.8802008029332,155.28591834400672,56.61638754006665,379.19609684803413,11.88245128584619,6.433223949965737,-7.145561429700592,2.6666666666666288,2.4000000000000057,4.666666666666664,-22.75176581088209,0.1267461470490261,0.33333333333333304,-0.001993782664741947,0.004729136903316427,0.015455361475103348,0.08242607607848748,-0.060000000000000116,0.010666666666666672,0.05181435248109283,0,LUBRICATION_DEGRADATION,0.13333333333333333,2026-01-01T00:02:00+00:00,True
2026-01-01T00:02:17Z,ENG-DATASET-000,MSN-LUBRICATION_DEGRADATION-000,CRUISE,5000.0,10.0,0.5903539320640401,0.4796460679359599,3572.0888552140505,566.125092234984,157.38962048214734,61.397676267819044,354.81530393470626,12.000535511907792,7.180818520184491,14.2,3579.4991494730307,563.2917589016506,154.83962048214732,56.43934293448571,378.97495747365156,11.866053571431566,6.826651853517824,-7.41029425898023,2.8333333333333712,2.5500000000000114,4.958333333333336,-24.159653538945292,0.13448194047622586,0.35416666666666696,-0.002070204223982331,0.005029957013498691,0.01646865312676235,0.08785242838650559,-0.06375000000000001,0.011333333333333456,0.05187999538663485,0,LUBRICATION_DEGRADATION,0.14166666666666666,2026-01-01T00:02:00+00:00,True
2026-01-01T00:02:18Z,ENG-DATASET-000,MSN-LUBRICATION_DEGRADATION-000,CRUISE,5000.0,10.0,0.5900124058592234,0.4799875941407765,3570.0518844582693,566.0419026396809,157.1317059999246,61.51881090278664,353.3065677180324,12.001399866560218,6.884339632292255,14.2,3577.620755346539,563.0419026396809,154.43170599992462,56.26881090278664,378.881037767327,11.859090777233417,6.509339632292255,-7.568870888269885,3.0,2.6999999999999886,5.25,-25.574470049294575,0.14230908932680109,0.375,-0.0021156157697706395,0.005328200238623896,0.017483456408888643,0.09330213160306895,-0.06750000000000002,0.012000000000000007,0.05760953048749498,0,LUBRICATION_DEGRADATION,0.15,2026-01-01T00:02:00+00:00,True
2026-01-01T00:02:19Z,ENG-DATASET-000,MSN-LUBRICATION_DEGRADATION-000,CRUISE,5000.0,10.0,0.5901388260313631,0.4798611739686368,3570.637231219009,566.3010525509242,156.9168950470386,61.646977519309104,351.91805232849543,12.011915836559556,6.328701312853612,14.2,3578.316066293308,563.1343858842575,154.0668950470386,56.10531085264244,378.91580331466537,11.861668041368883,5.932867979520279,-7.678835074298604,3.1666666666666288,2.8499999999999943,5.541666666666664,-26.997750986169933,0.15024779519067266,0.39583333333333304,-0.0021459353874944105,0.005623287701911852,0.01849845808296359,0.09877258645302851,-0.07125000000000006,0.012666666666666678,0.06671871592284098,0,LUBRICATION_DEGRADATION,0.15833333333333333,2026-01-01T00:02:00+00:00,True
2026-01-01T00:02:20Z,ENG-DATASET-000,MSN-LUBRICATION_DEGRADATION-000,CRUISE,5000.0,10.0,0.5907312198359552,0.4792687801640447,3573.756826006269,566.9011526814113,156.74940102603668,61.782671460844995,350.6478082401086,12.032063071150684,6.340920114366369,14.2,3581.574232218564,563.5678193480779,153.74940102603668,55.94933812751166,379.07871161092817,11.873746451793437,5.924253447699702,-7.817406212294827,3.3333333333333712,3.0,5.833333333333336,-28.43090337081958,0.1583166193572474,0.41666666666666696,-0.0021826732340131973,0.005914697785954658,0.019512271137186187,0.1042609891119506,-0.07499999999999991,0.013333333333333464,0.07033234994840612,0,LUBRICATION_DEGRADATION,0.16666666666666666,2026-01-01T00:02:00+00:00,True
2026-01-01T00:02:21Z,ENG-DATASET-000,MSN-LUBRICATION_DEGRADATION-000,CRUISE,5000.0,10.0,0.5917803431658103,0.47821965683418965,3579.282358189662,567.8356889854723,156.6328531480698,61.926352850269204,349.49205191016557,12.061675584011228,6.938584516997396,14.2,3587.344410532767,564.3356889854723,153.4828531480698,55.801352850269204,379.36722052663833,11.89514357397557,6.501084516997396,-8.062052343105279,3.5,3.1500000000000057,6.125,-29.875168616472763,0.16653201003565776,0.4375,-0.002247359444895886,0.006201982380898296,0.020523465230093813,0.10976436389338276,-0.07874999999999999,0.013999999999999981,0.06729646397553136,0,LUBRICATION_DEGRADATION,0.175,2026-01-01T00:02:00+00:00,True
2026-01-01T00:02:22Z,ENG-DATASET-000,MSN-LUBRICATION_DEGRADATION-000,CRUISE,5000.0,10.0,0.5932698248022544,0.47673017519774563,3587.0673329455963,569.093109097505,156.5702288940338,62.07843612017718,348.44523966858594,12.100443789536973,7.304574469470835,14.2,3595.5365595332096,565.4264424308384,153.27022889403378,55.661769453510516,379.77682797666046,11.925535929241432,6.846241136137502,-8.46922658761332,3.6666666666666288,3.3000000000000114,6.416666666666664,-31.331588308074515,0.17490786029554073,0.45833333333333304,-0.00235548337428471,0.006484781028108933,0.021530600063770555,0.11527960267281753,-0.08250000000000007,0.014666666666666644,0.06694671195760928,0,LUBRICATION_DEGRADATION,0.18333333333333332,2026-01-01T00:02:00+00:00,True
2026-01-01T00:02:23Z,ENG-DATASET-000,MSN-LUBRICATION_DEGRADATION-000,CRUISE,5000.0,10.0,0.5951764218825207,0.4748235781174793,3596.965808094601,570.6569763679944,156.56379708049693,62.239280387755954,347.50016866124923,12.147918512593147,6.957584377691987,14.2,3606.0228434746746,566.823643034661,153.11379708049694,55.53094705442262,380.30114217373375,11.964463407018856,6.47841771102532,-9.057035380073557,3.8333333333333712,3.4499999999999886,6.708333333333336,-32.80097351248452,0.183455105574291,0.47916666666666696,-0.0025116411551476536,0.006762832461981415,0.022532260748430205,0.12080351027975252,-0.08624999999999995,0.01533333333333349,0.07396353369607449,0,LUBRICATION_DEGRADATION,0.19166666666666665,2026-01-01T00:02:00+00:00,True
2026-01-01T00:02:24Z,ENG-DATASET-000,MSN-LUBRICATION_DEGRADATION-000,CRUISE,5000.0,10.0,0.5974703825968497,0.4725296174031503,3608.8426860936934,572.506190656188,156.61507213885193,62.40918081915545,346.6481030468585,12.203516949266254,6.441472044631434,14.2,3618.6396274034837,568.506190656188,153.01507213885193,55.40918081915545,380.9319813701742,12.01133557998647,5.941472044631434,-9.796941309790327,4.0,3.5999999999999943,7.0,-34.28387832331566,0.19218136927978335,0.5,-0.0027073547848200674,0.007035983188473414,0.023527094093928287,0.12633285488999751,-0.08999999999999996,0.015999999999999986,0.0841542291614058,0,LUBRICATION_DEGRADATION,0.2,2026-01-01T00:02:00+00:00,True
2026-01-01T00:02:25Z,ENG-DATASET-000,MSN-LUBRICATION_DEGRADATION-000,CRUISE,5000.0,10.0,0.6001159104555293,0.46988408954447075,3622.5725525618145,574.6152745674622,156.72478012248664,62.588361113063435,345.8789232627507,12.266530539851876,6.545823347666849,14.2,3633.190030626221,570.4486079007955,152.97478012248664,55.29669444639677,381.6595015313111,12.065439875264142,6.0249900143335156,-10.617478064406441,4.166666666666629,3.75,7.291666666666664,-35.78057826856042,0.20109066458773484,0.520833333333333,-0.0029223569301098187,0.007304192891274857,0.024513844680785823,0.13186442227093742,-0.09375000000000001,0.016666666666666597,0.08644550980072414,0,LUBRICATION_DEGRADATION,0.20833333333333334,2026-01-01T00:02:00+00:00,True
2026-01-01T00:02:26Z,ENG-DATASET-000,MSN-LUBRICATION_DEGRADATION-000,CRUISE,5000.0,10.0,0.6030717228811443,0.46692827711885565,3638.027129937802,576.9547232518895,156.8928368582019,62.776967215924465,345.1812958283906,12.33613469668194,7.174414756464796,14.2,3649.4469989671043,572.6213899185561,152.99283685820188,55.19363388259113,382.47234994835526,12.12595153671226,6.632748089798129,-11.41986902930239,4.333333333333371,3.9000000000000057,7.583333333333336,-37.291054119964656,0.21018315996968084,0.541666666666667,-0.003129205337831878,0.007567536612542016,0.025491389532273572,0.13739507258146358,-0.09750000000000004,0.01733333333333347,0.0816654966136597,0,LUBRICATION_DEGRADATION,0.21666666666666667,2026-01-01T00:02:00+00:00,True
2026-01-01T00:02:27Z,ENG-DATASET-000,MSN-LUBRICATION_DEGRADATION-000,CRUISE,5000.0,10.0,0.6062916954093903,0.4637083045906097,3655.054662300083,579.4914151902931,157.11833855213902,62.975062362218125,344.5428608512685,12.411400308034445,7.482704812696897,14.2,3667.1568478724566,574.9914151902931,153.068338552139,55.100062362218125,383.35784239362283,12.19194529276468,6.920204812696897,-12.102185572373855,4.5,4.050000000000011,7.875,-38.81498154235436,0.21945501526976408,0.5625,-0.0033001548814022173,0.00782620380255717,0.02645877023497238,0.14292179831360505,-0.10125000000000013,0.017999999999999985,0.08128372139621488,0,LUBRICATION_DEGRADATION,0.225,2026-01-01T00:02:00+00:00,True
2026-01-01T00:02:28Z,ENG-DATASET-000,MSN-LUBRICATION_DEGRADATION-000,CRUISE,5000.0,10.0,0.6097255814459116,0.4602744185540884,3673.4570845635535,582.1890805763609,157.39956504466744,63.18262351272091,343.9504341430312,12.491306915107263,7.087379584884921,14.2,3686.043221073324,577.5224139096943,153.19956504466745,55.015956846054245,384.30216105366617,12.262408620851371,6.504046251551588,-12.586136509770313,4.666666666666629,4.199999999999989,8.166666666666664,-40.351726910634966,0.2288982942558917,0.583333333333333,-0.0034145385050871452,0.00808049446094112,0.02741522143862106,0.1484417818910002,-0.10500000000000005,0.01866666666666662,0.08968775909214584,0,LUBRICATION_DEGRADATION,0.23333333333333334,2026-01-01T00:02:00+00:00,True
2026-01-01T00:02:29Z,ENG-DATASET-000,MSN-LUBRICATION_DEGRADATION-000,CRUISE,5000.0,10.0,0.6133197963476013,0.4566802036523988,3692.9719222492804,585.0088229601845,157.733995780872,63.39953924203974,343.390220647641,12.574757431963153,6.6150721776272725,14.2,3705.8114030326174,580.1754896268511,153.383995780872,54.9412059087064,385.29057015163085,12.33625647347595,6.0109055109606055,-12.839480783336967,4.833333333333371,4.349999999999994,8.458333333333336,-41.900349503989844,0.23850095848720265,0.604166666666667,-0.003464688130871931,0.008330812693314578,0.028360194802947415,0.15395245141484898,-0.10874999999999997,0.01933333333333341,0.10051175576874354,0,LUBRICATION_DEGRADATION,0.24166666666666667,2026-01-01T00:02:00+00:00,True
2026-01-01T00:02:30Z,ENG-DATASET-000,MSN-LUBRICATION_DEGRADATION-000,CRUISE,5000.0,10.0,0.6170182535930345,0.4529817464069655,3713.265136247091,587.9096887636678,158.1183384218765,63.62560910426153,342.8480357310359,12.66059424883914,6.804126171508674,14.2,3726.1529178825003,582.9096887636678,153.6183384218765,54.87560910426153,386.307645894125,12.41234730278347,6.179126171508674,-12.887781635409283,5.0,4.5,8.75,-43.45961016308911,0.24824694605566933,0.625,-0.0034587366432436047,0.008577658077025338,0.029293377641162948,0.15945153307319723,-0.11250000000000011,0.019999999999999993,0.10114698788346672,0,LUBRICATION_DEGRADATION,0.25,2026-01-01T00:02:00+00:00,True
2026-01-01T00:02:31Z,ENG-DATASET-000,MSN-LUBRICATION_DEGRADATION-000,CRUISE,5000.0,10.0,0.6207632399938777,0.44923676000612234,3733.938663808291,590.8492781374812,158.54856986645922,63.86054448266252,342.3095307851629,12.747616527926128,7.446292028182563,14.2,3746.7503430871375,585.6826114708145,153.8985698664592,54.818877815995855,387.3375171543569,12.489500190652642,6.80045869484923,-12.81167927884644,5.166666666666629,4.650000000000006,9.041666666666664,-45.02798636919397,0.2581163372734867,0.645833333333333,-0.003419410984370592,0.008821615266486517,0.030214705724912853,0.16493709880409763,-0.11624999999999995,0.02066666666666657,0.09496908404465378,0,LUBRICATION_DEGRADATION,0.2583333333333333,2026-01-01T00:02:00+00:00,True
2026-01-01T00:02:32Z,ENG-DATASET-000,MSN-LUBRICATION_DEGRADATION-000,CRUISE,5000.0,10.0,0.6244963162898886,0.44550368371011145,3754.552777527889,593.7843894401823,159.01998928248452,64.10397090642083,341.76041955946874,12.834598468618616,7.684569980704764,14.2,3767.2822627151977,588.4510561068489,154.2199892824845,54.77063757308749,388.3641131357599,12.566512860919008,7.017903314038097,-12.72948518730891,5.333333333333371,4.800000000000011,9.333333333333336,-46.603693576291164,0.2680856076996072,0.666666666666667,-0.0033789571100877303,0.009063342274578164,0.031124369949266817,0.17040760792456855,-0.11999999999999994,0.021333333333333468,0.09499513413544983,0,LUBRICATION_DEGRADATION,0.26666666666666666,2026-01-01T00:02:00+00:00,True
2026-01-01T00:02:33Z,ENG-DATASET-000,MSN-LUBRICATION_DEGRADATION-000,CRUISE,5000.0,10.0,0.6281592290740277,0.44184077092597235,3774.6594958789315,596.6716884308911,159.5272825650083,64.35543179453569,341.18670165016255,12.920308287521145,7.240495135138503,14.2,3787.428283027962,591.1716884308911,154.57728256500832,54.7304317945357,389.3714141513981,12.642180320470787,6.552995135138503,-12.768787149030686,5.5,4.949999999999989,9.624999999999993,-48.18471250123554,0.2781279670503576,0.6875,-0.00337136077434114,0.009303557845603695,0.0320228167933942,0.1758619416001201,-0.12375000000000007,0.02200000000000002,0.1049138578347913,0,LUBRICATION_DEGRADATION,0.275,2026-01-01T00:02:00+00:00,True
2026-01-01T00:02:34Z,ENG-DATASET-000,MSN-LUBRICATION_DEGRADATION-000,CRUISE,5000.0,10.0,0.6316948198173914,0.43830518018260867,3793.8401549628543,599.4683921341415,160.06459744519435,64.61439356503158,340.5748796510808,13.003527628602923,6.812571405077411,14.2,3806.874032116463,593.8017254674749,154.96459744519436,54.69772689836491,390.3437016058232,12.715313848047186,6.104238071744078,-13.0338771536085,5.666666666666629,5.099999999999994,9.916666666666664,-49.76882195474241,0.2882137805557363,0.708333333333333,-0.003423774215707949,0.009543028293165539,0.032910742737893336,0.18129942922661207,-0.12749999999999986,0.022666666666666675,0.11603959822801455,0,LUBRICATION_DEGRADATION,0.2833333333333333,2026-01-01T00:02:00+00:00,True
2026-01-01T00:02:35Z,ENG-DATASET-000,MSN-LUBRICATION_DEGRADATION-000,CRUISE,5000.0,10.0,0.6350479168089384,0.4349520831910616,3811.738762016821,602.1329563216096,160.6256282753818,64.8802520263602,339.9121665981956,13.083071092380385,7.075035742254754,14.2,3825.316065569971,596.2996229882763,155.3756282753818,54.67191869302687,391.26580327849854,12.78476002512741,6.345869075588087,-13.57730355315016,5.833333333333371,5.25,10.208333333333329,-51.35363668030294,0.29831106725297474,0.729166666666667,-0.003549328557541596,0.00978255411952199,0.03378908300016719,0.18671986601844562,-0.13125000000000003,0.023333333333333477,0.11490414598556672,0,LUBRICATION_DEGRADATION,0.2916666666666667,2026-01-01T00:02:00+00:00,True
2026-01-01T00:02:36Z,ENG-DATASET-000,MSN-LUBRICATION_DEGRADATION-000,CRUISE,5000.0,10.0,0.638166196091588,0.431833803908412,3828.0833757717296,604.6257547250623,161.2037093159702,65.1523399480401,339.1866805202615,13.157805551507272,7.711406648638573,14.2,3842.4666016245446,598.6257547250623,155.8037093159702,54.652339948040094,392.1233300812272,12.84941948389382,6.961406648638573,-14.38322585281503,6.0,5.400000000000006,10.5,-52.93664956096569,0.30838606761345133,0.75,-0.003743227292264295,0.010022956668070002,0.03465899511447957,0.19212352133472638,-0.13500000000000004,0.023999999999999973,0.10773684656773726,0,LUBRICATION_DEGRADATION,0.3,2026-01-01T00:02:00+00:00,True
2026-01-01T00:02:37Z,ENG-DATASET-000,MSN-LUBRICATION_DEGRADATION-000,CRUISE,5000.0,10.0,0.64100099796007,0.42899900203993,3842.6904390794016,606.9097375109577,161.79191515548047,65.42993568930027,338.38762313749527,13.22666890524523,7.867436088463026,14.2,3858.058011901196,600.7430708442911,156.24191515548046,54.6382690226336,392.9029005950598,12.908265034396777,7.096602755129693,-15.36757282179451,6.166666666666629,5.550000000000011,10.791666666666664,-54.51527745756454,0.3184038708484529,0.770833333333333,-0.003983240473416725,0.010265064993591895,0.035521838006638995,0.1975111375178499,-0.13874999999999998,0.024666666666666594,0.10862004820209861,0,LUBRICATION_DEGRADATION,0.30833333333333335,2026-01-01T00:02:00+00:00,True
2026-01-01T00:02:38Z,ENG-DATASET-000,MSN-LUBRICATION_DEGRADATION-000,CRUISE,5000.0,10.0,0.6435080862793506,0.4264919137206494,3855.4511216102096,608.9510562665788,162.38316671326353,65.71227274810883,337.50544002455416,13.288687918412016,7.374538866157607,14.2,3871.846997657239,602.6177229332454,156.68316671326355,54.6289394147755,393.592349882862,12.960358828100144,6.58287219949094,-16.39587604702956,6.333333333333371,5.699999999999989,11.083333333333329,-56.08690985830782,0.32832909031187185,0.791666666666667,-0.004234639451649383,0.010509703070971483,0.036379147291752255,0.20288391925719168,-0.14249999999999996,0.02533333333333345,0.12026158835772131,0,LUBRICATION_DEGRADATION,0.31666666666666665,2026-01-01T00:02:00+00:00,True
2026-01-01T00:02:39Z,ENG-DATASET-000,MSN-LUBRICATION_DEGRADATION-000,CRUISE,5000.0,10.0,0.645648338774725,0.42435166122527496,3866.303300428293,610.719642816841,162.9703411123582,65.99855007872401,336.53195986867297,13.342994792737269,6.990928741573017,14.2,3883.618386381798,604.219642816841,157.1203411123582,54.623550078724016,394.18091931908987,13.004868219042171,6.178428741573017,-17.315085953504877,6.5,5.849999999999994,11.374999999999993,-57.648959450416896,0.3381265736950976,0.8125,-0.00445849314500661,0.010757677406344047,0.03723260755790115,0.2082435137153522,-0.14625000000000002,0.026000000000000086,0.13150592715149434,0,LUBRICATION_DEGRADATION,0.325,2026-01-01T00:02:00+00:00,True
2026-01-01T00:02:40Z,ENG-DATASET-000,MSN-LUBRICATION_DEGRADATION-000,CRUISE,5000.0,10.0,0.6473883575218288,0.4226116424781712,3875.196637952304,612.1897296421754,163.5463835755101,66.28794301402642,335.46051080336196,13.388842130918627,7.3149975606178845,14.2,3893.1884894908685,605.5230629755088,157.5463835755101,54.62127634735976,394.65942447454347,13.041079997648014,6.4816642272845515,-17.991851538564333,6.666666666666629,6.0,11.666666666666664,-59.198913671181515,0.34776213327061356,0.833333333333333,-0.004621366673391459,0.011009765068083413,0.03808402239283564,0.21359198185837702,-0.15,0.026666666666666655,0.1285678035936231,0,LUBRICATION_DEGRADATION,0.3333333333333333,2026-01-01T00:02:00+00:00,True
2026-01-01T00:02:41Z,ENG-DATASET-000,MSN-LUBRICATION_DEGRADATION-000,CRUISE,5000.0,10.0,0.6487009901100778,0.42129900988992225,3882.060274912436,613.3403005155826,164.10441939751533,66.57961461956383,334.28601217672895,13.425615976443886,7.92771804580878,14.2,3900.4079687262374,606.5069671822492,157.95441939751532,54.62128128623049,395.0203984363119,13.068412696084248,7.073551379142113,-18.34769381380147,6.833333333333371,6.150000000000006,11.958333333333336,-60.73438625958295,0.3572032803596379,0.854166666666667,-0.00470404479759929,0.011266702120637014,0.03893528287121004,0.21893176160896685,-0.15375,0.02733333333333347,0.12075499574165263,0,LUBRICATION_DEGRADATION,0.3416666666666667,2026-01-01T00:02:00+00:00,True
2026-01-01T00:02:42Z,ENG-DATASET-000,MSN-LUBRICATION_DEGRADATION-000,CRUISE,5000.0,10.0,0.6495657533469535,0.4204342466530464,3886.7823233370705,614.1554612157622,164.63786398815785,66.87272729960785,333.00504051503646,13.452846645307098,7.9927334840588316,14.2,3905.164166529055,607.1554612157622,158.33786398815784,54.62272729960785,395.25820832645275,13.08642669776955,7.1177334840588316,-18.381843191984444,7.0,6.300000000000011,12.249999999999993,-62.25316781141629,0.3664199475375476,0.875,-0.004707060294554119,0.011529172423127461,0.039788335154446644,0.22426562358939442,-0.15749999999999995,0.028000000000000014,0.12293239160467107,0,LUBRICATION_DEGRADATION,0.35,2026-01-01T00:02:00+00:00,True
2026-01-01T00:02:43Z,ENG-DATASET-000,MSN-LUBRICATION_DEGRADATION-000,CRUISE,5000.0,10.0,0.6499691528913724,0.42003084710862765,3889.207601628296,614.6247217768015,165.1405289670954,67.16645447169081,331.6158688599796,13.470217108449464,7.454404193370854,14.2,3907.3828640233583,607.4580551101349,158.69052896709542,54.62478780502415,395.36914320116796,13.09483192655489,6.558570860037521,-18.17526239506242,7.166666666666629,6.449999999999989,12.541666666666664,-63.75327434118833,0.3753851818945737,0.895833333333333,-0.00465151817151281,0.011797796747245832,0.04064514777272814,0.22959662033713452,-0.16125,0.02866666666666668,0.13658971633466624,0,LUBRICATION_DEGRADATION,0.35833333333333334,2026-01-01T00:02:00+00:00,True
2026-01-01T00:02:44Z,ENG-DATASET-000,MSN-LUBRICATION_DEGRADATION-000,CRUISE,5000.0,10.0,0.649904893828364,0.42009510617163603,3889.155508057714,614.7431836566398,165.60672232846852,67.45999212511877,330.1184790856319,13.477568734932081,7.117401624000856,14.2,3907.0294391768125,607.4098503233064,159.00672232846853,54.626658791785445,395.35147195884065,13.093492941967694,6.2007349573341894,-17.873931119098415,7.333333333333371,6.599999999999994,12.833333333333329,-65.23299287320873,0.38407579296438676,0.916666666666667,-0.00457481352453396,0.01207312217513439,0.041507679067593305,0.2349280299615022,-0.16500000000000006,0.029333333333333416,0.1478319381450806,0,LUBRICATION_DEGRADATION,0.36666666666666664,2026-01-01T00:02:00+00:00,True
2026-01-01T00:02:45Z,ENG-DATASET-000,MSN-LUBRICATION_DEGRADATION-000,CRUISE,5000.0,10.0,0.6493739788991146,0.4206260211008854,3886.4546828546704,614.511627381273,166.0313407801535,67.75257008086088,328.5145472311782,13.474904263856128,7.493819430132355,14.2,3904.1094070659406,607.011627381273,159.2813407801535,54.62757008086088,395.2054703532971,13.082431324132163,6.556319430132355,-17.65472421127015,7.5,6.75,13.125,-66.69092312211887,0.3924729397239659,0.9375,-0.004522087464894644,0.012355611757151958,0.042377845182234,0.24026329526596368,-0.16874999999999998,0.03000000000000008,0.14299181270688552,0,LUBRICATION_DEGRADATION,0.375,2026-01-01T00:02:00+00:00,True
2026-01-01T00:02:46Z,ENG-DATASET-000,MSN-LUBRICATION_DEGRADATION-000,CRUISE,5000.0,10.0,0.6483846928535261,0.4216153071464739,3880.986492655557,613.936498569381,166.409952499706,68.04346277496398,326.80740231160405,13.462387935857025,8.069518252695794,14.2,3898.6683338152034,606.2698319027144,159.509952499706,54.62679610829731,394.93341669076017,13.061825293522341,7.11118491936246,-17.68184115964641,7.666666666666629,6.900000000000006,13.416666666666671,-68.12601437915612,0.40056264233468397,0.9583333333333339,-0.004535354035192604,0.012645634440700436,0.043257488901908635,0.24560595939158147,-0.17249999999999996,0.030666666666666578,0.13476422624364148,0,LUBRICATION_DEGRADATION,0.3833333333333333,2026-01-01T00:02:00+00:00,True
2026-01-01T00:02:47Z,ENG-DATASET-000,MSN-LUBRICATION_DEGRADATION-000,CRUISE,5000.0,10.0,0.6469524731694647,0.42304752683053537,3872.726606102656,613.0297926721087,166.7388687332048,68.33199939516285,325.0019594837087,13.44034278030254,8.04079402454579,14.2,3890.7911255528666,605.1964593387753,159.6888687332048,54.62366606182952,394.5395562776433,13.032006574307568,7.061627357879123,-18.064519450210355,7.833333333333371,7.050000000000011,13.708333333333336,-69.53759679393465,0.40833620599497245,0.9791666666666661,-0.004642891090084785,0.012943455323403418,0.044148349574562894,0.25095959904662246,-0.17625000000000005,0.031333333333333484,0.13866020069356183,0,LUBRICATION_DEGRADATION,0.39166666666666666,2026-01-01T00:02:00+00:00,True
2026-01-01T00:02:48Z,ENG-DATASET-000,MSN-LUBRICATION_DEGRADATION-000,CRUISE,5000.0,10.0,0.6450996691560816,0.4249003308439183,3861.7738079913765,611.8088411796285,167.01520288937502,68.61757321053146,323.1046288426496,13.40924511966994,7.465961925457812,14.2,3880.600703479259,603.8088411796285,159.81520288937503,54.61757321053146,394.030035173963,12.993454573323586,6.465961925457812,-18.826895487882666,8.0,7.199999999999989,14.0,-70.92540633131335,0.41579054634635426,1.0,-0.004851541533506113,0.013249226335226948,0.0450520342860239,0.2563277563804408,-0.18000000000000005,0.031999999999999966,0.1546560297645422,0,LUBRICATION_DEGRADATION,0.4,2026-01-01T00:02:00+00:00,True
2026-01-01T00:02:49Z,ENG-DATASET-000,MSN-LUBRICATION_DEGRADATION-000,CRUISE,5000.0,10.0,0.6428551932003197,0.4271448067996803,3848.3578625902874,610.2960043550273,167.23691604264653,68.89964994669239,321.12320149855236,13.36971641551475,7.182007586240426,14.2,3868.256085722568,602.1293376883607,159.88691604264653,54.60798328002573,393.41280428612845,12.946788007277034,6.1611742529070925,-19.89822313228069,8.166666666666629,7.349999999999994,14.291666666666664,-72.28960278757609,0.42292840823771627,1.020833333333333,-0.005143977723120112,0.013562977512471557,0.045969990427731644,0.26171387054123657,-0.18374999999999997,0.032666666666666656,0.1656881125950402,0,LUBRICATION_DEGRADATION,0.4083333333333333,2026-01-01T00:02:00+00:00,True
2026-01-01T00:02:50Z,ENG-DATASET-000,MSN-LUBRICATION_DEGRADATION-000,CRUISE,5000.0,10.0,0.6402540695987841,0.429745930401216,3832.8231132142087,608.5182776687913,167.40284804676833,69.177775074071,319.06671492776127,13.322512638671713,7.605714241741245,14.2,3853.949905914123,600.1849443354579,159.90284804676833,54.594441740737665,392.6974952957062,12.892754166456495,6.564047575074578,-21.126792699914404,8.333333333333371,7.5,14.583333333333329,-73.63078036794491,0.4297584722152177,1.041666666666667,-0.005481854516970769,0.013884609089220455,0.04690347977921196,0.26712120993173255,-0.1875,0.03333333333333342,0.15869273565629696,0,LUBRICATION_DEGRADATION,0.4166666666666667,2026-01-01T00:02:00+00:00,True
2026-01-01T00:02:51Z,ENG-DATASET-000,MSN-LUBRICATION_DEGRADATION-000,CRUISE,5000.0,10.0,0.6373368880153083,0.43266311198469176,3815.5904316716546,606.506820947381,167.51273376577603,69.45157989371532,316.94529990385246,13.268511397830743,8.13685774713517,14.2,3837.9054072050067,598.006820947381,159.86273376577603,54.576579893715326,391.8952703602504,12.83221605206068,7.0743577471351715,-22.314975533352026,8.5,7.650000000000006,14.874999999999993,-74.94997045639792,0.4362953457700627,1.0624999999999991,-0.005814363087599684,0.014213884695385306,0.047853554232398246,0.27255280614813493,-0.1912500000000001,0.03399999999999997,0.15019031238988,0,LUBRICATION_DEGRADATION,0.425,2026-01-01T00:02:00+00:00,True
2026-01-01T00:02:52Z,ENG-DATASET-000,MSN-LUBRICATION_DEGRADATION-000,CRUISE,5000.0,10.0,0.6341491700928259,0.4358508299071741,3797.105630656545,604.2964207566837,167.56720424144885,69.72078632403641,314.7700115849119,13.208697103778322,8.018492572409576,14.2,3820.372958631352,595.6297540900171,159.76720424144884,54.554119657369746,391.0186479315676,12.766137664734204,6.935159239076243,-23.267327974806904,8.666666666666629,7.800000000000011,15.166666666666664,-76.2486363466557,0.44255943904411765,1.083333333333333,-0.006090328935618479,0.014550426010714103,0.048821033309265585,0.27801139055898577,-0.19500000000000003,0.034666666666666554,0.15620886211657226,0,LUBRICATION_DEGRADATION,0.43333333333333335,2026-01-01T00:02:00+00:00,True
2026-01-01T00:02:53Z,ENG-DATASET-000,MSN-LUBRICATION_DEGRADATION-000,CRUISE,5000.0,10.0,0.6307406591033574,0.4392593408966426,3777.786101830686,601.9248976743489,167.56777292582933,69.98521031216221,312.5526475618329,13.144144480236173,7.421812386989629,14.2,3801.626148189276,593.0915643410156,159.61777292582934,54.526876978828874,390.0813074094638,12.69556775296475,6.317645720322963,-23.840046358589916,8.833333333333371,7.949999999999989,15.458333333333336,-77.52865984763093,0.4485767272714227,1.104166666666666,-0.006271012832217863,0.01489370927598354,0.049806483665789325,0.2834993344536372,-0.19875,0.03533333333333345,0.17477502151073773,0,LUBRICATION_DEGRADATION,0.44166666666666665,2026-01-01T00:02:00+00:00,True
2026-01-01T00:02:54Z,ENG-DATASET-000,MSN-LUBRICATION_DEGRADATION-000,CRUISE,5000.0,10.0,0.6271645437208875,0.4428354562791125,3757.978241479755,599.4324708436267,167.51680740433707,70.24476381512552,310.30555585422945,13.076000755727462,7.201325622616251,14.2,3781.957513585691,590.4324708436267,159.41680740433708,54.49476381512552,389.0978756792846,12.621622351088282,6.076325622616251,-23.979272105935706,9.0,8.099999999999994,15.75,-78.79231982505513,0.4543784046391792,1.125,-0.006340439314771903,0.015243064100354347,0.0508102008306787,0.2890185936658458,-0.2025,0.03600000000000008,0.1851447848371916,0,LUBRICATION_DEGRADATION,0.45,2026-01-01T00:02:00+00:00,True
2026-01-01T00:02:55Z,ENG-DATASET-000,MSN-LUBRICATION_DEGRADATION-000,CRUISE,5000.0,10.0,0.6234766280298968,0.4465233719701032,3737.935867025639,596.8610925455318,167.417487310875,70.49945531848532,308.04143597350804,13.005466884143237,7.67109314413738,14.2,3761.6739772852434,587.6944258788652,159.167487310875,54.45778865181865,388.08369886426215,12.545466447726596,6.525259810804047,-23.738110259604582,9.166666666666629,8.25,16.041666666666664,-80.0422628907541,0.46000043641664057,1.145833333333333,-0.006310517711781099,0.0155976750212636,0.05183219349242265,0.29457065855594455,-0.2062500000000001,0.03666666666666656,0.17559964914134854,0,LUBRICATION_DEGRADATION,0.4583333333333333,2026-01-01T00:02:00+00:00,True
2026-01-01T00:02:56Z,ENG-DATASET-000,MSN-LUBRICATION_DEGRADATION-000,CRUISE,5000.0,10.0,0.6197344607212879,0.4502655392787121,3717.8248005863297,594.2537654955618,167.2737493838432,70.74938888286304,305.77313625497186,12.933778145049791,8.15527514206808,14.2,3741.092057087894,584.9204321622284,158.8737493838432,54.41605554952971,387.0546028543947,12.468295126976018,6.9886084754014135,-23.267256501564134,9.333333333333371,8.400000000000006,16.333333333333336,-81.28146659942286,0.46548301807377257,1.166666666666666,-0.006219375558396608,0.015956586263932666,0.052872170717802994,0.30015651021354667,-0.2099999999999999,0.037333333333333434,0.16693833554606946,0,LUBRICATION_DEGRADATION,0.4666666666666667,2026-01-01T00:02:00+00:00,True
2026-01-01T00:02:57Z,ENG-DATASET-000,MSN-LUBRICATION_DEGRADATION-000,CRUISE,5000.0,10.0,0.6159964370643114,0.4540035629356886,3697.7522879897265,591.6538552022837,167.09022082551598,70.99476173190402,303.51345069168593,12.862184469088508,7.9569000479152505,14.2,3720.532926974523,582.1538552022837,158.54022082551597,54.36976173190403,386.02664634872616,12.391314517426308,6.7694000479152505,-22.780638984796497,9.5,8.550000000000011,16.624999999999993,-82.51319565704023,0.47086995166220014,1.1875,-0.006122950510566061,0.016318710105765754,0.053929532553192626,0.30577658371904337,-0.21375000000000002,0.038000000000000034,0.17542174957819348,0,LUBRICATION_DEGRADATION,0.475,2026-01-01T00:02:00+00:00,True
2026-01-01T00:02:58Z,ENG-DATASET-000,MSN-LUBRICATION_DEGRADATION-000,CRUISE,5000.0,10.0,0.61232088766792,0.45767911233208003,3677.8135394789415,589.1044090675755,166.87214230298707,71.23586041798939,301.2749184821422,12.791930820238115,7.356915903517742,14.2,3700.3174052943705,579.4377424009089,158.17214230298708,54.31919375132272,385.0158702647185,12.315722869292152,6.148582570184409,-22.50386581542898,9.666666666666629,8.699999999999989,16.916666666666664,-83.7409517825763,0.47620795094596247,1.208333333333333,-0.0060816041843412445,0.016682839172009495,0.0550033645199967,0.31143073927261167,-0.21750000000000008,0.038666666666666606,0.19652225851089003,0,LUBRICATION_DEGRADATION,0.48333333333333334,2026-01-01T00:02:00+00:00,True
2026-01-01T00:02:59Z,ENG-DATASET-000,MSN-LUBRICATION_DEGRADATION-000,CRUISE,5000.0,10.0,0.6087651682511251,0.46123483174887486,3658.1430503423167,586.6474930211598,166.62528206488403,71.47305562427002,299.0696294322966,12.724237946652247,7.212199564794348,14.2,3680.7609485019984,576.8141596878264,157.77528206488404,54.26472229093668,384.03804742509993,12.242692058998312,5.983032898127682,-22.617898159681772,9.833333333333371,8.849999999999994,17.208333333333336,-84.96841799280332,0.4815458876539349,1.229166666666666,-0.0061448973394718385,0.017047662870577244,0.0560924365602496,0.3171182419597028,-0.22124999999999992,0.03933333333333344,0.20544207053438046,0,LUBRICATION_DEGRADATION,0.49166666666666664,2026-01-01T00:02:00+00:00,True
2026-01-01T00:03:00Z,ENG-DATASET-000,MSN-LUBRICATION_DEGRADATION-000,CRUISE,5000.0,10.0,0.6053847646261847,0.46461523537381527,3638.9567218920274,584.3235554291527,166.35584274412446,71.70679568292451,296.90903823188705,12.66028378681091,7.728438095176814,14.2,3662.1687285648263,574.3235554291527,157.35584274412446,54.206795682924515,383.10843642824136,12.17334979501049,6.478438095176814,-23.212006672798907,10.0,9.0,17.499999999999993,-86.19939819635431,0.4869339918004201,1.25,-0.006338322560548842,0.01741178801647389,0.05719520701010673,0.32283775086732536,-0.225,0.04000000000000004,0.19294774166795278,0,LUBRICATION_DEGRADATION,0.5,2026-01-01T00:02:00+00:00,True
2026-01-01T00:03:01Z,ENG-DATASET-000,MSN-LUBRICATION_DEGRADATION-000,CRUISE,5000.0,10.0,0.6022324268610607,0.46776757313893935,3620.572671350132,582.17082686204,166.07036247459635,71.93759890962428,294.8037904574094,12.601185789426527,8.165937343449455,14.2,3644.830870856644,572.0041601953734,156.92036247459635,54.14593224295763,382.24154354283223,12.10876277010877,6.895104010116121,-24.258199506512028,10.166666666666629,9.150000000000006,17.791666666666657,-87.43775308542286,0.4924230193177568,1.270833333333334,-0.0066555075848582865,0.01777376350408729,0.05830983217032327,0.32858731819102976,-0.22874999999999995,0.04066666666666668,0.18430952331811623,0,LUBRICATION_DEGRADATION,0.5083333333333333,2026-01-01T00:02:00+00:00,True
2026-01-01T00:03:02Z,ENG-DATASET-000,MSN-LUBRICATION_DEGRADATION-000,CRUISE,5000.0,10.0,0.5993573461322511,0.4706426538677489,3603.403634372477,580.2247631130045,165.7756119716285,72.16604487270807,292.76356294279935,12.547984375456876,7.899830918349323,14.2,3629.0179268481916,569.8914297796712,156.4756119716285,54.082711539374735,381.4508963424096,12.04992097515065,6.608164251682656,-25.614292475714592,10.333333333333371,9.300000000000011,18.083333333333336,-88.68733339961022,0.49806340030622565,1.291666666666667,-0.0070581884664209,0.018132108667309486,0.05943418199691239,0.3343643988738957,-0.23249999999999998,0.04133333333333323,0.1954652786267784,0,LUBRICATION_DEGRADATION,0.5166666666666666,2026-01-01T00:02:00+00:00,True
2026-01-01T00:03:03Z,ENG-DATASET-000,MSN-LUBRICATION_DEGRADATION-000,CRUISE,5000.0,10.0,0.5968043871129334,0.4731956128870666,3587.92085627873,578.5175376773406,165.47848921639914,72.39276473223629,290.7969209074892,12.50162774008414,7.31574670993,14.2,3614.9766522419436,568.0175376773406,156.02848921639915,54.017764732236294,380.7488326120972,11.997723359005892,6.00324670993,-27.055795963213768,10.5,9.449999999999989,18.374999999999993,-89.951911704608,0.5039043810782484,1.3125,-0.007484362574356946,0.018485344735895234,0.06056586234641795,0.3401658711922655,-0.23625000000000007,0.04200000000000008,0.21863169438447153,0,LUBRICATION_DEGRADATION,0.525,2026-01-01T00:02:00+00:00,True
2026-01-01T00:03:04Z,ENG-DATASET-000,MSN-LUBRICATION_DEGRADATION-000,CRUISE,5000.0,10.0,0.5946133878747448,0.4753866121252551,3574.5966288167265,577.077588783221,165.18591334767308,72.61843079865308,288.91119394441245,12.462958162794932,7.257724562251081,14.2,3602.9261564319067,566.4109221165544,155.58591334767308,53.95176413198641,380.1463078215953,11.952964989892838,5.924391228917748,-28.329527615180268,10.666666666666629,9.599999999999994,18.66666666666667,-91.23511387718287,0.5099931729020941,1.333333333333333,-0.007862922076436867,0.01883202856824797,0.06170224407493617,0.34598806854583936,-0.24,0.042666666666666644,0.22505828562184657,0,LUBRICATION_DEGRADATION,0.5333333333333333,2026-01-01T00:02:00+00:00,True
2026-01-01T00:03:05Z,ENG-DATASET-000,MSN-LUBRICATION_DEGRADATION-000,CRUISE,5000.0,10.0,0.5928185382279987,0.47718146177200127,3563.838328231032,575.9292250377438,164.90471930551604,72.84374547300195,287.11237265260974,12.432699965654916,7.819333792417952,14.2,3593.054483374803,565.0958917044104,155.15471930551604,53.88541213966861,379.6527241687402,11.916325845675638,6.465167125751285,-29.216155143771175,10.833333333333371,9.75,18.958333333333336,-92.54035151613044,0.5163741199792771,1.354166666666667,-0.008131286424671659,0.019170787635101154,0.06284049910722483,0.3518268225209853,-0.24375000000000005,0.043333333333333286,0.20945578673023182,0,LUBRICATION_DEGRADATION,0.5416666666666666,2026-01-01T00:02:00+00:00,True
2026-01-01T00:03:06Z,ENG-DATASET-000,MSN-LUBRICATION_DEGRADATION-000,CRUISE,5000.0,10.0,0.5914478462011294,0.4785521537988706,3555.929456516228,575.0922928425512,164.6415546960282,73.06942974033207,285.4050273556667,12.4114492341415,8.209921519007375,14.2,3585.515677227022,564.0922928425512,154.7415546960282,53.81942974033207,379.2757838613511,11.888361335384579,6.834921519007375,-29.586220710793896,11.0,9.900000000000006,19.25,-93.87075650568443,0.5230878987569216,1.375,-0.008251594296102865,0.01950035506524871,0.06397764336443049,0.35767751707659073,-0.24750000000000008,0.04400000000000002,0.20117275614302724,0,LUBRICATION_DEGRADATION,0.55,2026-01-01T00:02:00+00:00,True
2026-01-01T00:03:07Z,ENG-DATASET-000,MSN-LUBRICATION_DEGRADATION-000,CRUISE,5000.0,10.0,0.5905227009847764,0.4794772990152236,3550.992017410504,574.5819079508555,164.40278025853013,73.29621139494174,283.792249983982,12.399665391813143,7.887609834863339,14.2,3580.427378537081,563.4152412841888,154.35278025853012,53.75454472827507,379.02136892685405,11.869494631601604,6.491776501530006,-29.435361126576936,11.166666666666629,10.050000000000011,19.541666666666664,-95.22911894287205,0.5301707602115382,1.395833333333333,-0.008221186471488737,0.019819603461941348,0.06511058617257794,0.36353515345443305,-0.2512499999999999,0.04466666666666665,0.21501561752847745,0,LUBRICATION_DEGRADATION,0.5583333333333333,2026-01-01T00:02:00+00:00,True
2026-01-01T00:03:08Z,ENG-DATASET-000,MSN-LUBRICATION_DEGRADATION-000,CRUISE,5000.0,10.0,0.5900575391606181,0.4799424608393819,3548.979750670483,574.4082528813534,164.19437522137758,73.52481318032676,282.27561982178185,12.397664699704762,7.335820516119034,14.2,3577.86898850421,563.07491954802,153.9943752213776,53.691479846993424,378.8934494252105,11.860010873442057,5.919153849452368,-28.88923783372684,11.333333333333371,10.199999999999989,19.833333333333336,-96.61782960342867,0.5376538262627051,1.416666666666666,-0.008074425845817369,0.020127576171267994,0.06623618547974094,0.3693944251462823,-0.255,0.045333333333333205,0.23933601029777832,0,LUBRICATION_DEGRADATION,0.5666666666666667,2026-01-01T00:02:00+00:00,True
2026-01-01T00:03:09Z,ENG-DATASET-000,MSN-LUBRICATION_DEGRADATION-000,CRUISE,5000.0,10.0,0.5900596194233431,0.4799403805766569,3549.7044057897992,574.5764413627193,164.02184873330782,73.75594102806758,280.85519343499215,12.40561573343639,7.370816285346813,14.2,3577.880429949197,563.0764413627193,153.67184873330783,53.63094102806758,378.8940214974599,11.860053282443968,5.933316285346813,-28.17602415939791,11.5,10.349999999999994,20.125,-98.03882806246776,0.5455624509924224,1.4375,-0.007875060307646443,0.0204235147401452,0.06735130790260785,0.3752498019653924,-0.25875000000000004,0.04599999999999999,0.2422759770198186,0,LUBRICATION_DEGRADATION,0.575,2026-01-01T00:02:00+00:00,True
2026-01-01T00:03:10Z,ENG-DATASET-000,MSN-LUBRICATION_DEGRADATION-000,CRUISE,5000.0,10.0,0.5905289093111473,0.4794710906888527,3552.889134999838,575.0864505346841,163.89015845667748,73.99027257837845,279.5295187097469,12.423536875174785,7.972325390041789,14.2,3580.4615243321205,563.4197838680175,153.39015845667748,53.57360591171178,379.023076216606,11.869621218319859,6.513992056708456,-27.572389332282455,11.666666666666629,10.5,20.41666666666667,-99.49355750685908,0.5539156568549259,1.458333333333333,-0.007700791963523657,0.020706881442060926,0.06845289232141677,0.38109562198058733,-0.2625,0.0466666666666666,0.22387705122106555,0,LUBRICATION_DEGRADATION,0.5833333333333334,2026-01-01T00:02:00+00:00,True
2026-01-01T00:03:11Z,ENG-DATASET-000,MSN-LUBRICATION_DEGRADATION-000,CRUISE,5000.0,10.0,0.5914580857122896,0.4785419142877104,3558.2362429295968,575.933121250709,163.80363730894413,74.22844616067879,278.2956725496277,12.451295843186982,8.312584160889942,14.2,3585.571994538403,564.0997879173756,153.15363730894413,53.52011282734545,379.27859972692016,11.888570187638747,6.833417494223276,-27.335751608806277,11.833333333333371,10.650000000000006,20.708333333333336,-100.98292717729248,0.5627256555482347,1.479166666666666,-0.0076238189193926385,0.020977375965733593,0.06953801546689123,0.38692618978846144,-0.26625,0.047333333333333394,0.21646074865425682,0,LUBRICATION_DEGRADATION,0.5916666666666667,2026-01-01T00:02:00+00:00,True
2026-01-01T00:03:12Z,ENG-DATASET-000,MSN-LUBRICATION_DEGRADATION-000,CRUISE,5000.0,10.0,0.5928326491398013,0.47716735086019874,3565.49270397876,577.1062264807357,163.76592924006812,74.47105040539962,277.1493214087247,12.48861126803894,7.942188988870501,14.2,3593.1320933897173,565.1062264807357,152.9659292400681,53.47105040539962,379.6566046694859,11.916613805380667,6.442188988870501,-27.639389410957392,12.0,10.800000000000011,21.0,-102.5072832607612,0.5719974626582722,1.5,-0.007692283136989469,0.02123494563974527,0.07060395771564433,0.3927358793362955,-0.27,0.048000000000000015,0.232840111116174,0,LUBRICATION_DEGRADATION,0.6,2026-01-01T00:02:00+00:00,True
2026-01-01T00:03:13Z,ENG-DATASET-000,MSN-LUBRICATION_DEGRADATION-000,CRUISE,5000.0,10.0,0.5946311499911306,0.47536885000886936,3574.4970941931947,578.5906074658328,163.77993483604044,74.71861464841717,276.0848034831156,12.53505631072438,7.433817506005379,14.2,3603.023848072029,566.4239407991662,152.82993483604045,53.426947981750516,380.1511924036015,11.953327696177096,5.912984172672046,-28.52675387883437,12.166666666666629,10.949999999999989,21.291666666666657,-104.0663889204859,0.5817286145472842,1.520833333333333,-0.007917447977508941,0.02147978888304175,0.0716482671522919,0.39851923927863947,-0.27375,0.04866666666666657,0.25720233454406094,0,LUBRICATION_DEGRADATION,0.6083333333333333,2026-01-01T00:02:00+00:00,True
2026-01-01T00:03:14Z,ENG-DATASET-000,MSN-LUBRICATION_DEGRADATION-000,CRUISE,5000.0,10.0,0.5968255232620169,0.47317447673798313,3585.1959334848375,580.366376895082,163.8477674414801,74.97160027716552,275.09523105086123,12.59006430335559,7.561577326089868,14.2,3615.092901061903,568.0330435617486,152.7477674414801,53.38826694383218,380.75464505309515,11.998155308153358,6.019910659423201,-29.896967577065425,12.333333333333371,11.099999999999994,21.583333333333343,-105.65941400223392,0.5919089952022318,1.541666666666667,-0.008270041295006124,0.021712351901219392,0.07266881988473295,0.4042710986674351,-0.2775,0.04933333333333329,0.2560946090210552,0,LUBRICATION_DEGRADATION,0.6166666666666667,2026-01-01T00:02:00+00:00,True
2026-01-01T00:03:15Z,ENG-DATASET-000,MSN-LUBRICATION_DEGRADATION-000,LOITER,4500.0,10.0,0.39938152649149494,0.32061847350850503,2632.985782659055,443.80859474236917,160.50570556589133,74.8071858190017,239.5058923891126,9.636206172220332,6.4447536730785355,14.2,2664.5117882187847,431.30859474236917,149.25570556589133,52.9321858190017,333.2255894109393,9.177339211638412,4.8822536730785355,-31.526005559729583,12.5,11.25,21.875,-93.71969702182668,0.4588669605819202,1.5625,-0.011831813129565695,0.028981569466443268,0.07537400300609283,0.41326462645620177,-0.28125,0.04999999999999996,0.3200366274730571,0,LUBRICATION_DEGRADATION,0.625,2026-01-01T00:02:00+00:00,True
2026-01-01T00:03:16Z,ENG-DATASET-000,MSN-LUBRICATION_DEGRADATION-000,LOITER,4500.0,10.0,0.40225927410404627,0.3177407258959537,2647.2201660121086,446.1041596643911,157.56607233424532,74.66597623964586,238.8221335531395,9.704566484546046,6.726969965987997,14.2,2680.3394000878175,433.4374929977244,146.1660723342453,52.499309572979186,334.0169700043909,9.236579775900424,5.143636632654664,-33.119234075708846,12.666666666666686,11.400000000000006,22.16666666666667,-95.19483645125138,0.467986708645622,1.583333333333333,-0.012356358330823231,0.02922374476435334,0.07799347562634817,0.4222277749358367,-0.2849999999999999,0.05066666666666672,0.3078237143116707,0,LUBRICATION_DEGRADATION,0.6333333333333333,2026-01-01T00:02:00+00:00,True
2026-01-01T00:03:17Z,ENG-DATASET-000,MSN-LUBRICATION_DEGRADATION-000,LOITER,4500.0,10.0,0.4054138598106645,0.31458614018933545,2663.306612197104,448.60740179745727,154.9938168124239,74.54752065100439,238.18658716367685,9.779070546338493,6.312277841508797,14.2,2697.689621474218,435.77406846412396,143.44381681242388,52.089187317671055,334.8844810737109,9.301588978762043,4.708111174842131,-34.383009277113615,12.833333333333314,11.550000000000011,22.458333333333336,-96.69789391003405,0.47748156757645077,1.604166666666666,-0.012745354025688169,0.029449511253765312,0.08051932984398703,0.43115154007623446,-0.2887500000000001,0.05133333333333325,0.3407240413604838,0,LUBRICATION_DEGRADATION,0.6416666666666666,2026-01-01T00:02:00+00:00,True
2026-01-01T00:03:18Z,ENG-DATASET-000,MSN-LUBRICATION_DEGRADATION-000,LOITER,4500.0,10.0,0.40879605735647656,0.3112039426435234,2681.1937702072996,451.2825835526762,152.75649971999837,74.45130132765424,237.5888191696575,9.858681144736115,5.852583207682696,14.2,2716.291707976184,438.2825835526762,141.05649971999838,51.701301327654235,335.8145853988092,9.371369909444976,4.227583207682696,-35.09793776888455,13.0,11.699999999999989,22.75,-98.22576622915167,0.4873112352911395,1.625,-0.012921269709664143,0.029661228823247454,0.08294548654776532,0.44002760889562703,-0.2925,0.05200000000000008,0.38438037057364655,0,LUBRICATION_DEGRADATION,0.65,2026-01-01T00:02:00+00:00,True
2026-01-01T00:03:19Z,ENG-DATASET-000,MSN-LUBRICATION_DEGRADATION-000,LOITER,4500.0,10.0,0.4123530886799851,0.30764691132001487,2700.679852510031,454.09118253387084,150.82396264467863,74.37673025653149,237.01791119273977,9.942277430993895,6.066281859241641,14.2,2735.855380255481,440.92451586720415,138.97396264467864,51.33506358986482,336.7927690127741,9.444848731153163,4.420448525908308,-35.175527745449926,13.166666666666686,11.849999999999994,23.041666666666664,-99.77485782003433,0.49742869984073224,1.645833333333333,-0.012857232147323937,0.029861498267499755,0.08526777084350293,0.4488485073429581,-0.29625,0.052666666666666556,0.37232270066874024,0,LUBRICATION_DEGRADATION,0.6583333333333333,2026-01-01T00:02:00+00:00,True
2026-01-01T00:03:20Z,ENG-DATASET-000,MSN-LUBRICATION_DEGRADATION-000,LOITER,4500.0,10.0,0.4160294474970668,0.3039705525029332,2721.391712039804,456.9924538434473,149.16804439296362,74.32314724460494,236.46263738123005,10.02867132398208,6.708563891351027,14.2,2756.07535374943,443.659120510114,137.16804439296362,50.98981391127161,337.8037676874715,9.520890497451342,5.0418972246843605,-34.683641709626045,13.333333333333314,12.0,23.33333333333333,-101.34113030624147,0.5077808265307375,1.666666666666666,-0.012584431576749742,0.03005310319779475,0.08748393296052247,0.45760773659492315,-0.30000000000000004,0.05333333333333326,0.3305633955620753,0,LUBRICATION_DEGRADATION,0.6666666666666666,2026-01-01T00:02:00+00:00,True
2026-01-01T00:03:21Z,ENG-DATASET-000,MSN-LUBRICATION_DEGRADATION-000,LOITER,4500.0,10.0,0.4197677654579711,0.30023223454202885,2742.8025106240893,459.9440355885595,147.76234084338125,74.28981959561679,235.91164431947897,10.116625199552784,6.921655281875009,14.2,2776.636102534404,446.4440355885595,135.61234084338125,50.66481959561679,338.8318051267202,9.598316128607953,5.234155281875009,-33.83359191031468,13.5,12.150000000000006,23.625,-102.92016080724125,0.5183090709448308,1.6875,-0.012185101201930174,0.030238952531200416,0.0895936160709153,0.4662998938625233,-0.30374999999999996,0.05400000000000014,0.32240159283075265,0,LUBRICATION_DEGRADATION,0.675,2026-01-01T00:02:00+00:00,True
2026-01-01T00:03:22Z,ENG-DATASET-000,MSN-LUBRICATION_DEGRADATION-000,LOITER,4500.0,10.0,0.4235097073612309,0.2964902926387691,2764.285653487287,462.9025900723746,146.58200484418583,74.27594334322598,235.35363111145577,10.204870641195598,6.46322173425132,14.2,2797.2167830023327,449.2359234057079,134.28200484418582,50.359276676559304,339.86083915011665,9.675920329831477,4.754888400917986,-32.93112951504554,13.666666666666686,12.300000000000011,23.91666666666667,-104.50720803866088,0.5289503113641203,1.708333333333334,-0.011772819938431664,0.030422025387146587,0.09159827494586725,0.4749207741857648,-0.30750000000000005,0.05466666666666662,0.35927937509606334,0,LUBRICATION_DEGRADATION,0.6833333333333333,2026-01-01T00:02:00+00:00,True
2026-01-01T00:03:23Z,ENG-DATASET-000,MSN-LUBRICATION_DEGRADATION-000,LOITER,4500.0,10.0,0.4271968814549707,0.2928031185450293,2785.1935808068856,465.8244719726344,145.60358282574975,74.2806460043108,234.77752678283525,10.292127994731388,6.053038461263764,14.2,2817.4962405179017,451.9911386393011,133.15358282574977,50.07231267097746,340.8748120258951,9.752490203472574,4.323871794597098,-32.30265971101608,13.833333333333314,12.449999999999989,24.208333333333336,-106.09728524305984,0.539637791258814,1.729166666666666,-0.011465023181389701,0.030605319774582175,0.09350105146094768,0.48346745021355464,-0.31124999999999997,0.05533333333333315,0.3999116414199305,0,LUBRICATION_DEGRADATION,0.6916666666666667,2026-01-01T00:02:00+00:00,True
2026-01-01T00:03:24Z,ENG-DATASET-000,MSN-LUBRICATION_DEGRADATION-000,LOITER,4500.0,10.0,0.43077175062066503,0.28922824937933495,2804.943535945024,468.6664136714931,144.80488488496212,74.30299079314595,234.17266221682584,10.377126438691695,6.341268621425063,14.2,2837.1580209292206,454.6664136714931,132.20488488496213,49.80299079314595,341.85790104646105,9.826824279064105,4.591268621425063,-32.21448498419659,14.0,12.599999999999994,24.5,-107.68523882963521,0.5503021596275897,1.75,-0.011354490918925186,0.030791805990128228,0.0953066145094704,0.4919383275948112,-0.31499999999999995,0.05599999999999997,0.38115826894415633,0,LUBRICATION_DEGRADATION,0.7,2026-01-01T00:02:00+00:00,True
2026-01-01T00:03:25Z,ENG-DATASET-000,MSN-LUBRICATION_DEGRADATION-000,LOITER,4500.0,10.0,0.43417853022062913,0.28582146977937084,2823.090254099592,471.3862168670697,144.164885151476,74.34198221502534,233.5289339535823,10.458624254063398,6.976480818229263,14.2,2855.895308729023,457.21955020040303,131.414885151476,49.550315548358675,342.79476543645114,9.897751659996906,5.2056474848959295,-32.80505462943074,14.166666666666686,12.75,24.791666666666664,-109.26583148286883,0.5608725940664918,1.770833333333333,-0.011486784732326264,0.03098438520500123,0.09702097281676768,0.5003331743159378,-0.3187500000000001,0.05666666666666671,0.34017542264845374,0,LUBRICATION_DEGRADATION,0.7083333333333334,2026-01-01T00:02:00+00:00,True
2026-01-01T00:03:26Z,ENG-DATASET-000,MSN-LUBRICATION_DEGRADATION-000,LOITER,4500.0,10.0,0.4373640585986325,0.2826359414013675,2839.368282218176,473.9434387316211,143.6636492712856,74.39657293700313,232.8369573391224,10.535428953888918,7.108642229777894,14.2,2873.4157148080412,459.61010539828777,130.7636492712856,49.31323960366979,343.67078574040204,9.964150965216506,5.316975563111227,-34.047432589865366,14.333333333333314,12.900000000000006,25.083333333333336,-110.83382840127965,0.5712779886724118,1.791666666666667,-0.011849114771107843,0.031185853324335353,0.09865126946126547,0.5086531230746131,-0.32249999999999995,0.05733333333333321,0.33697101771486676,0,LUBRICATION_DEGRADATION,0.7166666666666667,2026-01-01T00:02:00+00:00,True
2026-01-01T00:03:27Z,ENG-DATASET-000,MSN-LUBRICATION_DEGRADATION-000,LOITER,4500.0,10.0,0.4402786266497639,0.27972137335023606,2853.693776320452,476.3000602462793,143.28228585031403,74.465671814098,232.08820670431962,10.606416916425946,6.606469080130158,14.2,2889.4458390892646,461.8000602462793,130.232285850314,49.090671814098,344.47229195446323,10.024968730081234,4.793969080130158,-35.75206276881272,14.5,13.050000000000011,25.375,-112.38408525014361,0.5814481863447121,1.8125,-0.01237332857572494,0.03139886987512974,0.10020556665187756,0.5169006465442735,-0.32624999999999993,0.05800000000000005,0.37807920111799925,0,LUBRICATION_DEGRADATION,0.725,2026-01-01T00:02:00+00:00,True
2026-01-01T00:03:28Z,ENG-DATASET-000,MSN-LUBRICATION_DEGRADATION-000,LOITER,4500.0,10.0,0.44287675351438804,0.27712324648561193,2866.125444462087,478.42112399551075,143.0029186985037,74.54815293185268,231.27514048429737,10.670552156687625,6.245073447278608,14.2,2903.735536844697,463.75445732884407,129.8029186985037,48.88148626518602,345.18677684223485,10.079236923823323,4.4117401139452745,-37.610092382609764,14.666666666666686,13.199999999999989,25.666666666666664,-113.91163635793748,0.5913152328643019,1.833333333333333,-0.01295231328934254,0.03162593142747237,0.10169262858148775,0.5250795061226846,-0.32999999999999996,0.058666666666666686,0.41555787194677773,0,LUBRICATION_DEGRADATION,0.7333333333333333,2026-01-01T00:02:00+00:00,True
2026-01-01T00:03:29Z,ENG-DATASET-000,MSN-LUBRICATION_DEGRADATION-000,LOITER,4500.0,10.0,0.44511789629174847,0.2748821037082515,2876.794420128421,480.27532869426767,142.8086767126767,74.64286551083516,230.3913094493785,10.726903871468982,6.595076269173753,14.2,2916.0618221201794,465.44199536093436,129.4586767126767,48.68453217750183,345.803091106009,10.126089243048128,4.740909602507086,-39.26740199175856,14.833333333333314,13.349999999999994,25.958333333333336,-115.4117816566305,0.6008146284208546,1.854166666666667,-0.013465901749369784,0.03186934887951091,0.10312170909663525,0.5331946754400413,-0.33375,0.05933333333333324,0.39109935057317846,0,LUBRICATION_DEGRADATION,0.7416666666666667,2026-01-01T00:02:00+00:00,True
2026-01-01T00:03:30Z,ENG-DATASET-000,MSN-LUBRICATION_DEGRADATION-000,LOITER,4500.0,10.0,0.446967082698374,0.273032917301626,2885.8207415060074,481.835568082362,142.6836982434681,74.74864450575022,229.43144650618802,10.774662403341429,7.204733556436776,14.2,2926.23234735662,466.835568082362,129.1836982434681,48.49864450575022,346.311617367831,10.164775852208894,5.329733556436776,-40.41160585061243,15.0,13.5,26.25,-116.88017086164297,0.6098865511325346,1.875,-0.013810115210816331,0.03213122783599387,0.10450234962740433,0.5412522405010243,-0.3375,0.060000000000000095,0.35179995024995997,0,LUBRICATION_DEGRADATION,0.75,2026-01-01T00:02:00+00:00,True
2026-01-01T00:03:31Z,ENG-DATASET-000,MSN-LUBRICATION_DEGRADATION-000,LOITER,4500.0,10.0,0.4483954567988657,0.27160454320113425,2893.237756396428,483.07940257254734,142.6131468167683,74.86432172150171,228.39153683670085,10.813153290061784,7.246829257726559,14.2,2934.0884049093243,467.91273590588065,128.9631468167683,48.32265505483504,346.7044202454662,10.19467626341463,5.350995924393226,-40.85064851289644,15.166666666666686,13.650000000000006,26.54166666666667,-118.31288340876537,0.6184770266471542,1.895833333333333,-0.01392277357578764,0.03241345127591786,0.10584419143706238,0.5492592788320099,-0.34125000000000005,0.06066666666666667,0.354295417174759,0,LUBRICATION_DEGRADATION,0.7583333333333333,2026-01-01T00:02:00+00:00,True
2026-01-01T00:03:32Z,ENG-DATASET-000,MSN-LUBRICATION_DEGRADATION-000,LOITER,4500.0,10.0,0.4493807292931175,0.27061927070688246,2898.944166627461,483.9894531805882,142.58323513127286,74.98873726096954,227.26886746880749,10.841849097394066,6.703551968298427,14.2,2939.507403627709,468.6561198472549,128.78323513127285,48.15540392763621,346.9753701813855,10.215310079202952,4.786885301631761,-40.56323700024814,15.333333333333314,13.800000000000011,26.833333333333336,-119.70650271257799,0.6265390181911137,1.916666666666666,-0.013799331462879861,0.03271766372821671,0.10715680488949693,0.5572237203877711,-0.345,0.06133333333333326,0.4003995387174432,0,LUBRICATION_DEGRADATION,0.7666666666666666,2026-01-01T00:02:00+00:00,True
2026-01-01T00:03:33Z,ENG-DATASET-000,MSN-LUBRICATION_DEGRADATION-000,LOITER,4500.0,10.0,0.44990752533338946,0.2700924746666105,2902.6968558288368,484.5537087763999,142.58125433755555,75.12075111456028,226.06205570896472,10.860378774951146,6.391815486001552,14.2,2942.404781849205,469.0537087763999,128.63125433755556,47.995751114560285,347.1202390924602,10.226345362477538,4.454315486001552,-39.70792602036818,15.5,13.949999999999989,27.124999999999993,-121.0581833834955,0.6340334124736078,1.9375,-0.013495058961742527,0.03304525624674023,0.10844953718162652,0.5651541932379758,-0.34875,0.06200000000000004,0.434971435249462,0,LUBRICATION_DEGRADATION,0.775,2026-01-01T00:02:00+00:00,True
2026-01-01T00:03:34Z,ENG-DATASET-000,MSN-LUBRICATION_DEGRADATION-000,LOITER,4500.0,10.0,0.4499676244436647,0.27003237555633525,2904.147643088676,484.76573953401606,142.59560572548372,75.25925469982971,224.7710562101914,10.868534325266587,6.792750151732151,14.2,2942.735326955719,469.0990728673494,128.49560572548373,47.84258803316305,347.13676634778597,10.227604446612222,4.834416818398818,-38.58768386704287,15.666666666666686,14.099999999999994,27.416666666666664,-122.36571013759456,0.6409298786543651,1.958333333333333,-0.013112862551238037,0.0333973515890893,0.10973137890896474,0.5730598572063504,-0.35250000000000004,0.06266666666666659,0.40508160692315776,0,LUBRICATION_DEGRADATION,0.7833333333333333,2026-01-01T00:02:00+00:00,True
2026-01-01T00:03:35Z,ENG-DATASET-000,MSN-LUBRICATION_DEGRADATION-000,LOITER,4500.0,10.0,0.449560088797428,0.270439911202572,2902.916095314316,484.6248115648731,142.61583210872385,75.4031821606891,223.3971467915144,10.866274634347782,7.362326329386931,14.2,2940.4938809014166,468.79147823153977,128.36583210872385,47.69484882735577,347.0246940450709,10.219067054245563,5.383159662720265,-37.57778558710061,15.833333333333314,14.25,27.70833333333333,-123.62754725355649,0.6472075801022186,1.979166666666666,-0.012779412952079,0.03377478915159184,0.11101084896119766,0.5809502286846748,-0.35624999999999996,0.06333333333333328,0.3676589197925696,0,LUBRICATION_DEGRADATION,0.7916666666666666,2026-01-01T00:02:00+00:00,True
2026-01-01T00:03:36Z,ENG-DATASET-000,MSN-LUBRICATION_DEGRADATION-000,LOITER,4500.0,10.0,0.4486912778521351,0.2713087221478649,2898.681239919643,484.1359000181792,142.63264639830595,75.55152123987511,221.94289346247376,10.853726375464065,7.3107641009600215,14.2,2935.715420702306,468.1359000181792,128.23264639830595,47.55152123987511,346.7857710351153,10.20087065363164,5.3107641009600215,-37.03418078266304,16.0,14.400000000000006,28.000000000000007,-124.84287757264156,0.6528557218324256,2.0,-0.01261504453786717,0.0341781093895569,0.11229589659463068,0.5888349998048044,-0.3600000000000001,0.06400000000000006,0.3765936430199304,0,LUBRICATION_DEGRADATION,0.8,2026-01-01T00:02:00+00:00,True
2026-01-01T00:03:37Z,ENG-DATASET-000,MSN-LUBRICATION_DEGRADATION-000,LOITER,4500.0,10.0,0.44737474911200587,0.2726252508879941,2891.2698025984814,483.3096003369531,142.63795510023252,75.70332354542218,220.41209543309262,10.831181964598734,6.734088031167321,14.2,2928.474512631595,467.1429336702864,128.0879551002325,47.411656878755515,346.42372563157977,10.173308044394552,4.713254697833988,-37.20471003311377,16.166666666666686,14.550000000000011,28.291666666666664,-126.01163019848715,0.6578739202041817,2.020833333333333,-0.012704467760479416,0.03460753765372647,0.11359381909574728,0.5967238550429937,-0.36375,0.06466666666666673,0.4287553851613456,0,LUBRICATION_DEGRADATION,0.8083333333333333,2026-01-01T00:02:00+00:00,True
2026-01-01T00:03:38Z,ENG-DATASET-000,MSN-LUBRICATION_DEGRADATION-000,LOITER,4500.0,10.0,0.44563104656770564,0.27436895343229434,2880.718841152956,482.1619397752906,142.62487475125818,75.85771404171697,218.809711200675,10.799094613370784,6.476675188445455,14.2,2918.8841486379442,465.8286064419573,127.92487475125819,47.27438070838364,345.9442074318972,10.136822227819886,4.435008521778789,-38.16530748498826,16.333333333333314,14.699999999999989,28.583333333333336,-127.13449623122222,0.6622723855508976,2.041666666666666,-0.013075307391969482,0.035062967596792415,0.11491119321854493,0.6046262881718589,-0.3675,0.06533333333333317,0.4603523660982271,0,LUBRICATION_DEGRADATION,0.8166666666666667,2026-01-01T00:02:00+00:00,True
2026-01-01T00:03:39Z,ENG-DATASET-000,MSN-LUBRICATION_DEGRADATION-000,LOITER,4500.0,10.0,0.4434873801142418,0.27651261988575815,2867.2964104566736,480.7140936174199,142.58773961656786,76.01389960818273,217.14176709508615,10.758070590803431,6.921718649083081,14.2,2907.093983143893,464.2140936174199,127.73773961656786,47.13889960818273,345.35469915719466,10.091998678051999,4.859218649083081,-39.7975726872196,16.5,14.849999999999994,28.874999999999993,-128.2129320621085,0.6660719127514323,2.0625,-0.01368981289149114,0.03554394454382595,0.11625381852360504,0.6125514222862268,-0.37124999999999997,0.06600000000000003,0.42445095579084247,0,LUBRICATION_DEGRADATION,0.825,2026-01-01T00:02:00+00:00,True
2026-01-01T00:03:40Z,ENG-DATASET-000,MSN-LUBRICATION_DEGRADATION-000,LOITER,4500.0,10.0,0.4409772009496529,0.27902279905034705,2851.4738554783703,478.9920127030009,142.52209930581944,76.17117652354517,215.41524992933293,10.708858866687235,7.442477105293268,14.2,2893.2879977386538,462.3253460363342,127.52209930581944,47.00450985687851,344.6643998869327,10.039555187519284,5.359143771959935,-41.81414226028346,16.666666666666686,15.0,29.166666666666664,-129.24914995759977,0.6693036791679514,2.083333333333333,-0.014452118936298324,0.03604964947207729,0.11762667084100834,0.6205078354284445,-0.375,0.06666666666666658,0.3887436915265703,0,LUBRICATION_DEGRADATION,0.8333333333333334,2026-01-01T00:02:00+00:00,True
2026-01-01T00:03:41Z,ENG-DATASET-000,MSN-LUBRICATION_DEGRADATION-000,LOITER,4500.0,10.0,0.43813967958025113,0.28186032041974884,2833.855095136205,477.0259707769611,142.42470531132818,76.32893675073667,213.63798563830318,10.652338364310824,7.300488129622483,14.2,2877.681630206944,460.1926374436278,127.27470531132819,46.870603417403345,343.8840815103472,9.980329510597274,5.196321462955817,-43.82653507073928,16.833333333333314,15.149999999999991,29.45833333333333,-130.246095872044,0.6720088537135496,2.104166666666666,-0.015229806734245151,0.03657888450115707,0.1190338642933126,0.6285033941422496,-0.37875000000000003,0.06733333333333331,0.4049338905737667,0,LUBRICATION_DEGRADATION,0.8416666666666667,2026-01-01T00:02:00+00:00,True
2026-01-01T00:03:42Z,ENG-DATASET-000,MSN-LUBRICATION_DEGRADATION-000,LOITER,4500.0,10.0,0.43501909457797244,0.28498090542202753,2815.0789377691353,474.85004178181856,142.29348582474083,76.48667291653774,211.81850599193996,10.589503097238433,6.703892218919276,14.2,2860.5184126944114,457.85004178181856,126.99348582474083,46.73667291653774,343.0259206347206,9.91526507232063,4.578892218919276,-45.439474925276045,17.0,15.299999999999997,29.75,-131.20741464278063,0.6742380249178037,2.125,-0.015885048921071333,0.037130061043220544,0.12047862062086381,0.6365450971045262,-0.3825,0.06800000000000009,0.46408604928935165,0,LUBRICATION_DEGRADATION,0.85,2026-01-01T00:02:00+00:00,True
2026-01-01T00:03:43Z,ENG-DATASET-000,MSN-LUBRICATION_DEGRADATION-000,LOITER,4500.0,10.0,0.4316641416280707,0.28833585837192927,2795.71738049756,472.5015184497277,142.12750853684327,76.64398190073567,209.96590563698416,10.521445502285605,6.509627138817329,14.2,2842.0661714699518,455.334851783061,126.67750853684328,46.602315234069,342.1033085734976,9.845395042687715,4.363793805483996,-46.348790972391726,17.166666666666686,15.449999999999989,30.041666666666664,-132.13740293651344,0.6760504595978905,2.145833333333333,-0.016308132244654796,0.03770119198968223,0.12196324492367533,0.6446389308294378,-0.38625,0.06866666666666674,0.4917357301888683,0,LUBRICATION_DEGRADATION,0.8583333333333333,2026-01-01T00:02:00+00:00,True
2026-01-01T00:03:44Z,ENG-DATASET-000,MSN-LUBRICATION_DEGRADATION-000,LOITER,4500.0,10.0,0.4281271736492361,0.2918728263507639,2776.1941961578896,470.02028440432576,141.92693145993377,76.80056697157919,208.08969185138403,10.449338308083709,6.996145354039493,14.2,2822.6128475863616,452.68695107099245,126.32693145993376,46.46723363824585,341.1306423793181,9.771825101075788,4.829478687372826,-46.418651428472,17.333333333333314,15.600000000000009,30.333333333333336,-133.04095052793406,0.6775132070079213,2.166666666666667,-0.016445277455661322,0.03828988949720139,0.12348910734800642,0.6527897393135716,-0.39,0.06933333333333333,0.4486336532205106,0,LUBRICATION_DEGRADATION,0.8666666666666667,2026-01-01T00:02:00+00:00,True
2026-01-01T00:03:45Z,ENG-DATASET-000,MSN-LUBRICATION_DEGRADATION-000,LOITER,4500.0,10.0,0.42446338384380866,0.2955366161561913,2756.7434587947782,467.44815244314736,141.69294212501907,76.95623842728074,206.19962948583796,10.374415295362986,7.464945642089707,14.2,2802.4620036565107,449.94815244314736,125.94294212501907,46.331238427280745,340.1231001828255,9.695715229311201,5.277445642089707,-45.718544861732425,17.5,15.75,30.624999999999993,-133.92347069698755,0.6787000660517855,2.1875,-0.016313707305248448,0.03889337005825619,0.12505663067935585,0.6610011093933417,-0.39375000000000004,0.07000000000000015,0.4144997690840861,0,LUBRICATION_DEGRADATION,0.875,2026-01-01T00:02:00+00:00,True
2026-01-01T00:03:46Z,ENG-DATASET-000,MSN-LUBRICATION_DEGRADATION-000,LOITER,4500.0,10.0,0.42072994442631606,0.2992700555736839,2737.4180441261456,464.8281817538316,141.42768578969628,77.110912726908,204.3055836166666,10.297951311568797,7.241787600878827,14.2,2781.9280868603014,447.1615150871649,125.52768578969629,46.194246060241326,339.0964043430151,9.618260876309586,5.033454267545494,-44.51004273415583,17.666666666666686,15.899999999999991,30.91666666666667,-134.79082072634847,0.6796904352592108,2.208333333333333,-0.015999710037217424,0.039508468574767516,0.12666528423568782,0.6692752735123902,-0.3974999999999999,0.07066666666666667,0.43873118060734884,0,LUBRICATION_DEGRADATION,0.8833333333333333,2026-01-01T00:02:00+00:00,True
2026-01-01T00:03:47Z,ENG-DATASET-000,MSN-LUBRICATION_DEGRADATION-000,LOITER,4500.0,10.0,0.416985114470187,0.303014885529813,2718.1458623482,462.2039865527765,141.13418354121274,77.26461011784419,202.41736244291639,10.221241899362726,6.643165797716533,14.2,2761.3315221015914,444.37065321944317,125.08418354121274,46.05627678451085,338.06657610507955,9.540673832634779,4.413999131049866,-43.18565975339152,17.833333333333314,16.049999999999997,31.208333333333336,-135.64921366216316,0.6805680667279468,2.229166666666667,-0.015639433153076754,0.04013166307030337,0.12831358486432334,0.6776130315386021,-0.40125,0.07133333333333325,0.5050219994348892,0,LUBRICATION_DEGRADATION,0.8916666666666666,2026-01-01T00:02:00+00:00,True
2026-01-01T00:03:48Z,ENG-DATASET-000,MSN-LUBRICATION_DEGRADATION-000,LOITER,4500.0,10.0,0.4132873307943961,0.30671266920560386,2698.8196412839943,459.61904806868046,140.81624138880846,77.4174507907134,200.54456292857105,10.145582887037323,6.523391698750811,14.2,2740.9937118847415,441.61904806868046,124.61624138880848,45.9174507907134,337.0496855942371,9.464163140893024,4.273391698750811,-42.1740706007472,18.0,16.19999999999999,31.5,-136.50512266566602,0.6814197461442983,2.25,-0.015386416399966048,0.04075911145300201,0.1299991062116473,0.6860136932159729,-0.405,0.07200000000000006,0.5265138696875634,0,LUBRICATION_DEGRADATION,0.9,2026-01-01T00:02:00+00:00,True
2026-01-01T00:03:49Z,ENG-DATASET-000,MSN-LUBRICATION_DEGRADATION-000,LOITER,4500.0,10.0,0.4096942960764483,0.31030570392355167,2679.397454346812,457.11604098119835,140.47835160779093,77.56964961588979,198.6964216189214,10.072250270262467,7.05116000877571,14.2,2721.2320209360287,438.94937431453167,124.12835160779092,45.777982949223116,336.06160104680146,9.389916348908454,4.780326675442377,-41.83456658921659,18.166666666666686,16.35000000000001,31.79166666666667,-137.36517942788007,0.6823339213540134,2.270833333333333,-0.015373392003092281,0.041386701359435715,0.13171849773419372,0.6944750427717611,-0.4087499999999999,0.07266666666666657,0.4750372699420563,0,LUBRICATION_DEGRADATION,0.9083333333333333,2026-01-01T00:02:00+00:00,True
2026-01-01T00:03:50Z,ENG-DATASET-000,MSN-LUBRICATION_DEGRADATION-000,LOITER,4500.0,10.0,0.40626207842139567,0.3137379215786043,2659.988086724663,454.7361844284267,140.12558772438916,77.72150953807912,196.8816729501014,10.002480690431678,7.468374933849214,14.2,2702.354823833239,436.4028510950934,123.62558772438916,45.6381762047458,335.11774119166193,9.319081388600944,5.176708267182548,-42.36673710857622,18.333333333333314,16.5,32.08333333333332,-138.23606824156053,0.6833993018307343,2.291666666666666,-0.01567771068955327,0.04201011356210968,0.13346751512951424,0.7029933271083926,-0.4124999999999999,0.07333333333333315,0.4426880072022908,0,LUBRICATION_DEGRADATION,0.9166666666666666,2026-01-01T00:02:00+00:00,True
2026-01-01T00:03:51Z,ENG-DATASET-000,MSN-LUBRICATION_DEGRADATION-000,LOITER,4500.0,10.0,0.4030442364378103,0.3169557635621897,2640.898628201904,452.5186265796471,139.76349461644142,77.8734137266276,195.10841722470525,9.937452786804842,7.176752127799938,14.2,2684.6566929235196,434.0186265796471,123.11349461644143,45.4984137266276,334.232834646176,9.252749335944918,4.864252127799938,-43.75806472161548,18.5,16.64999999999999,32.37500000000001,-139.12441742147075,0.6847034508599243,2.3125,-0.016299314857261736,0.04262489871873057,0.13524106396193902,0.7115632688761804,-0.41624999999999995,0.07400000000000005,0.4754071004633399,0,LUBRICATION_DEGRADATION,0.9249999999999999,2026-01-01T00:02:00+00:00,True
2026-01-01T00:03:52Z,ENG-DATASET-000,MSN-LUBRICATION_DEGRADATION-000,LOITER,4500.0,10.0,0.40009098347361094,0.31990901652638903,2622.630670822317,450.49987059308773,139.39797525295782,78.02581659884527,193.38400024699226,9.87826966923339,6.59544044642467,14.2,2668.4138016204233,431.83320392642105,122.59797525295781,45.3591499321786,333.4206900810212,9.191938277822633,4.262107113091336,-45.78313079810641,18.666666666666686,16.80000000000001,32.666666666666664,-140.03668983402892,0.6863313914107572,2.333333333333334,-0.017157432917752152,0.04322656640791163,0.13703325821928444,0.7201781055313018,-0.4200000000000001,0.07466666666666673,0.5474600406372592,0,LUBRICATION_DEGRADATION,0.9333333333333333,2026-01-01T00:02:00+00:00,True
2026-01-01T00:03:53Z,ENG-DATASET-000,MSN-LUBRICATION_DEGRADATION-000,LOITER,4500.0,10.0,0.39744840405356296,0.322551595946437,2605.824043799927,448.71324859827376,139.03517560928555,78.17923385142703,191.7149064017177,9.825942726963383,6.560962321067477,14.2,2653.879614810159,429.87991526494045,122.08517560928554,45.2209005180937,332.693980740508,9.137578481367065,4.2067956544008105,-48.05557101023214,18.833333333333314,16.950000000000003,32.95833333333333,-140.97907433879027,0.6883642455963184,2.354166666666666,-0.018107668012540847,0.043810684483191295,0.1388374953421521,0.7288296552198491,-0.42375,0.07533333333333328,0.5596104161142048,0,LUBRICATION_DEGRADATION,0.9416666666666667,2026-01-01T00:02:00+00:00,True
2026-01-01T00:03:54Z,ENG-DATASET-000,MSN-LUBRICATION_DEGRADATION-000,LOITER,4500.0,10.0,0.39515773474568266,0.3248422652543173,2591.160081441263,447.1884492063346,138.68136927851535,78.33423165073103,190.1066667247814,9.781376958103563,7.129156614571677,14.2,2641.2809336168175,428.1884492063346,121.58136927851535,45.08423165073102,332.0640466808409,9.09049903169476,4.754156614571677,-50.12085217555432,19.0,17.099999999999994,33.25000000000001,-141.95737995605947,0.6908779264088025,2.375,-0.01897596410046459,0.044372985855217026,0.14064654890362166,0.7375084099822043,-0.4275,0.07600000000000008,0.4995628441689387,0,LUBRICATION_DEGRADATION,0.95,2026-01-01T00:02:00+00:00,True
2026-01-01T00:03:55Z,ENG-DATASET-000,MSN-LUBRICATION_DEGRADATION-000,LOITER,4500.0,10.0,0.39325472067838524,0.32674527932161473,2579.2467555445605,445.95110299670563,138.3428432589148,78.49141514599279,188.56378325576503,9.74535797483088,7.495544862973848,14.2,2630.814356246682,426.78443633003894,121.0928432589148,44.949748479326125,331.54071781233415,9.051416075694315,5.099711529640514,-51.56760070212158,19.166666666666686,17.25,33.541666666666664,-142.97693455656912,0.6939418991365649,2.395833333333334,-0.019601383343403906,0.044909478966671613,0.14245267957840327,0.7462036563362214,-0.4312500000000001,0.07666666666666676,0.4697978149172331,0,LUBRICATION_DEGRADATION,0.9583333333333334,2026-01-01T00:02:00+00:00,True
2026-01-01T00:03:56Z,ENG-DATASET-000,MSN-LUBRICATION_DEGRADATION-000,LOITER,4500.0,10.0,0.3917690577497114,0.3282309422502886,2570.5129950853384,445.0224294807669,138.02578633670916,78.6514164803027,187.08967068642608,9.71854081201294,7.148204548586033,14.2,2622.6432101389755,425.6890961474336,120.62578633670915,44.818083146969364,331.1321605069488,9.020922783427853,4.731537881919367,-52.13021505363713,19.333333333333314,17.400000000000006,33.833333333333336,-144.04248982052275,0.6976180285850866,2.416666666666666,-0.019876975584061516,0.045416557549403117,0.14424776433316225,0.7549036227717645,-0.43500000000000005,0.07733333333333325,0.5107571210412323,0,LUBRICATION_DEGRADATION,0.9666666666666667,2026-01-01T00:02:00+00:00,True
2026-01-01T00:03:57Z,ENG-DATASET-000,MSN-LUBRICATION_DEGRADATION-000,LOITER,4500.0,10.0,0.3907239292327702,0.32927607076722976,2565.137827854943,444.41894821603535,137.73618140843914,78.81488248218801,185.6866160299884,9.70144064208595,6.601451022529059,14.2,2616.895003295799,424.91894821603535,120.18618140843913,44.68988248218801,330.84475016478996,8.99948111510756,4.163951022529059,-51.75717544085592,19.5,17.55000000000001,34.125,-145.15813413480157,0.7019595269783903,2.4375,-0.019778086386985843,0.045891104837447495,0.14602344291444225,0.7635956530787736,-0.4387499999999999,0.07800000000000007,0.585381525097655,0,LUBRICATION_DEGRADATION,0.975,2026-01-01T00:02:00+00:00,True
2026-01-01T00:03:58Z,ENG-DATASET-000,MSN-LUBRICATION_DEGRADATION-000,LOITER,4500.0,10.0,0.39013564400851636,0.3298643559914836,2563.0319117634135,444.1522560409169,137.47970300195146,78.98246222579517,184.35575673842698,9.694425476876171,6.659195762668081,14.2,2613.659434562403,424.4855893742502,119.77970300195148,44.56579555912851,330.68297172812015,8.98741546063922,4.200862429334748,-50.6275227989895,19.666666666666686,17.69999999999999,34.416666666666664,-146.32721498969318,0.7070100162369517,2.458333333333333,-0.019370359477406784,0.046330587324903166,0.14777127974437887,0.7722664037491197,-0.4425,0.07866666666666663,0.5851972957187833,0,LUBRICATION_DEGRADATION,0.9833333333333333,2026-01-01T00:02:00+00:00,True
2026-01-01T00:03:59Z,ENG-DATASET-000,MSN-LUBRICATION_DEGRADATION-000,LOITER,4500.0,10.0,0.39001338207111713,0.32998661792888284,2563.8764678041166,444.2288718114502,137.26162116370924,79.15479464988093,183.09707739379192,9.69771091745989,7.2633464341029885,14.2,2612.986993906707,424.39553847811686,119.41162116370924,44.4464613165476,330.64934969533533,8.984908200240788,4.784179767436322,-49.110526102590484,19.833333333333314,17.849999999999994,34.70833333333333,-147.5522723015434,0.7128027172191018,2.479166666666667,-0.018794783983660312,0.04673313344540728,0.14948293831073825,0.7809020629593132,-0.44625000000000004,0.07933333333333326,0.5182009847416682,0,LUBRICATION_DEGRADATION,0.9916666666666667,2026-01-01T00:02:00+00:00,True
2026-01-01T00:04:00Z,ENG-DATASET-000,MSN-LUBRICATION_DEGRADATION-000,DESCENT,2200.0,10.0,0.32035905127721415,0.42964094872278585,2173.7600110700128,478.24813646521295,137.92666245896862,79.44284491206449,171.089533074162,10.727698350518256,7.186939753700024,14.2,2221.4375663331634,458.24813646521295,119.92666245896864,44.44284491206449,311.07187831665817,9.933054028257644,4.686939753700024,-47.67755526315068,20.0,17.999999999999986,35.0,-139.98234524249617,0.7946443222606128,2.5,-0.02146247816536662,0.043644476449536555,0.15009172798549658,0.7875283427343976,-0.44999999999999996,0.08000000000000013,0.5333970845318458,0,LUBRICATION_DEGRADATION,1.0,2026-01-01T00:02:00+00:00,True
2026-01-01T00:04:01Z,ENG-DATASET-000,MSN-LUBRICATION_DEGRADATION-000,DESCENT,2200.0,10.0,0.3211672575744583,0.4288327424255417,2179.4821945712833,479.0024272524507,138.40905689438304,79.44102932420587,171.2117742766202,10.75068643086898,6.772873576197322,14.2,2225.8827009680062,459.0024272524507,120.40905689438304,44.44102932420587,311.29413504840034,9.954339287841647,4.272873576197322,-46.4005063967229,20.0,18.0,35.0,-140.08236077178015,0.796347143027333,2.5,-0.020845890206408427,0.04357275433099187,0.14949041595590873,0.787560516311813,-0.44999999999999996,0.08000000000000013,0.5850863488979926,0,LUBRICATION_DEGRADATION,1.0,2026-01-01T00:02:00+00:00,True
2026-01-01T00:04:02Z,ENG-DATASET-000,MSN-LUBRICATION_DEGRADATION-000,DESCENT,2200.0,10.0,0.3224253891738927,0.4275746108261073,2186.7976856637893,480.1771039919651,138.87257880474385,79.44186449838503,171.40206668103463,10.786484841702732,6.252185879426665,14.2,2232.802424764895,460.1771039919651,120.87257880474387,44.44186449838503,311.6401212382448,9.987485964539566,3.7521858794266647,-46.00473910110577,20.0,17.999999999999986,35.0,-140.23805455721015,0.7989988771631662,2.5,-0.020604034907365294,0.04346152780419342,0.1489171504239764,0.7875457160730028,-0.45,0.0800000000000001,0.666278292263602,0,LUBRICATION_DEGRADATION,1.0,2026-01-01T00:02:00+00:00,True
2026-01-01T00:04:03Z,ENG-DATASET-000,MSN-LUBRICATION_DEGRADATION-000,DESCENT,2200.0,10.0,0.3241138133527011,0.4258861866472989,2195.5016067352085,481.7544409684474,139.32918194848065,79.44612615120934,171.6574408380794,10.834551447405643,6.381996122896439,14.2,2242.0887577483413,461.7544409684474,121.32918194848067,44.446126151209334,312.1044378874171,10.03199208093115,3.8819961228964392,-46.587151013132825,20.0,17.999999999999986,35.00000000000001,-140.44699704933768,0.8025593664744921,2.4999999999999996,-0.020778459751931867,0.043313064749423036,0.14835672433399597,0.787470203385716,-0.45,0.08,0.6439985823928893,0,LUBRICATION_DEGRADATION,1.0,2026-01-01T00:02:00+00:00,True
2026-01-01T00:04:04Z,ENG-DATASET-000,MSN-LUBRICATION_DEGRADATION-000,DESCENT,2200.0,10.0,0.32620618281628144,0.42379381718371856,2205.5916424136185,483.7105945390298,139.78902861710833,79.45450498026406,171.97391171944594,10.894157181989291,6.991282189870367,14.2,2253.596789798033,463.7105945390298,121.78902861710834,44.45450498026407,312.67983948990167,10.08718257591601,4.491282189870367,-48.00514738441461,20.0,17.999999999999986,34.99999999999999,-140.70592777045573,0.8069746060732808,2.5,-0.021301568941583745,0.043130349479898786,0.1477965643078578,0.7873217802231409,-0.44999999999999996,0.07999999999999999,0.5566339175121299,0,LUBRICATION_DEGRADATION,1.0,2026-01-01T00:02:00+00:00,True
2026-01-01T00:04:05Z,ENG-DATASET-000,MSN-LUBRICATION_DEGRADATION-000,DESCENT,2200.0,10.0,0.3286698468389655,0.4213301531610345,2217.2353886738874,486.01592807637905,140.260523957307,79.46759714800638,172.3465409028769,10.964396141038844,7.225666256134709,14.2,2267.146941922796,466.01592807637905,122.26052395730699,44.46759714800638,313.3573470961398,10.15221864911004,4.725666256134709,-49.911553248908604,20.0,18.0,35.0,-141.01080619326288,0.8121774919288036,2.5,-0.022015138201222185,0.04291698801488614,0.14722658972315175,0.7870899766296269,-0.4499999999999999,0.08000000000000004,0.5290259329580416,0,LUBRICATION_DEGRADATION,1.0,2026-01-01T00:02:00+00:00,True
2026-01-01T00:04:06Z,ENG-DATASET-000,MSN-LUBRICATION_DEGRADATION-000,DESCENT,2200.0,10.0,0.3314663607676731,0.4185336392323269,2230.688154567929,488.6354199502897,140.75035706033353,79.48589619036832,172.76951363459392,11.044198232534145,6.771171899299662,14.2,2282.5277685306874,468.6354199502897,122.75035706033353,44.485896190368315,314.1263884265344,10.226109474568652,4.271171899299662,-51.83961396275845,20.0,18.0,35.00000000000001,-141.35687479194047,0.8180887579654925,2.5,-0.022711493230213244,0.04267709854735583,0.1466390846517273,0.7867662112554651,-0.44999999999999996,0.08000000000000003,0.5853194530545403,0,LUBRICATION_DEGRADATION,1.0,2026-01-01T00:02:00+00:00,True
2026-01-01T00:04:07Z,ENG-DATASET-000,MSN-LUBRICATION_DEGRADATION-000,DESCENT,2200.0,10.0,0.33455208593786506,0.41544791406213494,2246.181983946998,491.5291514652251,141.26355014093082,79.50978647835174,173.23622956658545,11.13234427866025,6.303709974751035,14.2,2299.499256966743,471.5291514652251,123.2635501409308,44.50978647835174,314.97496284833716,10.307726183944675,3.8037099747510346,-53.31727301974479,20.0,18.000000000000014,35.0,-141.7387332817517,0.824618094715575,2.5000000000000004,-0.023186471079827752,0.04241519307523659,0.14602857032285774,0.7863439204998878,-0.44999999999999996,0.0800000000000001,0.6572530546742418,0,LUBRICATION_DEGRADATION,1.0,2026-01-01T00:02:00+00:00,True
2026-01-01T00:04:08Z,ENG-DATASET-000,MSN-LUBRICATION_DEGRADATION-000,DESCENT,2200.0,10.0,0.337878870640308,0.412121129359692,2263.813824882623,494.6528706911894,141.80351689411745,79.53953833658313,173.73940575282995,11.22748342977325,6.520331111435211,14.2,2317.7965728301797,474.6528706911894,123.80351689411745,44.539538336583135,315.889828641509,10.395817990530785,4.020331111435211,-53.98274794755662,20.0,18.0,35.0,-142.15042288867903,0.8316654392424638,2.5,-0.02329054610760779,0.04213605612639824,0.14539166940947598,0.7858186525308524,-0.44999999999999996,0.0800000000000001,0.6218393288277018,0,LUBRICATION_DEGRADATION,1.0,2026-01-01T00:02:00+00:00,True
2026-01-01T00:04:09Z,ENG-DATASET-000,MSN-LUBRICATION_DEGRADATION-000,DESCENT,2200.0,10.0,0.3413948015123923,0.4086051984876077,2283.461085352027,497.9586270002179,142.37213087971116,79.57530489686249,174.2711902972327,11.328152717220659,7.14015179860603,14.2,2337.134192626643,477.9586270002179,124.37213087971115,44.57530489686249,316.85670963133214,10.489030293722832,4.64015179860603,-53.673107274616086,20.0,18.000000000000014,35.0,-142.58551933409944,0.8391224234978267,2.5,-0.022965351088503096,0.04184462602029962,0.14472695669586183,0.7851881233562473,-0.44999999999999996,0.08000000000000002,0.5387754772917207,0,LUBRICATION_DEGRADATION,1.0,2026-01-01T00:02:00+00:00,True
2026-01-01T00:04:10Z,ENG-DATASET-000,MSN-LUBRICATION_DEGRADATION-000,DESCENT,2200.0,10.0,0.3450450136287926,0.4049549863712074,2304.74619743009,501.395469860959,142.96980453826401,79.61712073759216,174.8232848798382,11.43279853407347,7.306309565537098,14.2,2357.2103592668445,481.395469860959,124.96980453826401,44.61712073759215,317.8605179633422,10.585924568586545,4.806309565537098,-52.464161836754556,20.0,18.0,35.00000000000001,-143.037233083504,0.8468739654869246,2.5,-0.02225688582714031,0.04154588327508894,0.14403479357678478,0.7844522331650765,-0.45,0.0800000000000001,0.5201496004181388,0,LUBRICATION_DEGRADATION,1.0,2026-01-01T00:02:00+00:00,True
2026-01-01T00:04:11Z,ENG-DATASET-000,MSN-LUBRICATION_DEGRADATION-000,DESCENT,2200.0,10.0,0.34877254665027746,0.40122745334972254,2327.059887244404,504.9102040738846,143.59557918628474,79.66490233203173,175.38707424933781,11.539799792731252,6.813083038970517,14.2,2377.711790885011,484.9102040738846,125.59557918628472,44.66490233203173,318.88558954425054,10.684999808084491,4.313083038970517,-50.65190364060709,20.0,18.000000000000014,35.0,-143.49851529491272,0.8547999846467604,2.5,-0.021302793650089056,0.04124474971236664,0.1433171463248895,0.7836130422902441,-0.44999999999999996,0.08000000000000011,0.5796317801932979,0,LUBRICATION_DEGRADATION,1.0,2026-01-01T00:02:00+00:00,True
2026-01-01T00:04:12Z,ENG-DATASET-000,MSN-LUBRICATION_DEGRADATION-000,DESCENT,2200.0,10.0,0.3525192336707524,0.3974807663292476,2349.6385328003184,508.4481921884278,144.24722607236694,79.71845030003077,175.95376066118467,11.647492466913691,6.400119460695535,14.2,2398.3185694976232,488.4481921884278,126.24722607236694,44.71845030003077,319.9159284748812,10.784715247142307,3.900119460695535,-48.680036697304786,20.0,18.0,35.0,-143.9621678136965,0.8627772197713846,2.5,-0.02029756902040825,0.04094600066056675,0.14257739009395826,0.7826747073114901,-0.44999999999999996,0.08,0.6410060064042647,0,LUBRICATION_DEGRADATION,1.0,2026-01-01T00:02:00+00:00,True
2026-01-01T00:04:13Z,ENG-DATASET-000,MSN-LUBRICATION_DEGRADATION-000,DESCENT,2200.0,10.0,0.3562266088923747,0.3937733911076253,2371.6777904107144,511.9541933828558,144.92135829970164,79.77745342968203,176.51450116345504,11.75419518420411,6.692244943665212,14.2,2418.709133216546,491.9541933828558,126.92135829970164,44.77745342968202,320.9354566608273,10.88351405944825,4.192244943665212,-47.03134280583163,20.0,18.0,35.00000000000001,-144.42095549737226,0.8706811247558601,2.5,-0.01944481134996439,0.04065419152639544,0.14182010215724514,0.7816433789599847,-0.44999999999999996,0.08,0.5963392009757641,0,LUBRICATION_DEGRADATION,1.0,2026-01-01T00:02:00+00:00,True
2026-01-01T00:04:14Z,ENG-DATASET-000,MSN-LUBRICATION_DEGRADATION-000,DESCENT,2200.0,10.0,0.3598368199647748,0.3901631800352252,2392.4558143837166,515.3732266713334,145.6135531365148,79.84149440765623,177.06054558815555,11.858235495815418,7.303773513906801,14.2,2438.565294114747,495.3732266713334,127.61355313651481,44.841494407656235,321.9282647057373,10.979847681310572,4.803773513906801,-46.109479731030206,20.000000000000057,18.0,34.99999999999999,-144.86771911758177,0.8783878145048458,2.5,-0.01890844581537808,0.04037359898190362,0.14105084889176678,0.7805270645490373,-0.44999999999999996,0.08,0.5204242025071674,0,LUBRICATION_DEGRADATION,1.0,2026-01-01T00:02:00+00:00,True
2026-01-01T00:04:15Z,ENG-DATASET-000,MSN-LUBRICATION_DEGRADATION-000,DESCENT,2200.0,10.0,0.3632935307516341,0.3867064692483659,2411.437051737763,518.6514450022537,146.31848394791967,79.91005717025504,177.58337309466802,11.957976414578056,7.3905576253712395,14.2,2457.5772034424735,498.65144500225375,128.31848394791967,44.91005717025505,322.87886017212367,11.07220038386857,4.8905576253712395,-46.14015170471066,19.999999999999943,18.0,34.99999999999999,-145.29548707745565,0.8857760307094864,2.5,-0.01877464994388759,0.04010817616282963,0.14027597152180835,0.779335458588133,-0.45,0.08000000000000007,0.511189150912055,0,LUBRICATION_DEGRADATION,1.0,2026-01-01T00:02:00+00:00,True
2026-01-01T00:04:16Z,ENG-DATASET-000,MSN-LUBRICATION_DEGRADATION-000,DESCENT,2200.0,10.0,0.3665428004372507,0.3834571995627493,2428.332337555371,521.7370057040109,147.03006069572797,79.98253576186963,178.07482513461753,12.051842782392859,6.858878824606293,14.2,2475.448186713364,501.73700570401087,129.03006069572797,44.98253576186962,323.7724093356682,11.159113687400794,4.358878824606293,-47.115849157993125,20.000000000000057,18.0,35.00000000000001,-145.6975842010507,0.892729094992065,2.5,-0.019033260082307973,0.03986152062261605,0.13950237567078785,0.7780797459993014,-0.44999999999999996,0.08000000000000014,0.5735419819168309,0,LUBRICATION_DEGRADATION,1.0,2026-01-01T00:02:00+00:00,True
2026-01-01T00:04:17Z,ENG-DATASET-000,MSN-LUBRICATION_DEGRADATION-000,DESCENT,2200.0,10.0,0.3695339252549268,0.3804660747450732,2443.101685884906,524.5809218956188,147.74157767354563,80.05824456395419,178.527232763291,12.138347006631312,6.499238157739031,14.2,2491.8993732105823,504.5809218956188,129.74157767354563,45.05824456395418,324.5949686605291,11.239210191325288,3.999238157739031,-48.79768732567618,19.999999999999943,18.0,35.00000000000001,-146.0677358972381,0.899136815306024,2.5,-0.019582527228137973,0.039636853341310604,0.13873732941101893,0.7767723829170079,-0.45,0.08000000000000008,0.6251190605296122,0,LUBRICATION_DEGRADATION,1.0,2026-01-01T00:02:00+00:00,True
2026-01-01T00:04:18Z,ENG-DATASET-000,MSN-LUBRICATION_DEGRADATION-000,DESCENT,2200.0,10.0,0.3722202297022902,0.3777797702977098,2455.900154102928,527.1378789817841,148.44586688073568,80.13642973618357,178.93353631095474,12.216113693143502,6.8533755192103705,14.2,2506.6740476710816,507.1378789817841,130.44586688073568,45.13642973618357,325.33370238355405,11.311216382540279,4.3533755192103705,-50.77389356815365,19.999999999999943,18.0,35.0,-146.40016607259932,0.9048973106032232,2.5,-0.02025548300359475,0.03943700683560717,0.1379882738366642,0.7754268604001323,-0.44999999999999996,0.08000000000000008,0.574267023133685,0,LUBRICATION_DEGRADATION,1.0,2026-01-01T00:02:00+00:00,True
2026-01-01T00:04:19Z,ENG-DATASET-000,MSN-LUBRICATION_DEGRADATION-000,DESCENT,2200.0,10.0,0.37455979489689756,0.37544020510310244,2466.9810325667568,529.3670002570311,149.1354551990879,80.21628169249634,179.28739554663912,12.283902703307637,7.437718717093203,14.2,2519.5416562414225,509.3670002570312,131.1354551990879,45.21628169249634,325.9770828120711,11.373983984544108,4.937718717093203,-52.56062367466575,19.999999999999943,18.0,35.0,-146.68968726543198,0.9099187187635298,2.5,-0.020861184630332378,0.039264420329365196,0.13726264931686605,0.7740574565158963,-0.44999999999999996,0.08000000000000011,0.5063066859895435,0,LUBRICATION_DEGRADATION,1.0,2026-01-01T00:02:00+00:00,True
2026-01-01T00:04:20Z,ENG-DATASET-000,MSN-LUBRICATION_DEGRADATION-000,DESCENT,2200.0,10.0,0.3765161127063749,0.3734838872936251,2476.5809803928005,531.2325459981146,149.80272332913196,80.29694841852684,179.58328861532257,12.340630175165256,7.435814304669448,14.2,2530.3014041935476,511.2325459981146,131.80272332913196,45.29694841852684,326.5150702096774,11.42650942144931,4.935814304669448,-53.720423800747085,20.0,18.0,35.0,-146.93178159435482,0.9141207537159453,2.5,-0.021230839816835476,0.039121139991102526,0.13656773961378016,0.7726789821824885,-0.44999999999999996,0.08000000000000004,0.5065020370873586,0,LUBRICATION_DEGRADATION,1.0,2026-01-01T00:02:00+00:00,True
2026-01-01T00:04:21Z,ENG-DATASET-000,MSN-LUBRICATION_DEGRADATION-000,DESCENT,2200.0,10.0,0.37805865544561273,0.37194134455438727,2484.8160548332667,532.7045312557967,150.4400642776137,80.37754942375226,179.8165982046323,12.385387074838327,6.8677171944766435,14.2,2538.7853892593557,512.7045312557967,132.4400642776137,45.37754942375226,326.9392694629678,11.467950995220672,4.3677171944766435,-53.96933442608906,20.0,18.0,35.0,-147.1226712583355,0.917436079617655,2.5,-0.021257934859091665,0.03900882239330487,0.1359105350648983,0.7713065259024263,-0.44999999999999996,0.08000000000000011,0.5723813810934156,0,LUBRICATION_DEGRADATION,1.0,2026-01-01T00:02:00+00:00,True
2026-01-01T00:04:22Z,ENG-DATASET-000,MSN-LUBRICATION_DEGRADATION-000,DESCENT,2200.0,10.0,0.379163352251082,0.370836647748918,2491.614808140889,533.7592488710538,151.04003907162866,80.45719011173068,179.9836835964595,12.417454884199184,6.560988099521264,14.2,2544.861221689436,513.7592488710538,133.04003907162866,45.45719011173069,327.24306108447183,11.49764341129554,4.060988099521264,-53.246413548547025,20.0,18.0,34.99999999999999,-147.25937748801232,0.9198114729036444,2.5,-0.020923110892938503,0.038928739568092355,0.1352976151059969,0.7699552021137331,-0.44999999999999996,0.0800000000000001,0.6156137222600372,0,LUBRICATION_DEGRADATION,1.0,2026-01-01T00:02:00+00:00,True
2026-01-01T00:04:23Z,ENG-DATASET-000,MSN-LUBRICATION_DEGRADATION-000,DESCENT,2200.0,10.0,0.3798129646986088,0.3701870353013912,2496.7054327391443,534.3796860172996,151.59552731489828,80.53497634523819,180.08193747914794,12.436318083564966,6.964854279914526,14.2,2548.434090150834,514.3796860172996,133.59552731489828,45.53497634523819,327.4217045075417,11.515109336634227,4.464854279914526,-51.72865741168971,20.0,18.0,35.0,-147.33976702839374,0.9212087469307395,2.5,-0.020298212777646547,0.038881784299948735,0.1347350496066546,0.7686399073678253,-0.44999999999999996,0.08000000000000011,0.5599286882096988,0,LUBRICATION_DEGRADATION,1.0,2026-01-01T00:02:00+00:00,True
2026-01-01T00:04:24Z,ENG-DATASET-000,MSN-LUBRICATION_DEGRADATION-000,DESCENT,2200.0,10.0,0.379997355803218,0.370002644196782,2499.6605755747682,534.5558247647754,152.09987020252782,80.6100289800296,180.1098266337201,12.441673152734092,7.506459919955852,14.2,2549.448241226184,514.5558247647754,134.09987020252782,45.6100289800296,327.4724120613092,11.520067734013047,5.006459919955852,-49.787665651415864,20.0,18.0,35.0,-147.36258542758912,0.921605418721045,2.5,-0.01952880032876053,0.038868474589988024,0.1342283178411361,0.7673750879510467,-0.4499999999999999,0.0800000000000001,0.4993548415388184,0,LUBRICATION_DEGRADATION,1.0,2026-01-01T00:02:00+00:00,True
2026-01-01T00:04:25Z,ENG-DATASET-000,MSN-LUBRICATION_DEGRADATION-000,DESCENT,2200.0,10.0,0.3797136482033933,0.3702863517966067,2499.9891886820537,534.2848197080375,152.54700367497597,80.68149814139692,180.0669158592466,12.433433888050292,7.411492914090974,14.2,2547.8878494271485,514.2848197080375,134.54700367497597,45.681498141396915,327.39439247135743,11.512438785231751,4.911492914090974,-47.89866074509473,20.0,18.0,35.0,-147.32747661211084,0.9209951028185408,2.5,-0.018799359930957705,0.038888956534540754,0.13378224344172274,0.7661745219402675,-0.45,0.08000000000000006,0.5090102019342327,0,LUBRICATION_DEGRADATION,1.0,2026-01-01T00:02:00+00:00,True
2026-01-01T00:04:26Z,ENG-DATASET-000,MSN-LUBRICATION_DEGRADATION-000,DESCENT,2200.0,10.0,0.3789662690613416,0.3710337309386584,2497.253127170721,533.5710485043348,152.93157952008676,80.74857702167418,179.95387476401126,12.411732914889464,6.813497465927057,14.2,2543.777264145864,513.5710485043348,134.93157952008676,45.74857702167419,327.1888632072932,11.492345291564318,4.313497465927057,-46.52413697514294,20.0,18.0,34.99999999999999,-147.23498844328194,0.9193876233251466,2.5,-0.018289390989884708,0.038943005175711705,0.13340094338197833,0.765051118058123,-0.45,0.0800000000000001,0.579576091036998,0,LUBRICATION_DEGRADATION,1.0,2026-01-01T00:02:00+00:00,True
2026-01-01T00:04:27Z,ENG-DATASET-000,MSN-LUBRICATION_DEGRADATION-000,DESCENT,2200.0,10.0,0.37776688097860717,0.37223311902139283,2491.1800039921877,532.4260341361645,153.2490724214822,80.81051498427576,179.77246731649768,12.376919361114776,6.562587772339515,14.2,2537.180629690825,512.4260341361645,135.2490724214822,45.81051498427575,326.8590314845412,11.460110519550717,4.062587772339515,-46.00062569863712,20.0,18.0,35.00000000000001,-147.08656416804354,0.916808841564059,2.5,-0.018130607320710413,0.039030023198793014,0.1330877889047983,0.7640167331018566,-0.44999999999999996,0.08000000000000014,0.6153713199802031,0,LUBRICATION_DEGRADATION,1.0,2026-01-01T00:02:00+00:00,True
2026-01-01T00:04:28Z,ENG-DATASET-000,MSN-LUBRICATION_DEGRADATION-000,DESCENT,2200.0,10.0,0.37613420000507525,0.37386579999492475,2481.744583602239,530.8682407224205,153.49587119739448,80.8666297706406,179.52552431925102,12.329552744472053,7.007613423766719,14.2,2528.200884336399,510.8682407224205,135.49587119739448,45.8666297706406,326.41004421682,11.416252541177826,4.507613423766719,-46.45630073416032,20.0,18.0,35.0,-146.88451989756896,0.9133002032942272,2.5,-0.01837524107438723,0.03914903766912175,0.1328453763272023,0.7630820091866359,-0.4499999999999999,0.0800000000000001,0.5546172142488015,0,LUBRICATION_DEGRADATION,1.0,2026-01-01T00:02:00+00:00,True
2026-01-01T00:04:29Z,ENG-DATASET-000,MSN-LUBRICATION_DEGRADATION-000,DESCENT,2200.0,10.0,0.37409370358127364,0.37590629641872636,2469.198557064697,528.9227476435574,153.66935276874398,80.91631862042013,179.216899235151,12.270393212362551,7.49653686009444,14.2,2516.9781540054905,508.9227476435574,135.66935276874398,45.91631862042012,325.84890770027454,11.361475196631991,4.99653686009444,-47.77959694079345,20.0,18.0,35.00000000000001,-146.63200846512353,0.9089180157305599,2.5,-0.01898292079522325,0.0392986953179144,0.13267550579888157,0.7622562315881013,-0.44999999999999996,0.08000000000000004,0.5003465540235696,0,LUBRICATION_DEGRADATION,1.0,2026-01-01T00:02:00+00:00,True
2026-01-01T00:04:30Z,ENG-DATASET-000,MSN-LUBRICATION_DEGRADATION-000,DESCENT,2200.0,10.0,0.371677232971434,0.378322767028566,2454.0410403957885,526.6208095056215,153.76793772951012,80.9590681321719,178.85140805541275,12.200388352811572,7.310817338154555,14.2,2503.6875656513726,506.6208095056215,135.76793772951012,45.9590681321719,325.1843782825686,11.296655882232937,4.810817338154555,-49.64652525558404,20.000000000000057,18.0,34.99999999999999,-146.33297022715587,0.9037324705786354,2.5,-0.019829361273625105,0.039477257200541696,0.13257916634088765,0.7615472076010081,-0.44999999999999996,0.08000000000000004,0.5196622162667701,0,LUBRICATION_DEGRADATION,1.0,2026-01-01T00:02:00+00:00,True
2026-01-01T00:04:31Z,ENG-DATASET-000,MSN-LUBRICATION_DEGRADATION-000,DESCENT,2200.0,10.0,0.36892249639121344,0.38107750360878656,2436.936517944489,523.9993119451158,153.791126755187,80.99446271144495,178.43475414765442,12.120656867922747,6.695128751277074,14.2,2488.5365144601597,503.99931194511583,135.791126755187,45.99446271144496,324.426825723008,11.222830433261802,4.195128751277074,-51.59999651567068,19.999999999999943,18.0,34.99999999999999,-145.99207157535358,0.8978264346609457,2.5,-0.02073507710891046,0.039682593856750915,0.13255652582109845,0.7609611665556172,-0.44999999999999996,0.08000000000000014,0.5959292665901981,0,LUBRICATION_DEGRADATION,1.0,2026-01-01T00:02:00+00:00,True
2026-01-01T00:04:32Z,ENG-DATASET-000,MSN-LUBRICATION_DEGRADATION-000,DESCENT,2200.0,10.0,0.36587248058360067,0.38412751941639933,2418.5996946913974,521.1001353873476,153.739517464352,81.02219147515444,177.97343925675298,12.03246946329898,6.507155275355028,14.2,2471.761427518289,501.10013538734756,135.739517464352,46.02219147515445,323.58807137591447,11.141175428980537,4.007155275355028,-53.16173282689169,20.0,18.0,34.99999999999999,-145.61463211916148,0.8912940343184435,2.5,-0.021507631050083752,0.03991218239152962,0.1326069249120999,0.7605026809489309,-0.4499999999999999,0.08000000000000004,0.6238839845751931,0,LUBRICATION_DEGRADATION,1.0,2026-01-01T00:02:00+00:00,True
2026-01-01T00:04:33Z,ENG-DATASET-000,MSN-LUBRICATION_DEGRADATION-000,DESCENT,2200.0,10.0,0.3625747800251694,0.3874252199748306,2399.674707774115,517.9694405520695,153.61480173171853,81.04205350520402,177.47466204729022,11.937227357029041,6.989188873008663,14.2,2453.6240744469173,497.9694405520695,135.61480173171853,46.042053505204024,322.68120372234586,11.052988293545408,4.489188873008663,-53.94936667280217,20.0,18.0,35.0,-145.20654167505563,0.8842390634836335,2.5,-0.021987625257941415,0.04016310715337707,0.13272887450448587,0.7601746085465982,-0.45,0.08000000000000007,0.5568934769110071,0,LUBRICATION_DEGRADATION,1.0,2026-01-01T00:02:00+00:00,True
2026-01-01T00:04:34Z,ENG-DATASET-000,MSN-LUBRICATION_DEGRADATION-000,DESCENT,2200.0,10.0,0.35908085423018943,0.39091914576981057,2380.6374247562944,514.6568907125713,153.41974382636096,81.0539613700455,176.9462057707995,11.83643884874581,7.4214250333113645,14.2,2434.4074825745274,494.6568907125714,135.41974382636096,46.053961370045506,321.72037412872635,10.959665600690565,4.9214250333113645,-53.770057818233,19.999999999999943,18.0,34.99999999999999,-144.77416835792684,0.8767732480552457,2.5,-0.022087533908402235,0.04043206589357162,0.13292005649545544,0.7599780552811414,-0.44999999999999996,0.08000000000000004,0.507982948653773,0,LUBRICATION_DEGRADATION,1.0,2026-01-01T00:02:00+00:00,True
2026-01-01T00:04:35Z,ENG-DATASET-000,MSN-LUBRICATION_DEGRADATION-000,DESCENT,2200.0,10.0,0.35544522474211765,0.39455477525788235,2361.7438130657356,511.2148264436391,153.15814010481583,81.05794285986696,176.39631681072868,11.731694412509041,7.153664913438113,14.2,2414.411520390133,491.2148264436391,135.15814010481583,46.057942859866955,320.72057601950667,10.862680011582444,4.653664913438113,-52.66770732439727,20.0,18.0,35.0,-144.324259208778,0.8690144009265968,2.5,-0.021813890001604597,0.04071538341950832,0.13317732832103865,0.7599123587974572,-0.44999999999999996,0.08000000000000011,0.5372110039081022,0,LUBRICATION_DEGRADATION,1.0,2026-01-01T00:02:00+00:00,True
2026-01-01T00:04:36Z,ENG-DATASET-000,MSN-LUBRICATION_DEGRADATION-000,DESCENT,2200.0,10.0,0.3517246243431477,0.3982753756568523,2343.036009157794,507.6974088498937,152.8347613155816,81.0541409089501,175.83357600038445,11.624640787069763,6.537322255433449,14.2,2393.9482181957974,487.6974088498937,134.8347613155816,46.05414090895011,319.6974109097899,10.763556284323855,4.037322255433449,-50.91220903800331,20.0,18.0,34.99999999999999,-143.86383490940543,0.8610845027459089,2.5,-0.021267046902281525,0.04100903477663486,0.13349673203240883,0.7599750925589002,-0.44999999999999996,0.08000000000000004,0.6192223067245839,0,LUBRICATION_DEGRADATION,1.0,2026-01-01T00:02:00+00:00,True
2026-01-01T00:04:37Z,ENG-DATASET-000,MSN-LUBRICATION_DEGRADATION-000,DESCENT,2200.0,10.0,0.34797711175811846,0.40202288824188154,2324.403528813433,504.1597470809547,152.4552788610473,81.04281170700226,175.26676472189877,11.51695453426418,6.422463947127278,14.2,2373.336898978137,484.1597470809547,134.4552788610473,46.04281170700226,318.6668449489068,10.663846790985351,3.9224639471272784,-48.93337016470423,20.0,18.0,35.0,-143.40008022700806,0.8531077432788283,2.5,-0.020617962070944483,0.041308679873909196,0.13387350911377816,0.760162090506674,-0.44999999999999996,0.08000000000000002,0.6373544878165016,0,LUBRICATION_DEGRADATION,1.0,2026-01-01T00:02:00+00:00,True
2026-01-01T00:04:38Z,ENG-DATASET-000,MSN-LUBRICATION_DEGRADATION-000,DESCENT,2200.0,10.0,0.34426116566753134,0.40573883433246866,2305.683516004807,500.65702536404524,152.02617660904372,81.02432102950407,174.7047278756975,11.410315522200726,6.940454117190739,14.2,2352.899195479908,480.65702536404524,134.02617660904372,46.024321029504065,317.6449597739954,10.565106965000671,4.440454117190739,-47.21567947510084,20.0,18.0,35.0,-142.94023189829792,0.8452085572000545,2.5,-0.020067021811136503,0.04160971117576443,0.13430212258092133,0.7604674923409107,-0.44999999999999996,0.08000000000000007,0.5630054796245996,0,LUBRICATION_DEGRADATION,1.0,2026-01-01T00:02:00+00:00,True
2026-01-01T00:04:39Z,ENG-DATASET-000,MSN-LUBRICATION_DEGRADATION-000,LANDING,500.0,10.0,0.24063477216729953,0.5593652278327005,1714.8328388152786,406.635790711367,149.2894537159235,81.01582409126607,158.42784447522575,10.267372039351532,6.7583576199201785,14.2,1761.012526371845,386.635790711367,131.2894537159235,46.01582409126606,288.05062631859226,9.506825962362528,4.2583576199201785,-46.17968755656648,20.0,18.0,35.00000000000001,-129.6227818433665,0.7605460769890033,2.5,-0.02622337255698512,0.051728268516482184,0.137101644424139,0.7606079145856938,-0.44999999999999996,0.08000000000000011,0.5870808004253203,0,LUBRICATION_DEGRADATION,1.0,2026-01-01T00:02:00+00:00,True
2026-01-01T00:04:40Z,ENG-DATASET-000,MSN-LUBRICATION_DEGRADATION-000,LANDING,500.0,10.0,0.23715451991511546,0.5628454800848846,1695.792097622594,403.4983388603553,146.74796681584004,80.99938071567144,157.9014563220829,10.14967956327469,6.421459033669258,14.2,1741.8711389848327,383.4983388603553,128.74796681584004,45.99938071567143,287.09355694924164,9.397851447476564,3.921459033669258,-46.07904136223874,20.0,18.0,35.00000000000001,-129.19210062715874,0.7518281157981264,2.5,-0.02645376017257725,0.05215146448726255,0.13980803305225814,0.7608798087161189,-0.45,0.08000000000000014,0.637517816337044,0,LUBRICATION_DEGRADATION,1.0,2026-01-01T00:02:00+00:00,True
2026-01-01T00:04:41Z,ENG-DATASET-000,MSN-LUBRICATION_DEGRADATION-000,LANDING,500.0,10.0,0.233874717083374,0.566125282916626,1676.8938408196063,400.54545500252215,144.3868065093191,80.97578602073929,157.405386143782,10.038894867158998,5.823688967566712,14.2,1723.8322234102545,380.54545500252215,126.38680650931909,45.975786020739285,286.1916111705127,9.29527302514722,3.3236889675667114,-46.93838259064819,20.0,18.0,35.00000000000001,-128.7862250267307,0.7436218420117786,2.5000000000000004,-0.02722908990399893,0.05255613944953684,0.14241992892409047,0.7612702909355765,-0.44999999999999996,0.08000000000000011,0.7521762789465413,0,LUBRICATION_DEGRADATION,1.0,2026-01-01T00:02:00+00:00,True
2026-01-01T00:04:42Z,ENG-DATASET-000,MSN-LUBRICATION_DEGRADATION-000,LANDING,500.0,10.0,0.230846543898306,0.569153456101694,1658.6299563538732,397.8224413948616,142.1936868932587,80.94592517744951,156.94737494954046,9.936720748370409,5.792409818613768,14.2,1707.1772708923802,377.8224413948616,124.19368689325871,45.94592517744951,285.358863544619,9.20066735960223,3.2924098186137685,-48.54731453850695,20.0,17.999999999999986,35.0,-128.41148859507854,0.7360533887681786,2.4999999999999996,-0.02843718421410928,0.05293491812228812,0.14493490329722253,0.7617650502155559,-0.44999999999999996,0.08000000000000003,0.7593222404653732,0,LUBRICATION_DEGRADATION,1.0,2026-01-01T00:02:00+00:00,True
2026-01-01T00:04:43Z,ENG-DATASET-000,MSN-LUBRICATION_DEGRADATION-000,LANDING,500.0,10.0,0.2281172539896657,0.5718827460103344,1641.6542618433432,395.3709202332286,140.15859120976356,80.91076045858503,156.53456985085865,9.844722529426969,6.345614859381556,14.2,1692.1661763948591,375.3709202332286,122.15859120976356,45.91076045858504,284.60830881974294,9.115483823543489,3.8456148593815556,-50.51191455151593,20.0,18.0,34.99999999999999,-128.0737389688843,0.7292387058834802,2.5,-0.02985044569271027,0.05328063236111479,0.1473494399513126,0.7623485137339998,-0.4499999999999999,0.08000000000000011,0.6500911015311723,0,LUBRICATION_DEGRADATION,1.0,2026-01-01T00:02:00+00:00,True
2026-01-01T00:04:44Z,ENG-DATASET-000,MSN-LUBRICATION_DEGRADATION-000,LANDING,500.0,10.0,0.22572943701364281,0.5742705629863573,1626.6820029980631,393.2282379815514,138.273438038326,80.8713170499608,156.17341253323517,9.764305431335647,6.666568225827701,14.2,1679.0331830267328,373.2282379815514,120.27343803832599,45.8713170499608,283.9516591513366,9.041023547533005,4.166568225827701,-52.35118002866966,20.0,18.0,34.99999999999999,-127.77824661810146,0.7232818838026418,2.5,-0.03117935997804288,0.05358651346468751,0.14965897951852156,0.7630040350025202,-0.44999999999999996,0.08000000000000015,0.600014175815726,0,LUBRICATION_DEGRADATION,1.0,2026-01-01T00:02:00+00:00,True
2026-01-01T00:04:45Z,ENG-DATASET-000,MSN-LUBRICATION_DEGRADATION-000,LANDING,500.0,10.0,0.2237203540555221,0.576279645944478,1614.3684321225346,391.4269386282082,136.5317677001986,80.82866784682886,155.86953873581942,9.696694519005467,6.274299688632258,14.2,1667.9832267570694,371.4269386282082,118.5317677001986,45.82866784682887,283.39916133785346,8.978420850930988,3.774299688632258,-53.614794634534746,20.0,18.0,34.99999999999999,-127.52962260203404,0.7182736680744792,2.5,-0.03214348548262913,0.05384639055493939,0.15185802379601093,0.7637141039529873,-0.44999999999999996,0.08000000000000003,0.662374534679825,0,LUBRICATION_DEGRADATION,1.0,2026-01-01T00:02:00+00:00,True
2026-01-01T00:04:46Z,ENG-DATASET-000,MSN-LUBRICATION_DEGRADATION-000,LANDING,500.0,10.0,0.22212135618290982,0.5778786438170902,1605.1953570142057,389.99431066972977,134.92844869692198,80.78391747403029,155.6276903075868,9.642917417359058,5.713008989066964,14.2,1659.1887384577014,369.99431066972977,116.92844869692199,45.78391747403028,282.95943692288506,8.928627238295423,3.2130089890669637,-53.993381443495764,20.0,17.999999999999986,35.00000000000001,-127.33174661529827,0.7142901790636351,2.5,-0.03254203707631556,0.05405488523268867,0.15394029597241904,0.7644605776657891,-0.44999999999999996,0.08000000000000014,0.7780868365158179,0,LUBRICATION_DEGRADATION,1.0,2026-01-01T00:02:00+00:00,True
2026-01-01T00:04:47Z,ENG-DATASET-000,MSN-LUBRICATION_DEGRADATION-000,LANDING,500.0,10.0,0.22095739522280947,0.5790426047771906,1599.3927039761077,388.95201156946985,133.45940411646654,80.73818578052435,155.45164121237164,9.603789956804304,5.772681799124481,14.2,1652.7869531771496,368.95201156946985,115.45940411646654,45.73818578052435,282.6393476588575,8.892398108152133,3.2726817991244808,-53.39424920104193,20.0,18.0,35.0,-127.18770644648586,0.7113918486521715,2.5,-0.03230558487795554,0.05420759169986042,0.15589895113128235,0.7652249297326361,-0.44999999999999996,0.0800000000000001,0.7638995030524534,0,LUBRICATION_DEGRADATION,1.0,2026-01-01T00:02:00+00:00,True
2026-01-01T00:04:48Z,ENG-DATASET-000,MSN-LUBRICATION_DEGRADATION-000,LANDING,500.0,10.0,0.22024663439670653,0.5797533656032935,1596.9136822579899,388.3157725223936,132.12135801787974,80.69259106707744,155.34413863742355,9.57990487079453,6.357517492621798,14.2,1648.8777686335839,368.3157725223936,114.12135801787973,45.69259106707745,282.44388843167917,8.870282287772714,3.857517492621798,-51.96408637559398,20.0,18.000000000000014,34.99999999999999,-127.09974979425562,0.709622583021817,2.5,-0.0315148201789732,0.05430123142169807,0.15772682968931986,0.7659885154820709,-0.44999999999999996,0.07999999999999999,0.6480852011122966,0,LUBRICATION_DEGRADATION,1.0,2026-01-01T00:02:00+00:00,True
2026-01-01T00:04:49Z,ENG-DATASET-000,MSN-LUBRICATION_DEGRADATION-000,LANDING,500.0,10.0,0.22000016488957225,0.5799998351104277,1597.4691396388519,388.0951855714788,130.9116018553787,80.64823331000859,155.3068601244695,9.571623636208315,6.6233412336686905,14.2,1647.522186344345,368.0951855714788,112.91160185537872,45.64823331000859,282.37610931721724,8.862614477970661,4.1233412336686905,-50.053046705493216,20.0,17.999999999999986,35.0,-127.06924919274775,0.7090091582376541,2.5,-0.03038080283249778,0.054333772306609775,0.1594167446411312,0.7667328494907181,-0.44999999999999996,0.08000000000000014,0.6063044163278373,0,LUBRICATION_DEGRADATION,1.0,2026-01-01T00:02:00+00:00,True
2026-01-01T00:04:50Z,ENG-DATASET-000,MSN-LUBRICATION_DEGRADATION-000,LANDING,500.0,10.0,0.22022183277563162,0.5797781672243685,1600.6123403658519,388.2935744500003,129.82778103109086,80.60617764390358,155.34038739223598,9.57907151876005,6.187130921950892,14.2,1648.7413597176715,368.2935744500003,111.82778103109085,45.60617764390358,282.4370679858836,8.869510665518565,3.6871309219508928,-48.12901935181958,20.0,18.000000000000014,35.0,-127.09668059364759,0.7095608532414861,2.4999999999999996,-0.029191370173464404,0.05430450430710734,0.1609617917304071,0.7674398910007894,-0.44999999999999996,0.0800000000000001,0.6780339654110323,0,LUBRICATION_DEGRADATION,1.0,2026-01-01T00:02:00+00:00,True
2026-01-01T00:04:51Z,ENG-DATASET-000,MSN-LUBRICATION_DEGRADATION-000,LANDING,500.0,10.0,0.2209081790016614,0.5790918209983387,1605.8531906472838,388.9079499417036,128.86770167652435,80.5674383621238,155.444197258923,9.602135859852416,5.675797684747582,14.2,1652.5162639608352,368.9079499417036,110.86770167652435,45.56743836212379,282.6258131980418,8.890866536900385,3.1757976847475824,-46.66307331355142,20.0,18.0,35.00000000000001,-127.18161593911879,0.711269322952031,2.5,-0.02823758793254294,0.054214066146203915,0.16235567011678573,0.7680923321134601,-0.44999999999999996,0.08000000000000003,0.7872037982793303,0,LUBRICATION_DEGRADATION,1.0,2026-01-01T00:02:00+00:00,True
2026-01-01T00:04:52Z,ENG-DATASET-000,MSN-LUBRICATION_DEGRADATION-000,LANDING,500.0,10.0,0.22204849336435883,0.5779515066356412,1612.7738696481583,389.9290500251887,128.02915775950163,80.53296368581209,155.61666980628095,9.64046761721884,5.827994947509206,14.2,1658.7879929556711,369.9290500251887,110.02915775950163,45.53296368581209,282.93939964778355,8.92635890483226,3.327994947509205,-46.01412330751282,20.0,18.0,35.0,-127.32272984150259,0.7141087123865812,2.5000000000000004,-0.027739604761379825,0.05406442126845185,0.16359299995137516,0.7686738829808673,-0.45,0.08000000000000006,0.7512030635356262,0,LUBRICATION_DEGRADATION,1.0,2026-01-01T00:02:00+00:00,True
2026-01-01T00:04:53Z,ENG-DATASET-000,MSN-LUBRICATION_DEGRADATION-000,LANDING,500.0,10.0,0.22362498163948205,0.576375018360518,1621.1176235407443,391.3414645631746,127.30977859763084,80.50362154006507,155.85511365789338,9.693486148256905,6.435772815894714,14.2,1667.4586784688488,371.3414645631746,109.30977859763084,45.50362154006506,283.3729339234425,8.975450137274912,3.935772815894714,-46.34105492810454,20.0,18.0,35.00000000000001,-127.51782026554909,0.7180360109819937,2.4999999999999996,-0.027791426274297492,0.05385878472668514,0.16466962270830296,0.7691695477289249,-0.4499999999999999,0.08000000000000008,0.6351992650347319,0,LUBRICATION_DEGRADATION,1.0,2026-01-01T00:02:00+00:00,True
2026-01-01T00:04:54Z,ENG-DATASET-000,MSN-LUBRICATION_DEGRADATION-000,LANDING,500.0,10.0,0.22561304325476791,0.5743869567452321,1630.8291934404544,393.1238437736424,126.70689683220881,80.48018656018431,156.15580797720534,9.760387200952248,6.642345223471834,14.2,1678.3930173529213,373.1238437736424,108.70689683220881,45.48018656018431,283.91965086764606,9.037395556437266,4.142345223471834,-47.56382391246689,20.0,18.0,35.0,-127.76384289044071,0.7229916445149822,2.5,-0.02833890716936025,0.053601506131924145,0.1655828703102743,0.7695658845568765,-0.44999999999999996,0.0800000000000001,0.6035228512182451,0,LUBRICATION_DEGRADATION,1.0,2026-01-01T00:02:00+00:00,True
2026-01-01T00:04:55Z,ENG-DATASET-000,MSN-LUBRICATION_DEGRADATION-000,LANDING,500.0,10.0,0.22798165517363428,0.5720183448263658,1642.0373291390176,395.24918914143984,126.21743687752392,80.46332853168656,156.5140605299339,9.840154051610842,6.169368568695368,14.2,1691.4203829066862,375.24918914143984,108.21743687752392,45.46332853168656,284.57101914533433,9.11125375149152,3.6693685686953676,-49.38305376766857,20.0,18.0,35.0,-128.05695861540045,0.7289003001193226,2.5,-0.02919620353800181,0.05329791663443555,0.16633179013814256,0.7698512434171216,-0.45,0.08000000000000011,0.6813161319711383,0,LUBRICATION_DEGRADATION,1.0,2026-01-01T00:02:00+00:00,True
2026-01-01T00:04:56Z,ENG-DATASET-000,MSN-LUBRICATION_DEGRADATION-000,LANDING,500.0,10.0,0.23069385599929002,0.56930614400071,1654.9841538704957,397.68522476315536,125.83782380885042,80.45360244534218,156.9242809048143,9.93157170026352,5.715443047822427,14.2,1706.3374874477927,377.68522476315536,107.83782380885042,45.453602445342185,285.31687437238963,9.195899722466221,3.215443047822428,-51.35333357729701,20.0,18.0,35.0,-128.39259346757532,0.7356719777972991,2.4999999999999996,-0.030095648694976128,0.05295414988113953,0.16691731494791823,0.7700159749073221,-0.44999999999999996,0.08000000000000015,0.7774978324349602,0,LUBRICATION_DEGRADATION,1.0,2026-01-01T00:02:00+00:00,True
2026-01-01T00:04:57Z,ENG-DATASET-000,MSN-LUBRICATION_DEGRADATION-000,LANDING,500.0,10.0,0.23370732274496983,0.5662926772550302,1669.9192844209872,400.39484633896643,125.56391258643953,80.45144032327462,157.3800677500984,10.033244002807757,5.9549178235053475,14.2,1722.911554549032,380.39484633896643,107.56391258643953,45.45144032327463,286.1455777274516,9.290040743340516,3.454917823505347,-52.992270128044765,20.0,18.0,34.99999999999999,-128.76550997735322,0.7432032594672418,2.5000000000000004,-0.03075739435847905,0.05257694785427818,0.16734236945439304,0.7700526045172941,-0.44999999999999996,0.08000000000000006,0.723606212278447,0,LUBRICATION_DEGRADATION,1.0,2026-01-01T00:02:00+00:00,True
2026-01-01T00:04:58Z,ENG-DATASET-000,MSN-LUBRICATION_DEGRADATION-000,LANDING,500.0,10.0,0.2369750312699874,0.5630249687300126,1686.9853568442506,403.3366441158669,125.39093743069225,80.45714494448268,157.8743086645073,10.143613583233488,6.571392572250807,14.2,1740.8839514366286,383.3366441158669,107.39093743069225,45.457144944482685,287.04419757183143,9.392234799290266,4.071392572250807,-53.898594592378004,20.0,18.0,34.99999999999999,-129.16988890732412,0.7513787839432222,2.5,-0.0309604753079028,0.05217346243046575,0.1676119087014843,0.7699559671586476,-0.4499999999999999,0.0800000000000001,0.6140405170061783,0,LUBRICATION_DEGRADATION,1.0,2026-01-01T00:02:00+00:00,True
2026-01-01T00:04:59Z,ENG-DATASET-000,MSN-LUBRICATION_DEGRADATION-000,LANDING,500.0,10.0,0.24044599007572326,0.5595540099242767,1706.1238177359182,406.4654950412971,125.31348106365544,80.47088556847513,158.39929118387482,10.260984329528345,6.710600038517504,14.2,1759.9742248681755,386.4654950412971,107.31348106365544,45.47088556847512,287.99871124340876,9.500911416229949,4.210600038517504,-53.85040713225726,20.0,18.0,35.00000000000001,-129.59942005953394,0.7600729132983961,2.5,-0.030597270330075844,0.05175106253111376,0.1677328870668438,0.7697232979395818,-0.45,0.08000000000000002,0.593739604125453,0,LUBRICATION_DEGRADATION,1.0,2026-01-01T00:02:00+00:00,True
2026-01-01T00:05:00Z,ENG-DATASET-000,MSN-LUBRICATION_DEGRADATION-000,TAKEOFF,500.0,10.0,0.8940660360109062,0.7559339639890938,5177.024971793165,1124.6417635561982,143.19817704619487,82.61650524830591,253.82182313157125,33.26517653862822,11.778842296370218,14.2,5229.884477511681,1104.6417635561982,125.19817704619486,47.616505248305906,461.49422387558405,30.80108938761872,9.278842296370218,-52.85950571851663,20.0,18.000000000000014,35.00000000000001,-207.6724007440128,2.4640871510094975,2.5,-0.010107203313153595,0.018105417212919372,0.14377206142033908,0.7350392435876052,-0.44999999999999996,0.08,0.2694301638231283,0,LUBRICATION_DEGRADATION,1.0,2026-01-01T00:02:00+00:00,True
2026-01-01T00:00:01Z,ENG-DATASET-001,MSN-LUBRICATION_DEGRADATION-001,TAKEOFF,4000.0,23.0,0.9037402420015569,0.7462597579984431,5176.19353566915,913.5725473876976,54.83931368469244,30.444802805571605,458.8096767834575,19.185658285074343,9.376516841614404,14.2,5176.19353566915,913.5725473876976,54.83931368469244,30.444802805571605,458.8096767834575,19.185658285074343,9.376516841614404,0.0,0.0,0.0,0.0,0.0,0.0,0.0,0.0,0.0,0.0,0.0,0.0,0.0,0.0,1,LUBRICATION_DEGRADATION,0.0,2026-01-01T00:02:00+00:00,False
2026-01-01T00:00:02Z,ENG-DATASET-001,MSN-LUBRICATION_DEGRADATION-001,TAKEOFF,4000.0,23.0,0.9074221187776357,0.7425778812223643,5196.443857937584,916.8180136069178,74.57583265639614,32.798388278877624,459.8221928968792,19.27409027791807,8.848259694613242,14.2,5196.443857937584,916.8180136069178,74.57583265639614,32.798388278877624,459.8221928968792,19.27409027791807,8.848259694613242,0.0,0.0,0.0,0.0,0.0,0.0,0.0,0.0,0.0,0.0,0.0,0.0,0.0,0.0,1,LUBRICATION_DEGRADATION,0.0,2026-01-01T00:02:00+00:00,False
2026-01-01T00:00:03Z,ENG-DATASET-001,MSN-LUBRICATION_DEGRADATION-001,TAKEOFF,4000.0,23.0,0.9109881758725814,0.7390118241274186,5216.057171959785,919.9662241927343,92.41740499557488,35.06419829234952,460.80285859798926,19.359857643864302,8.937566826325712,14.2,5216.057171959785,919.9662241927343,92.41740499557488,35.06419829234952,460.80285859798926,19.359857643864302,8.937566826325712,0.0,0.0,0.0,0.0,0.0,0.0,0.0,0.0,0.0,0.0,0.0,0.0,0.0,0.0,1,LUBRICATION_DEGRADATION,0.0,2026-01-01T00:02:00+00:00,False
2026-01-01T00:00:04Z,ENG-DATASET-001,MSN-LUBRICATION_DEGRADATION-001,TAKEOFF,4000.0,23.0,0.9143827661581261,0.7356172338418739,5234.72741853028,922.9674891924964,108.54985172582981,37.24543767364959,461.73637092651404,19.441608368941143,9.548073560417055,14.2,5234.72741853028,922.9674891924964,108.54985172582981,37.24543767364959,461.73637092651404,19.441608368941143,9.548073560417055,0.0,0.0,0.0,0.0,0.0,0.0,0.0,0.0,0.0,0.0,0.0,0.0,0.0,0.0,1,LUBRICATION_DEGRADATION,0.0,2026-01-01T00:02:00+00:00,False
2026-01-01T00:00:05Z,ENG-DATASET-001,MSN-LUBRICATION_DEGRADATION-001,TAKEOFF,4000.0,23.0,0.9175529181882139,0.7324470818117861,5252.1632546957635,925.7742303836657,123.13922231283847,39.34508846546567,462.6081627347882,19.51804872539654,9.835186623361407,14.2,5252.1632546957635,925.7742303836657,123.13922231283847,39.34508846546567,462.6081627347882,19.51804872539654,9.835186623361407,0.0,0.0,0.0,0.0,0.0,0.0,0.0,0.0,0.0,0.0,0.0,0.0,0.0,0.0,1,LUBRICATION_DEGRADATION,0.0,2026-01-01T00:02:00+00:00,False
2026-01-01T00:00:06Z,ENG-DATASET-001,MSN-LUBRICATION_DEGRADATION-001,TAKEOFF,4000.0,23.0,0.9204491628007,0.7295508371993,5268.092600064437,928.3417697771247,136.33384432598274,41.36592509098855,463.4046300032218,19.587964575707407,9.415643192038608,14.2,5268.092600064437,928.3417697771247,136.33384432598274,41.36592509098855,463.4046300032218,19.587964575707407,9.415643192038608,0.0,0.0,0.0,0.0,0.0,0.0,0.0,0.0,0.0,0.0,0.0,0.0,0.0,0.0,1,LUBRICATION_DEGRADATION,0.0,2026-01-01T00:02:00+00:00,False
2026-01-01T00:00:07Z,ENG-DATASET-001,MSN-LUBRICATION_DEGRADATION-001,TAKEOFF,4000.0,23.0,0.9230263050670808,0.7269736949329192,5282.266882529531,930.6290815862345,148.26618693304033,43.3105302912519,464.1133441264766,19.65024164592087,8.916164066740482,14.2,5282.266882529531,930.6290815862345,148.26618693304033,43.3105302912519,464.1133441264766,19.65024164592087,8.916164066740482,0.0,0.0,0.0,0.0,0.0,0.0,0.0,0.0,0.0,0.0,0.0,0.0,0.0,0.0,1,LUBRICATION_DEGRADATION,0.0,2026-01-01T00:02:00+00:00,False
2026-01-01T00:00:08Z,ENG-DATASET-001,MSN-LUBRICATION_DEGRADATION-001,TAKEOFF,4000.0,23.0,0.925244129544237,0.7247558704557631,5294.46491715389,932.5994925103455,159.05455555249495,45.181311684356785,464.7232458576945,19.70388436919117,9.075165776728747,14.2,5294.46491715389,932.5994925103455,159.05455555249495,45.181311684356785,464.7232458576945,19.70388436919117,9.075165776728747,0.0,0.0,0.0,0.0,0.0,0.0,0.0,0.0,0.0,0.0,0.0,0.0,0.0,0.0,1,LUBRICATION_DEGRADATION,0.0,2026-01-01T00:02:00+00:00,False
2026-01-01T00:00:09Z,ENG-DATASET-001,MSN-LUBRICATION_DEGRADATION-001,TAKEOFF,4000.0,23.0,0.9270680278229729,0.7229319721770271,5304.496357686938,934.2213156154222,168.80463288763102,46.9805187829495,465.2248178843469,19.74803291366156,9.684493038802128,14.2,5304.496357686938,934.2213156154222,168.80463288763102,46.9805187829495,465.2248178843469,19.74803291366156,9.684493038802128,0.0,0.0,0.0,0.0,0.0,0.0,0.0,0.0,0.0,0.0,0.0,0.0,0.0,0.0,1,LUBRICATION_DEGRADATION,0.0,2026-01-01T00:02:00+00:00,False
2026-01-01T00:00:10Z,ENG-DATASET-001,MSN-LUBRICATION_DEGRADATION-001,TAKEOFF,4000.0,23.0,0.9284695385806676,0.7215304614193324,5312.204666854259,935.4684040009291,177.61087969889115,48.71026029538011,465.61023334271295,19.781978034031074,9.88733124252819,14.2,5312.204666854259,935.4684040009291,177.61087969889115,48.71026029538011,465.61023334271295,19.781978034031074,9.88733124252819,0.0,0.0,0.0,0.0,0.0,0.0,0.0,0.0,0.0,0.0,0.0,0.0,0.0,0.0,1,LUBRICATION_DEGRADATION,0.0,2026-01-01T00:02:00+00:00,False
2026-01-01T00:00:11Z,ENG-DATASET-001,MSN-LUBRICATION_DEGRADATION-001,TAKEOFF,4000.0,23.0,0.9294267917106946,0.7205732082893054,5317.469559069408,936.320611820239,185.557807024508,50.372521527902826,465.8734779534704,19.805173423168974,9.405491788032343,14.2,5317.469559069408,936.320611820239,185.557807024508,50.372521527902826,465.8734779534704,19.805173423168974,9.405491788032343,0.0,0.0,0.0,0.0,0.0,0.0,0.0,0.0,0.0,0.0,0.0,0.0,0.0,0.0,1,LUBRICATION_DEGRADATION,0.0,2026-01-01T00:02:00+00:00,False
2026-01-01T00:00:12Z,ENG-DATASET-001,MSN-LUBRICATION_DEGRADATION-001,TAKEOFF,4000.0,23.0,0.9299248495981216,0.7200751504018784,5320.208877450255,936.7641520455372,192.72113012319565,51.969181700209326,466.0104438725128,19.81724528830743,8.937772416492576,14.2,5320.208877450255,936.7641520455372,192.72113012319565,51.969181700209326,466.0104438725128,19.81724528830743,8.937772416492576,0.0,0.0,0.0,0.0,0.0,0.0,0.0,0.0,0.0,0.0,0.0,0.0,0.0,0.0,1,LUBRICATION_DEGRADATION,0.0,2026-01-01T00:02:00+00:00,False
2026-01-01T00:00:13Z,ENG-DATASET-001,MSN-LUBRICATION_DEGRADATION-001,TAKEOFF,4000.0,23.0,0.929955940216195,0.720044059783805,5320.37987584966,936.7918425866942,199.16881317554345,53.50203098458441,466.018993792483,19.8179989343623,9.158674418824706,14.2,5320.37987584966,936.7918425866942,199.16881317554345,53.50203098458441,466.018993792483,19.8179989343623,9.158674418824706,0.0,0.0,0.0,0.0,0.0,0.0,0.0,0.0,0.0,0.0,0.0,0.0,0.0,0.0,1,LUBRICATION_DEGRADATION,0.0,2026-01-01T00:02:00+00:00,False
2026-01-01T00:00:14Z,ENG-DATASET-001,MSN-LUBRICATION_DEGRADATION-001,TAKEOFF,4000.0,23.0,0.9295195784062181,0.7204804215937819,5317.979885894787,936.403234913163,204.96201273081817,54.972787080066674,465.89899429473934,19.807422202951717,9.751992239949626,14.2,5317.979885894787,936.403234913163,204.96201273081817,54.972787080066674,465.89899429473934,19.807422202951717,9.751992239949626,0.0,0.0,0.0,0.0,0.0,0.0,0.0,0.0,0.0,0.0,0.0,0.0,0.0,0.0,1,LUBRICATION_DEGRADATION,0.0,2026-01-01T00:02:00+00:00,False
2026-01-01T00:00:15Z,ENG-DATASET-001,MSN-LUBRICATION_DEGRADATION-001,TAKEOFF,4000.0,23.0,0.9286225734482908,0.7213774265517092,5313.046358626187,935.6046220959128,210.15592701013418,56.38311113716192,465.65231793130937,19.785685687384323,9.863829174430943,14.2,5313.046358626187,935.6046220959128,210.15592701013418,56.38311113716192,465.65231793130937,19.785685687384323,9.863829174430943,0.0,0.0,0.0,0.0,0.0,0.0,0.0,0.0,0.0,0.0,0.0,0.0,0.0,0.0,1,LUBRICATION_DEGRADATION,0.0,2026-01-01T00:02:00+00:00,False
2026-01-01T00:00:16Z,ENG-DATASET-001,MSN-LUBRICATION_DEGRADATION-001,TAKEOFF,4000.0,23.0,0.9272789228047704,0.7227210771952296,5305.656280086825,934.4089260760547,214.80055746102212,57.73462285582421,465.2828140043413,19.753139718618687,9.326014673806833,14.2,5305.656280086825,934.4089260760547,214.80055746102212,57.73462285582421,465.2828140043413,19.753139718618687,9.326014673806833,0.0,0.0,0.0,0.0,0.0,0.0,0.0,0.0,0.0,0.0,0.0,0.0,0.0,0.0,1,LUBRICATION_DEGRADATION,0.0,2026-01-01T00:02:00+00:00,False
2026-01-01T00:00:17Z,ENG-DATASET-001,MSN-LUBRICATION_DEGRADATION-001,TAKEOFF,4000.0,23.0,0.9255095936945535,0.7244904063054465,5295.924969980631,932.8354668641584,218.94138838652387,59.02891458947177,464.7962484990316,19.710308192116262,8.89716216413342,14.2,5295.924969980631,932.8354668641584,218.94138838652387,59.02891458947177,464.7962484990316,19.710308192116262,8.89716216413342,0.0,0.0,0.0,0.0,0.0,0.0,0.0,0.0,0.0,0.0,0.0,0.0,0.0,0.0,1,LUBRICATION_DEGRADATION,0.0,2026-01-01T00:02:00+00:00,False
2026-01-01T00:00:18Z,ENG-DATASET-001,MSN-LUBRICATION_DEGRADATION-001,TAKEOFF,4000.0,23.0,0.9233421959066377,0.7266578040933623,5284.004282147094,930.9096191647211,222.6199900269895,60.267564300580716,464.2002141073547,19.657879377772563,9.17600777881795,14.2,5284.004282147094,930.9096191647211,222.6199900269895,60.267564300580716,464.2002141073547,19.657879377772563,9.17600777881795,0.0,0.0,0.0,0.0,0.0,0.0,0.0,0.0,0.0,0.0,0.0,0.0,0.0,0.0,1,LUBRICATION_DEGRADATION,0.0,2026-01-01T00:02:00+00:00,False
2026-01-01T00:00:19Z,ENG-DATASET-001,MSN-LUBRICATION_DEGRADATION-001,TAKEOFF,4000.0,23.0,0.9208105509585982,0.7291894490414018,5270.080234932878,928.662364495844,225.87455013668665,61.45214722869524,463.5040117466439,19.59669392202737,9.743860223479869,14.2,5270.080234932878,928.662364495844,225.87455013668665,61.45214722869524,463.5040117466439,19.59669392202737,9.743860223479869,0.0,0.0,0.0,0.0,0.0,0.0,0.0,0.0,0.0,0.0,0.0,0.0,0.0,0.0,1,LUBRICATION_DEGRADATION,0.0,2026-01-01T00:02:00+00:00,False
2026-01-01T00:00:20Z,ENG-DATASET-001,MSN-LUBRICATION_DEGRADATION-001,TAKEOFF,4000.0,23.0,0.9179541643231187,0.7320458356768813,5254.37010843774,926.1297491400043,228.7403388515181,62.58424614926468,462.718505421887,19.52773031045415,9.764749136330707,14.2,5254.37010843774,926.1297491400043,228.7403388515181,62.58424614926468,462.718505421887,19.52773031045415,9.764749136330707,0.0,0.0,0.0,0.0,0.0,0.0,0.0,0.0,0.0,0.0,0.0,0.0,0.0,0.0,1,LUBRICATION_DEGRADATION,0.0,2026-01-01T00:02:00+00:00,False
2026-01-01T00:00:21Z,ENG-DATASET-001,MSN-LUBRICATION_DEGRADATION-001,TAKEOFF,4000.0,23.0,0.9148176089583027,0.7351823910416974,5237.119053931252,923.3522601413713,231.25011146990056,63.665460121288454,461.8559526965626,19.452088108691488,9.183449340000237,14.2,5237.119053931252,923.3522601413713,231.25011146990056,63.665460121288454,461.8559526965626,19.452088108691488,9.183449340000237,0.0,0.0,0.0,0.0,0.0,0.0,0.0,0.0,0.0,0.0,0.0,0.0,0.0,0.0,1,LUBRICATION_DEGRADATION,0.0,2026-01-01T00:02:00+00:00,False
2026-01-01T00:00:22Z,ENG-DATASET-001,MSN-LUBRICATION_DEGRADATION-001,TAKEOFF,4000.0,23.0,0.91144982976157,0.7385501702384301,5218.596268349222,920.3741330044134,233.43445364802085,64.69741164300854,460.9298134174611,19.370969338134355,8.804995376295334,14.2,5218.596268349222,920.3741330044134,233.43445364802085,64.69741164300854,460.9298134174611,19.370969338134355,8.804995376295334,0.0,0.0,0.0,0.0,0.0,0.0,0.0,0.0,0.0,0.0,0.0,0.0,0.0,0.0,1,LUBRICATION_DEGRADATION,0.0,2026-01-01T00:02:00+00:00,False
2026-01-01T00:00:23Z,ENG-DATASET-001,MSN-LUBRICATION_DEGRADATION-001,TAKEOFF,4000.0,23.0,0.9079033798009026,0.7420966201990974,5199.090793565551,917.2426057182541,235.3220734261751,65.68175215750149,459.95453967827757,19.285658369582208,9.141761627546815,14.2,5199.090793565551,917.2426057182541,235.3220734261751,65.68175215750149,459.95453967827757,19.285658369582208,9.141761627546815,0.0,0.0,0.0,0.0,0.0,0.0,0.0,0.0,0.0,0.0,0.0,0.0,0.0,0.0,1,LUBRICATION_DEGRADATION,0.0,2026-01-01T00:02:00+00:00,False
2026-01-01T00:00:24Z,ENG-DATASET-001,MSN-LUBRICATION_DEGRADATION-001,TAKEOFF,4000.0,23.0,0.904233600241796,0.745766399758204,5178.907005990465,914.0071342270725,236.9400444392344,66.62016587363061,458.9453502995233,19.197500732889292,9.679861472499216,14.2,5178.907005990465,914.0071342270725,236.9400444392344,66.62016587363061,458.9453502995233,19.197500732889292,9.679861472499216,0.0,0.0,0.0,0.0,0.0,0.0,0.0,0.0,0.0,0.0,0.0,0.0,0.0,0.0,1,LUBRICATION_DEGRADATION,0.0,2026-01-01T00:02:00+00:00,False
2026-01-01T00:00:25Z,ENG-DATASET-001,MSN-LUBRICATION_DEGRADATION-001,TAKEOFF,4000.0,23.0,0.9004977567668805,0.7495022432331195,5158.35986687843,910.7185845083613,238.31400460802,67.51437189205221,457.9179933439215,19.107881244009647,9.615870264432385,14.2,5158.35986687843,910.7185845083613,238.31400460802,67.51437189205221,457.9179933439215,19.107881244009647,9.615870264432385,0.0,0.0,0.0,0.0,0.0,0.0,0.0,0.0,0.0,0.0,0.0,0.0,0.0,0.0,1,LUBRICATION_DEGRADATION,0.0,2026-01-01T00:02:00+00:00,False
2026-01-01T00:00:26Z,ENG-DATASET-001,MSN-LUBRICATION_DEGRADATION-001,TAKEOFF,4000.0,23.0,0.8967541459640967,0.7532458540359033,5137.770007463119,907.4284160484137,239.46831454842837,68.36612465044627,456.888500373156,19.0182018436159,9.008379426914876,14.2,5137.770007463119,907.4284160484137,239.46831454842837,68.36612465044627,456.888500373156,19.0182018436159,9.008379426914876,0.0,0.0,0.0,0.0,0.0,0.0,0.0,0.0,0.0,0.0,0.0,0.0,0.0,0.0,1,LUBRICATION_DEGRADATION,0.0,2026-01-01T00:02:00+00:00,False
2026-01-01T00:00:27Z,ENG-DATASET-001,MSN-LUBRICATION_DEGRADATION-001,TAKEOFF,4000.0,23.0,0.8930611856279393,0.7569388143720607,5117.458725614253,904.1878707752203,240.42617986296602,69.1772127264757,455.8729362807127,18.929859525055562,8.694570264197308,14.2,5117.458725614253,904.1878707752203,240.42617986296602,69.1772127264757,455.8729362807127,18.929859525055562,8.694570264197308,0.0,0.0,0.0,0.0,0.0,0.0,0.0,0.0,0.0,0.0,0.0,0.0,0.0,0.0,1,LUBRICATION_DEGRADATION,0.0,2026-01-01T00:02:00+00:00,False
2026-01-01T00:00:28Z,ENG-DATASET-001,MSN-LUBRICATION_DEGRADATION-001,TAKEOFF,4000.0,23.0,0.8894765031693115,0.7605234968306887,5097.7429720918,901.047180492227,241.2097413889751,69.94945606078784,454.88714860459004,18.84422470544698,9.091322097998589,14.2,5097.7429720918,901.047180492227,241.2097413889751,69.94945606078784,454.88714860459004,18.84422470544698,9.091322097998589,0.0,0.0,0.0,0.0,0.0,0.0,0.0,0.0,0.0,0.0,0.0,0.0,0.0,0.0,1,LUBRICATION_DEGRADATION,0.0,2026-01-01T00:02:00+00:00,False
2026-01-01T00:00:29Z,ENG-DATASET-001,MSN-LUBRICATION_DEGRADATION-001,TAKEOFF,4000.0,23.0,0.8860560363590517,0.7639439636409483,5078.930404635372,898.0548046280023,241.84013736577765,70.6847016852806,453.9465202317686,18.762620364038227,9.598469811331354,14.2,5078.930404635372,898.0548046280023,241.84013736577765,70.6847016852806,453.9465202317686,18.762620364038227,9.598469811331354,0.0,0.0,0.0,0.0,0.0,0.0,0.0,0.0,0.0,0.0,0.0,0.0,0.0,0.0,1,LUBRICATION_DEGRADATION,0.0,2026-01-01T00:02:00+00:00,False
2026-01-01T00:00:30Z,ENG-DATASET-001,MSN-LUBRICATION_DEGRADATION-001,CLIMB,6000.0,23.0,0.7628531604377298,0.6671468395622704,4422.774840920797,633.457502053989,235.7925611805496,70.7694276029958,421.13874204603985,12.664034634257249,8.301331589501512,14.2,4422.774840920797,633.457502053989,235.7925611805496,70.7694276029958,421.13874204603985,12.664034634257249,8.301331589501512,0.0,0.0,0.0,0.0,0.0,0.0,0.0,0.0,0.0,0.0,0.0,0.0,0.0,0.0,1,LUBRICATION_DEGRADATION,0.0,2026-01-01T00:02:00+00:00,False
2026-01-01T00:00:31Z,ENG-DATASET-001,MSN-LUBRICATION_DEGRADATION-001,CLIMB,6000.0,23.0,0.7599178552128679,0.6700821447871321,4406.630662184058,631.5893363736828,230.30303847183671,70.84617806958856,420.3315331092029,12.610956890675833,7.686772473917217,14.2,4406.630662184058,631.5893363736828,230.30303847183671,70.84617806958856,420.3315331092029,12.610956890675833,7.686772473917217,0.0,0.0,0.0,0.0,0.0,0.0,0.0,0.0,0.0,0.0,0.0,0.0,0.0,0.0,1,LUBRICATION_DEGRADATION,0.0,2026-01-01T00:02:00+00:00,False
2026-01-01T00:00:32Z,ENG-DATASET-001,MSN-LUBRICATION_DEGRADATION-001,CLIMB,6000.0,23.0,0.7572959251407622,0.6727040748592379,4392.210046787475,629.9226281904309,225.32080032941383,70.91576175177994,419.61050233937374,12.56359447567623,7.451449614109771,14.2,4392.210046787475,629.9226281904309,225.32080032941383,70.91576175177994,419.61050233937374,12.56359447567623,7.451449614109771,0.0,0.0,0.0,0.0,0.0,0.0,0.0,0.0,0.0,0.0,0.0,0.0,0.0,0.0,1,LUBRICATION_DEGRADATION,0.0,2026-01-01T00:02:00+00:00,False
2026-01-01T00:00:33Z,ENG-DATASET-001,MSN-LUBRICATION_DEGRADATION-001,CLIMB,6000.0,23.0,0.7550282845632604,0.6749717154367396,4379.738023611216,628.4826627047977,220.8007868640924,70.97901889828131,418.98690118056084,12.52266894396212,7.909282705204241,14.2,4379.738023611216,628.4826627047977,220.8007868640924,70.97901889828131,418.98690118056084,12.52266894396212,7.909282705204241,0.0,0.0,0.0,0.0,0.0,0.0,0.0,0.0,0.0,0.0,0.0,0.0,0.0,0.0,1,LUBRICATION_DEGRADATION,0.0,2026-01-01T00:02:00+00:00,False
2026-01-01T00:00:34Z,ENG-DATASET-001,MSN-LUBRICATION_DEGRADATION-001,CLIMB,6000.0,23.0,0.7531503192531426,0.6768496807468575,4369.409214405567,627.2912149139611,216.70298855053218,71.03681143812557,418.4704607202783,12.488802084103849,8.384261637793008,14.2,4369.409214405567,627.2912149139611,216.70298855053218,71.03681143812557,418.4704607202783,12.488802084103849,8.384261637793008,0.0,0.0,0.0,0.0,0.0,0.0,0.0,0.0,0.0,0.0,0.0,0.0,0.0,0.0,1,LUBRICATION_DEGRADATION,0.0,2026-01-01T00:02:00+00:00,False
2026-01-01T00:00:35Z,ENG-DATASET-001,MSN-LUBRICATION_DEGRADATION-001,CLIMB,6000.0,23.0,0.7516913342309711,0.6783086657690289,4361.384796783625,626.3662524743754,212.99184600733835,71.09001261227891,418.06923983918125,12.462507249025732,8.179263107635975,14.2,4361.384796783625,626.3662524743754,212.99184600733835,71.09001261227891,418.06923983918125,12.462507249025732,8.179263107635975,0.0,0.0,0.0,0.0,0.0,0.0,0.0,0.0,0.0,0.0,0.0,0.0,0.0,0.0,1,LUBRICATION_DEGRADATION,0.0,2026-01-01T00:02:00+00:00,False
2026-01-01T00:00:36Z,ENG-DATASET-001,MSN-LUBRICATION_DEGRADATION-001,CLIMB,6000.0,23.0,0.7506740964700471,0.6793259035299529,4355.789989098543,625.7216935408873,209.6357037451267,71.13949630546469,417.7894994549272,12.444182271138384,7.57506172969035,14.2,4355.789989098543,625.7216935408873,209.6357037451267,71.13949630546469,417.7894994549272,12.444182271138384,7.57506172969035,0.0,0.0,0.0,0.0,0.0,0.0,0.0,0.0,0.0,0.0,0.0,0.0,0.0,0.0,1,LUBRICATION_DEGRADATION,0.0,2026-01-01T00:02:00+00:00,False
2026-01-01T00:00:37Z,ENG-DATASET-001,MSN-LUBRICATION_DEGRADATION-001,CLIMB,6000.0,23.0,0.7501144796254057,0.6798855203745944,4352.712096453014,625.3672210686765,206.60631389733095,71.18612624960328,417.63560482265075,12.434104017138353,7.428272730103896,14.2,4352.712096453014,625.3672210686765,206.60631389733095,71.18612624960328,417.63560482265075,12.434104017138353,7.428272730103896,0.0,0.0,0.0,0.0,0.0,0.0,0.0,0.0,0.0,0.0,0.0,0.0,0.0,0.0,1,LUBRICATION_DEGRADATION,0.0,2026-01-01T00:02:00+00:00,False
2026-01-01T00:00:38Z,ENG-DATASET-001,MSN-LUBRICATION_DEGRADATION-001,CLIMB,6000.0,23.0,0.7500212163307387,0.6799787836692613,4352.199148332346,625.3081545954711,203.87838637248464,71.23074527207841,417.60995741661736,12.43242462189565,7.944240776317435,14.2,4352.199148332346,625.3081545954711,203.87838637248464,71.23074527207841,417.60995741661736,12.43242462189565,7.944240776317435,0.0,0.0,0.0,0.0,0.0,0.0,0.0,0.0,0.0,0.0,0.0,0.0,0.0,0.0,1,LUBRICATION_DEGRADATION,0.0,2026-01-01T00:02:00+00:00,False
2026-01-01T00:00:39Z,ENG-DATASET-001,MSN-LUBRICATION_DEGRADATION-001,CLIMB,6000.0,23.0,0.7503957619285668,0.6796042380714332,4354.259149120401,625.5453801430695,201.42918223881293,71.27416476115114,417.71295745602004,12.43916942720959,8.38292501872241,14.2,4354.259149120401,625.5453801430695,201.42918223881293,71.27416476115114,417.71295745602004,12.43916942720959,8.38292501872241,0.0,0.0,0.0,0.0,0.0,0.0,0.0,0.0,0.0,0.0,0.0,0.0,0.0,0.0,1,LUBRICATION_DEGRADATION,0.0,2026-01-01T00:02:00+00:00,False
2026-01-01T00:00:40Z,ENG-DATASET-001,MSN-LUBRICATION_DEGRADATION-001,CLIMB,6000.0,23.0,0.7512322717601059,0.6787677282398942,4358.859953193865,626.0753385652408,199.23814747906266,71.31715451727274,417.9429976596933,12.45423663902259,8.119150469936628,14.2,4358.859953193865,626.0753385652408,199.23814747906266,71.31715451727274,417.9429976596933,12.45423663902259,8.119150469936628,0.0,0.0,0.0,0.0,0.0,0.0,0.0,0.0,0.0,0.0,0.0,0.0,0.0,0.0,1,LUBRICATION_DEGRADATION,0.0,2026-01-01T00:02:00+00:00,False
2026-01-01T00:00:41Z,ENG-DATASET-001,MSN-LUBRICATION_DEGRADATION-001,CLIMB,6000.0,23.0,0.7525176923692127,0.6774823076307873,4365.9297665439535,626.8900723948319,197.2865845410272,71.3604331528512,418.2964883271977,12.47739870531602,7.5382292087814955,14.2,4365.9297665439535,626.8900723948319,197.2865845410272,71.3604331528512,418.2964883271977,12.47739870531602,7.5382292087814955,0.0,0.0,0.0,0.0,0.0,0.0,0.0,0.0,0.0,0.0,0.0,0.0,0.0,0.0,1,LUBRICATION_DEGRADATION,0.0,2026-01-01T00:02:00+00:00,False
2026-01-01T00:00:42Z,ENG-DATASET-001,MSN-LUBRICATION_DEGRADATION-001,CLIMB,6000.0,23.0,0.7542319651972023,0.6757680348027978,4375.358267097896,627.9773309750184,195.55735936129994,71.40465919430027,418.7679133548948,12.50830540568582,7.483817544906461,14.2,4375.358267097896,627.9773309750184,195.55735936129994,71.40465919430027,418.7679133548948,12.50830540568582,7.483817544906461,0.0,0.0,0.0,0.0,0.0,0.0,0.0,0.0,0.0,0.0,0.0,0.0,0.0,0.0,1,LUBRICATION_DEGRADATION,0.0,2026-01-01T00:02:00+00:00,False
2026-01-01T00:00:43Z,ENG-DATASET-001,MSN-LUBRICATION_DEGRADATION-001,CLIMB,6000.0,23.0,0.7563483395899472,0.6736516604100529,4386.998326257993,629.3207333663456,194.0346417593286,71.45042302908003,419.3499163128996,12.54648863181298,8.049052532133354,14.2,4386.998326257993,629.3207333663456,194.0346417593286,71.45042302908003,419.3499163128996,12.54648863181298,8.049052532133354,0.0,0.0,0.0,0.0,0.0,0.0,0.0,0.0,0.0,0.0,0.0,0.0,0.0,0.0,1,LUBRICATION_DEGRADATION,0.0,2026-01-01T00:02:00+00:00,False
2026-01-01T00:00:44Z,ENG-DATASET-001,MSN-LUBRICATION_DEGRADATION-001,CLIMB,6000.0,23.0,0.7588337902328882,0.6711662097671118,4400.668304794169,630.8999881724268,192.7036772877064,71.49823982709819,420.03341523970846,12.591368825049527,8.442879858937019,14.2,4400.668304794169,630.8999881724268,192.7036772877064,71.49823982709819,420.03341523970846,12.591368825049527,8.442879858937019,0.0,0.0,0.0,0.0,0.0,0.0,0.0,0.0,0.0,0.0,0.0,0.0,0.0,0.0,1,LUBRICATION_DEGRADATION,0.0,2026-01-01T00:02:00+00:00,False
2026-01-01T00:00:45Z,ENG-DATASET-001,MSN-LUBRICATION_DEGRADATION-001,CLIMB,6000.0,23.0,0.7616495325000231,0.668350467499977,4416.15488726341,632.6911689967933,191.5505887838556,71.54854355048803,420.8077443631705,12.642263022572575,8.123085586751438,14.2,4416.15488726341,632.6911689967933,191.5505887838556,71.54854355048803,420.8077443631705,12.642263022572575,8.123085586751438,0.0,0.0,0.0,0.0,0.0,0.0,0.0,0.0,0.0,0.0,0.0,0.0,0.0,0.0,1,LUBRICATION_DEGRADATION,0.0,2026-01-01T00:02:00+00:00,False
2026-01-01T00:00:46Z,ENG-DATASET-001,MSN-LUBRICATION_DEGRADATION-001,CLIMB,6000.0,23.0,0.7647516276750222,0.6652483723249778,4433.216410725906,634.6670437111185,190.562205998248,71.60168214865321,421.6608205362953,12.698394446593287,7.572769341951377,14.2,4433.216410725906,634.6670437111185,190.562205998248,71.60168214865321,421.6608205362953,12.698394446593287,7.572769341951377,0.0,0.0,0.0,0.0,0.0,0.0,0.0,0.0,0.0,0.0,0.0,0.0,0.0,0.0,1,LUBRICATION_DEGRADATION,0.0,2026-01-01T00:02:00+00:00,False
2026-01-01T00:00:47Z,ENG-DATASET-001,MSN-LUBRICATION_DEGRADATION-001,CLIMB,6000.0,23.0,0.7680916686002026,0.6619083313997974,4451.586635814398,636.7974550682611,189.72592177512973,71.65791401683738,422.5793317907199,12.758903551702604,7.607830102986433,14.2,4451.586635814398,636.7974550682611,189.72592177512973,71.65791401683738,422.5793317907199,12.758903551702604,7.607830102986433,0.0,0.0,0.0,0.0,0.0,0.0,0.0,0.0,0.0,0.0,0.0,0.0,0.0,0.0,1,LUBRICATION_DEGRADATION,0.0,2026-01-01T00:02:00+00:00,False
2026-01-01T00:00:48Z,ENG-DATASET-001,MSN-LUBRICATION_DEGRADATION-001,CLIMB,6000.0,23.0,0.7716175350540323,0.6583824649459677,4470.978901310461,639.0497494288759,189.02957333333865,71.7174057766283,423.54894506552307,12.822860423566365,8.207618890810426,14.2,4470.978901310461,639.0497494288759,189.02957333333865,71.7174057766283,423.54894506552307,12.822860423566365,8.207618890810426,0.0,0.0,0.0,0.0,0.0,0.0,0.0,0.0,0.0,0.0,0.0,0.0,0.0,0.0,1,LUBRICATION_DEGRADATION,0.0,2026-01-01T00:02:00+00:00,False
2026-01-01T00:00:49Z,ENG-DATASET-001,MSN-LUBRICATION_DEGRADATION-001,CLIMB,6000.0,23.0,0.7752742070697557,0.6547257929302444,4491.090597396939,641.3892494944482,188.461347237366,71.78023141605215,424.554529869847,12.889278398064954,8.544060445097694,14.2,4491.090597396939,641.3892494944482,188.461347237366,71.78023141605215,424.554529869847,12.889278398064954,8.544060445097694,0.0,0.0,0.0,0.0,0.0,0.0,0.0,0.0,0.0,0.0,0.0,0.0,0.0,0.0,1,LUBRICATION_DEGRADATION,0.0,2026-01-01T00:02:00+00:00,False
2026-01-01T00:00:50Z,ENG-DATASET-001,MSN-LUBRICATION_DEGRADATION-001,CLIMB,6000.0,23.0,0.7790046235035734,0.6509953764964267,4511.607887782937,643.7797659702183,188.00970666288487,71.84637280557688,425.5803943891468,12.957128744079732,8.16752917376726,14.2,4511.607887782937,643.7797659702183,188.00970666288487,71.84637280557688,425.5803943891468,12.957128744079732,8.16752917376726,0.0,0.0,0.0,0.0,0.0,0.0,0.0,0.0,0.0,0.0,0.0,0.0,0.0,0.0,1,LUBRICATION_DEGRADATION,0.0,2026-01-01T00:02:00+00:00,False
2026-01-01T00:00:51Z,ENG-DATASET-001,MSN-LUBRICATION_DEGRADATION-001,CLIMB,6000.0,23.0,0.7827505724547054,0.6472494275452947,4532.210607014162,646.1841420469038,187.66333954776897,71.91572158475675,426.61053035070813,13.025356226185114,7.650511407902353,14.2,4532.210607014162,646.1841420469038,187.66333954776897,71.91572158475675,426.61053035070813,13.025356226185114,7.650511407902353,0.0,0.0,0.0,0.0,0.0,0.0,0.0,0.0,0.0,0.0,0.0,0.0,0.0,0.0,1,LUBRICATION_DEGRADATION,0.0,2026-01-01T00:02:00+00:00,False
2026-01-01T00:00:52Z,ENG-DATASET-001,MSN-LUBRICATION_DEGRADATION-001,CLIMB,6000.0,23.0,0.7864535996426345,0.6435464003573655,4552.577256547773,648.5648235290136,187.4111261812174,71.98808239275058,427.6288628273886,13.092895336475372,7.766902622265199,14.2,4552.577256547773,648.5648235290136,187.4111261812174,71.98808239275058,427.6288628273886,13.092895336475372,7.766902622265199,0.0,0.0,0.0,0.0,0.0,0.0,0.0,0.0,0.0,0.0,0.0,0.0,0.0,0.0,1,LUBRICATION_DEGRADATION,0.0,2026-01-01T00:02:00+00:00,False
2026-01-01T00:00:53Z,ENG-DATASET-001,MSN-LUBRICATION_DEGRADATION-001,CLIMB,6000.0,23.0,0.7900559205666026,0.6399440794333975,4572.390021629597,650.8844463970554,187.24212472302204,72.06317739486836,428.6195010814798,13.158686958802852,8.382748537507277,14.2,4572.390021629597,650.8844463970554,187.24212472302204,72.06317739486836,428.6195010814798,13.158686958802852,8.382748537507277,0.0,0.0,0.0,0.0,0.0,0.0,0.0,0.0,0.0,0.0,0.0,0.0,0.0,0.0,1,LUBRICATION_DEGRADATION,0.0,2026-01-01T00:02:00+00:00,False
2026-01-01T00:00:54Z,ENG-DATASET-001,MSN-LUBRICATION_DEGRADATION-001,CLIMB,6000.0,23.0,0.7935013222134185,0.6364986777865815,4591.339730687085,653.1064326248872,187.14557306634202,72.14065203697457,429.5669865343542,13.221695205144462,8.647646371988518,14.2,4591.339730687085,653.1064326248872,187.14557306634202,72.14065203697457,429.5669865343542,13.221695205144462,8.647646371988518,0.0,0.0,0.0,0.0,0.0,0.0,0.0,0.0,0.0,0.0,0.0,0.0,0.0,0.0,1,LUBRICATION_DEGRADATION,0.0,2026-01-01T00:02:00+00:00,False
2026-01-01T00:00:55Z,ENG-DATASET-001,MSN-LUBRICATION_DEGRADATION-001,CLIMB,6000.0,23.0,0.7967360402427283,0.6332639597572718,4609.130679848288,655.1955842392977,187.11090536569026,72.22008194031733,430.4565339924144,13.280924144040645,8.212598320499593,14.2,4609.130679848288,655.1955842392977,187.11090536569026,72.22008194031733,430.4565339924144,13.280924144040645,8.212598320499593,0.0,0.0,0.0,0.0,0.0,0.0,0.0,0.0,0.0,0.0,0.0,0.0,0.0,0.0,1,LUBRICATION_DEGRADATION,0.0,2026-01-01T00:02:00+00:00,False
2026-01-01T00:00:56Z,ENG-DATASET-001,MSN-LUBRICATION_DEGRADATION-001,CLIMB,6000.0,23.0,0.7997095979615637,0.6302904020384363,4625.485247301884,657.1186649644619,187.12778145323279,72.30098083146206,431.27426236509416,13.335434126459157,7.729536030100552,14.2,4625.485247301884,657.1186649644619,187.12778145323279,72.30098083146206,431.27426236509416,13.335434126459157,7.729536030100552,0.0,0.0,0.0,0.0,0.0,0.0,0.0,0.0,0.0,0.0,0.0,0.0,0.0,0.0,1,LUBRICATION_DEGRADATION,0.0,2026-01-01T00:02:00+00:00,False
2026-01-01T00:00:57Z,ENG-DATASET-001,MSN-LUBRICATION_DEGRADATION-001,CLIMB,6000.0,23.0,0.8023755939962547,0.6276244060037454,4640.148225492683,658.8449583935014,187.18612726774705,72.3828093857652,432.00741127463414,13.38435740632484,7.916866960956477,14.2,4640.148225492683,658.8449583935014,187.18612726774705,72.3828093857652,432.00741127463414,13.38435740632484,7.916866960956477,0.0,0.0,0.0,0.0,0.0,0.0,0.0,0.0,0.0,0.0,0.0,0.0,0.0,0.0,1,LUBRICATION_DEGRADATION,0.0,2026-01-01T00:02:00+00:00,False
2026-01-01T00:00:58Z,ENG-DATASET-001,MSN-LUBRICATION_DEGRADATION-001,CLIMB,6000.0,23.0,0.8046924263703452,0.6253075736296548,4652.890803550182,660.3467915199171,187.2761843289703,72.46498484848074,432.6445401775091,13.426912752438353,8.529818563668755,14.2,4652.890803550182,660.3467915199171,187.2761843289703,72.46498484848074,432.6445401775091,13.426912752438353,8.529818563668755,0.0,0.0,0.0,0.0,0.0,0.0,0.0,0.0,0.0,0.0,0.0,0.0,0.0,0.0,1,LUBRICATION_DEGRADATION,0.0,2026-01-01T00:02:00+00:00,False
2026-01-01T00:00:59Z,ENG-DATASET-001,MSN-LUBRICATION_DEGRADATION-001,CLIMB,6000.0,23.0,0.8066239416895222,0.6233760583104778,4663.514137805656,661.6000126789127,187.3885662130461,72.54689128537387,433.1757068902828,13.462418756413761,8.710749489509276,14.2,4663.514137805656,661.6000126789127,187.3885662130461,72.54689128537387,433.1757068902828,13.462418756413761,8.710749489509276,0.0,0.0,0.0,0.0,0.0,0.0,0.0,0.0,0.0,0.0,0.0,0.0,0.0,0.0,1,LUBRICATION_DEGRADATION,0.0,2026-01-01T00:02:00+00:00,False
2026-01-01T00:01:00Z,ENG-DATASET-001,MSN-LUBRICATION_DEGRADATION-001,CLIMB,6000.0,23.0,0.8081399993032422,0.6218600006967578,4671.852454681115,662.5844135138742,187.51431992958834,72.62789030481271,433.5926227340558,13.490305558072453,8.217551249695761,14.2,4671.852454681115,662.5844135138742,187.51431992958834,72.62789030481271,433.5926227340558,13.490305558072453,8.217551249695761,0.0,0.0,0.0,0.0,0.0,0.0,0.0,0.0,0.0,0.0,0.0,0.0,0.0,0.0,1,LUBRICATION_DEGRADATION,0.0,2026-01-01T00:02:00+00:00,False
2026-01-01T00:01:01Z,ENG-DATASET-001,MSN-LUBRICATION_DEGRADATION-001,CLIMB,6000.0,23.0,0.8092169416395014,0.6207830583604986,4677.775637530541,663.2840855007789,187.64499007414898,72.7073320858744,433.88878187652705,13.510124735492347,7.770244200357531,14.2,4677.775637530541,663.2840855007789,187.64499007414898,72.7073320858744,433.88878187652705,13.510124735492347,7.770244200357531,0.0,0.0,0.0,0.0,0.0,0.0,0.0,0.0,0.0,0.0,0.0,0.0,0.0,0.0,1,LUBRICATION_DEGRADATION,0.0,2026-01-01T00:02:00+00:00,False
2026-01-01T00:01:02Z,ENG-DATASET-001,MSN-LUBRICATION_DEGRADATION-001,CLIMB,6000.0,23.0,0.8098379633733354,0.6201620366266647,4681.191257066627,663.6877028189132,187.7726836372069,72.78456654215275,434.0595628533314,13.521557141230137,8.019212398007463,14.2,4681.191257066627,663.6877028189132,187.7726836372069,72.78456654215275,434.0595628533314,13.521557141230137,8.019212398007463,0.0,0.0,0.0,0.0,0.0,0.0,0.0,0.0,0.0,0.0,0.0,0.0,0.0,0.0,1,LUBRICATION_DEGRADATION,0.0,2026-01-01T00:02:00+00:00,False
2026-01-01T00:01:03Z,ENG-DATASET-001,MSN-LUBRICATION_DEGRADATION-001,CLIMB,6000.0,23.0,0.8099933736682935,0.6200066263317066,4682.046013688898,663.7887249170988,187.8901333964137,72.85895444876583,434.1023006844449,13.524418508251241,8.61326537262525,14.2,4682.046013688898,663.7887249170988,187.8901333964137,72.85895444876583,434.1023006844449,13.524418508251241,8.61326537262525,0.0,0.0,0.0,0.0,0.0,0.0,0.0,0.0,0.0,0.0,0.0,0.0,0.0,0.0,1,LUBRICATION_DEGRADATION,0.0,2026-01-01T00:02:00+00:00,False
2026-01-01T00:01:04Z,ENG-DATASET-001,MSN-LUBRICATION_DEGRADATION-001,CLIMB,6000.0,23.0,0.8096807473987014,0.6203192526012986,4680.32656920614,663.5855139402372,187.99075790527826,72.92987836056815,434.016328460307,13.518662697531358,8.702694326449958,14.2,4680.32656920614,663.5855139402372,187.99075790527826,72.92987836056815,434.016328460307,13.518662697531358,8.702694326449958,0.0,0.0,0.0,0.0,0.0,0.0,0.0,0.0,0.0,0.0,0.0,0.0,0.0,0.0,1,LUBRICATION_DEGRADATION,0.0,2026-01-01T00:02:00+00:00,False
2026-01-01T00:01:05Z,ENG-DATASET-001,MSN-LUBRICATION_DEGRADATION-001,CLIMB,6000.0,23.0,0.8089049629929357,0.6210950370070644,4676.05975497443,663.0813641858555,188.06871621939683,72.99675315276437,433.80298774872153,13.504382512477676,8.156607741746662,14.2,4676.05975497443,663.0813641858555,188.06871621939683,72.99675315276437,433.80298774872153,13.504382512477676,8.156607741746662,0.0,0.0,0.0,0.0,0.0,0.0,0.0,0.0,0.0,0.0,0.0,0.0,0.0,0.0,1,LUBRICATION_DEGRADATION,0.0,2026-01-01T00:02:00+00:00,False
2026-01-01T00:01:06Z,ENG-DATASET-001,MSN-LUBRICATION_DEGRADATION-001,CLIMB,6000.0,23.0,0.8076781263071803,0.6223218736928198,4669.312153202775,662.2844428775429,188.11895566939572,73.05903602095124,433.46560766013874,13.481808061321043,7.750499675062707,14.2,4669.312153202775,662.2844428775429,188.11895566939572,73.05903602095124,433.46560766013874,13.481808061321043,7.750499675062707,0.0,0.0,0.0,0.0,0.0,0.0,0.0,0.0,0.0,0.0,0.0,0.0,0.0,0.0,1,LUBRICATION_DEGRADATION,0.0,2026-01-01T00:02:00+00:00,False
2026-01-01T00:01:07Z,ENG-DATASET-001,MSN-LUBRICATION_DEGRADATION-001,CLIMB,6000.0,23.0,0.8060193817175902,0.6239806182824098,4660.1890579600295,661.2076436878255,188.13725119465178,73.1162357859894,433.0094528980015,13.451302705347878,8.055325539778993,14.2,4660.1890579600295,661.2076436878255,188.13725119465178,73.1162357859894,433.0094528980015,13.451302705347878,8.055325539778993,0.0,0.0,0.0,0.0,0.0,0.0,0.0,0.0,0.0,0.0,0.0,0.0,0.0,0.0,1,LUBRICATION_DEGRADATION,0.0,2026-01-01T00:02:00+00:00,False
2026-01-01T00:01:08Z,ENG-DATASET-001,MSN-LUBRICATION_DEGRADATION-001,CLIMB,6000.0,23.0,0.8039546133787048,0.6260453866212953,4648.832832096159,659.8683565315652,188.12023498847574,73.16792135989654,432.44164160480796,13.413356686124578,8.61967775594383,14.2,4648.832832096159,659.8683565315652,188.12023498847574,73.16792135989654,432.44164160480796,13.413356686124578,8.61967775594383,0.0,0.0,0.0,0.0,0.0,0.0,0.0,0.0,0.0,0.0,0.0,0.0,0.0,0.0,1,LUBRICATION_DEGRADATION,0.0,2026-01-01T00:02:00+00:00,False
2026-01-01T00:01:09Z,ENG-DATASET-001,MSN-LUBRICATION_DEGRADATION-001,CLIMB,6000.0,23.0,0.8015160413098724,0.6284839586901276,4635.420685717582,658.2881591003123,188.06541546713598,73.21372924198984,431.7710342858791,13.368578576656935,8.616735636872612,14.2,4635.420685717582,658.2881591003123,188.06541546713598,73.21372924198984,431.7710342858791,13.368578576656935,8.616735636872612,0.0,0.0,0.0,0.0,0.0,0.0,0.0,0.0,0.0,0.0,0.0,0.0,0.0,0.0,1,LUBRICATION_DEGRADATION,0.0,2026-01-01T00:02:00+00:00,False
2026-01-01T00:01:10Z,ENG-DATASET-001,MSN-LUBRICATION_DEGRADATION-001,CLIMB,6000.0,23.0,0.7987417186126258,0.6312582813873743,4620.161910882725,656.49243734459,187.97118485403712,73.25336992958495,431.00809554413627,13.317684747867705,8.029116599411362,14.2,4620.161910882725,656.49243734459,187.97118485403712,73.25336992958495,431.00809554413627,13.317684747867705,8.029116599411362,0.0,0.0,0.0,0.0,0.0,0.0,0.0,0.0,0.0,0.0,0.0,0.0,0.0,0.0,1,LUBRICATION_DEGRADATION,0.0,2026-01-01T00:02:00+00:00,False
2026-01-01T00:01:11Z,ENG-DATASET-001,MSN-LUBRICATION_DEGRADATION-001,CLIMB,6000.0,23.0,0.7956749376647593,0.6343250623352408,4603.294615669459,654.5099435740566,187.8368149579848,73.28663314444522,430.1647307834729,13.261487081327036,7.674116791849614,14.2,4603.294615669459,654.5099435740566,187.8368149579848,73.28663314444522,430.1647307834729,13.261487081327036,7.674116791849614,0.0,0.0,0.0,0.0,0.0,0.0,0.0,0.0,0.0,0.0,0.0,0.0,0.0,0.0,1,LUBRICATION_DEGRADATION,0.0,2026-01-01T00:02:00+00:00,False
2026-01-01T00:01:12Z,ENG-DATASET-001,MSN-LUBRICATION_DEGRADATION-001,CLIMB,6000.0,23.0,0.7923635545572527,0.6376364454427473,4585.082008578173,652.3723019901521,187.66244101194013,73.3133917946056,429.2541004289087,13.200879190684349,8.03317424785229,14.2,4585.082008578173,652.3723019901521,187.66244101194013,73.3133917946056,429.2541004289087,13.200879190684349,8.03317424785229,0.0,0.0,0.0,0.0,0.0,0.0,0.0,0.0,0.0,0.0,0.0,0.0,0.0,0.0,1,LUBRICATION_DEGRADATION,0.0,2026-01-01T00:02:00+00:00,False
2026-01-01T00:01:13Z,ENG-DATASET-001,MSN-LUBRICATION_DEGRADATION-001,CLIMB,6000.0,23.0,0.7888592423159781,0.6411407576840219,4565.808291251164,650.1134722655265,187.44903371738428,73.33360461088256,428.2904145625582,13.136821437022386,8.562548195449839,14.2,4565.808291251164,650.1134722655265,187.44903371738428,73.33360461088256,428.2904145625582,13.136821437022386,8.562548195449839,0.0,0.0,0.0,0.0,0.0,0.0,0.0,0.0,0.0,0.0,0.0,0.0,0.0,0.0,1,LUBRICATION_DEGRADATION,0.0,2026-01-01T00:02:00+00:00,False
2026-01-01T00:01:14Z,ENG-DATASET-001,MSN-LUBRICATION_DEGRADATION-001,CLIMB,6000.0,23.0,0.785216684561413,0.644783315438587,4545.774223601055,647.7691822314,187.19835990143085,73.34731741801694,427.2887111800528,13.070325037140394,8.47278086172617,14.2,4545.774223601055,647.7691822314,187.19835990143085,73.34731741801694,427.2887111800528,13.070325037140394,8.47278086172617,0.0,0.0,0.0,0.0,0.0,0.0,0.0,0.0,0.0,0.0,0.0,0.0,0.0,0.0,1,LUBRICATION_DEGRADATION,0.0,2026-01-01T00:02:00+00:00,False
2026-01-01T00:01:15Z,ENG-DATASET-001,MSN-LUBRICATION_DEGRADATION-001,CLIMB,6000.0,23.0,0.7814927221890324,0.6485072778109676,4525.292430552961,645.3763408382309,186.91293243224354,73.3546630216591,426.26462152764805,13.002435568774816,7.860218700325446,14.2,4525.292430552961,645.3763408382309,186.91293243224354,73.3546630216591,426.26462152764805,13.002435568774816,7.860218700325446,0.0,0.0,0.0,0.0,0.0,0.0,0.0,0.0,0.0,0.0,0.0,0.0,0.0,0.0,1,LUBRICATION_DEGRADATION,0.0,2026-01-01T00:02:00+00:00,False
2026-01-01T00:01:16Z,ENG-DATASET-001,MSN-LUBRICATION_DEGRADATION-001,CLIMB,6000.0,23.0,0.7777454663861457,0.6522545336138543,4504.682523637085,642.9724423431346,186.59595024759756,73.35585971396358,425.23412618185426,12.93421617358553,7.569482597759185,14.2,4504.682523637085,642.9724423431346,186.59595024759756,73.35585971396358,425.23412618185426,12.93421617358553,7.569482597759185,0.0,0.0,0.0,0.0,0.0,0.0,0.0,0.0,0.0,0.0,0.0,0.0,0.0,0.0,1,LUBRICATION_DEGRADATION,0.0,2026-01-01T00:02:00+00:00,False
2026-01-01T00:01:17Z,ENG-DATASET-001,MSN-LUBRICATION_DEGRADATION-001,CLIMB,6000.0,23.0,0.774033391826255,0.6559666081737451,4484.2661135576855,640.5949721893412,186.25122952757133,73.35120842207604,424.21330567788425,12.866730748309818,7.983914786470905,14.2,4484.2661135576855,640.5949721893412,186.25122952757133,73.35120842207604,424.21330567788425,12.866730748309818,7.983914786470905,0.0,0.0,0.0,0.0,0.0,0.0,0.0,0.0,0.0,0.0,0.0,0.0,0.0,0.0,1,LUBRICATION_DEGRADATION,0.0,2026-01-01T00:02:00+00:00,False
2026-01-01T00:01:18Z,ENG-DATASET-001,MSN-LUBRICATION_DEGRADATION-001,CLIMB,6000.0,23.0,0.7704144241913318,0.6595855758086683,4464.361791565607,638.280824328407,185.88312718302436,73.34108854493444,423.21808957828034,12.801027398000326,8.476891663081664,14.2,4464.361791565607,638.280824328407,185.88312718302436,73.34108854493444,423.21808957828034,12.801027398000326,8.476891663081664,0.0,0.0,0.0,0.0,0.0,0.0,0.0,0.0,0.0,0.0,0.0,0.0,0.0,0.0,1,LUBRICATION_DEGRADATION,0.0,2026-01-01T00:02:00+00:00,False
2026-01-01T00:01:19Z,ENG-DATASET-001,MSN-LUBRICATION_DEGRADATION-001,CLIMB,6000.0,23.0,0.766945036260924,0.663054963739076,4445.280157948366,636.0657388508805,185.49645793599393,73.32595254423724,422.2640078974183,12.738122404059647,8.310085183565608,14.2,4445.280157948366,636.0657388508805,185.49645793599393,73.32595254423724,422.2640078974183,12.738122404059647,8.310085183565608,0.0,0.0,0.0,0.0,0.0,0.0,0.0,0.0,0.0,0.0,0.0,0.0,0.0,0.0,1,LUBRICATION_DEGRADATION,0.0,2026-01-01T00:02:00+00:00,False
2026-01-01T00:01:20Z,ENG-DATASET-001,MSN-LUBRICATION_DEGRADATION-001,CLIMB,6000.0,23.0,0.7636793666733189,0.6663206333266811,4427.318975216537,633.9837677937314,185.09640633723782,73.30631937483729,421.3659487608269,12.67898493526639,7.69174762028813,14.2,4427.318975216537,633.9837677937314,185.09640633723782,73.30631937483729,421.3659487608269,12.67898493526639,7.69174762028813,0.0,0.0,0.0,0.0,0.0,0.0,0.0,0.0,0.0,0.0,0.0,0.0,0.0,0.0,1,LUBRICATION_DEGRADATION,0.0,2026-01-01T00:02:00+00:00,False
2026-01-01T00:01:21Z,ENG-DATASET-001,MSN-LUBRICATION_DEGRADATION-001,CLIMB,6000.0,23.0,0.7606683751101996,0.6693316248898005,4410.75852161938,632.0667759397019,184.6884351020066,73.28276685789596,420.537926080969,12.624522703532554,7.478833096015813,14.2,4410.75852161938,632.0667759397019,184.6884351020066,73.28276685789596,420.537926080969,12.624522703532554,7.478833096015813,0.0,0.0,0.0,0.0,0.0,0.0,0.0,0.0,0.0,0.0,0.0,0.0,0.0,0.0,1,LUBRICATION_DEGRADATION,0.0,2026-01-01T00:02:00+00:00,False
2026-01-01T00:01:22Z,ENG-DATASET-001,MSN-LUBRICATION_DEGRADATION-001,CLIMB,6000.0,23.0,0.7579590470878561,0.6720409529121438,4395.857217496491,630.343982366674,184.2781911509728,73.25592311659739,419.79286087482456,12.575568739010132,7.949711631277289,14.2,4395.857217496491,630.343982366674,184.2781911509728,73.25592311659739,419.79286087482456,12.575568739010132,7.949711631277289,0.0,0.0,0.0,0.0,0.0,0.0,0.0,0.0,0.0,0.0,0.0,0.0,0.0,0.0,1,LUBRICATION_DEGRADATION,0.0,2026-01-01T00:02:00+00:00,False
2026-01-01T00:01:23Z,ENG-DATASET-001,MSN-LUBRICATION_DEGRADATION-001,CLIMB,6000.0,23.0,0.7555936607639192,0.6744063392360808,4382.847592714839,628.841547488692,183.87141072309282,73.2264572088196,419.142379635742,12.532869432478755,8.405771336404923,14.2,4382.847592714839,628.841547488692,183.87141072309282,73.2264572088196,419.142379635742,12.532869432478755,8.405771336404923,0.0,0.0,0.0,0.0,0.0,0.0,0.0,0.0,0.0,0.0,0.0,0.0,0.0,0.0,1,LUBRICATION_DEGRADATION,0.0,2026-01-01T00:02:00+00:00,False
2026-01-01T00:01:24Z,ENG-DATASET-001,MSN-LUBRICATION_DEGRADATION-001,CLIMB,6000.0,23.0,0.7536091272008499,0.6763908727991501,4371.932658117958,627.5822093896785,183.47382488552552,73.19506910366061,418.59663290589793,12.497073967581684,8.172677084727466,14.2,4371.932658117958,627.5822093896785,183.47382488552552,73.19506910366061,418.59663290589793,12.497073967581684,8.172677084727466,0.0,0.0,0.0,0.0,0.0,0.0,0.0,0.0,0.0,0.0,0.0,0.0,0.0,0.0,1,LUBRICATION_DEGRADATION,0.0,2026-01-01T00:02:00+00:00,False
2026-01-01T00:01:25Z,ENG-DATASET-001,MSN-LUBRICATION_DEGRADATION-001,CLIMB,6000.0,23.0,0.7520364143811554,0.6779635856188446,4363.282737609638,626.5849724109784,183.09106670724742,73.16247915892723,418.1641368804819,12.4687252420762,7.566800924347967,14.2,4363.282737609638,626.5849724109784,183.09106670724742,73.16247915892723,418.1641368804819,12.4687252420762,7.566800924347967,0.0,0.0,0.0,0.0,0.0,0.0,0.0,0.0,0.0,0.0,0.0,0.0,0.0,0.0,1,LUBRICATION_DEGRADATION,0.0,2026-01-01T00:02:00+00:00,False
2026-01-01T00:01:26Z,ENG-DATASET-001,MSN-LUBRICATION_DEGRADATION-001,CLIMB,6000.0,23.0,0.7509000639623796,0.6790999360376204,4357.03281030637,625.8648502285762,182.7285812922371,73.12941726445383,417.85164051531854,12.448252356212159,7.442237829036515,14.2,4357.03281030637,625.8648502285762,182.7285812922371,73.12941726445383,417.85164051531854,12.448252356212159,7.442237829036515,0.0,0.0,0.0,0.0,0.0,0.0,0.0,0.0,0.0,0.0,0.0,0.0,0.0,0.0,1,LUBRICATION_DEGRADATION,0.0,2026-01-01T00:02:00+00:00,False
2026-01-01T00:01:27Z,ENG-DATASET-001,MSN-LUBRICATION_DEGRADATION-001,CLIMB,6000.0,23.0,0.7502178083127454,0.6797821916872546,4353.280404233384,625.4326650484405,182.3915397892244,73.09661182130682,417.6640202116692,12.435964727782038,7.9673820023350155,14.2,4353.280404233384,625.4326650484405,182.3915397892244,73.09661182130682,417.6640202116692,12.435964727782038,7.9673820023350155,0.0,0.0,0.0,0.0,0.0,0.0,0.0,0.0,0.0,0.0,0.0,0.0,0.0,0.0,1,LUBRICATION_DEGRADATION,0.0,2026-01-01T00:02:00+00:00,False
2026-01-01T00:01:28Z,ENG-DATASET-001,MSN-LUBRICATION_DEGRADATION-001,CLIMB,6000.0,23.0,0.7500002938034789,0.6799997061965212,4352.084074432417,625.2949040522647,182.08475841160856,73.06477872946496,417.6042037216208,12.432047877195913,8.383829656216212,14.2,4352.084074432417,625.2949040522647,182.08475841160856,73.06477872946496,417.6042037216208,12.432047877195913,8.383829656216212,0.0,0.0,0.0,0.0,0.0,0.0,0.0,0.0,0.0,0.0,0.0,0.0,0.0,0.0,1,LUBRICATION_DEGRADATION,0.0,2026-01-01T00:02:00+00:00,False
2026-01-01T00:01:29Z,ENG-DATASET-001,MSN-LUBRICATION_DEGRADATION-001,CLIMB,6000.0,23.0,0.7502509146757477,0.6797490853242524,4353.462489229895,625.4536338255313,181.81262341608598,73.0346105564097,417.6731244614948,12.4365609118184,8.093019926834483,14.2,4353.462489229895,625.4536338255313,181.81262341608598,73.0346105564097,417.6731244614948,12.4365609118184,8.093019926834483,0.0,0.0,0.0,0.0,0.0,0.0,0.0,0.0,0.0,0.0,0.0,0.0,0.0,0.0,1,LUBRICATION_DEGRADATION,0.0,2026-01-01T00:02:00+00:00,False
2026-01-01T00:01:30Z,ENG-DATASET-001,MSN-LUBRICATION_DEGRADATION-001,CRUISE,8500.0,23.0,0.5909657600746622,0.47903423992533783,3520.5689545165365,389.075361144749,175.6582451030961,72.38218222315342,376.0284477258268,7.332402973666711,5.85857072181734,14.2,3520.5689545165365,389.075361144749,175.6582451030961,72.38218222315342,376.0284477258268,7.332402973666711,5.85857072181734,0.0,0.0,0.0,0.0,0.0,0.0,0.0,0.0,0.0,0.0,0.0,0.0,0.0,0.0,1,LUBRICATION_DEGRADATION,0.0,2026-01-01T00:02:00+00:00,False
2026-01-01T00:01:31Z,ENG-DATASET-001,MSN-LUBRICATION_DEGRADATION-001,CRUISE,8500.0,23.0,0.5921336750768587,0.47786632492314135,3526.992487028617,389.56352425714607,170.13150869921515,71.75742928674387,376.34962435143086,7.347340807063966,5.827110858559043,14.2,3526.992487028617,389.56352425714607,170.13150869921515,71.75742928674387,376.34962435143086,7.347340807063966,5.827110858559043,0.0,0.0,0.0,0.0,0.0,0.0,0.0,0.0,0.0,0.0,0.0,0.0,0.0,0.0,1,LUBRICATION_DEGRADATION,0.0,2026-01-01T00:02:00+00:00,False
2026-01-01T00:01:32Z,ENG-DATASET-001,MSN-LUBRICATION_DEGRADATION-001,CRUISE,8500.0,23.0,0.5937364347593471,0.4762635652406529,3535.807665282304,390.23386927598494,165.17420456119325,71.15983235925353,376.79038326411523,7.367850704930066,6.398818205066945,14.2,3535.807665282304,390.23386927598494,165.17420456119325,71.15983235925353,376.79038326411523,7.367850704930066,6.398818205066945,0.0,0.0,0.0,0.0,0.0,0.0,0.0,0.0,0.0,0.0,0.0,0.0,0.0,0.0,1,LUBRICATION_DEGRADATION,0.0,2026-01-01T00:02:00+00:00,False
2026-01-01T00:01:33Z,ENG-DATASET-001,MSN-LUBRICATION_DEGRADATION-001,CRUISE,8500.0,23.0,0.5957490285933392,0.4742509714066608,3546.87693136926,391.0763241358079,160.7336922084691,70.58885903026008,377.34384656846305,7.39362202715783,6.768816730334211,14.2,3546.87693136926,391.0763241358079,160.7336922084691,70.58885903026008,377.34384656846305,7.39362202715783,6.768816730334211,0.0,0.0,0.0,0.0,0.0,0.0,0.0,0.0,0.0,0.0,0.0,0.0,0.0,0.0,1,LUBRICATION_DEGRADATION,0.0,2026-01-01T00:02:00+00:00,False
2026-01-01T00:01:34Z,ENG-DATASET-001,MSN-LUBRICATION_DEGRADATION-001,CRUISE,8500.0,23.0,0.598140050725185,0.4718599492748151,3560.0275530944114,392.0781985923958,156.7622779524321,70.04395574541536,378.0013776547206,7.424263666961389,6.424843491189363,14.2,3560.0275530944114,392.0781985923958,156.7622779524321,70.04395574541536,378.0013776547206,7.424263666961389,6.424843491189363,0.0,0.0,0.0,0.0,0.0,0.0,0.0,0.0,0.0,0.0,0.0,0.0,0.0,0.0,1,LUBRICATION_DEGRADATION,0.0,2026-01-01T00:02:00+00:00,False
2026-01-01T00:01:35Z,ENG-DATASET-001,MSN-LUBRICATION_DEGRADATION-001,CRUISE,8500.0,23.0,0.6008721900542148,0.46912780994578523,3575.0543194040756,393.2243543148247,153.21665901505952,69.52454067213878,378.7527159702038,7.459309477247779,5.880877114634972,14.2,3575.0543194040756,393.2243543148247,153.21665901505952,69.52454067213878,378.7527159702038,7.459309477247779,5.880877114634972,0.0,0.0,0.0,0.0,0.0,0.0,0.0,0.0,0.0,0.0,0.0,0.0,0.0,0.0,1,LUBRICATION_DEGRADATION,0.0,2026-01-01T00:02:00+00:00,False
2026-01-01T00:01:36Z,ENG-DATASET-001,MSN-LUBRICATION_DEGRADATION-001,CRUISE,8500.0,23.0,0.603902812459987,0.46609718754001306,3591.722742635823,394.49741067007506,150.05742838030545,69.02999763747675,379.58613713179113,7.498224807186863,5.940442692092786,14.2,3591.722742635823,394.49741067007506,150.05742838030545,69.02999763747675,379.58613713179113,7.498224807186863,5.940442692092786,0.0,0.0,0.0,0.0,0.0,0.0,0.0,0.0,0.0,0.0,0.0,0.0,0.0,0.0,1,LUBRICATION_DEGRADATION,0.0,2026-01-01T00:02:00+00:00,False
2026-01-01T00:01:37Z,ENG-DATASET-001,MSN-LUBRICATION_DEGRADATION-001,CRUISE,8500.0,23.0,0.6071846260934773,0.4628153739065227,3609.7727176200196,395.87798483082304,147.2486351630455,68.5596712074897,380.48863588100096,7.540414091596548,6.5450433662363645,14.2,3609.7727176200196,395.87798483082304,147.2486351630455,68.5596712074897,380.48863588100096,7.540414091596548,6.5450433662363645,0.0,0.0,0.0,0.0,0.0,0.0,0.0,0.0,0.0,0.0,0.0,0.0,0.0,0.0,1,LUBRICATION_DEGRADATION,0.0,2026-01-01T00:02:00+00:00,False
2026-01-01T00:01:38Z,ENG-DATASET-001,MSN-LUBRICATION_DEGRADATION-001,CRUISE,8500.0,23.0,0.6106664193505662,0.4593335806494338,3628.9225805340084,397.3449643561621,144.757395755645,68.11286296072522,381.4461290267004,7.585229420657083,6.857548503447161,14.2,3628.9225805340084,397.3449643561621,144.757395755645,68.11286296072522,381.4461290267004,7.585229420657083,6.857548503447161,0.0,0.0,0.0,0.0,0.0,0.0,0.0,0.0,0.0,0.0,0.0,0.0,0.0,0.0,1,LUBRICATION_DEGRADATION,0.0,2026-01-01T00:02:00+00:00,False
2026-01-01T00:01:39Z,ENG-DATASET-001,MSN-LUBRICATION_DEGRADATION-001,CRUISE,8500.0,23.0,0.6142938600119926,0.4557061399880074,3648.8735041718537,398.87580983034934,142.55355142583923,67.68882899067108,382.4436752085927,7.6319800007671645,6.461076785468251,14.2,3648.8735041718537,398.87580983034934,142.55355142583923,67.68882899067108,382.4436752085927,7.6319800007671645,6.461076785468251,0.0,0.0,0.0,0.0,0.0,0.0,0.0,0.0,0.0,0.0,0.0,0.0,0.0,0.0,1,LUBRICATION_DEGRADATION,0.0,2026-01-01T00:02:00+00:00,False
2026-01-01T00:01:40Z,ENG-DATASET-001,MSN-LUBRICATION_DEGRADATION-001,CRUISE,8500.0,23.0,0.618010343079464,0.45198965692053605,3669.3141610429466,400.4468845061524,140.60936839590912,67.28677865383462,383.4657080521473,7.67994239934335,5.955770710472709,14.2,3669.3141610429466,400.4468845061524,140.60936839590912,67.28677865383462,383.4657080521473,7.67994239934335,5.955770710472709,0.0,0.0,0.0,0.0,0.0,0.0,0.0,0.0,0.0,0.0,0.0,0.0,0.0,0.0,1,LUBRICATION_DEGRADATION,0.0,2026-01-01T00:02:00+00:00,False
2026-01-01T00:01:41Z,ENG-DATASET-001,MSN-LUBRICATION_DEGRADATION-001,CRUISE,8500.0,23.0,0.6217578740777223,0.4482421259222777,3689.9255815333668,402.0338072046141,138.89927673643356,66.90587456155033,384.4962790766683,7.728371447508807,6.09848572883804,14.2,3689.9255815333668,402.0338072046141,138.89927673643356,66.90587456155033,384.4962790766683,7.728371447508807,6.09848572883804,0.0,0.0,0.0,0.0,0.0,0.0,0.0,0.0,0.0,0.0,0.0,0.0,0.0,0.0,1,LUBRICATION_DEGRADATION,0.0,2026-01-01T00:02:00+00:00,False
2026-01-01T00:01:42Z,ENG-DATASET-001,MSN-LUBRICATION_DEGRADATION-001,CRUISE,8500.0,23.0,0.625477974038934,0.444522025961066,3710.3861313200314,403.6118239969366,137.39964466271363,66.54523379506718,385.51930656600155,7.7765116555527944,6.717948245365504,14.2,3710.3861313200314,403.6118239969366,137.39964466271363,66.54523379506718,385.51930656600155,7.7765116555527944,6.717948245365504,0.0,0.0,0.0,0.0,0.0,0.0,0.0,0.0,0.0,0.0,0.0,0.0,0.0,0.0,1,LUBRICATION_DEGRADATION,0.0,2026-01-01T00:02:00+00:00,False
2026-01-01T00:01:43Z,ENG-DATASET-001,MSN-LUBRICATION_DEGRADATION-001,CRUISE,8500.0,23.0,0.629112592047424,0.440887407952576,3730.3765303667265,405.15619346812,136.08858503314525,66.20393030520076,386.51882651833637,7.82360897755176,6.959617194729575,14.2,3730.3765303667265,405.15619346812,136.08858503314525,66.20393030520076,386.51882651833637,7.82360897755176,6.959617194729575,0.0,0.0,0.0,0.0,0.0,0.0,0.0,0.0,0.0,0.0,0.0,0.0,0.0,0.0,1,LUBRICATION_DEGRADATION,0.0,2026-01-01T00:02:00+00:00,False
2026-01-01T00:01:44Z,ENG-DATASET-001,MSN-LUBRICATION_DEGRADATION-001,CRUISE,8500.0,23.0,0.6326050111047993,0.4373949888952008,3749.58483518229,406.64257967239274,134.94579102164053,65.88099844014167,387.47924175911453,7.868922744523272,6.509450060643552,14.2,3749.58483518229,406.64257967239274,134.94579102164053,65.88099844014167,387.47924175911453,7.868922744523272,6.509450060643552,0.0,0.0,0.0,0.0,0.0,0.0,0.0,0.0,0.0,0.0,0.0,0.0,0.0,0.0,1,LUBRICATION_DEGRADATION,0.0,2026-01-01T00:02:00+00:00,False
2026-01-01T00:01:45Z,ENG-DATASET-001,MSN-LUBRICATION_DEGRADATION-001,CRUISE,8500.0,23.0,0.6359007331797392,0.43409926682026084,3767.7113065944595,408.0474462770283,133.95239807640218,65.57543752816458,388.385565329723,7.911737570901154,6.043321610364196,14.2,3767.7113065944595,408.0474462770283,133.95239807640218,65.57543752816458,388.385565329723,7.911737570901154,6.043321610364196,0.0,0.0,0.0,0.0,0.0,0.0,0.0,0.0,0.0,0.0,0.0,0.0,0.0,0.0,1,LUBRICATION_DEGRADATION,0.0,2026-01-01T00:02:00+00:00,False
2026-01-01T00:01:46Z,ENG-DATASET-001,MSN-LUBRICATION_DEGRADATION-001,CRUISE,8500.0,23.0,0.6389483296315471,0.4310516703684529,3784.4730870794037,409.34844489441815,133.09086939112242,65.28621742625012,389.22365435397023,7.951375027952723,6.258231914976246,14.2,3784.4730870794037,409.34844489441815,133.09086939112242,65.28621742625012,389.22365435397023,7.951375027952723,6.258231914976246,0.0,0.0,0.0,0.0,0.0,0.0,0.0,0.0,0.0,0.0,0.0,0.0,0.0,0.0,1,LUBRICATION_DEGRADATION,0.0,2026-01-01T00:02:00+00:00,False
2026-01-01T00:01:47Z,ENG-DATASET-001,MSN-LUBRICATION_DEGRADATION-001,CRUISE,8500.0,23.0,0.6417002437368877,0.42829975626311223,3799.608614658777,410.5247902612147,132.34490220854056,65.01228493125728,389.9804307329389,7.9872048709368295,6.873275846377874,14.2,3799.608614658777,410.5247902612147,132.34490220854056,65.01228493125728,389.9804307329389,7.9872048709368295,6.873275846377874,0.0,0.0,0.0,0.0,0.0,0.0,0.0,0.0,0.0,0.0,0.0,0.0,0.0,0.0,1,LUBRICATION_DEGRADATION,0.0,2026-01-01T00:02:00+00:00,False
2026-01-01T00:01:48Z,ENG-DATASET-001,MSN-LUBRICATION_DEGRADATION-001,CRUISE,8500.0,23.0,0.6441135327965486,0.42588646720345136,3812.881704486912,411.5576147724917,131.6993523569988,64.75257093749613,390.64408522434564,8.018655605138374,7.031667813070467,14.2,3812.881704486912,411.5576147724917,131.6993523569988,64.75257093749613,390.64408522434564,8.018655605138374,7.031667813070467,0.0,0.0,0.0,0.0,0.0,0.0,0.0,0.0,0.0,0.0,0.0,0.0,0.0,0.0,1,LUBRICATION_DEGRADATION,0.0,2026-01-01T00:02:00+00:00,False
2026-01-01T00:01:49Z,ENG-DATASET-001,MSN-LUBRICATION_DEGRADATION-001,CRUISE,8500.0,23.0,0.6461505382418992,0.42384946175810084,3824.08523443634,412.4302949456736,131.14017449494074,64.5059982135467,391.20426172181703,8.045224180045604,6.527857266114114,14.2,3824.08523443634,412.4302949456736,131.14017449494074,64.5059982135467,391.20426172181703,8.045224180045604,6.527857266114114,0.0,0.0,0.0,0.0,0.0,0.0,0.0,0.0,0.0,0.0,0.0,0.0,0.0,0.0,1,LUBRICATION_DEGRADATION,0.0,2026-01-01T00:02:00+00:00,False
2026-01-01T00:01:50Z,ENG-DATASET-001,MSN-LUBRICATION_DEGRADATION-001,CRUISE,8500.0,23.0,0.6477794732842588,0.4222205267157412,3833.044377169317,413.12874269144777,130.65437561273285,64.27148966212602,391.65221885846586,8.066484611257662,6.101682430735664,14.2,3833.044377169317,413.12874269144777,130.65437561273285,64.27148966212602,391.65221885846586,8.066484611257662,6.101682430735664,0.0,0.0,0.0,0.0,0.0,0.0,0.0,0.0,0.0,0.0,0.0,0.0,0.0,0.0,1,LUBRICATION_DEGRADATION,0.0,2026-01-01T00:02:00+00:00,False
2026-01-01T00:01:51Z,ENG-DATASET-001,MSN-LUBRICATION_DEGRADATION-001,CRUISE,8500.0,23.0,0.6489749189371029,0.42102508106289704,3839.61932825996,413.6416548136174,130.2299794218,64.04797691986059,391.980966412998,8.082095346334755,6.378140585743806,14.2,3839.61932825996,413.6416548136174,130.2299794218,64.04797691986059,391.980966412998,8.082095346334755,6.378140585743806,0.0,0.0,0.0,0.0,0.0,0.0,0.0,0.0,0.0,0.0,0.0,0.0,0.0,0.0,1,LUBRICATION_DEGRADATION,0.0,2026-01-01T00:02:00+00:00,False
2026-01-01T00:01:52Z,ENG-DATASET-001,MSN-LUBRICATION_DEGRADATION-001,CRUISE,8500.0,23.0,0.6497182206708461,0.4202817793291539,3843.707487795548,413.96071494084435,129.85599935314113,63.83440914908814,392.1853743897774,8.091805213532885,6.971744565769274,14.2,3843.707487795548,413.96071494084435,129.85599935314113,63.83440914908814,392.1853743897774,8.091805213532885,6.971744565769274,0.0,0.0,0.0,0.0,0.0,0.0,0.0,0.0,0.0,0.0,0.0,0.0,0.0,0.0,1,LUBRICATION_DEGRADATION,0.0,2026-01-01T00:02:00+00:00,False
2026-01-01T00:01:53Z,ENG-DATASET-001,MSN-LUBRICATION_DEGRADATION-001,CRUISE,8500.0,23.0,0.6499977795105369,0.4200022204894631,3845.2450614138475,414.08074309147474,129.5224179951139,63.62976187136238,392.2622530706924,8.095457820679115,7.038635610958712,14.2,3845.2450614138475,414.08074309147474,129.5224179951139,63.62976187136238,392.2622530706924,8.095457820679115,7.038635610958712,0.0,0.0,0.0,0.0,0.0,0.0,0.0,0.0,0.0,0.0,0.0,0.0,0.0,0.0,1,LUBRICATION_DEGRADATION,0.0,2026-01-01T00:02:00+00:00,False
2026-01-01T00:01:54Z,ENG-DATASET-001,MSN-LUBRICATION_DEGRADATION-001,CRUISE,8500.0,23.0,0.6498092330339829,0.42019076696601715,3844.2080557928,413.99978925660315,129.2201709270176,63.433045692209774,392.21040278964006,8.09299430451408,6.4854565180304835,14.2,3844.2080557928,413.99978925660315,129.2201709270176,63.433045692209774,392.21040278964006,8.09299430451408,6.4854565180304835,0.0,0.0,0.0,0.0,0.0,0.0,0.0,0.0,0.0,0.0,0.0,0.0,0.0,0.0,1,LUBRICATION_DEGRADATION,0.0,2026-01-01T00:02:00+00:00,False
2026-01-01T00:01:55Z,ENG-DATASET-001,MSN-LUBRICATION_DEGRADATION-001,CRUISE,8500.0,23.0,0.6491555234458896,0.4208444765541104,3840.612653058287,413.7191687137506,128.94113305215959,63.24331476888801,392.0306326529144,8.084454367558102,6.103063593578366,14.2,3840.612653058287,413.7191687137506,128.94113305215959,63.24331476888801,392.0306326529144,8.084454367558102,6.103063593578366,0.0,0.0,0.0,0.0,0.0,0.0,0.0,0.0,0.0,0.0,0.0,0.0,0.0,0.0,1,LUBRICATION_DEGRADATION,0.0,2026-01-01T00:02:00+00:00,False
2026-01-01T00:01:56Z,ENG-DATASET-001,MSN-LUBRICATION_DEGRADATION-001,CRUISE,8500.0,23.0,0.6480468516657405,0.4219531483342595,3834.514958267467,413.24343820279637,128.67810570201354,63.05967487739081,391.72574791337337,8.069975578634397,6.433512155720886,14.2,3834.514958267467,413.24343820279637,128.67810570201354,63.05967487739081,391.72574791337337,8.069975578634397,6.433512155720886,0.0,0.0,0.0,0.0,0.0,0.0,0.0,0.0,0.0,0.0,0.0,0.0,0.0,0.0,1,LUBRICATION_DEGRADATION,0.0,2026-01-01T00:02:00+00:00,False
2026-01-01T00:01:57Z,ENG-DATASET-001,MSN-LUBRICATION_DEGRADATION-001,CRUISE,8500.0,23.0,0.6465005181458598,0.42349948185414016,3826.0101239081237,412.58031355030175,128.42480297056971,62.88129094166177,391.30050619540623,8.049790953157617,6.993557436640704,14.2,3826.0101239081237,412.58031355030175,128.42480297056971,62.88129094166177,391.30050619540623,8.049790953157617,6.993557436640704,0.0,0.0,0.0,0.0,0.0,0.0,0.0,0.0,0.0,0.0,0.0,0.0,0.0,0.0,1,LUBRICATION_DEGRADATION,0.0,2026-01-01T00:02:00+00:00,False
2026-01-01T00:01:58Z,ENG-DATASET-001,MSN-LUBRICATION_DEGRADATION-001,CRUISE,8500.0,23.0,0.6445406529036408,0.4254593470963592,3815.230865075919,411.74053075906363,128.17583594248933,62.707393896818346,390.76154325379594,8.024224868664344,6.967140809117852,14.2,3815.230865075919,411.74053075906363,128.17583594248933,62.707393896818346,390.76154325379594,8.024224868664344,6.967140809117852,0.0,0.0,0.0,0.0,0.0,0.0,0.0,0.0,0.0,0.0,0.0,0.0,0.0,0.0,1,LUBRICATION_DEGRADATION,0.0,2026-01-01T00:02:00+00:00,False
2026-01-01T00:01:59Z,ENG-DATASET-001,MSN-LUBRICATION_DEGRADATION-001,CRUISE,8500.0,23.0,0.6421978389806943,0.4278021610193057,3802.3453884997134,410.73765392910457,127.926693696468,62.53728676900792,390.1172694249857,7.993687408357096,6.37475080581173,14.2,3802.3453884997134,410.73765392910457,127.926693696468,62.53728676900792,390.1172694249857,7.993687408357096,6.37475080581173,0.0,0.0,0.0,0.0,0.0,0.0,0.0,0.0,0.0,0.0,0.0,0.0,0.0,0.0,1,LUBRICATION_DEGRADATION,0.0,2026-01-01T00:02:00+00:00,False
2026-01-01T00:02:00Z,ENG-DATASET-001,MSN-LUBRICATION_DEGRADATION-001,CRUISE,8500.0,23.0,0.6395086352047135,0.4304913647952865,3787.554767731819,409.5878345918005,127.67372019161621,62.37034986715318,389.377738386591,7.9586672593100545,6.044340562471027,14.2,3787.554767731819,409.5878345918005,127.67372019161621,62.37034986715318,389.377738386591,7.9586672593100545,6.044340562471027,0.0,0.0,0.0,0.0,0.0,0.0,0.0,0.0,0.0,0.0,0.0,0.0,0.0,0.0,1,LUBRICATION_DEGRADATION,0.0,2026-01-01T00:02:00+00:00,False
2026-01-01T00:02:01Z,ENG-DATASET-001,MSN-LUBRICATION_DEGRADATION-001,CRUISE,8500.0,23.0,0.6365150057011951,0.43348499429880494,3770.6490018760724,408.4761947427487,127.56408637435665,62.497711662764274,387.09741093459917,7.925003136846307,6.44629666199729,14.2,3771.0898054624677,408.309528076082,127.41408637435664,62.20604499609761,388.5544902731234,7.919723321298775,6.425463328663957,-0.4408035863953046,0.16666666666668561,0.15000000000000568,0.2916666666666643,-1.4570793385242382,0.005279815547531541,0.020833333333333037,-0.00011689023840185281,0.0004081870620360099,0.0011772638667226255,0.00468871902537706,-0.0037500000000000653,0.0006666666666665435,0.0032423083391349616,1,LUBRICATION_DEGRADATION,0.008333333333333333,2026-01-01T00:02:00+00:00,True
2026-01-01T00:02:02Z,ENG-DATASET-001,MSN-LUBRICATION_DEGRADATION-001,CRUISE,8500.0,23.0,0.6332636650572961,0.4367363349427038,3752.309690736355,407.2565066841557,127.44575707069153,62.62725194964476,384.7529188090808,7.887978506358232,6.987246813216169,14.2,3753.2074319210224,406.92317335082237,127.14575707069153,62.04391861631142,387.66037159605116,7.877475206083454,6.945580146549502,-0.8977411846672112,0.3333333333333144,0.29999999999999716,0.5833333333333357,-2.907452786970339,0.010503300274778304,0.04166666666666696,-0.0002391930637864361,0.0008191554454578489,0.0023594967454022135,0.009401942145865311,-0.007499999999999884,0.0013333333333333797,0.005999018913829188,1,LUBRICATION_DEGRADATION,0.016666666666666666,2026-01-01T00:02:00+00:00,True
2026-01-01T00:02:03Z,ENG-DATASET-001,MSN-LUBRICATION_DEGRADATION-001,CRUISE,8500.0,23.0,0.6298053493563258,0.44019465064367425,3732.839536703335,405.95084337914193,127.31745244810092,62.758603892120775,382.3588547620286,7.848258010464012,6.89323619925288,14.2,3734.1866955656865,405.45084337914193,126.86745244810092,61.883603892120775,386.7093347782843,7.832592824814384,6.83073619925288,-1.3471588623515345,0.5,0.45000000000000284,0.875,-4.350480016255688,0.015665185649628377,0.0625,-0.0003607636607862359,0.0012331951164112982,0.003547009034362768,0.014139448011550083,-0.011249999999999972,0.00199999999999995,0.009149819020508508,1,LUBRICATION_DEGRADATION,0.025,2026-01-01T00:02:00+00:00,True
2026-01-01T00:02:04Z,ENG-DATASET-001,MSN-LUBRICATION_DEGRADATION-001,CRUISE,8500.0,23.0,0.6261940244581339,0.4438059755418661,3712.5591845327444,404.582540036507,127.17860403753683,62.89148825478308,379.93047712481234,7.806547366837751,6.298169702279816,14.2,3714.324408625631,403.9158733698403,126.57860403753683,61.72482158811641,385.71622043128156,7.785785272777013,6.214836368946483,-1.7652240928864558,0.6666666666666856,0.5999999999999943,1.1666666666666643,-5.7857433064692145,0.020762094060738256,0.08333333333333304,-0.0004752476894013739,0.0016505087089168714,0.004740137597204537,0.018901094189493407,-0.014999999999999977,0.0026666666666666093,0.013408773519721712,1,LUBRICATION_DEGRADATION,0.03333333333333333,2026-01-01T00:02:00+00:00,True
2026-01-01T00:02:05Z,ENG-DATASET-001,MSN-LUBRICATION_DEGRADATION-001,CRUISE,8500.0,23.0,0.6224860438799179,0.44751395612008205,3691.792882852874,403.17580775611594,127.02930549435271,63.025713125040404,377.48346591404203,7.763581856760471,6.052447601295562,14.2,3693.9305154454432,402.34247442278263,126.27930549435271,61.56737979170707,384.69652577227214,7.737789226007113,5.948280934628895,-2.137632592569389,0.8333333333333144,0.75,1.4583333333333357,-7.21305985823011,0.025792630753358026,0.10416666666666696,-0.0005786878187424748,0.0020712039774792588,0.0059392154325202595,0.023686785734054718,-0.01875000000000002,0.00333333333333346,0.01751206236078118,1,LUBRICATION_DEGRADATION,0.041666666666666664,2026-01-01T00:02:00+00:00,True
2026-01-01T00:02:06Z,ENG-DATASET-001,MSN-LUBRICATION_DEGRADATION-001,CRUISE,8500.0,23.0,0.6187392694184348,0.45126073058156524,3670.8567270473463,401.7553399546717,126.87025844378424,63.161172458422364,375.0336741324686,7.720114491983099,6.505116923276968,14.2,3673.323255907286,400.7553399546717,125.97025844378423,61.411172458422364,383.6661627953643,7.6893570637281865,6.380116923276968,-2.4665288599394444,1.0,0.9000000000000057,1.75,-8.632488662895696,0.03075742825491279,0.125,-0.0006714706787574099,0.0024952880231442634,0.0071445435701923375,0.028496443398549585,-0.0225,0.004000000000000005,0.0195921174334525,1,LUBRICATION_DEGRADATION,0.05,2026-01-01T00:02:00+00:00,True
2026-01-01T00:02:07Z,ENG-DATASET-001,MSN-LUBRICATION_DEGRADATION-001,CRUISE,8500.0,23.0,0.6150121682360147,0.45498783176398533,3650.052090307541,400.34591865175696,126.70271389903306,63.29784346191623,372.5968782084811,7.676904067668204,7.004312738429361,14.2,3652.8241994039754,399.1792519850903,125.65271389903306,61.256176795249566,382.6412099701988,7.641244924686335,6.858479405096028,-2.7721090964341784,1.1666666666666856,1.0499999999999972,2.0416666666666643,-10.044331761717729,0.035659142981868897,0.14583333333333304,-0.0007588947469430635,0.0029226635925212407,0.008356365472883568,0.03332997215106961,-0.026250000000000027,0.0046666666666665794,0.021263216628597745,1,LUBRICATION_DEGRADATION,0.058333333333333334,2026-01-01T00:02:00+00:00,True
2026-01-01T00:02:08Z,ENG-DATASET-001,MSN-LUBRICATION_DEGRADATION-001,CRUISE,8500.0,23.0,0.611362900500048,0.45863709949995196,3629.665233799678,398.9720272266564,126.52840985646283,63.43578284905057,370.18853150252374,7.6347032998397815,6.8316869842889725,14.2,3632.753226856159,397.6386938933231,125.32840985646283,61.10244951571723,381.637661342808,7.594200895066095,6.6650203176223055,-3.087993056481082,1.3333333333333144,1.2000000000000028,2.3333333333333357,-11.449129840284229,0.04050240477368661,0.16666666666666696,-0.0008500420655199525,0.003353127735831,0.009574844214287477,0.03818723065649174,-0.029999999999999975,0.005333333333333435,0.025006175333929667,1,LUBRICATION_DEGRADATION,0.06666666666666667,2026-01-01T00:02:00+00:00,True
2026-01-01T00:02:09Z,ENG-DATASET-001,MSN-LUBRICATION_DEGRADATION-001,CRUISE,8500.0,23.0,0.6078484118130254,0.46215158818697455,3609.972118628942,397.6574756625771,126.34950576238097,63.57512201832968,367.8235247316834,7.594247232746658,6.232083334784753,14.2,3613.423539077534,396.1574756625771,124.99950576238098,60.95012201832968,380.67117695387674,7.548953511676598,6.044583334784753,-3.4514204485917617,1.5,1.3499999999999943,2.625,-12.847652222193346,0.04529372107005969,0.1875,-0.0009551663156190293,0.003786373076744888,0.01080004270229908,0.0430680023775929,-0.033750000000000016,0.006000000000000013,0.03101950781636082,1,LUBRICATION_DEGRADATION,0.075,2026-01-01T00:02:00+00:00,True
2026-01-01T00:02:10Z,ENG-DATASET-001,MSN-LUBRICATION_DEGRADATION-001,CRUISE,8500.0,23.0,0.6045235445954568,0.4654764554045433,3591.2457122740702,396.4250436169445,126.16851460989983,63.71606122369677,365.51595702645614,7.556242085791744,6.063259985416225,14.2,3595.1367693809066,394.7583769502778,124.66851460989983,60.799394557030105,379.7568384690453,7.506200747475242,5.8549266520828915,-3.8910571068363424,1.6666666666666856,1.5,2.9166666666666643,-14.24088144258917,0.05004133831650126,0.20833333333333304,-0.0010823112878418793,0.004221991891704966,0.01203190721164561,0.04797196893023035,-0.03749999999999992,0.006666666666666619,0.035582569298151394,1,LUBRICATION_DEGRADATION,0.08333333333333333,2026-01-01T00:02:00+00:00,True
2026-01-01T00:02:11Z,ENG-DATASET-001,MSN-LUBRICATION_DEGRADATION-001,CRUISE,8500.0,23.0,0.6014401822882414,0.46855981771175864,3573.7621271109692,395.29614593449134,125.9882334639388,63.85886282169528,363.27892113888544,7.521354692158888,6.567486113433673,14.2,3578.1782766912215,393.462812601158,124.33823346393879,60.65052948836195,378.9089138345611,7.466599628218618,6.338319446767006,-4.416149580252295,1.8333333333333144,1.6500000000000057,3.2083333333333357,-15.62999269567564,0.05475506394027008,0.22916666666666696,-0.0012341893664213832,0.004659483119162552,0.01327025448273356,0.05289868629999304,-0.04124999999999999,0.007333333333333362,0.03615574579213711,1,LUBRICATION_DEGRADATION,0.09166666666666666,2026-01-01T00:02:00+00:00,True
2026-01-01T00:02:12Z,ENG-DATASET-001,MSN-LUBRICATION_DEGRADATION-001,CRUISE,8500.0,23.0,0.5986464397289263,0.4713535602710737,3557.8020721533794,394.2905244911218,125.81167322982296,64.00384369465766,361.1243060723657,7.490202662892299,7.024908247650886,14.2,3562.812692614989,392.2905244911218,124.01167322982296,60.50384369465766,378.14063463074945,7.430756610012201,6.774908247650886,-5.010620461609506,2.0,1.7999999999999972,3.5,-17.016328558383748,0.059446052880097966,0.25,-0.0014063665126139069,0.005098262321258956,0.01451476262774208,0.057847564489676234,-0.04500000000000006,0.008000000000000047,0.03690086874411684,1,LUBRICATION_DEGRADATION,0.1,2026-01-01T00:02:00+00:00,True
2026-01-01T00:02:13Z,ENG-DATASET-001,MSN-LUBRICATION_DEGRADATION-001,CRUISE,8500.0,23.0,0.5961859123357582,0.47381408766424177,3543.6453504343353,393.42596955348506,125.64198847901113,64.15136696235042,359.06262010474387,7.46334539176028,6.785292931487651,14.2,3549.2797919525647,391.2593028868184,123.69198847901113,60.35970029568375,377.46398959762826,7.39921882857926,6.514459598154318,-5.634441518229323,2.1666666666666856,1.9500000000000028,3.7916666666666714,-18.401369492884385,0.06412656318101995,0.27083333333333304,-0.0015874886874245688,0.005537674505578334,0.015764966057853387,0.06281785111742526,-0.04875000000000002,0.008666666666666626,0.041574182670511266,1,LUBRICATION_DEGRADATION,0.10833333333333334,2026-01-01T00:02:00+00:00,True
2026-01-01T00:02:14Z,ENG-DATASET-001,MSN-LUBRICATION_DEGRADATION-001,CRUISE,8500.0,23.0,0.5940969958157628,0.4759030041842372,3531.558175102401,392.7180731881249,125.4824081274798,64.30183310583998,357.10283683301145,7.441275998438495,6.199986460678857,14.2,3537.7907510925897,390.3847398547916,123.3824081274798,60.21849977250664,376.8895375546295,7.372466312851876,5.90831979401219,-6.232575990188707,2.3333333333333144,2.0999999999999943,4.083333333333336,-19.786700721618047,0.06880968558661849,0.29166666666666696,-0.0017617141398947565,0.005977009588543924,0.017020254604126834,0.0678086194235882,-0.0525,0.009333333333333466,0.0493654163679931,1,LUBRICATION_DEGRADATION,0.11666666666666667,2026-01-01T00:02:00+00:00,True
2026-01-01T00:02:15Z,ENG-DATASET-001,MSN-LUBRICATION_DEGRADATION-001,CRUISE,8500.0,23.0,0.5924122870125784,0.4775877129874216,3521.7753419350583,392.18001667400773,125.33616773158202,64.4556706367388,355.2522664856051,7.424414290887726,6.118889667019541,14.2,3528.5248526750756,389.68001667400773,123.08616773158202,60.080670636738795,376.42624263375376,7.3509052385026985,5.806389667019541,-6.749510740017286,2.5,2.25,4.375000000000007,-21.173976148148654,0.07350905238502747,0.3125,-0.0019128420577512126,0.006415520152503509,0.018279876946909645,0.07281876106963316,-0.056250000000000015,0.010000000000000066,0.053820018621038974,1,LUBRICATION_DEGRADATION,0.125,2026-01-01T00:02:00+00:00,True
2026-01-01T00:02:16Z,ENG-DATASET-001,MSN-LUBRICATION_DEGRADATION-001,CRUISE,8500.0,23.0,0.5911580752436133,0.4788419247563867,3514.4811265160665,391.82239337463494,125.20644412612303,64.61332645229946,353.51645433345107,7.413100812611513,6.673114409776696,14.2,3521.626687945767,389.15572670796826,122.80644412612303,59.9466597856328,376.0813343972884,7.334862281607698,6.339781076443363,-7.145561429700592,2.6666666666666856,2.4000000000000057,4.666666666666664,-22.564880063837336,0.07823853100381495,0.33333333333333304,-0.002029051362587423,0.006852441024638488,0.019542948393939247,0.07784698402470637,-0.06000000000000009,0.010666666666666599,0.052578051089476115,1,LUBRICATION_DEGRADATION,0.13333333333333333,2026-01-01T00:02:00+00:00,True
2026-01-01T00:02:17Z,ENG-DATASET-001,MSN-LUBRICATION_DEGRADATION-001,CRUISE,8500.0,23.0,0.5903539320640401,0.4796460679359599,3509.7936061991345,391.65306811457356,125.09629308304173,64.77525602193197,351.8991075901955,7.407592026916472,7.087375646662117,14.2,3517.2039004581147,388.81973478124024,122.54629308304173,59.81692268859864,375.8601950229057,7.3245801189022455,6.73320897999545,-7.41029425898023,2.8333333333333144,2.549999999999997,4.958333333333329,-23.9610874327102,0.08301190801422642,0.35416666666666696,-0.0021068708180424344,0.0072870100971788865,0.020808462955889055,0.08289181573492092,-0.0637499999999999,0.011333333333333466,0.052599981334146305,1,LUBRICATION_DEGRADATION,0.14166666666666666,2026-01-01T00:02:00+00:00,True
2026-01-01T00:02:18Z,ENG-DATASET-001,MSN-LUBRICATION_DEGRADATION-001,CRUISE,8500.0,23.0,0.5900124058592234,0.4799875941407765,3507.7566354433534,391.6770737767135,125.0085906191554,64.94191355354744,350.402051732712,7.408056678349874,6.790896758769881,14.2,3515.3255063316233,388.6770737767135,122.3085906191554,59.691913553547444,375.7662753165812,7.320214109041378,6.415896758769881,-7.568870888269885,3.0,2.700000000000003,5.249999999999993,-25.364223583869205,0.08784256930849654,0.375,-0.0021531066965597423,0.007718489724257404,0.022075309561920022,0.08795161165825935,-0.06749999999999994,0.012000000000000002,0.058448571431174136,1,LUBRICATION_DEGRADATION,0.15,2026-01-01T00:02:00+00:00,True
2026-01-01T00:02:19Z,ENG-DATASET-001,MSN-LUBRICATION_DEGRADATION-001,CRUISE,8500.0,23.0,0.5901388260313631,0.4798611739686368,3508.3419822040933,391.8965455810593,124.94597853009967,65.11374228863542,349.02521670236536,7.414573360990678,6.235258439331238,14.2,3516.020817278392,388.7298789143926,122.09597853009967,59.57207562196876,375.80104086391964,7.321830178726806,5.839425105997905,-7.678835074298604,3.1666666666666856,2.8499999999999943,5.541666666666664,-26.775824161554283,0.09274318226387201,0.39583333333333304,-0.0021839560893847257,0.008146187978938608,0.023342292140255863,0.09302456912585785,-0.07125000000000002,0.012666666666666548,0.06778635330501233,1,LUBRICATION_DEGRADATION,0.15833333333333333,2026-01-01T00:02:00+00:00,True
2026-01-01T00:02:20Z,ENG-DATASET-001,MSN-LUBRICATION_DEGRADATION-001,CRUISE,8500.0,23.0,0.5907312198359552,0.4792687801640447,3511.461576991353,392.31069330822726,124.91081467646205,65.29116507315491,347.7666529731688,7.427129313927819,6.247477240843995,14.2,3519.278983203648,388.97735997489394,121.91081467646205,59.457831739821586,375.96394916018244,7.329403928218242,5.830810574177328,-7.817406212294827,3.3333333333333144,3.0,5.833333333333329,-28.19729618701365,0.09772538570957678,0.41666666666666696,-0.0022213090379037057,0.008569479039984383,0.024608153164767797,0.09810874636093538,-0.07499999999999991,0.013333333333333364,0.07145947572228492,1,LUBRICATION_DEGRADATION,0.16666666666666666,2026-01-01T00:02:00+00:00,True
2026-01-01T00:02:21Z,ENG-DATASET-001,MSN-LUBRICATION_DEGRADATION-001,CRUISE,8500.0,23.0,0.5917803431658103,0.47821965683418965,3516.987109174746,392.91581157183236,124.90512849811167,65.47457534718984,346.62257700241605,7.44562045568199,6.845141643475022,14.2,3525.049161517851,389.41581157183236,121.75512849811166,59.349575347189834,376.2524580758926,7.342820962211035,6.407641643475022,-8.062052343105279,3.5,3.1500000000000057,6.125000000000007,-29.629881073476554,0.10279949347095485,0.4375,-0.002287075150927495,0.00898782200412626,0.025871600144127482,0.1032020863530917,-0.07875000000000003,0.014000000000000049,0.06827785078235633,1,LUBRICATION_DEGRADATION,0.175,2026-01-01T00:02:00+00:00,True
2026-01-01T00:02:22Z,ENG-DATASET-001,MSN-LUBRICATION_DEGRADATION-001,CRUISE,8500.0,23.0,0.5932698248022544,0.47673017519774563,3524.7720839306803,393.7053281017243,124.93058218417693,65.66432868995224,345.58744512002676,7.4698526610554135,7.211131595948461,14.2,3533.2413105182936,390.03866143505763,121.63058218417693,59.24766202328558,376.6620655259147,7.3618784438785285,6.752798262615128,-8.46922658761332,3.6666666666666856,3.299999999999997,6.416666666666664,-31.07462040588797,0.10797421717688493,0.45833333333333304,-0.0023970133493007766,0.009400777484919132,0.02713133441228647,0.10830244515209358,-0.08250000000000002,0.014666666666666646,0.06787309727150596,1,LUBRICATION_DEGRADATION,0.18333333333333332,2026-01-01T00:02:00+00:00,True
2026-01-01T00:02:23Z,ENG-DATASET-001,MSN-LUBRICATION_DEGRADATION-001,CRUISE,8500.0,23.0,0.5951764218825207,0.4748235781174793,3534.670559079685,394.6698898515845,124.98843787871552,65.86073504821172,344.6540544718802,7.499544275440493,6.864141504169614,14.2,3543.7275944597586,390.8365565182512,121.53843787871551,59.152401714878394,377.1863797229879,7.38628786156319,6.384974837502947,-9.057035380073557,3.8333333333333144,3.450000000000003,6.708333333333329,-32.53232525110769,0.1132564138773029,0.47916666666666696,-0.00255579333869603,0.009808021459103982,0.02838608147525143,0.11340762401615224,-0.08624999999999997,0.015333333333333421,0.07504597572604699,1,LUBRICATION_DEGRADATION,0.19166666666666665,2026-01-01T00:02:00+00:00,True
2026-01-01T00:02:24Z,ENG-DATASET-001,MSN-LUBRICATION_DEGRADATION-001,CRUISE,8500.0,23.0,0.5974703825968497,0.4725296174031503,3546.5474370787774,395.7974865671218,125.079531255022,66.06405176571874,343.81366921667984,7.534329852500475,6.34802917110906,14.2,3556.3443783885677,391.7974865671218,121.47953125502201,59.06405176571875,377.8172189194284,7.41567898868157,5.84802917110906,-9.796941309790327,4.0,3.5999999999999943,6.999999999999993,-34.00354970274856,0.118650863818905,0.5,-0.002754778578060392,0.010209355948266732,0.029634622086600858,0.11851540472986732,-0.09000000000000001,0.015999999999999983,0.08549888951822322,1,LUBRICATION_DEGRADATION,0.2,2026-01-01T00:02:00+00:00,True
2026-01-01T00:02:25Z,ENG-DATASET-001,MSN-LUBRICATION_DEGRADATION-001,CRUISE,8500.0,23.0,0.6001159104555293,0.46988408954447075,3560.2773035468986,397.07361122439386,125.20425174346299,66.27447751883902,343.0561697917623,7.573765090914874,6.452380474144475,14.2,3570.894781611305,392.9069445577272,121.45425174346299,58.982810852172356,378.54473908056525,7.4496050074572535,5.9315471408111415,-10.617478064406441,4.166666666666686,3.75,7.291666666666664,-35.48856928880298,0.1241600834576202,0.520833333333333,-0.0029733382565855066,0.010604716267758676,0.03087582316937567,0.12362358730141987,-0.09374999999999996,0.016666666666666573,0.08780733271928592,1,LUBRICATION_DEGRADATION,0.20833333333333334,2026-01-01T00:02:00+00:00,True
2026-01-01T00:02:26Z,ENG-DATASET-001,MSN-LUBRICATION_DEGRADATION-001,CRUISE,8500.0,23.0,0.6030717228811443,0.46692827711885565,3575.731880922886,398.4814564544269,125.36252964714404,66.49214724961685,342.3702227165925,7.617332934199254,7.080971882942422,14.2,3587.1517499521883,394.1481231210936,121.46252964714404,58.90881391628351,379.3575874976094,7.487548755765976,6.539305216275755,-11.41986902930239,4.333333333333314,3.9000000000000057,7.583333333333336,-36.987364781016936,0.12978417843327783,0.541666666666667,-0.0031835477909331828,0.010994174725530763,0.03210866767989882,0.12873002916185278,-0.09750000000000004,0.017333333333333454,0.08283244912907663,1,LUBRICATION_DEGRADATION,0.21666666666666667,2026-01-01T00:02:00+00:00,True
2026-01-01T00:02:27Z,ENG-DATASET-001,MSN-LUBRICATION_DEGRADATION-001,CRUISE,8500.0,23.0,0.6062916954093903,0.4637083045906097,3592.759413285167,400.0021456978853,125.55383032487676,66.71712817205758,341.74346809866074,7.664450784214893,7.389261939174523,14.2,3604.8615988575407,395.5021456978853,121.50383032487676,58.842128172057585,380.24307994287705,7.528930043433097,6.826761939174523,-12.102185572373855,4.5,4.049999999999997,7.875,-38.499611844216304,0.13552074078179555,0.5625,-0.003357184524423712,0.011377940799940547,0.03333228252287285,0.1338326849255532,-0.10125,0.017999999999999974,0.08239631102004068,1,LUBRICATION_DEGRADATION,0.225,2026-01-01T00:02:00+00:00,True
2026-01-01T00:02:28Z,ENG-DATASET-001,MSN-LUBRICATION_DEGRADATION-001,CRUISE,8500.0,23.0,0.6097255814459116,0.4602744185540884,3611.1618355486376,401.61499737560786,125.77715556011262,66.9494169108032,341.1627217496138,7.714478763770847,6.993936711362547,14.2,3623.747972058408,396.94833070894117,121.57715556011262,58.78275024413653,381.18739860292044,7.5731139696703345,6.410603378029214,-12.586136509770313,4.666666666666686,4.200000000000003,8.166666666666664,-40.02467685330663,0.14136479410051273,0.583333333333333,-0.0034732372689320816,0.011756357958054943,0.034545963677554165,0.1389296457336355,-0.10499999999999995,0.018666666666666644,0.09099507471208815,1,LUBRICATION_DEGRADATION,0.23333333333333334,2026-01-01T00:02:00+00:00,True
2026-01-01T00:02:29Z,ENG-DATASET-001,MSN-LUBRICATION_DEGRADATION-001,CRUISE,8500.0,23.0,0.6133197963476013,0.4566802036523988,3630.6766732343644,403.2978198177494,126.03105216621175,67.1889378138301,340.61418861341383,7.766728946743789,6.5216293041048985,14.2,3643.5161540177014,398.4644864844161,121.68105216621176,58.730604480496766,382.1758077008851,7.619420157040995,5.9174626374382315,-12.839480783336967,4.833333333333314,4.349999999999994,8.458333333333329,-41.561619087471286,0.1473087897027936,0.604166666666667,-0.0035239258563953078,0.012129897386783415,0.03574919778025964,0.14401917719307944,-0.10875000000000008,0.019333333333333466,0.10209894065815696,1,LUBRICATION_DEGRADATION,0.24166666666666667,2026-01-01T00:02:00+00:00,True
2026-01-01T00:02:30Z,ENG-DATASET-001,MSN-LUBRICATION_DEGRADATION-001,CRUISE,8500.0,23.0,0.6170182535930345,0.4529817464069655,3650.969887232175,405.0272340739738,126.31362780143992,67.43554246259913,340.0836840559991,7.82047545563449,6.7106832979863,14.2,3663.8576688675844,400.0272340739738,121.81362780143992,58.68554246259912,383.19288344337923,7.6671327996416565,6.0856832979863,-12.887781635409283,5.0,4.5,8.750000000000007,-43.10919938738016,0.1533426559928337,0.625,-0.0035175442935239908,0.01249914899312928,0.03694167952484875,0.14909975494520594,-0.11249999999999999,0.020000000000000073,0.10270005345279914,1,LUBRICATION_DEGRADATION,0.25,2026-01-01T00:02:00+00:00,True
2026-01-01T00:02:31Z,ENG-DATASET-001,MSN-LUBRICATION_DEGRADATION-001,CRUISE,8500.0,23.0,0.6207632399938777,0.44923676000612234,3671.643414793375,406.7790210451537,126.62257388075811,67.68901038451763,339.5568594693163,7.87496530686099,7.352849154660189,14.2,3684.4550940722215,401.612354378487,121.9725738807581,58.64734371785096,384.2227547036111,7.715511404501298,6.707015821326856,-12.81167927884644,5.166666666666686,4.650000000000006,9.041666666666671,-44.665895234294794,0.1594539023596928,0.645833333333333,-0.003477224976756715,0.01286481008449636,0.03812332438393817,0.15417009694702655,-0.11625000000000002,0.02066666666666658,0.09629220364736923,1,LUBRICATION_DEGRADATION,0.2583333333333333,2026-01-01T00:02:00+00:00,True
2026-01-01T00:02:32Z,ENG-DATASET-001,MSN-LUBRICATION_DEGRADATION-001,CRUISE,8500.0,23.0,0.6244963162898886,0.44550368371011145,3692.257528512973,408.5284886564516,126.95519537576025,67.94905095392336,339.01942860281235,7.929429863956546,7.59112710718239,14.2,3704.9870137002818,403.1951553231183,122.15519537576026,58.61571762059003,385.24935068501406,7.763802086119333,6.924460440515723,-12.72948518730891,5.333333333333314,4.799999999999997,9.333333333333329,-46.22992208220171,0.16562777783721305,0.666666666666667,-0.0034357705277340746,0.013227672165503109,0.039294276311660506,0.15922919162649293,-0.12000000000000006,0.021333333333333412,0.09627705615385314,1,LUBRICATION_DEGRADATION,0.26666666666666666,2026-01-01T00:02:00+00:00,True
2026-01-01T00:02:33Z,ENG-DATASET-001,MSN-LUBRICATION_DEGRADATION-001,CRUISE,8500.0,23.0,0.6281592290740277,0.44184077092597235,3712.3642468640155,410.25085406218335,127.30844718973881,68.21530644936027,338.4573910526966,7.983096738954786,7.147052261616129,14.2,3725.133034013046,404.75085406218335,122.35844718973881,58.59030644936027,386.25665170065236,7.811249255337364,6.459552261616129,-12.768787149030686,5.5,4.950000000000003,9.625,-47.79926064795575,0.1718474836174222,0.6875,-0.003427739904170619,0.013588606286560213,0.040454910254983344,0.16427632117471358,-0.12375000000000005,0.022000000000000023,0.10643152530636743,1,LUBRICATION_DEGRADATION,0.275,2026-01-01T00:02:00+00:00,True
2026-01-01T00:02:34Z,ENG-DATASET-001,MSN-LUBRICATION_DEGRADATION-001,CRUISE,8500.0,23.0,0.6316948198173914,0.43830518018260867,3731.5449059479383,411.9216351698257,127.6789766833439,68.48735621697524,337.857249412805,8.035201963498588,6.719128531555037,14.2,3744.578783101547,406.25496850315903,122.57897668334391,58.57068955030857,387.22893915507734,7.857107526237212,6.010795198221704,-13.0338771536085,5.666666666666686,5.099999999999994,9.916666666666671,-49.37168974227234,0.1780944372613762,0.708333333333333,-0.003480732522554338,0.01394854735572944,0.041605829465967345,0.16931107936075898,-0.12749999999999995,0.02266666666666659,0.11784353150859203,1,LUBRICATION_DEGRADATION,0.2833333333333333,2026-01-01T00:02:00+00:00,True
2026-01-01T00:02:35Z,ENG-DATASET-001,MSN-LUBRICATION_DEGRADATION-001,CRUISE,8500.0,23.0,0.6350479168089384,0.4349520831910616,3749.443513001905,413.5170451328989,128.06317180999866,68.764721872703,337.2062167191103,8.08500223458531,6.98159286873238,14.2,3763.0208165550553,407.6837117995656,122.81317180999866,58.55638853936968,388.1510408277528,7.9006536494318995,6.252426202065713,-13.57730355315016,5.833333333333314,5.25,10.208333333333329,-50.944824108642536,0.18434858515341102,0.729166666666667,-0.003608086219831177,0.014308477784369335,0.042747857763352534,0.17433338339282792,-0.13124999999999995,0.023333333333333338,0.11662139513550125,1,LUBRICATION_DEGRADATION,0.2916666666666667,2026-01-01T00:02:00+00:00,True
2026-01-01T00:02:36Z,ENG-DATASET-001,MSN-LUBRICATION_DEGRADATION-001,CRUISE,8500.0,23.0,0.638166196091588,0.431833803908412,3765.7881267568137,415.0143829308334,128.45721420226963,69.04687345979085,336.4924110003665,8.131787026379115,7.617963775116199,14.2,3780.1713526096287,409.0143829308334,123.05721420226963,58.54687345979084,389.0085676304815,7.941198267948354,6.867963775116199,-14.38322585281503,6.0,5.3999999999999915,10.500000000000007,-52.516156630115006,0.19058875843076084,0.75,-0.0038049137224654165,0.014669410784546012,0.043882027031133586,0.1793434794978635,-0.135,0.024000000000000042,0.10920267266367617,1,LUBRICATION_DEGRADATION,0.3,2026-01-01T00:02:00+00:00,True
2026-01-01T00:02:37Z,ENG-DATASET-001,MSN-LUBRICATION_DEGRADATION-001,CRUISE,8500.0,23.0,0.64100099796007,0.42899900203993,3780.3951900644856,416.39241276795264,128.8571364345748,69.33323646339761,335.70503397679045,8.174890350174184,7.773993214940652,14.2,3795.76276288628,410.22574610128595,123.30713643457482,58.54156979673094,389.788138144314,7.978097283839477,7.003159881607319,-15.36757282179451,6.166666666666686,5.549999999999997,10.791666666666671,-54.08310416752357,0.19679306633470706,0.770833333333333,-0.004048612566637089,0.01503237357789854,0.04500956035861522,0.18434194204456225,-0.13875,0.02466666666666666,0.11006936102627098,1,LUBRICATION_DEGRADATION,0.30833333333333335,2026-01-01T00:02:00+00:00,True
2026-01-01T00:02:38Z,ENG-DATASET-001,MSN-LUBRICATION_DEGRADATION-001,CRUISE,8500.0,23.0,0.6435080862793506,0.4264919137206494,3793.1558725952937,417.6317248193255,129.25888257826713,69.62319957071499,334.8345312230396,8.213701940280952,7.281095992635233,14.2,3809.551748642323,411.29839148599217,123.55888257826714,58.53986623738165,390.47758743211614,8.010762620560095,6.489429325968566,-16.39587604702956,6.333333333333314,5.699999999999989,11.083333333333336,-55.64305620907652,0.20293931972085666,0.791666666666667,-0.004303885897565992,0.01539839071689881,0.0461318513170381,0.18932966618662822,-0.14249999999999993,0.025333333333333447,0.12199326426110796,1,LUBRICATION_DEGRADATION,0.31666666666666665,2026-01-01T00:02:00+00:00,True
2026-01-01T00:02:39Z,ENG-DATASET-001,MSN-LUBRICATION_DEGRADATION-001,CRUISE,8500.0,23.0,0.645648338774725,0.42435166122527496,3804.008051413377,418.71506985807974,129.6583710668924,69.91612305350819,333.8727314263488,8.24767764507038,6.897485868050643,14.2,3821.323137366882,412.21506985807974,123.80837106689242,58.541123053508194,391.06615686834414,8.038672168684581,6.084985868050643,-17.315085953504877,6.5,5.849999999999994,11.374999999999993,-57.193425441995316,0.20900547638579958,0.8125,-0.004531175546027232,0.015768467664799023,0.047250439930586745,0.19430785414900445,-0.14624999999999996,0.026000000000000058,0.13352537172946446,1,LUBRICATION_DEGRADATION,0.325,2026-01-01T00:02:00+00:00,True
2026-01-01T00:02:40Z,ENG-DATASET-001,MSN-LUBRICATION_DEGRADATION-001,CRUISE,8500.0,23.0,0.6473883575218288,0.4226116424781712,3812.901388937388,419.6276605375202,130.05155880697453,70.21134764034161,332.812962720228,8.276348810163311,7.2215546870955105,14.2,3830.8932404759526,412.96099387085354,124.05155880697451,58.54468097367495,391.5446620237976,8.061378711198032,6.3882213537621775,-17.991851538564333,6.666666666666686,6.000000000000014,11.666666666666664,-58.731699303569656,0.21497009896527963,0.833333333333333,-0.004696516036643458,0.016143574733723087,0.04836698593474408,0.1992779954153763,-0.15000000000000002,0.026666666666666516,0.13044841234916868,1,LUBRICATION_DEGRADATION,0.3333333333333333,2026-01-01T00:02:00+00:00,True
2026-01-01T00:02:41Z,ENG-DATASET-001,MSN-LUBRICATION_DEGRADATION-001,CRUISE,8500.0,23.0,0.6487009901100778,0.42129900988992225,3819.76502589752,420.3574325818793,130.43450540749072,70.50820373819033,331.65014445278524,8.299330455031795,7.834275172286406,14.2,3838.1127197113215,413.524099248546,124.28450540749071,58.549870404856996,391.90563598556605,8.078517639550741,6.980108505619739,-18.34769381380147,6.833333333333314,6.150000000000006,11.958333333333336,-60.25549153278081,0.2208128154810538,0.854166666666667,-0.004780394728787816,0.016524631444094346,0.04948323992468767,0.2042418411969932,-0.15375000000000008,0.02733333333333336,0.12237154565419302,1,LUBRICATION_DEGRADATION,0.3416666666666667,2026-01-01T00:02:00+00:00,True
2026-01-01T00:02:42Z,ENG-DATASET-001,MSN-LUBRICATION_DEGRADATION-001,CRUISE,8500.0,23.0,0.6495657533469535,0.4204342466530464,3824.4870743221545,420.895259859114,130.8034363632195,70.8060208577605,330.38085315028314,8.316328065010724,7.8992906105364575,14.2,3842.868917514139,413.895259859114,124.50343636321949,58.55602085776051,392.14344587570696,8.08981329281199,7.0242906105364575,-18.381843191984444,7.0,6.300000000000011,12.249999999999993,-61.762592725423815,0.22651477219873506,0.875,-0.004783364612882821,0.016912491344749234,0.050601012984258016,0.2092013736684173,-0.15749999999999992,0.02799999999999992,0.12456773908065497,1,LUBRICATION_DEGRADATION,0.35,2026-01-01T00:02:00+00:00,True
2026-01-01T00:02:43Z,ENG-DATASET-001,MSN-LUBRICATION_DEGRADATION-001,CRUISE,8500.0,23.0,0.6499691528913724,0.42003084710862765,3826.91235261338,421.23511825230656,131.15480401653855,71.10413709373404,329.00336185441654,8.327142847495073,7.36096131984848,14.2,3845.0876150084423,414.0684515856399,124.70480401653855,58.56247042706737,392.2543807504221,8.095083779159177,6.465127986515147,-18.17526239506242,7.166666666666686,6.450000000000003,12.541666666666671,-63.251018896005576,0.2320590683358965,0.895833333333333,-0.00472687860846638,0.01730792732269881,0.05172214535652206,0.21415877054377058,-0.16125000000000003,0.02866666666666668,0.13856389776070124,1,LUBRICATION_DEGRADATION,0.35833333333333334,2026-01-01T00:02:00+00:00,True
2026-01-01T00:02:44Z,ENG-DATASET-001,MSN-LUBRICATION_DEGRADATION-001,CRUISE,8500.0,23.0,0.649904893828364,0.42009510617163603,3826.860259042798,421.37419438462035,131.48534514116687,71.40190851036365,327.51765243925917,8.331675333187928,7.023958750478482,14.2,3844.7341901618965,414.04086105128704,124.88534514116687,58.56857517703032,392.2367095080948,8.094244170843194,6.107292083811815,-17.873931119098415,7.333333333333314,6.6000000000000085,12.833333333333336,-64.71905706883564,0.23743116234473405,0.916666666666667,-0.004648938063087729,0.017711617434842834,0.05284847467522755,0.21911636563708603,-0.16499999999999998,0.029333333333333378,0.15009379837856668,1,LUBRICATION_DEGRADATION,0.36666666666666664,2026-01-01T00:02:00+00:00,True
2026-01-01T00:02:45Z,ENG-DATASET-001,MSN-LUBRICATION_DEGRADATION-001,CRUISE,8500.0,23.0,0.6493739788991146,0.4206260211008854,3824.1594338397545,421.31293654661533,131.79213404071555,71.69871828438767,325.9254009439957,8.32992723963865,7.400376556609981,14.2,3841.8141580510246,413.81293654661533,125.04213404071557,58.57371828438766,392.09070790255123,8.087307999649175,6.462876556609981,-17.65472421127015,7.5,6.749999999999986,13.125000000000007,-66.1653069585555,0.24261923998947488,0.9375,-0.004595413386738753,0.01812413131061005,0.053981804227702046,0.22407660610302021,-0.16874999999999996,0.029999999999999954,0.1450592459546765,1,LUBRICATION_DEGRADATION,0.375,2026-01-01T00:02:00+00:00,True
2026-01-01T00:02:46Z,ENG-DATASET-001,MSN-LUBRICATION_DEGRADATION-001,CRUISE,8500.0,23.0,0.6483846928535261,0.4216153071464739,3818.691243640641,421.0550465749414,132.07263013435087,71.9939854610828,324.2299363836119,8.322001553696115,7.976075379173419,14.2,3836.3730848002874,413.3883799082747,125.17263013435088,58.57731879441613,391.8186542400144,8.074387018463243,7.017742045840086,-17.68184115964641,7.666666666666686,6.8999999999999915,13.416666666666671,-67.58871785640247,0.2476145352328718,0.958333333333333,-0.004608999377485437,0.018545917203497145,0.05512387166902262,0.22904200709073103,-0.17249999999999996,0.030666666666666544,0.13655864337467424,1,LUBRICATION_DEGRADATION,0.3833333333333333,2026-01-01T00:02:00+00:00,True
2026-01-01T00:02:47Z,ENG-DATASET-001,MSN-LUBRICATION_DEGRADATION-001,CRUISE,8500.0,23.0,0.6469524731694647,0.42304752683053537,3810.4313570877403,420.6074128822872,132.32471910963966,72.2871731853713,322.4361739149068,8.308100830450249,7.947351151023416,14.2,3828.4958765379506,412.77407954895386,125.27471910963965,58.57883985203797,391.42479382689754,8.055689234437862,6.968184484356749,-18.064519450210355,7.833333333333314,7.050000000000011,13.708333333333329,-68.98861991199072,0.2524115960123865,0.979166666666667,-0.004718437744941708,0.01897728980921706,0.05627631855897355,0.23401510456606306,-0.17625000000000007,0.03133333333333335,0.14051962442510682,1,LUBRICATION_DEGRADATION,0.39166666666666666,2026-01-01T00:02:00+00:00,True
2026-01-01T00:02:48Z,ENG-DATASET-001,MSN-LUBRICATION_DEGRADATION-001,CRUISE,8500.0,23.0,0.6450996691560816,0.4249003308439183,3799.4785589764606,419.9799862812247,132.5467468557063,72.57779627814767,320.5505236330381,8.288523747209842,7.372519051935438,14.2,3818.3054544643433,411.9799862812247,125.3467468557063,58.577796278147666,390.9152727232172,8.031515258924266,6.372519051935438,-18.826895487882666,8.0,7.199999999999989,14.000000000000007,-70.36474909017909,0.2570084882855763,1.0,-0.004930693919699472,0.019418419016449653,0.05744066105112655,0.238998407067469,-0.18,0.03199999999999998,0.15692381487604712,1,LUBRICATION_DEGRADATION,0.4,2026-01-01T00:02:00+00:00,True
2026-01-01T00:02:49Z,ENG-DATASET-001,MSN-LUBRICATION_DEGRADATION-001,CRUISE,8500.0,23.0,0.6428551932003197,0.4271448067996803,3786.0626135753714,419.18560162093837,132.73754554399247,72.86542803826374,318.58077664813106,8.263659990529222,7.088564712718052,14.2,3805.960836707652,411.0189349542717,125.38754554399246,58.57376137159707,390.2980418353826,8.002253057323326,6.067731379384719,-19.89822313228069,8.166666666666686,7.3500000000000085,14.291666666666671,-71.71726518725154,0.2614069332058957,1.020833333333333,-0.005228173380126963,0.019869319810230338,0.058618262030029504,0.2439943471616768,-0.18374999999999997,0.03266666666666671,0.16823970434842284,1,LUBRICATION_DEGRADATION,0.4083333333333333,2026-01-01T00:02:00+00:00,True
2026-01-01T00:02:50Z,ENG-DATASET-001,MSN-LUBRICATION_DEGRADATION-001,CRUISE,8500.0,23.0,0.6402540695987841,0.429745930401216,3770.5278641992927,418.239749511568,132.89645139404908,73.14970616274788,316.53597043653025,8.233983590808405,7.512271368218871,14.2,3791.654656899207,409.9064161782347,125.39645139404908,58.56637282941454,389.58273284496033,7.968371216911359,6.470604701552204,-21.126792699914404,8.333333333333314,7.5,14.583333333333336,-73.04676240843008,0.26561237389704573,1.041666666666667,-0.0055719190199646955,0.020329843604374887,0.05981030496973,0.24900523335822775,-0.18750000000000006,0.03333333333333339,0.1609844388140086,1,LUBRICATION_DEGRADATION,0.4166666666666667,2026-01-01T00:02:00+00:00,True
2026-01-01T00:02:51Z,ENG-DATASET-001,MSN-LUBRICATION_DEGRADATION-001,CRUISE,8500.0,23.0,0.6373368880153083,0.43266311198469176,3753.2951826567387,417.1603034992343,133.02331384212502,73.43033769164434,314.4262357718118,8.200044851285599,8.043414873612797,14.2,3775.6101581900907,408.6603034992343,125.37331384212503,58.55533769164434,388.78050790950454,7.930410881320695,6.9809148736127975,-22.314975533352026,8.5,7.6499999999999915,14.875,-74.35427213769276,0.26963396996490374,1.0624999999999991,-0.005910296507955453,0.020799671333910037,0.06101776977541784,0.2540332032296112,-0.19125000000000006,0.034000000000000016,0.1522006813198868,1,LUBRICATION_DEGRADATION,0.425,2026-01-01T00:02:00+00:00,True
2026-01-01T00:02:52Z,ENG-DATASET-001,MSN-LUBRICATION_DEGRADATION-001,CRUISE,8500.0,23.0,0.6341491700928259,0.4358508299071741,3734.810381641629,415.9672089389061,133.11849601471852,73.70710289912934,312.26262781206157,8.162461045296556,7.925049698887202,14.2,3758.077709616436,407.3005422722394,125.3184960147185,58.540436232462675,387.9038854808218,7.888976525737652,6.841716365553869,-23.267327974806904,8.666666666666686,7.800000000000011,15.166666666666664,-75.64125766876026,0.2734845195589042,1.083333333333333,-0.0061912844205612915,0.021278308686546978,0.06224141086950095,0.25908017846741344,-0.195,0.034666666666666526,0.15834233333430978,1,LUBRICATION_DEGRADATION,0.43333333333333335,2026-01-01T00:02:00+00:00,True
2026-01-01T00:02:53Z,ENG-DATASET-001,MSN-LUBRICATION_DEGRADATION-001,CRUISE,8500.0,23.0,0.6307406591033574,0.4392593408966426,3715.4908528157703,414.68214046725967,133.1828665915948,73.9798580690499,310.0569441481728,8.121906076770255,7.328369513467255,14.2,3739.33089917436,405.84880713392636,125.23286659159481,58.52152473571656,386.96654495871803,7.844725766358906,6.224202846800589,-23.840046358589916,8.833333333333314,7.949999999999989,15.458333333333336,-76.90960081054521,0.2771803104113495,1.104166666666666,-0.0063754845456051425,0.021765083888538806,0.06348173779273343,0.2641478225856765,-0.19875,0.03533333333333352,0.17739888847521063,1,LUBRICATION_DEGRADATION,0.44166666666666665,2026-01-01T00:02:00+00:00,True
2026-01-01T00:02:54Z,ENG-DATASET-001,MSN-LUBRICATION_DEGRADATION-001,CRUISE,8500.0,23.0,0.6271645437208875,0.4428354562791125,3695.682992464839,413.3281353915534,133.21778331722416,74.24853711048561,307.82153279975967,8.07909931366477,7.107882749093877,14.2,3719.662264570775,404.3281353915534,125.11778331722417,58.49853711048561,385.98311322853874,7.7983584108733295,5.982882749093877,-23.979272105935706,9.0,8.099999999999994,15.750000000000007,-78.16158042877908,0.2807409027914405,1.125,-0.006446626172041122,0.022259148479203295,0.06473899860792146,0.2692375019610001,-0.20249999999999996,0.03600000000000008,0.18803644450000032,1,LUBRICATION_DEGRADATION,0.45,2026-01-01T00:02:00+00:00,True
2026-01-01T00:02:55Z,ENG-DATASET-001,MSN-LUBRICATION_DEGRADATION-001,CRUISE,8500.0,23.0,0.6234766280298968,0.4465233719701032,3675.640618010723,411.92921048420044,133.2250685809401,74.51315198707786,305.56909327822865,8.03479381235108,7.577650270615006,14.2,3699.3787282703274,402.76254381753375,124.97506858094009,58.4714853204112,384.9689364135164,7.750604963682713,6.431816937281673,-23.738110259604582,9.166666666666686,8.250000000000014,16.041666666666664,-79.39984313528777,0.28418884866836613,1.145833333333333,-0.006416782925792385,0.02275948150436631,0.0660131664153231,0.2743502508746233,-0.20625000000000002,0.03666666666666667,0.1781508000782132,1,LUBRICATION_DEGRADATION,0.4583333333333333,2026-01-01T00:02:00+00:00,True
2026-01-01T00:02:56Z,ENG-DATASET-001,MSN-LUBRICATION_DEGRADATION-001,CRUISE,8500.0,23.0,0.6197344607212879,0.4502655392787121,3655.529551571414,410.5099696191227,133.2069776299908,74.77379195242362,303.31247391888263,7.989764153064343,8.061832268545706,14.2,3678.796808072978,401.1766362857894,124.80697762999081,58.44045861909029,383.9398404036489,7.702214800511897,6.8951656018790395,-23.267256501564134,9.333333333333314,8.399999999999991,16.33333333333333,-80.62736648476624,0.2875493525524453,1.166666666666666,-0.006324691934739379,0.023264897526795288,0.06730392931157314,0.2794867411940167,-0.20999999999999994,0.03733333333333348,0.169200673925617,1,LUBRICATION_DEGRADATION,0.4666666666666667,2026-01-01T00:02:00+00:00,True
2026-01-01T00:02:57Z,ENG-DATASET-001,MSN-LUBRICATION_DEGRADATION-001,CRUISE,8500.0,23.0,0.6159964370643114,0.4540035629356886,3635.4570389748105,409.0952094285136,133.16616010270457,75.03062160250198,301.0644687147871,7.944794102974812,7.8634571743928765,14.2,3658.237677959607,399.5952094285136,124.61616010270457,58.40562160250199,382.9118838979804,7.653944222519086,6.6759571743928765,-22.780638984796497,9.5,8.549999999999997,16.624999999999993,-81.84741518319328,0.2908498804557258,1.1875,-0.006227216761241841,0.02377405878710746,0.0686106841436405,0.28464725729907836,-0.21374999999999994,0.03800000000000007,0.1778771146937433,1,LUBRICATION_DEGRADATION,0.475,2026-01-01T00:02:00+00:00,True
2026-01-01T00:02:58Z,ENG-DATASET-001,MSN-LUBRICATION_DEGRADATION-001,CRUISE,8500.0,23.0,0.61232088766792,0.45767911233208003,3615.5182904640255,407.7095297289001,133.10561566898994,75.28387777460011,298.8376168644337,7.900664314914209,7.263473029995368,14.2,3638.0221562794545,398.04286306223344,124.40561566898995,58.36721110793344,381.90110781397277,7.606544590738969,6.055139696662035,-22.50386581542898,9.666666666666686,8.699999999999989,16.91666666666667,-83.06349094953907,0.29411972417524,1.208333333333333,-0.006185741825839597,0.02428549174905145,0.06993253442150361,0.28983167681909866,-0.2175,0.03866666666666665,0.19955498863212695,1,LUBRICATION_DEGRADATION,0.48333333333333334,2026-01-01T00:02:00+00:00,True
2026-01-01T00:02:59Z,ENG-DATASET-001,MSN-LUBRICATION_DEGRADATION-001,CRUISE,8500.0,23.0,0.6087651682511251,0.46123483174887486,3595.8478013274007,406.37695490066915,133.02864464127435,75.53386534024206,296.64400817377833,7.858140257216765,7.118756691271974,14.2,3618.4656994870825,396.54362156733583,124.17864464127436,58.32553200690872,380.92328497435415,7.560750728560068,5.889590024605308,-22.617898159681772,9.833333333333314,8.849999999999994,17.208333333333336,-84.27927680057581,0.297389528656697,1.229166666666666,-0.006250687456533817,0.024797608128122536,0.07126829275328103,0.2950394576991598,-0.2212499999999999,0.03933333333333346,0.2087015669225701,1,LUBRICATION_DEGRADATION,0.49166666666666664,2026-01-01T00:02:00+00:00,True
2026-01-01T00:03:00Z,ENG-DATASET-001,MSN-LUBRICATION_DEGRADATION-001,CRUISE,8500.0,23.0,0.6053847646261847,0.46461523537381527,3576.6614728771115,405.12057174561903,132.9387944707874,75.78095195691833,294.49509733255906,7.817960554473821,7.6349952216544406,14.2,3599.8734795499104,395.12057174561903,123.9387944707874,58.28095195691832,379.9936739774955,7.5172697639171355,6.3849952216544406,-23.212006672798907,10.0,9.0,17.500000000000007,-85.49857664493646,0.30069079055668535,1.25,-0.006448006243736402,0.025308730334694038,0.07261648814989334,0.30026963205639,-0.22499999999999992,0.039999999999999994,0.1957714855855613,1,LUBRICATION_DEGRADATION,0.5,2026-01-01T00:02:00+00:00,True
2026-01-01T00:03:01Z,ENG-DATASET-001,MSN-LUBRICATION_DEGRADATION-001,CRUISE,8500.0,23.0,0.6022324268610607,0.46776757313893935,3558.277422335216,403.9621886330446,132.8398030728681,76.02556185969539,292.4015299172716,7.7808259012569225,8.072494469927081,14.2,3582.5356218417282,393.7955219663779,123.6898030728681,58.233895193028715,379.1267810920864,7.476770564948997,6.801661136593747,-24.258199506512028,10.166666666666686,9.150000000000006,17.79166666666667,-86.72525117481479,0.3040553363079255,1.270833333333334,-0.006771237488502975,0.025817121068062096,0.07397537850884571,0.3055208072153234,-0.22875000000000006,0.040666666666666615,0.18684161233733024,1,LUBRICATION_DEGRADATION,0.5083333333333333,2026-01-01T00:02:00+00:00,True
2026-01-01T00:03:02Z,ENG-DATASET-001,MSN-LUBRICATION_DEGRADATION-001,CRUISE,8500.0,23.0,0.5993573461322511,0.4706426538677489,3541.108385357561,402.92202001453285,132.7355399326113,76.26816878879991,290.372982761852,7.747388691997366,7.806388044826949,14.2,3566.7226778332756,392.58868668119953,123.43553993261128,58.184835455466576,378.3361338916638,7.439873903966742,6.514721378160282,-25.614292475714592,10.333333333333314,9.300000000000011,18.083333333333336,-87.96315112981182,0.30751478803062415,1.291666666666667,-0.00718146455145059,0.026321016585290617,0.07534296852492627,0.31079117422569547,-0.23249999999999996,0.04133333333333317,0.1982689038700571,1,LUBRICATION_DEGRADATION,0.5166666666666666,2026-01-01T00:02:00+00:00,True
2026-01-01T00:03:03Z,ENG-DATASET-001,MSN-LUBRICATION_DEGRADATION-001,CRUISE,8500.0,23.0,0.5968043871129334,0.4731956128870666,3525.625607263814,402.01839967494266,132.62994593122372,76.50928816278622,288.41802108573205,7.718243491089505,7.222303836407626,14.2,3552.6814032270277,391.51839967494266,123.17994593122371,58.13428816278622,377.63407016135136,7.407143465536953,5.909803836407626,-27.055795963213768,10.5,9.450000000000003,18.375,-89.21604907561931,0.3111000255525527,1.3125,-0.00761559872456844,0.026818662951007165,0.07671703318717411,0.31607852406391856,-0.23625000000000013,0.04200000000000009,0.22208858979620977,1,LUBRICATION_DEGRADATION,0.525,2026-01-01T00:02:00+00:00,True
2026-01-01T00:03:04Z,ENG-DATASET-001,MSN-LUBRICATION_DEGRADATION-001,CRUISE,8500.0,23.0,0.5946133878747448,0.4753866121252551,3512.3013798018105,401.2675254200071,132.52697280693485,76.74946861869842,286.5439744818457,7.693918448646567,7.164281688728707,14.2,3540.630907416991,390.6008587533404,122.92697280693486,58.082801952031744,377.0315453708496,7.379077796016529,5.830948355395374,-28.329527615180268,10.666666666666686,9.599999999999994,18.66666666666667,-90.4875708890039,0.31484065263003824,1.333333333333333,-0.008001265411719407,0.027308354366426403,0.0780951469054513,0.3213802716005802,-0.24000000000000002,0.042666666666666624,0.2286649189920539,1,LUBRICATION_DEGRADATION,0.5333333333333333,2026-01-01T00:02:00+00:00,True
2026-01-01T00:03:05Z,ENG-DATASET-001,MSN-LUBRICATION_DEGRADATION-001,CRUISE,8500.0,23.0,0.5928185382279987,0.47718146177200127,3501.543079216116,400.6832373006479,132.43052312542423,76.98928305054518,284.7568335492332,7.674867749754477,7.725890918895578,14.2,3530.759234359887,389.84990396731456,122.68052312542423,58.03094971721185,376.53796171799434,7.356103274525059,6.371724252228911,-29.216155143771175,10.833333333333314,9.75,18.958333333333336,-91.78112816876114,0.3187644752294183,1.354166666666667,-0.00827475146406236,0.027788472494382332,0.07947471816721832,0.3266934872808111,-0.24375000000000005,0.04333333333333321,0.21252750637991938,1,LUBRICATION_DEGRADATION,0.5416666666666666,2026-01-01T00:02:00+00:00,True
2026-01-01T00:03:06Z,ENG-DATASET-001,MSN-LUBRICATION_DEGRADATION-001,CRUISE,8500.0,23.0,0.5914478462011294,0.4785521537988706,3493.634207501312,400.27683095393047,132.34439158673007,77.22931928526194,283.06116861148047,7.661465168935105,8.116478645485001,14.2,3523.220428212106,389.27683095393047,122.44439158673006,57.979319285261944,376.1610214106053,7.338568169478069,6.741478645485001,-29.586220710793896,11.0,9.900000000000006,19.249999999999993,-93.09985279912485,0.3228969994570354,1.375,-0.0083974935186805,0.028257525558467698,0.08085302945858175,0.3320149363135632,-0.24750000000000008,0.04400000000000005,0.20396118897756718,1,LUBRICATION_DEGRADATION,0.55,2026-01-01T00:02:00+00:00,True
2026-01-01T00:03:07Z,ENG-DATASET-001,MSN-LUBRICATION_DEGRADATION-001,CRUISE,8500.0,23.0,0.5905227009847764,0.4794772990152236,3488.696768395588,400.056907206362,132.27220844154945,77.47017054101839,281.4600715989861,7.653998787055045,7.794166961340965,14.2,3518.132129522165,388.8902405396953,122.22220844154944,57.928503874351726,375.90660647610827,7.326737830620655,6.398333628007632,-29.435361126576936,11.166666666666686,10.050000000000011,19.541666666666664,-94.44653487712219,0.32726095643438935,1.395833333333333,-0.008366758280501211,0.02871418591315065,0.08222728199847773,0.337341125002175,-0.25125,0.044666666666666674,0.21815575968456957,1,LUBRICATION_DEGRADATION,0.5583333333333333,2026-01-01T00:02:00+00:00,True
2026-01-01T00:03:08Z,ENG-DATASET-001,MSN-LUBRICATION_DEGRADATION-001,CRUISE,8500.0,23.0,0.5900575391606181,0.4799424608393819,3486.684501655567,400.0292587354335,132.21738573244699,77.71242581615158,279.9551217959762,7.652666915131078,7.24237764259666,14.2,3515.573739489294,388.69592540210016,122.017385732447,57.879092482818244,375.7786869744647,7.320791054015701,5.825710975929994,-28.88923783372684,11.333333333333314,10.199999999999989,19.833333333333336,-95.82356517848848,0.33187586111537737,1.416666666666666,-0.008217503023538788,0.02915732476899301,0.08359464463831398,0.3426683536757419,-0.25499999999999995,0.045333333333333184,0.24317489702456702,1,LUBRICATION_DEGRADATION,0.5666666666666667,2026-01-01T00:02:00+00:00,True
2026-01-01T00:03:09Z,ENG-DATASET-001,MSN-LUBRICATION_DEGRADATION-001,CRUISE,8500.0,23.0,0.5900596194233431,0.4799403805766569,3487.4091567748833,400.19679431169413,132.18306701699464,77.95666035811195,278.5463757683768,7.6575752582578,7.277373411824439,14.2,3515.585180934281,388.69679431169413,121.83306701699465,57.83166035811195,375.77925904671406,7.320817646517972,5.839873411824439,-28.17602415939791,11.5,10.349999999999994,20.125,-97.23288327833728,0.3367576117398272,1.4375,-0.00801460431458242,0.02958604281870718,0.08495230608087917,0.34799277550358454,-0.25875000000000004,0.04600000000000007,0.24615259589178484,1,LUBRICATION_DEGRADATION,0.575,2026-01-01T00:02:00+00:00,True
2026-01-01T00:03:10Z,ENG-DATASET-001,MSN-LUBRICATION_DEGRADATION-001,CRUISE,8500.0,23.0,0.5905289093111473,0.4794710906888527,3490.593885984922,400.55950093238073,132.17208117193803,78.20342636058463,277.23238140232195,7.668735342945836,7.878882516519415,14.2,3518.1662753172045,388.89283426571404,121.67208117193803,57.78675969391796,375.90831376586027,7.326817206636149,6.420549183186082,-27.572389332282455,11.666666666666686,10.5,20.41666666666667,-98.67593236353832,0.3419181363096868,1.458333333333333,-0.007837147870390656,0.029999695645447005,0.08629752938278562,0.35331046029936025,-0.2625,0.04666666666666665,0.22713529508540597,1,LUBRICATION_DEGRADATION,0.5833333333333334,2026-01-01T00:02:00+00:00,True
2026-01-01T00:03:11Z,ENG-DATASET-001,MSN-LUBRICATION_DEGRADATION-001,CRUISE,8500.0,23.0,0.5914580857122896,0.4785419142877104,3495.940993914681,401.1144439904262,132.18690082117155,78.45324403341039,276.01021560139293,7.686064222129097,8.219141287367568,14.2,3523.276745523487,389.2811106570929,121.53690082117156,57.74491070007706,376.1638372761744,7.338699129976859,6.739974620700902,-27.335751608806277,11.833333333333314,10.649999999999991,20.70833333333333,-100.15362167478145,0.34736509215223865,1.479166666666666,-0.007758616079062714,0.030397912997522696,0.08762770753608666,0.3586174622537895,-0.26625000000000004,0.04733333333333343,0.2194617561501804,1,LUBRICATION_DEGRADATION,0.5916666666666667,2026-01-01T00:02:00+00:00,True
2026-01-01T00:03:12Z,ENG-DATASET-001,MSN-LUBRICATION_DEGRADATION-001,CRUISE,8500.0,23.0,0.5928326491398013,0.47716735086019874,3503.197454963844,401.8558054782245,132.22960587601003,78.70659318413507,274.8755448196802,7.709385463517819,7.848746115348127,14.2,3530.8368443748013,389.8558054782245,121.42960587601002,57.70659318413508,376.54184221874004,7.3562838392345595,6.348746115348127,-27.639389410957392,12.0,10.800000000000011,20.999999999999993,-101.66629739905983,0.3531016242832594,1.5,-0.007827999601565121,0.03078061127056953,0.08894041878903677,0.3639098903827404,-0.27,0.04800000000000008,0.23626712625564633,1,LUBRICATION_DEGRADATION,0.6,2026-01-01T00:02:00+00:00,True
2026-01-01T00:03:13Z,ENG-DATASET-001,MSN-LUBRICATION_DEGRADATION-001,CRUISE,8500.0,23.0,0.5946311499911306,0.47536885000886936,3512.2018451782787,402.7749600809732,132.30185262376668,78.96390544205329,273.82270725326146,7.738431418340914,7.340374632483005,14.2,3540.728599057113,390.6082934143065,121.35185262376667,57.67223877538663,377.03642995285566,7.379305230458596,5.819541299149672,-28.52675387883437,12.166666666666686,10.950000000000003,21.291666666666657,-103.2137226995942,0.3591261878823184,1.520833333333333,-0.008056746819406314,0.031147998831048546,0.0902334802744944,0.36918398034781197,-0.2737499999999999,0.04866666666666668,0.2613321660859338,1,LUBRICATION_DEGRADATION,0.6083333333333333,2026-01-01T00:02:00+00:00,True
2026-01-01T00:03:14Z,ENG-DATASET-001,MSN-LUBRICATION_DEGRADATION-001,CRUISE,8500.0,23.0,0.5968255232620169,0.47317447673798313,3522.9006844699215,403.86058884692,132.40484874922967,79.22555724560644,272.8448151801974,7.772846758332864,7.468134452567494,14.2,3552.797652046987,391.5272555135867,121.30484874922968,57.6422239122731,377.63988260234936,7.407414318614547,5.926467785900827,-29.896967577065425,12.333333333333314,11.099999999999994,21.583333333333336,-104.79506742215199,0.36543243971831707,1.541666666666667,-0.008415049351273898,0.03150057412262408,0.09150499847657971,0.3744361662065894,-0.2775000000000001,0.04933333333333325,0.2601324637812627,1,LUBRICATION_DEGRADATION,0.6166666666666667,2026-01-01T00:02:00+00:00,True
2026-01-01T00:03:15Z,ENG-DATASET-001,MSN-LUBRICATION_DEGRADATION-001,LOITER,8000.0,23.0,0.39938152649149494,0.32061847350850503,2566.838410578873,310.04927070739984,130.1630956419917,79.1401535271655,237.12872120498105,5.903229180051781,6.3455326149582625,14.2,2598.364416138603,297.54927070739984,118.9130956419917,57.265153527165495,329.91822080693015,5.622123028620743,4.7830326149582625,-31.526005559729583,12.5,11.25,21.875,-92.7894996019491,0.2811061514310378,1.5625,-0.012133019280867458,0.04200984922692715,0.09460690548221919,0.38199495945859846,-0.28125,0.050000000000000114,0.3266755896904196,1,LUBRICATION_DEGRADATION,0.625,2026-01-01T00:02:00+00:00,True
2026-01-01T00:03:16Z,ENG-DATASET-001,MSN-LUBRICATION_DEGRADATION-001,LOITER,8000.0,23.0,0.40225927410404627,0.3177407258959537,2581.0727939319268,311.4326041402367,128.19093451463178,79.07382949581296,236.457365001273,5.946001053246508,6.627748907867722,14.2,2614.1920280076356,298.76593747357003,116.79093451463179,56.90716282914629,330.70960140038176,5.659264961846296,5.044415574534389,-33.119234075708846,12.666666666666686,11.399999999999991,22.16666666666667,-94.25223639910877,0.28673609140021217,1.583333333333333,-0.012669013492842045,0.04239662249913355,0.09761031579528785,0.38952331419540587,-0.2849999999999999,0.05066666666666664,0.3138784483432411,1,LUBRICATION_DEGRADATION,0.6333333333333333,2026-01-01T00:02:00+00:00,True
2026-01-01T00:03:17Z,ENG-DATASET-001,MSN-LUBRICATION_DEGRADATION-001,LOITER,8000.0,23.0,0.4054138598106645,0.31458614018933545,2597.1592401169223,312.93478487768743,126.46437735177746,79.02620646141816,235.83422124407537,5.9926248602519765,6.2130567833885255,14.2,2631.542249394036,300.1014515443541,114.91437735177746,56.56787312808482,331.5771124697018,5.700023646403276,4.6088901167218586,-34.383009277113615,12.833333333333314,11.549999999999997,22.458333333333336,-95.74289122562641,0.29260121384870086,1.604166666666667,-0.013065725729857074,0.04276331642946614,0.1005096165177224,0.3970156926791582,-0.28875000000000006,0.051333333333333224,0.34805921296462894,1,LUBRICATION_DEGRADATION,0.6416666666666666,2026-01-01T00:02:00+00:00,True
2026-01-01T00:03:18Z,ENG-DATASET-001,MSN-LUBRICATION_DEGRADATION-001,LOITER,8000.0,23.0,0.40879605735647656,0.3112039426435234,2615.0463981271178,314.5354265250155,124.9613252797251,78.99685251165721,235.2488558823211,6.042450301880035,5.753362149562423,14.2,2650.1443358960023,301.5354265250155,113.2613252797251,56.24685251165722,332.5072167948001,5.743774051216763,4.128362149562423,-35.09793776888455,13.0,11.700000000000003,22.749999999999993,-97.25836091247902,0.29867625066327186,1.625,-0.013243783477558436,0.0431126788311937,0.1033009279302016,0.40446707654059455,-0.2925,0.052000000000000025,0.3936185686064965,1,LUBRICATION_DEGRADATION,0.65,2026-01-01T00:02:00+00:00,True
2026-01-01T00:03:19Z,ENG-DATASET-001,MSN-LUBRICATION_DEGRADATION-001,LOITER,8000.0,23.0,0.4123530886799851,0.30764691132001487,2634.5324804298493,316.2125424458202,123.66133964623143,78.98527970783604,234.69035053766834,6.09477464192684,5.967060801121368,14.2,2669.7080081752993,303.0458757791535,111.81133964623143,55.94361304116937,333.485400408765,5.789842915066663,4.321227467788035,-35.175527745449926,13.166666666666686,11.849999999999994,23.04166666666667,-98.79504987109664,0.3049317268601772,1.645833333333333,-0.013175795868961645,0.043447767216149055,0.10598209481697589,0.411873052419945,-0.29625,0.052666666666666605,0.38087171888125754,1,LUBRICATION_DEGRADATION,0.6583333333333333,2026-01-01T00:02:00+00:00,True
2026-01-01T00:03:20Z,ENG-DATASET-001,MSN-LUBRICATION_DEGRADATION-001,LOITER,8000.0,23.0,0.4160294474970668,0.3039705525029332,2655.2443399596227,317.94286451521657,122.54544396115537,78.99094253674699,234.1474793584237,6.148852991640273,6.609342833230755,14.2,2689.9279816692488,304.60953118188326,110.54544396115537,55.65760920341365,334.49639908346245,5.837518662949627,4.942676166564088,-34.683641709626045,13.333333333333314,12.0,23.333333333333336,-100.34891972503874,0.3113343286906458,1.666666666666667,-0.012893892307147544,0.043771884883575564,0.10855264197244245,0.41922988908949094,-0.30000000000000004,0.05333333333333317,0.33719924399280515,1,LUBRICATION_DEGRADATION,0.6666666666666666,2026-01-01T00:02:00+00:00,True
2026-01-01T00:03:21Z,ENG-DATASET-001,MSN-LUBRICATION_DEGRADATION-001,LOITER,8000.0,23.0,0.4197677654579711,0.30023223454202885,2676.655138543908,319.7021872112979,121.59595424532229,79.01323762744718,233.60888892893763,6.203909400385298,6.822434223754737,14.2,2710.4887304542226,306.2021872112979,109.44595424532228,55.38823762744719,335.52443652271114,5.886062049701421,5.134934223754737,-33.83359191031468,13.5,12.150000000000006,23.624999999999993,-101.91554759377351,0.31784735068387704,1.6875,-0.01248246913192104,0.044088515901697954,0.11101369697746773,0.42653460395159454,-0.30375,0.054000000000000055,0.32863127870138054,1,LUBRICATION_DEGRADATION,0.675,2026-01-01T00:02:00+00:00,True
2026-01-01T00:03:22Z,ENG-DATASET-001,MSN-LUBRICATION_DEGRADATION-001,LOITER,8000.0,23.0,0.4235097073612309,0.2964902926387691,2698.1382814071058,321.4657328877011,120.79633547631592,79.05150472271836,233.0632783531795,6.259148611703453,6.364000676131047,14.2,2731.0694109221513,307.7990662210344,108.49633547631592,55.13483805605169,336.5534705461076,5.934717394156245,4.655667342797714,-32.93112951504554,13.666666666666686,12.299999999999997,23.91666666666667,-103.49019219292808,0.3244312175472075,1.708333333333333,-0.012057961391734191,0.04440126097345753,0.11336788423315008,0.4337850170585844,-0.3075,0.054666666666666565,0.36693629667852307,1,LUBRICATION_DEGRADATION,0.6833333333333333,2026-01-01T00:02:00+00:00,True
2026-01-01T00:03:23Z,ENG-DATASET-001,MSN-LUBRICATION_DEGRADATION-001,LOITER,8000.0,23.0,0.4271968814549707,0.2928031185450293,2719.0462087267038,323.20853334725433,120.13108192903236,79.10502887597555,232.49957665682396,6.313768323478534,5.953817403143491,14.2,2751.34886843772,309.375200013921,107.68108192903236,54.89669554264221,337.56744342188597,5.98272424840038,4.224650736476825,-32.30265971101608,13.833333333333314,12.450000000000003,24.208333333333336,-105.067866765062,0.3310440750781538,1.729166666666666,-0.011740662945938325,0.044713775805917386,0.11561919491304168,0.44097979111564156,-0.31124999999999997,0.055333333333333234,0.40930405245966345,1,LUBRICATION_DEGRADATION,0.6916666666666667,2026-01-01T00:02:00+00:00,True
2026-01-01T00:03:24Z,ENG-DATASET-001,MSN-LUBRICATION_DEGRADATION-001,LOITER,8000.0,23.0,0.43077175062066503,0.28922824937933495,2738.7961638648426,324.9058221327117,119.58561928944691,79.17304382583256,231.90711472307962,6.366971771420543,6.242047563304791,14.2,2771.010648849039,310.9058221327117,106.98561928944692,54.67304382583257,338.550532442452,6.029329328996726,4.492047563304791,-32.21448498419659,14.0,12.599999999999994,24.499999999999993,-106.64341771937237,0.33764244242381736,1.75,-0.011625536335480026,0.045029713190845394,0.11777283791675786,0.4481184562916898,-0.315,0.05600000000000012,0.38957735316420566,1,LUBRICATION_DEGRADATION,0.7,2026-01-01T00:02:00+00:00,True
2026-01-01T00:03:25Z,ENG-DATASET-001,MSN-LUBRICATION_DEGRADATION-001,LOITER,8000.0,23.0,0.43417853022062913,0.28582146977937084,2756.9428820194107,326.5334313031579,119.14622647641451,79.25473648269526,231.27578909210112,6.417980437545305,6.877259760108991,14.2,2789.7479366488415,312.3667646364912,106.39622647641451,54.4630698160286,339.4873968324421,6.073798521336251,5.106426426775657,-32.80505462943074,14.166666666666686,12.75,24.791666666666664,-108.21160774034095,0.34418191620905425,1.770833333333334,-0.011759146480035579,0.04535266958747285,0.11983507707227163,0.4552014190608555,-0.31875000000000014,0.05666666666666668,0.3467852437955301,1,LUBRICATION_DEGRADATION,0.7083333333333334,2026-01-01T00:02:00+00:00,True
2026-01-01T00:03:26Z,ENG-DATASET-001,MSN-LUBRICATION_DEGRADATION-001,LOITER,8000.0,23.0,0.4373640585986325,0.2826359414013675,2773.2209101379945,328.06818591345717,118.79997514327616,79.34925244491957,230.59621510990624,6.466046670788016,7.009421171657623,14.2,2807.26834272786,313.73485258012386,105.89997514327615,54.26591911158624,340.36341713639297,6.115428755474165,5.217754504990956,-34.047432589865366,14.333333333333314,12.900000000000006,25.08333333333333,-109.76720202648673,0.3506179153138511,1.791666666666667,-0.012128314230473966,0.0456861366069387,0.12181305975329172,0.4622299547116271,-0.3225,0.057333333333333174,0.3433788739874362,1,LUBRICATION_DEGRADATION,0.7166666666666667,2026-01-01T00:02:00+00:00,True
2026-01-01T00:03:27Z,ENG-DATASET-001,MSN-LUBRICATION_DEGRADATION-001,LOITER,8000.0,23.0,0.4402786266497639,0.27972137335023606,2787.54640424027,329.4882889985123,118.53468485391134,79.4557024465037,229.8598671073685,6.510465996364476,6.507248022009885,14.2,2823.2984670090827,314.9882889985123,105.48468485391135,54.0807024465037,341.16492335045416,6.153559542877576,4.694748022009885,-35.75206276881272,14.5,13.049999999999997,25.374999999999993,-111.30505624308566,0.3569064534869,1.8125,-0.012663224659590234,0.04603345745361499,0.1237146417802101,0.46920618357538507,-0.32625,0.05800000000000009,0.3860697084279391,1,LUBRICATION_DEGRADATION,0.725,2026-01-01T00:02:00+00:00,True
2026-01-01T00:03:28Z,ENG-DATASET-001,MSN-LUBRICATION_DEGRADATION-001,LOITER,8000.0,23.0,0.44287675351438804,0.27712324648561193,2799.978072381906,330.7736896204689,118.33889194236527,79.57316962422533,229.0592035196113,6.550588884924601,6.145852389158335,14.2,2837.5881647645156,316.1070229538022,105.13889194236526,53.906502957558665,341.8794082382258,6.187583959311651,4.312519055825002,-37.610092382609764,14.666666666666686,13.200000000000003,25.666666666666664,-112.82020471861449,0.36300492561294995,1.833333333333333,-0.013254246281976205,0.04639778809599609,0.12554821299843963,0.47613303142432345,-0.32999999999999996,0.05866666666666663,0.4251188944561333,1,LUBRICATION_DEGRADATION,0.7333333333333333,2026-01-01T00:02:00+00:00,True
2026-01-01T00:03:29Z,ENG-DATASET-001,MSN-LUBRICATION_DEGRADATION-001,LOITER,8000.0,23.0,0.44511789629174847,0.2748821037082515,2810.6470480482394,331.9064264961109,118.20183007719817,79.70071747980666,228.18777511695745,6.585831752721064,6.49585521105348,14.2,2849.914450039998,317.0730931627776,104.85183007719817,53.74238414647332,342.4957225019999,6.216958860340841,4.641688544386813,-39.26740199175856,14.833333333333314,13.349999999999994,25.958333333333336,-114.30794738504247,0.3688728923802227,1.854166666666667,-0.013778449381597209,0.04678206272683707,0.1273225273242339,0.4830141748565647,-0.33375,0.059333333333333245,0.3994595175733856,1,LUBRICATION_DEGRADATION,0.7416666666666667,2026-01-01T00:02:00+00:00,True
2026-01-01T00:03:30Z,ENG-DATASET-001,MSN-LUBRICATION_DEGRADATION-001,LOITER,8000.0,23.0,0.446967082698374,0.273032917301626,2819.6733694258255,332.8709399061379,118.1134205671318,79.83739840228503,227.24031480603202,6.615686970521719,7.105512498316504,14.2,2860.084975276438,317.8709399061379,104.6134205671318,53.58739840228503,343.0042487638219,6.241214123133697,5.230512498316504,-40.41160585061243,15.0,13.5,26.25,-115.7639339577899,0.3744728473880219,1.875,-0.014129512304684759,0.04718896293077076,0.12904654036560131,0.4898539728116502,-0.3375,0.06000000000000001,0.3584734766628488,1,LUBRICATION_DEGRADATION,0.75,2026-01-01T00:02:00+00:00,True
2026-01-01T00:03:31Z,ENG-DATASET-001,MSN-LUBRICATION_DEGRADATION-001,LOITER,8000.0,23.0,0.4483954567988657,0.27160454320113425,2827.090384316246,333.6543450101207,118.06427046900498,79.98226260744829,226.21280776880985,6.639731672138321,7.147608199606287,14.2,2867.9410328291424,318.48767834345404,104.41427046900498,53.44059594078163,343.3970516414571,6.259960721689178,5.251774866272954,-40.85064851289644,15.166666666666686,13.650000000000006,26.541666666666664,-117.18424387264724,0.3797709504491431,1.895833333333333,-0.014243894154475845,0.04762088990554636,0.1307292570133118,0.4966573856339085,-0.34125000000000005,0.060666666666666605,0.36098907162003996,1,LUBRICATION_DEGRADATION,0.7583333333333333,2026-01-01T00:02:00+00:00,True
2026-01-01T00:03:32Z,ENG-DATASET-001,MSN-LUBRICATION_DEGRADATION-001,LOITER,8000.0,23.0,0.4493807292931175,0.27061927070688246,2832.7967945472797,334.24666035114257,118.0456765975497,80.13436734509149,225.10254103318155,6.657635173226148,6.604330910178156,14.2,2873.360031547528,318.91332701780925,104.2456765975497,53.301034011758155,343.6680015773764,6.272897462210567,4.687664243511489,-40.56323700024814,15.333333333333314,13.799999999999997,26.833333333333336,-118.56546054419485,0.38473771101558096,1.916666666666667,-0.01411700467567292,0.048079939075349604,0.13237959069781094,0.5034298833192228,-0.345,0.061333333333333254,0.4088745624901899,1,LUBRICATION_DEGRADATION,0.7666666666666666,2026-01-01T00:02:00+00:00,True
2026-01-01T00:03:33Z,ENG-DATASET-001,MSN-LUBRICATION_DEGRADATION-001,LOITER,8000.0,23.0,0.44990752533338946,0.2700924746666105,2836.549483748655,334.64098622024477,118.04963359330085,80.29278622106267,223.90813190560382,6.669164837096573,6.29259442788128,14.2,2876.257409769023,319.14098622024477,104.09963359330085,53.16778622106266,343.81287048845115,6.279816230787733,4.35509442788128,-39.70792602036818,15.5,13.950000000000003,27.125000000000007,-119.90473858284733,0.3893486063088396,1.9375,-0.013805414593806091,0.04856787648485607,0.1340062353581399,0.5101773447406451,-0.34874999999999995,0.06200000000000002,0.44488128376646446,1,LUBRICATION_DEGRADATION,0.775,2026-01-01T00:02:00+00:00,True
2026-01-01T00:03:34Z,ENG-DATASET-001,MSN-LUBRICATION_DEGRADATION-001,LOITER,8000.0,23.0,0.4499676244436647,0.27003237555633525,2838.0002710084946,334.83362863797095,118.06884428325337,80.45661847964816,222.62953503909552,6.674190256011162,6.693529093611879,14.2,2876.5879548755374,319.16696197130426,103.96884428325338,53.039951812981485,343.8293977437769,6.280605636146012,4.735195760278546,-38.58768386704287,15.666666666666686,14.099999999999994,27.41666666666667,-121.19986270468138,0.39358461986515003,1.958333333333333,-0.013414393883434189,0.04908611646363087,0.1356175505960792,0.5169059497515694,-0.3525000000000001,0.06266666666666666,0.4135696669102725,1,LUBRICATION_DEGRADATION,0.7833333333333333,2026-01-01T00:02:00+00:00,True
2026-01-01T00:03:35Z,ENG-DATASET-001,MSN-LUBRICATION_DEGRADATION-001,LOITER,8000.0,23.0,0.449560088797428,0.270439911202572,2836.7687232341345,334.82416596206764,118.0967306706464,80.624998092826,221.26802825268356,6.672685652815568,7.26310527126666,14.2,2874.346508821235,318.9908326287343,103.8467306706464,52.91666475949267,343.7173254410618,6.275252965030315,5.283938604599993,-37.57778558710061,15.833333333333314,14.25,27.708333333333336,-122.44929718837824,0.397432687785253,1.979166666666667,-0.013073505741835975,0.049635700195062804,0.1372214600110463,0.5236220661160012,-0.3562499999999999,0.06333333333333328,0.37456276742952327,1,LUBRICATION_DEGRADATION,0.7916666666666666,2026-01-01T00:02:00+00:00,True
2026-01-01T00:03:36Z,ENG-DATASET-001,MSN-LUBRICATION_DEGRADATION-001,LOITER,8000.0,23.0,0.4486912778521351,0.2713087221478649,2832.5338678394614,334.6154565004929,118.12744401609409,80.79710250627494,219.82617755590798,6.664730447585716,7.211543042839749,14.2,2869.5680486221245,318.6154565004929,103.72744401609408,52.797102506274946,343.47840243110625,6.263844405625672,5.211543042839749,-37.03418078266304,16.0,14.400000000000006,27.999999999999993,-123.65222487519827,0.4008860419600433,2.0,-0.012905838145377204,0.05021727500522326,0.13882536233868578,0.5303321332202309,-0.36000000000000004,0.06400000000000004,0.38376350028382533,1,LUBRICATION_DEGRADATION,0.8,2026-01-01T00:02:00+00:00,True
2026-01-01T00:03:37Z,ENG-DATASET-001,MSN-LUBRICATION_DEGRADATION-001,LOITER,8000.0,23.0,0.44737474911200587,0.2726252508879941,2825.1224305182996,334.21358694385117,118.15587262141429,80.97216089771354,218.3077821587918,6.650507975761784,6.63486697304705,14.2,2862.3271405514133,318.0469202771845,103.60587262141429,52.680494231046865,343.11635702757064,6.246563533902741,4.614033639713716,-37.20471003311377,16.166666666666686,14.549999999999997,28.29166666666667,-124.80857486877883,0.40394444185904366,2.020833333333334,-0.012998063535793629,0.050831074398007374,0.14043605475113444,0.5370425444868584,-0.36375,0.06466666666666662,0.4379754226193113,1,LUBRICATION_DEGRADATION,0.8083333333333333,2026-01-01T00:02:00+00:00,True
2026-01-01T00:03:38Z,ENG-DATASET-001,MSN-LUBRICATION_DEGRADATION-001,LOITER,8000.0,23.0,0.44563104656770564,0.27436895343229434,2814.5714690727746,333.6277628738336,118.17764609778537,81.14946181107193,216.71780055863928,6.630302386488868,6.377454130325184,14.2,2852.736776557763,317.2944295405003,103.47764609778537,52.566128477738594,342.63683882788814,6.223688097455133,4.335787463658517,-38.16530748498826,16.333333333333314,14.700000000000003,28.583333333333336,-125.91903826924886,0.406614289033735,2.041666666666667,-0.013378488964916066,0.051476899096485666,0.14205966751609952,0.5437595303492474,-0.3674999999999999,0.06533333333333327,0.47088716496816435,1,LUBRICATION_DEGRADATION,0.8166666666666667,2026-01-01T00:02:00+00:00,True
2026-01-01T00:03:39Z,ENG-DATASET-001,MSN-LUBRICATION_DEGRADATION-001,LOITER,8000.0,23.0,0.4434873801142418,0.27651261988575815,2801.1490383764917,332.8701439962851,118.18913508791395,81.32836004004396,215.06225908531545,6.604493790994088,6.822497590962809,14.2,2840.9466110637113,316.3701439962851,103.33913508791396,52.45336004004396,342.0473305531856,6.195585169788075,4.759997590962809,-39.7975726872196,16.5,14.849999999999994,28.875,-126.98507146787014,0.4089086212060131,2.0625,-0.014008560573519027,0.052154099598582054,0.14370160914707306,0.5504890435609128,-0.37124999999999997,0.06600000000000003,0.43329853862022993,1,LUBRICATION_DEGRADATION,0.825,2026-01-01T00:02:00+00:00,True
2026-01-01T00:03:40Z,ENG-DATASET-001,MSN-LUBRICATION_DEGRADATION-001,LOITER,8000.0,23.0,0.4409772009496529,0.27902279905034705,2785.326483398189,331.9556280344064,118.18744561331606,81.50828264657297,213.34814455182726,6.573551769307533,7.343256047172995,14.2,2827.1406256584723,315.2889613677397,103.18744561331606,52.341615979906294,341.35703128292363,6.162704783725813,5.259922713839662,-41.81414226028346,16.666666666666686,15.0,29.16666666666667,-128.00888673109637,0.4108469855817205,2.083333333333333,-0.014790259062739224,0.05286156100856126,0.1453665211968799,0.5572366485181433,-0.375,0.06666666666666661,0.3960767955490609,1,LUBRICATION_DEGRADATION,0.8333333333333334,2026-01-01T00:02:00+00:00,True
2026-01-01T00:03:41Z,ENG-DATASET-001,MSN-LUBRICATION_DEGRADATION-001,LOITER,8000.0,23.0,0.43813967958025113,0.28186032041974884,2767.707723056023,330.9015883509111,118.1704074274239,81.68873401360551,211.58328289306255,6.538027378133398,7.20126707150221,14.2,2811.5342581267623,314.06825501757777,103.02040742742389,52.23040068027218,340.5767129063381,6.12557218438482,5.097100404835544,-43.82653507073928,16.833333333333314,15.150000000000006,29.45833333333333,-128.99343001327557,0.41245519374857764,2.104166666666666,-0.015588120594319039,0.05359769115280749,0.14705824193786965,0.5640074161724737,-0.37875000000000003,0.06733333333333329,0.41281640531751623,1,LUBRICATION_DEGRADATION,0.8416666666666667,2026-01-01T00:02:00+00:00,True
2026-01-01T00:03:42Z,ENG-DATASET-001,MSN-LUBRICATION_DEGRADATION-001,LOITER,8000.0,23.0,0.43501909457797244,0.28498090542202753,2748.931565688954,329.72757130852415,118.1365559673946,81.86929984678693,209.77620587896433,6.4985438320863365,6.604671160799004,14.2,2794.37104061423,312.72757130852415,102.8365559673946,52.11929984678694,339.7185520307115,6.084778868994697,4.479671160799004,-45.439474925276045,17.0,15.299999999999997,29.749999999999993,-129.9423461517472,0.4137649630916398,2.125,-0.016261074232750423,0.054360413214824925,0.14877977831979342,0.5708058260079261,-0.3825000000000001,0.06800000000000007,0.4743651763092763,1,LUBRICATION_DEGRADATION,0.85,2026-01-01T00:02:00+00:00,True
2026-01-01T00:03:43Z,ENG-DATASET-001,MSN-LUBRICATION_DEGRADATION-001,LOITER,8000.0,23.0,0.4316641416280707,0.28833585837192927,2729.5700084173786,328.4549600980587,118.08510770643994,82.04965005643291,207.9360081562736,6.4557860540019245,6.410406080697057,14.2,2775.9187993897704,311.288293431392,102.63510770643994,52.00798338976624,338.79593996948853,6.040972601998058,4.264572747363724,-46.348790972391726,17.166666666666686,15.450000000000003,30.04166666666667,-130.85993181321493,0.4148134520038669,2.145833333333333,-0.016696738745593197,0.05514716431329668,0.15053328578550884,0.5776356764599732,-0.3862499999999999,0.06866666666666671,0.5031766276375155,1,LUBRICATION_DEGRADATION,0.8583333333333333,2026-01-01T00:02:00+00:00,True
2026-01-01T00:03:44Z,ENG-DATASET-001,MSN-LUBRICATION_DEGRADATION-001,LOITER,8000.0,23.0,0.4281271736492361,0.2918728263507639,2710.046824077708,327.1066122469724,118.01592890863694,82.22954046883355,206.0721970029385,6.41048930710834,6.896924295919221,14.2,2756.46547550618,309.7732789136391,102.41592890863693,51.89620713550021,337.823273775309,5.994846608891839,4.730257629252554,-46.418651428472,17.333333333333314,15.600000000000009,30.333333333333336,-131.7510767723705,0.4156426982165007,2.166666666666667,-0.016839917583204255,0.05595490157873052,0.152320055739732,0.5845000050607448,-0.38999999999999996,0.0693333333333333,0.45804411439827436,1,LUBRICATION_DEGRADATION,0.8666666666666667,2026-01-01T00:02:00+00:00,True
2026-01-01T00:03:45Z,ENG-DATASET-001,MSN-LUBRICATION_DEGRADATION-001,LOITER,8000.0,23.0,0.42446338384380866,0.2955366161561913,2690.5960867145964,325.70647826600236,117.9294979744233,82.40881333445284,204.19453726965745,6.363427132341059,7.365724583969434,14.2,2736.314631576329,308.20647826600236,102.1794979744233,51.783813334452844,336.81573157881644,5.947128161066409,5.178224583969434,-45.718544861732425,17.5,15.75,30.625,-132.621194309159,0.41629897127464943,2.1875,-0.01670807309004338,0.05678011733710657,0.15414051069170848,0.5914010195078575,-0.39375000000000004,0.07000000000000013,0.42244208696007235,1,LUBRICATION_DEGRADATION,0.875,2026-01-01T00:02:00+00:00,True
2026-01-01T00:03:46Z,ENG-DATASET-001,MSN-LUBRICATION_DEGRADATION-001,LOITER,8000.0,23.0,0.42072994442631606,0.2992700555736839,2671.2706720459637,324.27920890664063,117.82686173298032,82.58739661958974,202.3128940327511,6.315398818148436,7.142566542758554,14.2,2715.7807147801195,306.61254223997395,101.92686173298031,51.670729952923075,335.78903573900595,5.898566766639262,4.934233209425221,-44.51004273415583,17.666666666666686,15.900000000000006,30.916666666666664,-133.47614170625485,0.41683205150917413,2.208333333333333,-0.01638940967947758,0.05761886496097625,0.15599420731360816,0.598340040770368,-0.39749999999999996,0.0706666666666666,0.4475534981028141,1,LUBRICATION_DEGRADATION,0.8833333333333333,2026-01-01T00:02:00+00:00,True
2026-01-01T00:03:47Z,ENG-DATASET-001,MSN-LUBRICATION_DEGRADATION-001,LOITER,8000.0,23.0,0.416985114470187,0.303014885529813,2651.998490268018,322.8497583079476,117.70958618404764,82.76530208727098,200.43707549126594,6.267216628215442,6.5439447395962596,14.2,2695.1841500214096,305.01642497461427,101.65958618404764,51.55696875393765,334.7592075010705,5.849922179417027,4.3147780729295935,-43.18565975339152,17.833333333333314,16.049999999999997,31.20833333333333,-134.32213200980453,0.4172944487984145,2.229166666666666,-0.01602326867091752,0.05846679677928012,0.15787984785756046,0.6053174592610199,-0.40125,0.07133333333333332,0.5166353005852592,1,LUBRICATION_DEGRADATION,0.8916666666666666,2026-01-01T00:02:00+00:00,True
2026-01-01T00:03:48Z,ENG-DATASET-001,MSN-LUBRICATION_DEGRADATION-001,LOITER,8000.0,23.0,0.4132873307943961,0.30671266920560386,2632.6722692038124,321.44298993643633,117.57970231405379,82.94262219225082,198.57667860918565,6.2196930053085016,6.424170640630538,14.2,2674.8463398045596,303.44298993643633,101.37970231405379,51.44262219225082,333.742316990228,5.801952430325095,4.174170640630538,-42.1740706007472,18.0,16.200000000000003,31.5,-135.16563838104236,0.4177405749834069,2.25,-0.015766913401025005,0.05931921513089015,0.1597953005406909,0.6123327050141133,-0.405,0.07200000000000001,0.5390292332802479,1,LUBRICATION_DEGRADATION,0.9,2026-01-01T00:02:00+00:00,True
2026-01-01T00:03:49Z,ENG-DATASET-001,MSN-LUBRICATION_DEGRADATION-001,LOITER,8000.0,23.0,0.4096942960764483,0.31030570392355167,2613.2500822666307,320.08329170266023,117.43964770854825,83.11952583370099,196.74093993180102,6.173627957775906,6.951938950655439,14.2,2655.0846488558473,301.91662503599355,101.08964770854824,51.32785916703432,332.7542324427924,5.755402073750068,4.681105617322105,-41.83456658921659,18.166666666666686,16.35000000000001,31.79166666666667,-136.01329251099136,0.41822588402583794,2.270833333333334,-0.015756396545490298,0.06017113719557813,0.16173762962493177,0.6193842327070032,-0.40874999999999995,0.0726666666666666,0.4851061947695163,1,LUBRICATION_DEGRADATION,0.9083333333333333,2026-01-01T00:02:00+00:00,True
2026-01-01T00:03:50Z,ENG-DATASET-001,MSN-LUBRICATION_DEGRADATION-001,LOITER,8000.0,23.0,0.40626207842139567,0.3137379215786043,2593.840714644481,318.79420601158876,117.2922047546498,83.29625302719445,194.93859389524607,6.129796820097228,7.3691538757289425,14.2,2636.2074517530573,300.46087267825544,100.7922047546498,51.212919693861124,331.81037258765286,5.710990826177542,5.077487209062276,-42.36673710857622,18.333333333333314,16.5,32.08333333333333,-136.8717786924068,0.418805993919686,2.291666666666667,-0.016071093752656935,0.06101737364307439,0.16370313597330863,0.6264695222439963,-0.4125,0.07333333333333325,0.45133873751104897,1,LUBRICATION_DEGRADATION,0.9166666666666666,2026-01-01T00:02:00+00:00,True
2026-01-01T00:03:51Z,ENG-DATASET-001,MSN-LUBRICATION_DEGRADATION-001,LOITER,8000.0,23.0,0.4030442364378103,0.3169557635621897,2574.7512561217227,317.5980798106825,117.14043627445187,83.47310857463765,193.17774080211495,6.088938561275096,7.077531069679667,14.2,2618.509320843338,299.0980798106825,100.49043627445188,51.098108574637656,330.92546604216693,5.669402757239382,4.765031069679667,-43.75806472161548,18.5,16.64999999999999,32.37499999999999,-137.74772524005198,0.4195358040357142,2.3125,-0.01671105937003975,0.06185262042374121,0.1656874088448255,0.6335850954778627,-0.41624999999999995,0.074,0.4853063844042175,1,LUBRICATION_DEGRADATION,0.9249999999999999,2026-01-01T00:02:00+00:00,True
2026-01-01T00:03:52Z,ENG-DATASET-001,MSN-LUBRICATION_DEGRADATION-001,LOITER,8000.0,23.0,0.40009098347361094,0.31990901652638903,2556.4832987421355,316.51573897817974,116.98761945479451,83.65045482662174,191.465726456667,6.0517447957961865,6.496219388304397,14.2,2602.266429540242,297.84907231151305,100.18761945479451,50.98378815995507,330.1133214770121,5.631276174748312,4.162886054971064,-45.78313079810641,18.666666666666686,16.799999999999997,32.66666666666667,-138.6475950203451,0.4204686210478741,2.333333333333333,-0.017593560089923303,0.06267156221706703,0.16768538958628812,0.6407265494705732,-0.4200000000000001,0.07466666666666669,0.560508575666396,1,LUBRICATION_DEGRADATION,0.9333333333333333,2026-01-01T00:02:00+00:00,True
2026-01-01T00:03:53Z,ENG-DATASET-001,MSN-LUBRICATION_DEGRADATION-001,LOITER,8000.0,23.0,0.39744840405356296,0.322551595946437,2539.6766717197456,315.5661906792398,116.83717894296272,83.82870364599862,189.80903524365746,6.0188496322702,6.461741262947205,14.2,2587.7322427299778,296.7328573459065,99.88717894296272,50.87037031266527,329.3866121364989,5.597194326351706,4.107574596280538,-48.05557101023214,18.833333333333314,16.950000000000003,32.95833333333334,-139.57757689284145,0.4216553059184944,2.354166666666667,-0.018570534546315732,0.063468985207051,0.1696914476849801,0.6478886064866655,-0.4237500000000001,0.0753333333333332,0.5731281590840481,1,LUBRICATION_DEGRADATION,0.9416666666666667,2026-01-01T00:02:00+00:00,True
2026-01-01T00:03:54Z,ENG-DATASET-001,MSN-LUBRICATION_DEGRADATION-001,LOITER,8000.0,23.0,0.39515773474568266,0.3248422652543173,2525.0127093610818,314.76635663865386,116.69261996463278,84.00830769411724,188.21319819898622,5.990820475476999,7.029935556451404,14.2,2575.133561536636,295.76635663865386,99.59261996463279,50.758307694117235,328.7566780768318,5.567677021818772,4.654935556451404,-50.12085217555432,19.0,17.099999999999994,33.25,-140.54347987784558,0.42314345365822703,2.375,-0.019463399073423655,0.06423989603122048,0.17169946935899996,0.6550651806670378,-0.4275,0.07600000000000005,0.5102111449659967,1,LUBRICATION_DEGRADATION,0.95,2026-01-01T00:02:00+00:00,True
2026-01-01T00:03:55Z,ENG-DATASET-001,MSN-LUBRICATION_DEGRADATION-001,LOITER,8000.0,23.0,0.39325472067838524,0.32674527932161473,2513.099383464379,314.1308396586782,116.5574622929698,84.18975117188432,186.68271736223488,5.968149879047379,7.396323804853575,14.2,2564.6669841665007,294.9641729920115,99.3074622929698,50.64808450521765,328.2333492083251,5.543173262273108,5.000490471520242,-51.56760070212158,19.166666666666686,17.25,33.54166666666667,-141.5506318460902,0.4249766167742717,2.395833333333333,-0.0201069382576704,0.06497964302663217,0.17370295848574077,0.6622494610474614,-0.43125,0.07666666666666669,0.4791196677563022,1,LUBRICATION_DEGRADATION,0.9583333333333334,2026-01-01T00:02:00+00:00,True
2026-01-01T00:03:56Z,ENG-DATASET-001,MSN-LUBRICATION_DEGRADATION-001,LOITER,8000.0,23.0,0.3917690577497114,0.3282309422502886,2504.365623005157,313.6717251646852,116.43517585945662,84.37354015647313,185.2210074251609,5.951248528828382,7.048983490465762,14.2,2556.495838058794,294.3383918313519,99.03517585945661,50.54020682313978,327.8247919029397,5.524054946313473,4.632316823799095,-52.13021505363713,19.333333333333314,17.400000000000006,33.83333333333334,-142.6037844777788,0.42719358251490824,2.416666666666667,-0.020391277105782733,0.06568403534803167,0.17569514921337442,0.6694340102669066,-0.43500000000000005,0.07733333333333327,0.5216971892446445,1,LUBRICATION_DEGRADATION,0.9666666666666667,2026-01-01T00:02:00+00:00,True
2026-01-01T00:03:57Z,ENG-DATASET-001,MSN-LUBRICATION_DEGRADATION-001,LOITER,8000.0,23.0,0.3907239292327702,0.32927607076722976,2498.990455774762,313.39841909774424,116.32911875095455,84.5601926809604,183.83035540098828,5.940439421409645,6.5022299644087855,14.2,2550.7476312156177,293.89841909774424,98.77911875095455,50.43519268096039,327.5373815607809,5.510611708172212,4.0647299644087855,-51.75717544085592,19.5,17.549999999999997,34.12500000000001,-143.7070261597926,0.4298277132374331,2.4375,-0.020290982458421352,0.06634945522968166,0.17766912908230822,0.6766108779610633,-0.43875,0.0780000000000001,0.59967083209537,1,LUBRICATION_DEGRADATION,0.975,2026-01-01T00:02:00+00:00,True
2026-01-01T00:03:58Z,ENG-DATASET-001,MSN-LUBRICATION_DEGRADATION-001,LOITER,8000.0,23.0,0.39013564400851636,0.3298643559914836,2496.8845396832317,313.3175230925434,116.24247828650601,84.75022870832336,182.51189874169194,5.9359532883996176,6.559974704547807,14.2,2547.512062482221,293.6508564258767,98.54247828650601,50.333562041656705,327.3756031241111,5.503046929913119,4.101641371214474,-50.6275227989895,19.666666666666686,17.700000000000003,34.41666666666666,-144.86370438241914,0.4329063584864983,2.458333333333333,-0.019873320148152518,0.0669729586558551,0.17961797092760723,0.6837717274645291,-0.44249999999999995,0.0786666666666666,0.5993535540639999,1,LUBRICATION_DEGRADATION,0.9833333333333333,2026-01-01T00:02:00+00:00,True
2026-01-01T00:03:59Z,ENG-DATASET-001,MSN-LUBRICATION_DEGRADATION-001,LOITER,8000.0,23.0,0.39001338207111713,0.32998661792888284,2497.7290957239347,313.4327475751228,116.17821581390015,84.94416015301212,181.26562202932192,5.937925304756176,7.1641253759827155,14.2,2546.839621826525,293.5994142417895,98.32821581390014,50.235826819678785,327.34198109132626,5.501474958081695,4.6849587093160485,-49.110526102590484,19.833333333333314,17.85000000000001,34.708333333333336,-146.07635906200434,0.4364503466744809,2.479166666666667,-0.019282928411240016,0.06755236002276171,0.1815348712701512,0.6909079740623898,-0.44625,0.0793333333333333,0.5291757773098064,1,LUBRICATION_DEGRADATION,0.9916666666666667,2026-01-01T00:02:00+00:00,True
2026-01-01T00:04:00Z,ENG-DATASET-001,MSN-LUBRICATION_DEGRADATION-001,DESCENT,5700.0,23.0,0.32035905127721415,0.42964094872278585,2086.5878380631266,345.2392712995556,116.92637601499902,85.1809618965566,168.69229831647263,6.474735181571055,7.056181494189695,14.2,2134.2653933262773,325.2392712995556,98.92637601499902,50.180961896556596,306.71326966631386,5.995125168121347,4.556181494189695,-47.67755526315068,20.0,18.0,35.0,-138.02097134984123,0.4796100134497081,2.5,-0.022339094009693264,0.061493189060737294,0.18195349637866928,0.6974756696005401,-0.44999999999999996,0.08000000000000006,0.5487050950863446,1,LUBRICATION_DEGRADATION,1.0,2026-01-01T00:02:00+00:00,True
2026-01-01T00:04:01Z,ENG-DATASET-001,MSN-LUBRICATION_DEGRADATION-001,DESCENT,5700.0,23.0,0.3211672575744583,0.4288327424255417,2092.310021564397,345.7009130785276,117.4762612404623,85.12957852306192,168.81453951893081,6.489138961353087,6.6421153166869935,14.2,2138.71052796112,325.7009130785276,99.4762612404623,50.129578523061916,306.935526398056,6.008462001252858,4.1421153166869935,-46.4005063967229,20.0,18.0,35.00000000000001,-138.1209868791252,0.4806769601002294,2.5,-0.021695552432220704,0.06140602987863879,0.18094769320379764,0.6981905898909243,-0.45,0.08000000000000013,0.6035563495609259,1,LUBRICATION_DEGRADATION,1.0,2026-01-01T00:02:00+00:00,True
2026-01-01T00:04:02Z,ENG-DATASET-001,MSN-LUBRICATION_DEGRADATION-001,DESCENT,5700.0,23.0,0.3224253891738927,0.4275746108261073,2099.625512656903,346.4198593147485,117.98913159928479,85.08225387877363,169.00483192334528,6.5115693869618925,6.121427619916335,14.2,2145.630251758009,326.4198593147485,99.98913159928479,50.082253878773635,307.28151258790047,6.0292309138536035,3.621427619916335,-46.00473910110577,20.0,18.0,34.99999999999999,-138.2766806645552,0.4823384731082889,2.5,-0.0214411309047363,0.06127078187578995,0.1800195652477169,0.6988503369820191,-0.4499999999999999,0.08000000000000011,0.6903354871021161,1,LUBRICATION_DEGRADATION,1.0,2026-01-01T00:02:00+00:00,True
2026-01-01T00:04:03Z,ENG-DATASET-001,MSN-LUBRICATION_DEGRADATION-001,DESCENT,5700.0,23.0,0.3241138133527011,0.4258861866472989,2108.3294337283223,347.38528593268654,118.47485058767347,85.03951079379001,169.26020608039005,6.541686769224862,6.251237863386111,14.2,2154.916584741455,327.38528593268654,100.47485058767347,50.03951079379002,307.74582923707277,6.057117378911909,3.7512378633861103,-46.587151013132825,20.0,18.0,34.99999999999999,-138.48562315668272,0.4845693903129531,2.5000000000000004,-0.02161900434708581,0.06109010043937096,0.17914930845598379,0.6994472856505932,-0.4499999999999999,0.08000000000000007,0.6664466746833639,1,LUBRICATION_DEGRADATION,1.0,2026-01-01T00:02:00+00:00,True
2026-01-01T00:04:04Z,ENG-DATASET-001,MSN-LUBRICATION_DEGRADATION-001,DESCENT,5700.0,23.0,0.32620618281628144,0.42379381718371856,2118.4194694067323,348.5826306402963,118.94193129491353,85.00180923071464,169.57667696175656,6.579034292880191,6.860523930360038,14.2,2166.424616791147,328.5826306402963,100.94193129491353,50.00180923071464,308.32123083955736,6.09169841933351,4.360523930360038,-48.00514738441461,20.0,18.0,35.0,-138.7445538778008,0.48733587354668106,2.5,-0.0221586973358522,0.060867490046649056,0.17832034486650467,0.6999746716864903,-0.44999999999999996,0.08000000000000004,0.5733256003008751,1,LUBRICATION_DEGRADATION,1.0,2026-01-01T00:02:00+00:00,True
2026-01-01T00:04:05Z,ENG-DATASET-001,MSN-LUBRICATION_DEGRADATION-001,DESCENT,5700.0,23.0,0.3286698468389655,0.4213301531610345,2130.0632156670013,349.9937893968957,119.39758290034457,84.96953876204553,169.94930614518753,6.623044339949527,7.0949079966243795,14.2,2179.97476891591,329.9937893968957,101.39758290034457,49.96953876204553,308.9987384457955,6.132448462916229,4.5949079966243795,-49.911553248908604,20.0,18.0,35.0,-139.04943230060795,0.4905958770332983,2.5,-0.022895472902069117,0.06060720123415796,0.1775190244691605,0.7004267172981057,-0.44999999999999996,0.08,0.5440805347651377,1,LUBRICATION_DEGRADATION,1.0,2026-01-01T00:02:00+00:00,True
2026-01-01T00:04:06Z,ENG-DATASET-001,MSN-LUBRICATION_DEGRADATION-001,DESCENT,5700.0,23.0,0.3314663607676731,0.4185336392323269,2143.5159815610427,351.59736334389277,119.84775869390744,84.94301215978035,170.37227887690455,6.673046416439046,6.640413639789332,14.2,2195.355595523801,331.59736334389277,101.84775869390744,49.94301215978036,309.7677797761901,6.178746681888005,4.140413639789332,-51.83961396275845,20.0,18.0,34.99999999999999,-139.39550089928554,0.49429973455104115,2.5,-0.023613310785941158,0.060314110457079885,0.17673437521680843,0.7007987401325759,-0.45,0.08000000000000013,0.6038044063943336,1,LUBRICATION_DEGRADATION,1.0,2026-01-01T00:02:00+00:00,True
2026-01-01T00:04:07Z,ENG-DATASET-001,MSN-LUBRICATION_DEGRADATION-001,DESCENT,5700.0,23.0,0.33455208593786506,0.41544791406213494,2159.009810940112,353.36895448921985,120.29720668674719,84.92246019671757,170.83899480889608,6.728276614771701,6.172951715240705,14.2,2212.3270839598567,333.36895448921985,102.29720668674719,49.922460196717566,310.61635419799285,6.229885754418241,3.6729517152407047,-53.31727301974479,20.0,18.0,35.0,-139.77735938909677,0.49839086035346014,2.5000000000000004,-0.024100086016355188,0.059993588877055255,0.17595788372911592,0.701087243338646,-0.44999999999999996,0.08000000000000014,0.6806514742969237,1,LUBRICATION_DEGRADATION,1.0,2026-01-01T00:02:00+00:00,True
2026-01-01T00:04:08Z,ENG-DATASET-001,MSN-LUBRICATION_DEGRADATION-001,DESCENT,5700.0,23.0,0.337878870640308,0.412121129359692,2176.641651875737,355.2815078502803,120.74952371432948,84.90802774004742,171.34217099514058,6.787888524960547,6.389572851924881,14.2,2230.6243998232935,335.2815078502803,102.74952371432948,49.908027740047416,311.5312199911647,6.285081967556061,3.889572851924881,-53.98274794755662,20.0,18.0,35.0,-140.1890489960241,0.5028065574044858,2.5,-0.024200734086757523,0.05965136618548907,0.17518329379360142,0.7012899844951226,-0.44999999999999996,0.08000000000000014,0.6427440994614084,1,LUBRICATION_DEGRADATION,1.0,2026-01-01T00:02:00+00:00,True
2026-01-01T00:04:09Z,ENG-DATASET-001,MSN-LUBRICATION_DEGRADATION-001,DESCENT,5700.0,23.0,0.3413948015123923,0.4086051984876077,2196.288912345141,357.30569707389645,121.20721376974394,84.89977119768243,171.87395553954332,6.850965485937025,7.009393539095701,14.2,2249.962019619757,337.30569707389645,103.20721376974394,49.899771197682426,312.49810098098783,6.343486561052801,4.509393539095701,-53.673107274616086,20.0,18.0,35.0,-140.6241454414445,0.5074789248842242,2.5,-0.0238551170226806,0.05929339520055135,0.17440641349119387,0.7014060217098863,-0.44999999999999996,0.08000000000000002,0.5543982751395307,1,LUBRICATION_DEGRADATION,1.0,2026-01-01T00:02:00+00:00,True
2026-01-01T00:04:10Z,ENG-DATASET-001,MSN-LUBRICATION_DEGRADATION-001,DESCENT,5700.0,23.0,0.3450450136287926,0.4049549863712074,2217.574024423204,359.41034977113117,121.67175113704783,84.89765735668783,172.42605012214887,6.916534044862458,7.175551306026769,14.2,2270.0381862599584,339.41034977113117,103.67175113704783,49.89765735668783,313.5019093129979,6.4041981896874605,4.675551306026769,-52.464161836754556,20.0,18.0,35.0,-141.07585919084903,0.5123358551749977,2.5,-0.02311157678065003,0.0589257222518001,0.17362492484770592,0.7014357357461977,-0.4499999999999999,0.08000000000000013,0.5346963034663974,1,LUBRICATION_DEGRADATION,1.0,2026-01-01T00:02:00+00:00,True
2026-01-01T00:04:11Z,ENG-DATASET-001,MSN-LUBRICATION_DEGRADATION-001,DESCENT,5700.0,23.0,0.34877254665027746,0.40122745334972254,2239.8877142375177,361.56290794536034,122.14364872197706,84.90156363146914,172.98983949164844,6.983578467127959,6.682324779460188,14.2,2290.539617878125,341.56290794536034,104.14364872197706,49.90156363146914,314.5269808939062,6.466276358451814,4.182324779460188,-50.65190364060709,20.0,18.0,35.00000000000001,-141.5371414022578,0.5173021086761453,2.5,-0.022113524361359542,0.05855436739401279,0.1728381924475585,0.7013808276325866,-0.44999999999999996,0.08000000000000004,0.597753673334445,1,LUBRICATION_DEGRADATION,1.0,2026-01-01T00:02:00+00:00,True
2026-01-01T00:04:12Z,ENG-DATASET-001,MSN-LUBRICATION_DEGRADATION-001,DESCENT,5700.0,23.0,0.3525192336707524,0.3974807663292476,2262.4663597934323,363.72991797838733,122.62253179923904,84.91127971739371,173.5565259034953,7.051056113777708,6.269361201185206,14.2,2311.146396490737,343.72991797838733,104.62253179923904,49.91127971739371,315.5573198245369,6.528755660905285,3.7693612011852062,-48.680036697304786,20.0,18.0,35.0,-142.00079392104158,0.5223004528724235,2.5,-0.021063155830898874,0.058185217387034485,0.17204706950258417,0.7012442918349528,-0.44999999999999996,0.08000000000000013,0.663242355021302,1,LUBRICATION_DEGRADATION,1.0,2026-01-01T00:02:00+00:00,True
2026-01-01T00:04:13Z,ENG-DATASET-001,MSN-LUBRICATION_DEGRADATION-001,DESCENT,5700.0,23.0,0.3562266088923747,0.3937733911076253,2284.505617403828,365.8775437052737,123.10721721194697,84.92651062361,174.11726640576566,7.117913477182892,6.561486684154883,14.2,2331.53696020966,345.8775437052737,105.10721721194697,49.92651062361,316.576848010483,6.590660627021196,4.061486684154883,-47.03134280583163,20.0,18.0,35.0,-142.45958160471733,0.5272528501616964,2.5,-0.020171819537273133,0.05782393325032467,0.171253701481824,0.7010303656880974,-0.44999999999999996,0.08000000000000011,0.6155381500457144,1,LUBRICATION_DEGRADATION,1.0,2026-01-01T00:02:00+00:00,True
2026-01-01T00:04:14Z,ENG-DATASET-001,MSN-LUBRICATION_DEGRADATION-001,DESCENT,5700.0,23.0,0.3598368199647748,0.3901631800352252,2305.2836413768305,367.9720951950026,123.59579787062734,84.9468810373235,174.66331083046617,7.1831026410469505,7.173015254396471,14.2,2351.3931211078607,347.9720951950026,105.59579787062734,49.94688103732349,317.569656055393,6.651020963932361,4.673015254396471,-46.109479731030206,20.0,18.0,35.0,-142.90634522492684,0.5320816771145891,2.5,-0.019609430391335708,0.0574758731408967,0.17046132860374838,0.7007444563724764,-0.44999999999999996,0.08000000000000003,0.5349864838656255,1,LUBRICATION_DEGRADATION,1.0,2026-01-01T00:02:00+00:00,True
2026-01-01T00:04:15Z,ENG-DATASET-001,MSN-LUBRICATION_DEGRADATION-001,DESCENT,5700.0,23.0,0.3632935307516341,0.3867064692483659,2324.2648787308767,369.98056500781854,124.08573220876006,84.97194095102803,175.18613833697867,7.245597908472339,7.259799365860911,14.2,2370.4050304355874,349.98056500781854,106.08573220876006,49.97194095102803,318.52025152177936,6.708886952289203,4.759799365860911,-46.14015170471066,20.0,18.0,35.0,-143.33411318480069,0.5367109561831365,2.5,-0.019465091877666117,0.05714603037901034,0.16967408929769015,0.7003930472562518,-0.4499999999999999,0.08000000000000004,0.525232222587143,1,LUBRICATION_DEGRADATION,1.0,2026-01-01T00:02:00+00:00,True
2026-01-01T00:04:16Z,ENG-DATASET-001,MSN-LUBRICATION_DEGRADATION-001,DESCENT,5700.0,23.0,0.3665428004372507,0.3834571995627493,2341.1601645484848,371.87116297099965,124.57393806215904,85.00117246449906,175.67759037692815,7.3044123231740565,6.728120565095964,14.2,2388.276013706478,351.87116297099965,106.57393806215904,50.001172464499064,319.4138006853239,6.763344743679681,4.228120565095964,-47.115849157993125,20.0,18.0,35.0,-143.73621030839575,0.5410675794943751,2.5,-0.019727974860356205,0.05683898569900242,0.1688968271914803,0.6999835858819126,-0.45,0.08000000000000008,0.5912792602552615,1,LUBRICATION_DEGRADATION,1.0,2026-01-01T00:02:00+00:00,True
2026-01-01T00:04:17Z,ENG-DATASET-001,MSN-LUBRICATION_DEGRADATION-001,DESCENT,5700.0,23.0,0.3695339252549268,0.3804660747450732,2355.92951287802,373.6138399530716,125.05689025476993,85.03399765503903,176.12999800560166,7.358613795290762,6.368479898228701,14.2,2404.727200203696,353.6138399530716,107.05689025476993,50.03399765503902,320.2363600101848,6.813531291935891,3.868479898228701,-48.79768732567618,20.0,18.0,35.00000000000001,-144.10636200458313,0.5450825033548714,2.5,-0.020292400452551415,0.05655887225074171,0.1681349043220318,0.6995243562449,-0.4499999999999999,0.08000000000000002,0.6462486728041936,1,LUBRICATION_DEGRADATION,1.0,2026-01-01T00:02:00+00:00,True
2026-01-01T00:04:18Z,ENG-DATASET-001,MSN-LUBRICATION_DEGRADATION-001,DESCENT,5700.0,23.0,0.3722202297022902,0.3777797702977098,2368.7279810960417,375.1807907691751,125.53072099852231,85.06978739280987,176.5363015532654,7.407340535836753,6.722617259700041,14.2,2419.5018746641954,355.1807907691751,107.53072099852231,50.06978739280987,320.97509373320975,6.8586486442932895,4.222617259700041,-50.77389356815365,20.0,18.0,35.0,-144.43879217994436,0.5486918915434638,2.5,-0.02098526729812954,0.0563093515183866,0.1673940231484857,0.699024338278418,-0.4499999999999999,0.08000000000000008,0.5920498700792955,1,LUBRICATION_DEGRADATION,1.0,2026-01-01T00:02:00+00:00,True
2026-01-01T00:04:19Z,ENG-DATASET-001,MSN-LUBRICATION_DEGRADATION-001,DESCENT,5700.0,23.0,0.37455979489689756,0.37544020510310244,2379.8088595598706,376.546926258172,125.99132205512439,85.10787096335429,176.89016078894974,7.449815503696153,7.306960457582874,14.2,2432.3694832345363,356.546926258172,107.99132205512439,50.107870963354294,321.6184741617268,6.897977318237179,4.806960457582874,-52.56062367466575,20.0,18.0,34.99999999999999,-144.72831337277705,0.5518381854589745,2.5,-0.021608815616602477,0.056093598141183254,0.16668005963304963,0.6984930576195657,-0.44999999999999996,0.08000000000000002,0.5200791689593172,1,LUBRICATION_DEGRADATION,1.0,2026-01-01T00:02:00+00:00,True
2026-01-01T00:04:20Z,ENG-DATASET-001,MSN-LUBRICATION_DEGRADATION-001,DESCENT,5700.0,23.0,0.3765161127063749,0.3734838872936251,2389.4088073859143,377.69030476618184,126.43444746876649,85.14754634682451,177.1860538576332,7.4853595769620584,7.305056045159118,14.2,2443.1292311866614,357.69030476618184,108.43444746876649,50.14754634682451,322.1564615593331,6.930888497187091,4.805056045159118,-53.720423800747085,20.0,18.0,35.0,-144.97040770169988,0.5544710797749675,2.5,-0.02198836767003698,0.05591429159108401,0.1659989092044272,0.6979404287886221,-0.45,0.08000000000000003,0.5202852945947717,1,LUBRICATION_DEGRADATION,1.0,2026-01-01T00:02:00+00:00,True
2026-01-01T00:04:21Z,ENG-DATASET-001,MSN-LUBRICATION_DEGRADATION-001,DESCENT,5700.0,23.0,0.37805865544561273,0.37194134455438727,2397.6438818263805,378.5925137701474,126.85581556614353,85.18809099320312,177.41936344694292,7.513403176809543,6.736958934966315,14.2,2451.6132162524696,358.5925137701474,108.85581556614353,50.18809099320312,322.5806608126235,6.95685479334217,4.236958934966315,-53.96933442608906,20.0,18.0,35.0,-145.16129736568055,0.5565483834673737,2.5,-0.022013804652508143,0.05577361275539542,0.16535634689230497,0.6973765948726758,-0.44999999999999996,0.08000000000000002,0.590045841456775,1,LUBRICATION_DEGRADATION,1.0,2026-01-01T00:02:00+00:00,True
2026-01-01T00:04:22Z,ENG-DATASET-001,MSN-LUBRICATION_DEGRADATION-001,DESCENT,5700.0,23.0,0.379163352251082,0.370836647748918,2404.442635134003,379.2389931826695,127.25120883909592,85.22877292507286,177.58644883877017,7.533496097013364,6.430229840010934,14.2,2457.68904868255,359.2389931826695,109.25120883909592,50.22877292507287,322.8844524341275,6.975459349086448,3.9302298400109343,-53.246413548547025,20.0,18.0,34.99999999999999,-145.29800359535736,0.5580367479269164,2.5,-0.021665236119715752,0.055673243661024836,0.16475790237259724,0.6968117666782364,-0.4499999999999999,0.08000000000000008,0.636095114476319,1,LUBRICATION_DEGRADATION,1.0,2026-01-01T00:02:00+00:00,True
2026-01-01T00:04:23Z,ENG-DATASET-001,MSN-LUBRICATION_DEGRADATION-001,DESCENT,5700.0,23.0,0.3798129646986088,0.3701870353013912,2409.533259732258,379.6192929836956,127.61657027977873,85.26886199439319,177.68470272145856,7.545315325304894,6.834096020404196,14.2,2461.261917143948,359.6192929836956,109.61657027977873,50.26886199439319,323.06309585719737,6.9864030789860125,4.334096020404196,-51.72865741168971,20.0,18.0,35.0,-145.3783931357388,0.5589122463188811,2.5,-0.021017128267159686,0.05561436883450733,0.16420875013748273,0.6962560641198476,-0.44999999999999996,0.08000000000000002,0.576821553613584,1,LUBRICATION_DEGRADATION,1.0,2026-01-01T00:02:00+00:00,True
2026-01-01T00:04:24Z,ENG-DATASET-001,MSN-LUBRICATION_DEGRADATION-001,DESCENT,5700.0,23.0,0.379997355803218,0.370002644196782,2412.488402567882,379.72725919750917,127.94809473173858,85.3076411173493,177.71259187603073,7.548670683205723,7.375701660445523,14.2,2462.276068219298,359.72725919750917,109.94809473173858,50.30764111734931,323.1138034109649,6.98950989185715,4.875701660445523,-49.787665651415864,20.0,18.0,34.99999999999999,-145.4012115349342,0.5591607913485728,2.5,-0.02022018013902965,0.0555976770974116,0.16371361453709632,0.69571936236004,-0.44999999999999996,0.08000000000000011,0.5127467130077765,1,LUBRICATION_DEGRADATION,1.0,2026-01-01T00:02:00+00:00,True
2026-01-01T00:04:25Z,ENG-DATASET-001,MSN-LUBRICATION_DEGRADATION-001,DESCENT,5700.0,23.0,0.3797136482033933,0.3702863517966067,2412.8170156751676,379.5611438315053,128.24231385435235,85.3444173116932,177.66968110155725,7.543508157572407,7.2807346545806455,14.2,2460.7156764202623,359.5611438315053,110.24231385435235,50.3444173116932,323.0357838210131,6.984729775530006,4.7807346545806455,-47.89866074509473,20.0,18.0,35.00000000000001,-145.36610271945588,0.5587783820424006,2.5,-0.019465337342335923,0.055623362933154535,0.1632766890558998,0.6952111449280944,-0.4499999999999999,0.08000000000000002,0.5229321810623045,1,LUBRICATION_DEGRADATION,1.0,2026-01-01T00:02:00+00:00,True
2026-01-01T00:04:26Z,ENG-DATASET-001,MSN-LUBRICATION_DEGRADATION-001,DESCENT,5700.0,23.0,0.3789662690613416,0.3710337309386584,2410.080954163835,379.12363615990375,128.4961733729147,85.3785323640881,177.5566400063219,7.529910848284483,6.682739206416729,14.2,2456.605091138978,359.12363615990375,110.49617337291471,50.378532364088095,322.8302545569489,6.972139674337484,4.182739206416729,-46.52413697514294,20.0,18.0,35.00000000000001,-145.27361455062697,0.5577711739469988,2.5,-0.018938386614501614,0.055691126916232216,0.1629015689009574,0.694740365738591,-0.4499999999999999,0.08000000000000002,0.5976944477352919,1,LUBRICATION_DEGRADATION,1.0,2026-01-01T00:02:00+00:00,True
2026-01-01T00:04:27Z,ENG-DATASET-001,MSN-LUBRICATION_DEGRADATION-001,DESCENT,5700.0,23.0,0.37776688097860717,0.37223311902139283,2404.0078309853016,378.4218146043098,128.707101400731,85.40937296075226,177.3752325588083,7.508097510487237,6.431829512829184,14.2,2450.0084566839387,358.4218146043098,110.70710140073099,50.409372960752265,322.5004228341969,6.951942139340034,3.9318295128291845,-46.00062569863712,20.0,18.000000000000014,35.0,-145.1251902753886,0.5561553711472031,2.4999999999999996,-0.018775700783048927,0.05580017505932104,0.16259119579732,0.6943153216218402,-0.44999999999999996,0.08000000000000007,0.6358363178878276,1,LUBRICATION_DEGRADATION,1.0,2026-01-01T00:02:00+00:00,True
2026-01-01T00:04:28Z,ENG-DATASET-001,MSN-LUBRICATION_DEGRADATION-001,DESCENT,5700.0,23.0,0.37613420000507525,0.37386579999492475,2394.5724105953527,377.4670203611755,128.87306676968728,85.43638012308246,177.12828956156164,7.478418724580247,6.876855164256389,14.2,2441.028711329513,357.4670203611755,110.87306676968728,50.43638012308246,322.0514355664757,6.924461782018747,4.376855164256389,-46.45630073416032,20.0,18.0,35.0,-144.92314600491403,0.5539569425615003,2.5,-0.019031443800125468,0.055949217300640806,0.16234781380577093,0.6939435366810173,-0.44999999999999996,0.08000000000000008,0.5711863669641764,1,LUBRICATION_DEGRADATION,1.0,2026-01-01T00:02:00+00:00,True
2026-01-01T00:04:29Z,ENG-DATASET-001,MSN-LUBRICATION_DEGRADATION-001,DESCENT,5700.0,23.0,0.37409370358127364,0.37590629641872636,2382.026384057811,376.2746557792189,128.99262648719903,85.45905780079238,176.81966447746163,7.441350780693115,7.365778600584111,14.2,2429.8059809986044,356.2746557792189,110.99262648719903,50.45905780079237,321.49029904993023,6.890139611752884,4.865778600584111,-47.77959694079345,20.0,18.0,35.00000000000001,-144.6706345724686,0.551211168940231,2.5,-0.019663955605688708,0.05613646571703902,0.16217293499290217,0.6936316595164485,-0.45,0.08000000000000004,0.5137923866285014,1,LUBRICATION_DEGRADATION,1.0,2026-01-01T00:02:00+00:00,True
2026-01-01T00:04:30Z,ENG-DATASET-001,MSN-LUBRICATION_DEGRADATION-001,DESCENT,5700.0,23.0,0.371677232971434,0.378322767028566,2366.8688673889023,374.86391222599013,129.06496164412889,85.4769804882572,176.45417329772337,7.3974874147547425,7.180059078644225,14.2,2416.5153926444864,354.86391222599013,111.06496164412889,50.476980488257205,320.8257696322243,6.849525384032169,4.680059078644225,-49.64652525558404,20.0,18.0,34.99999999999999,-144.37159633450094,0.5479620307225739,2.5,-0.020544675778478665,0.05635963340015053,0.16206731388135778,0.693385374114093,-0.45,0.08000000000000006,0.5341812908746932,1,LUBRICATION_DEGRADATION,1.0,2026-01-01T00:02:00+00:00,True
2026-01-01T00:04:31Z,ENG-DATASET-001,MSN-LUBRICATION_DEGRADATION-001,DESCENT,5700.0,23.0,0.36892249639121344,0.38107750360878656,2349.764344937603,373.2574337372938,129.08990132314835,85.48979974500654,176.03751938996504,7.347529578671354,6.564370491766744,14.2,2401.3643414532735,353.2574337372938,111.08990132314834,50.48979974500653,320.0682170726637,6.803268128399401,4.064370491766744,-51.59999651567068,20.0,18.000000000000014,35.00000000000001,-144.03069768269864,0.5442614502719527,2.5,-0.021487783267591563,0.05661593526400737,0.16203092977497557,0.6932093249876977,-0.44999999999999996,0.08000000000000008,0.6151014050181417,1,LUBRICATION_DEGRADATION,1.0,2026-01-01T00:02:00+00:00,True
2026-01-01T00:04:32Z,ENG-DATASET-001,MSN-LUBRICATION_DEGRADATION-001,DESCENT,5700.0,23.0,0.36587248058360067,0.38412751941639933,2331.4275216845112,371.4809240621415,129.06793429238704,85.49724951841642,175.5762044990636,7.292273466096043,6.376397015844699,14.2,2384.589254511403,351.4809240621415,111.06793429238704,50.49724951841643,319.22946272557016,6.75210506120004,3.8763970158446988,-53.16173282689169,20.0,18.0,34.99999999999999,-143.65325822650655,0.5401684048960034,2.5,-0.022293874186640337,0.056902092349296364,0.1620629762737361,0.6931070569939742,-0.44999999999999996,0.08000000000000003,0.644928780458064,1,LUBRICATION_DEGRADATION,1.0,2026-01-01T00:02:00+00:00,True
2026-01-01T00:04:33Z,ENG-DATASET-001,MSN-LUBRICATION_DEGRADATION-001,DESCENT,5700.0,23.0,0.3625747800251694,0.3874252199748306,2312.502534767229,369.5627057590398,129.00020850712434,85.49915018535103,175.07742728960088,7.232597046675222,6.858430613498333,14.2,2366.451901440031,349.5627057590398,111.00020850712433,50.499150185351034,318.32259507200155,6.696849117291872,4.358430613498333,-53.94936667280217,20.0,18.000000000000014,34.99999999999999,-143.24516778240067,0.5357479293833505,2.5,-0.022797575830707968,0.05721434143431302,0.16216185755042722,0.6930809701061645,-0.4499999999999999,0.08000000000000011,0.5736009636719563,1,LUBRICATION_DEGRADATION,1.0,2026-01-01T00:02:00+00:00,True
2026-01-01T00:04:34Z,ENG-DATASET-001,MSN-LUBRICATION_DEGRADATION-001,DESCENT,5700.0,23.0,0.35908085423018943,0.39091914576981057,2293.4652517494083,367.53324074192176,128.88851867495993,85.4954112495016,174.54897101311013,7.169445384782511,7.290666773801036,14.2,2347.2353095676413,347.53324074192176,110.88851867495994,50.4954112495016,317.36176547838204,6.638375356280102,4.790666773801036,-53.770057818233,20.0,17.999999999999986,35.0,-142.8127944652719,0.531070028502409,2.5,-0.022907825900138405,0.05754845193312603,0.16232519123789702,0.6931322893294677,-0.44999999999999996,0.08000000000000013,0.5218480261812151,1,LUBRICATION_DEGRADATION,1.0,2026-01-01T00:02:00+00:00,True
2026-01-01T00:04:35Z,ENG-DATASET-001,MSN-LUBRICATION_DEGRADATION-001,DESCENT,5700.0,23.0,0.35544522474211765,0.39455477525788235,2274.5716400588494,365.42462210735175,128.73528236014772,85.4860326521561,173.9990820530393,7.103815033316461,7.022906653927783,14.2,2327.2393473832467,345.42462210735175,110.73528236014774,50.48603265215609,316.36196736916236,6.577606512330056,4.522906653927783,-52.66770732439727,20.0,17.999999999999986,35.00000000000001,-142.36288531612306,0.5262085209864047,2.5,-0.02263098008531738,0.05789975213111577,0.162549818055803,0.693261049865943,-0.44999999999999996,0.08000000000000003,0.5527418961496695,1,LUBRICATION_DEGRADATION,1.0,2026-01-01T00:02:00+00:00,True
2026-01-01T00:04:36Z,ENG-DATASET-001,MSN-LUBRICATION_DEGRADATION-001,DESCENT,5700.0,23.0,0.3517246243431477,0.3982753756568523,2255.863836150908,363.27004720590935,128.5435053042807,85.4711046757761,173.43634124269508,7.036737799281688,6.406563995923119,14.2,2306.776045188911,343.27004720590935,110.5435053042807,50.471104675776104,315.3388022594456,6.515497962297859,3.9065639959231193,-50.91220903800331,20.0,18.0,35.0,-141.9024610167505,0.5212398369838294,2.5,-0.0220707203649819,0.058263166748140624,0.1628318185718231,0.6934660975787686,-0.44999999999999996,0.0800000000000001,0.6399485590429324,1,LUBRICATION_DEGRADATION,1.0,2026-01-01T00:02:00+00:00,True
2026-01-01T00:04:37Z,ENG-DATASET-001,MSN-LUBRICATION_DEGRADATION-001,DESCENT,5700.0,23.0,0.34797711175811846,0.40202288824188154,2237.2313558065466,361.1032817713575,128.31673681813658,85.45080644172356,172.8695299642094,6.9692641761126595,6.2917056876169495,14.2,2286.164725971251,341.1032817713575,110.31673681813656,50.450806441723564,314.3082362985625,6.453022385289499,3.7917056876169495,-48.93337016470423,20.0,18.000000000000014,34.99999999999999,-141.43870633435313,0.5162417908231607,2.5,-0.021404131385989893,0.05863326760194015,0.1631665377273989,0.693745104757225,-0.44999999999999996,0.08000000000000013,0.6593338739777628,1,LUBRICATION_DEGRADATION,1.0,2026-01-01T00:02:00+00:00,True
2026-01-01T00:04:38Z,ENG-DATASET-001,MSN-LUBRICATION_DEGRADATION-001,DESCENT,5700.0,23.0,0.34426116566753134,0.40573883433246866,2218.511342997921,358.95812452467237,128.0590162494397,85.42540302542392,172.30749311800813,6.902446728874731,6.809695857680409,14.2,2265.727022473022,338.95812452467237,110.05901624943971,50.42540302542391,313.2863511236511,6.391154378587713,4.309695857680409,-47.21567947510084,20.0,18.0,35.00000000000001,-140.978858005643,0.5112923502870172,2.5,-0.020839085647469273,0.05900433874552024,0.16354861794516207,0.694094601134936,-0.44999999999999996,0.08000000000000003,0.5800873385403037,1,LUBRICATION_DEGRADATION,1.0,2026-01-01T00:02:00+00:00,True
2026-01-01T00:04:39Z,ENG-DATASET-001,MSN-LUBRICATION_DEGRADATION-001,LANDING,4000.0,23.0,0.24063477216729953,0.5593652278327005,1607.9337640241686,344.0985388219895,127.45557809504547,85.3569299424174,155.48811991847023,6.058474633266081,6.598009007733513,14.2,1654.113451580735,324.0985388219895,109.45557809504547,50.35692994241739,282.7056725790368,5.60969873450563,4.098009007733513,-46.17968755656648,20.0,18.0,35.00000000000001,-127.21755266056655,0.44877589876045043,2.5,-0.02791808960409298,0.06170962717911222,0.1644502757490326,0.6950383996804835,-0.45,0.08,0.6100523437801509,1,LUBRICATION_DEGRADATION,1.0,2026-01-01T00:02:00+00:00,True
2026-01-01T00:04:40Z,ENG-DATASET-001,MSN-LUBRICATION_DEGRADATION-001,LANDING,4000.0,23.0,0.23715451991511546,0.5628454800848846,1588.893022831484,341.66438354950407,126.85162987427853,85.28498104656651,154.96173176532741,5.984774496109014,6.261110421482593,14.2,1634.9720641937226,321.66438354950407,108.85162987427853,50.28498104656651,281.74860320968617,5.5414578667676055,3.761110421482593,-46.07904136223874,20.0,18.0,35.00000000000001,-126.78687144435875,0.4433166293414086,2.5000000000000004,-0.02818338146038132,0.06217660711858702,0.16536270537050884,0.6960328764485003,-0.4499999999999999,0.08000000000000003,0.6646973153780805,1,LUBRICATION_DEGRADATION,1.0,2026-01-01T00:02:00+00:00,True
2026-01-01T00:04:41Z,ENG-DATASET-001,MSN-LUBRICATION_DEGRADATION-001,LANDING,4000.0,23.0,0.233874717083374,0.566125282916626,1569.9947660284963,339.37351735268396,126.25080482066778,85.2100533157787,154.4656615870265,5.91540007583342,5.663340355380047,14.2,1616.9331486191445,319.37351735268396,108.25080482066778,50.210053315778694,280.84665743095724,5.477222292438352,3.1633403553800465,-46.93838259064819,20.0,18.0,35.0,-126.38099584393075,0.4381777833950684,2.5000000000000004,-0.02902926607122466,0.06262259991304793,0.16628051892842233,0.697071556165847,-0.44999999999999996,0.08000000000000004,0.7903038304898583,1,LUBRICATION_DEGRADATION,1.0,2026-01-01T00:02:00+00:00,True
2026-01-01T00:04:42Z,ENG-DATASET-001,MSN-LUBRICATION_DEGRADATION-001,LANDING,4000.0,23.0,0.230846543898306,0.569153456101694,1551.7308815627632,337.26106705844234,125.65725101506206,85.1327152421062,154.00765039278494,5.851417680189838,5.632061206427103,14.2,1600.2781961012702,317.26106705844234,107.65725101506206,50.1327152421062,280.0139098050635,5.417979333509109,3.1320612064271036,-48.54731453850695,20.0,18.0,35.0,-126.00625941227858,0.4334383466807292,2.4999999999999996,-0.030336796849936423,0.06303956607545488,0.16719728425428274,0.6981469052887781,-0.45,0.08000000000000008,0.7981964065293196,1,LUBRICATION_DEGRADATION,1.0,2026-01-01T00:02:00+00:00,True
2026-01-01T00:04:43Z,ENG-DATASET-001,MSN-LUBRICATION_DEGRADATION-001,LANDING,4000.0,23.0,0.2281172539896657,0.5718827460103344,1534.7551870522332,335.3593009429279,125.07550843712905,85.05359695940089,153.59484529410312,5.793807528884069,6.185266247194891,14.2,1585.267101603749,315.3593009429279,107.07550843712905,50.05359695940089,279.26335508018747,5.364636600818582,3.6852662471948903,-50.51191455151593,20.0,18.0,35.0,-125.66850978608434,0.42917092806548673,2.5000000000000004,-0.031863346246455954,0.06341972454974301,0.16810566919295988,0.6992504460446458,-0.44999999999999996,0.08000000000000003,0.6783770377250009,1,LUBRICATION_DEGRADATION,1.0,2026-01-01T00:02:00+00:00,True
2026-01-01T00:04:44Z,ENG-DATASET-001,MSN-LUBRICATION_DEGRADATION-001,LANDING,4000.0,23.0,0.22572943701364281,0.5742705629863573,1519.782928206953,333.697168271206,124.51038680019629,84.97337944911804,153.23368797647964,5.743449584547561,6.506219613641036,14.2,1572.1341082356228,313.697168271206,106.51038680019629,49.97337944911804,278.60670541178115,5.318008874581074,4.006219613641036,-52.35118002866966,20.0,18.0,35.0,-125.3730174353015,0.42544070996648653,2.5,-0.03329943657759733,0.06375575562323552,0.16899760240065928,0.7003728862410905,-0.44999999999999996,0.08000000000000011,0.6240296941005401,1,LUBRICATION_DEGRADATION,1.0,2026-01-01T00:02:00+00:00,True
2026-01-01T00:04:45Z,ENG-DATASET-001,MSN-LUBRICATION_DEGRADATION-001,LANDING,4000.0,23.0,0.2237203540555221,0.576279645944478,1507.4693573314246,332.2998923941112,123.96684543002944,84.892782991107,152.9298141790639,5.701110994366185,6.113951076445593,14.2,1561.0841519659593,312.2998923941112,105.96684543002944,49.892782991107005,278.054207598298,5.278806476264986,3.613951076445593,-53.614794634534746,20.0,18.0,34.99999999999999,-125.12439341923408,0.42230451810119884,2.5,-0.03434458966674838,0.06404100829711692,0.16986445078131077,0.7015042637777585,-0.44999999999999996,0.07999999999999999,0.6917636534412661,1,LUBRICATION_DEGRADATION,1.0,2026-01-01T00:02:00+00:00,True
2026-01-01T00:04:46Z,ENG-DATASET-001,MSN-LUBRICATION_DEGRADATION-001,LANDING,4000.0,23.0,0.22212135618290982,0.5778786438170902,1498.2962822230957,331.18862101552395,123.4498764124146,84.81255503807246,152.6879657508313,5.6674352667465016,5.552660376880299,14.2,1552.2896636665914,311.18862101552395,105.4498764124146,49.81255503807246,277.6144831833296,5.247625246987501,3.0526603768802985,-53.993381443495764,20.0,18.0,35.0,-124.92651743249829,0.4198100197590007,2.5000000000000004,-0.03478305802536912,0.06426970219776218,0.17069721285970954,0.7026341044591868,-0.4499999999999999,0.08000000000000011,0.8189577913527689,1,LUBRICATION_DEGRADATION,1.0,2026-01-01T00:02:00+00:00,True
2026-01-01T00:04:47Z,ENG-DATASET-001,MSN-LUBRICATION_DEGRADATION-001,LANDING,4000.0,23.0,0.22095739522280947,0.5790426047771906,1492.4936291849976,330.3801364295971,122.96439218191307,84.73345770144483,152.5119166556161,5.642933282374871,5.612333186937815,14.2,1545.8878783860396,310.3801364295971,104.96439218191307,49.733457701444834,277.29439391930197,5.224938224421177,3.112333186937815,-53.39424920104193,20.0,18.0,35.0,-124.78247726368588,0.4179950579536946,2.5,-0.034539535465396995,0.06443711324463755,0.17148672636339687,0.7037515913353275,-0.44999999999999996,0.0800000000000001,0.8032559015507328,1,LUBRICATION_DEGRADATION,1.0,2026-01-01T00:02:00+00:00,True
2026-01-01T00:04:48Z,ENG-DATASET-001,MSN-LUBRICATION_DEGRADATION-001,LANDING,4000.0,23.0,0.22024663439670653,0.5797533656032935,1490.0146074668799,329.88662782569327,122.51511865936409,84.65625504252141,152.40441408066803,5.627976216523194,6.197168880435133,14.2,1541.9786938424738,309.88662782569327,104.51511865936409,49.65625504252141,277.0989346921237,5.211089089373328,3.6971688804351333,-51.96408637559398,20.0,18.0,35.0,-124.69452061145566,0.41688712714986664,2.5,-0.033699613738568654,0.06453973228960919,0.17222388713603856,0.704845743401893,-0.45,0.08000000000000008,0.6761930766077869,1,LUBRICATION_DEGRADATION,1.0,2026-01-01T00:02:00+00:00,True
2026-01-01T00:04:49Z,ENG-DATASET-001,MSN-LUBRICATION_DEGRADATION-001,LANDING,4000.0,23.0,0.22000016488957225,0.5799998351104277,1490.5700648477418,329.71552716434087,122.10649497253621,84.58170036583505,152.36713556771397,5.622790429417862,6.462992621482027,14.2,1540.623111553235,309.71552716434087,104.10649497253621,49.58170036583504,277.03115557766176,5.2062874346461685,3.962992621482026,-50.053046705493216,20.0,18.0,35.00000000000001,-124.66402000994779,0.41650299477169384,2.5000000000000004,-0.03248883281715177,0.06457538691428805,0.17289987531276013,0.7059056010938513,-0.45,0.08000000000000007,0.6308364003627855,1,LUBRICATION_DEGRADATION,1.0,2026-01-01T00:02:00+00:00,True
2026-01-01T00:04:50Z,ENG-DATASET-001,MSN-LUBRICATION_DEGRADATION-001,LANDING,4000.0,23.0,0.22022183277563162,0.5797781672243685,1493.7132655747419,329.8694096267302,121.74258071595085,84.51052371172695,152.40066283548046,5.627454363629206,6.0267823097642275,14.2,1541.8422849265614,309.8694096267302,103.74258071595085,49.51052371172695,277.0921142463281,5.210605892249265,3.526782309764228,-48.12901935181958,20.0,18.0,35.0,-124.69145141084763,0.4168484713799412,2.4999999999999996,-0.031215267490288075,0.06454331850340461,0.1735063835483748,0.7069204156228706,-0.44999999999999996,0.08,0.7088614437807842,1,LUBRICATION_DEGRADATION,1.0,2026-01-01T00:02:00+00:00,True
2026-01-01T00:04:51Z,ENG-DATASET-001,MSN-LUBRICATION_DEGRADATION-001,LANDING,4000.0,23.0,0.2209081790016614,0.5790918209983387,1498.9541158561738,330.3459592121654,121.4269716246599,84.44341974204394,152.50447270216745,5.641897471282364,5.5154490725609175,14.2,1545.6171891697252,310.3459592121654,103.4269716246599,49.44341974204394,277.28085945848625,5.223979140076263,3.0154490725609175,-46.66307331355142,20.0,18.0,35.0,-124.7763867563188,0.417918331206101,2.5,-0.03019057606276875,0.06444420945828126,0.1740358411084744,0.7078798388663626,-0.44999999999999996,0.07999999999999999,0.8290639104963679,1,LUBRICATION_DEGRADATION,1.0,2026-01-01T00:02:00+00:00,True
2026-01-01T00:04:52Z,ENG-DATASET-001,MSN-LUBRICATION_DEGRADATION-001,LANDING,4000.0,23.0,0.22204849336435883,0.5779515066356412,1505.8747948570483,331.13799967601,121.16272445409416,84.38103620679593,152.67694524952546,5.665901178822108,5.667646335322541,14.2,1551.8889181645611,311.13799967601,103.16272445409416,49.38103620679593,277.59444590822807,5.246204795205656,3.1676463353225404,-46.01412330751282,20.0,18.0,34.99999999999999,-124.91750065870261,0.41969638361645245,2.5000000000000004,-0.029650397505212107,0.06428015871036688,0.17448162691757646,0.7087741102359292,-0.4499999999999999,0.08,0.7892295210239884,1,LUBRICATION_DEGRADATION,1.0,2026-01-01T00:02:00+00:00,True
2026-01-01T00:04:53Z,ENG-DATASET-001,MSN-LUBRICATION_DEGRADATION-001,LANDING,4000.0,23.0,0.22362498163948205,0.576375018360518,1514.2185487496342,332.233590635119,120.95229177456272,84.323963170592,152.91538910113783,5.699101882381275,6.275424203708049,14.2,1560.5596036777388,312.233590635119,102.95229177456272,49.323963170591995,278.02798018388694,5.276946187390069,3.775424203708049,-46.34105492810454,20.0,18.0,35.0,-125.1125910827491,0.422155694991206,2.4999999999999996,-0.029695152187006205,0.06405460719110234,0.17483826430416005,0.7095942367597045,-0.44999999999999996,0.08000000000000008,0.6621772455515367,1,LUBRICATION_DEGRADATION,1.0,2026-01-01T00:02:00+00:00,True
2026-01-01T00:04:54Z,ENG-DATASET-001,MSN-LUBRICATION_DEGRADATION-001,LANDING,4000.0,23.0,0.22561304325476791,0.5743869567452321,1523.9301186493444,333.61618828750557,120.79746730429409,84.27272316586351,153.21608342044982,5.7409959517725895,6.481996611285169,14.2,1571.4939425618113,313.61618828750557,102.79746730429409,49.27272316586351,278.5746971280906,5.315736992382027,3.9819966112851692,-47.56382391246689,20.0,18.0,35.0,-125.35861370764076,0.4252589593905629,2.4999999999999996,-0.030266628858224866,0.06377221823021818,0.17510159026309102,0.7103321625269586,-0.45,0.08000000000000014,0.6278257477454601,1,LUBRICATION_DEGRADATION,1.0,2026-01-01T00:02:00+00:00,True
2026-01-01T00:04:55Z,ENG-DATASET-001,MSN-LUBRICATION_DEGRADATION-001,LANDING,4000.0,23.0,0.22798165517363428,0.5720183448263658,1535.1382543479076,335.2648697680433,120.69934231806576,84.22776242546499,153.57433597317836,5.7909467050415335,6.009019956508703,14.2,1584.5213081155762,315.2648697680433,102.69934231806576,49.227762425464995,279.2260654057788,5.3619876898532715,3.509019956508703,-49.38305376766857,20.0,18.0,34.99999999999999,-125.65172943260043,0.42895901518826207,2.5,-0.03116591333593258,0.06343872063739622,0.17526889261133696,0.7109809236808795,-0.4499999999999999,0.08000000000000007,0.7124496386413753,1,LUBRICATION_DEGRADATION,1.0,2026-01-01T00:02:00+00:00,True
2026-01-01T00:04:56Z,ENG-DATASET-001,MSN-LUBRICATION_DEGRADATION-001,LANDING,4000.0,23.0,0.23069385599929002,0.56930614400071,1548.0850790793857,337.1546196656624,120.65827357790074,84.18944333044251,153.9845563480588,5.84819329776238,5.5550944356357626,14.2,1599.4384126566827,317.1546196656624,102.65827357790074,49.18944333044252,279.97192063283416,5.414993794224426,3.055094435635763,-51.35333357729701,20.0,18.0,34.99999999999999,-125.98736428477537,0.43319950353795456,2.4999999999999996,-0.032107102824921296,0.06306072420160101,0.17533900944029573,0.7115347853172203,-0.45,0.08000000000000008,0.8183053102513184,1,LUBRICATION_DEGRADATION,1.0,2026-01-01T00:02:00+00:00,True
2026-01-01T00:04:57Z,ENG-DATASET-001,MSN-LUBRICATION_DEGRADATION-001,LANDING,4000.0,23.0,0.23370732274496983,0.5662926772550302,1563.0202096298772,339.256676638418,120.67386313607112,84.15803818983824,154.44034319334284,5.91186145134675,5.794569211318683,14.2,1616.012479757922,319.256676638418,102.67386313607112,49.15803818983824,280.8006239878961,5.473945788284028,3.294569211318682,-52.992270128044765,20.0,18.0,35.0,-126.36028079455323,0.43791566306272234,2.5000000000000004,-0.03279199312618117,0.06264551836656337,0.17531238671856583,0.7119893569559712,-0.45,0.08000000000000002,0.7588245502359175,1,LUBRICATION_DEGRADATION,1.0,2026-01-01T00:02:00+00:00,True
2026-01-01T00:04:58Z,ENG-DATASET-001,MSN-LUBRICATION_DEGRADATION-001,LANDING,4000.0,23.0,0.2369750312699874,0.5630249687300126,1580.0862820531406,341.53893736695085,120.74495025663778,84.1337244486528,154.9345841077518,5.9809759222669925,6.411043960064142,14.2,1633.9848766455186,321.53893736695085,102.74495025663778,49.13372444865279,281.69924383227595,5.537940668765733,3.9110439600641422,-53.898594592378004,20.0,18.0,35.00000000000001,-126.76465972452417,0.44303525350125916,2.5,-0.03298598130420207,0.06220086488988841,0.17519109167934138,0.7123416836958241,-0.44999999999999996,0.08000000000000008,0.6392155203387178,1,LUBRICATION_DEGRADATION,1.0,2026-01-01T00:02:00+00:00,True
2026-01-01T00:04:59Z,ENG-DATASET-001,MSN-LUBRICATION_DEGRADATION-001,LANDING,4000.0,23.0,0.24044599007572326,0.5595540099242767,1599.2247429448082,343.9664142790216,120.86961558794954,84.1165813978393,155.45956662711933,6.054474589203955,6.550251426330839,14.2,1653.0751500770655,323.9664142790216,102.86961558794954,49.1165813978393,282.6537575038533,5.605994990003661,4.050251426330839,-53.85040713225726,20.0,18.0,35.0,-127.19419087673396,0.4484795992002937,2.5,-0.032575897792515233,0.06173479446784462,0.17497878160739014,0.7125903107242658,-0.4499999999999999,0.08000000000000014,0.6172456316532362,1,LUBRICATION_DEGRADATION,1.0,2026-01-01T00:02:00+00:00,True
2026-01-01T00:05:00Z,ENG-DATASET-001,MSN-LUBRICATION_DEGRADATION-001,TAKEOFF,4000.0,23.0,0.8940660360109062,0.7559339639890938,5070.125897002054,925.0691177571466,135.50938197308324,85.69944557965688,250.88209857481573,20.47019603332883,11.618493684183555,14.2,5122.985402720571,905.0691177571466,117.50938197308325,50.69944557965688,456.1492701360286,18.95388521604521,9.118493684183555,-52.85950571851663,20.0,17.999999999999986,35.0,-205.26717156121285,1.5163108172836175,2.5,-0.010318105862734938,0.02209775983690841,0.15317925852186912,0.6903428548347623,-0.44999999999999996,0.08000000000000003,0.27416809032136136,1,LUBRICATION_DEGRADATION,1.0,2026-01-01T00:02:00+00:00,True
2026-01-01T00:00:01Z,ENG-DATASET-002,MSN-LUBRICATION_DEGRADATION-002,TAKEOFF,2000.0,15.0,0.9037402420015569,0.7462597579984431,5231.5620522926165,1110.711375223676,51.767784380591905,22.913287531478606,461.57810261463084,25.335026832031204,9.459569616549603,14.2,5231.5620522926165,1110.711375223676,51.767784380591905,22.913287531478606,461.57810261463084,25.335026832031204,9.459569616549603,0.0,0.0,0.0,0.0,0.0,0.0,0.0,0.0,0.0,0.0,0.0,0.0,0.0,0.0,2,LUBRICATION_DEGRADATION,0.0,2026-01-01T00:02:00+00:00,False
2026-01-01T00:00:02Z,ENG-DATASET-002,MSN-LUBRICATION_DEGRADATION-002,TAKEOFF,2000.0,15.0,0.9074221187776357,0.7425778812223643,5251.81237456105,1114.8610683522513,75.962532651339,25.717714138314896,462.5906187280525,25.450753235744305,8.931312469548443,14.2,5251.81237456105,1114.8610683522513,75.962532651339,25.717714138314896,462.5906187280525,25.450753235744305,8.931312469548443,0.0,0.0,0.0,0.0,0.0,0.0,0.0,0.0,0.0,0.0,0.0,0.0,0.0,0.0,2,LUBRICATION_DEGRADATION,0.0,2026-01-01T00:02:00+00:00,False
2026-01-01T00:00:03Z,ENG-DATASET-002,MSN-LUBRICATION_DEGRADATION-002,TAKEOFF,2000.0,15.0,0.9109881758725814,0.7390118241274186,5271.425688583251,1118.8862597426303,97.83843587977086,28.417392966492205,463.5712844291626,25.562992579195992,9.020619601260911,14.2,5271.425688583251,1118.8862597426303,97.83843587977086,28.417392966492205,463.5712844291626,25.562992579195992,9.020619601260911,0.0,0.0,0.0,0.0,0.0,0.0,0.0,0.0,0.0,0.0,0.0,0.0,0.0,0.0,2,LUBRICATION_DEGRADATION,0.0,2026-01-01T00:02:00+00:00,False
2026-01-01T00:00:04Z,ENG-DATASET-002,MSN-LUBRICATION_DEGRADATION-002,TAKEOFF,2000.0,15.0,0.9143827661581261,0.7356172338418739,5290.095935153747,1122.7234349497355,117.62267816553717,31.016156704637307,464.50479675768736,25.66997555119346,9.631126335352254,14.2,5290.095935153747,1122.7234349497355,117.62267816553717,31.016156704637307,464.50479675768736,25.66997555119346,9.631126335352254,0.0,0.0,0.0,0.0,0.0,0.0,0.0,0.0,0.0,0.0,0.0,0.0,0.0,0.0,2,LUBRICATION_DEGRADATION,0.0,2026-01-01T00:02:00+00:00,False
2026-01-01T00:00:05Z,ENG-DATASET-002,MSN-LUBRICATION_DEGRADATION-002,TAKEOFF,2000.0,15.0,0.9175529181882139,0.7324470818117861,5307.53177131923,1126.3117872416497,135.5182050300247,33.51757437665262,465.3765885659615,25.77000911672402,9.918239398296606,14.2,5307.53177131923,1126.3117872416497,135.5182050300247,33.51757437665262,465.3765885659615,25.77000911672402,9.918239398296606,0.0,0.0,0.0,0.0,0.0,0.0,0.0,0.0,0.0,0.0,0.0,0.0,0.0,0.0,2,LUBRICATION_DEGRADATION,0.0,2026-01-01T00:02:00+00:00,False
2026-01-01T00:00:06Z,ENG-DATASET-002,MSN-LUBRICATION_DEGRADATION-002,TAKEOFF,2000.0,15.0,0.9204491628007,0.7295508371993,5323.461116687903,1129.5942239387723,151.70624012549152,35.924969184729996,466.17305583439514,25.86150439641673,9.498695966973807,14.2,5323.461116687903,1129.5942239387723,151.70624012549152,35.924969184729996,466.17305583439514,25.86150439641673,9.498695966973807,0.0,0.0,0.0,0.0,0.0,0.0,0.0,0.0,0.0,0.0,0.0,0.0,0.0,0.0,2,LUBRICATION_DEGRADATION,0.0,2026-01-01T00:02:00+00:00,False
2026-01-01T00:00:07Z,ENG-DATASET-002,MSN-LUBRICATION_DEGRADATION-002,TAKEOFF,2000.0,15.0,0.9230263050670808,0.7269736949329192,5337.635399152998,1132.518325680032,166.34857425494317,38.24143724687257,466.8817699576499,25.943003197222097,8.99921684167568,14.2,5337.635399152998,1132.518325680032,166.34857425494317,38.24143724687257,466.8817699576499,25.943003197222097,8.99921684167568,0.0,0.0,0.0,0.0,0.0,0.0,0.0,0.0,0.0,0.0,0.0,0.0,0.0,0.0,2,LUBRICATION_DEGRADATION,0.0,2026-01-01T00:02:00+00:00,False
2026-01-01T00:00:08Z,ENG-DATASET-002,MSN-LUBRICATION_DEGRADATION-002,TAKEOFF,2000.0,15.0,0.925244129544237,0.7247558704557631,5349.833433777357,1135.0372393836496,179.5896478140401,40.46986705419019,467.4916716888678,26.01320267198028,9.158218551663948,14.2,5349.833433777357,1135.0372393836496,179.5896478140401,40.46986705419019,467.4916716888678,26.01320267198028,9.158218551663948,0.0,0.0,0.0,0.0,0.0,0.0,0.0,0.0,0.0,0.0,0.0,0.0,0.0,0.0,2,LUBRICATION_DEGRADATION,0.0,2026-01-01T00:02:00+00:00,False
2026-01-01T00:00:09Z,ENG-DATASET-002,MSN-LUBRICATION_DEGRADATION-002,TAKEOFF,2000.0,15.0,0.9270680278229729,0.7229319721770271,5359.864874310404,1137.110486239738,191.55844518862955,42.6129594572958,467.99324371552024,26.0709776029349,9.767545813737328,14.2,5359.864874310404,1137.110486239738,191.55844518862955,42.6129594572958,467.99324371552024,26.0709776029349,9.767545813737328,0.0,0.0,0.0,0.0,0.0,0.0,0.0,0.0,0.0,0.0,0.0,0.0,0.0,0.0,2,LUBRICATION_DEGRADATION,0.0,2026-01-01T00:02:00+00:00,False
2026-01-01T00:00:10Z,ENG-DATASET-002,MSN-LUBRICATION_DEGRADATION-002,TAKEOFF,2000.0,15.0,0.9284695385806676,0.7215304614193324,5367.573183477725,1138.7046672361023,202.37021735066915,44.67324797835572,468.37865917388626,26.115399837215136,9.97038401746339,14.2,5367.573183477725,1138.7046672361023,202.37021735066915,44.67324797835572,468.37865917388626,26.115399837215136,9.97038401746339,0.0,0.0,0.0,0.0,0.0,0.0,0.0,0.0,0.0,0.0,0.0,0.0,0.0,0.0,2,LUBRICATION_DEGRADATION,0.0,2026-01-01T00:02:00+00:00,False
2026-01-01T00:00:11Z,ENG-DATASET-002,MSN-LUBRICATION_DEGRADATION-002,TAKEOFF,2000.0,15.0,0.9294267917106946,0.7205732082893054,5372.838075692875,1139.7940504752687,212.12804687748394,46.65311923592746,468.6419037846437,26.145754450758673,9.488544562967542,14.2,5372.838075692875,1139.7940504752687,212.12804687748394,46.65311923592746,468.6419037846437,26.145754450758673,9.488544562967542,0.0,0.0,0.0,0.0,0.0,0.0,0.0,0.0,0.0,0.0,0.0,0.0,0.0,0.0,2,LUBRICATION_DEGRADATION,0.0,2026-01-01T00:02:00+00:00,False
2026-01-01T00:00:12Z,ENG-DATASET-002,MSN-LUBRICATION_DEGRADATION-002,TAKEOFF,2000.0,15.0,0.9299248495981216,0.7200751504018784,5375.577394073722,1140.3610268570224,220.9242678611611,48.554833263795146,468.7788697036861,26.161552280182818,9.020825191427775,14.2,5375.577394073722,1140.3610268570224,220.9242678611611,48.554833263795146,468.7788697036861,26.161552280182818,9.020825191427775,0.0,0.0,0.0,0.0,0.0,0.0,0.0,0.0,0.0,0.0,0.0,0.0,0.0,0.0,2,LUBRICATION_DEGRADATION,0.0,2026-01-01T00:02:00+00:00,False
2026-01-01T00:00:13Z,ENG-DATASET-002,MSN-LUBRICATION_DEGRADATION-002,TAKEOFF,2000.0,15.0,0.929955940216195,0.720044059783805,5375.748392473126,1140.3964235124604,228.8417516628565,50.380543502669106,468.7874196236563,26.162538538038127,9.241727193759905,14.2,5375.748392473126,1140.3964235124604,228.8417516628565,50.380543502669106,468.7874196236563,26.162538538038127,9.241727193759905,0.0,0.0,0.0,0.0,0.0,0.0,0.0,0.0,0.0,0.0,0.0,0.0,0.0,0.0,2,LUBRICATION_DEGRADATION,0.0,2026-01-01T00:02:00+00:00,False
2026-01-01T00:00:14Z,ENG-DATASET-002,MSN-LUBRICATION_DEGRADATION-002,TAKEOFF,2000.0,15.0,0.9295195784062181,0.7204804215937819,5373.348402518253,1139.8996675902358,235.95506818632674,52.13231624488399,468.66742012591266,26.14869731327517,9.835045014884827,14.2,5373.348402518253,1139.8996675902358,235.95506818632674,52.13231624488399,468.66742012591266,26.14869731327517,9.835045014884827,0.0,0.0,0.0,0.0,0.0,0.0,0.0,0.0,0.0,0.0,0.0,0.0,0.0,0.0,2,LUBRICATION_DEGRADATION,0.0,2026-01-01T00:02:00+00:00,False
2026-01-01T00:00:15Z,ENG-DATASET-002,MSN-LUBRICATION_DEGRADATION-002,TAKEOFF,2000.0,15.0,0.9286225734482908,0.7213774265517092,5368.414875249653,1138.8787964967712,242.33153128011335,53.812149317081264,468.4207437624827,26.12025185258863,9.946881949366142,14.2,5368.414875249653,1138.8787964967712,242.33153128011335,53.812149317081264,468.4207437624827,26.12025185258863,9.946881949366142,0.0,0.0,0.0,0.0,0.0,0.0,0.0,0.0,0.0,0.0,0.0,0.0,0.0,0.0,2,LUBRICATION_DEGRADATION,0.0,2026-01-01T00:02:00+00:00,False
2026-01-01T00:00:16Z,ENG-DATASET-002,MSN-LUBRICATION_DEGRADATION-002,TAKEOFF,2000.0,15.0,0.9272789228047704,0.7227210771952296,5361.024796710291,1137.3503143459825,248.03213601075157,55.42198979421664,468.0512398355146,26.07766061609731,9.409067448742034,14.2,5361.024796710291,1137.3503143459825,248.03213601075157,55.42198979421664,468.0512398355146,26.07766061609731,9.409067448742034,0.0,0.0,0.0,0.0,0.0,0.0,0.0,0.0,0.0,0.0,0.0,0.0,0.0,0.0,2,LUBRICATION_DEGRADATION,0.0,2026-01-01T00:02:00+00:00,False
2026-01-01T00:00:17Z,ENG-DATASET-002,MSN-LUBRICATION_DEGRADATION-002,TAKEOFF,2000.0,15.0,0.9255095936945535,0.7244904063054465,5351.293486604098,1135.3388980374882,253.11239486061362,56.96375054995366,467.5646743302049,26.021609198863878,8.980214939068619,14.2,5351.293486604098,1135.3388980374882,253.11239486061362,56.96375054995366,467.5646743302049,26.021609198863878,8.980214939068619,0.0,0.0,0.0,0.0,0.0,0.0,0.0,0.0,0.0,0.0,0.0,0.0,0.0,0.0,2,LUBRICATION_DEGRADATION,0.0,2026-01-01T00:02:00+00:00,False
2026-01-01T00:00:18Z,ENG-DATASET-002,MSN-LUBRICATION_DEGRADATION-002,TAKEOFF,2000.0,15.0,0.9233421959066377,0.7266578040933623,5339.372798770561,1132.8769599116035,257.6230793723423,58.43932546340304,466.96863993852804,25.95299830432415,9.25906055375315,14.2,5339.372798770561,1132.8769599116035,257.6230793723423,58.43932546340304,466.96863993852804,25.95299830432415,9.25906055375315,0.0,0.0,0.0,0.0,0.0,0.0,0.0,0.0,0.0,0.0,0.0,0.0,0.0,0.0,2,LUBRICATION_DEGRADATION,0.0,2026-01-01T00:02:00+00:00,False
2026-01-01T00:00:19Z,ENG-DATASET-002,MSN-LUBRICATION_DEGRADATION-002,TAKEOFF,2000.0,15.0,0.9208105509585982,0.7291894490414018,5325.448751556344,1130.0040771892711,261.61087336483985,59.85060312000602,466.27243757781724,25.87292804326545,9.826912998415068,14.2,5325.448751556344,1130.0040771892711,261.61087336483985,59.85060312000602,466.27243757781724,25.87292804326545,9.826912998415068,0.0,0.0,0.0,0.0,0.0,0.0,0.0,0.0,0.0,0.0,0.0,0.0,0.0,0.0,2,LUBRICATION_DEGRADATION,0.0,2026-01-01T00:02:00+00:00,False
2026-01-01T00:00:20Z,ENG-DATASET-002,MSN-LUBRICATION_DEGRADATION-002,TAKEOFF,2000.0,15.0,0.9179541643231187,0.7320458356768813,5309.738625061206,1126.766301276199,265.11894356026085,61.199478864854306,465.48693125306033,25.78267890946452,9.847801911265908,14.2,5309.738625061206,1126.766301276199,265.11894356026085,61.199478864854306,465.48693125306033,25.78267890946452,9.847801911265908,0.0,0.0,0.0,0.0,0.0,0.0,0.0,0.0,0.0,0.0,0.0,0.0,0.0,0.0,2,LUBRICATION_DEGRADATION,0.0,2026-01-01T00:02:00+00:00,False
2026-01-01T00:00:21Z,ENG-DATASET-002,MSN-LUBRICATION_DEGRADATION-002,TAKEOFF,2000.0,15.0,0.9148176089583027,0.7351823910416974,5292.487570554718,1123.215362396848,268.18743326415597,62.48786508956529,464.6243785277359,25.683689847955943,9.266502114935436,14.2,5292.487570554718,1123.215362396848,268.18743326415597,62.48786508956529,464.6243785277359,25.683689847955943,9.266502114935436,0.0,0.0,0.0,0.0,0.0,0.0,0.0,0.0,0.0,0.0,0.0,0.0,0.0,0.0,2,LUBRICATION_DEGRADATION,0.0,2026-01-01T00:02:00+00:00,False
2026-01-01T00:00:22Z,ENG-DATASET-002,MSN-LUBRICATION_DEGRADATION-002,TAKEOFF,2000.0,15.0,0.91144982976157,0.7385501702384301,5273.964784972688,1119.4077868574184,270.85388460917585,63.71769965862798,463.6982392486344,25.577533882356533,8.888048151230535,14.2,5273.964784972688,1119.4077868574184,270.85388460917585,63.71769965862798,463.6982392486344,25.577533882356533,8.888048151230535,0.0,0.0,0.0,0.0,0.0,0.0,0.0,0.0,0.0,0.0,0.0,0.0,0.0,0.0,2,LUBRICATION_DEGRADATION,0.0,2026-01-01T00:02:00+00:00,False
2026-01-01T00:00:23Z,ENG-DATASET-002,MSN-LUBRICATION_DEGRADATION-002,TAKEOFF,2000.0,15.0,0.9079033798009026,0.7420966201990974,5254.459310189018,1115.4039454805395,273.15359478527176,64.8909524075101,462.7229655094509,25.4658918027161,9.224814402482016,14.2,5254.459310189018,1115.4039454805395,273.15359478527176,64.8909524075101,462.7229655094509,25.4658918027161,9.224814402482016,0.0,0.0,0.0,0.0,0.0,0.0,0.0,0.0,0.0,0.0,0.0,0.0,0.0,0.0,2,LUBRICATION_DEGRADATION,0.0,2026-01-01T00:02:00+00:00,False
2026-01-01T00:00:24Z,ENG-DATASET-002,MSN-LUBRICATION_DEGRADATION-002,TAKEOFF,2000.0,15.0,0.904233600241796,0.745766399758204,5234.275522613932,1111.2670524019943,275.11991161679447,66.00962967235546,461.7137761306966,25.35052443479592,9.762914247434415,14.2,5234.275522613932,1111.2670524019943,275.11991161679447,66.00962967235546,461.7137761306966,25.35052443479592,9.762914247434415,0.0,0.0,0.0,0.0,0.0,0.0,0.0,0.0,0.0,0.0,0.0,0.0,0.0,0.0,2,LUBRICATION_DEGRADATION,0.0,2026-01-01T00:02:00+00:00,False
2026-01-01T00:00:25Z,ENG-DATASET-002,MSN-LUBRICATION_DEGRADATION-002,TAKEOFF,2000.0,15.0,0.9004977567668805,0.7495022432331195,5213.728383501896,1107.0621334955974,276.78447379250497,67.0757768393676,460.68641917509484,25.23324401605679,9.698923039367585,14.2,5213.728383501896,1107.0621334955974,276.78447379250497,67.0757768393676,460.68641917509484,25.23324401605679,9.698923039367585,0.0,0.0,0.0,0.0,0.0,0.0,0.0,0.0,0.0,0.0,0.0,0.0,0.0,0.0,2,LUBRICATION_DEGRADATION,0.0,2026-01-01T00:02:00+00:00,False
2026-01-01T00:00:26Z,ENG-DATASET-002,MSN-LUBRICATION_DEGRADATION-002,TAKEOFF,2000.0,15.0,0.8967541459640967,0.7532458540359033,5193.138524086586,1102.8549832461044,278.1774009944071,68.09147893052679,459.6569262043293,25.115885194198547,9.091432201850076,14.2,5193.138524086586,1102.8549832461044,278.1774009944071,68.09147893052679,459.6569262043293,25.115885194198547,9.091432201850076,0.0,0.0,0.0,0.0,0.0,0.0,0.0,0.0,0.0,0.0,0.0,0.0,0.0,0.0,2,LUBRICATION_DEGRADATION,0.0,2026-01-01T00:02:00+00:00,False
2026-01-01T00:00:27Z,ENG-DATASET-002,MSN-LUBRICATION_DEGRADATION-002,TAKEOFF,2000.0,15.0,0.8930611856279393,0.7569388143720607,5172.8272422377195,1098.711127993023,279.32743909479194,69.05885927067261,458.641362111886,25.000276142610936,8.777623039132507,14.2,5172.8272422377195,1098.711127993023,279.32743909479194,69.05885927067261,458.641362111886,25.000276142610936,8.777623039132507,0.0,0.0,0.0,0.0,0.0,0.0,0.0,0.0,0.0,0.0,0.0,0.0,0.0,0.0,2,LUBRICATION_DEGRADATION,0.0,2026-01-01T00:02:00+00:00,False
2026-01-01T00:00:28Z,ENG-DATASET-002,MSN-LUBRICATION_DEGRADATION-002,TAKEOFF,2000.0,15.0,0.8894765031693115,0.7605234968306887,5153.111488715266,1094.6948122064332,280.26206549047356,69.98007630875713,457.6555744357633,24.888210255738596,9.17437487293379,14.2,5153.111488715266,1094.6948122064332,280.26206549047356,69.98007630875713,457.6555744357633,24.888210255738596,9.17437487293379,0.0,0.0,0.0,0.0,0.0,0.0,0.0,0.0,0.0,0.0,0.0,0.0,0.0,0.0,2,LUBRICATION_DEGRADATION,0.0,2026-01-01T00:02:00+00:00,False
2026-01-01T00:00:29Z,ENG-DATASET-002,MSN-LUBRICATION_DEGRADATION-002,TAKEOFF,2000.0,15.0,0.8860560363590517,0.7639439636409483,5134.298921258838,1090.8680229240642,281.0075595145278,70.8573186927969,456.7149460629419,24.781418848523554,9.681522586266553,14.2,5134.298921258838,1090.8680229240642,281.0075595145278,70.8573186927969,456.7149460629419,24.781418848523554,9.681522586266553,0.0,0.0,0.0,0.0,0.0,0.0,0.0,0.0,0.0,0.0,0.0,0.0,0.0,0.0,2,LUBRICATION_DEGRADATION,0.0,2026-01-01T00:02:00+00:00,False
2026-01-01T00:00:30Z,ENG-DATASET-002,MSN-LUBRICATION_DEGRADATION-002,CLIMB,4000.0,15.0,0.7628531604377298,0.6671468395622704,4466.329258722742,792.4357767967932,274.2176979829949,70.91839382143034,423.3164629361371,16.709050979770918,8.366663216204433,14.2,4466.329258722742,792.4357767967932,274.2176979829949,70.91839382143034,423.3164629361371,16.709050979770918,8.366663216204433,0.0,0.0,0.0,0.0,0.0,0.0,0.0,0.0,0.0,0.0,0.0,0.0,0.0,0.0,2,LUBRICATION_DEGRADATION,0.0,2026-01-01T00:02:00+00:00,False
2026-01-01T00:00:31Z,ENG-DATASET-002,MSN-LUBRICATION_DEGRADATION-002,CLIMB,4000.0,15.0,0.7599178552128679,0.6700821447871321,4450.185079986003,789.892307661552,268.0432358762342,70.9717843284455,422.5092539993002,16.639614140866463,7.7521041006201346,14.2,4450.185079986003,789.892307661552,268.0432358762342,70.9717843284455,422.5092539993002,16.639614140866463,7.7521041006201346,0.0,0.0,0.0,0.0,0.0,0.0,0.0,0.0,0.0,0.0,0.0,0.0,0.0,0.0,2,LUBRICATION_DEGRADATION,0.0,2026-01-01T00:02:00+00:00,False
2026-01-01T00:00:32Z,ENG-DATASET-002,MSN-LUBRICATION_DEGRADATION-002,CLIMB,4000.0,15.0,0.7572959251407622,0.6727040748592379,4435.764464589421,787.6230116453372,262.4294875797442,71.01835719719413,421.78822322947104,16.577654152393922,7.516781240812689,14.2,4435.764464589421,787.6230116453372,262.4294875797442,71.01835719719413,421.78822322947104,16.577654152393922,7.516781240812689,0.0,0.0,0.0,0.0,0.0,0.0,0.0,0.0,0.0,0.0,0.0,0.0,0.0,0.0,2,LUBRICATION_DEGRADATION,0.0,2026-01-01T00:02:00+00:00,False
2026-01-01T00:00:33Z,ENG-DATASET-002,MSN-LUBRICATION_DEGRADATION-002,CLIMB,4000.0,15.0,0.7550282845632604,0.6749717154367396,4423.292441413161,785.662354225632,257.3280976774106,71.05901779301871,421.1646220706581,16.52411495948621,7.9746143319071585,14.2,4423.292441413161,785.662354225632,257.3280976774106,71.05901779301871,421.1646220706581,16.52411495948621,7.9746143319071585,0.0,0.0,0.0,0.0,0.0,0.0,0.0,0.0,0.0,0.0,0.0,0.0,0.0,0.0,2,LUBRICATION_DEGRADATION,0.0,2026-01-01T00:02:00+00:00,False
2026-01-01T00:00:34Z,ENG-DATASET-002,MSN-LUBRICATION_DEGRADATION-002,CLIMB,4000.0,15.0,0.7531503192531426,0.6768496807468575,4412.963632207512,784.0400213608095,252.69628844368978,71.09469845552796,420.6481816103756,16.479809992215486,8.449593264495928,14.2,4412.963632207512,784.0400213608095,252.69628844368978,71.09469845552796,420.6481816103756,16.479809992215486,8.449593264495928,0.0,0.0,0.0,0.0,0.0,0.0,0.0,0.0,0.0,0.0,0.0,0.0,0.0,0.0,2,LUBRICATION_DEGRADATION,0.0,2026-01-01T00:02:00+00:00,False
2026-01-01T00:00:35Z,ENG-DATASET-002,MSN-LUBRICATION_DEGRADATION-002,CLIMB,4000.0,15.0,0.7516913342309711,0.6783086657690289,4404.93921458557,782.7805120513485,248.4961724006045,71.12634656114011,420.2469607292785,16.445410824049304,8.244594734338895,14.2,4404.93921458557,782.7805120513485,248.4961724006045,71.12634656114011,420.2469607292785,16.445410824049304,8.244594734338895,0.0,0.0,0.0,0.0,0.0,0.0,0.0,0.0,0.0,0.0,0.0,0.0,0.0,0.0,2,LUBRICATION_DEGRADATION,0.0,2026-01-01T00:02:00+00:00,False
2026-01-01T00:00:36Z,ENG-DATASET-002,MSN-LUBRICATION_DEGRADATION-002,CLIMB,4000.0,15.0,0.7506740964700471,0.6793259035299529,4399.344406900488,781.9028060388036,244.69412531151414,71.15491224652612,419.96722034502443,16.42143790335535,7.640393356393269,14.2,4399.344406900488,781.9028060388036,244.69412531151414,71.15491224652612,419.96722034502443,16.42143790335535,7.640393356393269,0.0,0.0,0.0,0.0,0.0,0.0,0.0,0.0,0.0,0.0,0.0,0.0,0.0,0.0,2,LUBRICATION_DEGRADATION,0.0,2026-01-01T00:02:00+00:00,False
2026-01-01T00:00:37Z,ENG-DATASET-002,MSN-LUBRICATION_DEGRADATION-002,CLIMB,4000.0,15.0,0.7501144796254057,0.6798855203745944,4396.2665142549595,781.4201088289401,241.26021550108624,71.18133598870268,419.813325712748,16.408253429935435,7.493604356806814,14.2,4396.2665142549595,781.4201088289401,241.26021550108624,71.18133598870268,419.813325712748,16.408253429935435,7.493604356806814,0.0,0.0,0.0,0.0,0.0,0.0,0.0,0.0,0.0,0.0,0.0,0.0,0.0,0.0,2,LUBRICATION_DEGRADATION,0.0,2026-01-01T00:02:00+00:00,False
2026-01-01T00:00:38Z,ENG-DATASET-002,MSN-LUBRICATION_DEGRADATION-002,CLIMB,4000.0,15.0,0.7500212163307387,0.6799787836692613,4395.753566134292,781.3396755580326,238.16768583992842,71.20653623959457,419.7876783067146,16.406056428159253,8.009572403020353,14.2,4395.753566134292,781.3396755580326,238.16768583992842,71.20653623959457,419.7876783067146,16.406056428159253,8.009572403020353,0.0,0.0,0.0,0.0,0.0,0.0,0.0,0.0,0.0,0.0,0.0,0.0,0.0,0.0,2,LUBRICATION_DEGRADATION,0.0,2026-01-01T00:02:00+00:00,False
2026-01-01T00:00:39Z,ENG-DATASET-002,MSN-LUBRICATION_DEGRADATION-002,CLIMB,4000.0,15.0,0.7503957619285668,0.6796042380714332,4397.813566922347,781.6627146693589,235.39248512266954,71.23139731187547,419.89067834611734,16.414880050423967,8.44825664542533,14.2,4397.813566922347,781.6627146693589,235.39248512266954,71.23139731187547,419.89067834611734,16.414880050423967,8.44825664542533,0.0,0.0,0.0,0.0,0.0,0.0,0.0,0.0,0.0,0.0,0.0,0.0,0.0,0.0,2,LUBRICATION_DEGRADATION,0.0,2026-01-01T00:02:00+00:00,False
2026-01-01T00:00:40Z,ENG-DATASET-002,MSN-LUBRICATION_DEGRADATION-002,CLIMB,4000.0,15.0,0.7512322717601059,0.6787677282398942,4402.414370995811,782.3843718998633,232.91284590789917,71.25675770882145,420.1207185497906,16.4345911287179,8.184482096639545,14.2,4402.414370995811,782.3843718998633,232.91284590789917,71.25675770882145,420.1207185497906,16.4345911287179,8.184482096639545,0.0,0.0,0.0,0.0,0.0,0.0,0.0,0.0,0.0,0.0,0.0,0.0,0.0,0.0,2,LUBRICATION_DEGRADATION,0.0,2026-01-01T00:02:00+00:00,False
2026-01-01T00:00:41Z,ENG-DATASET-002,MSN-LUBRICATION_DEGRADATION-002,CLIMB,4000.0,15.0,0.7525176923692127,0.6774823076307873,4409.484184345899,783.4937946581083,230.70890618356196,71.28339908383442,420.47420921729497,16.464891977197716,7.603560835484413,14.2,4409.484184345899,783.4937946581083,230.70890618356196,71.28339908383442,420.47420921729497,16.464891977197716,7.603560835484413,0.0,0.0,0.0,0.0,0.0,0.0,0.0,0.0,0.0,0.0,0.0,0.0,0.0,0.0,2,LUBRICATION_DEGRADATION,0.0,2026-01-01T00:02:00+00:00,False
2026-01-01T00:00:42Z,ENG-DATASET-002,MSN-LUBRICATION_DEGRADATION-002,CLIMB,4000.0,15.0,0.7542319651972023,0.6757680348027978,4418.912684899841,784.9742764639269,228.76237247680393,71.31203600532544,420.9456342449921,16.505324434002404,7.549149171609379,14.2,4418.912684899841,784.9742764639269,228.76237247680393,71.31203600532544,420.9456342449921,16.505324434002404,7.549149171609379,0.0,0.0,0.0,0.0,0.0,0.0,0.0,0.0,0.0,0.0,0.0,0.0,0.0,0.0,2,LUBRICATION_DEGRADATION,0.0,2026-01-01T00:02:00+00:00,False
2026-01-01T00:00:43Z,ENG-DATASET-002,MSN-LUBRICATION_DEGRADATION-002,CLIMB,4000.0,15.0,0.7563483395899472,0.6736516604100529,4430.552744059938,786.8034806769665,227.0562222460477,71.34330668994386,421.5276372029969,16.555276115112903,8.114384158836272,14.2,4430.552744059938,786.8034806769665,227.0562222460477,71.34330668994386,421.5276372029969,16.555276115112903,8.114384158836272,0.0,0.0,0.0,0.0,0.0,0.0,0.0,0.0,0.0,0.0,0.0,0.0,0.0,0.0,2,LUBRICATION_DEGRADATION,0.0,2026-01-01T00:02:00+00:00,False
2026-01-01T00:00:44Z,ENG-DATASET-002,MSN-LUBRICATION_DEGRADATION-002,CLIMB,4000.0,15.0,0.7588337902328882,0.6711662097671118,4444.222722596114,788.9537422272264,225.5744435771236,71.37776485189707,422.2111361298057,16.613988836066962,8.508211485639938,14.2,4444.222722596114,788.9537422272264,225.5744435771236,71.37776485189707,422.2111361298057,16.613988836066962,8.508211485639938,0.0,0.0,0.0,0.0,0.0,0.0,0.0,0.0,0.0,0.0,0.0,0.0,0.0,0.0,2,LUBRICATION_DEGRADATION,0.0,2026-01-01T00:02:00+00:00,False
2026-01-01T00:00:45Z,ENG-DATASET-002,MSN-LUBRICATION_DEGRADATION-002,CLIMB,4000.0,15.0,0.7616495325000231,0.668350467499977,4459.709305065356,791.3924454424184,224.3018103554717,71.41587279856347,422.98546525326776,16.680569138018917,8.188417213454356,14.2,4459.709305065356,791.3924454424184,224.3018103554717,71.41587279856347,422.98546525326776,16.680569138018917,8.188417213454356,0.0,0.0,0.0,0.0,0.0,0.0,0.0,0.0,0.0,0.0,0.0,0.0,0.0,0.0,2,LUBRICATION_DEGRADATION,0.0,2026-01-01T00:02:00+00:00,False
2026-01-01T00:00:46Z,ENG-DATASET-002,MSN-LUBRICATION_DEGRADATION-002,CLIMB,4000.0,15.0,0.7647516276750222,0.6652483723249778,4476.770828527851,794.0824753188494,223.22369120289576,71.45799588303285,423.83854142639257,16.754000832439484,7.638100968654294,14.2,4476.770828527851,794.0824753188494,223.22369120289576,71.45799588303285,423.83854142639257,16.754000832439484,7.638100968654294,0.0,0.0,0.0,0.0,0.0,0.0,0.0,0.0,0.0,0.0,0.0,0.0,0.0,0.0,2,LUBRICATION_DEGRADATION,0.0,2026-01-01T00:02:00+00:00,False
2026-01-01T00:00:47Z,ENG-DATASET-002,MSN-LUBRICATION_DEGRADATION-002,CLIMB,4000.0,15.0,0.7680916686002026,0.6619083313997974,4495.141053616343,796.9827386888733,222.32589054982802,71.50439840291843,424.7570526808172,16.83315945336472,7.67316172968935,14.2,4495.141053616343,796.9827386888733,222.32589054982802,71.50439840291843,424.7570526808172,16.83315945336472,7.67316172968935,0.0,0.0,0.0,0.0,0.0,0.0,0.0,0.0,0.0,0.0,0.0,0.0,0.0,0.0,2,LUBRICATION_DEGRADATION,0.0,2026-01-01T00:02:00+00:00,False
2026-01-01T00:00:48Z,ENG-DATASET-002,MSN-LUBRICATION_DEGRADATION-002,CLIMB,4000.0,15.0,0.7716175350540323,0.6583824649459677,4514.533319112406,800.048750695005,221.59452026222033,71.5552410121047,425.7266659556203,16.91682847749391,8.272950517513344,14.2,4514.533319112406,800.048750695005,221.59452026222033,71.5552410121047,425.7266659556203,16.91682847749391,8.272950517513344,0.0,0.0,0.0,0.0,0.0,0.0,0.0,0.0,0.0,0.0,0.0,0.0,0.0,0.0,2,LUBRICATION_DEGRADATION,0.0,2026-01-01T00:02:00+00:00,False
2026-01-01T00:00:49Z,ENG-DATASET-002,MSN-LUBRICATION_DEGRADATION-002,CLIMB,4000.0,15.0,0.7752742070697557,0.6547257929302444,4534.645015198885,803.2332807980706,221.01590025595007,71.61057968838017,426.73225075994424,17.003717140885268,8.609392071800613,14.2,4534.645015198885,803.2332807980706,221.01590025595007,71.61057968838017,426.73225075994424,17.003717140885268,8.609392071800613,0.0,0.0,0.0,0.0,0.0,0.0,0.0,0.0,0.0,0.0,0.0,0.0,0.0,0.0,2,LUBRICATION_DEGRADATION,0.0,2026-01-01T00:02:00+00:00,False
2026-01-01T00:00:50Z,ENG-DATASET-002,MSN-LUBRICATION_DEGRADATION-002,CLIMB,4000.0,15.0,0.7790046235035734,0.6509953764964267,4555.162305584882,806.4870512479293,220.5764865115533,71.67036627552216,427.7581152792441,17.09247964712506,8.232860800470178,14.2,4555.162305584882,806.4870512479293,220.5764865115533,71.67036627552216,427.7581152792441,17.09247964712506,8.232860800470178,0.0,0.0,0.0,0.0,0.0,0.0,0.0,0.0,0.0,0.0,0.0,0.0,0.0,0.0,2,LUBRICATION_DEGRADATION,0.0,2026-01-01T00:02:00+00:00,False
2026-01-01T00:00:51Z,ENG-DATASET-002,MSN-LUBRICATION_DEGRADATION-002,CLIMB,4000.0,15.0,0.7827505724547054,0.6472494275452947,4575.765024816107,809.7594795679547,220.26282484959683,71.73445059373405,428.7882512408054,17.181735526598167,7.71584303460527,14.2,4575.765024816107,809.7594795679547,220.26282484959683,71.73445059373405,428.7882512408054,17.181735526598167,7.71584303460527,0.0,0.0,0.0,0.0,0.0,0.0,0.0,0.0,0.0,0.0,0.0,0.0,0.0,0.0,2,LUBRICATION_DEGRADATION,0.0,2026-01-01T00:02:00+00:00,False
2026-01-01T00:00:52Z,ENG-DATASET-002,MSN-LUBRICATION_DEGRADATION-002,CLIMB,4000.0,15.0,0.7864535996426345,0.6435464003573655,4596.131674349718,812.9994551994528,220.06152874462347,71.80258408776734,429.8065837174859,17.270090871127486,7.832234248968119,14.2,4596.131674349718,812.9994551994528,220.06152874462347,71.80258408776734,429.8065837174859,17.270090871127486,7.832234248968119,0.0,0.0,0.0,0.0,0.0,0.0,0.0,0.0,0.0,0.0,0.0,0.0,0.0,0.0,2,LUBRICATION_DEGRADATION,0.0,2026-01-01T00:02:00+00:00,False
2026-01-01T00:00:53Z,ENG-DATASET-002,MSN-LUBRICATION_DEGRADATION-002,CLIMB,4000.0,15.0,0.7900559205666026,0.6399440794333975,4615.944439431542,816.1561390815027,219.9592793471987,71.87442495797497,430.79722197157713,17.356160134298182,8.448080164210197,14.2,4615.944439431542,816.1561390815027,219.9592793471987,71.87442495797497,430.79722197157713,17.356160134298182,8.448080164210197,0.0,0.0,0.0,0.0,0.0,0.0,0.0,0.0,0.0,0.0,0.0,0.0,0.0,0.0,2,LUBRICATION_DEGRADATION,0.0,2026-01-01T00:02:00+00:00,False
2026-01-01T00:00:54Z,ENG-DATASET-002,MSN-LUBRICATION_DEGRADATION-002,CLIMB,4000.0,15.0,0.7935013222134185,0.6364986777865815,4634.89414848903,819.1797736759161,219.94284575437672,71.94954469631503,431.7447074244515,17.438588156962016,8.712977998691436,14.2,4634.89414848903,819.1797736759161,219.94284575437672,71.94954469631503,431.7447074244515,17.438588156962016,8.712977998691436,0.0,0.0,0.0,0.0,0.0,0.0,0.0,0.0,0.0,0.0,0.0,0.0,0.0,0.0,2,LUBRICATION_DEGRADATION,0.0,2026-01-01T00:02:00+00:00,False
2026-01-01T00:00:55Z,ENG-DATASET-002,MSN-LUBRICATION_DEGRADATION-002,CLIMB,4000.0,15.0,0.7967360402427283,0.6332639597572718,4652.685097650234,822.0224898612726,219.99912342547086,72.02743592731669,432.6342548825117,17.516072051549724,8.27792994720251,14.2,4652.685097650234,822.0224898612726,219.99912342547086,72.02743592731669,432.6342548825117,17.516072051549724,8.27792994720251,0.0,0.0,0.0,0.0,0.0,0.0,0.0,0.0,0.0,0.0,0.0,0.0,0.0,0.0,2,LUBRICATION_DEGRADATION,0.0,2026-01-01T00:02:00+00:00,False
2026-01-01T00:00:56Z,ENG-DATASET-002,MSN-LUBRICATION_DEGRADATION-002,CLIMB,4000.0,15.0,0.7997095979615637,0.6302904020384363,4669.039665103829,824.6390962899022,220.11518849017133,72.1075214335762,433.45198325519146,17.58738255973048,7.794867656803471,14.2,4669.039665103829,824.6390962899022,220.11518849017133,72.1075214335762,433.45198325519146,17.58738255973048,7.794867656803471,0.0,0.0,0.0,0.0,0.0,0.0,0.0,0.0,0.0,0.0,0.0,0.0,0.0,0.0,2,LUBRICATION_DEGRADATION,0.0,2026-01-01T00:02:00+00:00,False
2026-01-01T00:00:57Z,ENG-DATASET-002,MSN-LUBRICATION_DEGRADATION-002,CLIMB,4000.0,15.0,0.8023755939962547,0.6276244060037454,4683.702643294629,826.9878362980688,220.27836554860593,72.18916422679013,434.18513216473144,17.651384487346338,7.982198587659396,14.2,4683.702643294629,826.9878362980688,220.27836554860593,72.18916422679013,434.18513216473144,17.651384487346338,7.982198587659396,0.0,0.0,0.0,0.0,0.0,0.0,0.0,0.0,0.0,0.0,0.0,0.0,0.0,0.0,2,LUBRICATION_DEGRADATION,0.0,2026-01-01T00:02:00+00:00,False
2026-01-01T00:00:58Z,ENG-DATASET-002,MSN-LUBRICATION_DEGRADATION-002,CLIMB,4000.0,15.0,0.8046924263703452,0.6253075736296548,4696.445221352127,829.031097343558,220.4763064273343,72.27167850894352,434.8222610676064,17.707055819871513,8.595150190371672,14.2,4696.445221352127,829.031097343558,220.4763064273343,72.27167850894352,434.8222610676064,17.707055819871513,8.595150190371672,0.0,0.0,0.0,0.0,0.0,0.0,0.0,0.0,0.0,0.0,0.0,0.0,0.0,0.0,2,LUBRICATION_DEGRADATION,0.0,2026-01-01T00:02:00+00:00,False
2026-01-01T00:00:59Z,ENG-DATASET-002,MSN-LUBRICATION_DEGRADATION-002,CLIMB,4000.0,15.0,0.8066239416895222,0.6233760583104778,4707.068555607601,830.7360582627177,220.6970772411688,72.35434135430931,435.3534277803801,17.753505131990437,8.776081116212193,14.2,4707.068555607601,830.7360582627177,220.6970772411688,72.35434135430931,435.3534277803801,17.753505131990437,8.776081116212193,0.0,0.0,0.0,0.0,0.0,0.0,0.0,0.0,0.0,0.0,0.0,0.0,0.0,0.0,2,LUBRICATION_DEGRADATION,0.0,2026-01-01T00:02:00+00:00,False
2026-01-01T00:01:00Z,ENG-DATASET-002,MSN-LUBRICATION_DEGRADATION-002,CLIMB,4000.0,15.0,0.8081399993032422,0.6218600006967578,4715.40687248306,832.075260418092,220.92925102750422,72.43640493159926,435.77034362415304,17.78998692687618,8.282882876398679,14.2,4715.40687248306,832.075260418092,220.92925102750422,72.43640493159926,435.77034362415304,17.78998692687618,8.282882876398679,0.0,0.0,0.0,0.0,0.0,0.0,0.0,0.0,0.0,0.0,0.0,0.0,0.0,0.0,2,LUBRICATION_DEGRADATION,0.0,2026-01-01T00:02:00+00:00,False
2026-01-01T00:01:01Z,ENG-DATASET-002,MSN-LUBRICATION_DEGRADATION-002,CLIMB,4000.0,15.0,0.8092169416395014,0.6207830583604986,4721.330055332486,833.0270900530528,221.16200317608013,72.51710907711235,436.06650276662435,17.81591457445247,7.835575827060449,14.2,4721.330055332486,833.0270900530528,221.16200317608013,72.51710907711235,436.06650276662435,17.81591457445247,7.835575827060449,0.0,0.0,0.0,0.0,0.0,0.0,0.0,0.0,0.0,0.0,0.0,0.0,0.0,0.0,2,LUBRICATION_DEGRADATION,0.0,2026-01-01T00:02:00+00:00,False
2026-01-01T00:01:02Z,ENG-DATASET-002,MSN-LUBRICATION_DEGRADATION-002,CLIMB,4000.0,15.0,0.8098379633733354,0.6201620366266647,4724.745674868573,833.5761608620858,221.38520688002427,72.59569402418677,436.23728374342863,17.83087056281862,8.084544024710382,14.2,4724.745674868573,833.5761608620858,221.38520688002427,72.59569402418677,436.23728374342863,17.83087056281862,8.084544024710382,0.0,0.0,0.0,0.0,0.0,0.0,0.0,0.0,0.0,0.0,0.0,0.0,0.0,0.0,2,LUBRICATION_DEGRADATION,0.0,2026-01-01T00:02:00+00:00,False
2026-01-01T00:01:03Z,ENG-DATASET-002,MSN-LUBRICATION_DEGRADATION-002,CLIMB,4000.0,15.0,0.8099933736682935,0.6200066263317066,4725.600431490843,833.7135878807674,221.58952588904103,72.67141309176206,436.28002157454216,17.834613831983518,8.678596999328168,14.2,4725.600431490843,833.7135878807674,221.58952588904103,72.67141309176206,436.28002157454216,17.834613831983518,8.678596999328168,0.0,0.0,0.0,0.0,0.0,0.0,0.0,0.0,0.0,0.0,0.0,0.0,0.0,0.0,2,LUBRICATION_DEGRADATION,0.0,2026-01-01T00:02:00+00:00,False
2026-01-01T00:01:04Z,ENG-DATASET-002,MSN-LUBRICATION_DEGRADATION-002,CLIMB,4000.0,15.0,0.8096807473987014,0.6203192526012986,4723.880987008086,833.4371462312581,221.7665019559184,72.74354513543864,436.19404935040427,17.82708402241074,8.768025953152875,14.2,4723.880987008086,833.4371462312581,221.7665019559184,72.74354513543864,436.19404935040427,17.82708402241074,8.768025953152875,0.0,0.0,0.0,0.0,0.0,0.0,0.0,0.0,0.0,0.0,0.0,0.0,0.0,0.0,2,LUBRICATION_DEGRADATION,0.0,2026-01-01T00:02:00+00:00,False
2026-01-01T00:01:05Z,ENG-DATASET-002,MSN-LUBRICATION_DEGRADATION-002,CLIMB,4000.0,15.0,0.8089049629929357,0.6210950370070644,4719.614172776375,832.7513109406577,221.90863453384299,72.81140656807214,435.9807086388188,17.808402540452537,8.221939368449581,14.2,4719.614172776375,832.7513109406577,221.90863453384299,72.81140656807214,435.9807086388188,17.808402540452537,8.221939368449581,0.0,0.0,0.0,0.0,0.0,0.0,0.0,0.0,0.0,0.0,0.0,0.0,0.0,0.0,2,LUBRICATION_DEGRADATION,0.0,2026-01-01T00:02:00+00:00,False
2026-01-01T00:01:06Z,ENG-DATASET-002,MSN-LUBRICATION_DEGRADATION-002,CLIMB,4000.0,15.0,0.8076781263071803,0.6223218736928198,4712.866571004721,831.6671768793022,222.00945050244124,72.87436276360432,435.64332855023605,17.778870416014826,7.815831301765624,14.2,4712.866571004721,831.6671768793022,222.00945050244124,72.87436276360432,435.64332855023605,17.778870416014826,7.815831301765624,0.0,0.0,0.0,0.0,0.0,0.0,0.0,0.0,0.0,0.0,0.0,0.0,0.0,0.0,2,LUBRICATION_DEGRADATION,0.0,2026-01-01T00:02:00+00:00,False
2026-01-01T00:01:07Z,ENG-DATASET-002,MSN-LUBRICATION_DEGRADATION-002,CLIMB,4000.0,15.0,0.8060193817175902,0.6239806182824098,4703.743475761975,830.2022607333486,222.06356197053083,72.93183866740523,435.1871737880988,17.738963001993305,8.12065716648191,14.2,4703.743475761975,830.2022607333486,222.06356197053083,72.93183866740523,435.1871737880988,17.738963001993305,8.12065716648191,0.0,0.0,0.0,0.0,0.0,0.0,0.0,0.0,0.0,0.0,0.0,0.0,0.0,0.0,2,LUBRICATION_DEGRADATION,0.0,2026-01-01T00:02:00+00:00,False
2026-01-01T00:01:08Z,ENG-DATASET-002,MSN-LUBRICATION_DEGRADATION-002,CLIMB,4000.0,15.0,0.8039546133787048,0.6260453866212953,4692.3872498981045,828.3801897179136,222.0667105164256,72.98332844873467,434.6193624949052,17.689321637344264,8.685009382646747,14.2,4692.3872498981045,828.3801897179136,222.0667105164256,72.98332844873467,434.6193624949052,17.689321637344264,8.685009382646747,0.0,0.0,0.0,0.0,0.0,0.0,0.0,0.0,0.0,0.0,0.0,0.0,0.0,0.0,2,LUBRICATION_DEGRADATION,0.0,2026-01-01T00:02:00+00:00,False
2026-01-01T00:01:09Z,ENG-DATASET-002,MSN-LUBRICATION_DEGRADATION-002,CLIMB,4000.0,15.0,0.8015160413098724,0.6284839586901276,4678.975103519528,826.2302843452793,222.015796573415,73.02840404583087,433.94875517597643,17.630742463405166,8.68206726357553,14.2,4678.975103519528,826.2302843452793,222.015796573415,73.02840404583087,433.94875517597643,17.630742463405166,8.68206726357553,0.0,0.0,0.0,0.0,0.0,0.0,0.0,0.0,0.0,0.0,0.0,0.0,0.0,0.0,2,LUBRICATION_DEGRADATION,0.0,2026-01-01T00:02:00+00:00,False
2026-01-01T00:01:10Z,ENG-DATASET-002,MSN-LUBRICATION_DEGRADATION-002,CLIMB,4000.0,15.0,0.7987417186126258,0.6312582813873743,4663.716328684671,823.7870448900995,221.908893038326,73.06672247136956,433.1858164342335,17.564162643834504,8.09444822611428,14.2,4663.716328684671,823.7870448900995,221.908893038326,73.06672247136956,433.1858164342335,17.564162643834504,8.09444822611428,0.0,0.0,0.0,0.0,0.0,0.0,0.0,0.0,0.0,0.0,0.0,0.0,0.0,0.0,2,LUBRICATION_DEGRADATION,0.0,2026-01-01T00:02:00+00:00,False
2026-01-01T00:01:11Z,ENG-DATASET-002,MSN-LUBRICATION_DEGRADATION-002,CLIMB,4000.0,15.0,0.7956749376647593,0.6343250623352408,4646.849033471404,821.0895531597157,221.7452425634863,73.09803176533694,432.3424516735702,17.490644290281956,7.739448418552532,14.2,4646.849033471404,821.0895531597157,221.7452425634863,73.09803176533694,432.3424516735702,17.490644290281956,7.739448418552532,0.0,0.0,0.0,0.0,0.0,0.0,0.0,0.0,0.0,0.0,0.0,0.0,0.0,0.0,2,LUBRICATION_DEGRADATION,0.0,2026-01-01T00:02:00+00:00,False
2026-01-01T00:01:12Z,ENG-DATASET-002,MSN-LUBRICATION_DEGRADATION-002,CLIMB,4000.0,15.0,0.7923635545572527,0.6376364454427473,4628.636426380119,818.1808027232928,221.52523837522,73.12217550342508,431.43182131900596,17.41135643712671,8.098505874555208,14.2,4628.636426380119,818.1808027232928,221.52523837522,73.12217550342508,431.43182131900596,17.41135643712671,8.098505874555208,0.0,0.0,0.0,0.0,0.0,0.0,0.0,0.0,0.0,0.0,0.0,0.0,0.0,0.0,2,LUBRICATION_DEGRADATION,0.0,2026-01-01T00:02:00+00:00,False
2026-01-01T00:01:13Z,ENG-DATASET-002,MSN-LUBRICATION_DEGRADATION-002,CLIMB,4000.0,15.0,0.7888592423159781,0.6411407576840219,4609.362709053109,815.1069718429203,221.250388833771,73.13909579155886,430.4681354526555,17.32755543841274,8.627879822152757,14.2,4609.362709053109,815.1069718429203,221.250388833771,73.13909579155886,430.4681354526555,17.32755543841274,8.627879822152757,0.0,0.0,0.0,0.0,0.0,0.0,0.0,0.0,0.0,0.0,0.0,0.0,0.0,0.0,2,LUBRICATION_DEGRADATION,0.0,2026-01-01T00:02:00+00:00,False
2026-01-01T00:01:14Z,ENG-DATASET-002,MSN-LUBRICATION_DEGRADATION-002,CLIMB,4000.0,15.0,0.785216684561413,0.644783315438587,4589.328641403001,811.9166539720572,220.92326629969534,73.14883470074841,429.46643207015006,17.240564178144687,8.538112488429087,14.2,4589.328641403001,811.9166539720572,220.92326629969534,73.14883470074841,429.46643207015006,17.240564178144687,8.538112488429087,0.0,0.0,0.0,0.0,0.0,0.0,0.0,0.0,0.0,0.0,0.0,0.0,0.0,0.0,2,LUBRICATION_DEGRADATION,0.0,2026-01-01T00:02:00+00:00,False
2026-01-01T00:01:15Z,ENG-DATASET-002,MSN-LUBRICATION_DEGRADATION-002,CLIMB,4000.0,15.0,0.7814927221890324,0.6485072778109676,4568.846848354907,808.6600608545773,220.54744119109023,73.15153412076256,428.44234241774535,17.151750491651427,7.925550327028366,14.2,4568.846848354907,808.6600608545773,220.54744119109023,73.15153412076256,428.44234241774535,17.151750491651427,7.925550327028366,0.0,0.0,0.0,0.0,0.0,0.0,0.0,0.0,0.0,0.0,0.0,0.0,0.0,0.0,2,LUBRICATION_DEGRADATION,0.0,2026-01-01T00:02:00+00:00,False
2026-01-01T00:01:16Z,ENG-DATASET-002,MSN-LUBRICATION_DEGRADATION-002,CLIMB,4000.0,15.0,0.7777454663861457,0.6522545336138543,4548.2369414390305,805.3882130052623,220.12740239711277,73.1474340357567,427.41184707195157,17.062505191563428,7.6348142244621044,14.2,4548.2369414390305,805.3882130052623,220.12740239711277,73.1474340357567,427.41184707195157,17.062505191563428,7.6348142244621044,0.0,0.0,0.0,0.0,0.0,0.0,0.0,0.0,0.0,0.0,0.0,0.0,0.0,0.0,2,LUBRICATION_DEGRADATION,0.0,2026-01-01T00:02:00+00:00,False
2026-01-01T00:01:17Z,ENG-DATASET-002,MSN-LUBRICATION_DEGRADATION-002,CLIMB,4000.0,15.0,0.774033391826255,0.6559666081737451,4527.820531359631,802.1521317317904,219.66846545069626,73.13686924957985,426.39102656798156,16.974220078311006,8.049246413173824,14.2,4527.820531359631,802.1521317317904,219.66846545069626,73.13686924957985,426.39102656798156,16.974220078311006,8.049246413173824,0.0,0.0,0.0,0.0,0.0,0.0,0.0,0.0,0.0,0.0,0.0,0.0,0.0,0.0,2,LUBRICATION_DEGRADATION,0.0,2026-01-01T00:02:00+00:00,False
2026-01-01T00:01:18Z,ENG-DATASET-002,MSN-LUBRICATION_DEGRADATION-002,CLIMB,4000.0,15.0,0.7704144241913318,0.6595855758086683,4507.916209367552,799.0020459339554,219.17667005397553,73.12026461264485,425.3958104683776,16.88826629348357,8.542223289784584,14.2,4507.916209367552,799.0020459339554,219.17667005397553,73.12026461264485,425.3958104683776,16.88826629348357,8.542223289784584,0.0,0.0,0.0,0.0,0.0,0.0,0.0,0.0,0.0,0.0,0.0,0.0,0.0,0.0,2,LUBRICATION_DEGRADATION,0.0,2026-01-01T00:02:00+00:00,False
2026-01-01T00:01:19Z,ENG-DATASET-002,MSN-LUBRICATION_DEGRADATION-002,CLIMB,4000.0,15.0,0.766945036260924,0.663054963739076,4488.834575750311,795.9866257610472,218.65866869260415,73.09812882559723,424.44172878751556,16.80597334665089,8.375416810268526,14.2,4488.834575750311,795.9866257610472,218.65866869260415,73.09812882559723,424.44172878751556,16.80597334665089,8.375416810268526,0.0,0.0,0.0,0.0,0.0,0.0,0.0,0.0,0.0,0.0,0.0,0.0,0.0,0.0,2,LUBRICATION_DEGRADATION,0.0,2026-01-01T00:02:00+00:00,False
2026-01-01T00:01:20Z,ENG-DATASET-002,MSN-LUBRICATION_DEGRADATION-002,CLIMB,4000.0,15.0,0.7636793666733189,0.6663206333266811,4470.873393018483,793.1522538990118,218.12160817081903,73.07104691719651,423.54366965092413,16.728609114173377,7.757079246991048,14.2,4470.873393018483,793.1522538990118,218.12160817081903,73.07104691719651,423.54366965092413,16.728609114173377,7.757079246991048,0.0,0.0,0.0,0.0,0.0,0.0,0.0,0.0,0.0,0.0,0.0,0.0,0.0,0.0,2,LUBRICATION_DEGRADATION,0.0,2026-01-01T00:02:00+00:00,False
2026-01-01T00:01:21Z,ENG-DATASET-002,MSN-LUBRICATION_DEGRADATION-002,CLIMB,4000.0,15.0,0.7606683751101996,0.6693316248898005,4454.312939421326,790.542343869271,217.5730059504689,73.03967151448339,422.7156469710663,16.657361073919404,7.5441647227187305,14.2,4454.312939421326,790.542343869271,217.5730059504689,73.03967151448339,422.7156469710663,16.657361073919404,7.5441647227187305,0.0,0.0,0.0,0.0,0.0,0.0,0.0,0.0,0.0,0.0,0.0,0.0,0.0,0.0,2,LUBRICATION_DEGRADATION,0.0,2026-01-01T00:02:00+00:00,False
2026-01-01T00:01:22Z,ENG-DATASET-002,MSN-LUBRICATION_DEGRADATION-002,CLIMB,4000.0,15.0,0.7579590470878561,0.6720409529121438,4439.4116352984365,788.1967133189318,217.02062318839532,73.0047130421246,421.9705817649218,16.593319004326453,8.015043257980206,14.2,4439.4116352984365,788.1967133189318,217.02062318839532,73.0047130421246,421.9705817649218,16.593319004326453,8.015043257980206,0.0,0.0,0.0,0.0,0.0,0.0,0.0,0.0,0.0,0.0,0.0,0.0,0.0,0.0,2,LUBRICATION_DEGRADATION,0.0,2026-01-01T00:02:00+00:00,False
2026-01-01T00:01:23Z,ENG-DATASET-002,MSN-LUBRICATION_DEGRADATION-002,CLIMB,4000.0,15.0,0.7555936607639192,0.6744063392360808,4426.402010516785,786.1510189261639,216.4723363427099,72.96692900451029,421.3201005258393,16.537459341332248,8.47110296310784,14.2,4426.402010516785,786.1510189261639,216.4723363427099,72.96692900451029,421.3201005258393,16.537459341332248,8.47110296310784,0.0,0.0,0.0,0.0,0.0,0.0,0.0,0.0,0.0,0.0,0.0,0.0,0.0,0.0,2,LUBRICATION_DEGRADATION,0.0,2026-01-01T00:02:00+00:00,False
2026-01-01T00:01:24Z,ENG-DATASET-002,MSN-LUBRICATION_DEGRADATION-002,CLIMB,4000.0,15.0,0.7536091272008499,0.6763908727991501,4415.487075919904,784.4362582811841,215.9360091654685,72.9271125184665,420.77435379599524,16.490631353519323,8.238008711430385,14.2,4415.487075919904,784.4362582811841,215.9360091654685,72.9271125184665,420.77435379599524,16.490631353519323,8.238008711430385,0.0,0.0,0.0,0.0,0.0,0.0,0.0,0.0,0.0,0.0,0.0,0.0,0.0,0.0,2,LUBRICATION_DEGRADATION,0.0,2026-01-01T00:02:00+00:00,False
2026-01-01T00:01:25Z,ENG-DATASET-002,MSN-LUBRICATION_DEGRADATION-002,CLIMB,4000.0,15.0,0.7520364143811554,0.6779635856188446,4406.837155411584,783.0783429656688,215.41936682306337,72.886080276115,420.34185777057917,16.45354526520339,7.632132551050884,14.2,4406.837155411584,783.0783429656688,215.41936682306337,72.886080276115,420.34185777057917,16.45354526520339,7.632132551050884,0.0,0.0,0.0,0.0,0.0,0.0,0.0,0.0,0.0,0.0,0.0,0.0,0.0,0.0,2,LUBRICATION_DEGRADATION,0.0,2026-01-01T00:02:00+00:00,False
2026-01-01T00:01:26Z,ENG-DATASET-002,MSN-LUBRICATION_DEGRADATION-002,CLIMB,4000.0,15.0,0.7509000639623796,0.6790999360376204,4400.587228108316,782.0977460602734,214.92987379226386,72.84466012628117,420.0293614054158,16.426762429654435,7.507569455739433,14.2,4400.587228108316,782.0977460602734,214.92987379226386,72.84466012628117,420.0293614054158,16.426762429654435,7.507569455739433,0.0,0.0,0.0,0.0,0.0,0.0,0.0,0.0,0.0,0.0,0.0,0.0,0.0,0.0,2,LUBRICATION_DEGRADATION,0.0,2026-01-01T00:02:00+00:00,False
2026-01-01T00:01:27Z,ENG-DATASET-002,MSN-LUBRICATION_DEGRADATION-002,CLIMB,4000.0,15.0,0.7502178083127454,0.6797821916872546,4396.834822035329,781.5092264662776,214.4746170746944,72.80367846878063,419.8417411017665,16.41068763034592,8.032713629037934,14.2,4396.834822035329,781.5092264662776,214.4746170746944,72.80367846878063,419.8417411017665,16.41068763034592,8.032713629037934,0.0,0.0,0.0,0.0,0.0,0.0,0.0,0.0,0.0,0.0,0.0,0.0,0.0,0.0,2,LUBRICATION_DEGRADATION,0.0,2026-01-01T00:02:00+00:00,False
2026-01-01T00:01:28Z,ENG-DATASET-002,MSN-LUBRICATION_DEGRADATION-002,CLIMB,4000.0,15.0,0.7500002938034789,0.6799997061965212,4395.638492234362,781.3216317252061,214.06019616035513,72.76394765881358,419.7819246117181,16.4055635669474,8.449161282919132,14.2,4395.638492234362,781.3216317252061,214.06019616035513,72.76394765881358,419.7819246117181,16.4055635669474,8.449161282919132,0.0,0.0,0.0,0.0,0.0,0.0,0.0,0.0,0.0,0.0,0.0,0.0,0.0,0.0,2,LUBRICATION_DEGRADATION,0.0,2026-01-01T00:02:00+00:00,False
2026-01-01T00:01:29Z,ENG-DATASET-002,MSN-LUBRICATION_DEGRADATION-002,CLIMB,4000.0,15.0,0.7502509146757477,0.6797490853242524,4397.016907031841,781.5377804403336,213.69262105532795,72.7262536185171,419.85084535159206,16.411467564308765,8.1583515535374,14.2,4397.016907031841,781.5377804403336,213.69262105532795,72.7262536185171,419.85084535159206,16.411467564308765,8.1583515535374,0.0,0.0,0.0,0.0,0.0,0.0,0.0,0.0,0.0,0.0,0.0,0.0,0.0,0.0,2,LUBRICATION_DEGRADATION,0.0,2026-01-01T00:02:00+00:00,False
2026-01-01T00:01:30Z,ENG-DATASET-002,MSN-LUBRICATION_DEGRADATION-002,CRUISE,6500.0,15.0,0.5909657600746622,0.47903423992533783,3552.8348608154015,477.48479838652776,205.76047890945836,71.94140244858218,377.64174304077005,9.667902906849335,5.9069695812656375,14.2,3552.8348608154015,477.48479838652776,205.76047890945836,71.94140244858218,377.64174304077005,9.667902906849335,5.9069695812656375,0.0,0.0,0.0,0.0,0.0,0.0,0.0,0.0,0.0,0.0,0.0,0.0,0.0,0.0,2,LUBRICATION_DEGRADATION,0.0,2026-01-01T00:02:00+00:00,False
2026-01-01T00:01:31Z,ENG-DATASET-002,MSN-LUBRICATION_DEGRADATION-002,CRUISE,6500.0,15.0,0.5921336750768587,0.47786632492314135,3559.258393327482,478.1627557951115,198.63849991339032,71.1897148936298,377.9629196663741,9.687438470289871,5.87550971800734,14.2,3559.258393327482,478.1627557951115,198.63849991339032,71.1897148936298,377.9629196663741,9.687438470289871,5.87550971800734,0.0,0.0,0.0,0.0,0.0,0.0,0.0,0.0,0.0,0.0,0.0,0.0,0.0,0.0,2,LUBRICATION_DEGRADATION,0.0,2026-01-01T00:02:00+00:00,False
2026-01-01T00:01:32Z,ENG-DATASET-002,MSN-LUBRICATION_DEGRADATION-002,CRUISE,6500.0,15.0,0.5937364347593471,0.4762635652406529,3568.073571581169,479.0936915922002,192.2519922118563,70.47052326463687,378.40367857905846,9.714261129256986,6.447217064515243,14.2,3568.073571581169,479.0936915922002,192.2519922118563,70.47052326463687,378.40367857905846,9.714261129256986,6.447217064515243,0.0,0.0,0.0,0.0,0.0,0.0,0.0,0.0,0.0,0.0,0.0,0.0,0.0,0.0,2,LUBRICATION_DEGRADATION,0.0,2026-01-01T00:02:00+00:00,False
2026-01-01T00:01:33Z,ENG-DATASET-002,MSN-LUBRICATION_DEGRADATION-002,CRUISE,6500.0,15.0,0.5957490285933392,0.4742509714066608,3579.142837668125,480.26358684005936,186.53338266167216,69.7831486854006,378.9571418834063,9.74796463142749,6.817215589782508,14.2,3579.142837668125,480.26358684005936,186.53338266167216,69.7831486854006,378.9571418834063,9.74796463142749,6.817215589782508,0.0,0.0,0.0,0.0,0.0,0.0,0.0,0.0,0.0,0.0,0.0,0.0,0.0,0.0,2,LUBRICATION_DEGRADATION,0.0,2026-01-01T00:02:00+00:00,False
2026-01-01T00:01:34Z,ENG-DATASET-002,MSN-LUBRICATION_DEGRADATION-002,CRUISE,6500.0,15.0,0.598140050725185,0.4718599492748151,3592.2934593932764,481.65478204389774,181.4214139466024,69.12689185013963,379.61467296966384,9.788037490883433,6.47324235063766,14.2,3592.2934593932764,481.65478204389774,181.4214139466024,69.12689185013963,379.61467296966384,9.788037490883433,6.47324235063766,0.0,0.0,0.0,0.0,0.0,0.0,0.0,0.0,0.0,0.0,0.0,0.0,0.0,0.0,2,LUBRICATION_DEGRADATION,0.0,2026-01-01T00:02:00+00:00,False
2026-01-01T00:01:35Z,ENG-DATASET-002,MSN-LUBRICATION_DEGRADATION-002,CRUISE,6500.0,15.0,0.6008721900542148,0.46912780994578523,3607.3202257029407,483.2462161892886,176.86042795667439,68.50102489333307,380.366011285147,9.833870084671808,5.92927597408327,14.2,3607.3202257029407,483.2462161892886,176.86042795667439,68.50102489333307,380.366011285147,9.833870084671808,5.92927597408327,0.0,0.0,0.0,0.0,0.0,0.0,0.0,0.0,0.0,0.0,0.0,0.0,0.0,0.0,2,LUBRICATION_DEGRADATION,0.0,2026-01-01T00:02:00+00:00,False
2026-01-01T00:01:36Z,ENG-DATASET-002,MSN-LUBRICATION_DEGRADATION-002,CRUISE,6500.0,15.0,0.603902812459987,0.46609718754001306,3623.988648934688,485.01371557789207,172.79972805045423,67.90478446692873,381.1994324467344,9.884763201271577,5.988841551541084,14.2,3623.988648934688,485.01371557789207,172.79972805045423,67.90478446692873,381.1994324467344,9.884763201271577,5.988841551541084,0.0,0.0,0.0,0.0,0.0,0.0,0.0,0.0,0.0,0.0,0.0,0.0,0.0,0.0,2,LUBRICATION_DEGRADATION,0.0,2026-01-01T00:02:00+00:00,False
2026-01-01T00:01:37Z,ENG-DATASET-002,MSN-LUBRICATION_DEGRADATION-002,CRUISE,6500.0,15.0,0.6071846260934773,0.4628153739065227,3642.0386239188847,486.9303303630205,169.19301350448433,67.33736610247979,382.10193119594425,9.93993796592304,6.593442225684662,14.2,3642.0386239188847,486.9303303630205,169.19301350448433,67.33736610247979,382.10193119594425,9.93993796592304,6.593442225684662,0.0,0.0,0.0,0.0,0.0,0.0,0.0,0.0,0.0,0.0,0.0,0.0,0.0,0.0,2,LUBRICATION_DEGRADATION,0.0,2026-01-01T00:02:00+00:00,False
2026-01-01T00:01:38Z,ENG-DATASET-002,MSN-LUBRICATION_DEGRADATION-002,CRUISE,6500.0,15.0,0.6106664193505662,0.4593335806494338,3661.1884868328734,488.96671601381433,165.99788005438126,66.79791991693773,383.05942434164365,9.99854704802269,6.905947362895458,14.2,3661.1884868328734,488.96671601381433,165.99788005438126,66.79791991693773,383.05942434164365,9.99854704802269,6.905947362895458,0.0,0.0,0.0,0.0,0.0,0.0,0.0,0.0,0.0,0.0,0.0,0.0,0.0,0.0,2,LUBRICATION_DEGRADATION,0.0,2026-01-01T00:02:00+00:00,False
2026-01-01T00:01:39Z,ENG-DATASET-002,MSN-LUBRICATION_DEGRADATION-002,CRUISE,6500.0,15.0,0.6142938600119926,0.4557061399880074,3681.1394104707188,491.0915561599426,163.1753809529417,66.28554770103163,384.05697052353594,10.059687033945297,6.509475644916548,14.2,3681.1394104707188,491.0915561599426,163.1753809529417,66.28554770103163,384.05697052353594,10.059687033945297,6.509475644916548,0.0,0.0,0.0,0.0,0.0,0.0,0.0,0.0,0.0,0.0,0.0,0.0,0.0,0.0,2,LUBRICATION_DEGRADATION,0.0,2026-01-01T00:02:00+00:00,False
2026-01-01T00:01:40Z,ENG-DATASET-002,MSN-LUBRICATION_DEGRADATION-002,CRUISE,6500.0,15.0,0.618010343079464,0.45198965692053605,3701.5800673418116,493.27202240138365,160.68964341768213,65.7993014087125,385.0790033670906,10.12241182509992,6.0041695699210065,14.2,3701.5800673418116,493.27202240138365,160.68964341768213,65.7993014087125,385.0790033670906,10.12241182509992,6.0041695699210065,0.0,0.0,0.0,0.0,0.0,0.0,0.0,0.0,0.0,0.0,0.0,0.0,0.0,0.0,2,LUBRICATION_DEGRADATION,0.0,2026-01-01T00:02:00+00:00,False
2026-01-01T00:01:41Z,ENG-DATASET-002,MSN-LUBRICATION_DEGRADATION-002,CRUISE,6500.0,15.0,0.6217578740777223,0.4482421259222777,3722.191487832232,495.47426573350845,158.50753571925162,65.33818304535622,386.1095743916116,10.185746896367682,6.146884588286337,14.2,3722.191487832232,495.47426573350845,158.50753571925162,65.33818304535622,386.1095743916116,10.185746896367682,6.146884588286337,0.0,0.0,0.0,0.0,0.0,0.0,0.0,0.0,0.0,0.0,0.0,0.0,0.0,0.0,2,LUBRICATION_DEGRADATION,0.0,2026-01-01T00:02:00+00:00,False
2026-01-01T00:01:42Z,ENG-DATASET-002,MSN-LUBRICATION_DEGRADATION-002,CRUISE,6500.0,15.0,0.625477974038934,0.444522025961066,3742.6520376188964,497.6639332693498,156.5983804790602,64.90114593162693,387.13260188094483,10.248704225136448,6.766347104813802,14.2,3742.6520376188964,497.6639332693498,156.5983804790602,64.90114593162693,387.13260188094483,10.248704225136448,6.766347104813802,0.0,0.0,0.0,0.0,0.0,0.0,0.0,0.0,0.0,0.0,0.0,0.0,0.0,0.0,2,LUBRICATION_DEGRADATION,0.0,2026-01-01T00:02:00+00:00,False
2026-01-01T00:01:43Z,ENG-DATASET-002,MSN-LUBRICATION_DEGRADATION-002,CRUISE,6500.0,15.0,0.629112592047424,0.440887407952576,3762.6424366655915,499.80670297993566,154.93371000565259,64.48709729942938,388.1321218332796,10.310297676965899,7.008016054177872,14.2,3762.6424366655915,499.80670297993566,154.93371000565259,64.48709729942938,388.1321218332796,10.310297676965899,7.008016054177872,0.0,0.0,0.0,0.0,0.0,0.0,0.0,0.0,0.0,0.0,0.0,0.0,0.0,0.0,2,LUBRICATION_DEGRADATION,0.0,2026-01-01T00:02:00+00:00,False
2026-01-01T00:01:44Z,ENG-DATASET-002,MSN-LUBRICATION_DEGRADATION-002,CRUISE,6500.0,15.0,0.6326050111047993,0.4373949888952008,3781.850741481155,501.86882826772944,153.48705971178057,64.09490215654606,389.09253707405776,10.369558611658366,6.55784892009185,14.2,3781.850741481155,501.86882826772944,153.48705971178057,64.09490215654606,389.09253707405776,10.369558611658366,6.55784892009185,0.0,0.0,0.0,0.0,0.0,0.0,0.0,0.0,0.0,0.0,0.0,0.0,0.0,0.0,2,LUBRICATION_DEGRADATION,0.0,2026-01-01T00:02:00+00:00,False
2026-01-01T00:01:45Z,ENG-DATASET-002,MSN-LUBRICATION_DEGRADATION-002,CRUISE,6500.0,15.0,0.6359007331797392,0.43409926682026084,3799.9772128933246,503.817683389484,152.23379582533963,63.72338833767343,389.99886064466625,10.425551454439328,6.091720469812494,14.2,3799.9772128933246,503.817683389484,152.23379582533963,63.72338833767343,389.99886064466625,10.425551454439328,6.091720469812494,0.0,0.0,0.0,0.0,0.0,0.0,0.0,0.0,0.0,0.0,0.0,0.0,0.0,0.0,2,LUBRICATION_DEGRADATION,0.0,2026-01-01T00:02:00+00:00,False
2026-01-01T00:01:46Z,ENG-DATASET-002,MSN-LUBRICATION_DEGRADATION-002,CRUISE,6500.0,15.0,0.6389483296315471,0.4310516703684529,3816.738993378269,505.6223001062107,151.15097374546093,63.37135264193723,390.83694966891346,10.47738896234692,6.306630774424543,14.2,3816.738993378269,505.6223001062107,151.15097374546093,63.37135264193723,390.83694966891346,10.47738896234692,6.306630774424543,0.0,0.0,0.0,0.0,0.0,0.0,0.0,0.0,0.0,0.0,0.0,0.0,0.0,0.0,2,LUBRICATION_DEGRADATION,0.0,2026-01-01T00:02:00+00:00,False
2026-01-01T00:01:47Z,ENG-DATASET-002,MSN-LUBRICATION_DEGRADATION-002,CRUISE,6500.0,15.0,0.6417002437368877,0.42829975626311223,3831.874520957642,507.2538855102202,150.21722350867034,63.03756794085675,391.5937260478821,10.5242469070077,6.921674705826171,14.2,3831.874520957642,507.2538855102202,150.21722350867034,63.03756794085675,391.5937260478821,10.5242469070077,6.921674705826171,0.0,0.0,0.0,0.0,0.0,0.0,0.0,0.0,0.0,0.0,0.0,0.0,0.0,0.0,2,LUBRICATION_DEGRADATION,0.0,2026-01-01T00:02:00+00:00,False
2026-01-01T00:01:48Z,ENG-DATASET-002,MSN-LUBRICATION_DEGRADATION-002,CRUISE,6500.0,15.0,0.6441135327965486,0.42588646720345136,3845.147610785777,508.68631080720644,149.41265892798347,62.720791126394744,392.2573805392889,10.565377892801038,7.080066672518765,14.2,3845.147610785777,508.68631080720644,149.41265892798347,62.720791126394744,392.2573805392889,10.565377892801038,7.080066672518765,0.0,0.0,0.0,0.0,0.0,0.0,0.0,0.0,0.0,0.0,0.0,0.0,0.0,0.0,2,LUBRICATION_DEGRADATION,0.0,2026-01-01T00:02:00+00:00,False
2026-01-01T00:01:49Z,ENG-DATASET-002,MSN-LUBRICATION_DEGRADATION-002,CRUISE,6500.0,15.0,0.6461505382418992,0.42384946175810084,3856.3511407352053,509.8965609506176,148.71880705895057,62.419771756398106,392.81755703676026,10.600124034816533,6.576256125562412,14.2,3856.3511407352053,509.8965609506176,148.71880705895057,62.419771756398106,392.81755703676026,10.600124034816533,6.576256125562412,0.0,0.0,0.0,0.0,0.0,0.0,0.0,0.0,0.0,0.0,0.0,0.0,0.0,0.0,2,LUBRICATION_DEGRADATION,0.0,2026-01-01T00:02:00+00:00,False
2026-01-01T00:01:50Z,ENG-DATASET-002,MSN-LUBRICATION_DEGRADATION-002,CRUISE,6500.0,15.0,0.6477794732842588,0.4222205267157412,3865.310283468182,510.8651354591698,148.11855473953477,62.13326124459885,393.2655141734091,10.62792823450674,6.150081290183961,14.2,3865.310283468182,510.8651354591698,148.11855473953477,62.13326124459885,393.2655141734091,10.62792823450674,6.150081290183961,0.0,0.0,0.0,0.0,0.0,0.0,0.0,0.0,0.0,0.0,0.0,0.0,0.0,0.0,2,LUBRICATION_DEGRADATION,0.0,2026-01-01T00:02:00+00:00,False
2026-01-01T00:01:51Z,ENG-DATASET-002,MSN-LUBRICATION_DEGRADATION-002,CRUISE,6500.0,15.0,0.6489749189371029,0.42102508106289704,3871.8852345588252,511.57639150432476,147.59610905318942,61.86002243456375,393.5942617279413,10.64834381267941,6.426539445192104,14.2,3871.8852345588252,511.57639150432476,147.59610905318942,61.86002243456375,393.5942617279413,10.64834381267941,6.426539445192104,0.0,0.0,0.0,0.0,0.0,0.0,0.0,0.0,0.0,0.0,0.0,0.0,0.0,0.0,2,LUBRICATION_DEGRADATION,0.0,2026-01-01T00:02:00+00:00,False
2026-01-01T00:01:52Z,ENG-DATASET-002,MSN-LUBRICATION_DEGRADATION-002,CRUISE,6500.0,15.0,0.6497182206708461,0.4202817793291539,3875.973394094413,512.0188214243408,147.136968683479,61.598839391678155,393.7986697047206,10.661042289198978,7.020143425217572,14.2,3875.973394094413,512.0188214243408,147.136968683479,61.598839391678155,393.7986697047206,10.661042289198978,7.020143425217572,0.0,0.0,0.0,0.0,0.0,0.0,0.0,0.0,0.0,0.0,0.0,0.0,0.0,0.0,2,LUBRICATION_DEGRADATION,0.0,2026-01-01T00:02:00+00:00,False
2026-01-01T00:01:53Z,ENG-DATASET-002,MSN-LUBRICATION_DEGRADATION-002,CRUISE,6500.0,15.0,0.6499977795105369,0.4200022204894631,3877.5109677127125,512.1852581794942,146.72790326961848,61.348527244507515,393.8755483856356,10.665819135795864,7.08703447040701,14.2,3877.5109677127125,512.1852581794942,146.72790326961848,61.348527244507515,393.8755483856356,10.665819135795864,7.08703447040701,0.0,0.0,0.0,0.0,0.0,0.0,0.0,0.0,0.0,0.0,0.0,0.0,0.0,0.0,2,LUBRICATION_DEGRADATION,0.0,2026-01-01T00:02:00+00:00,False
2026-01-01T00:01:54Z,ENG-DATASET-002,MSN-LUBRICATION_DEGRADATION-002,CRUISE,6500.0,15.0,0.6498092330339829,0.42019076696601715,3876.4739620916653,512.0730038672205,146.35693803933714,61.107941906744074,393.8236981045833,10.66259737163175,6.533855377478781,14.2,3876.4739620916653,512.0730038672205,146.35693803933714,61.107941906744074,393.8236981045833,10.66259737163175,6.533855377478781,0.0,0.0,0.0,0.0,0.0,0.0,0.0,0.0,0.0,0.0,0.0,0.0,0.0,0.0,2,LUBRICATION_DEGRADATION,0.0,2026-01-01T00:02:00+00:00,False
2026-01-01T00:01:55Z,ENG-DATASET-002,MSN-LUBRICATION_DEGRADATION-002,CRUISE,6500.0,15.0,0.6491555234458896,0.4208444765541104,3872.878559357152,511.68387820980854,146.01334119064865,60.8759895134183,393.6439279678576,10.651428919303692,6.151462453026664,14.2,3872.878559357152,511.68387820980854,146.01334119064865,60.8759895134183,393.6439279678576,10.651428919303692,6.151462453026664,0.0,0.0,0.0,0.0,0.0,0.0,0.0,0.0,0.0,0.0,0.0,0.0,0.0,0.0,2,LUBRICATION_DEGRADATION,0.0,2026-01-01T00:02:00+00:00,False
2026-01-01T00:01:56Z,ENG-DATASET-002,MSN-LUBRICATION_DEGRADATION-002,CRUISE,6500.0,15.0,0.6480468516657405,0.4219531483342595,3866.780864566332,511.02418584305286,145.6876117176601,60.65163541009805,393.33904322831665,10.632493690074718,6.481911015169184,14.2,3866.780864566332,511.02418584305286,145.6876117176601,60.65163541009805,393.33904322831665,10.632493690074718,6.481911015169184,0.0,0.0,0.0,0.0,0.0,0.0,0.0,0.0,0.0,0.0,0.0,0.0,0.0,0.0,2,LUBRICATION_DEGRADATION,0.0,2026-01-01T00:02:00+00:00,False
2026-01-01T00:01:57Z,ENG-DATASET-002,MSN-LUBRICATION_DEGRADATION-002,CRUISE,6500.0,15.0,0.6465005181458598,0.42349948185414016,3858.2760302069887,510.10460319666595,145.37146562581074,60.43391254133504,392.91380151034946,10.606096419397058,7.041956296089001,14.2,3858.2760302069887,510.10460319666595,145.37146562581074,60.43391254133504,392.91380151034946,10.606096419397058,7.041956296089001,0.0,0.0,0.0,0.0,0.0,0.0,0.0,0.0,0.0,0.0,0.0,0.0,0.0,0.0,2,LUBRICATION_DEGRADATION,0.0,2026-01-01T00:02:00+00:00,False
2026-01-01T00:01:58Z,ENG-DATASET-002,MSN-LUBRICATION_DEGRADATION-002,CRUISE,6500.0,15.0,0.6445406529036408,0.4254593470963592,3847.496771374784,508.9399876881516,145.05781875543346,60.22192909453131,392.3748385687392,10.572661325279846,7.0155396685661495,14.2,3847.496771374784,508.9399876881516,145.05781875543346,60.22192909453131,392.3748385687392,10.572661325279846,7.0155396685661495,0.0,0.0,0.0,0.0,0.0,0.0,0.0,0.0,0.0,0.0,0.0,0.0,0.0,0.0,2,LUBRICATION_DEGRADATION,0.0,2026-01-01T00:02:00+00:00,False
2026-01-01T00:01:59Z,ENG-DATASET-002,MSN-LUBRICATION_DEGRADATION-002,CRUISE,6500.0,15.0,0.6421978389806943,0.4278021610193057,3834.6112947985785,507.5491137750675,144.7407647242668,60.01487526753466,391.7305647399289,10.53272471082713,6.423149665260027,14.2,3834.6112947985785,507.5491137750675,144.7407647242668,60.01487526753466,391.7305647399289,10.53272471082713,6.423149665260027,0.0,0.0,0.0,0.0,0.0,0.0,0.0,0.0,0.0,0.0,0.0,0.0,0.0,0.0,2,LUBRICATION_DEGRADATION,0.0,2026-01-01T00:02:00+00:00,False
2026-01-01T00:02:00Z,ENG-DATASET-002,MSN-LUBRICATION_DEGRADATION-002,CRUISE,6500.0,15.0,0.6395086352047135,0.4304913647952865,3819.820674030684,505.9543420565193,144.4155468032531,59.81202904244215,390.9910337015342,10.486925676575527,6.092739421919325,14.2,3819.820674030684,505.9543420565193,144.4155468032531,59.81202904244215,390.9910337015342,10.486925676575527,6.092739421919325,0.0,0.0,0.0,0.0,0.0,0.0,0.0,0.0,0.0,0.0,0.0,0.0,0.0,0.0,2,LUBRICATION_DEGRADATION,0.0,2026-01-01T00:02:00+00:00,False
2026-01-01T00:02:01Z,ENG-DATASET-002,MSN-LUBRICATION_DEGRADATION-002,CRUISE,6500.0,15.0,0.6365150057011951,0.43348499429880494,3802.9149081749374,504.34789569108557,144.22852284853826,59.90442753074194,388.70465639211136,10.442952476695364,6.494695521445588,14.2,3803.3557117613327,504.1812290244189,144.07852284853826,59.61276086407528,390.16778558806664,10.435995146597634,6.473862188112255,-0.4408035863953046,0.16666666666668561,0.15000000000000568,0.2916666666666643,-1.4631291959552755,0.006957330097730363,0.020833333333333037,-0.00011589859581952396,0.00033056896423768584,0.0010410989579459553,0.004892688451918904,-0.0037500000000000653,0.0006666666666665332,0.003218068708905886,2,LUBRICATION_DEGRADATION,0.008333333333333333,2026-01-01T00:02:00+00:00,True
2026-01-01T00:02:02Z,ENG-DATASET-002,MSN-LUBRICATION_DEGRADATION-002,CRUISE,6500.0,15.0,0.6332636650572961,0.4367363349427038,3784.57559703522,502.5914195267971,144.02712271852104,59.99987047247354,386.354114409162,10.39458443480861,7.035645672664467,14.2,3785.4733382198874,502.2580861934638,143.72712271852103,59.4165371391402,389.2736669109944,10.380743443550543,6.9939790059978,-0.8977411846672112,0.3333333333333144,0.30000000000001137,0.5833333333333357,-2.9195525018324133,0.013840991258067703,0.04166666666666696,-0.00023715427489693337,0.0006636694211527704,0.0020872887060262055,0.009817693211694581,-0.007499999999999885,0.0013333333333333634,0.005957505252866078,2,LUBRICATION_DEGRADATION,0.016666666666666666,2026-01-01T00:02:00+00:00,True
2026-01-01T00:02:03Z,ENG-DATASET-002,MSN-LUBRICATION_DEGRADATION-002,CRUISE,6500.0,15.0,0.6298053493563258,0.44019465064367425,3765.1054430022,500.7154981570689,143.80979790059564,60.09792249092833,383.9540005046788,10.342690764521254,6.941635058701176,14.2,3766.4526018645515,500.2154981570689,143.35979790059565,59.22292249092833,388.3226300932276,10.322046671178896,6.879135058701176,-1.3471588623515345,0.5,0.44999999999998863,0.875,-4.368629588548799,0.020644093342358616,0.0625,-0.0003576731223657599,0.0009995691893636585,0.0031389553179477447,0.014774684584909348,-0.011249999999999972,0.00200000000000008,0.009085444531423459,2,LUBRICATION_DEGRADATION,0.025,2026-01-01T00:02:00+00:00,True
2026-01-01T00:02:04Z,ENG-DATASET-002,MSN-LUBRICATION_DEGRADATION-002,CRUISE,6500.0,15.0,0.6261940244581339,0.4438059755418661,3744.8250908316095,498.7524762793627,143.57596335085347,60.1982473909204,381.5195730100315,10.288194397025977,6.346568561728113,14.2,3746.590314924496,498.08580961269604,142.97596335085348,59.031580724253736,387.32951574622484,10.260832177884952,6.26323522839478,-1.7652240928864558,0.6666666666666856,0.5999999999999943,1.1666666666666643,-5.8099427361933635,0.027362219141025435,0.08333333333333304,-0.0004711548219869964,0.001338457458133721,0.004196509580618347,0.01976343259578897,-0.014999999999999977,0.002666666666666559,0.013305157844868416,2,LUBRICATION_DEGRADATION,0.03333333333333333,2026-01-01T00:02:00+00:00,True
2026-01-01T00:02:05Z,ENG-DATASET-002,MSN-LUBRICATION_DEGRADATION-002,CRUISE,6500.0,15.0,0.6224860438799179,0.44751395612008205,3724.058789151739,496.7359249124828,143.32593180524685,60.30060780918823,379.06651194183013,10.232056926533277,6.100846460743859,14.2,3726.1964217443083,495.9025915791495,142.57593180524685,58.84227447585489,386.3098210872154,10.198063381926854,5.996679794077192,-2.137632592569389,0.8333333333333144,0.75,1.4583333333333357,-7.243309145385297,0.03399354460642279,0.10416666666666696,-0.0005736768411067068,0.001680437544558201,0.005260354889522803,0.024783768919941097,-0.01875000000000002,0.0033333333333333275,0.017370723507623406,2,LUBRICATION_DEGRADATION,0.041666666666666664,2026-01-01T00:02:00+00:00,True
2026-01-01T00:02:06Z,ENG-DATASET-002,MSN-LUBRICATION_DEGRADATION-002,CRUISE,6500.0,15.0,0.6187392694184348,0.45126073058156524,3703.1226333462114,494.7000969106619,143.0608410474887,60.404863546389755,376.61067030282567,10.175263135001854,6.553515782725266,14.2,3705.589162206151,493.7000969106619,142.1608410474887,58.654863546389755,385.2794581103076,10.134724238049655,6.428515782725266,-2.4665288599394444,1.0,0.9000000000000057,1.75,-8.66878780748192,0.040538896952199366,0.125,-0.0006656239404777883,0.0020255211742057975,0.006330857311820219,0.02983554805503786,-0.022499999999999996,0.004000000000000074,0.019444612757411363,2,LUBRICATION_DEGRADATION,0.05,2026-01-01T00:02:00+00:00,True
2026-01-01T00:02:07Z,ENG-DATASET-002,MSN-LUBRICATION_DEGRADATION-002,CRUISE,6500.0,15.0,0.6150121682360147,0.45498783176398533,3682.3179966064063,492.6793814980431,142.78257481352426,60.51096859776622,374.16782452140706,10.118805367883857,7.052711597877658,14.2,3685.0901057028404,491.5127148313764,141.73257481352425,58.46930193109956,384.25450528514205,10.071803617668072,6.906878264544325,-2.7721090964341784,1.1666666666666856,1.0500000000000114,2.0416666666666643,-10.08668076373499,0.047001750215784455,0.14583333333333304,-0.0007522500174810424,0.0023736245909059235,0.007408318104581695,0.03491860855586359,-0.026250000000000027,0.004666666666666678,0.02111421799367044,2,LUBRICATION_DEGRADATION,0.058333333333333334,2026-01-01T00:02:00+00:00,True
2026-01-01T00:02:08Z,ENG-DATASET-002,MSN-LUBRICATION_DEGRADATION-002,CRUISE,6500.0,15.0,0.611362900500048,0.45863709949995196,3661.931140098543,490.7077669457586,142.49367817248245,60.61896692021496,371.7534279580187,10.063668020388974,6.8800858437372705,14.2,3665.019133155024,489.37443361242526,141.29367817248246,58.28563358688162,383.2509566577512,10.010279861129614,6.7134191770706035,-3.087993056481082,1.3333333333333144,1.1999999999999886,2.3333333333333357,-11.497528699732527,0.05338815925935947,0.16666666666666696,-0.0008425585090527999,0.002724566797433655,0.008492948980598438,0.04003273516543707,-0.029999999999999975,0.005333333333333486,0.024825899034564957,2,LUBRICATION_DEGRADATION,0.06666666666666667,2026-01-01T00:02:00+00:00,True
2026-01-01T00:02:09Z,ENG-DATASET-002,MSN-LUBRICATION_DEGRADATION-002,CRUISE,6500.0,15.0,0.6078484118130254,0.46215158818697455,3642.238024927807,488.8183197421097,142.19726834878693,60.72898699357328,369.3823713297473,10.010812376739143,6.280482194233051,14.2,3645.689445376399,487.3183197421097,140.84726834878694,58.10398699357328,382.28447226881997,9.95110574228543,6.092982194233051,-3.4514204485917617,1.5,1.3499999999999943,2.625,-12.902100939072682,0.05970663445371294,0.1875,-0.0009467126863943344,0.0030780702042841413,0.009584850425759935,0.04517762266968606,-0.03375000000000002,0.006000000000000036,0.03077310814685573,2,LUBRICATION_DEGRADATION,0.075,2026-01-01T00:02:00+00:00,True
2026-01-01T00:02:10Z,ENG-DATASET-002,MSN-LUBRICATION_DEGRADATION-002,CRUISE,6500.0,15.0,0.6045235445954568,0.4654764554045433,3623.5116185729353,487.0426877172134,141.89694204017192,60.841235253061555,367.06875376708905,9.961162024283446,6.111658844864523,14.2,3627.4026756797716,485.37602105054674,140.39694204017192,57.92456858639489,381.3701337839886,9.895194063857728,5.90332551153119,-3.8910571068363424,1.6666666666666856,1.5,2.9166666666666643,-14.301380016899543,0.06596796042571818,0.20833333333333304,-0.001072684081346762,0.0034337639157767954,0.010683993384776169,0.05035284228861258,-0.03749999999999992,0.006666666666666665,0.035290842920043565,2,LUBRICATION_DEGRADATION,0.08333333333333333,2026-01-01T00:02:00+00:00,True
2026-01-01T00:02:11Z,ENG-DATASET-002,MSN-LUBRICATION_DEGRADATION-002,CRUISE,6500.0,15.0,0.6014401822882414,0.46855981771175864,3606.0280334098343,485.4106336293008,141.5966803435539,60.95598848776544,364.82566802208726,9.915589041429836,6.615884972881971,14.2,3610.4441829900866,483.57730029596746,139.9466803435539,57.7476551544321,380.5222091495043,9.843404078189778,6.386718306215304,-4.416149580252295,1.8333333333333144,1.6500000000000057,3.2083333333333357,-15.69654112741705,0.07218496324005841,0.22916666666666696,-0.001223159632562147,0.0037911898102149246,0.011790204640434733,0.05555781139084221,-0.04124999999999999,0.0073333333333333375,0.03588175580620973,2,LUBRICATION_DEGRADATION,0.09166666666666666,2026-01-01T00:02:00+00:00,True
2026-01-01T00:02:12Z,ENG-DATASET-002,MSN-LUBRICATION_DEGRADATION-002,CRUISE,6500.0,15.0,0.5986464397289263,0.4713535602710737,3590.0679784522445,483.9496047494723,141.30075242793532,61.073585316476134,362.6650030981365,9.874901134317138,7.073307107099184,14.2,3595.078598913854,481.9496047494723,139.5007524279353,57.573585316476134,379.7539299456927,9.7965289030924,6.823307107099184,-5.010620461609506,2.0,1.8000000000000114,3.5,-17.088926847556195,0.0783722312247388,0.25,-0.0013937443434820355,0.004149811474665785,0.012903156210070432,0.06079176727940177,-0.04500000000000007,0.007999999999999959,0.036639124705363485,2,LUBRICATION_DEGRADATION,0.1,2026-01-01T00:02:00+00:00,True
2026-01-01T00:02:13Z,ENG-DATASET-002,MSN-LUBRICATION_DEGRADATION-002,CRUISE,6500.0,15.0,0.5961859123357582,0.47381408766424177,3575.9112567332004,482.6843430378897,141.01361909442235,61.194416866897235,360.5972672730836,9.839829873057182,6.833691790935948,14.2,3581.5456982514297,480.517676371223,139.06361909442236,57.40275020023057,379.0772849125715,9.755284077716968,6.562858457602615,-5.634441518229323,2.1666666666666856,1.9499999999999886,3.7916666666666643,-18.48001763948787,0.08454579534021356,0.27083333333333304,-0.0015731871077284177,0.004509025938502274,0.014022359066291554,0.06605374574285526,-0.04875000000000002,0.008666666666666649,0.041267587147120546,2,LUBRICATION_DEGRADATION,0.10833333333333334,2026-01-01T00:02:00+00:00,True
2026-01-01T00:02:14Z,ENG-DATASET-002,MSN-LUBRICATION_DEGRADATION-002,CRUISE,6500.0,15.0,0.5940969958157628,0.4759030041842372,3563.824081401266,481.63653962184344,140.73983734219289,61.31891679693787,358.6314341439202,9.811020155102739,6.248385320127155,14.2,3570.056657391455,479.3032062885101,138.6398373421929,57.235583463604534,378.5028328695728,9.720297379560176,5.956718653460488,-6.232575990188707,2.3333333333333144,2.0999999999999943,4.083333333333336,-19.87139872565257,0.09072277554256303,0.29166666666666696,-0.0017457918986480971,0.004868178019090479,0.015147161452712493,0.07134256499595014,-0.05249999999999999,0.009333333333333476,0.04896431804735759,2,LUBRICATION_DEGRADATION,0.11666666666666667,2026-01-01T00:02:00+00:00,True
2026-01-01T00:02:15Z,ENG-DATASET-002,MSN-LUBRICATION_DEGRADATION-002,CRUISE,6500.0,15.0,0.5924122870125784,0.4775877129874216,3554.0412482339234,480.8245364902815,140.48396702023064,61.44755080734781,356.77481393908283,9.789021001508766,6.167288526467839,14.2,3560.7907589739407,478.3245364902815,138.23396702023064,57.07255080734781,378.03953794869705,9.692100001493827,5.854788526467839,-6.749510740017286,2.5,2.25,4.375,-21.264724009614213,0.0969210000149392,0.3125,-0.0018955089464347493,0.00522657695618923,0.016276752006044296,0.0766568155463754,-0.05625000000000001,0.010000000000000096,0.053375113138122085,2,LUBRICATION_DEGRADATION,0.125,2026-01-01T00:02:00+00:00,True
2026-01-01T00:02:16Z,ENG-DATASET-002,MSN-LUBRICATION_DEGRADATION-002,CRUISE,6500.0,15.0,0.5911580752436133,0.4788419247563867,3546.7470328149316,480.2630776257592,140.25048059218489,61.58080580314595,355.0329519294977,9.774277771989814,6.721513269224994,14.2,3553.892594244632,477.5964109590925,137.85048059218488,56.914139136479285,377.69462971223163,9.671119167536096,6.388179935891661,-7.145561429700592,2.6666666666666856,2.4000000000000057,4.666666666666664,-22.661677782733932,0.10315860445371783,0.33333333333333304,-0.002010629539359885,0.005583514878831644,0.017410167811457513,0.08199485641829818,-0.06000000000000009,0.010666666666666613,0.05217970324544505,2,LUBRICATION_DEGRADATION,0.13333333333333333,2026-01-01T00:02:00+00:00,True
2026-01-01T00:02:17Z,ENG-DATASET-002,MSN-LUBRICATION_DEGRADATION-002,CRUISE,6500.0,15.0,0.5903539320640401,0.4796460679359599,3542.0595124979995,479.9631112089744,140.04367697985742,61.71917886702191,353.4095553288111,9.76712586693918,7.1357745061104145,14.2,3549.46980675698,477.1297778756411,137.4936769798574,56.760845533688574,377.473490337849,9.657672248127072,6.781607839443748,-7.41029425898023,2.8333333333333144,2.5500000000000114,4.958333333333336,-24.06393500903789,0.10945361881210758,0.35416666666666696,-0.002087718634730617,0.0059382865306549645,0.01854630740854783,0.08735481803896801,-0.06375000000000004,0.011333333333333412,0.05222458671330618,2,LUBRICATION_DEGRADATION,0.14166666666666666,2026-01-01T00:02:00+00:00,True
2026-01-01T00:02:18Z,ENG-DATASET-002,MSN-LUBRICATION_DEGRADATION-002,CRUISE,6500.0,15.0,0.5900124058592234,0.4799875941407765,3540.0225417422184,479.9316440494105,139.86760038310692,61.8631662110628,351.90644961389654,9.767785968949909,6.839295618218178,14.2,3547.5914126304883,476.9316440494105,137.16760038310693,56.6131662110628,377.3795706315244,9.651962419910976,6.464295618218178,-7.568870888269885,3.0,2.6999999999999886,5.25,-25.473121017627875,0.11582354903893233,0.375,-0.002133523849821723,0.006290209587538288,0.01968394863261391,0.09273461195275978,-0.06749999999999994,0.012000000000000063,0.058010960845160914,2,LUBRICATION_DEGRADATION,0.15,2026-01-01T00:02:00+00:00,True
2026-01-01T00:02:19Z,ENG-DATASET-002,MSN-LUBRICATION_DEGRADATION-002,CRUISE,6500.0,15.0,0.5901388260313631,0.4798611739686368,3540.6078885029583,480.1716490060802,139.72596490328158,62.01325227372408,350.5235647261189,9.776360862647765,6.283657298779536,14.2,3548.286723577257,477.0049823394135,136.87596490328158,56.47158560705741,377.41433617886287,9.654075901232158,5.887823965446203,-7.678835074298604,3.1666666666666856,2.8499999999999943,5.541666666666664,-26.89077145274399,0.12228496141560719,0.39583333333333304,-0.002164096554902157,0.00663864484420299,0.020821771024692633,0.09813194736954768,-0.07125000000000004,0.01266666666666665,0.06722913858436581,2,LUBRICATION_DEGRADATION,0.15833333333333333,2026-01-01T00:02:00+00:00,True
2026-01-01T00:02:20Z,ENG-DATASET-002,MSN-LUBRICATION_DEGRADATION-002,CRUISE,6500.0,15.0,0.5907312198359552,0.4792687801640447,3543.727483290218,480.68202584599794,139.62208572577003,62.16989912691618,349.2589511394913,9.792833859428649,6.295876100292293,14.2,3551.544889502513,477.3486925126646,136.62208572577003,56.33656579358284,377.57724447512567,9.663980782330903,5.879209433625626,-7.817406212294827,3.3333333333333144,3.0,5.833333333333336,-28.318293335634394,0.1288530770977463,0.41666666666666696,-0.0022011283696289873,0.006983015530612095,0.021958382380588497,0.10354435438444486,-0.07499999999999991,0.01333333333333343,0.07087120664278061,2,LUBRICATION_DEGRADATION,0.16666666666666666,2026-01-01T00:02:00+00:00,True
2026-01-01T00:02:21Z,ENG-DATASET-002,MSN-LUBRICATION_DEGRADATION-002,CRUISE,6500.0,15.0,0.5917803431658103,0.47821965683418965,3549.253015473611,481.45761572056927,139.55881754620728,62.333536353450064,348.1088253113075,9.817068842475091,6.893540502923318,14.2,3557.3150678167162,477.95761572056927,136.40881754620727,56.208536353450064,377.86575339083583,9.68152745806222,6.456040502923318,-8.062052343105279,3.5,3.1500000000000057,6.125,-29.756928079528336,0.13554138441287122,0.4375,-0.0022663306986899314,0.007322825047412201,0.023092348842720312,0.10896921352808094,-0.07875000000000004,0.014000000000000014,0.06776599369255791,2,LUBRICATION_DEGRADATION,0.175,2026-01-01T00:02:00+00:00,True
2026-01-01T00:02:22Z,ENG-DATASET-002,MSN-LUBRICATION_DEGRADATION-002,CRUISE,6500.0,15.0,0.5932698248022544,0.47673017519774563,3557.0379902295454,482.48926919388424,139.538500854767,62.50455154794751,347.06764357148717,9.848811936608826,7.259530455396759,14.2,3565.5072168171587,478.82260252721755,136.23850085476698,56.08788488128084,378.27536084085796,9.706450660258371,6.801197122063426,-8.46922658761332,3.6666666666666856,3.3000000000000114,6.416666666666664,-31.20771726937079,0.1423612763504547,0.45833333333333304,-0.0023753216786849174,0.00765767248102759,0.02422222777919348,0.11440379112616897,-0.08250000000000002,0.014666666666666522,0.06739009693550517,2,LUBRICATION_DEGRADATION,0.18333333333333332,2026-01-01T00:02:00+00:00,True
2026-01-01T00:02:23Z,ENG-DATASET-002,MSN-LUBRICATION_DEGRADATION-002,CRUISE,6500.0,15.0,0.5951764218825207,0.4748235781174793,3566.93646537855,483.76396750281447,139.56291662352731,62.68328158478668,346.12820306590964,9.88769479648092,6.912540363617911,14.2,3575.9935007586237,479.93063416948115,136.11291662352733,55.97494825145334,378.7996750379312,9.73837307598252,6.433373696951244,-9.057035380073557,3.8333333333333144,3.4499999999999886,6.708333333333336,-32.67147197202155,0.1493217204983992,0.47916666666666696,-0.002532732617705308,0.007987265367977373,0.025346602553101494,0.11984527977047589,-0.08624999999999995,0.01533333333333339,0.0744813979784421,2,LUBRICATION_DEGRADATION,0.19166666666666665,2026-01-01T00:02:00+00:00,True
2026-01-01T00:02:24Z,ENG-DATASET-002,MSN-LUBRICATION_DEGRADATION-002,CRUISE,6500.0,15.0,0.5974703825968497,0.4725296174031503,3578.8133433776425,485.26499643822046,139.6332498721301,62.87000478487095,345.28176795327823,9.93323949467674,6.396428030557356,14.2,3588.610284687433,481.26499643822046,136.0332498721301,55.87000478487095,379.4305142343717,9.776810526256634,5.896428030557356,-9.796941309790327,4.0,3.5999999999999943,7.0,-34.14874628109345,0.15642896842010678,0.5,-0.002730009817893513,0.008311429315664922,0.026464118172461203,0.12529084303739904,-0.09,0.016000000000000066,0.08479710044942884,2,LUBRICATION_DEGRADATION,0.2,2026-01-01T00:02:00+00:00,True
2026-01-01T00:02:25Z,ENG-DATASET-002,MSN-LUBRICATION_DEGRADATION-002,CRUISE,6500.0,15.0,0.6001159104555293,0.46988408954447075,3592.5432098457636,486.9721718834288,139.75006251533617,63.064934099161974,344.51821867092957,9.984864977946986,6.500779333592772,14.2,3603.16068791017,482.8055052167621,136.00006251533617,55.77326743249531,380.1580343955085,9.8211786668331,5.979946000259439,-10.617478064406441,4.166666666666686,3.75,7.291666666666664,-35.63981572457891,0.1636863111138851,0.520833333333333,-0.0029467123406490565,0.008630114241957542,0.02757351673700244,0.13073766344229465,-0.09374999999999997,0.016666666666666677,0.087096661627168,2,LUBRICATION_DEGRADATION,0.20833333333333334,2026-01-01T00:02:00+00:00,True
2026-01-01T00:02:26Z,ENG-DATASET-002,MSN-LUBRICATION_DEGRADATION-002,CRUISE,6500.0,15.0,0.6030717228811443,0.46692827711885565,3607.997787221751,488.86211560883413,139.91327582069007,63.268211411223206,343.82622173832874,10.04189504449682,7.129370742390719,14.2,3619.4176562510534,484.5287822755008,136.01327582069007,55.68487807788987,380.97088281255265,9.870801157762275,6.587704075724052,-11.41986902930239,4.333333333333314,3.9000000000000057,7.583333333333336,-37.144661074223905,0.17109388673454617,0.541666666666667,-0.0031551675197194415,0.008943397155856474,0.02867367156968912,0.13618299249440863,-0.09750000000000006,0.017333333333333343,0.08222389172924902,2,LUBRICATION_DEGRADATION,0.21666666666666667,2026-01-01T00:02:00+00:00,True
2026-01-01T00:02:27Z,ENG-DATASET-002,MSN-LUBRICATION_DEGRADATION-002,CRUISE,6500.0,15.0,0.6062916954093903,0.4637083045906097,3625.025319584032,490.9085793845968,140.122162723236,63.47990304372357,343.193417262966,10.103567777748623,7.437660798622821,14.2,3637.1275051564057,486.4085793845968,136.07216272323598,55.60490304372357,381.85637525782033,9.92491923158018,6.875160798622821,-12.102185572373855,4.5,4.050000000000011,7.875,-38.66295799485431,0.17864854616844283,0.5625,-0.003327402065288176,0.009251481554238602,0.02976361894267463,0.14162420162494815,-0.10125,0.01799999999999996,0.0818162682264356,2,LUBRICATION_DEGRADATION,0.225,2026-01-01T00:02:00+00:00,True
2026-01-01T00:02:28Z,ENG-DATASET-002,MSN-LUBRICATION_DEGRADATION-002,CRUISE,6500.0,15.0,0.6097255814459116,0.4602744185540884,3643.4277418475026,493.082814829292,140.375350154978,63.69999653522167,342.606621056488,10.169046352098196,7.042335570810844,14.2,3656.013878357273,488.4161481626253,136.17535015497802,55.53332986855501,382.80069391786367,9.982702570777025,6.459002237477511,-12.586136509770313,4.666666666666686,4.199999999999989,8.166666666666664,-40.19407286137567,0.18634378132117035,0.583333333333333,-0.003442584445392078,0.009554693644389602,0.030842586380134627,0.1470588327045544,-0.10499999999999997,0.01866666666666659,0.09031322670065324,2,LUBRICATION_DEGRADATION,0.23333333333333334,2026-01-01T00:02:00+00:00,True
2026-01-01T00:02:29Z,ENG-DATASET-002,MSN-LUBRICATION_DEGRADATION-002,CRUISE,6500.0,15.0,0.6133197963476013,0.4566802036523988,3662.9425795332295,495.35398566221966,140.67083144770237,63.928398733880606,342.052038062857,10.237431103982079,6.5700281635531965,14.2,3675.7820603165665,490.52065232888634,136.32083144770237,55.47006540054727,383.78910301582835,10.043261383893471,5.96586149688653,-12.839480783336967,4.833333333333314,4.349999999999994,8.458333333333336,-41.737064952971366,0.1941697200886079,0.604166666666667,-0.003492992939366814,0.009853475710728364,0.03191001664091825,0.15248464684972024,-0.10875000000000008,0.01933333333333341,0.10127064917312782,2,LUBRICATION_DEGRADATION,0.24166666666666667,2026-01-01T00:02:00+00:00,True
2026-01-01T00:02:30Z,ENG-DATASET-002,MSN-LUBRICATION_DEGRADATION-002,CRUISE,6500.0,15.0,0.6170182535930345,0.4529817464069655,3683.23579353104,497.68961818188126,141.00598875747917,64.16493523435898,341.51548364801124,10.307772737370575,6.759082157434598,14.2,3696.1235751664494,492.68961818188126,136.50598875747917,55.41493523435898,384.8061787583225,10.105659546441741,6.134082157434598,-12.887781635409283,5.0,4.5,8.75,-43.290695110311276,0.20211319092883429,0.625,-0.003486837323838368,0.010148377021726081,0.032965586645395034,0.15789967024223334,-0.11249999999999998,0.01999999999999995,0.10188973410512456,2,LUBRICATION_DEGRADATION,0.25,2026-01-01T00:02:00+00:00,True
2026-01-01T00:02:31Z,ENG-DATASET-002,MSN-LUBRICATION_DEGRADATION-002,CRUISE,6500.0,15.0,0.6207632399938777,0.44923676000612234,3703.90932109224,500.056084873717,141.37762533690753,64.40935116330435,340.9826092038974,10.379086507144104,7.401248014108487,14.2,3716.7210003710866,494.8894182070503,136.72762533690752,55.36768449663768,385.8360500185544,10.168928648410292,6.755414680775154,-12.81167927884644,5.166666666666686,4.650000000000006,9.041666666666671,-44.85344081465695,0.21015785873381176,0.645833333333333,-0.0034470382031815926,0.01044004271779574,0.034009220803345654,0.16330223575117622,-0.11625,0.020666666666666576,0.09560232255930536,2,LUBRICATION_DEGRADATION,0.2583333333333333,2026-01-01T00:02:00+00:00,True
2026-01-01T00:02:32Z,ENG-DATASET-002,MSN-LUBRICATION_DEGRADATION-002,CRUISE,6500.0,15.0,0.6244963162898886,0.44550368371011145,3724.523434811838,502.4191150871896,141.7820073470632,64.66131329796464,340.43912847996245,10.45036719748191,7.639525966630688,14.2,3737.252919999147,497.0857817538563,136.9820073470632,55.32797996463131,386.86264599995735,10.232082765158527,6.972859299964021,-12.72948518730891,5.333333333333314,4.800000000000011,9.333333333333329,-46.4235175199949,0.21828443232338302,0.666666666666667,-0.003406107496549047,0.010729201134089648,0.03504109841111129,0.16869101925101385,-0.12000000000000005,0.02133333333333344,0.09560879375123872,2,LUBRICATION_DEGRADATION,0.26666666666666666,2026-01-01T00:02:00+00:00,True
2026-01-01T00:02:33Z,ENG-DATASET-002,MSN-LUBRICATION_DEGRADATION-002,CRUISE,6500.0,15.0,0.6281592290740277,0.44184077092597235,3744.6301531628806,504.7443257549016,142.2149147562294,64.92041348175995,339.8710410724156,10.52060468638594,7.195451121064426,14.2,3757.3989403119112,499.2443257549016,137.26491475622942,55.29541348175995,387.8699470155956,10.294133744017554,6.507951121064426,-12.768787149030686,5.5,4.949999999999989,9.625,-47.99890594317998,0.22647094236838683,0.6875,-0.003398304878419622,0.011016649997340507,0.036061655003325206,0.1740650696675766,-0.12375000000000005,0.02200000000000006,0.10564000669500327,2,LUBRICATION_DEGRADATION,0.275,2026-01-01T00:02:00+00:00,True
2026-01-01T00:02:34Z,ENG-DATASET-002,MSN-LUBRICATION_DEGRADATION-002,CRUISE,6500.0,15.0,0.6316948198173914,0.43830518018260867,3763.8108122468034,506.99776420101557,142.67170071896518,65.18617328054188,339.26484957509297,10.588799862946992,6.767527391003334,14.2,3776.844689400412,501.3310975343489,137.5717007189652,55.26950661387521,388.84223447002057,10.354106776023787,6.059194057670001,-13.0338771536085,5.666666666666686,5.099999999999994,9.916666666666671,-49.577384894927604,0.23469308692320467,0.708333333333333,-0.00345099632775148,0.01130324189849091,0.03707157775434061,0.17942383195034942,-0.12749999999999995,0.022666666666666554,0.11690223593956242,2,LUBRICATION_DEGRADATION,0.2833333333333333,2026-01-01T00:02:00+00:00,True
2026-01-01T00:02:35Z,ENG-DATASET-002,MSN-LUBRICATION_DEGRADATION-002,CRUISE,6500.0,15.0,0.6350479168089384,0.4349520831910616,3781.70941930077,509.1464542538848,143.14735867008247,65.45804980402639,338.6077670239672,10.653980642219572,7.029991728180678,14.2,3795.2867228539203,503.3131209205515,137.89735867008247,55.24971647069305,389.76433614269604,10.411056002168962,6.300825061514011,-13.57730355315016,5.833333333333314,5.25,10.208333333333336,-51.15656911872884,0.2429246400506102,0.729166666666667,-0.003577411812233388,0.011589869389187078,0.038071795215168354,0.18476716235726381,-0.13124999999999995,0.02333333333333344,0.11572558506987926,2,LUBRICATION_DEGRADATION,0.2916666666666667,2026-01-01T00:02:00+00:00,True
2026-01-01T00:02:36Z,ENG-DATASET-002,MSN-LUBRICATION_DEGRADATION-002,CRUISE,6500.0,15.0,0.638166196091588,0.431833803908412,3798.0540330556787,511.1589361915915,143.63659620786402,65.73544259881795,337.88791144779236,10.715217804940558,7.666362634564496,14.2,3812.4372589084937,505.1589361915915,138.236596207864,55.235442598817954,390.6218629454247,10.464079887637263,6.916362634564496,-14.38322585281503,6.0,5.400000000000006,10.5,-52.73395149763235,0.2511379173032946,0.75,-0.0037727114903218025,0.011877449986798573,0.03906346183379775,0.19009533563916262,-0.13500000000000004,0.024000000000000028,0.10843850151116684,2,LUBRICATION_DEGRADATION,0.3,2026-01-01T00:02:00+00:00,True
2026-01-01T00:02:37Z,ENG-DATASET-002,MSN-LUBRICATION_DEGRADATION-002,CRUISE,6500.0,15.0,0.64100099796007,0.42899900203993,3812.6610963633507,513.0057905606756,144.13391468442785,66.0177015028307,337.09448456678535,10.771640377102724,7.82239207438895,14.2,3828.028669185145,506.83912389400894,138.58391468442784,55.22603483616404,391.4014334592573,10.512336086957767,7.051558741055617,-15.36757282179451,6.166666666666629,5.550000000000011,10.791666666666664,-54.30694889247195,0.25930429014495715,0.770833333333333,-0.004014487390206964,0.01216691130567934,0.040047937833463755,0.19540904391708896,-0.13875,0.024666666666666563,0.10931389238033057,2,LUBRICATION_DEGRADATION,0.30833333333333335,2026-01-01T00:02:00+00:00,True
2026-01-01T00:02:38Z,ENG-DATASET-002,MSN-LUBRICATION_DEGRADATION-002,CRUISE,6500.0,15.0,0.6435080862793506,0.4264919137206494,3825.4217788941587,514.6601356645481,144.6336932742654,66.3041353360152,336.2179319556035,10.822450258755634,7.329494852083531,14.2,3841.8176549411883,508.3268023312147,138.9336932742654,55.220802002681864,392.0908827470594,10.555055518942424,6.537828185416864,-16.39587604702956,6.333333333333371,5.699999999999989,11.083333333333329,-55.872950791455935,0.26739473981320927,0.791666666666667,-0.004267739262935047,0.012459176467359888,0.04102676511123739,0.20070938724857804,-0.1424999999999999,0.025333333333333447,0.12109016086298217,2,LUBRICATION_DEGRADATION,0.31666666666666665,2026-01-01T00:02:00+00:00,True
2026-01-01T00:02:39Z,ENG-DATASET-002,MSN-LUBRICATION_DEGRADATION-002,CRUISE,6500.0,15.0,0.645648338774725,0.42435166122527496,3836.273957712242,516.0980885572196,145.13027616076934,66.59402128935014,335.2500823014816,10.866935813319351,6.945884727498941,14.2,3853.589043665747,509.59808855721957,139.28027616076935,55.219021289350145,392.67945218328737,10.591555373605605,6.133384727498941,-17.315085953504877,6.500000000000057,5.849999999999994,11.374999999999993,-57.42936988180577,0.2753804397137465,0.8125,-0.004493236242189906,0.012755149883711176,0.04200163986785479,0.20599785607199525,-0.14625,0.02600000000000007,0.1324717160423947,2,LUBRICATION_DEGRADATION,0.325,2026-01-01T00:02:00+00:00,True
2026-01-01T00:02:40Z,ENG-DATASET-002,MSN-LUBRICATION_DEGRADATION-002,CRUISE,6500.0,15.0,0.6473883575218288,0.4226116424781712,3845.1672952362533,517.2991797266952,145.61806137119314,66.88661486325942,334.1842637379297,10.904484138834654,7.2699535465438085,14.2,3863.1591467748176,510.63251306002854,139.61806137119314,55.21994819659276,393.15795733874086,10.621250784579209,6.4366202132104755,-17.991851538564333,6.666666666666686,6.0,11.666666666666664,-58.973693600811146,0.2832333542554455,0.833333333333333,-0.004657289760786827,0.013055703458277383,0.04297438269142131,0.21127630589458854,-0.15000000000000005,0.02666666666666666,0.1294675319856538,2,LUBRICATION_DEGRADATION,0.3333333333333333,2026-01-01T00:02:00+00:00,True
2026-01-01T00:02:41Z,ENG-DATASET-002,MSN-LUBRICATION_DEGRADATION-002,CRUISE,6500.0,15.0,0.6487009901100778,0.42129900988992225,3852.030932196385,518.2467123229089,146.09158970881322,67.18116019813392,333.015395613056,10.93459176124831,7.882674031734704,14.2,3870.3786260101865,511.4133789895756,139.9415897088132,55.222826864800595,393.51893130050934,10.643664920098939,7.028507365068037,-18.34769381380147,6.833333333333314,6.150000000000006,11.958333333333329,-60.503535687453336,0.2909268411493713,0.854166666666667,-0.0047405423568896024,0.013361663214275435,0.04394690679730568,0.21654692474563722,-0.15375000000000005,0.027333333333333362,0.12152888548028126,2,LUBRICATION_DEGRADATION,0.3416666666666667,2026-01-01T00:02:00+00:00,True
2026-01-01T00:02:42Z,ENG-DATASET-002,MSN-LUBRICATION_DEGRADATION-002,CRUISE,6500.0,15.0,0.6495657533469535,0.4204342466530464,3856.7529806210196,518.92805777334,146.5456321822654,67.47690063360872,331.74005445312287,10.956873516944453,7.947689469984756,14.2,3875.134823813004,511.92805777333996,140.24563218226538,55.226900633608714,393.75674119065025,10.65843727329227,7.072689469984756,-18.381843191984444,7.000000000000057,6.300000000000011,12.250000000000007,-62.01668673752738,0.29843624365218346,0.875,-0.004743536425888099,0.013673796334678261,0.04492118508056233,0.22181219404778954,-0.15749999999999992,0.02799999999999999,0.12371531419742736,2,LUBRICATION_DEGRADATION,0.35,2026-01-01T00:02:00+00:00,True
2026-01-01T00:02:43Z,ENG-DATASET-002,MSN-LUBRICATION_DEGRADATION-002,CRUISE,6500.0,15.0,0.6499691528913724,0.42003084710862765,3859.178258912245,519.3348809143795,146.97527432023165,67.77308932976212,330.35651329982517,10.971069426751834,7.409360179296777,14.2,3877.3535213073073,512.1682142477129,140.52527432023166,55.23142266309545,393.86767606536534,10.665329967678387,6.513526845963444,-18.17526239506242,7.166666666666629,6.449999999999989,12.541666666666664,-63.51116276554018,0.3057394590734468,0.895833333333333,-0.004687543267639511,0.013992798590973146,0.045899216572967555,0.22707484366588224,-0.16125000000000003,0.02866666666666664,0.13753429662894504,2,LUBRICATION_DEGRADATION,0.35833333333333334,2026-01-01T00:02:00+00:00,True
2026-01-01T00:02:44Z,ENG-DATASET-002,MSN-LUBRICATION_DEGRADATION-002,CRUISE,6500.0,15.0,0.649904893828364,0.42009510617163603,3859.126165341663,519.4632893102709,147.37599578763192,68.06899978251937,328.8647540272368,10.9770494056234,7.07235760992678,14.2,3877.0000964607616,512.1299559769375,140.77599578763193,55.235666449186034,393.8500048230381,10.66423193551496,6.1556909432601135,-17.873931119098415,7.333333333333371,6.599999999999994,12.833333333333336,-64.98525079580128,0.3128174701084401,0.916666666666667,-0.004610247788081094,0.014319282142643516,0.04688299282184759,0.23233780197328371,-0.16499999999999998,0.029333333333333447,0.14891369224283885,2,LUBRICATION_DEGRADATION,0.36666666666666664,2026-01-01T00:02:00+00:00,True
2026-01-01T00:02:45Z,ENG-DATASET-002,MSN-LUBRICATION_DEGRADATION-002,CRUISE,6500.0,15.0,0.6493739788991146,0.4206260211008854,3856.4253401386195,519.3139031811684,147.74374378839795,68.36393606727353,327.2664526745423,10.974815699754677,7.448775416058278,14.2,3874.0800643498897,511.8139031811683,140.99374378839795,55.23893606727353,393.70400321749446,10.65516087354823,6.511275416058278,-17.65472421127015,7.500000000000057,6.75,13.125,-66.43755054295218,0.31965482620644714,0.9375,-0.004557139738471769,0.014653763708613557,0.04787446462965289,0.23760414183241205,-0.16874999999999998,0.030000000000000023,0.1439810083425304,2,LUBRICATION_DEGRADATION,0.375,2026-01-01T00:02:00+00:00,True
2026-01-01T00:02:46Z,ENG-DATASET-002,MSN-LUBRICATION_DEGRADATION-002,CRUISE,6500.0,15.0,0.6483846928535261,0.4216153071464739,3850.957149939506,518.89184425239,148.07499884920125,68.6572426490533,325.5649382567275,10.964502994415357,8.024474238621718,14.2,3868.6389910991525,511.2251775857234,141.17499884920124,55.24057598238663,393.43194955495767,10.638262931192132,7.066140905288384,-17.68184115964641,7.666666666666629,6.900000000000006,13.416666666666671,-67.86701129823018,0.3262400632232243,0.9583333333333339,-0.004570558586709242,0.014996653143870374,0.048875509518299144,0.24287702342105474,-0.17249999999999996,0.030666666666666564,0.13562329794698913,2,LUBRICATION_DEGRADATION,0.3833333333333333,2026-01-01T00:02:00+00:00,True
2026-01-01T00:02:47Z,ENG-DATASET-002,MSN-LUBRICATION_DEGRADATION-002,CRUISE,6500.0,15.0,0.6469524731694647,0.42304752683053537,3842.6972633866053,518.2066437945315,148.3668317258111,68.9483136044042,323.76512593059135,10.946376189320436,7.9957500104717125,14.2,3860.7617828368157,510.3733104611981,141.31683172581108,55.23998027107087,393.0380891418408,10.61381013831975,7.016583343805046,-18.064519450210355,7.833333333333371,7.050000000000011,13.708333333333336,-69.27296321124948,0.33256605100068626,0.979166666666667,-0.004679003902938783,0.015348242497741096,0.04988790021615203,0.24815963485259204,-0.17625000000000007,0.03133333333333341,0.1395503507460187,2,LUBRICATION_DEGRADATION,0.39166666666666666,2026-01-01T00:02:00+00:00,True
2026-01-01T00:02:48Z,ENG-DATASET-002,MSN-LUBRICATION_DEGRADATION-002,CRUISE,6500.0,15.0,0.6450996691560816,0.4249003308439183,3831.7444652753256,517.2720720709722,148.61695035500426,69.23660110939959,321.87342579129154,10.92082589195353,7.420917911383736,14.2,3850.5713607632083,509.2720720709722,141.41695035500427,55.23660110939959,392.5285680381604,10.582195631737918,6.420917911383736,-18.826895487882666,8.0,7.199999999999989,14.0,-70.65514224686888,0.3386302602156128,1.0,-0.0048893771141930095,0.01570869568297301,0.05091327441247714,0.25345513153990257,-0.18,0.03199999999999995,0.15574097252155894,2,LUBRICATION_DEGRADATION,0.4,2026-01-01T00:02:00+00:00,True
2026-01-01T00:02:49Z,ENG-DATASET-002,MSN-LUBRICATION_DEGRADATION-002,CRUISE,6500.0,15.0,0.6428551932003197,0.4271448067996803,3818.3285198742365,516.1058932682538,148.82373598454353,69.52162305971673,319.89762894895347,10.888361730866617,7.13696357216635,14.2,3838.226743006517,507.93922660158717,141.47373598454354,55.22995639305006,391.91133715032583,10.543926789089687,6.1161302388330165,-19.89822313228069,8.166666666666629,7.349999999999994,14.291666666666671,-72.01370820137237,0.3444349417769299,1.020833333333333,-0.00518422294059007,0.016078038944356478,0.05195310598712828,0.25876657524330554,-0.18375,0.03266666666666668,0.16690837072954684,2,LUBRICATION_DEGRADATION,0.4083333333333333,2026-01-01T00:02:00+00:00,True
2026-01-01T00:02:50Z,ENG-DATASET-002,MSN-LUBRICATION_DEGRADATION-002,CRUISE,6500.0,15.0,0.6402540695987841,0.429745930401216,3802.7937704981578,514.7295516840392,148.98626784485683,69.80296970232189,317.8467728799217,10.849603638730406,7.560670227667168,14.2,3823.920563198072,506.3962183507058,141.48626784485683,55.21963636898855,391.1960281599036,10.49961642457781,6.519003561000501,-21.126792699914404,8.333333333333371,7.5,14.583333333333336,-73.34925527998195,0.3499872141525948,1.041666666666667,-0.005524903656012499,0.016456152379009478,0.053008677903808546,0.26409687372594437,-0.18750000000000006,0.033333333333333444,0.15978924645759784,2,LUBRICATION_DEGRADATION,0.4166666666666667,2026-01-01T00:02:00+00:00,True
2026-01-01T00:02:51Z,ENG-DATASET-002,MSN-LUBRICATION_DEGRADATION-002,CRUISE,6500.0,15.0,0.6373368880153083,0.43266311198469176,3785.5610889556037,513.1677964247858,149.1043359709908,70.08030917379332,315.7309883577721,10.805271297143644,8.091813733061095,14.2,3807.8760644889558,504.66779642478576,141.4543359709908,55.20530917379333,390.39380322444777,10.4499722409513,7.0293137330610955,-22.314975533352026,8.500000000000057,7.650000000000006,14.874999999999993,-74.66281486667566,0.3552990561923437,1.0624999999999991,-0.005860215814651745,0.016842762823815076,0.054081056953735614,0.2694487219186039,-0.19125000000000006,0.03399999999999995,0.1511527355796803,2,LUBRICATION_DEGRADATION,0.425,2026-01-01T00:02:00+00:00,True
2026-01-01T00:02:52Z,ENG-DATASET-002,MSN-LUBRICATION_DEGRADATION-002,CRUISE,6500.0,15.0,0.6341491700928259,0.4358508299071741,3767.0762879404942,511.4482530718717,149.17844203402186,70.35339185743246,313.56133054059086,10.756171970593112,7.9734485583355,14.2,3790.343615915301,502.781586405205,141.37844203402184,55.18672519076579,389.51718079576506,10.395784765392827,6.890115225002167,-23.267327974806904,8.666666666666686,7.800000000000011,15.166666666666664,-75.9558502551742,0.36038720520028455,1.083333333333333,-0.0061385801216305436,0.01723743848423675,0.055171070552064716,0.27482454547247626,-0.19500000000000003,0.03466666666666666,0.15723007496336788,2,LUBRICATION_DEGRADATION,0.43333333333333335,2026-01-01T00:02:00+00:00,True
2026-01-01T00:02:53Z,ENG-DATASET-002,MSN-LUBRICATION_DEGRADATION-002,CRUISE,6500.0,15.0,0.6307406591033574,0.4392593408966426,3747.7567591146353,509.6009516773732,149.20978828922065,70.62205348980258,311.3495970192711,10.70318698454329,7.376768372915553,14.2,3771.5968054732252,500.7676183440399,141.25978828922067,55.16372015646925,388.57984027366126,10.337914022417857,6.272601706248887,-23.840046358589916,8.833333333333314,7.949999999999989,15.458333333333329,-77.23024325439019,0.3652729621254327,1.104166666666666,-0.006320942451747222,0.01763958572749525,0.05627928581998761,0.2802264475544163,-0.19875000000000004,0.0353333333333335,0.17603009379133286,2,LUBRICATION_DEGRADATION,0.44166666666666665,2026-01-01T00:02:00+00:00,True
2026-01-01T00:02:54Z,ENG-DATASET-002,MSN-LUBRICATION_DEGRADATION-002,CRUISE,6500.0,15.0,0.6271645437208875,0.4428354562791125,3727.948898763704,507.6578210326244,149.2002549861142,70.88621696690447,309.1081358134269,10.647257121904826,7.156281608542175,14.2,3751.92817086964,498.6578210326244,141.1002549861142,55.13621696690447,387.59640854348197,10.277275214193846,6.031281608542175,-23.979272105935706,9.0,8.099999999999994,15.75,-78.48827273005509,0.3699819077109794,1.125,-0.006391186348425662,0.01804844849593,0.05740599122798978,0.28565615971538166,-0.20249999999999996,0.03600000000000009,0.18652751985691554,2,LUBRICATION_DEGRADATION,0.45,2026-01-01T00:02:00+00:00,True
2026-01-01T00:02:55Z,ENG-DATASET-002,MSN-LUBRICATION_DEGRADATION-002,CRUISE,6500.0,15.0,0.6234766280298968,0.4465233719701032,3707.906524309588,505.65215941459826,149.1523668062011,71.14589282054199,306.84964643446483,10.589367222990107,7.626049130063303,14.2,3731.6446345691925,496.4854927479316,140.9023668062011,55.104226153875324,386.58223172845965,10.214823687771808,6.48021579672997,-23.738110259604582,9.166666666666686,8.25,16.041666666666664,-79.73258529399482,0.3745435352182991,1.145833333333333,-0.006361299797869172,0.01846311080698717,0.058551181126340876,0.29111499763867926,-0.20625000000000004,0.03666666666666661,0.1768202432257797,2,LUBRICATION_DEGRADATION,0.4583333333333333,2026-01-01T00:02:00+00:00,True
2026-01-01T00:02:56Z,ENG-DATASET-002,MSN-LUBRICATION_DEGRADATION-002,CRUISE,6500.0,15.0,0.6197344607212879,0.4502655392787121,3687.795457870279,503.6180919734623,149.0692490915842,71.40117835623309,304.58697721768783,10.530530276826493,8.110231127994004,14.2,3711.062714371843,494.284758640129,140.6692490915842,55.06784502289975,385.55313571859216,10.151539469948418,6.943564461327337,-23.267256501564134,9.333333333333314,8.400000000000006,16.333333333333336,-80.96615850090433,0.3789908068780754,1.166666666666667,-0.006269701778807716,0.018882502788496014,0.05971454354271201,0.29660382254909706,-0.20999999999999994,0.03733333333333345,0.16802129124954449,2,LUBRICATION_DEGRADATION,0.4666666666666667,2026-01-01T00:02:00+00:00,True
2026-01-01T00:02:57Z,ENG-DATASET-002,MSN-LUBRICATION_DEGRADATION-002,CRUISE,6500.0,15.0,0.6159964370643114,0.4540035629356886,3667.7229452736756,501.5900246095148,148.95457479766367,71.65225546495566,302.3329221561612,10.471771287031965,7.911856033841174,14.2,3690.503584258472,492.0900246095148,140.40457479766366,55.027255464955665,384.5251792129236,10.088411644539464,6.724356033841174,-22.780638984796497,9.5,8.550000000000011,16.624999999999993,-82.1922570567624,0.38335964249250054,1.1875,-0.00617277248610877,0.019305410646229777,0.06089545167827597,0.30212300903481715,-0.21374999999999994,0.03800000000000009,0.17659683604255275,2,LUBRICATION_DEGRADATION,0.475,2026-01-01T00:02:00+00:00,True
2026-01-01T00:02:58Z,ENG-DATASET-002,MSN-LUBRICATION_DEGRADATION-002,CRUISE,6500.0,15.0,0.61232088766792,0.45767911233208003,3647.7841967628906,499.6021036401019,148.81250324223316,71.89938714175905,300.10002044837677,10.414111184320737,7.311871889443666,14.2,3670.2880625783196,489.93543697343523,140.11250324223317,54.98272047509238,383.514403128916,10.026422834711878,6.103538556110333,-22.50386581542898,9.666666666666686,8.699999999999989,16.91666666666667,-83.41438268053923,0.3876883496088581,1.208333333333333,-0.006131362288664713,0.019730490871169258,0.06209295957662689,0.3076724199983895,-0.2175,0.03866666666666655,0.1979725895437581,2,LUBRICATION_DEGRADATION,0.48333333333333334,2026-01-01T00:02:00+00:00,True
2026-01-01T00:02:59Z,ENG-DATASET-002,MSN-LUBRICATION_DEGRADATION-002,CRUISE,6500.0,15.0,0.6087651682511251,0.46123483174887486,3628.1137076262658,497.6876898255349,148.6476118303149,72.14291276449515,297.90036190029036,10.358551041258524,7.167155550720272,14.2,3650.7316057859475,487.8543564922016,139.7976118303149,54.934579431161815,382.5365802892974,9.966534035848483,5.937988884053605,-22.617898159681772,9.833333333333314,8.849999999999994,17.208333333333336,-84.63621838900701,0.39201700541004136,1.229166666666667,-0.006195442613156022,0.02015628886464705,0.06330580246779928,0.3132513894075951,-0.22124999999999992,0.039333333333333435,0.20700049977654533,2,LUBRICATION_DEGRADATION,0.49166666666666664,2026-01-01T00:02:00+00:00,True
2026-01-01T00:03:00Z,ENG-DATASET-002,MSN-LUBRICATION_DEGRADATION-002,CRUISE,6500.0,15.0,0.6053847646261847,0.46461523537381527,3608.9273791759765,495.87885445988235,148.4648220087805,72.38324220531433,295.74540120164005,10.306056824406811,7.683394081102738,14.2,3632.1393858487754,485.87885445988235,139.4648220087805,54.883242205314325,381.60696929243875,9.909670023468088,6.433394081102738,-23.212006672798907,10.0,9.0,17.500000000000007,-85.8615680907987,0.396386800938723,1.25,-0.006390725742309203,0.02058126199197597,0.06453240229592358,0.3188587134581763,-0.22499999999999995,0.03999999999999995,0.19429868343860873,2,LUBRICATION_DEGRADATION,0.5,2026-01-01T00:02:00+00:00,True
2026-01-01T00:03:01Z,ENG-DATASET-002,MSN-LUBRICATION_DEGRADATION-002,CRUISE,6500.0,15.0,0.6022324268610607,0.46776757313893935,3590.5433286340813,494.2059042906359,148.26932074850168,72.6208488658263,293.6457839289216,10.257544895790193,8.120893329375379,14.2,3614.8015281405933,484.0392376239692,139.11932074850168,54.82918219915963,380.7400764070297,9.856705537274369,6.850059996042045,-24.258199506512028,10.166666666666686,9.150000000000006,17.79166666666667,-87.09429247810806,0.40083935851582453,1.270833333333334,-0.006710797070784168,0.021003806874360802,0.0657708789172517,0.32449265068446276,-0.22875000000000006,0.040666666666666684,0.18552148945667915,2,LUBRICATION_DEGRADATION,0.5083333333333333,2026-01-01T00:02:00+00:00,True
2026-01-01T00:03:02Z,ENG-DATASET-002,MSN-LUBRICATION_DEGRADATION-002,CRUISE,6500.0,15.0,0.5993573461322511,0.4706426538677489,3573.374291656426,492.6969410607146,148.06647886683606,72.85626174366202,291.61118691607095,10.21386845094659,7.854786904275247,14.2,3598.9885841321407,482.3636077273813,138.76647886683605,54.77292841032869,379.9494292066071,9.808452417682386,6.56312023760858,-25.614292475714592,10.333333333333314,9.300000000000011,18.08333333333333,-88.33824229053613,0.4054160332642045,1.291666666666667,-0.007117080778929788,0.02142229050408262,0.06701906739973229,0.3301509314576524,-0.23249999999999996,0.04133333333333326,0.19680679614324947,2,LUBRICATION_DEGRADATION,0.5166666666666666,2026-01-01T00:02:00+00:00,True
2026-01-01T00:03:03Z,ENG-DATASET-002,MSN-LUBRICATION_DEGRADATION-002,CRUISE,6500.0,15.0,0.5968043871129334,0.4731956128870666,3557.891513562679,491.3774605116509,147.8617674929437,73.09005665332475,289.65017538252,10.17580505581455,7.270702695855923,14.2,3584.9473095258927,480.8774605116509,138.4117674929437,54.715056653324744,379.24736547629465,9.765647846271161,5.958202695855923,-27.055795963213768,10.5,9.449999999999989,18.375000000000007,-89.59719009377466,0.41015720954338875,1.3125,-0.007547055403386635,0.021835084532404698,0.06827454176164431,0.3358307771921763,-0.23625000000000013,0.041999999999999996,0.22028455005615638,2,LUBRICATION_DEGRADATION,0.525,2026-01-01T00:02:00+00:00,True
2026-01-01T00:03:04Z,ENG-DATASET-002,MSN-LUBRICATION_DEGRADATION-002,CRUISE,6500.0,15.0,0.5946133878747448,0.4753866121252551,3544.5672861006756,490.2699947851156,147.66067394661056,73.3228467374522,287.7700789212025,10.144045420336326,7.212680548177004,14.2,3572.896813715856,479.6033281184489,138.06067394661056,54.656180070785524,378.6448406857928,9.728943817458113,5.879347214843671,-28.329527615180268,10.666666666666686,9.599999999999994,18.66666666666667,-90.87476176459029,0.41510160287821307,1.333333333333333,-0.007929008054872209,0.022240601850102903,0.0695346453524659,0.34152892943654983,-0.24000000000000005,0.04266666666666669,0.22678254653289528,2,LUBRICATION_DEGRADATION,0.5333333333333333,2026-01-01T00:02:00+00:00,True
2026-01-01T00:03:05Z,ENG-DATASET-002,MSN-LUBRICATION_DEGRADATION-002,CRUISE,6500.0,15.0,0.5928185382279987,0.47718146177200127,3533.808985514981,489.3938013391445,147.46861825209479,73.55527241571947,285.97688813115906,10.11918352366028,7.774289778343876,14.2,3563.025140658752,478.5604680058112,137.71861825209479,54.596939082386136,378.1512570329376,9.698897946000269,6.420123111677209,-29.216155143771175,10.833333333333314,9.75,18.958333333333336,-92.17436890177856,0.4202855776600103,1.354166666666667,-0.008199817287387853,0.022637334375897017,0.07079652790411071,0.3472416888559528,-0.24375000000000005,0.043333333333333196,0.21092534256915535,2,LUBRICATION_DEGRADATION,0.5416666666666666,2026-01-01T00:02:00+00:00,True
2026-01-01T00:03:06Z,ENG-DATASET-002,MSN-LUBRICATION_DEGRADATION-002,CRUISE,6500.0,15.0,0.5914478462011294,0.4785521537988706,3525.900113800177,488.7646007737177,147.29087144622827,73.7879909274214,284.2751733359753,10.101708184726236,8.1648775049333,14.2,3555.486334510971,477.7646007737177,137.39087144622826,54.537990927421404,377.7743167255486,9.675965694182219,6.789877504933299,-29.586220710793896,11.0,9.900000000000006,19.25,-93.4991433895733,0.42574249054401747,1.375,-0.008321286577202734,0.023023890807703225,0.07205718906786791,0.3529649639206127,-0.24750000000000008,0.043999999999999984,0.20250733522084466,2,LUBRICATION_DEGRADATION,0.55,2026-01-01T00:02:00+00:00,True
2026-01-01T00:03:07Z,ENG-DATASET-002,MSN-LUBRICATION_DEGRADATION-002,CRUISE,6500.0,15.0,0.5905227009847764,0.4794772990152236,3520.962674694453,488.39436534590885,147.1324767685865,74.02166563014563,282.66802646604987,10.091996153086537,7.842565820789263,14.2,3550.39803582103,477.22769867924217,137.0824767685865,54.47999896347897,377.51990179105155,9.660494084001153,6.44673248745593,-29.435361126576936,11.166666666666686,10.050000000000011,19.541666666666664,-94.85187532500169,0.4315020690853846,1.395833333333333,-0.008290721442946609,0.023399032993204588,0.07331352800814761,0.35869432889979586,-0.25125,0.04466666666666664,0.21651795480103284,2,LUBRICATION_DEGRADATION,0.5583333333333333,2026-01-01T00:02:00+00:00,True
2026-01-01T00:03:08Z,ENG-DATASET-002,MSN-LUBRICATION_DEGRADATION-002,CRUISE,6500.0,15.0,0.5900575391606181,0.4799424608393819,3518.950407954432,488.2911594463826,146.99817474455406,74.2569552207849,281.15702680560895,10.090306778095684,7.290776502044958,14.2,3547.839645788159,476.9578261130493,136.79817474455407,54.42362188745157,377.39198228940796,9.652716943331331,5.874109835378292,-28.88923783372684,11.333333333333314,10.199999999999989,19.833333333333336,-96.23495548379901,0.43758983476435276,1.416666666666666,-0.00814276876014475,0.0237617095534293,0.07456239835836004,0.36442509053052013,-0.25499999999999995,0.04533333333333324,0.24117129341614243,2,LUBRICATION_DEGRADATION,0.5666666666666667,2026-01-01T00:02:00+00:00,True
2026-01-01T00:03:09Z,ENG-DATASET-002,MSN-LUBRICATION_DEGRADATION-002,CRUISE,6500.0,15.0,0.5900596194233431,0.4799403805766569,3519.6750630737483,488.45903289662533,146.8923330925143,74.49450304637848,279.74223092057844,10.096778299920544,7.3257722712727364,14.2,3547.8510872331462,476.95903289662533,136.5423330925143,54.36950304637848,377.3925543616573,9.652751720765337,5.8882722712727364,-28.17602415939791,11.5,10.349999999999994,20.125,-97.65032344107885,0.4440265791552065,1.4375,-0.007941715553053686,0.024111085453522536,0.07580066757016192,0.370152362489554,-0.2587500000000001,0.0460000000000001,0.24412933603854695,2,LUBRICATION_DEGRADATION,0.575,2026-01-01T00:02:00+00:00,True
2026-01-01T00:03:10Z,ENG-DATASET-002,MSN-LUBRICATION_DEGRADATION-002,CRUISE,6500.0,15.0,0.5905289093111473,0.4794710906888527,3522.859792283787,488.8979675926812,146.81888230641323,74.73492667089954,278.42218669709257,10.111425792827488,7.927281375967713,14.2,3550.4321816160696,477.2313009260145,136.31888230641323,54.318260004232876,377.5216090808035,9.660597891236453,6.468948042634379,-27.572389332282455,11.666666666666686,10.5,20.416666666666664,-99.09942238371093,0.45082790159103503,1.458333333333334,-0.007765924800662487,0.024446566358972705,0.07702527942092743,0.3758711465550562,-0.2625,0.046666666666666724,0.22543593235283588,2,LUBRICATION_DEGRADATION,0.5833333333333334,2026-01-01T00:02:00+00:00,True
2026-01-01T00:03:11Z,ENG-DATASET-002,MSN-LUBRICATION_DEGRADATION-002,CRUISE,6500.0,15.0,0.5914580857122896,0.4785419142877104,3528.206900213546,489.6038777433312,146.78125768602186,74.97880786013846,277.19397103873257,10.134140779393531,8.267540146815866,14.2,3555.542651822352,477.7705444099979,136.13125768602185,54.270474526805124,377.7771325911176,9.676136963138317,6.7883734801492,-27.335751608806277,11.833333333333314,10.650000000000006,20.708333333333336,-100.58316155238504,0.45800381625521425,1.479166666666666,-0.007688208041828904,0.024767816835477748,0.07823331820354998,0.38157641910989987,-0.26624999999999993,0.047333333333333394,0.21789706635795703,2,LUBRICATION_DEGRADATION,0.5916666666666667,2026-01-01T00:02:00+00:00,True
2026-01-01T00:03:12Z,ENG-DATASET-002,MSN-LUBRICATION_DEGRADATION-002,CRUISE,6500.0,15.0,0.5928326491398013,0.47716735086019874,3535.463361262709,490.5686637016303,146.78234850996043,75.22668314033436,276.0532503995888,10.164692523065526,7.897144974796425,14.2,3563.1027506736664,478.5686637016303,135.98234850996042,54.22668314033435,378.15513753368333,9.699134086894585,6.397144974796425,-27.639389410957392,12.0,10.800000000000011,21.000000000000007,-102.10188713409451,0.46555843617094084,1.5,-0.007757112647321688,0.025074771731150268,0.0794220729259499,0.3872632214228127,-0.27,0.04800000000000008,0.23447960080781727,2,LUBRICATION_DEGRADATION,0.6,2026-01-01T00:02:00+00:00,True
2026-01-01T00:03:13Z,ENG-DATASET-002,MSN-LUBRICATION_DEGRADATION-002,CRUISE,6500.0,15.0,0.5946311499911306,0.47536885000886936,3544.467751477144,491.7803191395676,146.8244549707869,75.47903507727897,274.99436297573897,10.202730995200879,7.388773491931302,14.2,3572.994505355978,479.6136524729009,135.8744549707869,54.1873684106123,378.6497252677989,9.729241254164856,5.867940158597969,-28.52675387883437,12.166666666666686,10.949999999999989,21.291666666666664,-103.65536229205992,0.4734897410360226,1.520833333333333,-0.007983990413663466,0.02536764039959043,0.08058909971233552,0.39292675195676796,-0.27374999999999994,0.04866666666666662,0.2591766944154909,2,LUBRICATION_DEGRADATION,0.6083333333333333,2026-01-01T00:02:00+00:00,True
2026-01-01T00:03:14Z,ENG-DATASET-002,MSN-LUBRICATION_DEGRADATION-002,CRUISE,6500.0,15.0,0.5968255232620169,0.47317447673798313,3555.1665907687866,493.2230910373952,146.90925341630975,75.73628441139866,274.0104210452439,10.247791500707024,7.516533312015792,14.2,3585.063558345852,480.8897577040619,135.80925341630976,54.15295107806532,379.25317791729265,9.766002065476835,5.974866645349125,-29.896967577065425,12.333333333333314,11.099999999999994,21.583333333333336,-105.24275687204874,0.4817894352301888,1.541666666666667,-0.008339313122487537,0.025646903756522114,0.08173228053889707,0.39856245880708197,-0.2775000000000001,0.04933333333333316,0.2580252846089394,2,LUBRICATION_DEGRADATION,0.6166666666666667,2026-01-01T00:02:00+00:00,True
2026-01-01T00:03:15Z,ENG-DATASET-002,MSN-LUBRICATION_DEGRADATION-002,LOITER,6000.0,15.0,0.39938152649149494,0.32061847350850503,2601.0995290944165,377.1904137774474,144.09558841911496,75.60937684719227,238.35998015163338,7.814522790118399,6.396924292731578,14.2,2632.625534654146,364.6904137774474,132.84558841911496,53.734376847192266,331.6312767327073,7.442402657255618,4.834424292731578,-31.526005559729583,12.5,11.25,21.875,-93.27129658107393,0.372120132862781,1.5625,-0.0119751195697003,0.034275647310071974,0.08468478429639184,0.4070950717863031,-0.28125,0.05000000000000001,0.32320291008573143,2,LUBRICATION_DEGRADATION,0.625,2026-01-01T00:02:00+00:00,True
2026-01-01T00:03:16Z,ENG-DATASET-002,MSN-LUBRICATION_DEGRADATION-002,LOITER,6000.0,15.0,0.40225927410404627,0.3177407258959537,2615.33391244747,379.04579180498735,141.62050770566148,75.5037087328654,237.68219998820368,7.870522754791195,6.679140585641037,14.2,2648.453146523179,366.37912513832066,130.22050770566148,53.33704206619874,332.42265732615897,7.490979779306341,5.095807252307704,-33.119234075708846,12.666666666666686,11.400000000000006,22.166666666666664,-94.74045733795529,0.3795429754848545,1.583333333333333,-0.01250512364894464,0.03457256649620686,0.08754381472515468,0.4155960999703494,-0.285,0.05066666666666665,0.31071295575716673,2,LUBRICATION_DEGRADATION,0.6333333333333333,2026-01-01T00:02:00+00:00,True
2026-01-01T00:03:17Z,ENG-DATASET-002,MSN-LUBRICATION_DEGRADATION-002,LOITER,6000.0,15.0,0.4054138598106645,0.31458614018933545,2631.4203586324656,381.06598318597383,139.45427318141134,75.41886304994489,237.0526322712844,7.931560579440729,6.264448461161839,14.2,2665.8033679095793,368.2326498526405,127.90427318141134,52.96052971661155,333.290168395479,7.5442871713133135,4.660281794495173,-34.383009277113615,12.833333333333314,11.549999999999997,22.458333333333336,-96.23753612419458,0.38727340812741584,1.604166666666666,-0.012897803975720629,0.0348511554813756,0.09030190870650746,0.42405794378391715,-0.28875000000000006,0.05133333333333321,0.34422095860416485,2,LUBRICATION_DEGRADATION,0.6416666666666666,2026-01-01T00:02:00+00:00,True
2026-01-01T00:03:18Z,ENG-DATASET-002,MSN-LUBRICATION_DEGRADATION-002,LOITER,6000.0,15.0,0.40879605735647656,0.3112039426435234,2649.307516642661,383.22265787506274,137.56941231014676,75.35436254467318,236.46084294980847,7.996785751982982,5.8047538273357375,14.2,2684.4054544115456,370.22265787506274,125.86941231014677,52.60436254467318,334.2202727205773,7.601507368805115,4.1797538273357375,-35.09793776888455,13.0,11.699999999999989,22.75,-97.75942977076886,0.39527838317786657,1.625,-0.013074752813962838,0.03511400429842694,0.09295348079619827,0.4324736371566147,-0.2925,0.052000000000000074,0.38877887720861515,2,LUBRICATION_DEGRADATION,0.65,2026-01-01T00:02:00+00:00,True
2026-01-01T00:03:19Z,ENG-DATASET-002,MSN-LUBRICATION_DEGRADATION-002,LOITER,6000.0,15.0,0.4123530886799851,0.30764691132001487,2668.7935989453927,385.48527261824677,135.9404362279216,75.30966658772199,235.895913645434,8.065279179108067,6.018452478894684,14.2,2703.9691266908426,372.3186059515801,124.0904362279216,52.26799992105533,335.19845633454213,7.6617598281583925,4.372619145561351,-35.175527745449926,13.166666666666686,11.849999999999994,23.041666666666664,-99.30254268910812,0.40351935094967484,1.645833333333333,-0.013008849619706367,0.035363977131937924,0.09549486938892415,0.44083696911051495,-0.29625000000000007,0.0526666666666666,0.376395308748538,2,LUBRICATION_DEGRADATION,0.6583333333333333,2026-01-01T00:02:00+00:00,True
2026-01-01T00:03:20Z,ENG-DATASET-002,MSN-LUBRICATION_DEGRADATION-002,LOITER,6000.0,15.0,0.4160294474970668,0.3039705525029332,2689.5054584751656,387.82151573515335,134.54359716517496,75.28416944636722,235.3466185064677,8.136066637110236,6.660734511004069,14.2,2724.1891001847916,374.48818240182004,122.54359716517494,51.95083611303388,336.2094550092396,7.724113895990731,4.994067844337403,-34.683641709626045,13.333333333333314,12.000000000000014,23.333333333333336,-100.8628365027719,0.41195274111950475,1.666666666666666,-0.01273173059361897,0.035604149770010245,0.09792433287089955,0.4491425947902938,-0.30000000000000004,0.05333333333333321,0.33372928014112596,2,LUBRICATION_DEGRADATION,0.6666666666666666,2026-01-01T00:02:00+00:00,True
2026-01-01T00:03:21Z,ENG-DATASET-002,MSN-LUBRICATION_DEGRADATION-002,LOITER,6000.0,15.0,0.4197677654579711,0.30023223454202885,2710.916257059451,390.1977864825277,133.35668211072064,75.2771999791472,234.80160411725998,8.208133277126487,6.873825901528051,14.2,2744.7498489697655,376.6977864825277,121.20668211072064,51.6521999791472,337.2374924484883,7.787602729721524,5.186325901528051,-33.83359191031468,13.5,12.150000000000006,23.625,-102.43588833122831,0.42053054740496343,1.6875,-0.012326657718193893,0.03583774708648618,0.10024199811773701,0.4573861328179203,-0.30374999999999996,0.054000000000000145,0.3253748476359364,2,LUBRICATION_DEGRADATION,0.675,2026-01-01T00:02:00+00:00,True
2026-01-01T00:03:22Z,ENG-DATASET-002,MSN-LUBRICATION_DEGRADATION-002,LOITER,6000.0,15.0,0.4235097073612309,0.2964902926387691,2732.3993999226486,392.5797031040793,132.3588398105839,75.2880227415065,234.24956958178018,8.280439000629652,6.4153923539043625,14.2,2765.330529437694,378.9130364374126,120.05883981058389,51.37135607483983,338.26652647188473,7.851237990483236,4.7070590205710285,-32.93112951504554,13.666666666666686,12.300000000000011,23.916666666666664,-104.01695689010455,0.4292010101464161,1.708333333333334,-0.01190856903523276,0.0360680825214207,0.1024497656266348,0.46556424618855524,-0.3075,0.054666666666666565,0.3629300856155593,2,LUBRICATION_DEGRADATION,0.6833333333333333,2026-01-01T00:02:00+00:00,True
2026-01-01T00:03:23Z,ENG-DATASET-002,MSN-LUBRICATION_DEGRADATION-002,LOITER,6000.0,15.0,0.4271968814549707,0.2928031185450293,2753.307327242247,394.9326327111118,131.53043831396997,75.31584046955956,233.679443925703,8.3519344942309,6.005209080916806,14.2,2785.609986953263,381.0992993777785,119.08043831396996,51.107507136226225,339.2804993476632,7.914025105082976,4.27604241425014,-32.30265971101608,13.833333333333314,12.450000000000003,24.208333333333336,-105.60105542196018,0.437909389147924,1.729166666666666,-0.011596260733666751,0.036298501088611344,0.10455117713938937,0.4736747043600937,-0.31125,0.05533333333333325,0.40438482576882906,2,LUBRICATION_DEGRADATION,0.6916666666666667,2026-01-01T00:02:00+00:00,True
2026-01-01T00:03:24Z,ENG-DATASET-002,MSN-LUBRICATION_DEGRADATION-002,LOITER,6000.0,15.0,0.43077175062066503,0.28922824937933495,2773.0572823803855,397.2222352096871,130.85295036281514,75.35979788822857,233.08055803223695,8.42157768734317,6.293439241078104,14.2,2805.271767364582,383.2222352096871,118.25295036281514,50.85979788822856,340.2635883682291,7.974978870590123,4.543439241078104,-32.21448498419659,14.0,12.599999999999994,24.500000000000007,-107.18303033599213,0.44659881675304725,1.75,-0.01148355227431692,0.036532326972989033,0.10655125272850771,0.4817164247062512,-0.3149999999999999,0.05600000000000005,0.3851707719953455,2,LUBRICATION_DEGRADATION,0.7,2026-01-01T00:02:00+00:00,True
2026-01-01T00:03:25Z,ENG-DATASET-002,MSN-LUBRICATION_DEGRADATION-002,LOITER,6000.0,15.0,0.43417853022062913,0.28582146977937084,2791.2040005349536,399.4150126428408,130.30886397593798,75.41898676994242,232.4428084415368,8.488350373323685,6.928651437882305,14.2,2824.0090551643843,385.2483459761741,117.55886397593798,50.62732010327575,341.2004527582192,8.033139154565003,5.157818104548971,-32.80505462943074,14.166666666666686,12.75,24.79166666666667,-108.75764431668242,0.45521121875868253,1.770833333333334,-0.011616483512840994,0.03677281632649198,0.1084563049419198,0.48968949207845924,-0.3187500000000001,0.056666666666666546,0.3433299308813422,2,LUBRICATION_DEGRADATION,0.7083333333333334,2026-01-01T00:02:00+00:00,True
2026-01-01T00:03:26Z,ENG-DATASET-002,MSN-LUBRICATION_DEGRADATION-002,LOITER,6000.0,15.0,0.4373640585986325,0.2826359414013675,2807.4820286535373,401.47885460251666,129.88161561007377,75.49245215114502,231.7568104996203,8.551274715698357,7.060812849430937,14.2,2841.5294612434027,387.14552126918335,116.98161561007376,50.40911881781168,342.0764730621702,8.087586427205256,5.26914618276427,-34.047432589865366,14.333333333333314,12.900000000000006,25.083333333333336,-110.3196625625499,0.46368828849310084,1.791666666666667,-0.011982079740593931,0.03702311545886981,0.11027373773840353,0.49759515582863806,-0.3225,0.05733333333333327,0.34002978936650663,2,LUBRICATION_DEGRADATION,0.7166666666666667,2026-01-01T00:02:00+00:00,True
2026-01-01T00:03:27Z,ENG-DATASET-002,MSN-LUBRICATION_DEGRADATION-002,LOITER,6000.0,15.0,0.4402786266497639,0.27972137335023606,2821.8075227558134,403.38356983676323,129.55554329498548,75.57919959634606,231.01403853736088,8.609429347306081,6.5586396997832,14.2,2857.559585524626,388.88356983676323,116.50554329498547,50.204199596346065,342.8779792762313,8.137456850005748,4.7461396997832,-35.75206276881272,14.5,13.050000000000011,25.374999999999993,-111.86394073887044,0.4719724973003334,1.8125,-0.01251139712008802,0.03728622427038119,0.11201183764242141,0.505435804255842,-0.32624999999999993,0.058,0.3818893068155566,2,LUBRICATION_DEGRADATION,0.725,2026-01-01T00:02:00+00:00,True
2026-01-01T00:03:28Z,ENG-DATASET-002,MSN-LUBRICATION_DEGRADATION-002,LOITER,6000.0,15.0,0.44287675351438804,0.27712324648561193,2834.2391908974487,405.1013938807343,129.3158571458386,75.67820338363171,230.206950989882,8.661964762917194,6.19724406693165,14.2,2871.8492832800584,390.4347272140676,116.11585714583862,50.01153671696505,343.59246416400293,8.181956640035132,4.363910733598317,-37.610092382609764,14.666666666666686,13.199999999999989,25.666666666666664,-113.38551317412094,0.4800081228820616,1.833333333333333,-0.013096123324290094,0.03756496449821494,0.1136795638809359,0.5132149170285333,-0.3299999999999999,0.058666666666666735,0.4201124737081034,2,LUBRICATION_DEGRADATION,0.7333333333333333,2026-01-01T00:02:00+00:00,True
2026-01-01T00:03:29Z,ENG-DATASET-002,MSN-LUBRICATION_DEGRADATION-002,LOITER,6000.0,15.0,0.44511789629174847,0.2748821037082515,2844.9081665637823,406.60746251502655,129.14862466079708,75.78841547168224,229.32909862750645,8.708117706113457,6.547246888826795,14.2,2884.175568555541,391.77412918169324,115.79862466079709,49.8300821383489,344.208778427777,8.220375430566511,4.693080222160128,-39.26740199175856,14.833333333333314,13.349999999999994,25.958333333333343,-114.87967980027057,0.48774227554694605,1.854166666666667,-0.013614775196027525,0.03786195215165434,0.11528634333184404,0.5209369966772738,-0.33374999999999994,0.0593333333333333,0.3950852273761543,2,LUBRICATION_DEGRADATION,0.7416666666666667,2026-01-01T00:02:00+00:00,True
2026-01-01T00:03:30Z,ENG-DATASET-002,MSN-LUBRICATION_DEGRADATION-002,LOITER,6000.0,15.0,0.446967082698374,0.273032917301626,2853.934487941369,407.88024113098515,129.04076822299203,75.90877509663775,228.37521435685937,8.747224259725646,7.156904176089819,14.2,2894.3460937919813,392.88024113098515,115.54076822299201,49.65877509663775,344.7173046895991,8.252098358231741,5.281904176089819,-40.41160585061243,15.0,13.500000000000014,26.250000000000007,-116.3420903327397,0.4951259014939051,1.875,-0.013962257636462477,0.038179573390658354,0.1168418750163164,0.5286074807305773,-0.3375,0.060000000000000074,0.35498561456070526,2,LUBRICATION_DEGRADATION,0.75,2026-01-01T00:02:00+00:00,True
2026-01-01T00:03:31Z,ENG-DATASET-002,MSN-LUBRICATION_DEGRADATION-002,LOITER,6000.0,15.0,0.4483954567988657,0.27160454320113425,2861.3515028317893,408.9019006753991,128.98007225091112,76.03821883779372,227.3412833599156,8.778731366315611,7.198999877379602,14.2,2902.2021513446857,393.7352340087324,115.33007225091112,49.496552171127064,345.1101075672343,8.276616624433323,5.3031665440462685,-40.85064851289644,15.166666666666686,13.650000000000006,26.541666666666657,-117.76882420731872,0.5021147418822878,1.895833333333333,-0.014075741930647041,0.03851996305296446,0.11835594770376266,0.5362326364653186,-0.34125,0.060666666666666605,0.35749081564518037,2,LUBRICATION_DEGRADATION,0.7583333333333333,2026-01-01T00:02:00+00:00,True
2026-01-01T00:03:32Z,ENG-DATASET-002,MSN-LUBRICATION_DEGRADATION-002,LOITER,6000.0,15.0,0.4493807292931175,0.27061927070688246,2867.0579130628225,409.65863175641783,128.9551974863971,76.17569098424241,226.2245926645656,8.802206531062035,6.65572258795147,14.2,2907.6211500630707,394.3252984230845,115.15519748639711,49.34235765090907,345.38105750315356,8.293536304392623,4.739055921284804,-40.56323700024814,15.333333333333314,13.799999999999997,26.833333333333336,-119.15646483858797,0.5086702266694125,1.916666666666666,-0.01395066100663364,0.038884985048262564,0.11983827305432865,0.5438194405540118,-0.345,0.061333333333333136,0.404440609797033,2,LUBRICATION_DEGRADATION,0.7666666666666666,2026-01-01T00:02:00+00:00,True
2026-01-01T00:03:33Z,ENG-DATASET-002,MSN-LUBRICATION_DEGRADATION-002,LOITER,6000.0,15.0,0.44990752533338946,0.2700924746666105,2870.810602264198,410.1408897018883,128.95569998030462,76.32015403031272,225.02375957726622,8.817345493528391,6.343986105654595,14.2,2910.5185282845664,394.6408897018883,115.00569998030461,49.19515403031273,345.52592641422837,8.30258521047871,4.406486105654595,-39.70792602036818,15.5,13.950000000000003,27.124999999999993,-120.50216683696215,0.5147602830496805,1.9375,-0.013642904394692746,0.0392762139060367,0.12129833566848444,0.5513754461117512,-0.34875,0.06200000000000005,0.43969275144512887,2,LUBRICATION_DEGRADATION,0.775,2026-01-01T00:02:00+00:00,True
2026-01-01T00:03:34Z,ENG-DATASET-002,MSN-LUBRICATION_DEGRADATION-002,LOITER,6000.0,15.0,0.4499676244436647,0.27003237555633525,2872.2613895240374,410.34356483735536,128.97205243654136,76.47059912606672,223.7387387510362,8.823977696286015,6.744920771385193,14.2,2910.8490733910803,394.6768981706887,114.87205243654137,49.053932459400045,345.542453669554,8.303617656479938,4.78658743805186,-38.58768386704287,15.666666666666686,14.099999999999994,27.41666666666667,-121.80371491851778,0.5203600398060768,1.958333333333333,-0.013256504509211465,0.039694916878289674,0.12274526049570883,0.5589086397784385,-0.3525,0.06266666666666675,0.40912933455789424,2,LUBRICATION_DEGRADATION,0.7833333333333333,2026-01-01T00:02:00+00:00,True
2026-01-01T00:03:35Z,ENG-DATASET-002,MSN-LUBRICATION_DEGRADATION-002,LOITER,6000.0,15.0,0.449560088797428,0.270439911202572,2871.0298417496774,410.26607394514895,128.99566570818263,76.62605631020995,222.37080800490256,8.82206942595857,7.314496949039974,14.2,2908.607627336778,394.43274061181563,114.74566570818263,48.91772297687662,345.4303813668389,8.29661701500806,5.335330282373308,-37.57778558710061,15.833333333333314,14.25,27.70833333333333,-123.05957336193634,0.5254524109505105,1.979166666666666,-0.012919510089268428,0.040142036152409126,0.1241876973047516,0.566427291524404,-0.35624999999999996,0.06333333333333334,0.37095485413627965,2,LUBRICATION_DEGRADATION,0.7916666666666666,2026-01-01T00:02:00+00:00,True
2026-01-01T00:03:36Z,ENG-DATASET-002,MSN-LUBRICATION_DEGRADATION-002,LOITER,6000.0,15.0,0.4486912778521351,0.2713087221478649,2866.7949863550043,409.9123707168898,129.01890840528662,76.78560435655211,220.9225333484053,8.81172455432618,7.262934720613063,14.2,2903.8291671376674,393.9123707168898,114.61890840528662,48.78560435655211,345.19145835688335,8.281696009705055,5.262934720613063,-37.03418078266304,16.0,14.400000000000006,28.0,-124.26892500847805,0.5300285446211248,2.0,-0.012753567324750028,0.04061817091674792,0.12563372134973,0.5739397998508033,-0.36000000000000015,0.06400000000000015,0.380016113855014,2,LUBRICATION_DEGRADATION,0.8,2026-01-01T00:02:00+00:00,True
2026-01-01T00:03:37Z,ENG-DATASET-002,MSN-LUBRICATION_DEGRADATION-002,LOITER,6000.0,15.0,0.44737474911200587,0.2726252508879941,2859.383549033843,409.2908749485744,129.03512277180565,76.9483800715508,219.39771399156757,8.793182861800915,6.686258650820365,14.2,2896.5882590669567,393.1242082819077,114.48512277180565,48.65671340488414,344.82941295334786,8.259094735567547,4.665425317487031,-37.20471003311377,16.166666666666686,14.549999999999997,28.291666666666664,-125.43169896178028,0.5340881262333674,2.020833333333334,-0.012844321217092166,0.041123559236712376,0.12709074897881176,0.5814545349835889,-0.36375,0.0646666666666666,0.4331509339049561,2,LUBRICATION_DEGRADATION,0.8083333333333333,2026-01-01T00:02:00+00:00,True
2026-01-01T00:03:38Z,ENG-DATASET-002,MSN-LUBRICATION_DEGRADATION-002,LOITER,6000.0,15.0,0.44563104656770564,0.27436895343229434,2848.8325875883174,408.41432217413006,129.038635215645,77.11358688939075,217.80130843169331,8.766815980834375,6.428845808098497,14.2,2886.9978950733057,392.08098884079675,114.338635215645,48.53025355605741,344.3498947536653,8.229176452597974,4.387179141431831,-38.16530748498826,16.333333333333314,14.700000000000003,28.583333333333336,-126.54858632197198,0.5376395282364008,2.041666666666666,-0.013219721271746608,0.041658059937115216,0.12856546671451433,0.588979682546201,-0.36749999999999994,0.06533333333333331,0.4653711646705936,2,LUBRICATION_DEGRADATION,0.8166666666666667,2026-01-01T00:02:00+00:00,True
2026-01-01T00:03:39Z,ENG-DATASET-002,MSN-LUBRICATION_DEGRADATION-002,LOITER,6000.0,15.0,0.4434873801142418,0.27651261988575815,2835.410156892035,407.2995373133247,129.0247601269136,77.28050262235021,216.13934299864783,8.733121050586243,6.873889268736123,14.2,2875.2077295792546,390.7995373133247,114.17476012691361,48.40550262235021,343.76038647896274,8.192421248204731,4.811389268736123,-39.7975726872196,16.5,14.849999999999994,28.875,-127.62104348031491,0.5406998023815124,2.0625,-0.013841633867979132,0.04222113494154696,0.13006377226887214,0.596523090056038,-0.37124999999999997,0.06600000000000002,0.4286703662499099,2,LUBRICATION_DEGRADATION,0.825,2026-01-01T00:02:00+00:00,True
2026-01-01T00:03:40Z,ENG-DATASET-002,MSN-LUBRICATION_DEGRADATION-002,LOITER,6000.0,15.0,0.4409772009496529,0.27902279905034705,2819.5876019137318,405.96713765061145,128.98979588882088,77.4484862377133,214.418804505438,8.69271222450663,7.39464772494631,14.2,2861.401744174015,389.30047098394476,113.98979588882086,48.28181957104663,343.0700872087008,8.149417710474966,5.311314391612976,-41.81414226028346,16.666666666666686,15.000000000000014,29.166666666666664,-128.65128270326278,0.5432945140316647,2.083333333333334,-0.014613167251127721,0.04281183278443565,0.13159072602103927,0.6040921184370021,-0.37499999999999994,0.06666666666666671,0.39224440123956833,2,LUBRICATION_DEGRADATION,0.8333333333333334,2026-01-01T00:02:00+00:00,True
2026-01-01T00:03:41Z,ENG-DATASET-002,MSN-LUBRICATION_DEGRADATION-002,LOITER,6000.0,15.0,0.43813967958025113,0.28186032041974884,2801.9688415715664,404.4411719987035,128.93101226657302,77.61698354798884,212.64751888695164,8.646310217605551,7.2526587492755255,14.2,2845.7953766423057,387.6078386653702,113.78101226657303,48.15865021465551,342.2897688321153,8.1008527960077,5.148492082608859,-43.82653507073928,16.833333333333314,15.149999999999991,29.45833333333333,-129.64224994516368,0.5454574215978507,2.104166666666666,-0.015400451989787577,0.043428774276842934,0.13315051165572034,0.6116935005867056,-0.37875000000000003,0.06733333333333319,0.4086957176790367,2,LUBRICATION_DEGRADATION,0.8416666666666667,2026-01-01T00:02:00+00:00,True
2026-01-01T00:03:42Z,ENG-DATASET-002,MSN-LUBRICATION_DEGRADATION-002,LOITER,6000.0,15.0,0.43501909457797244,0.28498090542202753,2783.192684204497,402.7487041822819,128.8466286444728,77.78553171845397,210.8340179131317,8.594730118645769,6.656062838572318,14.2,2828.632159129773,385.7487041822819,113.54662864447278,48.03553171845397,341.4316079564886,8.047500111091544,4.531062838572318,-45.439474925276045,17.0,15.300000000000011,29.75,-130.59759004335692,0.5472300075542247,2.125,-0.016064115929183057,0.04407014156025994,0.13474640491446052,0.6193332088915099,-0.38250000000000006,0.06799999999999996,0.46898488847035313,2,LUBRICATION_DEGRADATION,0.85,2026-01-01T00:02:00+00:00,True
2026-01-01T00:03:43Z,ENG-DATASET-002,MSN-LUBRICATION_DEGRADATION-002,LOITER,6000.0,15.0,0.4316641416280707,0.28833585837192927,2763.8311269329215,400.91934996589094,128.7357828625061,77.95376251478294,208.98739623071933,8.538867723222452,6.4617977584703725,14.2,2810.1799179053132,383.75268329922426,113.28578286250611,47.912095848116266,340.5089958952657,7.990206852672288,4.3159644251370395,-46.348790972391726,17.166666666666686,15.450000000000003,30.04166666666667,-131.52159966454636,0.5486608705501643,2.145833333333333,-0.016493175642269823,0.0447336720073988,0.13638074972524594,0.6270163334515829,-0.38625,0.06866666666666674,0.4971851298948552,2,LUBRICATION_DEGRADATION,0.8583333333333333,2026-01-01T00:02:00+00:00,True
2026-01-01T00:03:44Z,ENG-DATASET-002,MSN-LUBRICATION_DEGRADATION-002,LOITER,6000.0,15.0,0.4281271736492361,0.2918728263507639,2744.307942593251,398.9847772247626,128.59849067354122,78.12140423345848,207.11716111766256,8.47968466602913,6.9483159736925355,14.2,2790.726594021723,381.65144389142927,112.99849067354123,47.78807090012514,339.5363297010862,7.9298796752142735,4.7816493070258685,-46.418651428472,17.333333333333314,15.599999999999994,30.333333333333336,-132.4191685834236,0.5498049908148559,2.166666666666667,-0.016633177727947177,0.04541665860502871,0.13805494132721863,0.6347469726645505,-0.39,0.06933333333333329,0.45312119888907304,2,LUBRICATION_DEGRADATION,0.8666666666666667,2026-01-01T00:02:00+00:00,True
2026-01-01T00:03:45Z,ENG-DATASET-002,MSN-LUBRICATION_DEGRADATION-002,LOITER,6000.0,15.0,0.42446338384380866,0.2955366161561913,2724.8572052301397,396.9781795137862,128.43559609403175,78.28828227848268,205.23307742465988,8.418192644335454,7.417116261742749,14.2,2770.575750091872,379.4781795137862,112.68559609403175,47.66328227848268,338.52878750459365,7.867469761061171,5.229616261742749,-45.718544861732425,17.5,15.75,30.625,-133.29571007993377,0.5507228832742825,2.1875,-0.01650145998001188,0.046115958557675744,0.13976941637560525,0.642528137719661,-0.39375000000000004,0.07000000000000008,0.4182907292840305,2,LUBRICATION_DEGRADATION,0.875,2026-01-01T00:02:00+00:00,True
2026-01-01T00:03:46Z,ENG-DATASET-002,MSN-LUBRICATION_DEGRADATION-002,LOITER,6000.0,15.0,0.42072994442631606,0.2992700555736839,2705.531790561507,394.9337332398202,128.24871314895742,78.45431836928276,203.34501022803187,8.355437030019987,7.193958220531869,14.2,2750.041833295663,377.2670665731535,112.34871314895742,47.53765170261609,337.50209166478317,7.803957375485666,4.985624887198536,-44.51004273415583,17.666666666666686,15.900000000000006,30.91666666666667,-134.1570814367513,0.5514796545343206,2.208333333333333,-0.016185223873781872,0.04682801185679708,0.14152365037700973,0.6503616724711976,-0.39749999999999996,0.07066666666666668,0.44294012953192996,2,LUBRICATION_DEGRADATION,0.8833333333333333,2026-01-01T00:02:00+00:00,True
2026-01-01T00:03:47Z,ENG-DATASET-002,MSN-LUBRICATION_DEGRADATION-002,LOITER,6000.0,15.0,0.416985114470187,0.303014885529813,2686.2596087835614,392.886048411897,128.04015971102575,78.61952838631105,201.46276772682506,8.292480164989449,6.595336417369575,14.2,2729.445268536953,375.05271507856366,111.99015971102577,47.41119505297771,336.4722634268477,7.740336183873165,4.366169750702908,-43.18565975339152,17.833333333333314,16.049999999999983,31.208333333333336,-135.00949570002263,0.5521439811162843,2.229166666666667,-0.015822138018741095,0.047548871442238995,0.14331616314696452,0.6582481900838157,-0.40125,0.07133333333333314,0.5105542830321231,2,LUBRICATION_DEGRADATION,0.8916666666666666,2026-01-01T00:02:00+00:00,True
2026-01-01T00:03:48Z,ENG-DATASET-002,MSN-LUBRICATION_DEGRADATION-002,LOITER,6000.0,15.0,0.4132873307943961,0.30671266920560386,2666.933387719356,390.86962247004334,127.81288430167427,78.78401888233145,199.59594688502307,8.230384625367288,6.4755623184038535,14.2,2709.107458320103,372.86962247004334,111.61288430167427,47.284018882331445,335.45537291600516,7.67759759829038,4.2255623184038535,-42.1740706007472,18.0,16.200000000000003,31.500000000000007,-135.8594260309821,0.5527870270769073,2.25,-0.015567514854836737,0.04827424631902304,0.14514453327998972,0.6661870277649045,-0.405,0.072,0.5324735101409901,2,LUBRICATION_DEGRADATION,0.9,2026-01-01T00:02:00+00:00,True
2026-01-01T00:03:49Z,ENG-DATASET-002,MSN-LUBRICATION_DEGRADATION-002,LOITER,6000.0,15.0,0.4096942960764483,0.31030570392355167,2647.5112007821735,388.9183060221775,127.57038685539462,78.94798230843091,197.7537842479167,8.17019672457344,7.003330628428753,14.2,2689.34576737139,370.7516393555108,111.22038685539461,47.15631564176424,334.4672883685695,7.616715405133723,4.73249729509542,-41.83456658921659,18.166666666666686,16.35000000000001,31.79166666666667,-136.71350412065277,0.553481319439717,2.270833333333333,-0.015555666770995524,0.048999558567687986,0.14700542285703236,0.6741762208095455,-0.40875,0.07266666666666664,0.4798382739038728,2,LUBRICATION_DEGRADATION,0.9083333333333333,2026-01-01T00:02:00+00:00,True
2026-01-01T00:03:50Z,ENG-DATASET-002,MSN-LUBRICATION_DEGRADATION-002,LOITER,6000.0,15.0,0.40626207842139567,0.3137379215786043,2628.1018331600244,387.064788500557,127.31663454903574,79.11169102406703,195.94501425164017,8.112930505614651,7.420545553502256,14.2,2670.4685702686006,368.73145516722366,110.81663454903574,47.02835769073369,333.5234285134301,7.5586309058521595,5.12887888683559,-42.36673710857622,18.333333333333314,16.5,32.083333333333336,-137.5784142617899,0.5542995997624915,2.291666666666666,-0.015864907597214258,0.04972001459712449,0.14889461376575952,0.6822124970707818,-0.4125,0.07333333333333332,0.44681629596455064,2,LUBRICATION_DEGRADATION,0.9166666666666666,2026-01-01T00:02:00+00:00,True
2026-01-01T00:03:51Z,ENG-DATASET-002,MSN-LUBRICATION_DEGRADATION-002,LOITER,6000.0,15.0,0.4030442364378103,0.3169557635621897,2609.0123746372656,385.3401108366134,127.05597386504749,79.27549017964502,194.17773719878733,8.059552449885798,7.128922747452981,14.2,2652.770439358881,366.8401108366134,110.4059738650475,46.90049017964502,332.63852196794403,7.504238780154374,4.816422747452981,-43.75806472161548,18.5,16.64999999999999,32.375,-138.4607847691567,0.555313669731424,2.3125,-0.01649523233235021,0.05043069024760953,0.15080705705609537,0.690291292820024,-0.41625,0.07400000000000005,0.4801281202367246,2,LUBRICATION_DEGRADATION,0.9249999999999999,2026-01-01T00:02:00+00:00,True
2026-01-01T00:03:52Z,ENG-DATASET-002,MSN-LUBRICATION_DEGRADATION-002,LOITER,6000.0,15.0,0.40009098347361094,0.31990901652638903,2590.7444172576784,383.77321129602944,126.79304009427682,79.43978957791,192.45929889361776,8.010967104846147,6.547611066077712,14.2,2636.527548055785,365.10654462936276,109.99304009427682,46.773122911243334,331.82637740278926,7.454373856866762,4.214277732744378,-45.78313079810641,18.666666666666686,16.799999999999997,32.66666666666667,-139.3670785091715,0.5565932479793849,2.333333333333334,-0.01736493549322767,0.05112662849036606,0.15273693667890664,0.6984067907685987,-0.42000000000000004,0.07466666666666667,0.5536733650000435,2,LUBRICATION_DEGRADATION,0.9333333333333333,2026-01-01T00:02:00+00:00,True
2026-01-01T00:03:53Z,ENG-DATASET-002,MSN-LUBRICATION_DEGRADATION-002,LOITER,6000.0,15.0,0.39744840405356296,0.322551595946437,2573.9377902352885,382.39050966025553,126.5326654930222,79.60505463656722,190.79618372088652,7.968003807276312,6.513132940720519,14.2,2621.9933612455206,363.5571763269222,109.58266549302219,46.64672130323389,331.099668062276,7.409798952829801,4.158966274053853,-48.05557101023214,18.833333333333314,16.950000000000003,32.95833333333333,-140.3034843413895,0.5582048544465108,2.354166666666666,-0.018327876691268355,0.05180294754076806,0.1546777487455743,0.7065519807722996,-0.4237500000000001,0.07533333333333321,0.5660461065417581,2,LUBRICATION_DEGRADATION,0.9416666666666667,2026-01-01T00:02:00+00:00,True
2026-01-01T00:03:54Z,ENG-DATASET-002,MSN-LUBRICATION_DEGRADATION-002,LOITER,6000.0,15.0,0.39515773474568266,0.3248422652543173,2559.2738278766246,381.2155340251176,126.27978729434791,79.77179658875126,189.19392271649363,7.9314046534768785,7.081327234224719,14.2,2609.394680052179,362.2155340251176,109.17978729434792,46.52179658875126,330.46973400260896,7.3711939158707045,4.706327234224719,-50.12085217555432,19.0,17.099999999999994,33.25,-141.27581128611533,0.560210737606174,2.375,-0.019207846386255403,0.0524549562766197,0.1566223970916752,0.7147187434296054,-0.4275,0.07600000000000007,0.5046397927302728,2,LUBRICATION_DEGRADATION,0.95,2026-01-01T00:02:00+00:00,True
2026-01-01T00:03:55Z,ENG-DATASET-002,MSN-LUBRICATION_DEGRADATION-002,LOITER,6000.0,15.0,0.39325472067838524,0.32674527932161473,2547.360501979922,380.2685936420253,126.03935673929709,79.94056207003445,187.6570179200206,7.90181384356782,7.44771548262689,14.2,2598.9281026820436,361.1019269753586,108.78935673929709,46.39889540336778,329.9464051341022,7.339145984737913,5.051882149293556,-51.56760070212158,19.166666666666686,17.25,33.541666666666664,-142.2893872140816,0.562667858829907,2.395833333333334,-0.019841872750887113,0.05307827301617975,0.15856330542828664,0.7228979564076454,-0.4312500000000001,0.07666666666666672,0.47424568953342705,2,LUBRICATION_DEGRADATION,0.9583333333333334,2026-01-01T00:02:00+00:00,True
2026-01-01T00:03:56Z,ENG-DATASET-002,MSN-LUBRICATION_DEGRADATION-002,LOITER,6000.0,15.0,0.3917690577497114,0.3282309422502886,2538.6267415207,379.5665004733962,125.81625024386895,80.11192225040693,186.188884023225,7.879768504585437,7.100375168239076,14.2,2590.756956574337,360.2331671400629,108.41625024386896,46.27858891707359,329.53784782871685,7.314141557474106,4.683708501572409,-52.13021505363713,19.333333333333314,17.39999999999999,33.83333333333334,-143.34896380549185,0.5656269471113307,2.416666666666667,-0.020121615391729762,0.05366894305380905,0.1604925457287154,0.7310796228890891,-0.43500000000000005,0.07733333333333331,0.5159729017839916,2,LUBRICATION_DEGRADATION,0.9666666666666667,2026-01-01T00:02:00+00:00,True
2026-01-01T00:03:57Z,ENG-DATASET-002,MSN-LUBRICATION_DEGRADATION-002,LOITER,6000.0,15.0,0.3907239292327702,0.32927607076722976,2533.2515742903047,379.1223414823128,125.61518375653988,80.28646167692344,184.7918080393307,7.865691076704338,6.553621642182099,14.2,2585.0087497311606,359.6223414823128,108.06518375653988,46.161461676923444,329.25043748655804,7.296559440356528,4.116121642182099,-51.75717544085592,19.5,17.549999999999997,34.12499999999999,-144.45862944722734,0.5691316363478096,2.4375,-0.020022050388122915,0.05422354995972647,0.16240198174777923,0.7392530210337643,-0.43875,0.07800000000000006,0.5921836650842507,2,LUBRICATION_DEGRADATION,0.975,2026-01-01T00:02:00+00:00,True
2026-01-01T00:03:58Z,ENG-DATASET-002,MSN-LUBRICATION_DEGRADATION-002,LOITER,6000.0,15.0,0.39013564400851636,0.3298643559914836,2531.145658198775,378.9453031286336,125.44063129243507,80.46476699738307,183.4669274203127,7.8598833287483565,6.611366382321123,14.2,2581.7731809977645,359.2786364619669,107.74063129243507,46.04810033071641,329.08865904988824,7.286665632337784,4.15303304898779,-50.6275227989895,19.666666666666686,17.700000000000003,34.41666666666666,-145.62173162957555,0.5732176964105724,2.458333333333333,-0.019609593581502674,0.05473931559175406,0.16428342573896534,0.7474068728022859,-0.4425,0.07866666666666668,0.5919368577942085,2,LUBRICATION_DEGRADATION,0.9833333333333333,2026-01-01T00:02:00+00:00,True
2026-01-01T00:03:59Z,ENG-DATASET-002,MSN-LUBRICATION_DEGRADATION-002,LOITER,6000.0,15.0,0.39001338207111713,0.32998661792888284,2531.990214239478,379.040549092552,125.29674855717204,80.64741573741381,182.21422674822102,7.862522053088184,7.215517053756031,14.2,2581.1007403420685,359.2072157592187,107.44674855717203,45.939082404080466,329.0550370171035,7.2846096847636055,4.736350387089364,-49.110526102590484,19.833333333333314,17.85000000000001,34.70833333333334,-146.84081026888245,0.5779123683245784,2.479166666666667,-0.019026969902802768,0.055214184078718115,0.16612880556829587,0.7555295299117779,-0.4462500000000001,0.0793333333333332,0.5234339658283164,2,LUBRICATION_DEGRADATION,0.9916666666666667,2026-01-01T00:02:00+00:00,True
2026-01-01T00:04:00Z,ENG-DATASET-002,MSN-LUBRICATION_DEGRADATION-002,DESCENT,3700.0,15.0,0.32035905127721415,0.42964094872278585,2131.738779918021,419.94259378508946,126.20063854608206,80.90689323936756,169.93394921748225,8.638484897762346,7.123907906972036,14.2,2179.4163351811717,399.94259378508946,108.20063854608206,45.90689323936756,308.9708167590586,7.998597127557727,4.623907906972036,-47.67755526315068,20.0,18.0,35.0,-139.03686754157636,0.6398877702046191,2.5,-0.02187629526929618,0.05000717680684711,0.16635761342881444,0.7624127343469558,-0.44999999999999996,0.08000000000000011,0.5406682075632263,2,LUBRICATION_DEGRADATION,1.0,2026-01-01T00:02:00+00:00,True
2026-01-01T00:04:01Z,ENG-DATASET-002,MSN-LUBRICATION_DEGRADATION-002,DESCENT,3700.0,15.0,0.3211672575744583,0.4288327424255417,2137.4609634192916,420.57396965314757,126.89492393280254,80.87746647025274,170.0561904199404,8.657329394991402,6.709841729469335,14.2,2183.8614698160145,400.57396965314757,108.89492393280254,45.87746647025274,309.1930734908007,8.01604573610315,4.209841729469335,-46.4005063967229,20.0,18.0,35.0,-139.1368830708603,0.641283658888252,2.5,-0.02124700080020737,0.04992835659620562,0.1652969610512565,0.7629017618637297,-0.44999999999999996,0.08,0.5938465530662916,2,LUBRICATION_DEGRADATION,1.0,2026-01-01T00:02:00+00:00,True
2026-01-01T00:04:02Z,ENG-DATASET-002,MSN-LUBRICATION_DEGRADATION-002,DESCENT,3700.0,15.0,0.3224253891738927,0.4275746108261073,2144.7764545117975,421.5572359439753,127.54436243812167,80.85151263248542,170.24648282435484,8.68667517086608,6.189154032698677,14.2,2190.7811936129033,401.5572359439753,109.54436243812167,45.851512632485424,309.53905968064515,8.043217750801926,3.689154032698677,-46.00473910110577,20.0,18.0,35.0,-139.2925768562903,0.6434574200641539,2.5,-0.020999239556752605,0.049806100375664436,0.16431699084622142,0.7633335955682907,-0.44999999999999996,0.07999999999999997,0.6776621355035178,2,LUBRICATION_DEGRADATION,1.0,2026-01-01T00:02:00+00:00,True
2026-01-01T00:04:03Z,ENG-DATASET-002,MSN-LUBRICATION_DEGRADATION-002,DESCENT,3700.0,15.0,0.3241138133527011,0.4258861866472989,2153.4803755832168,422.87756568605323,128.16186533646083,80.82967801424851,170.5018569813996,8.726077809283876,6.318964276168451,14.2,2200.0675265963496,402.87756568605323,110.16186533646083,45.82967801424852,310.00337632981746,8.079701675262847,3.8189642761684515,-46.587151013132825,20.0,18.0,34.99999999999999,-139.50151934841784,0.646376134021029,2.4999999999999996,-0.02117532777969149,0.04964287342717221,0.16339592603142358,0.763697270339068,-0.44999999999999996,0.08000000000000015,0.6546277522418297,2,LUBRICATION_DEGRADATION,1.0,2026-01-01T00:02:00+00:00,True
2026-01-01T00:04:04Z,ENG-DATASET-002,MSN-LUBRICATION_DEGRADATION-002,DESCENT,3700.0,15.0,0.32620618281628144,0.42379381718371856,2163.5704112616268,424.51501347793635,128.75855413976316,80.8125349731929,170.81832786276613,8.774939657818448,6.92825034314238,14.2,2211.5755586460414,404.51501347793635,110.75855413976316,45.81253497319289,310.57877793230205,8.124944127609673,4.42825034314238,-48.00514738441461,20.0,18.0,35.00000000000001,-139.76045006953592,0.6499955302087752,2.5,-0.021706311229901663,0.04944192263234964,0.1625156642735359,0.7639830456987413,-0.45,0.08000000000000017,0.564557061203985,2,LUBRICATION_DEGRADATION,1.0,2026-01-01T00:02:00+00:00,True
2026-01-01T00:04:05Z,ENG-DATASET-002,MSN-LUBRICATION_DEGRADATION-002,DESCENT,3700.0,15.0,0.3286698468389655,0.4213301531610345,2175.2141575218957,426.4447864707293,129.34381838755507,80.80057339104715,171.19095704619713,8.832518100602151,7.162634409406722,14.2,2225.1257107708043,406.4447864707293,111.34381838755507,45.80057339104715,311.2562855385402,8.178257500557546,4.662634409406722,-49.911553248908604,20.0,18.0,35.0,-140.0653284923431,0.654260600044605,2.5,-0.022430891435620857,0.049207175650265916,0.16166142189723812,0.764182572588526,-0.45,0.08000000000000015,0.5361775726950255,2,LUBRICATION_DEGRADATION,1.0,2026-01-01T00:02:00+00:00,True
2026-01-01T00:04:06Z,ENG-DATASET-002,MSN-LUBRICATION_DEGRADATION-002,DESCENT,3700.0,15.0,0.3314663607676731,0.4185336392323269,2188.666923415937,428.6375847070311,129.92537616647536,80.79419339979438,171.61392977791414,8.897935928846733,6.708140052571674,14.2,2240.5065373786956,408.6375847070311,111.92537616647535,45.79419339979437,312.02532686893477,8.238829563746975,4.208140052571674,-51.83961396275845,20.0,18.000000000000014,35.00000000000001,-140.41139709102063,0.659106365099758,2.5,-0.023137452668809774,0.04894312405046837,0.16082143850226788,0.764289037573859,-0.44999999999999996,0.07999999999999999,0.5940866912146145,2,LUBRICATION_DEGRADATION,1.0,2026-01-01T00:02:00+00:00,True
2026-01-01T00:04:07Z,ENG-DATASET-002,MSN-LUBRICATION_DEGRADATION-002,DESCENT,3700.0,15.0,0.33455208593786506,0.41544791406213494,2204.1607527950064,431.06000831063693,130.50933875759375,80.79369949353878,172.08064570990567,8.970193720564591,6.240678128023047,14.2,2257.478025814751,411.06000831063693,112.50933875759374,45.793699493538774,312.87390129073754,8.305734926448695,3.7406781280230468,-53.31727301974479,20.0,18.000000000000014,35.00000000000001,-140.79325558083187,0.6644587941158964,2.5000000000000004,-0.02361806954931574,0.0486546966273743,0.15998671931386776,0.7642972807850631,-0.4499999999999999,0.0800000000000001,0.668328018193122,2,LUBRICATION_DEGRADATION,1.0,2026-01-01T00:02:00+00:00,True
2026-01-01T00:04:08Z,ENG-DATASET-002,MSN-LUBRICATION_DEGRADATION-002,DESCENT,3700.0,15.0,0.337878870640308,0.412121129359692,2221.7925937306313,433.675028206712,131.10028058700215,80.79929611853785,172.5838218961502,9.048184115681144,6.457299264707223,14.2,2275.775341678188,413.675028206712,113.10028058700216,45.79929611853785,313.7887670839094,8.377948255260318,3.957299264707223,-53.98274794755662,20.0,17.999999999999986,35.0,-141.20494518775922,0.6702358604208261,2.5,-0.023720596211289028,0.04834712911412692,0.15915079880065836,0.764203884474838,-0.44999999999999996,0.08000000000000007,0.6317439831493159,2,LUBRICATION_DEGRADATION,1.0,2026-01-01T00:02:00+00:00,True
2026-01-01T00:04:09Z,ENG-DATASET-002,MSN-LUBRICATION_DEGRADATION-002,DESCENT,3700.0,15.0,0.3413948015123923,0.4086051984876077,2241.4398542000354,436.44251611134723,131.70131543108562,80.8110848107853,173.11560644055294,9.130707844474983,7.077119951878042,14.2,2295.1129614746515,416.44251611134723,113.70131543108562,45.8110848107853,314.7556480737326,8.454359115254613,4.577119951878042,-53.673107274616086,20.0,18.0,35.0,-141.64004163317964,0.6763487292203703,2.5,-0.023385823781035226,0.0480258360427648,0.1583095141138433,0.7640072297908115,-0.4499999999999999,0.08000000000000014,0.5461949929833547,2,LUBRICATION_DEGRADATION,1.0,2026-01-01T00:02:00+00:00,True
2026-01-01T00:04:10Z,ENG-DATASET-002,MSN-LUBRICATION_DEGRADATION-002,DESCENT,3700.0,15.0,0.3450450136287926,0.4049549863712074,2262.7249662780982,439.3198284708597,132.31417959974854,80.82906292635818,173.66770102315846,9.216491336425124,7.24327771880911,14.2,2315.189128114853,419.3198284708597,114.31417959974854,45.82906292635818,315.75945640574264,8.533788274467707,4.74327771880911,-52.464161836754556,20.0,18.0,34.99999999999999,-142.09175538258418,0.682703061957417,2.5,-0.02266085357763994,0.04769628966255738,0.15746078100742977,0.7637075201873711,-0.44999999999999996,0.08000000000000006,0.5270616961951097,2,LUBRICATION_DEGRADATION,1.0,2026-01-01T00:02:00+00:00,True
2026-01-01T00:04:11Z,ENG-DATASET-002,MSN-LUBRICATION_DEGRADATION-002,DESCENT,3700.0,15.0,0.34877254665027746,0.40122745334972254,2285.038656092412,442.26243787565164,132.93932258666499,80.85312398486559,174.23149039265806,9.30420570367628,6.7500511922425295,14.2,2335.690559733019,422.26243787565164,114.93932258666499,45.8531239848656,316.78452798665097,8.61500528118174,4.2500511922425295,-50.65190364060709,20.0,18.0,34.99999999999999,-142.5530375939929,0.6892004224945403,2.5,-0.021686050589850757,0.04736390975389013,0.15660436824332147,0.7633067708004406,-0.4499999999999999,0.08000000000000013,0.5882282087714997,2,LUBRICATION_DEGRADATION,1.0,2026-01-01T00:02:00+00:00,True
2026-01-01T00:04:12Z,ENG-DATASET-002,MSN-LUBRICATION_DEGRADATION-002,DESCENT,3700.0,15.0,0.3525192336707524,0.3974807663292476,2307.6173016483267,445.22460425382565,133.57600543434413,80.88305962114308,174.79817680450486,9.392486859356033,6.337087613967547,14.2,2356.2973383456315,425.22460425382565,115.57600543434413,45.883059621143076,317.81486691728156,8.696747091996327,3.8370876139675474,-48.680036697304786,20.0,18.0,35.0,-143.0166901127767,0.6957397673597061,2.5,-0.02065954746249609,0.047033966990446235,0.1557416691497039,0.7628087640404843,-0.45,0.07999999999999999,0.651535813490326,2,LUBRICATION_DEGRADATION,1.0,2026-01-01T00:02:00+00:00,True
2026-01-01T00:04:13Z,ENG-DATASET-002,MSN-LUBRICATION_DEGRADATION-002,DESCENT,3700.0,15.0,0.3562266088923747,0.3937733911076253,2329.6565592587226,448.1600769103383,134.22240681366816,80.91856311522059,175.35891730677525,9.479956497082838,6.6292130969372245,14.2,2376.6879020645542,428.1600769103383,116.22240681366817,45.918563115220586,318.83439510322773,8.777737497298924,4.1292130969372245,-47.03134280583163,20.0,17.999999999999986,35.00000000000001,-143.47547779645248,0.7022189997839146,2.5,-0.01978860697905559,0.04671150132521167,0.15487547103424054,0.7622189725792745,-0.45,0.08000000000000007,0.6054422334982744,2,LUBRICATION_DEGRADATION,1.0,2026-01-01T00:02:00+00:00,True
2026-01-01T00:04:14Z,ENG-DATASET-002,MSN-LUBRICATION_DEGRADATION-002,DESCENT,3700.0,15.0,0.3598368199647748,0.3901631800352252,2350.434583231725,451.022817272308,134.87573656410905,80.95923444594449,175.90496173147577,9.565243625627614,7.240741667178813,14.2,2396.544062962755,431.022817272308,116.87573656410905,45.95923444594449,319.82720314813776,8.85670706076631,4.740741667178813,-46.109479731030206,20.0,18.0,35.0,-143.922241416662,0.7085365648613049,2.5,-0.01923998829966299,0.04640125580025748,0.15400972459434797,0.7615444517720519,-0.45,0.08000000000000002,0.5273436469462245,2,LUBRICATION_DEGRADATION,1.0,2026-01-01T00:02:00+00:00,True
2026-01-01T00:04:15Z,ENG-DATASET-002,MSN-LUBRICATION_DEGRADATION-002,DESCENT,3700.0,15.0,0.3632935307516341,0.3867064692483659,2369.415820585771,453.76773109143136,135.53235618498394,81.00458678983881,176.42778923798826,9.647006323450581,7.327525778643252,14.2,2415.555972290482,433.76773109143136,117.53235618498393,46.00458678983881,320.7777986145241,8.932413262454242,4.827525778643252,-46.14015170471066,20.0,18.000000000000014,35.0,-144.35000937653584,0.7145930609963393,2.5,-0.019101255460025453,0.04610762527142508,0.15314931636076326,0.7607937043297294,-0.44999999999999996,0.08,0.517863625101679,2,LUBRICATION_DEGRADATION,1.0,2026-01-01T00:02:00+00:00,True
2026-01-01T00:04:16Z,ENG-DATASET-002,MSN-LUBRICATION_DEGRADATION-002,DESCENT,3700.0,15.0,0.3665428004372507,0.3834571995627493,2386.311106403379,456.3513979056785,136.1879055141275,81.05405436422119,176.91924127793774,9.723953353441816,6.7958469778783055,14.2,2433.4269555613723,436.3513979056785,118.1879055141275,46.05405436422119,321.6713477780686,9.003660512446125,4.2958469778783055,-47.115849157993125,20.0,18.0,35.0,-144.75210650013085,0.7202928409956915,2.5,-0.019361932787961524,0.04583461883241907,0.1522998476172199,0.7599765207032686,-0.44999999999999996,0.08000000000000017,0.581957414422321,2,LUBRICATION_DEGRADATION,1.0,2026-01-01T00:02:00+00:00,True
2026-01-01T00:04:17Z,ENG-DATASET-002,MSN-LUBRICATION_DEGRADATION-002,DESCENT,3700.0,15.0,0.3695339252549268,0.3804660747450732,2401.0804547329144,458.7327848400048,136.83743458371487,81.10700149259483,177.37164890661126,9.794865260355875,6.436206311011043,14.2,2449.8781420585906,438.7327848400048,118.83743458371487,46.10700149259483,322.49390710292954,9.0693196855147,3.936206311011043,-48.79768732567618,20.0,18.0,35.0,-145.12225819631828,0.7255455748411759,2.5,-0.019918414099026296,0.0455858342277601,0.15146742323286966,0.759103799140382,-0.44999999999999996,0.07999999999999999,0.6351293104242437,2,LUBRICATION_DEGRADATION,1.0,2026-01-01T00:02:00+00:00,True
2026-01-01T00:04:18Z,ENG-DATASET-002,MSN-LUBRICATION_DEGRADATION-002,DESCENT,3700.0,15.0,0.3722202297022902,0.3777797702977098,2413.878922950936,460.87393139124663,137.47553941012455,81.16273275124843,177.77795245427498,9.858614563739788,6.790343672482383,14.2,2464.65281651909,440.87393139124663,119.47553941012454,46.16273275124843,323.2326408259545,9.128346818277581,4.290343672482383,-50.77389356815365,20.0,18.000000000000014,35.0,-145.4546883716795,0.7302677454622071,2.5,-0.02060082995375523,0.04536444224970815,0.15065845351165383,0.7581873497091322,-0.44999999999999996,0.08000000000000006,0.5827039022618684,2,LUBRICATION_DEGRADATION,1.0,2026-01-01T00:02:00+00:00,True
2026-01-01T00:04:19Z,ENG-DATASET-002,MSN-LUBRICATION_DEGRADATION-002,DESCENT,3700.0,15.0,0.37455979489689756,0.37544020510310244,2424.959801414765,462.7405917485548,138.09650026282594,81.22050403910808,178.13181168995936,9.914184658967796,7.374686870365216,14.2,2477.520425089431,442.7405917485548,120.09650026282596,46.22050403910808,323.87602125447154,9.179800610155366,4.874686870365216,-52.56062367466575,20.0,17.999999999999986,35.0,-145.74420956451218,0.73438404881243,2.5,-0.021215011243658453,0.04517317899633332,0.14987947159665577,0.7572396867499717,-0.44999999999999996,0.08000000000000007,0.5128534542799664,2,LUBRICATION_DEGRADATION,1.0,2026-01-01T00:02:00+00:00,True
2026-01-01T00:04:20Z,ENG-DATASET-002,MSN-LUBRICATION_DEGRADATION-002,DESCENT,3700.0,15.0,0.3765161127063749,0.3734838872936251,2434.5597492408087,464.30282148794294,138.69442077374194,81.27953439846334,178.4277047586428,9.960687049333716,7.37278245794146,14.2,2488.280173041556,444.30282148794294,120.69442077374194,46.27953439846334,324.41400865207777,9.222858379012699,4.87278245794146,-53.720423800747085,20.0,18.0,35.0,-145.98630389343498,0.7378286703210168,2.5,-0.02158937903487041,0.045014343895051635,0.14913696825923248,0.7562738142232074,-0.44999999999999996,0.0800000000000001,0.5130538909910913,2,LUBRICATION_DEGRADATION,1.0,2026-01-01T00:02:00+00:00,True
2026-01-01T00:04:21Z,ENG-DATASET-002,MSN-LUBRICATION_DEGRADATION-002,DESCENT,3700.0,15.0,0.37805865544561273,0.37194134455438727,2442.794823681275,465.5354961715315,139.26336610065601,81.33901840245761,178.66101434795254,9.997376553589945,6.804685347748656,14.2,2496.764158107364,445.5354961715315,121.26336610065603,46.339018402457604,324.8382079053682,9.25683014221291,4.304685347748656,-53.96933442608906,20.0,17.999999999999986,35.00000000000001,-146.17719355741568,0.7405464113770339,2.5,-0.021615711780723308,0.0448898015351396,0.1484372451368279,0.7553030082774427,-0.44999999999999996,0.08000000000000011,0.5807625408225241,2,LUBRICATION_DEGRADATION,1.0,2026-01-01T00:02:00+00:00,True
2026-01-01T00:04:22Z,ENG-DATASET-002,MSN-LUBRICATION_DEGRADATION-002,DESCENT,3700.0,15.0,0.379163352251082,0.370836647748918,2449.5935769888974,466.4187504833848,139.79749825267504,81.39813891637507,178.82809973977973,10.023664165927427,6.497956252793276,14.2,2502.8399905374445,446.4187504833848,121.79749825267504,46.39813891637507,325.1419995268722,9.281170524006876,3.9979562527932764,-53.246413548547025,20.0,18.0,35.00000000000001,-146.31389978709248,0.7424936419205501,2.5,-0.021274397784060185,0.044800985573172906,0.14778628673191704,0.754340601097852,-0.44999999999999996,0.08,0.6253194987447174,2,LUBRICATION_DEGRADATION,1.0,2026-01-01T00:02:00+00:00,True
2026-01-01T00:04:23Z,ENG-DATASET-002,MSN-LUBRICATION_DEGRADATION-002,DESCENT,3700.0,15.0,0.3798129646986088,0.3701870353013912,2454.6842015871525,466.9383280280398,140.2912066281085,81.45608003391015,178.92635362246818,10.039127288674363,6.901822433186538,14.2,2506.4128589988422,446.9383280280398,122.29120662810853,46.456080033910155,325.3206429499421,9.295488230254039,4.401822433186538,-51.72865741168971,20.0,17.999999999999986,35.0,-146.39428932747393,0.7436390584203245,2.5,-0.02063852219157227,0.04474890325079761,0.14718965080407262,0.7533997697277105,-0.44999999999999996,0.08000000000000015,0.5679465807506953,2,LUBRICATION_DEGRADATION,1.0,2026-01-01T00:02:00+00:00,True
2026-01-01T00:04:24Z,ENG-DATASET-002,MSN-LUBRICATION_DEGRADATION-002,DESCENT,3700.0,15.0,0.379997355803218,0.370002644196782,2457.6393444227765,467.0858337672746,140.73923180947952,81.51203998686174,178.9542427770403,10.043517110903075,7.443428073227865,14.2,2507.4270100741924,447.0858337672746,122.73923180947953,46.51203998686174,325.3713505037096,9.299552880465809,4.943428073227865,-49.787665651415864,20.0,17.999999999999986,35.0,-146.41710772666931,0.7439642304372658,2.5,-0.01985607774478855,0.04473413937425441,0.1466523762177383,0.7524933331216274,-0.44999999999999996,0.08000000000000011,0.5057219328302269,2,LUBRICATION_DEGRADATION,1.0,2026-01-01T00:02:00+00:00,True
2026-01-01T00:04:25Z,ENG-DATASET-002,MSN-LUBRICATION_DEGRADATION-002,DESCENT,3700.0,15.0,0.3797136482033933,0.3702863517966067,2457.967957530062,466.85888321779714,141.13678070897652,81.56524382709704,178.9113320025668,10.036762967097483,7.348461067362987,14.2,2505.8666182751567,446.85888321779714,123.13678070897652,46.565243827097035,325.2933309137578,9.29329904360878,4.848461067362987,-47.89866074509473,20.0,18.0,35.0,-146.381998911191,0.7434639234887026,2.5,-0.019114609052122828,0.04475685893493155,0.1461789068738243,0.7516335602141303,-0.44999999999999996,0.08000000000000003,0.5156275290789778,2,LUBRICATION_DEGRADATION,1.0,2026-01-01T00:02:00+00:00,True
2026-01-01T00:04:26Z,ENG-DATASET-002,MSN-LUBRICATION_DEGRADATION-002,DESCENT,3700.0,15.0,0.3789662690613416,0.3710337309386584,2455.2318960187295,466.2611449025078,141.47963126064155,81.61495568317173,178.7982909073315,10.018973577015405,6.750465619199069,14.2,2501.7560329938724,446.2611449025078,123.47963126064155,46.61495568317173,325.08780164969363,9.276827386125374,4.250465619199069,-46.52413697514294,20.0,18.0,35.0,-146.28951074236213,0.7421461908900309,2.5,-0.018596592298197483,0.04481680789029771,0.14577303006360207,0.7508319913009207,-0.44999999999999996,0.0800000000000001,0.5881708556134808,2,LUBRICATION_DEGRADATION,1.0,2026-01-01T00:02:00+00:00,True
2026-01-01T00:04:27Z,ENG-DATASET-002,MSN-LUBRICATION_DEGRADATION-002,DESCENT,3700.0,15.0,0.37776688097860717,0.37223311902139283,2449.158772840196,465.30227505285666,141.76422501089883,81.66049040061888,178.61688345981793,9.990435138501544,6.499555925611526,14.2,2495.159398538833,445.30227505285666,123.76422501089881,46.66049040061888,324.75796992694166,9.250402906019948,3.9995559256115265,-46.00062569863712,20.0,18.000000000000014,35.0,-146.14108646712373,0.740032232481596,2.4999999999999996,-0.01843594670768333,0.04491331196910241,0.14543782743692626,0.7500992745574696,-0.44999999999999996,0.08000000000000002,0.6250693943272597,2,LUBRICATION_DEGRADATION,1.0,2026-01-01T00:02:00+00:00,True
2026-01-01T00:04:28Z,ENG-DATASET-002,MSN-LUBRICATION_DEGRADATION-002,DESCENT,3700.0,15.0,0.37613420000507525,0.37386579999492475,2439.723352450247,463.99774610346185,141.98774616239547,81.70122438452594,178.3699404625712,9.951606316674946,6.944581577038731,14.2,2486.1796531844075,443.99774610346185,123.98774616239548,46.70122438452594,324.30898265922036,9.214450293217542,4.444581577038731,-46.45630073416032,20.0,17.999999999999986,35.0,-145.93904219664915,0.7371560234574037,2.5,-0.018685818088269312,0.0450452737103299,0.14517563676352435,0.7494450190817044,-0.44999999999999996,0.08000000000000004,0.5624826446915308,2,LUBRICATION_DEGRADATION,1.0,2026-01-01T00:02:00+00:00,True
2026-01-01T00:04:29Z,ENG-DATASET-002,MSN-LUBRICATION_DEGRADATION-002,DESCENT,3700.0,15.0,0.37409370358127364,0.37590629641872636,2427.1773259127053,462.3685730042138,142.14818587126126,81.73660547545664,178.06131537847122,9.903110242974956,7.433505013366452,14.2,2474.956922853499,442.3685730042138,124.14818587126128,46.73660547545664,323.7478461426749,9.169546521273107,4.933505013366452,-47.77959694079345,20.0,17.999999999999986,35.0,-145.6865307642037,0.7335637217018487,2.5,-0.019305223658481304,0.04521116828932034,0.14498802277034928,0.7488776654603204,-0.44999999999999996,0.08000000000000002,0.5067391222319012,2,LUBRICATION_DEGRADATION,1.0,2026-01-01T00:02:00+00:00,True
2026-01-01T00:04:30Z,ENG-DATASET-002,MSN-LUBRICATION_DEGRADATION-002,DESCENT,3700.0,15.0,0.371677232971434,0.378322767028566,2412.0198092437968,460.44094370471055,142.2443908767529,81.76616170484894,177.695824198733,9.845723703442195,7.247785491426567,14.2,2461.666334499381,440.44094370471055,124.24439087675292,46.76616170484895,323.08331672496905,9.11641083652055,4.747785491426567,-49.64652525558404,20.0,17.999999999999986,34.99999999999999,-145.38749252623606,0.729312866921644,2.5,-0.020167853197570113,0.045409039022967876,0.14487575554099258,0.7484043745324308,-0.44999999999999996,0.07999999999999999,0.5265612788350353,2,LUBRICATION_DEGRADATION,1.0,2026-01-01T00:02:00+00:00,True
2026-01-01T00:04:31Z,ENG-DATASET-002,MSN-LUBRICATION_DEGRADATION-002,DESCENT,3700.0,15.0,0.36892249639121344,0.38107750360878656,2394.915286792497,458.2457622554959,142.27609584546502,81.78950879349581,177.27917029097463,9.780363755019666,6.632096904549086,14.2,2446.515283308168,438.2457622554959,124.27609584546502,46.78950879349581,322.3257641654084,9.055892365758949,4.132096904549086,-51.59999651567068,20.0,18.0,35.0,-145.04659387443374,0.7244713892607173,2.5,-0.021091221815666476,0.04563649377250581,0.14483879524492513,0.7480309347651313,-0.4499999999999999,0.08000000000000015,0.6050196928459527,2,LUBRICATION_DEGRADATION,1.0,2026-01-01T00:02:00+00:00,True
2026-01-01T00:04:32Z,ENG-DATASET-002,MSN-LUBRICATION_DEGRADATION-002,DESCENT,3700.0,15.0,0.36587248058360067,0.38412751941639933,2376.5784635394057,455.8181147487226,142.2439391296366,81.80635627632014,176.81785540007317,9.708072059640315,6.44412342862704,14.2,2429.7401963662974,435.8181147487226,124.24393912963659,46.80635627632014,321.48700981831485,8.988955610778069,3.94412342862704,-53.16173282689169,20.0,18.000000000000014,35.00000000000001,-144.66915441824167,0.7191164488622466,2.5,-0.021879595565976823,0.045890703766481335,0.1448762823047549,0.7477616884633872,-0.44999999999999996,0.08000000000000011,0.6338544026930356,2,LUBRICATION_DEGRADATION,1.0,2026-01-01T00:02:00+00:00,True
2026-01-01T00:04:33Z,ENG-DATASET-002,MSN-LUBRICATION_DEGRADATION-002,DESCENT,3700.0,15.0,0.3625747800251694,0.3874252199748306,2357.6534766221234,453.196669734049,142.14946196002415,81.81651215808253,176.31907819061047,9.629997266951627,6.926157026280675,14.2,2411.6028432949256,433.196669734049,124.14946196002415,46.81651215808253,320.5801421647463,8.91666413606632,4.426157026280675,-53.94936667280217,20.0,18.0,35.0,-144.26106397413582,0.7133331308853066,2.5,-0.022370750981157497,0.04616840663220826,0.14498653248933097,0.7475994769071558,-0.44999999999999996,0.08000000000000011,0.5648240641161265,2,LUBRICATION_DEGRADATION,1.0,2026-01-01T00:02:00+00:00,True
2026-01-01T00:04:34Z,ENG-DATASET-002,MSN-LUBRICATION_DEGRADATION-002,DESCENT,3700.0,15.0,0.35908085423018943,0.39091914576981057,2338.6161936043027,450.4230257605841,141.99509140803633,81.81988602757629,175.79062191411975,9.547375806782398,7.358393186583378,14.2,2392.3862514225357,430.4230257605841,123.99509140803634,46.81988602757629,319.6193125711268,8.840162784057775,4.858393186583378,-53.770057818233,20.0,17.999999999999986,35.0,-143.82869065700703,0.7072130227246234,2.5,-0.022475491901134615,0.04646591562953391,0.14516703682056703,0.7475456044336688,-0.44999999999999996,0.08000000000000015,0.514573420468281,2,LUBRICATION_DEGRADATION,1.0,2026-01-01T00:02:00+00:00,True
2026-01-01T00:04:35Z,ENG-DATASET-002,MSN-LUBRICATION_DEGRADATION-002,DESCENT,3700.0,15.0,0.35544522474211765,0.39455477525788235,2319.722581913744,447.54101930066025,141.7841077497492,81.8164905819106,175.2407329540489,9.461511471513484,7.090633066710125,14.2,2372.390289238141,427.54101930066025,123.78410774974921,46.8164905819106,318.61951446190704,8.760658769919893,4.590633066710125,-52.66770732439727,20.0,18.0,35.0,-143.37878150785815,0.7008527015935915,2.5,-0.02220027099390579,0.046779137198845876,0.1454144665839502,0.7475998214510259,-0.44999999999999996,0.08,0.544587198251422,2,LUBRICATION_DEGRADATION,1.0,2026-01-01T00:02:00+00:00,True
2026-01-01T00:04:36Z,ENG-DATASET-002,MSN-LUBRICATION_DEGRADATION-002,DESCENT,3700.0,15.0,0.3517246243431477,0.3982753756568523,2301.0147780058023,444.59600651488387,141.5205971376464,81.8064415372851,174.67799214370464,9.37375417655137,6.474290408705461,14.2,2351.9269870438056,424.59600651488387,123.52059713764639,46.806441537285096,317.59634935219026,8.679402015325342,3.9742904087054614,-50.91220903800331,20.0,18.000000000000014,35.0,-142.91835720848562,0.6943521612260284,2.5,-0.021647019366870784,0.04710359893434117,0.14572468411840284,0.7477603263670383,-0.45,0.08000000000000011,0.6290431103182318,2,LUBRICATION_DEGRADATION,1.0,2026-01-01T00:02:00+00:00,True
2026-01-01T00:04:37Z,ENG-DATASET-002,MSN-LUBRICATION_DEGRADATION-002,DESCENT,3700.0,15.0,0.34797711175811846,0.40202288824188154,2282.382297661441,441.6341321478676,141.20939072757844,81.7899559278296,174.111180865219,9.285478284800423,6.359432100399291,14.2,2331.3156678261453,421.6341321478676,123.20939072757844,46.789955927829595,316.56578339130726,8.59766507851891,3.8594321003992906,-48.93337016470423,20.0,18.0,35.0,-142.45460252608825,0.687813206281513,2.5,-0.0209895943479557,0.04743448994064355,0.14609276041141067,0.7480237864294034,-0.44999999999999996,0.08000000000000003,0.6477636955295454,2,LUBRICATION_DEGRADATION,1.0,2026-01-01T00:02:00+00:00,True
2026-01-01T00:04:38Z,ENG-DATASET-002,MSN-LUBRICATION_DEGRADATION-002,DESCENT,3700.0,15.0,0.34426116566753134,0.40573883433246866,2263.6622848528154,438.7015983435272,140.85599161340878,81.76734881922934,173.54914401901772,9.198060869484307,6.877422270462751,14.2,2310.8779643279163,418.7015983435272,122.85599161340878,46.76734881922935,315.5438982163958,8.516723027300284,4.377422270462751,-47.21567947510084,20.0,18.0,34.99999999999999,-141.9947541973781,0.681337842184023,2.5,-0.020431922500430612,0.04776671519555756,0.1465130008200222,0.748385377483896,-0.4499999999999999,0.08000000000000004,0.5711123683152727,2,LUBRICATION_DEGRADATION,1.0,2026-01-01T00:02:00+00:00,True
2026-01-01T00:04:39Z,ENG-DATASET-002,MSN-LUBRICATION_DEGRADATION-002,LANDING,2000.0,15.0,0.24063477216729953,0.5593652278327005,1663.3022806476345,402.64929938671133,139.6366249367357,81.72430600245073,157.01075412561553,8.180621764890017,6.681061782668712,14.2,1709.481968204201,382.64929938671133,121.63662493673569,46.72430600245074,285.47409841021005,7.57464978230557,4.181061782668712,-46.17968755656648,20.0,18.000000000000014,34.99999999999999,-128.4633442845945,0.605971982584447,2.5,-0.02701384888258162,0.05226718050197627,0.14798174488450314,0.7490747962776421,-0.44999999999999996,0.08000000000000018,0.5979342401403803,2,LUBRICATION_DEGRADATION,1.0,2026-01-01T00:02:00+00:00,True
2026-01-01T00:04:40Z,ENG-DATASET-002,MSN-LUBRICATION_DEGRADATION-002,LANDING,2000.0,15.0,0.23715451991511546,0.5628454800848846,1644.2615394549498,399.5172371771745,138.46089337249148,81.67573437281789,156.4843659724727,8.084170437418868,6.344163196417791,14.2,1690.3405808171885,379.5172371771745,120.46089337249148,46.67573437281789,284.5170290408594,7.485342997610061,3.8441631964177914,-46.07904136223874,20.0,18.0,34.99999999999999,-128.03266306838674,0.5988274398088063,2.5,-0.027260211276452943,0.052698528659090034,0.14942608755473907,0.7498542973194785,-0.45,0.08000000000000018,0.6503365940159984,2,LUBRICATION_DEGRADATION,1.0,2026-01-01T00:02:00+00:00,True
2026-01-01T00:04:41Z,ENG-DATASET-002,MSN-LUBRICATION_DEGRADATION-002,LANDING,2000.0,15.0,0.233874717083374,0.566125282916626,1625.3632826519622,396.56942662404924,137.32903970084357,81.62227268580423,155.9882957941718,7.993380173163829,5.746393130315246,14.2,1672.3016652426104,376.56942662404924,119.32903970084357,46.622272685804234,283.6150832621305,7.4012779381146565,3.2463931303152456,-46.93838259064819,20.0,18.0,35.0,-127.6267874679587,0.5921022350491727,2.5000000000000004,-0.02806813122669382,0.05311105625143366,0.1508434161971451,0.7507141540669029,-0.44999999999999996,0.08000000000000003,0.7700854146882804,2,LUBRICATION_DEGRADATION,1.0,2026-01-01T00:02:00+00:00,True
2026-01-01T00:04:42Z,ENG-DATASET-002,MSN-LUBRICATION_DEGRADATION-002,LANDING,2000.0,15.0,0.230846543898306,0.569153456101694,1607.099398186229,393.85109200596094,136.24241303090824,81.56464077213556,155.53028459993024,7.909646448469997,5.715113981362302,14.2,1655.646712724736,373.85109200596094,118.24241303090824,46.56464077213556,282.7823356362368,7.323746711546293,3.215113981362302,-48.54731453850695,20.0,18.0,35.0,-127.25205103630654,0.5858997369237038,2.5,-0.029322266740476,0.05349723573812941,0.15222964026702374,0.7516432945606255,-0.44999999999999996,0.08000000000000004,0.7775774092278697,2,LUBRICATION_DEGRADATION,1.0,2026-01-01T00:02:00+00:00,True
2026-01-01T00:04:43Z,ENG-DATASET-002,MSN-LUBRICATION_DEGRADATION-002,LANDING,2000.0,15.0,0.2281172539896657,0.5718827460103344,1590.123703675699,391.40378383595635,135.20326632371632,81.50362811437063,155.11747950124845,7.83425207630739,6.26831902213009,14.2,1640.635618227215,371.40378383595635,117.20326632371632,46.503628114370635,282.0317809113608,7.253937107692027,3.7683190221300893,-50.51191455151593,20.0,18.0,34.99999999999999,-126.91430141011233,0.5803149686153626,2.5000000000000004,-0.030788015321827806,0.05384974755355134,0.1535793375440908,0.7526294489092611,-0.4499999999999999,0.08000000000000006,0.6634257835704271,2,LUBRICATION_DEGRADATION,1.0,2026-01-01T00:02:00+00:00,True
2026-01-01T00:04:44Z,ENG-DATASET-002,MSN-LUBRICATION_DEGRADATION-002,LANDING,2000.0,15.0,0.22572943701364281,0.5742705629863573,1575.151444830419,389.2647842268881,134.21455929701688,81.44008134421625,154.75632218362497,7.768348663269998,6.589272388576235,14.2,1627.5026248590887,369.2647842268881,116.21455929701689,46.44008134421626,281.37513124295447,7.192915428953701,4.089272388576235,-52.35118002866966,20.0,17.999999999999986,34.99999999999999,-126.6188090593295,0.5754332343162964,2.5,-0.03216657179474736,0.05416167707915348,0.15488592917171634,0.7536593172733312,-0.44999999999999996,0.08000000000000004,0.6113557040083668,2,LUBRICATION_DEGRADATION,1.0,2026-01-01T00:02:00+00:00,True
2026-01-01T00:04:45Z,ENG-DATASET-002,MSN-LUBRICATION_DEGRADATION-002,LANDING,2000.0,15.0,0.2237203540555221,0.576279645944478,1562.8378739548905,387.4665810661767,133.27976789396962,81.37489085537197,154.4524483862092,7.712940174442527,6.197003851380791,14.2,1616.4526685894252,367.4665810661767,115.27976789396962,46.37489085537197,280.82263342947124,7.141611272631969,3.6970038513807912,-53.614794634534746,20.0,18.0,35.0,-126.37018504326204,0.5713289018105581,2.5,-0.03316818096586827,0.05442671804867671,0.15614188273310703,0.7547187573800116,-0.44999999999999996,0.08000000000000008,0.6762232609160731,2,LUBRICATION_DEGRADATION,1.0,2026-01-01T00:02:00+00:00,True
2026-01-01T00:04:46Z,ENG-DATASET-002,MSN-LUBRICATION_DEGRADATION-002,LANDING,2000.0,15.0,0.22212135618290982,0.5778786438170902,1553.6647988465616,386.03641579101577,132.40270149934804,81.30897674051351,154.21059995797657,7.668868768909681,5.635713151815498,14.2,1607.6581802900573,366.03641579101577,114.40270149934805,46.308976740513515,280.38290901450284,7.1008044156571115,3.1357131518154975,-53.993381443495764,20.0,17.999999999999986,35.0,-126.17230905652627,0.5680643532525691,2.5000000000000004,-0.033585112871290936,0.05463937230611166,0.15733894186146086,0.7557929901176195,-0.44999999999999996,0.08000000000000003,0.7972668031042841,2,LUBRICATION_DEGRADATION,1.0,2026-01-01T00:02:00+00:00,True
2026-01-01T00:04:47Z,ENG-DATASET-002,MSN-LUBRICATION_DEGRADATION-002,LANDING,2000.0,15.0,0.22095739522280947,0.5790426047771906,1547.8621458084635,384.9959085043979,131.5873290620232,81.24327427158252,154.03455086276142,7.636803035934388,5.695385961873015,14.2,1601.2563950095055,364.9959085043979,113.5873290620232,46.24327427158252,280.0628197504753,7.07111392216147,3.195385961873015,-53.39424920104193,20.0,18.0,35.0,-126.02826888771386,0.5656891137729181,2.5,-0.03334522151945877,0.05479513477822729,0.15846837978003062,0.7568668212040566,-0.44999999999999996,0.08000000000000007,0.7823781007457997,2,LUBRICATION_DEGRADATION,1.0,2026-01-01T00:02:00+00:00,True
2026-01-01T00:04:48Z,ENG-DATASET-002,MSN-LUBRICATION_DEGRADATION-002,LANDING,2000.0,15.0,0.22024663439670653,0.5797533656032935,1545.3831240903457,384.36076325749053,130.83761523725815,81.17871914968772,153.92704828781336,7.617228732383321,6.280221655370332,14.2,1597.3472104659397,364.36076325749053,112.83761523725815,46.17871914968772,279.867360523297,7.052989567021593,3.7802216553703323,-51.96408637559398,20.0,18.0,35.0,-125.94031223548365,0.5642391653617276,2.5,-0.03253149098400232,0.054890652388567364,0.1595212727790487,0.7579248763169015,-0.44999999999999996,0.08000000000000002,0.6613368812509715,2,LUBRICATION_DEGRADATION,1.0,2026-01-01T00:02:00+00:00,True
2026-01-01T00:04:49Z,ENG-DATASET-002,MSN-LUBRICATION_DEGRADATION-002,LANDING,2000.0,15.0,0.22000016488957225,0.5799998351104277,1545.9385814712077,384.14055553969973,130.15736760202483,81.11623275452885,153.88976977485927,7.610442095755682,6.546045396417225,14.2,1595.991628176701,364.14055553969973,112.15736760202483,46.11623275452885,279.799581408835,7.046705644218224,4.046045396417225,-50.053046705493216,20.0,18.0,35.0,-125.90981163397575,0.5637364515374585,2.5,-0.031361722594168626,0.05492384656347221,0.1604887880738299,0.758951846442028,-0.44999999999999996,0.08000000000000008,0.6178872837694187,2,LUBRICATION_DEGRADATION,1.0,2026-01-01T00:02:00+00:00,True
2026-01-01T00:04:50Z,ENG-DATASET-002,MSN-LUBRICATION_DEGRADATION-002,LANDING,2000.0,15.0,0.22022183277563162,0.5797781672243685,1549.0817821982077,384.33860334784845,129.55009592551858,81.05670762327229,153.92329704262576,7.616545783798538,6.1098350846994265,14.2,1597.2108015500273,364.33860334784845,111.55009592551856,46.05670762327229,279.86054007750135,7.052357207220869,3.609835084699427,-48.12901935181958,20.0,18.000000000000014,35.0,-125.93724303487559,0.5641885765776697,2.4999999999999996,-0.030133166708559915,0.05489399096396384,0.16136247889933258,0.7599327395759098,-0.44999999999999996,0.08000000000000003,0.6925524134319732,2,LUBRICATION_DEGRADATION,1.0,2026-01-01T00:02:00+00:00,True
2026-01-01T00:04:51Z,ENG-DATASET-002,MSN-LUBRICATION_DEGRADATION-002,LANDING,2000.0,15.0,0.2209081790016614,0.5790918209983387,1554.3226324796397,384.9519226248005,129.01888439858672,81.00099338523688,154.02710690931278,7.635447470548279,5.598501847496117,14.2,1600.985705793191,364.9519226248005,111.01888439858672,46.00099338523688,280.04928528965957,7.069858769026183,3.0985018474961166,-46.66307331355142,20.0,18.0,35.0,-126.02217838034679,0.5655887015220955,2.5,-0.029146464671546024,0.05480173896922194,0.1621345782522486,0.7608531343419328,-0.44999999999999996,0.08000000000000013,0.8068415392491172,2,LUBRICATION_DEGRADATION,1.0,2026-01-01T00:02:00+00:00,True
2026-01-01T00:04:52Z,ENG-DATASET-002,MSN-LUBRICATION_DEGRADATION-002,LANDING,2000.0,15.0,0.22204849336435883,0.5779515066356412,1561.2433114805142,385.9712673332931,128.56627764206036,80.94988337164517,154.19957945667076,7.666861108917818,5.75069911025774,14.2,1607.257434788027,365.9712673332931,110.56627764206037,45.94988337164518,280.3628717394014,7.098945471220201,3.2506991102577394,-46.01412330751282,20.0,17.999999999999986,34.99999999999999,-126.16329228273062,0.5679156376976167,2.5000000000000004,-0.028628969019876636,0.054649098946300156,0.16279828157254186,0.7616994305930676,-0.45,0.08000000000000008,0.7690653349339928,2,LUBRICATION_DEGRADATION,1.0,2026-01-01T00:02:00+00:00,True
2026-01-01T00:04:53Z,ENG-DATASET-002,MSN-LUBRICATION_DEGRADATION-002,LANDING,2000.0,15.0,0.22362498163948205,0.576375018360518,1569.5870653731001,387.3812539261516,128.19418122600814,80.90410210917031,154.43802330828316,7.710310850733537,6.358476978643248,14.2,1615.9281203012047,367.3812539261516,110.19418122600813,45.90410210917032,280.79640601506026,7.139176713642163,3.8584769786432482,-46.34105492810454,20.0,18.000000000000014,34.99999999999999,-126.35838270677709,0.5711341370913736,2.4999999999999996,-0.028677670959440134,0.05443935907524628,0.16334800803213045,0.7624590917117188,-0.4499999999999999,0.08000000000000008,0.6479240420086869,2,LUBRICATION_DEGRADATION,1.0,2026-01-01T00:02:00+00:00,True
2026-01-01T00:04:54Z,ENG-DATASET-002,MSN-LUBRICATION_DEGRADATION-002,LANDING,2000.0,15.0,0.22561304325476791,0.5743869567452321,1579.2986352728103,389.1605694514941,127.90377733969467,80.8642938922263,154.73871762759512,7.765137595456539,6.565049386220368,14.2,1626.8624591852772,369.1605694514941,109.90377733969467,45.8642938922263,281.34312295926384,7.189942218015314,4.065049386220368,-47.56382391246689,20.0,18.0,35.0,-126.60440533166872,0.5751953774412257,2.5,-0.029236536649992255,0.05417696703013647,0.1637796301064788,0.763120873118517,-0.44999999999999996,0.08000000000000008,0.6149986783615607,2,LUBRICATION_DEGRADATION,1.0,2026-01-01T00:02:00+00:00,True
2026-01-01T00:04:55Z,ENG-DATASET-002,MSN-LUBRICATION_DEGRADATION-002,LANDING,2000.0,15.0,0.22798165517363428,0.5720183448263658,1590.5067709713735,391.28226195429147,127.69545615458249,80.83101261212434,155.09697018032367,7.830508117776002,6.092072731443902,14.2,1639.889824739042,371.28226195429147,109.69545615458249,45.83101261212435,281.9944912369521,7.250470479422224,3.592072731443902,-49.38305376766857,20.0,18.0,34.99999999999999,-126.89752105662845,0.5800376383537786,2.5,-0.030113641186551642,0.05386737274958263,0.16409066182864,0.7636750314947424,-0.45,0.0800000000000001,0.6959769990500937,2,LUBRICATION_DEGRADATION,1.0,2026-01-01T00:02:00+00:00,True
2026-01-01T00:04:56Z,ENG-DATASET-002,MSN-LUBRICATION_DEGRADATION-002,LANDING,2000.0,15.0,0.23069385599929002,0.56930614400071,1603.4535957028515,393.7141111711734,127.56876331840357,80.80471300161325,155.5071905552041,7.9054267010258314,5.638147210570962,14.2,1654.8069292801486,373.7141111711734,109.56876331840357,45.80471300161325,282.7403464640074,7.319839537986881,3.138147210570962,-51.35333357729701,20.0,18.0,35.0,-127.23315590880333,0.5855871630389506,2.4999999999999996,-0.031032824838143524,0.05351684456688696,0.16428039757729615,0.7641135094278899,-0.44999999999999996,0.08000000000000003,0.7966484145736247,2,LUBRICATION_DEGRADATION,1.0,2026-01-01T00:02:00+00:00,True
2026-01-01T00:04:57Z,ENG-DATASET-002,MSN-LUBRICATION_DEGRADATION-002,LANDING,2000.0,15.0,0.23370732274496983,0.5662926772550302,1618.388726253343,396.41907673772295,127.52236390500629,80.78574343124276,155.96297740048817,7.988749177315969,5.877621986253882,14.2,1671.3809963813878,376.41907673772295,109.52236390500629,45.78574343124277,283.5690498190694,7.396989978996268,3.377621986253881,-52.992270128044765,20.0,18.0,34.99999999999999,-127.60607241858122,0.5917591983197017,2.5000000000000004,-0.031705679460742535,0.053132269951173,0.16434999536361555,0.7644300906145619,-0.44999999999999996,0.08000000000000004,0.7401657172337243,2,LUBRICATION_DEGRADATION,1.0,2026-01-01T00:02:00+00:00,True
2026-01-01T00:04:58Z,ENG-DATASET-002,MSN-LUBRICATION_DEGRADATION-002,LANDING,2000.0,15.0,0.2369750312699874,0.5630249687300126,1635.4547986766065,399.35582021983697,127.55402302000158,80.7743403697809,156.4572183148971,8.079199245997888,6.494096734999341,14.2,1689.3533932689845,379.35582021983697,109.55402302000158,45.774340369780894,284.4676696634492,7.480740042590636,3.9940967349993413,-53.898594592378004,20.0,18.0,35.00000000000001,-128.01045134855212,0.598459203407252,2.5,-0.0319048665644087,0.05272095202970653,0.16430250121178744,0.7646205213938191,-0.4499999999999999,0.08000000000000015,0.6259237484393108,2,LUBRICATION_DEGRADATION,1.0,2026-01-01T00:02:00+00:00,True
2026-01-01T00:04:59Z,ENG-DATASET-002,MSN-LUBRICATION_DEGRADATION-002,LANDING,2000.0,15.0,0.24044599007572326,0.5595540099242767,1654.593259568274,402.479296237174,127.66060312393077,80.7706245949561,156.98220083426463,8.175386909506866,6.633304201266038,14.2,1708.4436667005314,382.479296237174,109.66060312393077,45.77062459495611,285.4221833350266,7.569802693987839,4.133304201266038,-53.85040713225726,20.0,18.0,34.99999999999999,-128.43998250076197,0.605584215519027,2.5,-0.03152015379954378,0.05229041204781467,0.16414281416688595,0.764682595217566,-0.45,0.07999999999999999,0.6048429726595602,2,LUBRICATION_DEGRADATION,1.0,2026-01-01T00:02:00+00:00,True
2026-01-01T00:05:00Z,ENG-DATASET-002,MSN-LUBRICATION_DEGRADATION-002,TAKEOFF,2000.0,15.0,0.8940660360109062,0.7559339639890938,5125.494413625521,1119.8380403230901,145.69049381961494,82.63293254682262,252.40473278196106,27.03425471587201,11.701546459118754,14.2,5178.353919344037,1099.8380403230901,127.69049381961494,47.632932546822616,458.9176959672019,25.031717329511117,9.201546459118754,-52.85950571851663,20.0,18.0,35.0,-206.51296318524084,2.002537386360892,2.5,-0.010207781573417939,0.018184495595483102,0.1409658578455193,0.734785748611959,-0.44999999999999996,0.0800000000000001,0.2716934605620009,2,LUBRICATION_DEGRADATION,1.0,2026-01-01T00:02:00+00:00,True
2026-01-01T00:00:01Z,ENG-DATASET-003,MSN-LUBRICATION_DEGRADATION-003,TAKEOFF,500.0,10.0,0.9037402420015569,0.7462597579984431,5283.09261046026,1115.5329722968067,46.88832430742017,18.387488926357058,464.15463052301305,31.171182376542873,9.536865453801068,14.2,5283.09261046026,1115.5329722968067,46.88832430742017,18.387488926357058,464.15463052301305,31.171182376542873,9.536865453801068,0.0,0.0,0.0,0.0,0.0,0.0,0.0,0.0,0.0,0.0,0.0,0.0,0.0,0.0,3,LUBRICATION_DEGRADATION,0.0,2026-01-01T00:02:00+00:00,False
2026-01-01T00:00:02Z,ENG-DATASET-003,MSN-LUBRICATION_DEGRADATION-003,TAKEOFF,500.0,10.0,0.9074221187776357,0.7425778812223643,5303.342932728694,1119.6894851102556,71.19172900443455,21.64824466893621,465.1671466364347,31.312389725115096,9.008608306799909,14.2,5303.342932728694,1119.6894851102556,71.19172900443455,21.64824466893621,465.1671466364347,31.312389725115096,9.008608306799909,0.0,0.0,0.0,0.0,0.0,0.0,0.0,0.0,0.0,0.0,0.0,0.0,0.0,0.0,3,LUBRICATION_DEGRADATION,0.0,2026-01-01T00:02:00+00:00,False
2026-01-01T00:00:03Z,ENG-DATASET-003,MSN-LUBRICATION_DEGRADATION-003,TAKEOFF,500.0,10.0,0.9109881758725814,0.7390118241274186,5322.956246750895,1123.721290695219,93.16558837137157,24.78706079394302,466.14781233754474,31.449342223298576,9.097915438512377,14.2,5322.956246750895,1123.721290695219,93.16558837137157,24.78706079394302,466.14781233754474,31.449342223298576,9.097915438512377,0.0,0.0,0.0,0.0,0.0,0.0,0.0,0.0,0.0,0.0,0.0,0.0,0.0,0.0,3,LUBRICATION_DEGRADATION,0.0,2026-01-01T00:02:00+00:00,False
2026-01-01T00:00:04Z,ENG-DATASET-003,MSN-LUBRICATION_DEGRADATION-003,TAKEOFF,500.0,10.0,0.9143827661581261,0.7356172338418739,5341.626493321391,1127.5647703422144,113.03814879278977,27.808406631772282,467.0813246660695,31.57988098829462,9.70842217260372,14.2,5341.626493321391,1127.5647703422144,113.03814879278977,27.808406631772282,467.0813246660695,31.57988098829462,9.70842217260372,0.0,0.0,0.0,0.0,0.0,0.0,0.0,0.0,0.0,0.0,0.0,0.0,0.0,0.0,3,LUBRICATION_DEGRADATION,0.0,2026-01-01T00:02:00+00:00,False
2026-01-01T00:00:05Z,ENG-DATASET-003,MSN-LUBRICATION_DEGRADATION-003,TAKEOFF,500.0,10.0,0.9175529181882139,0.7324470818117861,5359.062329486874,1131.159017549825,131.0133093522564,30.716446617112393,467.9531164743437,31.701940208175117,9.995535235548072,14.2,5359.062329486874,1131.159017549825,131.0133093522564,30.716446617112393,467.9531164743437,31.701940208175117,9.995535235548072,0.0,0.0,0.0,0.0,0.0,0.0,0.0,0.0,0.0,0.0,0.0,0.0,0.0,0.0,3,LUBRICATION_DEGRADATION,0.0,2026-01-01T00:02:00+00:00,False
2026-01-01T00:00:06Z,ENG-DATASET-003,MSN-LUBRICATION_DEGRADATION-003,TAKEOFF,500.0,10.0,0.9204491628007,0.7295508371993,5374.991674855547,1134.4468460067783,147.27314956720022,33.51506082354482,468.74958374277736,31.81358115991774,9.575991804225273,14.2,5374.991674855547,1134.4468460067783,147.27314956720022,33.51506082354482,468.74958374277736,31.81358115991774,9.575991804225273,0.0,0.0,0.0,0.0,0.0,0.0,0.0,0.0,0.0,0.0,0.0,0.0,0.0,0.0,3,LUBRICATION_DEGRADATION,0.0,2026-01-01T00:02:00+00:00,False
2026-01-01T00:00:07Z,ENG-DATASET-003,MSN-LUBRICATION_DEGRADATION-003,TAKEOFF,500.0,10.0,0.9230263050670808,0.7269736949329192,5389.165957320642,1137.375750421596,161.9802283710201,36.207866514735144,469.45829786603207,31.913024581680613,9.076512678927147,14.2,5389.165957320642,1137.375750421596,161.9802283710201,36.207866514735144,469.45829786603207,31.913024581680613,9.076512678927147,0.0,0.0,0.0,0.0,0.0,0.0,0.0,0.0,0.0,0.0,0.0,0.0,0.0,0.0,3,LUBRICATION_DEGRADATION,0.0,2026-01-01T00:02:00+00:00,False
2026-01-01T00:00:08Z,ENG-DATASET-003,MSN-LUBRICATION_DEGRADATION-003,TAKEOFF,500.0,10.0,0.925244129544237,0.7247558704557631,5401.363991945001,1139.8988009365266,175.27967555733125,38.79824051274727,470.06819959725004,31.998680761979283,9.235514388915414,14.2,5401.363991945001,1139.8988009365266,175.27967555733125,38.79824051274727,470.06819959725004,31.998680761979283,9.235514388915414,0.0,0.0,0.0,0.0,0.0,0.0,0.0,0.0,0.0,0.0,0.0,0.0,0.0,0.0,3,LUBRICATION_DEGRADATION,0.0,2026-01-01T00:02:00+00:00,False
2026-01-01T00:00:09Z,ENG-DATASET-003,MSN-LUBRICATION_DEGRADATION-003,TAKEOFF,500.0,10.0,0.9270680278229729,0.7229319721770271,5411.395432478048,1141.975452433303,187.3010943124307,41.289342165788284,470.5697716239024,32.06917672964342,9.844841650988792,14.2,5411.395432478048,1141.975452433303,187.3010943124307,41.289342165788284,470.5697716239024,32.06917672964342,9.844841650988792,0.0,0.0,0.0,0.0,0.0,0.0,0.0,0.0,0.0,0.0,0.0,0.0,0.0,0.0,3,LUBRICATION_DEGRADATION,0.0,2026-01-01T00:02:00+00:00,False
2026-01-01T00:00:10Z,ENG-DATASET-003,MSN-LUBRICATION_DEGRADATION-003,TAKEOFF,500.0,10.0,0.9284695385806676,0.7215304614193324,5419.103741645369,1143.5722512042582,198.16029116129408,43.68413668308312,470.9551870822685,32.1233799686546,10.047679854714854,14.2,5419.103741645369,1143.5722512042582,198.16029116129408,43.68413668308312,470.9551870822685,32.1233799686546,10.047679854714854,0.0,0.0,0.0,0.0,0.0,0.0,0.0,0.0,0.0,0.0,0.0,0.0,0.0,0.0,3,LUBRICATION_DEGRADATION,0.0,2026-01-01T00:02:00+00:00,False
2026-01-01T00:00:11Z,ENG-DATASET-003,MSN-LUBRICATION_DEGRADATION-003,TAKEOFF,500.0,10.0,0.9294267917106946,0.7205732082893054,5424.3686338605185,1144.6634232218898,207.96084762571192,45.98541859380527,471.21843169302593,32.1604181410845,9.565840400219008,14.2,5424.3686338605185,1144.6634232218898,207.96084762571192,45.98541859380527,471.21843169302593,32.1604181410845,9.565840400219008,0.0,0.0,0.0,0.0,0.0,0.0,0.0,0.0,0.0,0.0,0.0,0.0,0.0,0.0,3,LUBRICATION_DEGRADATION,0.0,2026-01-01T00:02:00+00:00,False
2026-01-01T00:00:12Z,ENG-DATASET-003,MSN-LUBRICATION_DEGRADATION-003,TAKEOFF,500.0,10.0,0.9299248495981216,0.7200751504018784,5427.107952241366,1145.2313305598898,216.79554612713798,48.19583508021146,471.3553976120683,32.1796943782664,9.098121028679241,14.2,5427.107952241366,1145.2313305598898,216.79554612713798,48.19583508021146,471.3553976120683,32.1796943782664,9.098121028679241,0.0,0.0,0.0,0.0,0.0,0.0,0.0,0.0,0.0,0.0,0.0,0.0,0.0,0.0,3,LUBRICATION_DEGRADATION,0.0,2026-01-01T00:02:00+00:00,False
2026-01-01T00:00:13Z,ENG-DATASET-003,MSN-LUBRICATION_DEGRADATION-003,TAKEOFF,500.0,10.0,0.929955940216195,0.720044059783805,5427.27895064077,1145.2667853348885,224.7476611477964,50.31790893244253,471.3639475320385,32.18089779297805,9.319023031011373,14.2,5427.27895064077,1145.2667853348885,224.7476611477964,50.31790893244253,471.3639475320385,32.18089779297805,9.319023031011373,0.0,0.0,0.0,0.0,0.0,0.0,0.0,0.0,0.0,0.0,0.0,0.0,0.0,0.0,3,LUBRICATION_DEGRADATION,0.0,2026-01-01T00:02:00+00:00,False
2026-01-01T00:00:14Z,ENG-DATASET-003,MSN-LUBRICATION_DEGRADATION-003,TAKEOFF,500.0,10.0,0.9295195784062181,0.7204804215937819,5424.878960685897,1144.7692137579122,231.89212537696457,52.354060873893935,471.2439480342949,32.16400897083325,9.912340852136293,14.2,5424.878960685897,1144.7692137579122,231.89212537696457,52.354060873893935,471.2439480342949,32.16400897083325,9.912340852136293,0.0,0.0,0.0,0.0,0.0,0.0,0.0,0.0,0.0,0.0,0.0,0.0,0.0,0.0,3,LUBRICATION_DEGRADATION,0.0,2026-01-01T00:02:00+00:00,False
2026-01-01T00:00:15Z,ENG-DATASET-003,MSN-LUBRICATION_DEGRADATION-003,TAKEOFF,500.0,10.0,0.9286225734482908,0.7213774265517092,5419.945433417297,1143.7466663911705,238.29657949904737,54.306631011596984,470.99727167086485,32.1293003135728,10.024177786617608,14.2,5419.945433417297,1143.7466663911705,238.29657949904737,54.306631011596984,470.99727167086485,32.1293003135728,10.024177786617608,0.0,0.0,0.0,0.0,0.0,0.0,0.0,0.0,0.0,0.0,0.0,0.0,0.0,0.0,3,LUBRICATION_DEGRADATION,0.0,2026-01-01T00:02:00+00:00,False
2026-01-01T00:00:16Z,ENG-DATASET-003,MSN-LUBRICATION_DEGRADATION-003,TAKEOFF,500.0,10.0,0.9272789228047704,0.7227210771952296,5412.555354877935,1142.2156743653497,244.02231340827637,56.177899175593055,470.62776774389675,32.07733122627391,9.4863632859935,14.2,5412.555354877935,1142.2156743653497,244.02231340827637,56.177899175593055,470.62776774389675,32.07733122627391,9.4863632859935,0.0,0.0,0.0,0.0,0.0,0.0,0.0,0.0,0.0,0.0,0.0,0.0,0.0,0.0,3,LUBRICATION_DEGRADATION,0.0,2026-01-01T00:02:00+00:00,False
2026-01-01T00:00:17Z,ENG-DATASET-003,MSN-LUBRICATION_DEGRADATION-003,TAKEOFF,500.0,10.0,0.9255095936945535,0.7244904063054465,5402.824044771742,1140.2009549817576,249.12510594199267,57.97010392467162,470.1412022385871,32.00893826012877,9.057510776320086,14.2,5402.824044771742,1140.2009549817576,249.12510594199267,57.97010392467162,470.1412022385871,32.00893826012877,9.057510776320086,0.0,0.0,0.0,0.0,0.0,0.0,0.0,0.0,0.0,0.0,0.0,0.0,0.0,0.0,3,LUBRICATION_DEGRADATION,0.0,2026-01-01T00:02:00+00:00,False
2026-01-01T00:00:18Z,ENG-DATASET-003,MSN-LUBRICATION_DEGRADATION-003,TAKEOFF,500.0,10.0,0.9233421959066377,0.7266578040933623,5390.9033569382045,1137.734973658602,253.65596968925846,59.68546001286343,469.54516784691026,31.925220437831772,9.336356391004616,14.2,5390.9033569382045,1137.734973658602,253.65596968925846,59.68546001286343,469.54516784691026,31.925220437831772,9.336356391004616,0.0,0.0,0.0,0.0,0.0,0.0,0.0,0.0,0.0,0.0,0.0,0.0,0.0,0.0,3,LUBRICATION_DEGRADATION,0.0,2026-01-01T00:02:00+00:00,False
2026-01-01T00:00:19Z,ENG-DATASET-003,MSN-LUBRICATION_DEGRADATION-003,TAKEOFF,500.0,10.0,0.9208105509585982,0.7291894490414018,5376.979309723988,1134.8573724456687,257.6618070314743,61.32617413146081,468.8489654861994,31.827520095465513,9.904208835666534,14.2,5376.979309723988,1134.8573724456687,257.6618070314743,61.32617413146081,468.8489654861994,31.827520095465513,9.904208835666534,0.0,0.0,0.0,0.0,0.0,0.0,0.0,0.0,0.0,0.0,0.0,0.0,0.0,0.0,3,LUBRICATION_DEGRADATION,0.0,2026-01-01T00:02:00+00:00,False
2026-01-01T00:00:20Z,ENG-DATASET-003,MSN-LUBRICATION_DEGRADATION-003,TAKEOFF,500.0,10.0,0.9179541643231187,0.7320458356768813,5361.26918322885,1131.6142782073669,261.18598328351106,62.89445876475363,468.0634591614425,31.71739966930449,9.925097748517373,14.2,5361.26918322885,1131.6142782073669,261.18598328351106,62.89445876475363,468.0634591614425,31.71739966930449,9.925097748517373,0.0,0.0,0.0,0.0,0.0,0.0,0.0,0.0,0.0,0.0,0.0,0.0,0.0,0.0,3,LUBRICATION_DEGRADATION,0.0,2026-01-01T00:02:00+00:00,False
2026-01-01T00:00:21Z,ENG-DATASET-003,MSN-LUBRICATION_DEGRADATION-003,TAKEOFF,500.0,10.0,0.9148176089583027,0.7351823910416974,5344.018128722362,1128.0575059642908,264.26882260426726,64.39254402375089,467.20090643611815,31.596614935096966,9.343797952186902,14.2,5344.018128722362,1128.0575059642908,264.26882260426726,64.39254402375089,467.20090643611815,31.596614935096966,9.343797952186902,0.0,0.0,0.0,0.0,0.0,0.0,0.0,0.0,0.0,0.0,0.0,0.0,0.0,0.0,3,LUBRICATION_DEGRADATION,0.0,2026-01-01T00:02:00+00:00,False
2026-01-01T00:00:22Z,ENG-DATASET-003,MSN-LUBRICATION_DEGRADATION-003,TAKEOFF,500.0,10.0,0.91144982976157,0.7385501702384301,5325.495343140332,1124.2436747199438,266.9480322118391,65.82268735049128,466.2747671570166,31.4670852689494,8.965343988482001,14.2,5325.495343140332,1124.2436747199438,266.9480322118391,65.82268735049128,466.2747671570166,31.4670852689494,8.965343988482001,0.0,0.0,0.0,0.0,0.0,0.0,0.0,0.0,0.0,0.0,0.0,0.0,0.0,0.0,3,LUBRICATION_DEGRADATION,0.0,2026-01-01T00:02:00+00:00,False
2026-01-01T00:00:23Z,ENG-DATASET-003,MSN-LUBRICATION_DEGRADATION-003,TAKEOFF,500.0,10.0,0.9079033798009026,0.7420966201990974,5305.989868356662,1120.2332543448642,269.2590603492768,67.18718101568427,465.2994934178331,31.33086154169872,9.302110239733482,14.2,5305.989868356662,1120.2332543448642,269.2590603492768,67.18718101568427,465.2994934178331,31.33086154169872,9.302110239733482,0.0,0.0,0.0,0.0,0.0,0.0,0.0,0.0,0.0,0.0,0.0,0.0,0.0,0.0,3,LUBRICATION_DEGRADATION,0.0,2026-01-01T00:02:00+00:00,False
2026-01-01T00:00:24Z,ENG-DATASET-003,MSN-LUBRICATION_DEGRADATION-003,TAKEOFF,500.0,10.0,0.904233600241796,0.745766399758204,5285.8060807815755,1116.0895627392008,271.23539338282916,68.48835736389071,464.29030403907876,31.19009228236743,9.840210084685879,14.2,5285.8060807815755,1116.0895627392008,271.23539338282916,68.48835736389071,464.29030403907876,31.19009228236743,9.840210084685879,0.0,0.0,0.0,0.0,0.0,0.0,0.0,0.0,0.0,0.0,0.0,0.0,0.0,0.0,3,LUBRICATION_DEGRADATION,0.0,2026-01-01T00:02:00+00:00,False
2026-01-01T00:00:25Z,ENG-DATASET-003,MSN-LUBRICATION_DEGRADATION-003,TAKEOFF,500.0,10.0,0.9004977567668805,0.7495022432331195,5265.25894166954,1111.877732570793,272.90879735881606,69.72859179275244,463.262947083477,31.046988751641205,9.776218876619051,14.2,5265.25894166954,1111.877732570793,272.90879735881606,69.72859179275244,463.262947083477,31.046988751641205,9.776218876619051,0.0,0.0,0.0,0.0,0.0,0.0,0.0,0.0,0.0,0.0,0.0,0.0,0.0,0.0,3,LUBRICATION_DEGRADATION,0.0,2026-01-01T00:02:00+00:00,False
2026-01-01T00:00:26Z,ENG-DATASET-003,MSN-LUBRICATION_DEGRADATION-003,TAKEOFF,500.0,10.0,0.8967541459640967,0.7532458540359033,5244.66908225423,1107.6636664390426,274.30950928391053,70.91030348540545,462.2334541127115,30.903789554790286,9.16872803910154,14.2,5244.66908225423,1107.6636664390426,274.30950928391053,70.91030348540545,462.2334541127115,30.903789554790286,9.16872803910154,0.0,0.0,0.0,0.0,0.0,0.0,0.0,0.0,0.0,0.0,0.0,0.0,0.0,0.0,3,LUBRICATION_DEGRADATION,0.0,2026-01-01T00:02:00+00:00,False
2026-01-01T00:00:27Z,ENG-DATASET-003,MSN-LUBRICATION_DEGRADATION-003,TAKEOFF,500.0,10.0,0.8930611856279393,0.7569388143720607,5224.357800405363,1103.512998416575,275.46638331593385,72.0359539476472,461.21789002026816,30.76272539724411,8.854918876383973,14.2,5224.357800405363,1103.512998416575,275.46638331593385,72.0359539476472,461.21789002026816,30.76272539724411,8.854918876383973,0.0,0.0,0.0,0.0,0.0,0.0,0.0,0.0,0.0,0.0,0.0,0.0,0.0,0.0,3,LUBRICATION_DEGRADATION,0.0,2026-01-01T00:02:00+00:00,False
2026-01-01T00:00:28Z,ENG-DATASET-003,MSN-LUBRICATION_DEGRADATION-003,TAKEOFF,500.0,10.0,0.8894765031693115,0.7605234968306887,5204.64204688291,1099.4900786570888,276.4069969507677,73.10804343316445,460.2321023441455,30.625984547767185,9.251670710185254,14.2,5204.64204688291,1099.4900786570888,276.4069969507677,73.10804343316445,460.2321023441455,30.625984547767185,9.251670710185254,0.0,0.0,0.0,0.0,0.0,0.0,0.0,0.0,0.0,0.0,0.0,0.0,0.0,0.0,3,LUBRICATION_DEGRADATION,0.0,2026-01-01T00:02:00+00:00,False
2026-01-01T00:00:29Z,ENG-DATASET-003,MSN-LUBRICATION_DEGRADATION-003,TAKEOFF,500.0,10.0,0.8860560363590517,0.7639439636409483,5185.829479426482,1095.656996223623,277.15772216128147,74.12910537066516,459.29147397132414,30.495679526792735,9.758818423518019,14.2,5185.829479426482,1095.656996223623,277.15772216128147,74.12910537066516,459.29147397132414,30.495679526792735,9.758818423518019,0.0,0.0,0.0,0.0,0.0,0.0,0.0,0.0,0.0,0.0,0.0,0.0,0.0,0.0,3,LUBRICATION_DEGRADATION,0.0,2026-01-01T00:02:00+00:00,False
2026-01-01T00:00:30Z,ENG-DATASET-003,MSN-LUBRICATION_DEGRADATION-003,CLIMB,2500.0,10.0,0.7628531604377298,0.6671468395622704,4506.864631473722,941.2802187416,273.9739554136933,74.15421015626579,425.3432315736861,20.54237373969397,8.4274662753309,14.2,4506.864631473722,941.2802187416,273.9739554136933,74.15421015626579,425.3432315736861,20.54237373969397,8.4274662753309,0.0,0.0,0.0,0.0,0.0,0.0,0.0,0.0,0.0,0.0,0.0,0.0,0.0,0.0,3,LUBRICATION_DEGRADATION,0.0,2026-01-01T00:02:00+00:00,False
2026-01-01T00:00:31Z,ENG-DATASET-003,MSN-LUBRICATION_DEGRADATION-003,CLIMB,2500.0,10.0,0.7599178552128679,0.6700821447871321,4490.720452736982,938.1248379884323,271.0296808220348,74.17244013999267,424.5360226368491,20.45767446472751,7.8129071597466035,14.2,4490.720452736982,938.1248379884323,271.0296808220348,74.17244013999267,424.5360226368491,20.45767446472751,7.8129071597466035,0.0,0.0,0.0,0.0,0.0,0.0,0.0,0.0,0.0,0.0,0.0,0.0,0.0,0.0,3,LUBRICATION_DEGRADATION,0.0,2026-01-01T00:02:00+00:00,False
2026-01-01T00:00:32Z,ENG-DATASET-003,MSN-LUBRICATION_DEGRADATION-003,CLIMB,2500.0,10.0,0.7572959251407622,0.6727040748592379,4476.2998373404,935.3095200421992,268.3094507408863,74.18469706422627,423.81499186702,20.382095475485553,7.577584299939157,14.2,4476.2998373404,935.3095200421992,268.3094507408863,74.18469706422627,423.81499186702,20.382095475485553,7.577584299939157,0.0,0.0,0.0,0.0,0.0,0.0,0.0,0.0,0.0,0.0,0.0,0.0,0.0,0.0,3,LUBRICATION_DEGRADATION,0.0,2026-01-01T00:02:00+00:00,False
2026-01-01T00:00:33Z,ENG-DATASET-003,MSN-LUBRICATION_DEGRADATION-003,CLIMB,2500.0,10.0,0.7550282845632604,0.6749717154367396,4463.82781416414,932.8770488897327,265.80043188904096,74.19192843033552,423.191390708207,20.316788199216646,8.035417391033628,14.2,4463.82781416414,932.8770488897327,265.80043188904096,74.19192843033552,423.191390708207,20.316788199216646,8.035417391033628,0.0,0.0,0.0,0.0,0.0,0.0,0.0,0.0,0.0,0.0,0.0,0.0,0.0,0.0,3,LUBRICATION_DEGRADATION,0.0,2026-01-01T00:02:00+00:00,False
2026-01-01T00:00:34Z,ENG-DATASET-003,MSN-LUBRICATION_DEGRADATION-003,CLIMB,2500.0,10.0,0.7531503192531426,0.6768496807468575,4453.499004958491,930.864278835767,263.491995671031,74.19511461118017,422.6749502479246,20.262744860486798,8.510396323622397,14.2,4453.499004958491,930.864278835767,263.491995671031,74.19511461118017,422.6749502479246,20.262744860486798,8.510396323622397,0.0,0.0,0.0,0.0,0.0,0.0,0.0,0.0,0.0,0.0,0.0,0.0,0.0,0.0,3,LUBRICATION_DEGRADATION,0.0,2026-01-01T00:02:00+00:00,False
2026-01-01T00:00:35Z,ENG-DATASET-003,MSN-LUBRICATION_DEGRADATION-003,CLIMB,2500.0,10.0,0.7516913342309711,0.6783086657690289,4445.474587336549,929.3016271168876,261.37533678185014,74.1952553747467,422.27372936682747,20.220784646728596,8.305397793465364,14.2,4445.474587336549,929.3016271168876,261.37533678185014,74.1952553747467,422.27372936682747,20.220784646728596,8.305397793465364,0.0,0.0,0.0,0.0,0.0,0.0,0.0,0.0,0.0,0.0,0.0,0.0,0.0,0.0,3,LUBRICATION_DEGRADATION,0.0,2026-01-01T00:02:00+00:00,False
2026-01-01T00:00:36Z,ENG-DATASET-003,MSN-LUBRICATION_DEGRADATION-003,CLIMB,2500.0,10.0,0.7506740964700471,0.6793259035299529,4439.879779651467,928.2126599219542,259.443119601714,74.1933560322487,421.99398898257334,20.191542402501426,7.701196415519737,14.2,4439.879779651467,928.2126599219542,259.443119601714,74.1933560322487,421.99398898257334,20.191542402501426,7.701196415519737,0.0,0.0,0.0,0.0,0.0,0.0,0.0,0.0,0.0,0.0,0.0,0.0,0.0,0.0,3,LUBRICATION_DEGRADATION,0.0,2026-01-01T00:02:00+00:00,False
2026-01-01T00:00:37Z,ENG-DATASET-003,MSN-LUBRICATION_DEGRADATION-003,CLIMB,2500.0,10.0,0.7501144796254057,0.6798855203745944,4436.801887005939,927.6137746397478,257.6891520075363,74.19041342976135,421.8400943502969,20.175459940265235,7.554407415933285,14.2,4436.801887005939,927.6137746397478,257.6891520075363,74.19041342976135,421.8400943502969,20.175459940265235,7.554407415933285,0.0,0.0,0.0,0.0,0.0,0.0,0.0,0.0,0.0,0.0,0.0,0.0,0.0,0.0,3,LUBRICATION_DEGRADATION,0.0,2026-01-01T00:02:00+00:00,False
2026-01-01T00:00:38Z,ENG-DATASET-003,MSN-LUBRICATION_DEGRADATION-003,CLIMB,2500.0,10.0,0.7500212163307387,0.6799787836692613,4436.288938885271,927.5139803072963,256.1080863144651,74.18740200478415,421.8144469442635,20.17278003057351,8.070375462146824,14.2,4436.288938885271,927.5139803072963,256.1080863144651,74.18740200478415,421.8144469442635,20.17278003057351,8.070375462146824,0.0,0.0,0.0,0.0,0.0,0.0,0.0,0.0,0.0,0.0,0.0,0.0,0.0,0.0,3,LUBRICATION_DEGRADATION,0.0,2026-01-01T00:02:00+00:00,False
2026-01-01T00:00:39Z,ENG-DATASET-003,MSN-LUBRICATION_DEGRADATION-003,CLIMB,2500.0,10.0,0.7503957619285668,0.6796042380714332,4438.348939673326,927.9147775231269,254.69514712109674,74.1852601280017,421.9174469836663,20.183543112824815,8.509059704551797,14.2,4438.348939673326,927.9147775231269,254.69514712109674,74.1852601280017,421.9174469836663,20.183543112824815,8.509059704551797,0.0,0.0,0.0,0.0,0.0,0.0,0.0,0.0,0.0,0.0,0.0,0.0,0.0,0.0,3,LUBRICATION_DEGRADATION,0.0,2026-01-01T00:02:00+00:00,False
2026-01-01T00:00:40Z,ENG-DATASET-003,MSN-LUBRICATION_DEGRADATION-003,CLIMB,2500.0,10.0,0.7512322717601059,0.6787677282398942,4442.94974374679,928.8101384820873,253.44588587103925,74.18487694595362,422.1474871873395,20.20758674825874,8.245285155766014,14.2,4442.94974374679,928.8101384820873,253.44588587103925,74.18487694595362,422.1474871873395,20.20758674825874,8.245285155766014,0.0,0.0,0.0,0.0,0.0,0.0,0.0,0.0,0.0,0.0,0.0,0.0,0.0,0.0,3,LUBRICATION_DEGRADATION,0.0,2026-01-01T00:02:00+00:00,False
2026-01-01T00:00:41Z,ENG-DATASET-003,MSN-LUBRICATION_DEGRADATION-003,CLIMB,2500.0,10.0,0.7525176923692127,0.6774823076307873,4450.019557096878,930.1865872384966,252.35596196489774,74.18707993240568,422.5009778548439,20.244547818745268,7.664363894610883,14.2,4450.019557096878,930.1865872384966,252.35596196489774,74.18707993240568,422.5009778548439,20.244547818745268,7.664363894610883,0.0,0.0,0.0,0.0,0.0,0.0,0.0,0.0,0.0,0.0,0.0,0.0,0.0,0.0,3,LUBRICATION_DEGRADATION,0.0,2026-01-01T00:02:00+00:00,False
2026-01-01T00:00:42Z,ENG-DATASET-003,MSN-LUBRICATION_DEGRADATION-003,CLIMB,2500.0,10.0,0.7542319651972023,0.6757680348027978,4459.44805765082,932.0233797642514,251.42095026251425,74.19262334505564,422.972402882541,20.293867457002168,7.609952230735846,14.2,4459.44805765082,932.0233797642514,251.42095026251425,74.19262334505564,422.972402882541,20.293867457002168,7.609952230735846,0.0,0.0,0.0,0.0,0.0,0.0,0.0,0.0,0.0,0.0,0.0,0.0,0.0,0.0,3,LUBRICATION_DEGRADATION,0.0,2026-01-01T00:02:00+00:00,False
2026-01-01T00:00:43Z,ENG-DATASET-003,MSN-LUBRICATION_DEGRADATION-003,CLIMB,2500.0,10.0,0.7563483395899472,0.6736516604100529,4471.088116810917,934.2927827894598,250.63617480599933,74.20217776998508,423.5544058405459,20.354798675072697,8.17518721796274,14.2,4471.088116810917,934.2927827894598,250.63617480599933,74.20217776998508,423.5544058405459,20.354798675072697,8.17518721796274,0.0,0.0,0.0,0.0,0.0,0.0,0.0,0.0,0.0,0.0,0.0,0.0,0.0,0.0,3,LUBRICATION_DEGRADATION,0.0,2026-01-01T00:02:00+00:00,False
2026-01-01T00:00:44Z,ENG-DATASET-003,MSN-LUBRICATION_DEGRADATION-003,CLIMB,2500.0,10.0,0.7588337902328882,0.6711662097671118,4484.758095347093,936.9604497492794,249.9965685691314,74.21632091920324,424.2379047673547,20.42641663715994,8.569014544766405,14.2,4484.758095347093,936.9604497492794,249.9965685691314,74.21632091920324,424.2379047673547,20.42641663715994,8.569014544766405,0.0,0.0,0.0,0.0,0.0,0.0,0.0,0.0,0.0,0.0,0.0,0.0,0.0,0.0,3,LUBRICATION_DEGRADATION,0.0,2026-01-01T00:02:00+00:00,False
2026-01-01T00:00:45Z,ENG-DATASET-003,MSN-LUBRICATION_DEGRADATION-003,CLIMB,2500.0,10.0,0.7616495325000231,0.668350467499977,4500.244677816335,939.985891372099,249.49655899652072,74.23552982698693,425.0122338908168,20.507631499347703,8.249220272580827,14.2,4500.244677816335,939.985891372099,249.49655899652072,74.23552982698693,425.0122338908168,20.507631499347703,8.249220272580827,0.0,0.0,0.0,0.0,0.0,0.0,0.0,0.0,0.0,0.0,0.0,0.0,0.0,0.0,3,LUBRICATION_DEGRADATION,0.0,2026-01-01T00:02:00+00:00,False
2026-01-01T00:00:46Z,ENG-DATASET-003,MSN-LUBRICATION_DEGRADATION-003,CLIMB,2500.0,10.0,0.7647516276750222,0.6652483723249778,4517.3062012788305,943.3230375004929,249.12997903438097,74.26017456880928,425.86531006394154,20.597203711664847,7.698904027780763,14.2,4517.3062012788305,943.3230375004929,249.12997903438097,74.26017456880928,425.86531006394154,20.597203711664847,7.698904027780763,0.0,0.0,0.0,0.0,0.0,0.0,0.0,0.0,0.0,0.0,0.0,0.0,0.0,0.0,3,LUBRICATION_DEGRADATION,0.0,2026-01-01T00:02:00+00:00,False
2026-01-01T00:00:47Z,ENG-DATASET-003,MSN-LUBRICATION_DEGRADATION-003,CLIMB,2500.0,10.0,0.7680916686002026,0.6619083313997974,4535.676426367322,946.9208856190086,248.8900032714181,74.29051360280909,426.7838213183661,20.693761646984147,7.733964788815819,14.2,4535.676426367322,946.9208856190086,248.8900032714181,74.29051360280909,426.7838213183661,20.693761646984147,7.733964788815819,0.0,0.0,0.0,0.0,0.0,0.0,0.0,0.0,0.0,0.0,0.0,0.0,0.0,0.0,3,LUBRICATION_DEGRADATION,0.0,2026-01-01T00:02:00+00:00,False
2026-01-01T00:00:48Z,ENG-DATASET-003,MSN-LUBRICATION_DEGRADATION-003,CLIMB,2500.0,10.0,0.7716175350540323,0.6583824649459677,4555.0686918633855,950.7242302677696,248.76910870097052,74.32669080835656,427.7534345931693,20.7958213863488,8.333753576639813,14.2,4555.0686918633855,950.7242302677696,248.76910870097052,74.32669080835656,427.7534345931693,20.7958213863488,8.333753576639813,0.0,0.0,0.0,0.0,0.0,0.0,0.0,0.0,0.0,0.0,0.0,0.0,0.0,0.0,3,LUBRICATION_DEGRADATION,0.0,2026-01-01T00:02:00+00:00,False
2026-01-01T00:00:49Z,ENG-DATASET-003,MSN-LUBRICATION_DEGRADATION-003,CLIMB,2500.0,10.0,0.7752742070697557,0.6547257929302444,4575.180387949864,954.6744660601232,248.75905948237656,74.36873426971358,428.7590193974932,20.90180845183402,8.67019513092708,14.2,4575.180387949864,954.6744660601232,248.75905948237656,74.36873426971358,428.7590193974932,20.90180845183402,8.67019513092708,0.0,0.0,0.0,0.0,0.0,0.0,0.0,0.0,0.0,0.0,0.0,0.0,0.0,0.0,3,LUBRICATION_DEGRADATION,0.0,2026-01-01T00:02:00+00:00,False
2026-01-01T00:00:50Z,ENG-DATASET-003,MSN-LUBRICATION_DEGRADATION-003,CLIMB,2500.0,10.0,0.7790046235035734,0.6509953764964267,4595.697678335861,958.7104554252061,248.85091491976905,74.41655682548397,429.7848839167931,21.01008123673228,8.293663859596647,14.2,4595.697678335861,958.7104554252061,248.85091491976905,74.41655682548397,429.7848839167931,21.01008123673228,8.293663859596647,0.0,0.0,0.0,0.0,0.0,0.0,0.0,0.0,0.0,0.0,0.0,0.0,0.0,0.0,3,LUBRICATION_DEGRADATION,0.0,2026-01-01T00:02:00+00:00,False
2026-01-01T00:00:51Z,ENG-DATASET-003,MSN-LUBRICATION_DEGRADATION-003,CLIMB,2500.0,10.0,0.7827505724547054,0.6472494275452947,4616.300397567086,962.7694505083447,249.03505969050076,74.4699583769258,430.8150198783543,21.11895583985569,7.776646093731739,14.2,4616.300397567086,962.7694505083447,249.03505969050076,74.4699583769258,430.8150198783543,21.11895583985569,7.776646093731739,0.0,0.0,0.0,0.0,0.0,0.0,0.0,0.0,0.0,0.0,0.0,0.0,0.0,0.0,3,LUBRICATION_DEGRADATION,0.0,2026-01-01T00:02:00+00:00,False
2026-01-01T00:00:52Z,ENG-DATASET-003,MSN-LUBRICATION_DEGRADATION-003,CLIMB,2500.0,10.0,0.7864535996426345,0.6435464003573655,4636.667047100697,966.7880569455713,249.30125514508995,74.52862992068582,431.8333523550349,21.2267319676161,7.893037308094588,14.2,4636.667047100697,966.7880569455713,249.30125514508995,74.52862992068582,431.8333523550349,21.2267319676161,7.893037308094588,0.0,0.0,0.0,0.0,0.0,0.0,0.0,0.0,0.0,0.0,0.0,0.0,0.0,0.0,3,LUBRICATION_DEGRADATION,0.0,2026-01-01T00:02:00+00:00,False
2026-01-01T00:00:53Z,ENG-DATASET-003,MSN-LUBRICATION_DEGRADATION-003,CLIMB,2500.0,10.0,0.7900559205666026,0.6399440794333975,4656.4798121825215,970.7032255586589,249.63871026954743,74.59215924454337,432.8239906091261,21.331719526129337,8.508883223336664,14.2,4656.4798121825215,970.7032255586589,249.63871026954743,74.59215924454337,432.8239906091261,21.331719526129337,8.508883223336664,0.0,0.0,0.0,0.0,0.0,0.0,0.0,0.0,0.0,0.0,0.0,0.0,0.0,0.0,3,LUBRICATION_DEGRADATION,0.0,2026-01-01T00:02:00+00:00,False
2026-01-01T00:00:54Z,ENG-DATASET-003,MSN-LUBRICATION_DEGRADATION-003,CLIMB,2500.0,10.0,0.7935013222134185,0.6364986777865815,4675.429521240009,974.45325647967,250.03617065458445,74.66003819874025,433.7714760620005,21.43226548799482,8.773781057817907,14.2,4675.429521240009,974.45325647967,250.03617065458445,74.66003819874025,433.7714760620005,21.43226548799482,8.773781057817907,0.0,0.0,0.0,0.0,0.0,0.0,0.0,0.0,0.0,0.0,0.0,0.0,0.0,0.0,3,LUBRICATION_DEGRADATION,0.0,2026-01-01T00:02:00+00:00,False
2026-01-01T00:00:55Z,ENG-DATASET-003,MSN-LUBRICATION_DEGRADATION-003,CLIMB,2500.0,10.0,0.7967360402427283,0.6332639597572718,4693.220470401213,977.9787989003294,250.48202356163424,74.73167143082787,434.66102352006067,21.526780586848723,8.338733006328981,14.2,4693.220470401213,977.9787989003294,250.48202356163424,74.73167143082787,434.66102352006067,21.526780586848723,8.338733006328981,0.0,0.0,0.0,0.0,0.0,0.0,0.0,0.0,0.0,0.0,0.0,0.0,0.0,0.0,3,LUBRICATION_DEGRADATION,0.0,2026-01-01T00:02:00+00:00,False
2026-01-01T00:00:56Z,ENG-DATASET-003,MSN-LUBRICATION_DEGRADATION-003,CLIMB,2500.0,10.0,0.7997095979615637,0.6302904020384363,4709.575037854808,981.2238286432189,250.96441692155128,74.80638644906966,435.47875189274043,21.613765369504378,7.855670715929938,14.2,4709.575037854808,981.2238286432189,250.96441692155128,74.80638644906966,435.47875189274043,21.613765369504378,7.855670715929938,0.0,0.0,0.0,0.0,0.0,0.0,0.0,0.0,0.0,0.0,0.0,0.0,0.0,0.0,3,LUBRICATION_DEGRADATION,0.0,2026-01-01T00:02:00+00:00,False
2026-01-01T00:00:57Z,ENG-DATASET-003,MSN-LUBRICATION_DEGRADATION-003,CLIMB,2500.0,10.0,0.8023755939962547,0.6276244060037454,4724.238016045608,984.136585154668,251.47138985826285,74.88344485865116,436.2119008022804,21.69183512254972,8.043001646785864,14.2,4724.238016045608,984.136585154668,251.47138985826285,74.88344485865116,436.2119008022804,21.69183512254972,8.043001646785864,0.0,0.0,0.0,0.0,0.0,0.0,0.0,0.0,0.0,0.0,0.0,0.0,0.0,0.0,3,LUBRICATION_DEGRADATION,0.0,2026-01-01T00:02:00+00:00,False
2026-01-01T00:00:58Z,ENG-DATASET-003,MSN-LUBRICATION_DEGRADATION-003,CLIMB,2500.0,10.0,0.8046924263703452,0.6253075736296548,4736.980594103106,986.670449397179,251.99101210736603,74.96205459659758,436.8490297051553,21.75974318944469,8.655953249498141,14.2,4736.980594103106,986.670449397179,251.99101210736603,74.96205459659758,436.8490297051553,21.75974318944469,8.655953249498141,0.0,0.0,0.0,0.0,0.0,0.0,0.0,0.0,0.0,0.0,0.0,0.0,0.0,0.0,3,LUBRICATION_DEGRADATION,0.0,2026-01-01T00:02:00+00:00,False
2026-01-01T00:00:59Z,ENG-DATASET-003,MSN-LUBRICATION_DEGRADATION-003,CLIMB,2500.0,10.0,0.8066239416895222,0.6233760583104778,4747.603928358581,988.784744528246,252.51152950983558,75.0413829756645,437.380196417929,21.816402206779536,8.836884175338664,14.2,4747.603928358581,988.784744528246,252.51152950983558,75.0413829756645,437.380196417929,21.816402206779536,8.836884175338664,0.0,0.0,0.0,0.0,0.0,0.0,0.0,0.0,0.0,0.0,0.0,0.0,0.0,0.0,3,LUBRICATION_DEGRADATION,0.0,2026-01-01T00:02:00+00:00,False
2026-01-01T00:01:00Z,ENG-DATASET-003,MSN-LUBRICATION_DEGRADATION-003,CLIMB,2500.0,10.0,0.8081399993032422,0.6218600006967578,4755.94224523404,990.4454422252609,253.02151261448356,75.12057033479618,437.79711226170195,21.86090281517487,8.343685935525148,14.2,4755.94224523404,990.4454422252609,253.02151261448356,75.12057033479618,437.79711226170195,21.86090281517487,8.343685935525148,0.0,0.0,0.0,0.0,0.0,0.0,0.0,0.0,0.0,0.0,0.0,0.0,0.0,0.0,3,LUBRICATION_DEGRADATION,0.0,2026-01-01T00:02:00+00:00,False
2026-01-01T00:01:01Z,ENG-DATASET-003,MSN-LUBRICATION_DEGRADATION-003,CLIMB,2500.0,10.0,0.8092169416395014,0.6207830583604986,4761.865428083465,991.6257590584838,253.5100053294973,75.19874408423512,438.09327140417327,21.89252944141458,7.896378886186918,14.2,4761.865428083465,991.6257590584838,253.5100053294973,75.19874408423512,438.09327140417327,21.89252944141458,7.896378886186918,0.0,0.0,0.0,0.0,0.0,0.0,0.0,0.0,0.0,0.0,0.0,0.0,0.0,0.0,3,LUBRICATION_DEGRADATION,0.0,2026-01-01T00:02:00+00:00,False
2026-01-01T00:01:02Z,ENG-DATASET-003,MSN-LUBRICATION_DEGRADATION-003,CLIMB,2500.0,10.0,0.8098379633733354,0.6201620366266647,4765.281047619552,992.306629401931,253.96667053159584,75.27503292716416,438.2640523809776,21.910772803166154,8.14534708383685,14.2,4765.281047619552,992.306629401931,253.96667053159584,75.27503292716416,438.2640523809776,21.910772803166154,8.14534708383685,0.0,0.0,0.0,0.0,0.0,0.0,0.0,0.0,0.0,0.0,0.0,0.0,0.0,0.0,3,LUBRICATION_DEGRADATION,0.0,2026-01-01T00:02:00+00:00,False
2026-01-01T00:01:03Z,ENG-DATASET-003,MSN-LUBRICATION_DEGRADATION-003,CLIMB,2500.0,10.0,0.8099933736682935,0.6200066263317066,4766.135804241822,992.4770439518311,254.38192957723203,75.34858103696597,438.30679021209113,21.91533885469261,8.739400058454637,14.2,4766.135804241822,992.4770439518311,254.38192957723203,75.34858103696597,438.30679021209113,21.91533885469261,8.739400058454637,0.0,0.0,0.0,0.0,0.0,0.0,0.0,0.0,0.0,0.0,0.0,0.0,0.0,0.0,3,LUBRICATION_DEGRADATION,0.0,2026-01-01T00:02:00+00:00,False
2026-01-01T00:01:04Z,ENG-DATASET-003,MSN-LUBRICATION_DEGRADATION-003,CLIMB,2500.0,10.0,0.8096807473987014,0.6203192526012986,4764.416359759065,992.1342459123841,254.74709276731843,75.41856196983652,438.2208179879533,21.906153969241128,8.828829012279344,14.2,4764.416359759065,992.1342459123841,254.74709276731843,75.41856196983652,438.2208179879533,21.906153969241128,8.828829012279344,0.0,0.0,0.0,0.0,0.0,0.0,0.0,0.0,0.0,0.0,0.0,0.0,0.0,0.0,3,LUBRICATION_DEGRADATION,0.0,2026-01-01T00:02:00+00:00,False
2026-01-01T00:01:05Z,ENG-DATASET-003,MSN-LUBRICATION_DEGRADATION-003,CLIMB,2500.0,10.0,0.8089049629929357,0.6210950370070644,4760.149545527354,991.2837802032527,255.05447799566792,75.48419209658071,438.0074772763677,21.883366238662894,8.282742427576048,14.2,4760.149545527354,991.2837802032527,255.05447799566792,75.48419209658071,438.0074772763677,21.883366238662894,8.282742427576048,0.0,0.0,0.0,0.0,0.0,0.0,0.0,0.0,0.0,0.0,0.0,0.0,0.0,0.0,3,LUBRICATION_DEGRADATION,0.0,2026-01-01T00:02:00+00:00,False
2026-01-01T00:01:06Z,ENG-DATASET-003,MSN-LUBRICATION_DEGRADATION-003,CLIMB,2500.0,10.0,0.8076781263071803,0.6223218736928198,4753.4019437557,989.9393945185425,255.2975150590647,75.54474334488363,437.670097187785,21.84734286018601,7.8766343608920915,14.2,4753.4019437557,989.9393945185425,255.2975150590647,75.54474334488363,437.670097187785,21.84734286018601,7.8766343608920915,0.0,0.0,0.0,0.0,0.0,0.0,0.0,0.0,0.0,0.0,0.0,0.0,0.0,0.0,3,LUBRICATION_DEGRADATION,0.0,2026-01-01T00:02:00+00:00,False
2026-01-01T00:01:07Z,ENG-DATASET-003,MSN-LUBRICATION_DEGRADATION-003,CLIMB,2500.0,10.0,0.8060193817175902,0.6239806182824098,4744.278848512954,988.1227945882107,255.4708334178635,75.59955505407524,437.2139424256477,21.798663670771003,8.18146022560838,14.2,4744.278848512954,988.1227945882107,255.4708334178635,75.59955505407524,437.2139424256477,21.798663670771003,8.18146022560838,0.0,0.0,0.0,0.0,0.0,0.0,0.0,0.0,0.0,0.0,0.0,0.0,0.0,0.0,3,LUBRICATION_DEGRADATION,0.0,2026-01-01T00:02:00+00:00,False
2026-01-01T00:01:08Z,ENG-DATASET-003,MSN-LUBRICATION_DEGRADATION-003,CLIMB,2500.0,10.0,0.8039546133787048,0.6260453866212953,4732.922622649084,985.8632594220776,255.5703315616291,75.64804475822142,436.64613113245423,21.738110977698305,8.745812441773214,14.2,4732.922622649084,985.8632594220776,255.5703315616291,75.64804475822142,436.64613113245423,21.738110977698305,8.745812441773214,0.0,0.0,0.0,0.0,0.0,0.0,0.0,0.0,0.0,0.0,0.0,0.0,0.0,0.0,3,LUBRICATION_DEGRADATION,0.0,2026-01-01T00:02:00+00:00,False
2026-01-01T00:01:09Z,ENG-DATASET-003,MSN-LUBRICATION_DEGRADATION-003,CLIMB,2500.0,10.0,0.8015160413098724,0.6284839586901276,4719.510476270507,983.1971255219433,255.5932265435148,75.68971773006409,435.97552381352534,21.666655916680867,8.742870322701998,14.2,4719.510476270507,983.1971255219433,255.5932265435148,75.68971773006409,435.97552381352534,21.666655916680867,8.742870322701998,0.0,0.0,0.0,0.0,0.0,0.0,0.0,0.0,0.0,0.0,0.0,0.0,0.0,0.0,3,LUBRICATION_DEGRADATION,0.0,2026-01-01T00:02:00+00:00,False
2026-01-01T00:01:10Z,ENG-DATASET-003,MSN-LUBRICATION_DEGRADATION-003,CLIMB,2500.0,10.0,0.7987417186126258,0.6312582813873743,4704.25170143565,980.1671519101177,255.53808268691625,75.72417513763855,435.21258507178254,21.585441642903326,8.155251285240748,14.2,4704.25170143565,980.1671519101177,255.53808268691625,75.72417513763855,435.21258507178254,21.585441642903326,8.155251285240748,0.0,0.0,0.0,0.0,0.0,0.0,0.0,0.0,0.0,0.0,0.0,0.0,0.0,0.0,3,LUBRICATION_DEGRADATION,0.0,2026-01-01T00:02:00+00:00,False
2026-01-01T00:01:11Z,ENG-DATASET-003,MSN-LUBRICATION_DEGRADATION-003,CLIMB,2500.0,10.0,0.7956749376647593,0.6343250623352408,4687.384406222383,976.8217802448252,255.40481892434525,75.7511206870143,434.3692203111192,21.495763723503828,7.800251477679002,14.2,4687.384406222383,976.8217802448252,255.40481892434525,75.7511206870143,434.3692203111192,21.495763723503828,7.800251477679002,0.0,0.0,0.0,0.0,0.0,0.0,0.0,0.0,0.0,0.0,0.0,0.0,0.0,0.0,3,LUBRICATION_DEGRADATION,0.0,2026-01-01T00:02:00+00:00,False
2026-01-01T00:01:12Z,ENG-DATASET-003,MSN-LUBRICATION_DEGRADATION-003,CLIMB,2500.0,10.0,0.7923635545572527,0.6376364454427473,4669.171799131098,973.2143062018605,255.19469468695723,75.77036564820003,433.4585899565549,21.399048150303013,8.159308933681677,14.2,4669.171799131098,973.2143062018605,255.19469468695723,75.77036564820003,433.4585899565549,21.399048150303013,8.159308933681677,0.0,0.0,0.0,0.0,0.0,0.0,0.0,0.0,0.0,0.0,0.0,0.0,0.0,0.0,3,LUBRICATION_DEGRADATION,0.0,2026-01-01T00:02:00+00:00,False
2026-01-01T00:01:13Z,ENG-DATASET-003,MSN-LUBRICATION_DEGRADATION-003,CLIMB,2500.0,10.0,0.7888592423159781,0.6411407576840219,4649.898081804088,969.4019796538279,254.91027470960722,75.78183218645576,432.4949040902044,21.296827427923848,8.688682881279226,14.2,4649.898081804088,969.4019796538279,254.91027470960722,75.78183218645576,432.4949040902044,21.296827427923848,8.688682881279226,0.0,0.0,0.0,0.0,0.0,0.0,0.0,0.0,0.0,0.0,0.0,0.0,0.0,0.0,3,LUBRICATION_DEGRADATION,0.0,2026-01-01T00:02:00+00:00,False
2026-01-01T00:01:14Z,ENG-DATASET-003,MSN-LUBRICATION_DEGRADATION-003,CLIMB,2500.0,10.0,0.785216684561413,0.644783315438587,4629.86401415398,965.4450519594766,254.55537353763341,75.78555494767214,431.493200707699,21.19071521444504,8.598915547555555,14.2,4629.86401415398,965.4450519594766,254.55537353763341,75.78555494767214,431.493200707699,21.19071521444504,8.598915547555555,0.0,0.0,0.0,0.0,0.0,0.0,0.0,0.0,0.0,0.0,0.0,0.0,0.0,0.0,3,LUBRICATION_DEGRADATION,0.0,2026-01-01T00:02:00+00:00,False
2026-01-01T00:01:15Z,ENG-DATASET-003,MSN-LUBRICATION_DEGRADATION-003,CLIMB,2500.0,10.0,0.7814927221890324,0.6485072778109676,4609.382221105886,961.4057889011757,254.13498090639948,75.7816808736951,430.4691110552943,21.082379999712277,7.986353386154833,14.2,4609.382221105886,961.4057889011757,254.13498090639948,75.7816808736951,430.4691110552943,21.082379999712277,7.986353386154833,0.0,0.0,0.0,0.0,0.0,0.0,0.0,0.0,0.0,0.0,0.0,0.0,0.0,0.0,3,LUBRICATION_DEGRADATION,0.0,2026-01-01T00:02:00+00:00,False
2026-01-01T00:01:16Z,ENG-DATASET-003,MSN-LUBRICATION_DEGRADATION-003,CLIMB,2500.0,10.0,0.7777454663861457,0.6522545336138543,4588.77231419001,957.3474675194988,253.655169503747,75.77046725107137,429.4386157095005,20.97351830135617,7.695617283588573,14.2,4588.77231419001,957.3474675194988,253.655169503747,75.77046725107137,429.4386157095005,20.97351830135617,7.695617283588573,0.0,0.0,0.0,0.0,0.0,0.0,0.0,0.0,0.0,0.0,0.0,0.0,0.0,0.0,3,LUBRICATION_DEGRADATION,0.0,2026-01-01T00:02:00+00:00,False
2026-01-01T00:01:17Z,ENG-DATASET-003,MSN-LUBRICATION_DEGRADATION-003,CLIMB,2500.0,10.0,0.774033391826255,0.6559666081737451,4568.35590411061,953.3333743528949,253.12298691219468,75.75227802423281,428.4177952055305,20.865827841928695,8.110049472300291,14.2,4568.35590411061,953.3333743528949,253.12298691219468,75.75227802423281,428.4177952055305,20.865827841928695,8.110049472300291,0.0,0.0,0.0,0.0,0.0,0.0,0.0,0.0,0.0,0.0,0.0,0.0,0.0,0.0,3,LUBRICATION_DEGRADATION,0.0,2026-01-01T00:02:00+00:00,False
2026-01-01T00:01:18Z,ENG-DATASET-003,MSN-LUBRICATION_DEGRADATION-003,CLIMB,2500.0,10.0,0.7704144241913318,0.6595855758086683,4548.451582118531,949.4258214760491,252.54633375787643,75.72757843119794,427.4225791059266,20.76098114426256,8.603026348911051,14.2,4548.451582118531,949.4258214760491,252.54633375787643,75.72757843119794,427.4225791059266,20.76098114426256,8.603026348911051,0.0,0.0,0.0,0.0,0.0,0.0,0.0,0.0,0.0,0.0,0.0,0.0,0.0,0.0,3,LUBRICATION_DEGRADATION,0.0,2026-01-01T00:02:00+00:00,False
2026-01-01T00:01:19Z,ENG-DATASET-003,MSN-LUBRICATION_DEGRADATION-003,CLIMB,2500.0,10.0,0.766945036260924,0.663054963739076,4529.36994850129,945.6851953312844,251.9338302653709,75.69692804602366,426.4684974250645,20.6605999483217,8.436219869394993,14.2,4529.36994850129,945.6851953312844,251.9338302653709,75.69692804602366,426.4684974250645,20.6605999483217,8.436219869394993,0.0,0.0,0.0,0.0,0.0,0.0,0.0,0.0,0.0,0.0,0.0,0.0,0.0,0.0,3,LUBRICATION_DEGRADATION,0.0,2026-01-01T00:02:00+00:00,False
2026-01-01T00:01:20Z,ENG-DATASET-003,MSN-LUBRICATION_DEGRADATION-003,CLIMB,2500.0,10.0,0.7636793666733189,0.6663206333266811,4511.408765769462,942.1690517553878,251.2946735327185,75.66097233708113,425.5704382884731,20.566230813686996,7.817882306117515,14.2,4511.408765769462,942.1690517553878,251.2946735327185,75.66097233708113,425.5704382884731,20.566230813686996,7.817882306117515,0.0,0.0,0.0,0.0,0.0,0.0,0.0,0.0,0.0,0.0,0.0,0.0,0.0,0.0,3,LUBRICATION_DEGRADATION,0.0,2026-01-01T00:02:00+00:00,False
2026-01-01T00:01:21Z,ENG-DATASET-003,MSN-LUBRICATION_DEGRADATION-003,CLIMB,2500.0,10.0,0.7606683751101996,0.6693316248898005,4494.848312172305,938.9312689095193,250.63848790218464,75.62043287337006,424.74241560861526,20.479322229605323,7.604967781845201,14.2,4494.848312172305,938.9312689095193,250.63848790218464,75.62043287337006,424.74241560861526,20.479322229605323,7.604967781845201,0.0,0.0,0.0,0.0,0.0,0.0,0.0,0.0,0.0,0.0,0.0,0.0,0.0,0.0,3,LUBRICATION_DEGRADATION,0.0,2026-01-01T00:02:00+00:00,False
2026-01-01T00:01:22Z,ENG-DATASET-003,MSN-LUBRICATION_DEGRADATION-003,CLIMB,2500.0,10.0,0.7579590470878561,0.6720409529121438,4479.947008049416,936.0212681050282,249.97517081459188,75.57609633216275,423.99735040247083,20.401203511249797,8.075846317106675,14.2,4479.947008049416,936.0212681050282,249.97517081459188,75.57609633216275,423.99735040247083,20.401203511249797,8.075846317106675,0.0,0.0,0.0,0.0,0.0,0.0,0.0,0.0,0.0,0.0,0.0,0.0,0.0,0.0,3,LUBRICATION_DEGRADATION,0.0,2026-01-01T00:02:00+00:00,False
2026-01-01T00:01:23Z,ENG-DATASET-003,MSN-LUBRICATION_DEGRADATION-003,CLIMB,2500.0,10.0,0.7555936607639192,0.6744063392360808,4466.937383267764,933.4833108544037,249.31473650449277,75.52880247995586,423.3468691633882,20.333065718255064,8.531906022234311,14.2,4466.937383267764,933.4833108544037,249.31473650449277,75.52880247995586,423.3468691633882,20.333065718255064,8.531906022234311,0.0,0.0,0.0,0.0,0.0,0.0,0.0,0.0,0.0,0.0,0.0,0.0,0.0,0.0,3,LUBRICATION_DEGRADATION,0.0,2026-01-01T00:02:00+00:00,False
2026-01-01T00:01:24Z,ENG-DATASET-003,MSN-LUBRICATION_DEGRADATION-003,CLIMB,2500.0,10.0,0.7536091272008499,0.6763908727991501,4456.022448670883,931.3558789208262,248.66715982706415,75.4794313147111,422.80112243354415,20.27594479111507,8.298811770556853,14.2,4456.022448670883,931.3558789208262,248.66715982706415,75.4794313147111,422.80112243354415,20.27594479111507,8.298811770556853,0.0,0.0,0.0,0.0,0.0,0.0,0.0,0.0,0.0,0.0,0.0,0.0,0.0,0.0,3,LUBRICATION_DEGRADATION,0.0,2026-01-01T00:02:00+00:00,False
2026-01-01T00:01:25Z,ENG-DATASET-003,MSN-LUBRICATION_DEGRADATION-003,CLIMB,2500.0,10.0,0.7520364143811554,0.6779635856188446,4447.372528162563,929.6711427323843,248.04222241266734,75.42888957043675,422.3686264081282,20.23070706368879,7.6929356101773525,14.2,4447.372528162563,929.6711427323843,248.04222241266734,75.42888957043675,422.3686264081282,20.23070706368879,7.6929356101773525,0.0,0.0,0.0,0.0,0.0,0.0,0.0,0.0,0.0,0.0,0.0,0.0,0.0,0.0,3,LUBRICATION_DEGRADATION,0.0,2026-01-01T00:02:00+00:00,False
2026-01-01T00:01:26Z,ENG-DATASET-003,MSN-LUBRICATION_DEGRADATION-003,CLIMB,2500.0,10.0,0.7509000639623796,0.6790999360376204,4441.122600859295,928.4545222911829,247.44936322868017,75.37809679509581,422.05613004296475,20.198037276464404,7.568372514865902,14.2,4441.122600859295,928.4545222911829,247.44936322868017,75.37809679509581,422.05613004296475,20.198037276464404,7.568372514865902,0.0,0.0,0.0,0.0,0.0,0.0,0.0,0.0,0.0,0.0,0.0,0.0,0.0,0.0,3,LUBRICATION_DEGRADATION,0.0,2026-01-01T00:02:00+00:00,False
2026-01-01T00:01:27Z,ENG-DATASET-003,MSN-LUBRICATION_DEGRADATION-003,CLIMB,2500.0,10.0,0.7502178083127454,0.6797821916872546,4437.370194786308,927.724343649801,246.89753549705716,75.32797121946925,421.8685097393154,20.17842918559875,8.093516688164405,14.2,4437.370194786308,927.724343649801,246.89753549705716,75.32797121946925,421.8685097393154,20.17842918559875,8.093516688164405,0.0,0.0,0.0,0.0,0.0,0.0,0.0,0.0,0.0,0.0,0.0,0.0,0.0,0.0,3,LUBRICATION_DEGRADATION,0.0,2026-01-01T00:02:00+00:00,False
2026-01-01T00:01:28Z,ENG-DATASET-003,MSN-LUBRICATION_DEGRADATION-003,CLIMB,2500.0,10.0,0.7500002938034789,0.6799997061965212,4436.173864985341,927.4915931387659,246.39507177582058,75.27941563784921,421.8086932492671,20.17217883691375,8.509964342045599,14.2,4436.173864985341,927.4915931387659,246.39507177582058,75.27941563784921,421.8086932492671,20.17217883691375,8.509964342045599,0.0,0.0,0.0,0.0,0.0,0.0,0.0,0.0,0.0,0.0,0.0,0.0,0.0,0.0,3,LUBRICATION_DEGRADATION,0.0,2026-01-01T00:02:00+00:00,False
2026-01-01T00:01:29Z,ENG-DATASET-003,MSN-LUBRICATION_DEGRADATION-003,CLIMB,2500.0,10.0,0.7502509146757477,0.6797490853242524,4437.55227978282,927.7597707860083,245.94955886788873,75.23330352123853,421.87761398914097,20.179380551505044,8.21915461266387,14.2,4437.55227978282,927.7597707860083,245.94955886788873,75.23330352123853,421.87761398914097,20.179380551505044,8.21915461266387,0.0,0.0,0.0,0.0,0.0,0.0,0.0,0.0,0.0,0.0,0.0,0.0,0.0,0.0,3,LUBRICATION_DEGRADATION,0.0,2026-01-01T00:02:00+00:00,False
2026-01-01T00:01:30Z,ENG-DATASET-003,MSN-LUBRICATION_DEGRADATION-003,CRUISE,5000.0,10.0,0.5909657600746622,0.47903423992533783,3582.8642035314524,563.7394537572469,236.44808932503102,74.31260198976175,379.14321017657267,11.878529248194276,5.952013595339714,14.2,3582.8642035314524,563.7394537572469,236.44808932503102,74.31260198976175,379.14321017657267,11.878529248194276,5.952013595339714,0.0,0.0,0.0,0.0,0.0,0.0,0.0,0.0,0.0,0.0,0.0,0.0,0.0,0.0,3,LUBRICATION_DEGRADATION,0.0,2026-01-01T00:02:00+00:00,False
2026-01-01T00:01:31Z,ENG-DATASET-003,MSN-LUBRICATION_DEGRADATION-003,CRUISE,5000.0,10.0,0.5921336750768587,0.47786632492314135,3589.2877360435327,564.5943739196017,227.91813974051797,73.4306750445477,379.46438680217665,11.90235170004981,5.920553732081417,14.2,3589.2877360435327,564.5943739196017,227.91813974051797,73.4306750445477,379.46438680217665,11.90235170004981,5.920553732081417,0.0,0.0,0.0,0.0,0.0,0.0,0.0,0.0,0.0,0.0,0.0,0.0,0.0,0.0,3,LUBRICATION_DEGRADATION,0.0,2026-01-01T00:02:00+00:00,False
2026-01-01T00:01:32Z,ENG-DATASET-003,MSN-LUBRICATION_DEGRADATION-003,CRUISE,5000.0,10.0,0.5937364347593471,0.4762635652406529,3598.1029142972197,565.7682825702112,220.27053283072146,72.58669644327969,379.90514571486096,11.935060329305704,6.492261078589319,14.2,3598.1029142972197,565.7682825702112,220.27053283072146,72.58669644327969,379.90514571486096,11.935060329305704,6.492261078589319,0.0,0.0,0.0,0.0,0.0,0.0,0.0,0.0,0.0,0.0,0.0,0.0,0.0,0.0,3,LUBRICATION_DEGRADATION,0.0,2026-01-01T00:02:00+00:00,False
2026-01-01T00:01:33Z,ENG-DATASET-003,MSN-LUBRICATION_DEGRADATION-003,CRUISE,5000.0,10.0,0.5957490285933392,0.4742509714066608,3609.172180384176,567.243480737742,213.42456656609286,71.77983130911906,380.4586090192088,11.976159735538019,6.862259603856585,14.2,3609.172180384176,567.243480737742,213.42456656609286,71.77983130911906,380.4586090192088,11.976159735538019,6.862259603856585,0.0,0.0,0.0,0.0,0.0,0.0,0.0,0.0,0.0,0.0,0.0,0.0,0.0,0.0,3,LUBRICATION_DEGRADATION,0.0,2026-01-01T00:02:00+00:00,False
2026-01-01T00:01:34Z,ENG-DATASET-003,MSN-LUBRICATION_DEGRADATION-003,CRUISE,5000.0,10.0,0.598140050725185,0.4718599492748151,3622.3228021093273,568.9976756360809,207.3070518003856,71.00922581721126,381.11614010546634,12.025026192244459,6.518286364711737,14.2,3622.3228021093273,568.9976756360809,207.3070518003856,71.00922581721126,381.11614010546634,12.025026192244459,6.518286364711737,0.0,0.0,0.0,0.0,0.0,0.0,0.0,0.0,0.0,0.0,0.0,0.0,0.0,0.0,3,LUBRICATION_DEGRADATION,0.0,2026-01-01T00:02:00+00:00,False
2026-01-01T00:01:35Z,ENG-DATASET-003,MSN-LUBRICATION_DEGRADATION-003,CRUISE,5000.0,10.0,0.6008721900542148,0.46912780994578523,3637.3495684189916,571.0042839858888,201.85145371999425,70.27399811052815,381.8674784209496,12.08091630067472,5.974319988157346,14.2,3637.3495684189916,571.0042839858888,201.85145371999425,70.27399811052815,381.8674784209496,12.08091630067472,5.974319988157346,0.0,0.0,0.0,0.0,0.0,0.0,0.0,0.0,0.0,0.0,0.0,0.0,0.0,0.0,3,LUBRICATION_DEGRADATION,0.0,2026-01-01T00:02:00+00:00,False
2026-01-01T00:01:36Z,ENG-DATASET-003,MSN-LUBRICATION_DEGRADATION-003,CRUISE,5000.0,10.0,0.603902812459987,0.46609718754001306,3654.017991650739,573.2327982865478,196.99712830515853,69.57323054945533,382.700899582537,12.142977414175057,6.03388556561516,14.2,3654.017991650739,573.2327982865478,196.99712830515853,69.57323054945533,382.700899582537,12.142977414175057,6.03388556561516,0.0,0.0,0.0,0.0,0.0,0.0,0.0,0.0,0.0,0.0,0.0,0.0,0.0,0.0,3,LUBRICATION_DEGRADATION,0.0,2026-01-01T00:02:00+00:00,False
2026-01-01T00:01:37Z,ENG-DATASET-003,MSN-LUBRICATION_DEGRADATION-003,CRUISE,5000.0,10.0,0.6071846260934773,0.4628153739065227,3672.0679666349356,575.6492132602459,192.68864580614883,68.90596338021457,383.6033983317468,12.210259741534118,6.638486239758738,14.2,3672.0679666349356,575.6492132602459,192.68864580614883,68.90596338021457,383.6033983317468,12.210259741534118,6.638486239758738,0.0,0.0,0.0,0.0,0.0,0.0,0.0,0.0,0.0,0.0,0.0,0.0,0.0,0.0,3,LUBRICATION_DEGRADATION,0.0,2026-01-01T00:02:00+00:00,False
2026-01-01T00:01:38Z,ENG-DATASET-003,MSN-LUBRICATION_DEGRADATION-003,CRUISE,5000.0,10.0,0.6106664193505662,0.4593335806494338,3691.2178295489243,578.2165088382566,188.87519394649036,68.27118988650525,384.56089147744626,12.281730013731076,6.950991376969535,14.2,3691.2178295489243,578.2165088382566,188.87519394649036,68.27118988650525,384.56089147744626,12.281730013731076,6.950991376969535,0.0,0.0,0.0,0.0,0.0,0.0,0.0,0.0,0.0,0.0,0.0,0.0,0.0,0.0,3,LUBRICATION_DEGRADATION,0.0,2026-01-01T00:02:00+00:00,False
2026-01-01T00:01:39Z,ENG-DATASET-003,MSN-LUBRICATION_DEGRADATION-003,CRUISE,5000.0,10.0,0.6142938600119926,0.4557061399880074,3711.1687531867697,580.8951850847527,185.51005417896013,67.66785306698003,385.5584376593385,12.356286571852515,6.554519658990625,14.2,3711.1687531867697,580.8951850847527,185.51005417896013,67.66785306698003,385.5584376593385,12.356286571852515,6.554519658990625,0.0,0.0,0.0,0.0,0.0,0.0,0.0,0.0,0.0,0.0,0.0,0.0,0.0,0.0,3,LUBRICATION_DEGRADATION,0.0,2026-01-01T00:02:00+00:00,False
2026-01-01T00:01:40Z,ENG-DATASET-003,MSN-LUBRICATION_DEGRADATION-003,CRUISE,5000.0,10.0,0.618010343079464,0.45198965692053605,3731.6094100578625,583.6438433727773,182.55014484538356,67.0948438586816,386.58047050289315,12.432775705220891,6.049213583995083,14.2,3731.6094100578625,583.6438433727773,182.55014484538356,67.0948438586816,386.58047050289315,12.432775705220891,6.049213583995083,0.0,0.0,0.0,0.0,0.0,0.0,0.0,0.0,0.0,0.0,0.0,0.0,0.0,0.0,3,LUBRICATION_DEGRADATION,0.0,2026-01-01T00:02:00+00:00,False
2026-01-01T00:01:41Z,ENG-DATASET-003,MSN-LUBRICATION_DEGRADATION-003,CRUISE,5000.0,10.0,0.6217578740777223,0.4482421259222777,3752.2208305482827,586.4198069692779,179.95562553507716,66.5510009037122,387.61104152741416,12.510009038707059,6.191928602360414,14.2,3752.2208305482827,586.4198069692779,179.95562553507716,66.5510009037122,387.61104152741416,12.510009038707059,6.191928602360414,0.0,0.0,0.0,0.0,0.0,0.0,0.0,0.0,0.0,0.0,0.0,0.0,0.0,0.0,3,LUBRICATION_DEGRADATION,0.0,2026-01-01T00:02:00+00:00,False
2026-01-01T00:01:42Z,ENG-DATASET-003,MSN-LUBRICATION_DEGRADATION-003,CRUISE,5000.0,10.0,0.625477974038934,0.444522025961066,3772.6813803349473,589.179772991923,177.68955730636753,66.03511183354358,388.6340690167474,12.586781737795683,6.811391118887878,14.2,3772.6813803349473,589.179772991923,177.68955730636753,66.03511183354358,388.6340690167474,12.586781737795683,6.811391118887878,0.0,0.0,0.0,0.0,0.0,0.0,0.0,0.0,0.0,0.0,0.0,0.0,0.0,0.0,3,LUBRICATION_DEGRADATION,0.0,2026-01-01T00:02:00+00:00,False
2026-01-01T00:01:43Z,ENG-DATASET-003,MSN-LUBRICATION_DEGRADATION-003,CRUISE,5000.0,10.0,0.629112592047424,0.440887407952576,3792.6717793816424,591.8804865203663,175.71761373873994,65.54591602286254,389.6335889690821,12.661891270484082,7.053060068251948,14.2,3792.6717793816424,591.8804865203663,175.71761373873994,65.54591602286254,389.6335889690821,12.661891270484082,7.053060068251948,0.0,0.0,0.0,0.0,0.0,0.0,0.0,0.0,0.0,0.0,0.0,0.0,0.0,0.0,3,LUBRICATION_DEGRADATION,0.0,2026-01-01T00:02:00+00:00,False
2026-01-01T00:01:44Z,ENG-DATASET-003,MSN-LUBRICATION_DEGRADATION-003,CRUISE,5000.0,10.0,0.6326050111047993,0.4373949888952008,3811.880084197206,594.479426537162,174.007838028295,65.0821087430377,390.5940042098603,12.73415643795276,6.602892934165926,14.2,3811.880084197206,594.479426537162,174.007838028295,65.0821087430377,390.5940042098603,12.73415643795276,6.602892934165926,0.0,0.0,0.0,0.0,0.0,0.0,0.0,0.0,0.0,0.0,0.0,0.0,0.0,0.0,3,LUBRICATION_DEGRADATION,0.0,2026-01-01T00:02:00+00:00,False
2026-01-01T00:01:45Z,ENG-DATASET-003,MSN-LUBRICATION_DEGRADATION-003,CRUISE,5000.0,10.0,0.6359007331797392,0.43409926682026084,3830.0065556093755,596.9354924020394,172.53044153551647,64.64234662453075,391.50032778046875,12.802436362689212,6.13676448388657,14.2,3830.0065556093755,596.9354924020394,172.53044153551647,64.64234662453075,391.50032778046875,12.802436362689212,6.13676448388657,0.0,0.0,0.0,0.0,0.0,0.0,0.0,0.0,0.0,0.0,0.0,0.0,0.0,0.0,3,LUBRICATION_DEGRADATION,0.0,2026-01-01T00:02:00+00:00,False
2026-01-01T00:01:46Z,ENG-DATASET-003,MSN-LUBRICATION_DEGRADATION-003,CRUISE,5000.0,10.0,0.6389483296315471,0.4310516703684529,3846.7683360943197,599.2096787923452,171.25763935177346,64.22525431818376,392.33841680471596,12.865649104937392,6.35167478849862,14.2,3846.7683360943197,599.2096787923452,171.25763935177346,64.22525431818376,392.33841680471596,12.865649104937392,6.35167478849862,0.0,0.0,0.0,0.0,0.0,0.0,0.0,0.0,0.0,0.0,0.0,0.0,0.0,0.0,3,LUBRICATION_DEGRADATION,0.0,2026-01-01T00:02:00+00:00,False
2026-01-01T00:01:47Z,ENG-DATASET-003,MSN-LUBRICATION_DEGRADATION-003,CRUISE,5000.0,10.0,0.6417002437368877,0.42829975626311223,3861.9038636736927,601.2657265338997,170.1635185799436,63.82943222759955,393.0951931836846,12.922789567465053,6.966718719900248,14.2,3861.9038636736927,601.2657265338997,170.1635185799436,63.82943222759955,393.0951931836846,12.922789567465053,6.966718719900248,0.0,0.0,0.0,0.0,0.0,0.0,0.0,0.0,0.0,0.0,0.0,0.0,0.0,0.0,3,LUBRICATION_DEGRADATION,0.0,2026-01-01T00:02:00+00:00,False
2026-01-01T00:01:48Z,ENG-DATASET-003,MSN-LUBRICATION_DEGRADATION-003,CRUISE,5000.0,10.0,0.6441135327965486,0.42588646720345136,3875.176953501828,603.0707365548161,169.22393513581963,63.45346516907147,393.7588476750914,12.972946345989255,7.125110686592841,14.2,3875.176953501828,603.0707365548161,169.22393513581963,63.45346516907147,393.7588476750914,12.972946345989255,7.125110686592841,0.0,0.0,0.0,0.0,0.0,0.0,0.0,0.0,0.0,0.0,0.0,0.0,0.0,0.0,3,LUBRICATION_DEGRADATION,0.0,2026-01-01T00:02:00+00:00,False
2026-01-01T00:01:49Z,ENG-DATASET-003,MSN-LUBRICATION_DEGRADATION-003,CRUISE,5000.0,10.0,0.6461505382418992,0.42384946175810084,3886.380483451256,604.5957343630541,168.416434981314,63.0959318019601,394.3190241725628,13.015317189187574,6.621300139636488,14.2,3886.380483451256,604.5957343630541,168.416434981314,63.0959318019601,394.3190241725628,13.015317189187574,6.621300139636488,0.0,0.0,0.0,0.0,0.0,0.0,0.0,0.0,0.0,0.0,0.0,0.0,0.0,0.0,3,LUBRICATION_DEGRADATION,0.0,2026-01-01T00:02:00+00:00,False
2026-01-01T00:01:50Z,ENG-DATASET-003,MSN-LUBRICATION_DEGRADATION-003,CRUISE,5000.0,10.0,0.6477794732842588,0.4222205267157412,3895.339626184233,605.8161730043485,167.72019580829132,62.75541466127045,394.7669813092117,13.049222748682583,6.195125304258038,14.2,3895.339626184233,605.8161730043485,167.72019580829132,62.75541466127045,394.7669813092117,13.049222748682583,6.195125304258038,0.0,0.0,0.0,0.0,0.0,0.0,0.0,0.0,0.0,0.0,0.0,0.0,0.0,0.0,3,LUBRICATION_DEGRADATION,0.0,2026-01-01T00:02:00+00:00,False
2026-01-01T00:01:51Z,ENG-DATASET-003,MSN-LUBRICATION_DEGRADATION-003,CRUISE,5000.0,10.0,0.6489749189371029,0.42102508106289704,3901.914577274876,606.7123634100743,167.11598531271406,62.43051061562979,395.09572886374383,13.07411832590009,6.47158345926618,14.2,3901.914577274876,606.7123634100743,167.11598531271406,62.43051061562979,395.09572886374383,13.07411832590009,6.47158345926618,0.0,0.0,0.0,0.0,0.0,0.0,0.0,0.0,0.0,0.0,0.0,0.0,0.0,0.0,3,LUBRICATION_DEGRADATION,0.0,2026-01-01T00:02:00+00:00,False
2026-01-01T00:01:52Z,ENG-DATASET-003,MSN-LUBRICATION_DEGRADATION-003,CRUISE,5000.0,10.0,0.6497182206708461,0.4202817793291539,3906.002736810464,607.2698223836642,166.58613234103427,62.11984156803767,395.30013684052324,13.089603358950033,7.065187439291648,14.2,3906.002736810464,607.2698223836642,166.58613234103427,62.11984156803767,395.30013684052324,13.089603358950033,7.065187439291648,0.0,0.0,0.0,0.0,0.0,0.0,0.0,0.0,0.0,0.0,0.0,0.0,0.0,0.0,3,LUBRICATION_DEGRADATION,0.0,2026-01-01T00:02:00+00:00,False
2026-01-01T00:01:53Z,ENG-DATASET-003,MSN-LUBRICATION_DEGRADATION-003,CRUISE,5000.0,10.0,0.6499977795105369,0.4200022204894631,3907.5403104287634,607.4795301676111,166.11450736112113,61.822065213748715,395.3770155214382,13.09542843783358,7.132078484481086,14.2,3907.5403104287634,607.4795301676111,166.11450736112113,61.822065213748715,395.3770155214382,13.09542843783358,7.132078484481086,0.0,0.0,0.0,0.0,0.0,0.0,0.0,0.0,0.0,0.0,0.0,0.0,0.0,0.0,3,LUBRICATION_DEGRADATION,0.0,2026-01-01T00:02:00+00:00,False
2026-01-01T00:01:54Z,ENG-DATASET-003,MSN-LUBRICATION_DEGRADATION-003,CRUISE,5000.0,10.0,0.6498092330339829,0.42019076696601715,3906.503304807716,607.3380915290077,165.6865089132342,61.53588566950373,395.3251652403858,13.091499689020004,6.5788993915528575,14.2,3906.503304807716,607.3380915290077,165.6865089132342,61.53588566950373,395.3251652403858,13.091499689020004,6.5788993915528575,0.0,0.0,0.0,0.0,0.0,0.0,0.0,0.0,0.0,0.0,0.0,0.0,0.0,0.0,3,LUBRICATION_DEGRADATION,0.0,2026-01-01T00:02:00+00:00,False
2026-01-01T00:01:55Z,ENG-DATASET-003,MSN-LUBRICATION_DEGRADATION-003,CRUISE,5000.0,10.0,0.6491555234458896,0.4208444765541104,3902.907902073203,606.8477965305962,165.28905293517568,61.26006379104839,395.1453951036601,13.077880429012694,6.19650646710074,14.2,3902.907902073203,606.8477965305962,165.28905293517568,61.26006379104839,395.1453951036601,13.077880429012694,6.19650646710074,0.0,0.0,0.0,0.0,0.0,0.0,0.0,0.0,0.0,0.0,0.0,0.0,0.0,0.0,3,LUBRICATION_DEGRADATION,0.0,2026-01-01T00:02:00+00:00,False
2026-01-01T00:01:56Z,ENG-DATASET-003,MSN-LUBRICATION_DEGRADATION-003,CRUISE,5000.0,10.0,0.6480468516657405,0.4219531483342595,3896.810207282383,606.0165795329873,164.9105621299828,60.99342700143101,394.84051036411915,13.054790048842507,6.52695502924326,14.2,3896.810207282383,606.0165795329873,164.9105621299828,60.99342700143101,394.84051036411915,13.054790048842507,6.52695502924326,0.0,0.0,0.0,0.0,0.0,0.0,0.0,0.0,0.0,0.0,0.0,0.0,0.0,0.0,3,LUBRICATION_DEGRADATION,0.0,2026-01-01T00:02:00+00:00,False
2026-01-01T00:01:57Z,ENG-DATASET-003,MSN-LUBRICATION_DEGRADATION-003,CRUISE,5000.0,10.0,0.6465005181458598,0.42349948185414016,3888.3053729230396,604.8578774096843,164.5409528522266,60.73487846086519,394.41526864615196,13.022600155177543,7.087000310163078,14.2,3888.3053729230396,604.8578774096843,164.5409528522266,60.73487846086519,394.41526864615196,13.022600155177543,7.087000310163078,0.0,0.0,0.0,0.0,0.0,0.0,0.0,0.0,0.0,0.0,0.0,0.0,0.0,0.0,3,LUBRICATION_DEGRADATION,0.0,2026-01-01T00:02:00+00:00,False
2026-01-01T00:01:58Z,ENG-DATASET-003,MSN-LUBRICATION_DEGRADATION-003,CRUISE,5000.0,10.0,0.6445406529036408,0.4254593470963592,3877.526114090835,603.3903903538206,164.17161732584947,60.48340541985164,393.8763057045418,12.98182805652183,7.060583682640226,14.2,3877.526114090835,603.3903903538206,164.17161732584947,60.48340541985164,393.8763057045418,12.98182805652183,7.060583682640226,0.0,0.0,0.0,0.0,0.0,0.0,0.0,0.0,0.0,0.0,0.0,0.0,0.0,0.0,3,LUBRICATION_DEGRADATION,0.0,2026-01-01T00:02:00+00:00,False
2026-01-01T00:01:59Z,ENG-DATASET-003,MSN-LUBRICATION_DEGRADATION-003,CRUISE,5000.0,10.0,0.6421978389806943,0.4278021610193057,3864.6406375146294,601.6377509205679,163.79539936627873,60.238086610607056,393.2320318757315,12.933127742452623,6.468193679334103,14.2,3864.6406375146294,601.6377509205679,163.79539936627873,60.238086610607056,393.2320318757315,12.933127742452623,6.468193679334103,0.0,0.0,0.0,0.0,0.0,0.0,0.0,0.0,0.0,0.0,0.0,0.0,0.0,0.0,3,LUBRICATION_DEGRADATION,0.0,2026-01-01T00:02:00+00:00,False
2026-01-01T00:02:00Z,ENG-DATASET-003,MSN-LUBRICATION_DEGRADATION-003,CRUISE,5000.0,10.0,0.6395086352047135,0.4304913647952865,3849.850016746735,599.628108996413,163.4065621545612,59.99809854743896,392.49250083733676,12.8772785578714,6.137783435993401,14.2,3849.850016746735,599.628108996413,163.4065621545612,59.99809854743896,392.49250083733676,12.8772785578714,6.137783435993401,0.0,0.0,0.0,0.0,0.0,0.0,0.0,0.0,0.0,0.0,0.0,0.0,0.0,0.0,3,LUBRICATION_DEGRADATION,0.0,2026-01-01T00:02:00+00:00,False
2026-01-01T00:02:01Z,ENG-DATASET-003,MSN-LUBRICATION_DEGRADATION-003,CRUISE,5000.0,10.0,0.6365150057011951,0.43348499429880494,3832.9442508909883,597.5603088101207,163.1507469926914,60.05438729095838,390.2004930261547,12.823715268873524,6.539739535519664,14.2,3833.3850544773836,597.393642143454,163.0007469926914,59.76272062429172,391.6692527238692,12.815171820992864,6.518906202186331,-0.4408035863953046,0.16666666666662877,0.15000000000000568,0.2916666666666643,-1.4687596977145176,0.008543447880660082,0.020833333333333037,-0.00011499068842052461,0.00027898968939245355,0.0009202411815126918,0.004880411460854925,-0.0037500000000000207,0.0006666666666665241,0.003195832657685102,3,LUBRICATION_DEGRADATION,0.008333333333333333,2026-01-01T00:02:00+00:00,True
2026-01-01T00:02:02Z,ENG-DATASET-003,MSN-LUBRICATION_DEGRADATION-003,CRUISE,5000.0,10.0,0.6332636650572961,0.4367363349427038,3814.604939751271,595.3033355113872,162.87492234787362,60.114672250330536,387.84432054144594,12.764792732755222,7.080689686738543,14.2,3815.5026809359383,594.9700021780538,162.5749223478736,59.5313389169972,390.7751340467969,12.747795671859409,7.039023020071876,-0.8977411846672112,0.33333333333337123,0.30000000000001137,0.5833333333333357,-2.9308135053509545,0.016997060895812766,0.04166666666666696,-0.00023528778767546203,0.0005602523356019824,0.0018453030496184345,0.00979876051749248,-0.007499999999999943,0.0013333333333333506,0.005919382071610487,3,LUBRICATION_DEGRADATION,0.016666666666666666,2026-01-01T00:02:00+00:00,True
2026-01-01T00:02:03Z,ENG-DATASET-003,MSN-LUBRICATION_DEGRADATION-003,CRUISE,5000.0,10.0,0.6298053493563258,0.44019465064367425,3795.134785718251,592.8957098727763,162.57732285990565,60.178448618492844,385.43857613520356,12.701570903550776,6.986679072775254,14.2,3796.4819445806024,592.3957098727763,162.12732285990566,59.303448618492844,389.82409722903014,12.676218466617541,6.924179072775254,-1.3471588623515345,0.5,0.44999999999998863,0.875,-4.385521093826583,0.0253524369332343,0.0625,-0.0003548440061132321,0.0008440304203205332,0.0027755963156736634,0.014754622545292334,-0.011249999999999984,0.0019999999999999385,0.009026340789732005,3,LUBRICATION_DEGRADATION,0.025,2026-01-01T00:02:00+00:00,True
2026-01-01T00:02:04Z,ENG-DATASET-003,MSN-LUBRICATION_DEGRADATION-003,CRUISE,5000.0,10.0,0.6261940244581339,0.4438059755418661,3774.8544335476604,590.3781769702421,162.25737833150447,60.24532172376501,382.99851813879695,12.635175240680411,6.391612575802189,14.2,3776.619657640547,589.7115103035754,161.65737833150447,59.078655057098345,388.83098288202734,12.601571051210517,6.308279242468856,-1.7652240928864558,0.6666666666666288,0.5999999999999943,1.1666666666666643,-5.832464743230389,0.03360418946989441,0.08333333333333304,-0.0004674084903718592,0.001130496276600465,0.003711553448365331,0.019747684938648386,-0.014999999999999946,0.0026666666666666427,0.013210152900701185,3,LUBRICATION_DEGRADATION,0.03333333333333333,2026-01-01T00:02:00+00:00,True
2026-01-01T00:02:05Z,ENG-DATASET-003,MSN-LUBRICATION_DEGRADATION-003,CRUISE,5000.0,10.0,0.6224860438799179,0.44751395612008205,3754.08813186779,587.7930349395989,161.91563303851066,60.3150066038626,380.53982656883636,12.566778350803457,6.145890474817936,14.2,3756.225764460359,586.9597016062655,161.16563303851066,58.856673270529264,387.811288223018,12.52502825661474,6.041723808151269,-2.137632592569389,0.8333333333333712,0.75,1.4583333333333357,-7.271461654181621,0.04175009418871589,0.10416666666666696,-0.0005690905516901202,0.0014197453948761442,0.004653597580700017,0.02477770577739318,-0.01875000000000009,0.0033333333333333405,0.017241216244630247,3,LUBRICATION_DEGRADATION,0.041666666666666664,2026-01-01T00:02:00+00:00,True
2026-01-01T00:02:06Z,ENG-DATASET-003,MSN-LUBRICATION_DEGRADATION-003,CRUISE,5000.0,10.0,0.6187392694184348,0.45126073058156524,3733.1519760622623,585.1834497817003,161.55365597920212,60.38732613132048,378.0783544280726,12.49758111665211,6.598559796799342,14.2,3735.6185049222017,584.1834497817003,160.6536559792021,58.63732613132048,386.7809252461101,12.447789956824812,6.473559796799342,-2.4665288599394444,1.0,0.9000000000000057,1.75,-8.702570818037486,0.04979115982729887,0.125,-0.0006602732202684633,0.001711791048468907,0.0056021134067220845,0.029844471353976984,-0.022500000000000023,0.00399999999999997,0.01930931418317979,3,LUBRICATION_DEGRADATION,0.05,2026-01-01T00:02:00+00:00,True
2026-01-01T00:02:07Z,ENG-DATASET-003,MSN-LUBRICATION_DEGRADATION-003,CRUISE,5000.0,10.0,0.6150121682360147,0.45498783176398533,3712.347339322457,582.5927684049254,161.17394292473838,60.46220770904267,375.62987814489475,12.428793644186694,7.097755611951735,14.2,3715.1194484188914,581.4261017382588,160.12394292473837,58.42054104237601,385.75597242094454,12.371062021420068,6.951922278618402,-2.7721090964341784,1.1666666666666288,1.0500000000000114,2.0416666666666643,-10.126094276049798,0.057731622766626245,0.14583333333333304,-0.0007461695740668456,0.0020065605296678414,0.006557420338403317,0.03494775348255878,-0.02625000000000001,0.004666666666666607,0.020977411353096338,3,LUBRICATION_DEGRADATION,0.058333333333333334,2026-01-01T00:02:00+00:00,True
2026-01-01T00:02:08Z,ENG-DATASET-003,MSN-LUBRICATION_DEGRADATION-003,CRUISE,5000.0,10.0,0.611362900500048,0.45863709949995196,3691.960482814594,580.06384136905,160.77981133315745,60.53967857742938,373.2098510797471,12.361616344522108,6.9251298578113465,14.2,3695.048475871075,578.7305080357166,159.57981133315747,58.20634524409604,384.75242379355376,12.296037477972918,6.7584631911446795,-3.087993056481082,1.3333333333333712,1.1999999999999886,2.3333333333333357,-11.542572713806635,0.0655788665491901,0.16666666666666696,-0.0008357111081616094,0.00230389328853402,0.007519748206085595,0.04008726752295119,-0.030000000000000058,0.005333333333333431,0.02466043861643621,3,LUBRICATION_DEGRADATION,0.06666666666666667,2026-01-01T00:02:00+00:00,True
2026-01-01T00:02:09Z,ENG-DATASET-003,MSN-LUBRICATION_DEGRADATION-003,CRUISE,5000.0,10.0,0.6078484118130254,0.46215158818697455,3672.267367643858,577.638365857105,160.37528934626934,60.619859796602235,370.8331639497165,12.29722144630516,6.325526208307127,14.2,3675.71878809245,576.138365857105,159.02528934626935,57.994859796602235,383.78593940462247,12.22387817724171,6.138026208307127,-3.4514204485917617,1.5,1.3499999999999943,2.625,-12.952775454905975,0.07334326906345012,0.1875,-0.0009389783733654201,0.0026035412478884164,0.008489215806804408,0.04526263205405304,-0.03374999999999991,0.005999999999999989,0.030547279147527893,3,LUBRICATION_DEGRADATION,0.075,2026-01-01T00:02:00+00:00,True
2026-01-01T00:02:10Z,ENG-DATASET-003,MSN-LUBRICATION_DEGRADATION-003,CRUISE,5000.0,10.0,0.6045235445954568,0.4654764554045433,3653.540961288986,575.3562583157666,159.9650002028699,60.702958988312226,368.513915885299,12.236735209099583,6.156702858938599,14.2,3657.4320183958225,573.6895916491,158.4650002028699,57.78629232164556,382.87160091979115,12.155697227582369,5.9483695256052656,-3.8910571068363424,1.6666666666666288,1.5,2.9166666666666643,-14.357685034492135,0.08103798151721442,0.20833333333333304,-0.0010638768095388932,0.002905171526427228,0.009465812627896832,0.050473331122061635,-0.037499999999999915,0.0066666666666665535,0.03502360309603235,3,LUBRICATION_DEGRADATION,0.08333333333333333,2026-01-01T00:02:00+00:00,True
2026-01-01T00:02:11Z,ENG-DATASET-003,MSN-LUBRICATION_DEGRADATION-003,CRUISE,5000.0,10.0,0.6014401822882414,0.46855981771175864,3636.057376125885,573.2550650341232,159.55404347510267,60.7892619418418,366.265199638538,12.181221080394412,6.660928986956047,14.2,3640.4735257061375,571.4217317007898,157.90404347510267,57.580928608508465,382.0236762853069,12.092542435864736,6.43176232028938,-4.416149580252295,1.8333333333333712,1.6500000000000057,3.2083333333333357,-15.75847664676894,0.08867864452967567,0.22916666666666696,-0.0012130700990046893,0.0032083717360146687,0.010449384092308995,0.05571867996688152,-0.04125000000000008,0.00733333333333341,0.03563046257846733,3,LUBRICATION_DEGRADATION,0.09166666666666666,2026-01-01T00:02:00+00:00,True
2026-01-01T00:02:12Z,ENG-DATASET-003,MSN-LUBRICATION_DEGRADATION-003,CRUISE,5000.0,10.0,0.5986464397289263,0.4713535602710737,3620.0973211682954,571.3694177349699,159.14787457096665,60.879123206298,364.09890421282796,12.131664009544405,7.11835112117326,14.2,3625.107941629905,569.3694177349699,157.34787457096664,57.379123206298,381.2553970814953,12.035380961849608,6.86835112117326,-5.010620461609506,2.0,1.8000000000000114,3.5,-17.15649286866733,0.09628304769479712,0.25,-0.0013821989695999653,0.0035126579294621684,0.011439620680660545,0.060997795093805755,-0.0450000000000001,0.008000000000000021,0.036398838031054925,3,LUBRICATION_DEGRADATION,0.1,2026-01-01T00:02:00+00:00,True
2026-01-01T00:02:13Z,ENG-DATASET-003,MSN-LUBRICATION_DEGRADATION-003,CRUISE,5000.0,10.0,0.5961859123357582,0.47381408766424177,3605.9405994492513,569.7305400844634,158.75218394931488,60.972955807854,362.0255378860158,12.08895610257052,6.878735805010025,14.2,3611.5750409674806,567.5638734177968,156.8021839493149,57.181289141187335,380.57875204837404,11.985085362759936,6.607902471676692,-5.634441518229323,2.1666666666666288,1.9499999999999886,3.7916666666666643,-18.553214162358245,0.10387073981058492,0.27083333333333304,-0.0015601064505972304,0.003817485164478916,0.012436051277387254,0.06630956950453833,-0.04875000000000003,0.008666666666666567,0.04098627885235898,3,LUBRICATION_DEGRADATION,0.10833333333333334,2026-01-01T00:02:00+00:00,True
2026-01-01T00:02:14Z,ENG-DATASET-003,MSN-LUBRICATION_DEGRADATION-003,CRUISE,5000.0,10.0,0.5940969958157628,0.4759030041842372,3593.853424117317,568.3658099276024,158.37277746924013,61.071220244481104,360.0540742550931,12.053883773366932,6.293429334201231,14.2,3600.0860001075057,566.032476594269,156.27277746924014,56.98788691114777,380.0043000053753,11.942421175726814,6.001762667534564,-6.232575990188707,2.3333333333333712,2.0999999999999943,4.083333333333336,-19.950225750282186,0.11146259764011823,0.29166666666666696,-0.0017312297511788857,0.004122260523588119,0.013438041058772035,0.07165265382974866,-0.052499999999999956,0.009333333333333442,0.04859683443405458,3,LUBRICATION_DEGRADATION,0.11666666666666667,2026-01-01T00:02:00+00:00,True
2026-01-01T00:02:15Z,ENG-DATASET-003,MSN-LUBRICATION_DEGRADATION-003,CRUISE,5000.0,10.0,0.5924122870125784,0.4775877129874216,3584.0705909499743,567.2983810599499,158.01545924881486,61.17441292230448,358.1918235484965,12.027116520291832,6.212332540541915,14.2,3590.8201016899916,564.7983810599499,155.76545924881486,56.79941292230448,379.5410050844996,11.908036158704784,5.899832540541915,-6.749510740017286,2.5,2.25,4.375,-21.34918153600313,0.1190803615870486,0.3125,-0.0018796571671303392,0.004426358296757654,0.01444479418512111,0.07702544401267901,-0.05625000000000007,0.010000000000000064,0.05296760507227821,3,LUBRICATION_DEGRADATION,0.125,2026-01-01T00:02:00+00:00,True
2026-01-01T00:02:16Z,ENG-DATASET-003,MSN-LUBRICATION_DEGRADATION-003,CRUISE,5000.0,10.0,0.5911580752436133,0.4788419247563867,3576.7763755309825,566.5468674695999,157.68591834400672,61.28305420673331,356.44433103715204,12.009197432895217,6.76655728329907,14.2,3583.921936960683,563.8802008029332,155.28591834400672,56.61638754006665,379.19609684803413,11.88245128584619,6.433223949965737,-7.145561429700592,2.6666666666666288,2.4000000000000057,4.666666666666664,-22.75176581088209,0.1267461470490261,0.33333333333333304,-0.001993782664741947,0.004729136903316427,0.015455361475103348,0.08242607607848748,-0.060000000000000116,0.010666666666666672,0.05181435248109283,3,LUBRICATION_DEGRADATION,0.13333333333333333,2026-01-01T00:02:00+00:00,True
2026-01-01T00:02:17Z,ENG-DATASET-003,MSN-LUBRICATION_DEGRADATION-003,CRUISE,5000.0,10.0,0.5903539320640401,0.4796460679359599,3572.0888552140505,566.125092234984,157.38962048214734,61.397676267819044,354.81530393470626,12.000535511907792,7.180818520184491,14.2,3579.4991494730307,563.2917589016506,154.83962048214732,56.43934293448571,378.97495747365156,11.866053571431566,6.826651853517824,-7.41029425898023,2.8333333333333712,2.5500000000000114,4.958333333333336,-24.159653538945292,0.13448194047622586,0.35416666666666696,-0.002070204223982331,0.005029957013498691,0.01646865312676235,0.08785242838650559,-0.06375000000000001,0.011333333333333456,0.05187999538663485,3,LUBRICATION_DEGRADATION,0.14166666666666666,2026-01-01T00:02:00+00:00,True
2026-01-01T00:02:18Z,ENG-DATASET-003,MSN-LUBRICATION_DEGRADATION-003,CRUISE,5000.0,10.0,0.5900124058592234,0.4799875941407765,3570.0518844582693,566.0419026396809,157.1317059999246,61.51881090278664,353.3065677180324,12.001399866560218,6.884339632292255,14.2,3577.620755346539,563.0419026396809,154.43170599992462,56.26881090278664,378.881037767327,11.859090777233417,6.509339632292255,-7.568870888269885,3.0,2.6999999999999886,5.25,-25.574470049294575,0.14230908932680109,0.375,-0.0021156157697706395,0.005328200238623896,0.017483456408888643,0.09330213160306895,-0.06750000000000002,0.012000000000000007,0.05760953048749498,3,LUBRICATION_DEGRADATION,0.15,2026-01-01T00:02:00+00:00,True
2026-01-01T00:02:19Z,ENG-DATASET-003,MSN-LUBRICATION_DEGRADATION-003,CRUISE,5000.0,10.0,0.5901388260313631,0.4798611739686368,3570.637231219009,566.3010525509242,156.9168950470386,61.646977519309104,351.91805232849543,12.011915836559556,6.328701312853612,14.2,3578.316066293308,563.1343858842575,154.0668950470386,56.10531085264244,378.91580331466537,11.861668041368883,5.932867979520279,-7.678835074298604,3.1666666666666288,2.8499999999999943,5.541666666666664,-26.997750986169933,0.15024779519067266,0.39583333333333304,-0.0021459353874944105,0.005623287701911852,0.01849845808296359,0.09877258645302851,-0.07125000000000006,0.012666666666666678,0.06671871592284098,3,LUBRICATION_DEGRADATION,0.15833333333333333,2026-01-01T00:02:00+00:00,True
2026-01-01T00:02:20Z,ENG-DATASET-003,MSN-LUBRICATION_DEGRADATION-003,CRUISE,5000.0,10.0,0.5907312198359552,0.4792687801640447,3573.756826006269,566.9011526814113,156.74940102603668,61.782671460844995,350.6478082401086,12.032063071150684,6.340920114366369,14.2,3581.574232218564,563.5678193480779,153.74940102603668,55.94933812751166,379.07871161092817,11.873746451793437,5.924253447699702,-7.817406212294827,3.3333333333333712,3.0,5.833333333333336,-28.43090337081958,0.1583166193572474,0.41666666666666696,-0.0021826732340131973,0.005914697785954658,0.019512271137186187,0.1042609891119506,-0.07499999999999991,0.013333333333333464,0.07033234994840612,3,LUBRICATION_DEGRADATION,0.16666666666666666,2026-01-01T00:02:00+00:00,True
2026-01-01T00:02:21Z,ENG-DATASET-003,MSN-LUBRICATION_DEGRADATION-003,CRUISE,5000.0,10.0,0.5917803431658103,0.47821965683418965,3579.282358189662,567.8356889854723,156.6328531480698,61.926352850269204,349.49205191016557,12.061675584011228,6.938584516997396,14.2,3587.344410532767,564.3356889854723,153.4828531480698,55.801352850269204,379.36722052663833,11.89514357397557,6.501084516997396,-8.062052343105279,3.5,3.1500000000000057,6.125,-29.875168616472763,0.16653201003565776,0.4375,-0.002247359444895886,0.006201982380898296,0.020523465230093813,0.10976436389338276,-0.07874999999999999,0.013999999999999981,0.06729646397553136,3,LUBRICATION_DEGRADATION,0.175,2026-01-01T00:02:00+00:00,True
2026-01-01T00:02:22Z,ENG-DATASET-003,MSN-LUBRICATION_DEGRADATION-003,CRUISE,5000.0,10.0,0.5932698248022544,0.47673017519774563,3587.0673329455963,569.093109097505,156.5702288940338,62.07843612017718,348.44523966858594,12.100443789536973,7.304574469470835,14.2,3595.5365595332096,565.4264424308384,153.27022889403378,55.661769453510516,379.77682797666046,11.925535929241432,6.846241136137502,-8.46922658761332,3.6666666666666288,3.3000000000000114,6.416666666666664,-31.331588308074515,0.17490786029554073,0.45833333333333304,-0.00235548337428471,0.006484781028108933,0.021530600063770555,0.11527960267281753,-0.08250000000000007,0.014666666666666644,0.06694671195760928,3,LUBRICATION_DEGRADATION,0.18333333333333332,2026-01-01T00:02:00+00:00,True
2026-01-01T00:02:23Z,ENG-DATASET-003,MSN-LUBRICATION_DEGRADATION-003,CRUISE,5000.0,10.0,0.5951764218825207,0.4748235781174793,3596.965808094601,570.6569763679944,156.56379708049693,62.239280387755954,347.50016866124923,12.147918512593147,6.957584377691987,14.2,3606.0228434746746,566.823643034661,153.11379708049694,55.53094705442262,380.30114217373375,11.964463407018856,6.47841771102532,-9.057035380073557,3.8333333333333712,3.4499999999999886,6.708333333333336,-32.80097351248452,0.183455105574291,0.47916666666666696,-0.0025116411551476536,0.006762832461981415,0.022532260748430205,0.12080351027975252,-0.08624999999999995,0.01533333333333349,0.07396353369607449,3,LUBRICATION_DEGRADATION,0.19166666666666665,2026-01-01T00:02:00+00:00,True
2026-01-01T00:02:24Z,ENG-DATASET-003,MSN-LUBRICATION_DEGRADATION-003,CRUISE,5000.0,10.0,0.5974703825968497,0.4725296174031503,3608.8426860936934,572.506190656188,156.61507213885193,62.40918081915545,346.6481030468585,12.203516949266254,6.441472044631434,14.2,3618.6396274034837,568.506190656188,153.01507213885193,55.40918081915545,380.9319813701742,12.01133557998647,5.941472044631434,-9.796941309790327,4.0,3.5999999999999943,7.0,-34.28387832331566,0.19218136927978335,0.5,-0.0027073547848200674,0.007035983188473414,0.023527094093928287,0.12633285488999751,-0.08999999999999996,0.015999999999999986,0.0841542291614058,3,LUBRICATION_DEGRADATION,0.2,2026-01-01T00:02:00+00:00,True
2026-01-01T00:02:25Z,ENG-DATASET-003,MSN-LUBRICATION_DEGRADATION-003,CRUISE,5000.0,10.0,0.6001159104555293,0.46988408954447075,3622.5725525618145,574.6152745674622,156.72478012248664,62.588361113063435,345.8789232627507,12.266530539851876,6.545823347666849,14.2,3633.190030626221,570.4486079007955,152.97478012248664,55.29669444639677,381.6595015313111,12.065439875264142,6.0249900143335156,-10.617478064406441,4.166666666666629,3.75,7.291666666666664,-35.78057826856042,0.20109066458773484,0.520833333333333,-0.0029223569301098187,0.007304192891274857,0.024513844680785823,0.13186442227093742,-0.09375000000000001,0.016666666666666597,0.08644550980072414,3,LUBRICATION_DEGRADATION,0.20833333333333334,2026-01-01T00:02:00+00:00,True
2026-01-01T00:02:26Z,ENG-DATASET-003,MSN-LUBRICATION_DEGRADATION-003,CRUISE,5000.0,10.0,0.6030717228811443,0.46692827711885565,3638.027129937802,576.9547232518895,156.8928368582019,62.776967215924465,345.1812958283906,12.33613469668194,7.174414756464796,14.2,3649.4469989671043,572.6213899185561,152.99283685820188,55.19363388259113,382.47234994835526,12.12595153671226,6.632748089798129,-11.41986902930239,4.333333333333371,3.9000000000000057,7.583333333333336,-37.291054119964656,0.21018315996968084,0.541666666666667,-0.003129205337831878,0.007567536612542016,0.025491389532273572,0.13739507258146358,-0.09750000000000004,0.01733333333333347,0.0816654966136597,3,LUBRICATION_DEGRADATION,0.21666666666666667,2026-01-01T00:02:00+00:00,True
2026-01-01T00:02:27Z,ENG-DATASET-003,MSN-LUBRICATION_DEGRADATION-003,CRUISE,5000.0,10.0,0.6062916954093903,0.4637083045906097,3655.054662300083,579.4914151902931,157.11833855213902,62.975062362218125,344.5428608512685,12.411400308034445,7.482704812696897,14.2,3667.1568478724566,574.9914151902931,153.068338552139,55.100062362218125,383.35784239362283,12.19194529276468,6.920204812696897,-12.102185572373855,4.5,4.050000000000011,7.875,-38.81498154235436,0.21945501526976408,0.5625,-0.0033001548814022173,0.00782620380255717,0.02645877023497238,0.14292179831360505,-0.10125000000000013,0.017999999999999985,0.08128372139621488,3,LUBRICATION_DEGRADATION,0.225,2026-01-01T00:02:00+00:00,True
2026-01-01T00:02:28Z,ENG-DATASET-003,MSN-LUBRICATION_DEGRADATION-003,CRUISE,5000.0,10.0,0.6097255814459116,0.4602744185540884,3673.4570845635535,582.1890805763609,157.39956504466744,63.18262351272091,343.9504341430312,12.491306915107263,7.087379584884921,14.2,3686.043221073324,577.5224139096943,153.19956504466745,55.015956846054245,384.30216105366617,12.262408620851371,6.504046251551588,-12.586136509770313,4.666666666666629,4.199999999999989,8.166666666666664,-40.351726910634966,0.2288982942558917,0.583333333333333,-0.0034145385050871452,0.00808049446094112,0.02741522143862106,0.1484417818910002,-0.10500000000000005,0.01866666666666662,0.08968775909214584,3,LUBRICATION_DEGRADATION,0.23333333333333334,2026-01-01T00:02:00+00:00,True
2026-01-01T00:02:29Z,ENG-DATASET-003,MSN-LUBRICATION_DEGRADATION-003,CRUISE,5000.0,10.0,0.6133197963476013,0.4566802036523988,3692.9719222492804,585.0088229601845,157.733995780872,63.39953924203974,343.390220647641,12.574757431963153,6.6150721776272725,14.2,3705.8114030326174,580.1754896268511,153.383995780872,54.9412059087064,385.29057015163085,12.33625647347595,6.0109055109606055,-12.839480783336967,4.833333333333371,4.349999999999994,8.458333333333336,-41.900349503989844,0.23850095848720265,0.604166666666667,-0.003464688130871931,0.008330812693314578,0.028360194802947415,0.15395245141484898,-0.10874999999999997,0.01933333333333341,0.10051175576874354,3,LUBRICATION_DEGRADATION,0.24166666666666667,2026-01-01T00:02:00+00:00,True
2026-01-01T00:02:30Z,ENG-DATASET-003,MSN-LUBRICATION_DEGRADATION-003,CRUISE,5000.0,10.0,0.6170182535930345,0.4529817464069655,3713.265136247091,587.9096887636678,158.1183384218765,63.62560910426153,342.8480357310359,12.66059424883914,6.804126171508674,14.2,3726.1529178825003,582.9096887636678,153.6183384218765,54.87560910426153,386.307645894125,12.41234730278347,6.179126171508674,-12.887781635409283,5.0,4.5,8.75,-43.45961016308911,0.24824694605566933,0.625,-0.0034587366432436047,0.008577658077025338,0.029293377641162948,0.15945153307319723,-0.11250000000000011,0.019999999999999993,0.10114698788346672,3,LUBRICATION_DEGRADATION,0.25,2026-01-01T00:02:00+00:00,True
2026-01-01T00:02:31Z,ENG-DATASET-003,MSN-LUBRICATION_DEGRADATION-003,CRUISE,5000.0,10.0,0.6207632399938777,0.44923676000612234,3733.938663808291,590.8492781374812,158.54856986645922,63.86054448266252,342.3095307851629,12.747616527926128,7.446292028182563,14.2,3746.7503430871375,585.6826114708145,153.8985698664592,54.818877815995855,387.3375171543569,12.489500190652642,6.80045869484923,-12.81167927884644,5.166666666666629,4.650000000000006,9.041666666666664,-45.02798636919397,0.2581163372734867,0.645833333333333,-0.003419410984370592,0.008821615266486517,0.030214705724912853,0.16493709880409763,-0.11624999999999995,0.02066666666666657,0.09496908404465378,3,LUBRICATION_DEGRADATION,0.2583333333333333,2026-01-01T00:02:00+00:00,True
2026-01-01T00:02:32Z,ENG-DATASET-003,MSN-LUBRICATION_DEGRADATION-003,CRUISE,5000.0,10.0,0.6244963162898886,0.44550368371011145,3754.552777527889,593.7843894401823,159.01998928248452,64.10397090642083,341.76041955946874,12.834598468618616,7.684569980704764,14.2,3767.2822627151977,588.4510561068489,154.2199892824845,54.77063757308749,388.3641131357599,12.566512860919008,7.017903314038097,-12.72948518730891,5.333333333333371,4.800000000000011,9.333333333333336,-46.603693576291164,0.2680856076996072,0.666666666666667,-0.0033789571100877303,0.009063342274578164,0.031124369949266817,0.17040760792456855,-0.11999999999999994,0.021333333333333468,0.09499513413544983,3,LUBRICATION_DEGRADATION,0.26666666666666666,2026-01-01T00:02:00+00:00,True
2026-01-01T00:02:33Z,ENG-DATASET-003,MSN-LUBRICATION_DEGRADATION-003,CRUISE,5000.0,10.0,0.6281592290740277,0.44184077092597235,3774.6594958789315,596.6716884308911,159.5272825650083,64.35543179453569,341.18670165016255,12.920308287521145,7.240495135138503,14.2,3787.428283027962,591.1716884308911,154.57728256500832,54.7304317945357,389.3714141513981,12.642180320470787,6.552995135138503,-12.768787149030686,5.5,4.949999999999989,9.624999999999993,-48.18471250123554,0.2781279670503576,0.6875,-0.00337136077434114,0.009303557845603695,0.0320228167933942,0.1758619416001201,-0.12375000000000007,0.02200000000000002,0.1049138578347913,3,LUBRICATION_DEGRADATION,0.275,2026-01-01T00:02:00+00:00,True
2026-01-01T00:02:34Z,ENG-DATASET-003,MSN-LUBRICATION_DEGRADATION-003,CRUISE,5000.0,10.0,0.6316948198173914,0.43830518018260867,3793.8401549628543,599.4683921341415,160.06459744519435,64.61439356503158,340.5748796510808,13.003527628602923,6.812571405077411,14.2,3806.874032116463,593.8017254674749,154.96459744519436,54.69772689836491,390.3437016058232,12.715313848047186,6.104238071744078,-13.0338771536085,5.666666666666629,5.099999999999994,9.916666666666664,-49.76882195474241,0.2882137805557363,0.708333333333333,-0.003423774215707949,0.009543028293165539,0.032910742737893336,0.18129942922661207,-0.12749999999999986,0.022666666666666675,0.11603959822801455,3,LUBRICATION_DEGRADATION,0.2833333333333333,2026-01-01T00:02:00+00:00,True
2026-01-01T00:02:35Z,ENG-DATASET-003,MSN-LUBRICATION_DEGRADATION-003,CRUISE,5000.0,10.0,0.6350479168089384,0.4349520831910616,3811.738762016821,602.1329563216096,160.6256282753818,64.8802520263602,339.9121665981956,13.083071092380385,7.075035742254754,14.2,3825.316065569971,596.2996229882763,155.3756282753818,54.67191869302687,391.26580327849854,12.78476002512741,6.345869075588087,-13.57730355315016,5.833333333333371,5.25,10.208333333333329,-51.35363668030294,0.29831106725297474,0.729166666666667,-0.003549328557541596,0.00978255411952199,0.03378908300016719,0.18671986601844562,-0.13125000000000003,0.023333333333333477,0.11490414598556672,3,LUBRICATION_DEGRADATION,0.2916666666666667,2026-01-01T00:02:00+00:00,True
2026-01-01T00:02:36Z,ENG-DATASET-003,MSN-LUBRICATION_DEGRADATION-003,CRUISE,5000.0,10.0,0.638166196091588,0.431833803908412,3828.0833757717296,604.6257547250623,161.2037093159702,65.1523399480401,339.1866805202615,13.157805551507272,7.711406648638573,14.2,3842.4666016245446,598.6257547250623,155.8037093159702,54.652339948040094,392.1233300812272,12.84941948389382,6.961406648638573,-14.38322585281503,6.0,5.400000000000006,10.5,-52.93664956096569,0.30838606761345133,0.75,-0.003743227292264295,0.010022956668070002,0.03465899511447957,0.19212352133472638,-0.13500000000000004,0.023999999999999973,0.10773684656773726,3,LUBRICATION_DEGRADATION,0.3,2026-01-01T00:02:00+00:00,True
2026-01-01T00:02:37Z,ENG-DATASET-003,MSN-LUBRICATION_DEGRADATION-003,CRUISE,5000.0,10.0,0.64100099796007,0.42899900203993,3842.6904390794016,606.9097375109577,161.79191515548047,65.42993568930027,338.38762313749527,13.22666890524523,7.867436088463026,14.2,3858.058011901196,600.7430708442911,156.24191515548046,54.6382690226336,392.9029005950598,12.908265034396777,7.096602755129693,-15.36757282179451,6.166666666666629,5.550000000000011,10.791666666666664,-54.51527745756454,0.3184038708484529,0.770833333333333,-0.003983240473416725,0.010265064993591895,0.035521838006638995,0.1975111375178499,-0.13874999999999998,0.024666666666666594,0.10862004820209861,3,LUBRICATION_DEGRADATION,0.30833333333333335,2026-01-01T00:02:00+00:00,True
2026-01-01T00:02:38Z,ENG-DATASET-003,MSN-LUBRICATION_DEGRADATION-003,CRUISE,5000.0,10.0,0.6435080862793506,0.4264919137206494,3855.4511216102096,608.9510562665788,162.38316671326353,65.71227274810883,337.50544002455416,13.288687918412016,7.374538866157607,14.2,3871.846997657239,602.6177229332454,156.68316671326355,54.6289394147755,393.592349882862,12.960358828100144,6.58287219949094,-16.39587604702956,6.333333333333371,5.699999999999989,11.083333333333329,-56.08690985830782,0.32832909031187185,0.791666666666667,-0.004234639451649383,0.010509703070971483,0.036379147291752255,0.20288391925719168,-0.14249999999999996,0.02533333333333345,0.12026158835772131,3,LUBRICATION_DEGRADATION,0.31666666666666665,2026-01-01T00:02:00+00:00,True
2026-01-01T00:02:39Z,ENG-DATASET-003,MSN-LUBRICATION_DEGRADATION-003,CRUISE,5000.0,10.0,0.645648338774725,0.42435166122527496,3866.303300428293,610.719642816841,162.9703411123582,65.99855007872401,336.53195986867297,13.342994792737269,6.990928741573017,14.2,3883.618386381798,604.219642816841,157.1203411123582,54.623550078724016,394.18091931908987,13.004868219042171,6.178428741573017,-17.315085953504877,6.5,5.849999999999994,11.374999999999993,-57.648959450416896,0.3381265736950976,0.8125,-0.00445849314500661,0.010757677406344047,0.03723260755790115,0.2082435137153522,-0.14625000000000002,0.026000000000000086,0.13150592715149434,3,LUBRICATION_DEGRADATION,0.325,2026-01-01T00:02:00+00:00,True
2026-01-01T00:02:40Z,ENG-DATASET-003,MSN-LUBRICATION_DEGRADATION-003,CRUISE,5000.0,10.0,0.6473883575218288,0.4226116424781712,3875.196637952304,612.1897296421754,163.5463835755101,66.28794301402642,335.46051080336196,13.388842130918627,7.3149975606178845,14.2,3893.1884894908685,605.5230629755088,157.5463835755101,54.62127634735976,394.65942447454347,13.041079997648014,6.4816642272845515,-17.991851538564333,6.666666666666629,6.0,11.666666666666664,-59.198913671181515,0.34776213327061356,0.833333333333333,-0.004621366673391459,0.011009765068083413,0.03808402239283564,0.21359198185837702,-0.15,0.026666666666666655,0.1285678035936231,3,LUBRICATION_DEGRADATION,0.3333333333333333,2026-01-01T00:02:00+00:00,True
2026-01-01T00:02:41Z,ENG-DATASET-003,MSN-LUBRICATION_DEGRADATION-003,CRUISE,5000.0,10.0,0.6487009901100778,0.42129900988992225,3882.060274912436,613.3403005155826,164.10441939751533,66.57961461956383,334.28601217672895,13.425615976443886,7.92771804580878,14.2,3900.4079687262374,606.5069671822492,157.95441939751532,54.62128128623049,395.0203984363119,13.068412696084248,7.073551379142113,-18.34769381380147,6.833333333333371,6.150000000000006,11.958333333333336,-60.73438625958295,0.3572032803596379,0.854166666666667,-0.00470404479759929,0.011266702120637014,0.03893528287121004,0.21893176160896685,-0.15375,0.02733333333333347,0.12075499574165263,3,LUBRICATION_DEGRADATION,0.3416666666666667,2026-01-01T00:02:00+00:00,True
2026-01-01T00:02:42Z,ENG-DATASET-003,MSN-LUBRICATION_DEGRADATION-003,CRUISE,5000.0,10.0,0.6495657533469535,0.4204342466530464,3886.7823233370705,614.1554612157622,164.63786398815785,66.87272729960785,333.00504051503646,13.452846645307098,7.9927334840588316,14.2,3905.164166529055,607.1554612157622,158.33786398815784,54.62272729960785,395.25820832645275,13.08642669776955,7.1177334840588316,-18.381843191984444,7.0,6.300000000000011,12.249999999999993,-62.25316781141629,0.3664199475375476,0.875,-0.004707060294554119,0.011529172423127461,0.039788335154446644,0.22426562358939442,-0.15749999999999995,0.028000000000000014,0.12293239160467107,3,LUBRICATION_DEGRADATION,0.35,2026-01-01T00:02:00+00:00,True
2026-01-01T00:02:43Z,ENG-DATASET-003,MSN-LUBRICATION_DEGRADATION-003,CRUISE,5000.0,10.0,0.6499691528913724,0.42003084710862765,3889.207601628296,614.6247217768015,165.1405289670954,67.16645447169081,331.6158688599796,13.470217108449464,7.454404193370854,14.2,3907.3828640233583,607.4580551101349,158.69052896709542,54.62478780502415,395.36914320116796,13.09483192655489,6.558570860037521,-18.17526239506242,7.166666666666629,6.449999999999989,12.541666666666664,-63.75327434118833,0.3753851818945737,0.895833333333333,-0.00465151817151281,0.011797796747245832,0.04064514777272814,0.22959662033713452,-0.16125,0.02866666666666668,0.13658971633466624,3,LUBRICATION_DEGRADATION,0.35833333333333334,2026-01-01T00:02:00+00:00,True
2026-01-01T00:02:44Z,ENG-DATASET-003,MSN-LUBRICATION_DEGRADATION-003,CRUISE,5000.0,10.0,0.649904893828364,0.42009510617163603,3889.155508057714,614.7431836566398,165.60672232846852,67.45999212511877,330.1184790856319,13.477568734932081,7.117401624000856,14.2,3907.0294391768125,607.4098503233064,159.00672232846853,54.626658791785445,395.35147195884065,13.093492941967694,6.2007349573341894,-17.873931119098415,7.333333333333371,6.599999999999994,12.833333333333329,-65.23299287320873,0.38407579296438676,0.916666666666667,-0.00457481352453396,0.01207312217513439,0.041507679067593305,0.2349280299615022,-0.16500000000000006,0.029333333333333416,0.1478319381450806,3,LUBRICATION_DEGRADATION,0.36666666666666664,2026-01-01T00:02:00+00:00,True
2026-01-01T00:02:45Z,ENG-DATASET-003,MSN-LUBRICATION_DEGRADATION-003,CRUISE,5000.0,10.0,0.6493739788991146,0.4206260211008854,3886.4546828546704,614.511627381273,166.0313407801535,67.75257008086088,328.5145472311782,13.474904263856128,7.493819430132355,14.2,3904.1094070659406,607.011627381273,159.2813407801535,54.62757008086088,395.2054703532971,13.082431324132163,6.556319430132355,-17.65472421127015,7.5,6.75,13.125,-66.69092312211887,0.3924729397239659,0.9375,-0.004522087464894644,0.012355611757151958,0.042377845182234,0.24026329526596368,-0.16874999999999998,0.03000000000000008,0.14299181270688552,3,LUBRICATION_DEGRADATION,0.375,2026-01-01T00:02:00+00:00,True
2026-01-01T00:02:46Z,ENG-DATASET-003,MSN-LUBRICATION_DEGRADATION-003,CRUISE,5000.0,10.0,0.6483846928535261,0.4216153071464739,3880.986492655557,613.936498569381,166.409952499706,68.04346277496398,326.80740231160405,13.462387935857025,8.069518252695794,14.2,3898.6683338152034,606.2698319027144,159.509952499706,54.62679610829731,394.93341669076017,13.061825293522341,7.11118491936246,-17.68184115964641,7.666666666666629,6.900000000000006,13.416666666666671,-68.12601437915612,0.40056264233468397,0.9583333333333339,-0.004535354035192604,0.012645634440700436,0.043257488901908635,0.24560595939158147,-0.17249999999999996,0.030666666666666578,0.13476422624364148,3,LUBRICATION_DEGRADATION,0.3833333333333333,2026-01-01T00:02:00+00:00,True
2026-01-01T00:02:47Z,ENG-DATASET-003,MSN-LUBRICATION_DEGRADATION-003,CRUISE,5000.0,10.0,0.6469524731694647,0.42304752683053537,3872.726606102656,613.0297926721087,166.7388687332048,68.33199939516285,325.0019594837087,13.44034278030254,8.04079402454579,14.2,3890.7911255528666,605.1964593387753,159.6888687332048,54.62366606182952,394.5395562776433,13.032006574307568,7.061627357879123,-18.064519450210355,7.833333333333371,7.050000000000011,13.708333333333336,-69.53759679393465,0.40833620599497245,0.9791666666666661,-0.004642891090084785,0.012943455323403418,0.044148349574562894,0.25095959904662246,-0.17625000000000005,0.031333333333333484,0.13866020069356183,3,LUBRICATION_DEGRADATION,0.39166666666666666,2026-01-01T00:02:00+00:00,True
2026-01-01T00:02:48Z,ENG-DATASET-003,MSN-LUBRICATION_DEGRADATION-003,CRUISE,5000.0,10.0,0.6450996691560816,0.4249003308439183,3861.7738079913765,611.8088411796285,167.01520288937502,68.61757321053146,323.1046288426496,13.40924511966994,7.465961925457812,14.2,3880.600703479259,603.8088411796285,159.81520288937503,54.61757321053146,394.030035173963,12.993454573323586,6.465961925457812,-18.826895487882666,8.0,7.199999999999989,14.0,-70.92540633131335,0.41579054634635426,1.0,-0.004851541533506113,0.013249226335226948,0.0450520342860239,0.2563277563804408,-0.18000000000000005,0.031999999999999966,0.1546560297645422,3,LUBRICATION_DEGRADATION,0.4,2026-01-01T00:02:00+00:00,True
2026-01-01T00:02:49Z,ENG-DATASET-003,MSN-LUBRICATION_DEGRADATION-003,CRUISE,5000.0,10.0,0.6428551932003197,0.4271448067996803,3848.3578625902874,610.2960043550273,167.23691604264653,68.89964994669239,321.12320149855236,13.36971641551475,7.182007586240426,14.2,3868.256085722568,602.1293376883607,159.88691604264653,54.60798328002573,393.41280428612845,12.946788007277034,6.1611742529070925,-19.89822313228069,8.166666666666629,7.349999999999994,14.291666666666664,-72.28960278757609,0.42292840823771627,1.020833333333333,-0.005143977723120112,0.013562977512471557,0.045969990427731644,0.26171387054123657,-0.18374999999999997,0.032666666666666656,0.1656881125950402,3,LUBRICATION_DEGRADATION,0.4083333333333333,2026-01-01T00:02:00+00:00,True
2026-01-01T00:02:50Z,ENG-DATASET-003,MSN-LUBRICATION_DEGRADATION-003,CRUISE,5000.0,10.0,0.6402540695987841,0.429745930401216,3832.8231132142087,608.5182776687913,167.40284804676833,69.177775074071,319.06671492776127,13.322512638671713,7.605714241741245,14.2,3853.949905914123,600.1849443354579,159.90284804676833,54.594441740737665,392.6974952957062,12.892754166456495,6.564047575074578,-21.126792699914404,8.333333333333371,7.5,14.583333333333329,-73.63078036794491,0.4297584722152177,1.041666666666667,-0.005481854516970769,0.013884609089220455,0.04690347977921196,0.26712120993173255,-0.1875,0.03333333333333342,0.15869273565629696,3,LUBRICATION_DEGRADATION,0.4166666666666667,2026-01-01T00:02:00+00:00,True
2026-01-01T00:02:51Z,ENG-DATASET-003,MSN-LUBRICATION_DEGRADATION-003,CRUISE,5000.0,10.0,0.6373368880153083,0.43266311198469176,3815.5904316716546,606.506820947381,167.51273376577603,69.45157989371532,316.94529990385246,13.268511397830743,8.13685774713517,14.2,3837.9054072050067,598.006820947381,159.86273376577603,54.576579893715326,391.8952703602504,12.83221605206068,7.0743577471351715,-22.314975533352026,8.5,7.650000000000006,14.874999999999993,-74.94997045639792,0.4362953457700627,1.0624999999999991,-0.005814363087599684,0.014213884695385306,0.047853554232398246,0.27255280614813493,-0.1912500000000001,0.03399999999999997,0.15019031238988,3,LUBRICATION_DEGRADATION,0.425,2026-01-01T00:02:00+00:00,True
2026-01-01T00:02:52Z,ENG-DATASET-003,MSN-LUBRICATION_DEGRADATION-003,CRUISE,5000.0,10.0,0.6341491700928259,0.4358508299071741,3797.105630656545,604.2964207566837,167.56720424144885,69.72078632403641,314.7700115849119,13.208697103778322,8.018492572409576,14.2,3820.372958631352,595.6297540900171,159.76720424144884,54.554119657369746,391.0186479315676,12.766137664734204,6.935159239076243,-23.267327974806904,8.666666666666629,7.800000000000011,15.166666666666664,-76.2486363466557,0.44255943904411765,1.083333333333333,-0.006090328935618479,0.014550426010714103,0.048821033309265585,0.27801139055898577,-0.19500000000000003,0.034666666666666554,0.15620886211657226,3,LUBRICATION_DEGRADATION,0.43333333333333335,2026-01-01T00:02:00+00:00,True
2026-01-01T00:02:53Z,ENG-DATASET-003,MSN-LUBRICATION_DEGRADATION-003,CRUISE,5000.0,10.0,0.6307406591033574,0.4392593408966426,3777.786101830686,601.9248976743489,167.56777292582933,69.98521031216221,312.5526475618329,13.144144480236173,7.421812386989629,14.2,3801.626148189276,593.0915643410156,159.61777292582934,54.526876978828874,390.0813074094638,12.69556775296475,6.317645720322963,-23.840046358589916,8.833333333333371,7.949999999999989,15.458333333333336,-77.52865984763093,0.4485767272714227,1.104166666666666,-0.006271012832217863,0.01489370927598354,0.049806483665789325,0.2834993344536372,-0.19875,0.03533333333333345,0.17477502151073773,3,LUBRICATION_DEGRADATION,0.44166666666666665,2026-01-01T00:02:00+00:00,True
2026-01-01T00:02:54Z,ENG-DATASET-003,MSN-LUBRICATION_DEGRADATION-003,CRUISE,5000.0,10.0,0.6271645437208875,0.4428354562791125,3757.978241479755,599.4324708436267,167.51680740433707,70.24476381512552,310.30555585422945,13.076000755727462,7.201325622616251,14.2,3781.957513585691,590.4324708436267,159.41680740433708,54.49476381512552,389.0978756792846,12.621622351088282,6.076325622616251,-23.979272105935706,9.0,8.099999999999994,15.75,-78.79231982505513,0.4543784046391792,1.125,-0.006340439314771903,0.015243064100354347,0.0508102008306787,0.2890185936658458,-0.2025,0.03600000000000008,0.1851447848371916,3,LUBRICATION_DEGRADATION,0.45,2026-01-01T00:02:00+00:00,True
2026-01-01T00:02:55Z,ENG-DATASET-003,MSN-LUBRICATION_DEGRADATION-003,CRUISE,5000.0,10.0,0.6234766280298968,0.4465233719701032,3737.935867025639,596.8610925455318,167.417487310875,70.49945531848532,308.04143597350804,13.005466884143237,7.67109314413738,14.2,3761.6739772852434,587.6944258788652,159.167487310875,54.45778865181865,388.08369886426215,12.545466447726596,6.525259810804047,-23.738110259604582,9.166666666666629,8.25,16.041666666666664,-80.0422628907541,0.46000043641664057,1.145833333333333,-0.006310517711781099,0.0155976750212636,0.05183219349242265,0.29457065855594455,-0.2062500000000001,0.03666666666666656,0.17559964914134854,3,LUBRICATION_DEGRADATION,0.4583333333333333,2026-01-01T00:02:00+00:00,True
2026-01-01T00:02:56Z,ENG-DATASET-003,MSN-LUBRICATION_DEGRADATION-003,CRUISE,5000.0,10.0,0.6197344607212879,0.4502655392787121,3717.8248005863297,594.2537654955618,167.2737493838432,70.74938888286304,305.77313625497186,12.933778145049791,8.15527514206808,14.2,3741.092057087894,584.9204321622284,158.8737493838432,54.41605554952971,387.0546028543947,12.468295126976018,6.9886084754014135,-23.267256501564134,9.333333333333371,8.400000000000006,16.333333333333336,-81.28146659942286,0.46548301807377257,1.166666666666666,-0.006219375558396608,0.015956586263932666,0.052872170717802994,0.30015651021354667,-0.2099999999999999,0.037333333333333434,0.16693833554606946,3,LUBRICATION_DEGRADATION,0.4666666666666667,2026-01-01T00:02:00+00:00,True
2026-01-01T00:02:57Z,ENG-DATASET-003,MSN-LUBRICATION_DEGRADATION-003,CRUISE,5000.0,10.0,0.6159964370643114,0.4540035629356886,3697.7522879897265,591.6538552022837,167.09022082551598,70.99476173190402,303.51345069168593,12.862184469088508,7.9569000479152505,14.2,3720.532926974523,582.1538552022837,158.54022082551597,54.36976173190403,386.02664634872616,12.391314517426308,6.7694000479152505,-22.780638984796497,9.5,8.550000000000011,16.624999999999993,-82.51319565704023,0.47086995166220014,1.1875,-0.006122950510566061,0.016318710105765754,0.053929532553192626,0.30577658371904337,-0.21375000000000002,0.038000000000000034,0.17542174957819348,3,LUBRICATION_DEGRADATION,0.475,2026-01-01T00:02:00+00:00,True
2026-01-01T00:02:58Z,ENG-DATASET-003,MSN-LUBRICATION_DEGRADATION-003,CRUISE,5000.0,10.0,0.61232088766792,0.45767911233208003,3677.8135394789415,589.1044090675755,166.87214230298707,71.23586041798939,301.2749184821422,12.791930820238115,7.356915903517742,14.2,3700.3174052943705,579.4377424009089,158.17214230298708,54.31919375132272,385.0158702647185,12.315722869292152,6.148582570184409,-22.50386581542898,9.666666666666629,8.699999999999989,16.916666666666664,-83.7409517825763,0.47620795094596247,1.208333333333333,-0.0060816041843412445,0.016682839172009495,0.0550033645199967,0.31143073927261167,-0.21750000000000008,0.038666666666666606,0.19652225851089003,3,LUBRICATION_DEGRADATION,0.48333333333333334,2026-01-01T00:02:00+00:00,True
2026-01-01T00:02:59Z,ENG-DATASET-003,MSN-LUBRICATION_DEGRADATION-003,CRUISE,5000.0,10.0,0.6087651682511251,0.46123483174887486,3658.1430503423167,586.6474930211598,166.62528206488403,71.47305562427002,299.0696294322966,12.724237946652247,7.212199564794348,14.2,3680.7609485019984,576.8141596878264,157.77528206488404,54.26472229093668,384.03804742509993,12.242692058998312,5.983032898127682,-22.617898159681772,9.833333333333371,8.849999999999994,17.208333333333336,-84.96841799280332,0.4815458876539349,1.229166666666666,-0.0061448973394718385,0.017047662870577244,0.0560924365602496,0.3171182419597028,-0.22124999999999992,0.03933333333333344,0.20544207053438046,3,LUBRICATION_DEGRADATION,0.49166666666666664,2026-01-01T00:02:00+00:00,True
2026-01-01T00:03:00Z,ENG-DATASET-003,MSN-LUBRICATION_DEGRADATION-003,CRUISE,5000.0,10.0,0.6053847646261847,0.46461523537381527,3638.9567218920274,584.3235554291527,166.35584274412446,71.70679568292451,296.90903823188705,12.66028378681091,7.728438095176814,14.2,3662.1687285648263,574.3235554291527,157.35584274412446,54.206795682924515,383.10843642824136,12.17334979501049,6.478438095176814,-23.212006672798907,10.0,9.0,17.499999999999993,-86.19939819635431,0.4869339918004201,1.25,-0.006338322560548842,0.01741178801647389,0.05719520701010673,0.32283775086732536,-0.225,0.04000000000000004,0.19294774166795278,3,LUBRICATION_DEGRADATION,0.5,2026-01-01T00:02:00+00:00,True
2026-01-01T00:03:01Z,ENG-DATASET-003,MSN-LUBRICATION_DEGRADATION-003,CRUISE,5000.0,10.0,0.6022324268610607,0.46776757313893935,3620.572671350132,582.17082686204,166.07036247459635,71.93759890962428,294.8037904574094,12.601185789426527,8.165937343449455,14.2,3644.830870856644,572.0041601953734,156.92036247459635,54.14593224295763,382.24154354283223,12.10876277010877,6.895104010116121,-24.258199506512028,10.166666666666629,9.150000000000006,17.791666666666657,-87.43775308542286,0.4924230193177568,1.270833333333334,-0.0066555075848582865,0.01777376350408729,0.05830983217032327,0.32858731819102976,-0.22874999999999995,0.04066666666666668,0.18430952331811623,3,LUBRICATION_DEGRADATION,0.5083333333333333,2026-01-01T00:02:00+00:00,True
2026-01-01T00:03:02Z,ENG-DATASET-003,MSN-LUBRICATION_DEGRADATION-003,CRUISE,5000.0,10.0,0.5993573461322511,0.4706426538677489,3603.403634372477,580.2247631130045,165.7756119716285,72.16604487270807,292.76356294279935,12.547984375456876,7.899830918349323,14.2,3629.0179268481916,569.8914297796712,156.4756119716285,54.082711539374735,381.4508963424096,12.04992097515065,6.608164251682656,-25.614292475714592,10.333333333333371,9.300000000000011,18.083333333333336,-88.68733339961022,0.49806340030622565,1.291666666666667,-0.0070581884664209,0.018132108667309486,0.05943418199691239,0.3343643988738957,-0.23249999999999998,0.04133333333333323,0.1954652786267784,3,LUBRICATION_DEGRADATION,0.5166666666666666,2026-01-01T00:02:00+00:00,True
2026-01-01T00:03:03Z,ENG-DATASET-003,MSN-LUBRICATION_DEGRADATION-003,CRUISE,5000.0,10.0,0.5968043871129334,0.4731956128870666,3587.92085627873,578.5175376773406,165.47848921639914,72.39276473223629,290.7969209074892,12.50162774008414,7.31574670993,14.2,3614.9766522419436,568.0175376773406,156.02848921639915,54.017764732236294,380.7488326120972,11.997723359005892,6.00324670993,-27.055795963213768,10.5,9.449999999999989,18.374999999999993,-89.951911704608,0.5039043810782484,1.3125,-0.007484362574356946,0.018485344735895234,0.06056586234641795,0.3401658711922655,-0.23625000000000007,0.04200000000000008,0.21863169438447153,3,LUBRICATION_DEGRADATION,0.525,2026-01-01T00:02:00+00:00,True
2026-01-01T00:03:04Z,ENG-DATASET-003,MSN-LUBRICATION_DEGRADATION-003,CRUISE,5000.0,10.0,0.5946133878747448,0.4753866121252551,3574.5966288167265,577.077588783221,165.18591334767308,72.61843079865308,288.91119394441245,12.462958162794932,7.257724562251081,14.2,3602.9261564319067,566.4109221165544,155.58591334767308,53.95176413198641,380.1463078215953,11.952964989892838,5.924391228917748,-28.329527615180268,10.666666666666629,9.599999999999994,18.66666666666667,-91.23511387718287,0.5099931729020941,1.333333333333333,-0.007862922076436867,0.01883202856824797,0.06170224407493617,0.34598806854583936,-0.24,0.042666666666666644,0.22505828562184657,3,LUBRICATION_DEGRADATION,0.5333333333333333,2026-01-01T00:02:00+00:00,True
2026-01-01T00:03:05Z,ENG-DATASET-003,MSN-LUBRICATION_DEGRADATION-003,CRUISE,5000.0,10.0,0.5928185382279987,0.47718146177200127,3563.838328231032,575.9292250377438,164.90471930551604,72.84374547300195,287.11237265260974,12.432699965654916,7.819333792417952,14.2,3593.054483374803,565.0958917044104,155.15471930551604,53.88541213966861,379.6527241687402,11.916325845675638,6.465167125751285,-29.216155143771175,10.833333333333371,9.75,18.958333333333336,-92.54035151613044,0.5163741199792771,1.354166666666667,-0.008131286424671659,0.019170787635101154,0.06284049910722483,0.3518268225209853,-0.24375000000000005,0.043333333333333286,0.20945578673023182,3,LUBRICATION_DEGRADATION,0.5416666666666666,2026-01-01T00:02:00+00:00,True
2026-01-01T00:03:06Z,ENG-DATASET-003,MSN-LUBRICATION_DEGRADATION-003,CRUISE,5000.0,10.0,0.5914478462011294,0.4785521537988706,3555.929456516228,575.0922928425512,164.6415546960282,73.06942974033207,285.4050273556667,12.4114492341415,8.209921519007375,14.2,3585.515677227022,564.0922928425512,154.7415546960282,53.81942974033207,379.2757838613511,11.888361335384579,6.834921519007375,-29.586220710793896,11.0,9.900000000000006,19.25,-93.87075650568443,0.5230878987569216,1.375,-0.008251594296102865,0.01950035506524871,0.06397764336443049,0.35767751707659073,-0.24750000000000008,0.04400000000000002,0.20117275614302724,3,LUBRICATION_DEGRADATION,0.55,2026-01-01T00:02:00+00:00,True
2026-01-01T00:03:07Z,ENG-DATASET-003,MSN-LUBRICATION_DEGRADATION-003,CRUISE,5000.0,10.0,0.5905227009847764,0.4794772990152236,3550.992017410504,574.5819079508555,164.40278025853013,73.29621139494174,283.792249983982,12.399665391813143,7.887609834863339,14.2,3580.427378537081,563.4152412841888,154.35278025853012,53.75454472827507,379.02136892685405,11.869494631601604,6.491776501530006,-29.435361126576936,11.166666666666629,10.050000000000011,19.541666666666664,-95.22911894287205,0.5301707602115382,1.395833333333333,-0.008221186471488737,0.019819603461941348,0.06511058617257794,0.36353515345443305,-0.2512499999999999,0.04466666666666665,0.21501561752847745,3,LUBRICATION_DEGRADATION,0.5583333333333333,2026-01-01T00:02:00+00:00,True
2026-01-01T00:03:08Z,ENG-DATASET-003,MSN-LUBRICATION_DEGRADATION-003,CRUISE,5000.0,10.0,0.5900575391606181,0.4799424608393819,3548.979750670483,574.4082528813534,164.19437522137758,73.52481318032676,282.27561982178185,12.397664699704762,7.335820516119034,14.2,3577.86898850421,563.07491954802,153.9943752213776,53.691479846993424,378.8934494252105,11.860010873442057,5.919153849452368,-28.88923783372684,11.333333333333371,10.199999999999989,19.833333333333336,-96.61782960342867,0.5376538262627051,1.416666666666666,-0.008074425845817369,0.020127576171267994,0.06623618547974094,0.3693944251462823,-0.255,0.045333333333333205,0.23933601029777832,3,LUBRICATION_DEGRADATION,0.5666666666666667,2026-01-01T00:02:00+00:00,True
2026-01-01T00:03:09Z,ENG-DATASET-003,MSN-LUBRICATION_DEGRADATION-003,CRUISE,5000.0,10.0,0.5900596194233431,0.4799403805766569,3549.7044057897992,574.5764413627193,164.02184873330782,73.75594102806758,280.85519343499215,12.40561573343639,7.370816285346813,14.2,3577.880429949197,563.0764413627193,153.67184873330783,53.63094102806758,378.8940214974599,11.860053282443968,5.933316285346813,-28.17602415939791,11.5,10.349999999999994,20.125,-98.03882806246776,0.5455624509924224,1.4375,-0.007875060307646443,0.0204235147401452,0.06735130790260785,0.3752498019653924,-0.25875000000000004,0.04599999999999999,0.2422759770198186,3,LUBRICATION_DEGRADATION,0.575,2026-01-01T00:02:00+00:00,True
2026-01-01T00:03:10Z,ENG-DATASET-003,MSN-LUBRICATION_DEGRADATION-003,CRUISE,5000.0,10.0,0.5905289093111473,0.4794710906888527,3552.889134999838,575.0864505346841,163.89015845667748,73.99027257837845,279.5295187097469,12.423536875174785,7.972325390041789,14.2,3580.4615243321205,563.4197838680175,153.39015845667748,53.57360591171178,379.023076216606,11.869621218319859,6.513992056708456,-27.572389332282455,11.666666666666629,10.5,20.41666666666667,-99.49355750685908,0.5539156568549259,1.458333333333333,-0.007700791963523657,0.020706881442060926,0.06845289232141677,0.38109562198058733,-0.2625,0.0466666666666666,0.22387705122106555,3,LUBRICATION_DEGRADATION,0.5833333333333334,2026-01-01T00:02:00+00:00,True
2026-01-01T00:03:11Z,ENG-DATASET-003,MSN-LUBRICATION_DEGRADATION-003,CRUISE,5000.0,10.0,0.5914580857122896,0.4785419142877104,3558.2362429295968,575.933121250709,163.80363730894413,74.22844616067879,278.2956725496277,12.451295843186982,8.312584160889942,14.2,3585.571994538403,564.0997879173756,153.15363730894413,53.52011282734545,379.27859972692016,11.888570187638747,6.833417494223276,-27.335751608806277,11.833333333333371,10.650000000000006,20.708333333333336,-100.98292717729248,0.5627256555482347,1.479166666666666,-0.0076238189193926385,0.020977375965733593,0.06953801546689123,0.38692618978846144,-0.26625,0.047333333333333394,0.21646074865425682,3,LUBRICATION_DEGRADATION,0.5916666666666667,2026-01-01T00:02:00+00:00,True
2026-01-01T00:03:12Z,ENG-DATASET-003,MSN-LUBRICATION_DEGRADATION-003,CRUISE,5000.0,10.0,0.5928326491398013,0.47716735086019874,3565.49270397876,577.1062264807357,163.76592924006812,74.47105040539962,277.1493214087247,12.48861126803894,7.942188988870501,14.2,3593.1320933897173,565.1062264807357,152.9659292400681,53.47105040539962,379.6566046694859,11.916613805380667,6.442188988870501,-27.639389410957392,12.0,10.800000000000011,21.0,-102.5072832607612,0.5719974626582722,1.5,-0.007692283136989469,0.02123494563974527,0.07060395771564433,0.3927358793362955,-0.27,0.048000000000000015,0.232840111116174,3,LUBRICATION_DEGRADATION,0.6,2026-01-01T00:02:00+00:00,True
2026-01-01T00:03:13Z,ENG-DATASET-003,MSN-LUBRICATION_DEGRADATION-003,CRUISE,5000.0,10.0,0.5946311499911306,0.47536885000886936,3574.4970941931947,578.5906074658328,163.77993483604044,74.71861464841717,276.0848034831156,12.53505631072438,7.433817506005379,14.2,3603.023848072029,566.4239407991662,152.82993483604045,53.426947981750516,380.1511924036015,11.953327696177096,5.912984172672046,-28.52675387883437,12.166666666666629,10.949999999999989,21.291666666666657,-104.0663889204859,0.5817286145472842,1.520833333333333,-0.007917447977508941,0.02147978888304175,0.0716482671522919,0.39851923927863947,-0.27375,0.04866666666666657,0.25720233454406094,3,LUBRICATION_DEGRADATION,0.6083333333333333,2026-01-01T00:02:00+00:00,True
2026-01-01T00:03:14Z,ENG-DATASET-003,MSN-LUBRICATION_DEGRADATION-003,CRUISE,5000.0,10.0,0.5968255232620169,0.47317447673798313,3585.1959334848375,580.366376895082,163.8477674414801,74.97160027716552,275.09523105086123,12.59006430335559,7.561577326089868,14.2,3615.092901061903,568.0330435617486,152.7477674414801,53.38826694383218,380.75464505309515,11.998155308153358,6.019910659423201,-29.896967577065425,12.333333333333371,11.099999999999994,21.583333333333343,-105.65941400223392,0.5919089952022318,1.541666666666667,-0.008270041295006124,0.021712351901219392,0.07266881988473295,0.4042710986674351,-0.2775,0.04933333333333329,0.2560946090210552,3,LUBRICATION_DEGRADATION,0.6166666666666667,2026-01-01T00:02:00+00:00,True
2026-01-01T00:03:15Z,ENG-DATASET-003,MSN-LUBRICATION_DEGRADATION-003,LOITER,4500.0,10.0,0.39938152649149494,0.32061847350850503,2632.985782659055,443.80859474236917,160.50570556589133,74.8071858190017,239.5058923891126,9.636206172220332,6.4447536730785355,14.2,2664.5117882187847,431.30859474236917,149.25570556589133,52.9321858190017,333.2255894109393,9.177339211638412,4.8822536730785355,-31.526005559729583,12.5,11.25,21.875,-93.71969702182668,0.4588669605819202,1.5625,-0.011831813129565695,0.028981569466443268,0.07537400300609283,0.41326462645620177,-0.28125,0.04999999999999996,0.3200366274730571,3,LUBRICATION_DEGRADATION,0.625,2026-01-01T00:02:00+00:00,True
2026-01-01T00:03:16Z,ENG-DATASET-003,MSN-LUBRICATION_DEGRADATION-003,LOITER,4500.0,10.0,0.40225927410404627,0.3177407258959537,2647.2201660121086,446.1041596643911,157.56607233424532,74.66597623964586,238.8221335531395,9.704566484546046,6.726969965987997,14.2,2680.3394000878175,433.4374929977244,146.1660723342453,52.499309572979186,334.0169700043909,9.236579775900424,5.143636632654664,-33.119234075708846,12.666666666666686,11.400000000000006,22.16666666666667,-95.19483645125138,0.467986708645622,1.583333333333333,-0.012356358330823231,0.02922374476435334,0.07799347562634817,0.4222277749358367,-0.2849999999999999,0.05066666666666672,0.3078237143116707,3,LUBRICATION_DEGRADATION,0.6333333333333333,2026-01-01T00:02:00+00:00,True
2026-01-01T00:03:17Z,ENG-DATASET-003,MSN-LUBRICATION_DEGRADATION-003,LOITER,4500.0,10.0,0.4054138598106645,0.31458614018933545,2663.306612197104,448.60740179745727,154.9938168124239,74.54752065100439,238.18658716367685,9.779070546338493,6.312277841508797,14.2,2697.689621474218,435.77406846412396,143.44381681242388,52.089187317671055,334.8844810737109,9.301588978762043,4.708111174842131,-34.383009277113615,12.833333333333314,11.550000000000011,22.458333333333336,-96.69789391003405,0.47748156757645077,1.604166666666666,-0.012745354025688169,0.029449511253765312,0.08051932984398703,0.43115154007623446,-0.2887500000000001,0.05133333333333325,0.3407240413604838,3,LUBRICATION_DEGRADATION,0.6416666666666666,2026-01-01T00:02:00+00:00,True
2026-01-01T00:03:18Z,ENG-DATASET-003,MSN-LUBRICATION_DEGRADATION-003,LOITER,4500.0,10.0,0.40879605735647656,0.3112039426435234,2681.1937702072996,451.2825835526762,152.75649971999837,74.45130132765424,237.5888191696575,9.858681144736115,5.852583207682696,14.2,2716.291707976184,438.2825835526762,141.05649971999838,51.701301327654235,335.8145853988092,9.371369909444976,4.227583207682696,-35.09793776888455,13.0,11.699999999999989,22.75,-98.22576622915167,0.4873112352911395,1.625,-0.012921269709664143,0.029661228823247454,0.08294548654776532,0.44002760889562703,-0.2925,0.05200000000000008,0.38438037057364655,3,LUBRICATION_DEGRADATION,0.65,2026-01-01T00:02:00+00:00,True
2026-01-01T00:03:19Z,ENG-DATASET-003,MSN-LUBRICATION_DEGRADATION-003,LOITER,4500.0,10.0,0.4123530886799851,0.30764691132001487,2700.679852510031,454.09118253387084,150.82396264467863,74.37673025653149,237.01791119273977,9.942277430993895,6.066281859241641,14.2,2735.855380255481,440.92451586720415,138.97396264467864,51.33506358986482,336.7927690127741,9.444848731153163,4.420448525908308,-35.175527745449926,13.166666666666686,11.849999999999994,23.041666666666664,-99.77485782003433,0.49742869984073224,1.645833333333333,-0.012857232147323937,0.029861498267499755,0.08526777084350293,0.4488485073429581,-0.29625,0.052666666666666556,0.37232270066874024,3,LUBRICATION_DEGRADATION,0.6583333333333333,2026-01-01T00:02:00+00:00,True
2026-01-01T00:03:20Z,ENG-DATASET-003,MSN-LUBRICATION_DEGRADATION-003,LOITER,4500.0,10.0,0.4160294474970668,0.3039705525029332,2721.391712039804,456.9924538434473,149.16804439296362,74.32314724460494,236.46263738123005,10.02867132398208,6.708563891351027,14.2,2756.07535374943,443.659120510114,137.16804439296362,50.98981391127161,337.8037676874715,9.520890497451342,5.0418972246843605,-34.683641709626045,13.333333333333314,12.0,23.33333333333333,-101.34113030624147,0.5077808265307375,1.666666666666666,-0.012584431576749742,0.03005310319779475,0.08748393296052247,0.45760773659492315,-0.30000000000000004,0.05333333333333326,0.3305633955620753,3,LUBRICATION_DEGRADATION,0.6666666666666666,2026-01-01T00:02:00+00:00,True
2026-01-01T00:03:21Z,ENG-DATASET-003,MSN-LUBRICATION_DEGRADATION-003,LOITER,4500.0,10.0,0.4197677654579711,0.30023223454202885,2742.8025106240893,459.9440355885595,147.76234084338125,74.28981959561679,235.91164431947897,10.116625199552784,6.921655281875009,14.2,2776.636102534404,446.4440355885595,135.61234084338125,50.66481959561679,338.8318051267202,9.598316128607953,5.234155281875009,-33.83359191031468,13.5,12.150000000000006,23.625,-102.92016080724125,0.5183090709448308,1.6875,-0.012185101201930174,0.030238952531200416,0.0895936160709153,0.4662998938625233,-0.30374999999999996,0.05400000000000014,0.32240159283075265,3,LUBRICATION_DEGRADATION,0.675,2026-01-01T00:02:00+00:00,True
2026-01-01T00:03:22Z,ENG-DATASET-003,MSN-LUBRICATION_DEGRADATION-003,LOITER,4500.0,10.0,0.4235097073612309,0.2964902926387691,2764.285653487287,462.9025900723746,146.58200484418583,74.27594334322598,235.35363111145577,10.204870641195598,6.46322173425132,14.2,2797.2167830023327,449.2359234057079,134.28200484418582,50.359276676559304,339.86083915011665,9.675920329831477,4.754888400917986,-32.93112951504554,13.666666666666686,12.300000000000011,23.91666666666667,-104.50720803866088,0.5289503113641203,1.708333333333334,-0.011772819938431664,0.030422025387146587,0.09159827494586725,0.4749207741857648,-0.30750000000000005,0.05466666666666662,0.35927937509606334,3,LUBRICATION_DEGRADATION,0.6833333333333333,2026-01-01T00:02:00+00:00,True
2026-01-01T00:03:23Z,ENG-DATASET-003,MSN-LUBRICATION_DEGRADATION-003,LOITER,4500.0,10.0,0.4271968814549707,0.2928031185450293,2785.1935808068856,465.8244719726344,145.60358282574975,74.2806460043108,234.77752678283525,10.292127994731388,6.053038461263764,14.2,2817.4962405179017,451.9911386393011,133.15358282574977,50.07231267097746,340.8748120258951,9.752490203472574,4.323871794597098,-32.30265971101608,13.833333333333314,12.449999999999989,24.208333333333336,-106.09728524305984,0.539637791258814,1.729166666666666,-0.011465023181389701,0.030605319774582175,0.09350105146094768,0.48346745021355464,-0.31124999999999997,0.05533333333333315,0.3999116414199305,3,LUBRICATION_DEGRADATION,0.6916666666666667,2026-01-01T00:02:00+00:00,True
2026-01-01T00:03:24Z,ENG-DATASET-003,MSN-LUBRICATION_DEGRADATION-003,LOITER,4500.0,10.0,0.43077175062066503,0.28922824937933495,2804.943535945024,468.6664136714931,144.80488488496212,74.30299079314595,234.17266221682584,10.377126438691695,6.341268621425063,14.2,2837.1580209292206,454.6664136714931,132.20488488496213,49.80299079314595,341.85790104646105,9.826824279064105,4.591268621425063,-32.21448498419659,14.0,12.599999999999994,24.5,-107.68523882963521,0.5503021596275897,1.75,-0.011354490918925186,0.030791805990128228,0.0953066145094704,0.4919383275948112,-0.31499999999999995,0.05599999999999997,0.38115826894415633,3,LUBRICATION_DEGRADATION,0.7,2026-01-01T00:02:00+00:00,True
2026-01-01T00:03:25Z,ENG-DATASET-003,MSN-LUBRICATION_DEGRADATION-003,LOITER,4500.0,10.0,0.43417853022062913,0.28582146977937084,2823.090254099592,471.3862168670697,144.164885151476,74.34198221502534,233.5289339535823,10.458624254063398,6.976480818229263,14.2,2855.895308729023,457.21955020040303,131.414885151476,49.550315548358675,342.79476543645114,9.897751659996906,5.2056474848959295,-32.80505462943074,14.166666666666686,12.75,24.791666666666664,-109.26583148286883,0.5608725940664918,1.770833333333333,-0.011486784732326264,0.03098438520500123,0.09702097281676768,0.5003331743159378,-0.3187500000000001,0.05666666666666671,0.34017542264845374,3,LUBRICATION_DEGRADATION,0.7083333333333334,2026-01-01T00:02:00+00:00,True
2026-01-01T00:03:26Z,ENG-DATASET-003,MSN-LUBRICATION_DEGRADATION-003,LOITER,4500.0,10.0,0.4373640585986325,0.2826359414013675,2839.368282218176,473.9434387316211,143.6636492712856,74.39657293700313,232.8369573391224,10.535428953888918,7.108642229777894,14.2,2873.4157148080412,459.61010539828777,130.7636492712856,49.31323960366979,343.67078574040204,9.964150965216506,5.316975563111227,-34.047432589865366,14.333333333333314,12.900000000000006,25.083333333333336,-110.83382840127965,0.5712779886724118,1.791666666666667,-0.011849114771107843,0.031185853324335353,0.09865126946126547,0.5086531230746131,-0.32249999999999995,0.05733333333333321,0.33697101771486676,3,LUBRICATION_DEGRADATION,0.7166666666666667,2026-01-01T00:02:00+00:00,True
2026-01-01T00:03:27Z,ENG-DATASET-003,MSN-LUBRICATION_DEGRADATION-003,LOITER,4500.0,10.0,0.4402786266497639,0.27972137335023606,2853.693776320452,476.3000602462793,143.28228585031403,74.465671814098,232.08820670431962,10.606416916425946,6.606469080130158,14.2,2889.4458390892646,461.8000602462793,130.232285850314,49.090671814098,344.47229195446323,10.024968730081234,4.793969080130158,-35.75206276881272,14.5,13.050000000000011,25.375,-112.38408525014361,0.5814481863447121,1.8125,-0.01237332857572494,0.03139886987512974,0.10020556665187756,0.5169006465442735,-0.32624999999999993,0.05800000000000005,0.37807920111799925,3,LUBRICATION_DEGRADATION,0.725,2026-01-01T00:02:00+00:00,True
2026-01-01T00:03:28Z,ENG-DATASET-003,MSN-LUBRICATION_DEGRADATION-003,LOITER,4500.0,10.0,0.44287675351438804,0.27712324648561193,2866.125444462087,478.42112399551075,143.0029186985037,74.54815293185268,231.27514048429737,10.670552156687625,6.245073447278608,14.2,2903.735536844697,463.75445732884407,129.8029186985037,48.88148626518602,345.18677684223485,10.079236923823323,4.4117401139452745,-37.610092382609764,14.666666666666686,13.199999999999989,25.666666666666664,-113.91163635793748,0.5913152328643019,1.833333333333333,-0.01295231328934254,0.03162593142747237,0.10169262858148775,0.5250795061226846,-0.32999999999999996,0.058666666666666686,0.41555787194677773,3,LUBRICATION_DEGRADATION,0.7333333333333333,2026-01-01T00:02:00+00:00,True
2026-01-01T00:03:29Z,ENG-DATASET-003,MSN-LUBRICATION_DEGRADATION-003,LOITER,4500.0,10.0,0.44511789629174847,0.2748821037082515,2876.794420128421,480.27532869426767,142.8086767126767,74.64286551083516,230.3913094493785,10.726903871468982,6.595076269173753,14.2,2916.0618221201794,465.44199536093436,129.4586767126767,48.68453217750183,345.803091106009,10.126089243048128,4.740909602507086,-39.26740199175856,14.833333333333314,13.349999999999994,25.958333333333336,-115.4117816566305,0.6008146284208546,1.854166666666667,-0.013465901749369784,0.03186934887951091,0.10312170909663525,0.5331946754400413,-0.33375,0.05933333333333324,0.39109935057317846,3,LUBRICATION_DEGRADATION,0.7416666666666667,2026-01-01T00:02:00+00:00,True
2026-01-01T00:03:30Z,ENG-DATASET-003,MSN-LUBRICATION_DEGRADATION-003,LOITER,4500.0,10.0,0.446967082698374,0.273032917301626,2885.8207415060074,481.835568082362,142.6836982434681,74.74864450575022,229.43144650618802,10.774662403341429,7.204733556436776,14.2,2926.23234735662,466.835568082362,129.1836982434681,48.49864450575022,346.311617367831,10.164775852208894,5.329733556436776,-40.41160585061243,15.0,13.5,26.25,-116.88017086164297,0.6098865511325346,1.875,-0.013810115210816331,0.03213122783599387,0.10450234962740433,0.5412522405010243,-0.3375,0.060000000000000095,0.35179995024995997,3,LUBRICATION_DEGRADATION,0.75,2026-01-01T00:02:00+00:00,True
2026-01-01T00:03:31Z,ENG-DATASET-003,MSN-LUBRICATION_DEGRADATION-003,LOITER,4500.0,10.0,0.4483954567988657,0.27160454320113425,2893.237756396428,483.07940257254734,142.6131468167683,74.86432172150171,228.39153683670085,10.813153290061784,7.246829257726559,14.2,2934.0884049093243,467.91273590588065,128.9631468167683,48.32265505483504,346.7044202454662,10.19467626341463,5.350995924393226,-40.85064851289644,15.166666666666686,13.650000000000006,26.54166666666667,-118.31288340876537,0.6184770266471542,1.895833333333333,-0.01392277357578764,0.03241345127591786,0.10584419143706238,0.5492592788320099,-0.34125000000000005,0.06066666666666667,0.354295417174759,3,LUBRICATION_DEGRADATION,0.7583333333333333,2026-01-01T00:02:00+00:00,True
2026-01-01T00:03:32Z,ENG-DATASET-003,MSN-LUBRICATION_DEGRADATION-003,LOITER,4500.0,10.0,0.4493807292931175,0.27061927070688246,2898.944166627461,483.9894531805882,142.58323513127286,74.98873726096954,227.26886746880749,10.841849097394066,6.703551968298427,14.2,2939.507403627709,468.6561198472549,128.78323513127285,48.15540392763621,346.9753701813855,10.215310079202952,4.786885301631761,-40.56323700024814,15.333333333333314,13.800000000000011,26.833333333333336,-119.70650271257799,0.6265390181911137,1.916666666666666,-0.013799331462879861,0.03271766372821671,0.10715680488949693,0.5572237203877711,-0.345,0.06133333333333326,0.4003995387174432,3,LUBRICATION_DEGRADATION,0.7666666666666666,2026-01-01T00:02:00+00:00,True
2026-01-01T00:03:33Z,ENG-DATASET-003,MSN-LUBRICATION_DEGRADATION-003,LOITER,4500.0,10.0,0.44990752533338946,0.2700924746666105,2902.6968558288368,484.5537087763999,142.58125433755555,75.12075111456028,226.06205570896472,10.860378774951146,6.391815486001552,14.2,2942.404781849205,469.0537087763999,128.63125433755556,47.995751114560285,347.1202390924602,10.226345362477538,4.454315486001552,-39.70792602036818,15.5,13.949999999999989,27.124999999999993,-121.0581833834955,0.6340334124736078,1.9375,-0.013495058961742527,0.03304525624674023,0.10844953718162652,0.5651541932379758,-0.34875,0.06200000000000004,0.434971435249462,3,LUBRICATION_DEGRADATION,0.775,2026-01-01T00:02:00+00:00,True
2026-01-01T00:03:34Z,ENG-DATASET-003,MSN-LUBRICATION_DEGRADATION-003,LOITER,4500.0,10.0,0.4499676244436647,0.27003237555633525,2904.147643088676,484.76573953401606,142.59560572548372,75.25925469982971,224.7710562101914,10.868534325266587,6.792750151732151,14.2,2942.735326955719,469.0990728673494,128.49560572548373,47.84258803316305,347.13676634778597,10.227604446612222,4.834416818398818,-38.58768386704287,15.666666666666686,14.099999999999994,27.416666666666664,-122.36571013759456,0.6409298786543651,1.958333333333333,-0.013112862551238037,0.0333973515890893,0.10973137890896474,0.5730598572063504,-0.35250000000000004,0.06266666666666659,0.40508160692315776,3,LUBRICATION_DEGRADATION,0.7833333333333333,2026-01-01T00:02:00+00:00,True
2026-01-01T00:03:35Z,ENG-DATASET-003,MSN-LUBRICATION_DEGRADATION-003,LOITER,4500.0,10.0,0.449560088797428,0.270439911202572,2902.916095314316,484.6248115648731,142.61583210872385,75.4031821606891,223.3971467915144,10.866274634347782,7.362326329386931,14.2,2940.4938809014166,468.79147823153977,128.36583210872385,47.69484882735577,347.0246940450709,10.219067054245563,5.383159662720265,-37.57778558710061,15.833333333333314,14.25,27.70833333333333,-123.62754725355649,0.6472075801022186,1.979166666666666,-0.012779412952079,0.03377478915159184,0.11101084896119766,0.5809502286846748,-0.35624999999999996,0.06333333333333328,0.3676589197925696,3,LUBRICATION_DEGRADATION,0.7916666666666666,2026-01-01T00:02:00+00:00,True
2026-01-01T00:03:36Z,ENG-DATASET-003,MSN-LUBRICATION_DEGRADATION-003,LOITER,4500.0,10.0,0.4486912778521351,0.2713087221478649,2898.681239919643,484.1359000181792,142.63264639830595,75.55152123987511,221.94289346247376,10.853726375464065,7.3107641009600215,14.2,2935.715420702306,468.1359000181792,128.23264639830595,47.55152123987511,346.7857710351153,10.20087065363164,5.3107641009600215,-37.03418078266304,16.0,14.400000000000006,28.000000000000007,-124.84287757264156,0.6528557218324256,2.0,-0.01261504453786717,0.0341781093895569,0.11229589659463068,0.5888349998048044,-0.3600000000000001,0.06400000000000006,0.3765936430199304,3,LUBRICATION_DEGRADATION,0.8,2026-01-01T00:02:00+00:00,True
2026-01-01T00:03:37Z,ENG-DATASET-003,MSN-LUBRICATION_DEGRADATION-003,LOITER,4500.0,10.0,0.44737474911200587,0.2726252508879941,2891.2698025984814,483.3096003369531,142.63795510023252,75.70332354542218,220.41209543309262,10.831181964598734,6.734088031167321,14.2,2928.474512631595,467.1429336702864,128.0879551002325,47.411656878755515,346.42372563157977,10.173308044394552,4.713254697833988,-37.20471003311377,16.166666666666686,14.550000000000011,28.291666666666664,-126.01163019848715,0.6578739202041817,2.020833333333333,-0.012704467760479416,0.03460753765372647,0.11359381909574728,0.5967238550429937,-0.36375,0.06466666666666673,0.4287553851613456,3,LUBRICATION_DEGRADATION,0.8083333333333333,2026-01-01T00:02:00+00:00,True
2026-01-01T00:03:38Z,ENG-DATASET-003,MSN-LUBRICATION_DEGRADATION-003,LOITER,4500.0,10.0,0.44563104656770564,0.27436895343229434,2880.718841152956,482.1619397752906,142.62487475125818,75.85771404171697,218.809711200675,10.799094613370784,6.476675188445455,14.2,2918.8841486379442,465.8286064419573,127.92487475125819,47.27438070838364,345.9442074318972,10.136822227819886,4.435008521778789,-38.16530748498826,16.333333333333314,14.699999999999989,28.583333333333336,-127.13449623122222,0.6622723855508976,2.041666666666666,-0.013075307391969482,0.035062967596792415,0.11491119321854493,0.6046262881718589,-0.3675,0.06533333333333317,0.4603523660982271,3,LUBRICATION_DEGRADATION,0.8166666666666667,2026-01-01T00:02:00+00:00,True
2026-01-01T00:03:39Z,ENG-DATASET-003,MSN-LUBRICATION_DEGRADATION-003,LOITER,4500.0,10.0,0.4434873801142418,0.27651261988575815,2867.2964104566736,480.7140936174199,142.58773961656786,76.01389960818273,217.14176709508615,10.758070590803431,6.921718649083081,14.2,2907.093983143893,464.2140936174199,127.73773961656786,47.13889960818273,345.35469915719466,10.091998678051999,4.859218649083081,-39.7975726872196,16.5,14.849999999999994,28.874999999999993,-128.2129320621085,0.6660719127514323,2.0625,-0.01368981289149114,0.03554394454382595,0.11625381852360504,0.6125514222862268,-0.37124999999999997,0.06600000000000003,0.42445095579084247,3,LUBRICATION_DEGRADATION,0.825,2026-01-01T00:02:00+00:00,True
2026-01-01T00:03:40Z,ENG-DATASET-003,MSN-LUBRICATION_DEGRADATION-003,LOITER,4500.0,10.0,0.4409772009496529,0.27902279905034705,2851.4738554783703,478.9920127030009,142.52209930581944,76.17117652354517,215.41524992933293,10.708858866687235,7.442477105293268,14.2,2893.2879977386538,462.3253460363342,127.52209930581944,47.00450985687851,344.6643998869327,10.039555187519284,5.359143771959935,-41.81414226028346,16.666666666666686,15.0,29.166666666666664,-129.24914995759977,0.6693036791679514,2.083333333333333,-0.014452118936298324,0.03604964947207729,0.11762667084100834,0.6205078354284445,-0.375,0.06666666666666658,0.3887436915265703,3,LUBRICATION_DEGRADATION,0.8333333333333334,2026-01-01T00:02:00+00:00,True
2026-01-01T00:03:41Z,ENG-DATASET-003,MSN-LUBRICATION_DEGRADATION-003,LOITER,4500.0,10.0,0.43813967958025113,0.28186032041974884,2833.855095136205,477.0259707769611,142.42470531132818,76.32893675073667,213.63798563830318,10.652338364310824,7.300488129622483,14.2,2877.681630206944,460.1926374436278,127.27470531132819,46.870603417403345,343.8840815103472,9.980329510597274,5.196321462955817,-43.82653507073928,16.833333333333314,15.149999999999991,29.45833333333333,-130.246095872044,0.6720088537135496,2.104166666666666,-0.015229806734245151,0.03657888450115707,0.1190338642933126,0.6285033941422496,-0.37875000000000003,0.06733333333333331,0.4049338905737667,3,LUBRICATION_DEGRADATION,0.8416666666666667,2026-01-01T00:02:00+00:00,True
2026-01-01T00:03:42Z,ENG-DATASET-003,MSN-LUBRICATION_DEGRADATION-003,LOITER,4500.0,10.0,0.43501909457797244,0.28498090542202753,2815.0789377691353,474.85004178181856,142.29348582474083,76.48667291653774,211.81850599193996,10.589503097238433,6.703892218919276,14.2,2860.5184126944114,457.85004178181856,126.99348582474083,46.73667291653774,343.0259206347206,9.91526507232063,4.578892218919276,-45.439474925276045,17.0,15.299999999999997,29.75,-131.20741464278063,0.6742380249178037,2.125,-0.015885048921071333,0.037130061043220544,0.12047862062086381,0.6365450971045262,-0.3825,0.06800000000000009,0.46408604928935165,3,LUBRICATION_DEGRADATION,0.85,2026-01-01T00:02:00+00:00,True
2026-01-01T00:03:43Z,ENG-DATASET-003,MSN-LUBRICATION_DEGRADATION-003,LOITER,4500.0,10.0,0.4316641416280707,0.28833585837192927,2795.71738049756,472.5015184497277,142.12750853684327,76.64398190073567,209.96590563698416,10.521445502285605,6.509627138817329,14.2,2842.0661714699518,455.334851783061,126.67750853684328,46.602315234069,342.1033085734976,9.845395042687715,4.363793805483996,-46.348790972391726,17.166666666666686,15.449999999999989,30.041666666666664,-132.13740293651344,0.6760504595978905,2.145833333333333,-0.016308132244654796,0.03770119198968223,0.12196324492367533,0.6446389308294378,-0.38625,0.06866666666666674,0.4917357301888683,3,LUBRICATION_DEGRADATION,0.8583333333333333,2026-01-01T00:02:00+00:00,True
2026-01-01T00:03:44Z,ENG-DATASET-003,MSN-LUBRICATION_DEGRADATION-003,LOITER,4500.0,10.0,0.4281271736492361,0.2918728263507639,2776.1941961578896,470.02028440432576,141.92693145993377,76.80056697157919,208.08969185138403,10.449338308083709,6.996145354039493,14.2,2822.6128475863616,452.68695107099245,126.32693145993376,46.46723363824585,341.1306423793181,9.771825101075788,4.829478687372826,-46.418651428472,17.333333333333314,15.600000000000009,30.333333333333336,-133.04095052793406,0.6775132070079213,2.166666666666667,-0.016445277455661322,0.03828988949720139,0.12348910734800642,0.6527897393135716,-0.39,0.06933333333333333,0.4486336532205106,3,LUBRICATION_DEGRADATION,0.8666666666666667,2026-01-01T00:02:00+00:00,True
2026-01-01T00:03:45Z,ENG-DATASET-003,MSN-LUBRICATION_DEGRADATION-003,LOITER,4500.0,10.0,0.42446338384380866,0.2955366161561913,2756.7434587947782,467.44815244314736,141.69294212501907,76.95623842728074,206.19962948583796,10.374415295362986,7.464945642089707,14.2,2802.4620036565107,449.94815244314736,125.94294212501907,46.331238427280745,340.1231001828255,9.695715229311201,5.277445642089707,-45.718544861732425,17.5,15.75,30.624999999999993,-133.92347069698755,0.6787000660517855,2.1875,-0.016313707305248448,0.03889337005825619,0.12505663067935585,0.6610011093933417,-0.39375000000000004,0.07000000000000015,0.4144997690840861,3,LUBRICATION_DEGRADATION,0.875,2026-01-01T00:02:00+00:00,True
2026-01-01T00:03:46Z,ENG-DATASET-003,MSN-LUBRICATION_DEGRADATION-003,LOITER,4500.0,10.0,0.42072994442631606,0.2992700555736839,2737.4180441261456,464.8281817538316,141.42768578969628,77.110912726908,204.3055836166666,10.297951311568797,7.241787600878827,14.2,2781.9280868603014,447.1615150871649,125.52768578969629,46.194246060241326,339.0964043430151,9.618260876309586,5.033454267545494,-44.51004273415583,17.666666666666686,15.899999999999991,30.91666666666667,-134.79082072634847,0.6796904352592108,2.208333333333333,-0.015999710037217424,0.039508468574767516,0.12666528423568782,0.6692752735123902,-0.3974999999999999,0.07066666666666667,0.43873118060734884,3,LUBRICATION_DEGRADATION,0.8833333333333333,2026-01-01T00:02:00+00:00,True
2026-01-01T00:03:47Z,ENG-DATASET-003,MSN-LUBRICATION_DEGRADATION-003,LOITER,4500.0,10.0,0.416985114470187,0.303014885529813,2718.1458623482,462.2039865527765,141.13418354121274,77.26461011784419,202.41736244291639,10.221241899362726,6.643165797716533,14.2,2761.3315221015914,444.37065321944317,125.08418354121274,46.05627678451085,338.06657610507955,9.540673832634779,4.413999131049866,-43.18565975339152,17.833333333333314,16.049999999999997,31.208333333333336,-135.64921366216316,0.6805680667279468,2.229166666666667,-0.015639433153076754,0.04013166307030337,0.12831358486432334,0.6776130315386021,-0.40125,0.07133333333333325,0.5050219994348892,3,LUBRICATION_DEGRADATION,0.8916666666666666,2026-01-01T00:02:00+00:00,True
2026-01-01T00:03:48Z,ENG-DATASET-003,MSN-LUBRICATION_DEGRADATION-003,LOITER,4500.0,10.0,0.4132873307943961,0.30671266920560386,2698.8196412839943,459.61904806868046,140.81624138880846,77.4174507907134,200.54456292857105,10.145582887037323,6.523391698750811,14.2,2740.9937118847415,441.61904806868046,124.61624138880848,45.9174507907134,337.0496855942371,9.464163140893024,4.273391698750811,-42.1740706007472,18.0,16.19999999999999,31.5,-136.50512266566602,0.6814197461442983,2.25,-0.015386416399966048,0.04075911145300201,0.1299991062116473,0.6860136932159729,-0.405,0.07200000000000006,0.5265138696875634,3,LUBRICATION_DEGRADATION,0.9,2026-01-01T00:02:00+00:00,True
2026-01-01T00:03:49Z,ENG-DATASET-003,MSN-LUBRICATION_DEGRADATION-003,LOITER,4500.0,10.0,0.4096942960764483,0.31030570392355167,2679.397454346812,457.11604098119835,140.47835160779093,77.56964961588979,198.6964216189214,10.072250270262467,7.05116000877571,14.2,2721.2320209360287,438.94937431453167,124.12835160779092,45.777982949223116,336.06160104680146,9.389916348908454,4.780326675442377,-41.83456658921659,18.166666666666686,16.35000000000001,31.79166666666667,-137.36517942788007,0.6823339213540134,2.270833333333333,-0.015373392003092281,0.041386701359435715,0.13171849773419372,0.6944750427717611,-0.4087499999999999,0.07266666666666657,0.4750372699420563,3,LUBRICATION_DEGRADATION,0.9083333333333333,2026-01-01T00:02:00+00:00,True
2026-01-01T00:03:50Z,ENG-DATASET-003,MSN-LUBRICATION_DEGRADATION-003,LOITER,4500.0,10.0,0.40626207842139567,0.3137379215786043,2659.988086724663,454.7361844284267,140.12558772438916,77.72150953807912,196.8816729501014,10.002480690431678,7.468374933849214,14.2,2702.354823833239,436.4028510950934,123.62558772438916,45.6381762047458,335.11774119166193,9.319081388600944,5.176708267182548,-42.36673710857622,18.333333333333314,16.5,32.08333333333332,-138.23606824156053,0.6833993018307343,2.291666666666666,-0.01567771068955327,0.04201011356210968,0.13346751512951424,0.7029933271083926,-0.4124999999999999,0.07333333333333315,0.4426880072022908,3,LUBRICATION_DEGRADATION,0.9166666666666666,2026-01-01T00:02:00+00:00,True
2026-01-01T00:03:51Z,ENG-DATASET-003,MSN-LUBRICATION_DEGRADATION-003,LOITER,4500.0,10.0,0.4030442364378103,0.3169557635621897,2640.898628201904,452.5186265796471,139.76349461644142,77.8734137266276,195.10841722470525,9.937452786804842,7.176752127799938,14.2,2684.6566929235196,434.0186265796471,123.11349461644143,45.4984137266276,334.232834646176,9.252749335944918,4.864252127799938,-43.75806472161548,18.5,16.64999999999999,32.37500000000001,-139.12441742147075,0.6847034508599243,2.3125,-0.016299314857261736,0.04262489871873057,0.13524106396193902,0.7115632688761804,-0.41624999999999995,0.07400000000000005,0.4754071004633399,3,LUBRICATION_DEGRADATION,0.9249999999999999,2026-01-01T00:02:00+00:00,True
2026-01-01T00:03:52Z,ENG-DATASET-003,MSN-LUBRICATION_DEGRADATION-003,LOITER,4500.0,10.0,0.40009098347361094,0.31990901652638903,2622.630670822317,450.49987059308773,139.39797525295782,78.02581659884527,193.38400024699226,9.87826966923339,6.59544044642467,14.2,2668.4138016204233,431.83320392642105,122.59797525295781,45.3591499321786,333.4206900810212,9.191938277822633,4.262107113091336,-45.78313079810641,18.666666666666686,16.80000000000001,32.666666666666664,-140.03668983402892,0.6863313914107572,2.333333333333334,-0.017157432917752152,0.04322656640791163,0.13703325821928444,0.7201781055313018,-0.4200000000000001,0.07466666666666673,0.5474600406372592,3,LUBRICATION_DEGRADATION,0.9333333333333333,2026-01-01T00:02:00+00:00,True
2026-01-01T00:03:53Z,ENG-DATASET-003,MSN-LUBRICATION_DEGRADATION-003,LOITER,4500.0,10.0,0.39744840405356296,0.322551595946437,2605.824043799927,448.71324859827376,139.03517560928555,78.17923385142703,191.7149064017177,9.825942726963383,6.560962321067477,14.2,2653.879614810159,429.87991526494045,122.08517560928554,45.2209005180937,332.693980740508,9.137578481367065,4.2067956544008105,-48.05557101023214,18.833333333333314,16.950000000000003,32.95833333333333,-140.97907433879027,0.6883642455963184,2.354166666666666,-0.018107668012540847,0.043810684483191295,0.1388374953421521,0.7288296552198491,-0.42375,0.07533333333333328,0.5596104161142048,3,LUBRICATION_DEGRADATION,0.9416666666666667,2026-01-01T00:02:00+00:00,True
2026-01-01T00:03:54Z,ENG-DATASET-003,MSN-LUBRICATION_DEGRADATION-003,LOITER,4500.0,10.0,0.39515773474568266,0.3248422652543173,2591.160081441263,447.1884492063346,138.68136927851535,78.33423165073103,190.1066667247814,9.781376958103563,7.129156614571677,14.2,2641.2809336168175,428.1884492063346,121.58136927851535,45.08423165073102,332.0640466808409,9.09049903169476,4.754156614571677,-50.12085217555432,19.0,17.099999999999994,33.25000000000001,-141.95737995605947,0.6908779264088025,2.375,-0.01897596410046459,0.044372985855217026,0.14064654890362166,0.7375084099822043,-0.4275,0.07600000000000008,0.4995628441689387,3,LUBRICATION_DEGRADATION,0.95,2026-01-01T00:02:00+00:00,True
2026-01-01T00:03:55Z,ENG-DATASET-003,MSN-LUBRICATION_DEGRADATION-003,LOITER,4500.0,10.0,0.39325472067838524,0.32674527932161473,2579.2467555445605,445.95110299670563,138.3428432589148,78.49141514599279,188.56378325576503,9.74535797483088,7.495544862973848,14.2,2630.814356246682,426.78443633003894,121.0928432589148,44.949748479326125,331.54071781233415,9.051416075694315,5.099711529640514,-51.56760070212158,19.166666666666686,17.25,33.541666666666664,-142.97693455656912,0.6939418991365649,2.395833333333334,-0.019601383343403906,0.044909478966671613,0.14245267957840327,0.7462036563362214,-0.4312500000000001,0.07666666666666676,0.4697978149172331,3,LUBRICATION_DEGRADATION,0.9583333333333334,2026-01-01T00:02:00+00:00,True
2026-01-01T00:03:56Z,ENG-DATASET-003,MSN-LUBRICATION_DEGRADATION-003,LOITER,4500.0,10.0,0.3917690577497114,0.3282309422502886,2570.5129950853384,445.0224294807669,138.02578633670916,78.6514164803027,187.08967068642608,9.71854081201294,7.148204548586033,14.2,2622.6432101389755,425.6890961474336,120.62578633670915,44.818083146969364,331.1321605069488,9.020922783427853,4.731537881919367,-52.13021505363713,19.333333333333314,17.400000000000006,33.833333333333336,-144.04248982052275,0.6976180285850866,2.416666666666666,-0.019876975584061516,0.045416557549403117,0.14424776433316225,0.7549036227717645,-0.43500000000000005,0.07733333333333325,0.5107571210412323,3,LUBRICATION_DEGRADATION,0.9666666666666667,2026-01-01T00:02:00+00:00,True
2026-01-01T00:03:57Z,ENG-DATASET-003,MSN-LUBRICATION_DEGRADATION-003,LOITER,4500.0,10.0,0.3907239292327702,0.32927607076722976,2565.137827854943,444.41894821603535,137.73618140843914,78.81488248218801,185.6866160299884,9.70144064208595,6.601451022529059,14.2,2616.895003295799,424.91894821603535,120.18618140843913,44.68988248218801,330.84475016478996,8.99948111510756,4.163951022529059,-51.75717544085592,19.5,17.55000000000001,34.125,-145.15813413480157,0.7019595269783903,2.4375,-0.019778086386985843,0.045891104837447495,0.14602344291444225,0.7635956530787736,-0.4387499999999999,0.07800000000000007,0.585381525097655,3,LUBRICATION_DEGRADATION,0.975,2026-01-01T00:02:00+00:00,True
2026-01-01T00:03:58Z,ENG-DATASET-003,MSN-LUBRICATION_DEGRADATION-003,LOITER,4500.0,10.0,0.39013564400851636,0.3298643559914836,2563.0319117634135,444.1522560409169,137.47970300195146,78.98246222579517,184.35575673842698,9.694425476876171,6.659195762668081,14.2,2613.659434562403,424.4855893742502,119.77970300195148,44.56579555912851,330.68297172812015,8.98741546063922,4.200862429334748,-50.6275227989895,19.666666666666686,17.69999999999999,34.416666666666664,-146.32721498969318,0.7070100162369517,2.458333333333333,-0.019370359477406784,0.046330587324903166,0.14777127974437887,0.7722664037491197,-0.4425,0.07866666666666663,0.5851972957187833,3,LUBRICATION_DEGRADATION,0.9833333333333333,2026-01-01T00:02:00+00:00,True
2026-01-01T00:03:59Z,ENG-DATASET-003,MSN-LUBRICATION_DEGRADATION-003,LOITER,4500.0,10.0,0.39001338207111713,0.32998661792888284,2563.8764678041166,444.2288718114502,137.26162116370924,79.15479464988093,183.09707739379192,9.69771091745989,7.2633464341029885,14.2,2612.986993906707,424.39553847811686,119.41162116370924,44.4464613165476,330.64934969533533,8.984908200240788,4.784179767436322,-49.110526102590484,19.833333333333314,17.849999999999994,34.70833333333333,-147.5522723015434,0.7128027172191018,2.479166666666667,-0.018794783983660312,0.04673313344540728,0.14948293831073825,0.7809020629593132,-0.44625000000000004,0.07933333333333326,0.5182009847416682,3,LUBRICATION_DEGRADATION,0.9916666666666667,2026-01-01T00:02:00+00:00,True
2026-01-01T00:04:00Z,ENG-DATASET-003,MSN-LUBRICATION_DEGRADATION-003,DESCENT,2200.0,10.0,0.32035905127721415,0.42964094872278585,2173.7600110700128,478.24813646521295,137.92666245896862,79.44284491206449,171.089533074162,10.727698350518256,7.186939753700024,14.2,2221.4375663331634,458.24813646521295,119.92666245896864,44.44284491206449,311.07187831665817,9.933054028257644,4.686939753700024,-47.67755526315068,20.0,17.999999999999986,35.0,-139.98234524249617,0.7946443222606128,2.5,-0.02146247816536662,0.043644476449536555,0.15009172798549658,0.7875283427343976,-0.44999999999999996,0.08000000000000013,0.5333970845318458,3,LUBRICATION_DEGRADATION,1.0,2026-01-01T00:02:00+00:00,True
2026-01-01T00:04:01Z,ENG-DATASET-003,MSN-LUBRICATION_DEGRADATION-003,DESCENT,2200.0,10.0,0.3211672575744583,0.4288327424255417,2179.4821945712833,479.0024272524507,138.40905689438304,79.44102932420587,171.2117742766202,10.75068643086898,6.772873576197322,14.2,2225.8827009680062,459.0024272524507,120.40905689438304,44.44102932420587,311.29413504840034,9.954339287841647,4.272873576197322,-46.4005063967229,20.0,18.0,35.0,-140.08236077178015,0.796347143027333,2.5,-0.020845890206408427,0.04357275433099187,0.14949041595590873,0.787560516311813,-0.44999999999999996,0.08000000000000013,0.5850863488979926,3,LUBRICATION_DEGRADATION,1.0,2026-01-01T00:02:00+00:00,True
2026-01-01T00:04:02Z,ENG-DATASET-003,MSN-LUBRICATION_DEGRADATION-003,DESCENT,2200.0,10.0,0.3224253891738927,0.4275746108261073,2186.7976856637893,480.1771039919651,138.87257880474385,79.44186449838503,171.40206668103463,10.786484841702732,6.252185879426665,14.2,2232.802424764895,460.1771039919651,120.87257880474387,44.44186449838503,311.6401212382448,9.987485964539566,3.7521858794266647,-46.00473910110577,20.0,17.999999999999986,35.0,-140.23805455721015,0.7989988771631662,2.5,-0.020604034907365294,0.04346152780419342,0.1489171504239764,0.7875457160730028,-0.45,0.0800000000000001,0.666278292263602,3,LUBRICATION_DEGRADATION,1.0,2026-01-01T00:02:00+00:00,True
2026-01-01T00:04:03Z,ENG-DATASET-003,MSN-LUBRICATION_DEGRADATION-003,DESCENT,2200.0,10.0,0.3241138133527011,0.4258861866472989,2195.5016067352085,481.7544409684474,139.32918194848065,79.44612615120934,171.6574408380794,10.834551447405643,6.381996122896439,14.2,2242.0887577483413,461.7544409684474,121.32918194848067,44.446126151209334,312.1044378874171,10.03199208093115,3.8819961228964392,-46.587151013132825,20.0,17.999999999999986,35.00000000000001,-140.44699704933768,0.8025593664744921,2.4999999999999996,-0.020778459751931867,0.043313064749423036,0.14835672433399597,0.787470203385716,-0.45,0.08,0.6439985823928893,3,LUBRICATION_DEGRADATION,1.0,2026-01-01T00:02:00+00:00,True
2026-01-01T00:04:04Z,ENG-DATASET-003,MSN-LUBRICATION_DEGRADATION-003,DESCENT,2200.0,10.0,0.32620618281628144,0.42379381718371856,2205.5916424136185,483.7105945390298,139.78902861710833,79.45450498026406,171.97391171944594,10.894157181989291,6.991282189870367,14.2,2253.596789798033,463.7105945390298,121.78902861710834,44.45450498026407,312.67983948990167,10.08718257591601,4.491282189870367,-48.00514738441461,20.0,17.999999999999986,34.99999999999999,-140.70592777045573,0.8069746060732808,2.5,-0.021301568941583745,0.043130349479898786,0.1477965643078578,0.7873217802231409,-0.44999999999999996,0.07999999999999999,0.5566339175121299,3,LUBRICATION_DEGRADATION,1.0,2026-01-01T00:02:00+00:00,True
2026-01-01T00:04:05Z,ENG-DATASET-003,MSN-LUBRICATION_DEGRADATION-003,DESCENT,2200.0,10.0,0.3286698468389655,0.4213301531610345,2217.2353886738874,486.01592807637905,140.260523957307,79.46759714800638,172.3465409028769,10.964396141038844,7.225666256134709,14.2,2267.146941922796,466.01592807637905,122.26052395730699,44.46759714800638,313.3573470961398,10.15221864911004,4.725666256134709,-49.911553248908604,20.0,18.0,35.0,-141.01080619326288,0.8121774919288036,2.5,-0.022015138201222185,0.04291698801488614,0.14722658972315175,0.7870899766296269,-0.4499999999999999,0.08000000000000004,0.5290259329580416,3,LUBRICATION_DEGRADATION,1.0,2026-01-01T00:02:00+00:00,True
2026-01-01T00:04:06Z,ENG-DATASET-003,MSN-LUBRICATION_DEGRADATION-003,DESCENT,2200.0,10.0,0.3314663607676731,0.4185336392323269,2230.688154567929,488.6354199502897,140.75035706033353,79.48589619036832,172.76951363459392,11.044198232534145,6.771171899299662,14.2,2282.5277685306874,468.6354199502897,122.75035706033353,44.485896190368315,314.1263884265344,10.226109474568652,4.271171899299662,-51.83961396275845,20.0,18.0,35.00000000000001,-141.35687479194047,0.8180887579654925,2.5,-0.022711493230213244,0.04267709854735583,0.1466390846517273,0.7867662112554651,-0.44999999999999996,0.08000000000000003,0.5853194530545403,3,LUBRICATION_DEGRADATION,1.0,2026-01-01T00:02:00+00:00,True
2026-01-01T00:04:07Z,ENG-DATASET-003,MSN-LUBRICATION_DEGRADATION-003,DESCENT,2200.0,10.0,0.33455208593786506,0.41544791406213494,2246.181983946998,491.5291514652251,141.26355014093082,79.50978647835174,173.23622956658545,11.13234427866025,6.303709974751035,14.2,2299.499256966743,471.5291514652251,123.2635501409308,44.50978647835174,314.97496284833716,10.307726183944675,3.8037099747510346,-53.31727301974479,20.0,18.000000000000014,35.0,-141.7387332817517,0.824618094715575,2.5000000000000004,-0.023186471079827752,0.04241519307523659,0.14602857032285774,0.7863439204998878,-0.44999999999999996,0.0800000000000001,0.6572530546742418,3,LUBRICATION_DEGRADATION,1.0,2026-01-01T00:02:00+00:00,True
2026-01-01T00:04:08Z,ENG-DATASET-003,MSN-LUBRICATION_DEGRADATION-003,DESCENT,2200.0,10.0,0.337878870640308,0.412121129359692,2263.813824882623,494.6528706911894,141.80351689411745,79.53953833658313,173.73940575282995,11.22748342977325,6.520331111435211,14.2,2317.7965728301797,474.6528706911894,123.80351689411745,44.539538336583135,315.889828641509,10.395817990530785,4.020331111435211,-53.98274794755662,20.0,18.0,35.0,-142.15042288867903,0.8316654392424638,2.5,-0.02329054610760779,0.04213605612639824,0.14539166940947598,0.7858186525308524,-0.44999999999999996,0.0800000000000001,0.6218393288277018,3,LUBRICATION_DEGRADATION,1.0,2026-01-01T00:02:00+00:00,True
2026-01-01T00:04:09Z,ENG-DATASET-003,MSN-LUBRICATION_DEGRADATION-003,DESCENT,2200.0,10.0,0.3413948015123923,0.4086051984876077,2283.461085352027,497.9586270002179,142.37213087971116,79.57530489686249,174.2711902972327,11.328152717220659,7.14015179860603,14.2,2337.134192626643,477.9586270002179,124.37213087971115,44.57530489686249,316.85670963133214,10.489030293722832,4.64015179860603,-53.673107274616086,20.0,18.000000000000014,35.0,-142.58551933409944,0.8391224234978267,2.5,-0.022965351088503096,0.04184462602029962,0.14472695669586183,0.7851881233562473,-0.44999999999999996,0.08000000000000002,0.5387754772917207,3,LUBRICATION_DEGRADATION,1.0,2026-01-01T00:02:00+00:00,True
2026-01-01T00:04:10Z,ENG-DATASET-003,MSN-LUBRICATION_DEGRADATION-003,DESCENT,2200.0,10.0,0.3450450136287926,0.4049549863712074,2304.74619743009,501.395469860959,142.96980453826401,79.61712073759216,174.8232848798382,11.43279853407347,7.306309565537098,14.2,2357.2103592668445,481.395469860959,124.96980453826401,44.61712073759215,317.8605179633422,10.585924568586545,4.806309565537098,-52.464161836754556,20.0,18.0,35.00000000000001,-143.037233083504,0.8468739654869246,2.5,-0.02225688582714031,0.04154588327508894,0.14403479357678478,0.7844522331650765,-0.45,0.0800000000000001,0.5201496004181388,3,LUBRICATION_DEGRADATION,1.0,2026-01-01T00:02:00+00:00,True
2026-01-01T00:04:11Z,ENG-DATASET-003,MSN-LUBRICATION_DEGRADATION-003,DESCENT,2200.0,10.0,0.34877254665027746,0.40122745334972254,2327.059887244404,504.9102040738846,143.59557918628474,79.66490233203173,175.38707424933781,11.539799792731252,6.813083038970517,14.2,2377.711790885011,484.9102040738846,125.59557918628472,44.66490233203173,318.88558954425054,10.684999808084491,4.313083038970517,-50.65190364060709,20.0,18.000000000000014,35.0,-143.49851529491272,0.8547999846467604,2.5,-0.021302793650089056,0.04124474971236664,0.1433171463248895,0.7836130422902441,-0.44999999999999996,0.08000000000000011,0.5796317801932979,3,LUBRICATION_DEGRADATION,1.0,2026-01-01T00:02:00+00:00,True
2026-01-01T00:04:12Z,ENG-DATASET-003,MSN-LUBRICATION_DEGRADATION-003,DESCENT,2200.0,10.0,0.3525192336707524,0.3974807663292476,2349.6385328003184,508.4481921884278,144.24722607236694,79.71845030003077,175.95376066118467,11.647492466913691,6.400119460695535,14.2,2398.3185694976232,488.4481921884278,126.24722607236694,44.71845030003077,319.9159284748812,10.784715247142307,3.900119460695535,-48.680036697304786,20.0,18.0,35.0,-143.9621678136965,0.8627772197713846,2.5,-0.02029756902040825,0.04094600066056675,0.14257739009395826,0.7826747073114901,-0.44999999999999996,0.08,0.6410060064042647,3,LUBRICATION_DEGRADATION,1.0,2026-01-01T00:02:00+00:00,True
2026-01-01T00:04:13Z,ENG-DATASET-003,MSN-LUBRICATION_DEGRADATION-003,DESCENT,2200.0,10.0,0.3562266088923747,0.3937733911076253,2371.6777904107144,511.9541933828558,144.92135829970164,79.77745342968203,176.51450116345504,11.75419518420411,6.692244943665212,14.2,2418.709133216546,491.9541933828558,126.92135829970164,44.77745342968202,320.9354566608273,10.88351405944825,4.192244943665212,-47.03134280583163,20.0,18.0,35.00000000000001,-144.42095549737226,0.8706811247558601,2.5,-0.01944481134996439,0.04065419152639544,0.14182010215724514,0.7816433789599847,-0.44999999999999996,0.08,0.5963392009757641,3,LUBRICATION_DEGRADATION,1.0,2026-01-01T00:02:00+00:00,True
2026-01-01T00:04:14Z,ENG-DATASET-003,MSN-LUBRICATION_DEGRADATION-003,DESCENT,2200.0,10.0,0.3598368199647748,0.3901631800352252,2392.4558143837166,515.3732266713334,145.6135531365148,79.84149440765623,177.06054558815555,11.858235495815418,7.303773513906801,14.2,2438.565294114747,495.3732266713334,127.61355313651481,44.841494407656235,321.9282647057373,10.979847681310572,4.803773513906801,-46.109479731030206,20.000000000000057,18.0,34.99999999999999,-144.86771911758177,0.8783878145048458,2.5,-0.01890844581537808,0.04037359898190362,0.14105084889176678,0.7805270645490373,-0.44999999999999996,0.08,0.5204242025071674,3,LUBRICATION_DEGRADATION,1.0,2026-01-01T00:02:00+00:00,True
2026-01-01T00:04:15Z,ENG-DATASET-003,MSN-LUBRICATION_DEGRADATION-003,DESCENT,2200.0,10.0,0.3632935307516341,0.3867064692483659,2411.437051737763,518.6514450022537,146.31848394791967,79.91005717025504,177.58337309466802,11.957976414578056,7.3905576253712395,14.2,2457.5772034424735,498.65144500225375,128.31848394791967,44.91005717025505,322.87886017212367,11.07220038386857,4.8905576253712395,-46.14015170471066,19.999999999999943,18.0,34.99999999999999,-145.29548707745565,0.8857760307094864,2.5,-0.01877464994388759,0.04010817616282963,0.14027597152180835,0.779335458588133,-0.45,0.08000000000000007,0.511189150912055,3,LUBRICATION_DEGRADATION,1.0,2026-01-01T00:02:00+00:00,True
2026-01-01T00:04:16Z,ENG-DATASET-003,MSN-LUBRICATION_DEGRADATION-003,DESCENT,2200.0,10.0,0.3665428004372507,0.3834571995627493,2428.332337555371,521.7370057040109,147.03006069572797,79.98253576186963,178.07482513461753,12.051842782392859,6.858878824606293,14.2,2475.448186713364,501.73700570401087,129.03006069572797,44.98253576186962,323.7724093356682,11.159113687400794,4.358878824606293,-47.115849157993125,20.000000000000057,18.0,35.00000000000001,-145.6975842010507,0.892729094992065,2.5,-0.019033260082307973,0.03986152062261605,0.13950237567078785,0.7780797459993014,-0.44999999999999996,0.08000000000000014,0.5735419819168309,3,LUBRICATION_DEGRADATION,1.0,2026-01-01T00:02:00+00:00,True
2026-01-01T00:04:17Z,ENG-DATASET-003,MSN-LUBRICATION_DEGRADATION-003,DESCENT,2200.0,10.0,0.3695339252549268,0.3804660747450732,2443.101685884906,524.5809218956188,147.74157767354563,80.05824456395419,178.527232763291,12.138347006631312,6.499238157739031,14.2,2491.8993732105823,504.5809218956188,129.74157767354563,45.05824456395418,324.5949686605291,11.239210191325288,3.999238157739031,-48.79768732567618,19.999999999999943,18.0,35.00000000000001,-146.0677358972381,0.899136815306024,2.5,-0.019582527228137973,0.039636853341310604,0.13873732941101893,0.7767723829170079,-0.45,0.08000000000000008,0.6251190605296122,3,LUBRICATION_DEGRADATION,1.0,2026-01-01T00:02:00+00:00,True
2026-01-01T00:04:18Z,ENG-DATASET-003,MSN-LUBRICATION_DEGRADATION-003,DESCENT,2200.0,10.0,0.3722202297022902,0.3777797702977098,2455.900154102928,527.1378789817841,148.44586688073568,80.13642973618357,178.93353631095474,12.216113693143502,6.8533755192103705,14.2,2506.6740476710816,507.1378789817841,130.44586688073568,45.13642973618357,325.33370238355405,11.311216382540279,4.3533755192103705,-50.77389356815365,19.999999999999943,18.0,35.0,-146.40016607259932,0.9048973106032232,2.5,-0.02025548300359475,0.03943700683560717,0.1379882738366642,0.7754268604001323,-0.44999999999999996,0.08000000000000008,0.574267023133685,3,LUBRICATION_DEGRADATION,1.0,2026-01-01T00:02:00+00:00,True
2026-01-01T00:04:19Z,ENG-DATASET-003,MSN-LUBRICATION_DEGRADATION-003,DESCENT,2200.0,10.0,0.37455979489689756,0.37544020510310244,2466.9810325667568,529.3670002570311,149.1354551990879,80.21628169249634,179.28739554663912,12.283902703307637,7.437718717093203,14.2,2519.5416562414225,509.3670002570312,131.1354551990879,45.21628169249634,325.9770828120711,11.373983984544108,4.937718717093203,-52.56062367466575,19.999999999999943,18.0,35.0,-146.68968726543198,0.9099187187635298,2.5,-0.020861184630332378,0.039264420329365196,0.13726264931686605,0.7740574565158963,-0.44999999999999996,0.08000000000000011,0.5063066859895435,3,LUBRICATION_DEGRADATION,1.0,2026-01-01T00:02:00+00:00,True
2026-01-01T00:04:20Z,ENG-DATASET-003,MSN-LUBRICATION_DEGRADATION-003,DESCENT,2200.0,10.0,0.3765161127063749,0.3734838872936251,2476.5809803928005,531.2325459981146,149.80272332913196,80.29694841852684,179.58328861532257,12.340630175165256,7.435814304669448,14.2,2530.3014041935476,511.2325459981146,131.80272332913196,45.29694841852684,326.5150702096774,11.42650942144931,4.935814304669448,-53.720423800747085,20.0,18.0,35.0,-146.93178159435482,0.9141207537159453,2.5,-0.021230839816835476,0.039121139991102526,0.13656773961378016,0.7726789821824885,-0.44999999999999996,0.08000000000000004,0.5065020370873586,3,LUBRICATION_DEGRADATION,1.0,2026-01-01T00:02:00+00:00,True
2026-01-01T00:04:21Z,ENG-DATASET-003,MSN-LUBRICATION_DEGRADATION-003,DESCENT,2200.0,10.0,0.37805865544561273,0.37194134455438727,2484.8160548332667,532.7045312557967,150.4400642776137,80.37754942375226,179.8165982046323,12.385387074838327,6.8677171944766435,14.2,2538.7853892593557,512.7045312557967,132.4400642776137,45.37754942375226,326.9392694629678,11.467950995220672,4.3677171944766435,-53.96933442608906,20.0,18.0,35.0,-147.1226712583355,0.917436079617655,2.5,-0.021257934859091665,0.03900882239330487,0.1359105350648983,0.7713065259024263,-0.44999999999999996,0.08000000000000011,0.5723813810934156,3,LUBRICATION_DEGRADATION,1.0,2026-01-01T00:02:00+00:00,True
2026-01-01T00:04:22Z,ENG-DATASET-003,MSN-LUBRICATION_DEGRADATION-003,DESCENT,2200.0,10.0,0.379163352251082,0.370836647748918,2491.614808140889,533.7592488710538,151.04003907162866,80.45719011173068,179.9836835964595,12.417454884199184,6.560988099521264,14.2,2544.861221689436,513.7592488710538,133.04003907162866,45.45719011173069,327.24306108447183,11.49764341129554,4.060988099521264,-53.246413548547025,20.0,18.0,34.99999999999999,-147.25937748801232,0.9198114729036444,2.5,-0.020923110892938503,0.038928739568092355,0.1352976151059969,0.7699552021137331,-0.44999999999999996,0.0800000000000001,0.6156137222600372,3,LUBRICATION_DEGRADATION,1.0,2026-01-01T00:02:00+00:00,True
2026-01-01T00:04:23Z,ENG-DATASET-003,MSN-LUBRICATION_DEGRADATION-003,DESCENT,2200.0,10.0,0.3798129646986088,0.3701870353013912,2496.7054327391443,534.3796860172996,151.59552731489828,80.53497634523819,180.08193747914794,12.436318083564966,6.964854279914526,14.2,2548.434090150834,514.3796860172996,133.59552731489828,45.53497634523819,327.4217045075417,11.515109336634227,4.464854279914526,-51.72865741168971,20.0,18.0,35.0,-147.33976702839374,0.9212087469307395,2.5,-0.020298212777646547,0.038881784299948735,0.1347350496066546,0.7686399073678253,-0.44999999999999996,0.08000000000000011,0.5599286882096988,3,LUBRICATION_DEGRADATION,1.0,2026-01-01T00:02:00+00:00,True
2026-01-01T00:04:24Z,ENG-DATASET-003,MSN-LUBRICATION_DEGRADATION-003,DESCENT,2200.0,10.0,0.379997355803218,0.370002644196782,2499.6605755747682,534.5558247647754,152.09987020252782,80.6100289800296,180.1098266337201,12.441673152734092,7.506459919955852,14.2,2549.448241226184,514.5558247647754,134.09987020252782,45.6100289800296,327.4724120613092,11.520067734013047,5.006459919955852,-49.787665651415864,20.0,18.0,35.0,-147.36258542758912,0.921605418721045,2.5,-0.01952880032876053,0.038868474589988024,0.1342283178411361,0.7673750879510467,-0.4499999999999999,0.0800000000000001,0.4993548415388184,3,LUBRICATION_DEGRADATION,1.0,2026-01-01T00:02:00+00:00,True
2026-01-01T00:04:25Z,ENG-DATASET-003,MSN-LUBRICATION_DEGRADATION-003,DESCENT,2200.0,10.0,0.3797136482033933,0.3702863517966067,2499.9891886820537,534.2848197080375,152.54700367497597,80.68149814139692,180.0669158592466,12.433433888050292,7.411492914090974,14.2,2547.8878494271485,514.2848197080375,134.54700367497597,45.681498141396915,327.39439247135743,11.512438785231751,4.911492914090974,-47.89866074509473,20.0,18.0,35.0,-147.32747661211084,0.9209951028185408,2.5,-0.018799359930957705,0.038888956534540754,0.13378224344172274,0.7661745219402675,-0.45,0.08000000000000006,0.5090102019342327,3,LUBRICATION_DEGRADATION,1.0,2026-01-01T00:02:00+00:00,True
2026-01-01T00:04:26Z,ENG-DATASET-003,MSN-LUBRICATION_DEGRADATION-003,DESCENT,2200.0,10.0,0.3789662690613416,0.3710337309386584,2497.253127170721,533.5710485043348,152.93157952008676,80.74857702167418,179.95387476401126,12.411732914889464,6.813497465927057,14.2,2543.777264145864,513.5710485043348,134.93157952008676,45.74857702167419,327.1888632072932,11.492345291564318,4.313497465927057,-46.52413697514294,20.0,18.0,34.99999999999999,-147.23498844328194,0.9193876233251466,2.5,-0.018289390989884708,0.038943005175711705,0.13340094338197833,0.765051118058123,-0.45,0.0800000000000001,0.579576091036998,3,LUBRICATION_DEGRADATION,1.0,2026-01-01T00:02:00+00:00,True
2026-01-01T00:04:27Z,ENG-DATASET-003,MSN-LUBRICATION_DEGRADATION-003,DESCENT,2200.0,10.0,0.37776688097860717,0.37223311902139283,2491.1800039921877,532.4260341361645,153.2490724214822,80.81051498427576,179.77246731649768,12.376919361114776,6.562587772339515,14.2,2537.180629690825,512.4260341361645,135.2490724214822,45.81051498427575,326.8590314845412,11.460110519550717,4.062587772339515,-46.00062569863712,20.0,18.0,35.00000000000001,-147.08656416804354,0.916808841564059,2.5,-0.018130607320710413,0.039030023198793014,0.1330877889047983,0.7640167331018566,-0.44999999999999996,0.08000000000000014,0.6153713199802031,3,LUBRICATION_DEGRADATION,1.0,2026-01-01T00:02:00+00:00,True
2026-01-01T00:04:28Z,ENG-DATASET-003,MSN-LUBRICATION_DEGRADATION-003,DESCENT,2200.0,10.0,0.37613420000507525,0.37386579999492475,2481.744583602239,530.8682407224205,153.49587119739448,80.8666297706406,179.52552431925102,12.329552744472053,7.007613423766719,14.2,2528.200884336399,510.8682407224205,135.49587119739448,45.8666297706406,326.41004421682,11.416252541177826,4.507613423766719,-46.45630073416032,20.0,18.0,35.0,-146.88451989756896,0.9133002032942272,2.5,-0.01837524107438723,0.03914903766912175,0.1328453763272023,0.7630820091866359,-0.4499999999999999,0.0800000000000001,0.5546172142488015,3,LUBRICATION_DEGRADATION,1.0,2026-01-01T00:02:00+00:00,True
2026-01-01T00:04:29Z,ENG-DATASET-003,MSN-LUBRICATION_DEGRADATION-003,DESCENT,2200.0,10.0,0.37409370358127364,0.37590629641872636,2469.198557064697,528.9227476435574,153.66935276874398,80.91631862042013,179.216899235151,12.270393212362551,7.49653686009444,14.2,2516.9781540054905,508.9227476435574,135.66935276874398,45.91631862042012,325.84890770027454,11.361475196631991,4.99653686009444,-47.77959694079345,20.0,18.0,35.00000000000001,-146.63200846512353,0.9089180157305599,2.5,-0.01898292079522325,0.0392986953179144,0.13267550579888157,0.7622562315881013,-0.44999999999999996,0.08000000000000004,0.5003465540235696,3,LUBRICATION_DEGRADATION,1.0,2026-01-01T00:02:00+00:00,True
2026-01-01T00:04:30Z,ENG-DATASET-003,MSN-LUBRICATION_DEGRADATION-003,DESCENT,2200.0,10.0,0.371677232971434,0.378322767028566,2454.0410403957885,526.6208095056215,153.76793772951012,80.9590681321719,178.85140805541275,12.200388352811572,7.310817338154555,14.2,2503.6875656513726,506.6208095056215,135.76793772951012,45.9590681321719,325.1843782825686,11.296655882232937,4.810817338154555,-49.64652525558404,20.000000000000057,18.0,34.99999999999999,-146.33297022715587,0.9037324705786354,2.5,-0.019829361273625105,0.039477257200541696,0.13257916634088765,0.7615472076010081,-0.44999999999999996,0.08000000000000004,0.5196622162667701,3,LUBRICATION_DEGRADATION,1.0,2026-01-01T00:02:00+00:00,True
2026-01-01T00:04:31Z,ENG-DATASET-003,MSN-LUBRICATION_DEGRADATION-003,DESCENT,2200.0,10.0,0.36892249639121344,0.38107750360878656,2436.936517944489,523.9993119451158,153.791126755187,80.99446271144495,178.43475414765442,12.120656867922747,6.695128751277074,14.2,2488.5365144601597,503.99931194511583,135.791126755187,45.99446271144496,324.426825723008,11.222830433261802,4.195128751277074,-51.59999651567068,19.999999999999943,18.0,34.99999999999999,-145.99207157535358,0.8978264346609457,2.5,-0.02073507710891046,0.039682593856750915,0.13255652582109845,0.7609611665556172,-0.44999999999999996,0.08000000000000014,0.5959292665901981,3,LUBRICATION_DEGRADATION,1.0,2026-01-01T00:02:00+00:00,True
2026-01-01T00:04:32Z,ENG-DATASET-003,MSN-LUBRICATION_DEGRADATION-003,DESCENT,2200.0,10.0,0.36587248058360067,0.38412751941639933,2418.5996946913974,521.1001353873476,153.739517464352,81.02219147515444,177.97343925675298,12.03246946329898,6.507155275355028,14.2,2471.761427518289,501.10013538734756,135.739517464352,46.02219147515445,323.58807137591447,11.141175428980537,4.007155275355028,-53.16173282689169,20.0,18.0,34.99999999999999,-145.61463211916148,0.8912940343184435,2.5,-0.021507631050083752,0.03991218239152962,0.1326069249120999,0.7605026809489309,-0.4499999999999999,0.08000000000000004,0.6238839845751931,3,LUBRICATION_DEGRADATION,1.0,2026-01-01T00:02:00+00:00,True
2026-01-01T00:04:33Z,ENG-DATASET-003,MSN-LUBRICATION_DEGRADATION-003,DESCENT,2200.0,10.0,0.3625747800251694,0.3874252199748306,2399.674707774115,517.9694405520695,153.61480173171853,81.04205350520402,177.47466204729022,11.937227357029041,6.989188873008663,14.2,2453.6240744469173,497.9694405520695,135.61480173171853,46.042053505204024,322.68120372234586,11.052988293545408,4.489188873008663,-53.94936667280217,20.0,18.0,35.0,-145.20654167505563,0.8842390634836335,2.5,-0.021987625257941415,0.04016310715337707,0.13272887450448587,0.7601746085465982,-0.45,0.08000000000000007,0.5568934769110071,3,LUBRICATION_DEGRADATION,1.0,2026-01-01T00:02:00+00:00,True
2026-01-01T00:04:34Z,ENG-DATASET-003,MSN-LUBRICATION_DEGRADATION-003,DESCENT,2200.0,10.0,0.35908085423018943,0.39091914576981057,2380.6374247562944,514.6568907125713,153.41974382636096,81.0539613700455,176.9462057707995,11.83643884874581,7.4214250333113645,14.2,2434.4074825745274,494.6568907125714,135.41974382636096,46.053961370045506,321.72037412872635,10.959665600690565,4.9214250333113645,-53.770057818233,19.999999999999943,18.0,34.99999999999999,-144.77416835792684,0.8767732480552457,2.5,-0.022087533908402235,0.04043206589357162,0.13292005649545544,0.7599780552811414,-0.44999999999999996,0.08000000000000004,0.507982948653773,3,LUBRICATION_DEGRADATION,1.0,2026-01-01T00:02:00+00:00,True
2026-01-01T00:04:35Z,ENG-DATASET-003,MSN-LUBRICATION_DEGRADATION-003,DESCENT,2200.0,10.0,0.35544522474211765,0.39455477525788235,2361.7438130657356,511.2148264436391,153.15814010481583,81.05794285986696,176.39631681072868,11.731694412509041,7.153664913438113,14.2,2414.411520390133,491.2148264436391,135.15814010481583,46.057942859866955,320.72057601950667,10.862680011582444,4.653664913438113,-52.66770732439727,20.0,18.0,35.0,-144.324259208778,0.8690144009265968,2.5,-0.021813890001604597,0.04071538341950832,0.13317732832103865,0.7599123587974572,-0.44999999999999996,0.08000000000000011,0.5372110039081022,3,LUBRICATION_DEGRADATION,1.0,2026-01-01T00:02:00+00:00,True
2026-01-01T00:04:36Z,ENG-DATASET-003,MSN-LUBRICATION_DEGRADATION-003,DESCENT,2200.0,10.0,0.3517246243431477,0.3982753756568523,2343.036009157794,507.6974088498937,152.8347613155816,81.0541409089501,175.83357600038445,11.624640787069763,6.537322255433449,14.2,2393.9482181957974,487.6974088498937,134.8347613155816,46.05414090895011,319.6974109097899,10.763556284323855,4.037322255433449,-50.91220903800331,20.0,18.0,34.99999999999999,-143.86383490940543,0.8610845027459089,2.5,-0.021267046902281525,0.04100903477663486,0.13349673203240883,0.7599750925589002,-0.44999999999999996,0.08000000000000004,0.6192223067245839,3,LUBRICATION_DEGRADATION,1.0,2026-01-01T00:02:00+00:00,True
2026-01-01T00:04:37Z,ENG-DATASET-003,MSN-LUBRICATION_DEGRADATION-003,DESCENT,2200.0,10.0,0.34797711175811846,0.40202288824188154,2324.403528813433,504.1597470809547,152.4552788610473,81.04281170700226,175.26676472189877,11.51695453426418,6.422463947127278,14.2,2373.336898978137,484.1597470809547,134.4552788610473,46.04281170700226,318.6668449489068,10.663846790985351,3.9224639471272784,-48.93337016470423,20.0,18.0,35.0,-143.40008022700806,0.8531077432788283,2.5,-0.020617962070944483,0.041308679873909196,0.13387350911377816,0.760162090506674,-0.44999999999999996,0.08000000000000002,0.6373544878165016,3,LUBRICATION_DEGRADATION,1.0,2026-01-01T00:02:00+00:00,True
2026-01-01T00:04:38Z,ENG-DATASET-003,MSN-LUBRICATION_DEGRADATION-003,DESCENT,2200.0,10.0,0.34426116566753134,0.40573883433246866,2305.683516004807,500.65702536404524,152.02617660904372,81.02432102950407,174.7047278756975,11.410315522200726,6.940454117190739,14.2,2352.899195479908,480.65702536404524,134.02617660904372,46.024321029504065,317.6449597739954,10.565106965000671,4.440454117190739,-47.21567947510084,20.0,18.0,35.0,-142.94023189829792,0.8452085572000545,2.5,-0.020067021811136503,0.04160971117576443,0.13430212258092133,0.7604674923409107,-0.44999999999999996,0.08000000000000007,0.5630054796245996,3,LUBRICATION_DEGRADATION,1.0,2026-01-01T00:02:00+00:00,True
2026-01-01T00:04:39Z,ENG-DATASET-003,MSN-LUBRICATION_DEGRADATION-003,LANDING,500.0,10.0,0.24063477216729953,0.5593652278327005,1714.8328388152786,406.635790711367,149.2894537159235,81.01582409126607,158.42784447522575,10.267372039351532,6.7583576199201785,14.2,1761.012526371845,386.635790711367,131.2894537159235,46.01582409126606,288.05062631859226,9.506825962362528,4.2583576199201785,-46.17968755656648,20.0,18.0,35.00000000000001,-129.6227818433665,0.7605460769890033,2.5,-0.02622337255698512,0.051728268516482184,0.137101644424139,0.7606079145856938,-0.44999999999999996,0.08000000000000011,0.5870808004253203,3,LUBRICATION_DEGRADATION,1.0,2026-01-01T00:02:00+00:00,True
2026-01-01T00:04:40Z,ENG-DATASET-003,MSN-LUBRICATION_DEGRADATION-003,LANDING,500.0,10.0,0.23715451991511546,0.5628454800848846,1695.792097622594,403.4983388603553,146.74796681584004,80.99938071567144,157.9014563220829,10.14967956327469,6.421459033669258,14.2,1741.8711389848327,383.4983388603553,128.74796681584004,45.99938071567143,287.09355694924164,9.397851447476564,3.921459033669258,-46.07904136223874,20.0,18.0,35.00000000000001,-129.19210062715874,0.7518281157981264,2.5,-0.02645376017257725,0.05215146448726255,0.13980803305225814,0.7608798087161189,-0.45,0.08000000000000014,0.637517816337044,3,LUBRICATION_DEGRADATION,1.0,2026-01-01T00:02:00+00:00,True
2026-01-01T00:04:41Z,ENG-DATASET-003,MSN-LUBRICATION_DEGRADATION-003,LANDING,500.0,10.0,0.233874717083374,0.566125282916626,1676.8938408196063,400.54545500252215,144.3868065093191,80.97578602073929,157.405386143782,10.038894867158998,5.823688967566712,14.2,1723.8322234102545,380.54545500252215,126.38680650931909,45.975786020739285,286.1916111705127,9.29527302514722,3.3236889675667114,-46.93838259064819,20.0,18.0,35.00000000000001,-128.7862250267307,0.7436218420117786,2.5000000000000004,-0.02722908990399893,0.05255613944953684,0.14241992892409047,0.7612702909355765,-0.44999999999999996,0.08000000000000011,0.7521762789465413,3,LUBRICATION_DEGRADATION,1.0,2026-01-01T00:02:00+00:00,True
2026-01-01T00:04:42Z,ENG-DATASET-003,MSN-LUBRICATION_DEGRADATION-003,LANDING,500.0,10.0,0.230846543898306,0.569153456101694,1658.6299563538732,397.8224413948616,142.1936868932587,80.94592517744951,156.94737494954046,9.936720748370409,5.792409818613768,14.2,1707.1772708923802,377.8224413948616,124.19368689325871,45.94592517744951,285.358863544619,9.20066735960223,3.2924098186137685,-48.54731453850695,20.0,17.999999999999986,35.0,-128.41148859507854,0.7360533887681786,2.4999999999999996,-0.02843718421410928,0.05293491812228812,0.14493490329722253,0.7617650502155559,-0.44999999999999996,0.08000000000000003,0.7593222404653732,3,LUBRICATION_DEGRADATION,1.0,2026-01-01T00:02:00+00:00,True
2026-01-01T00:04:43Z,ENG-DATASET-003,MSN-LUBRICATION_DEGRADATION-003,LANDING,500.0,10.0,0.2281172539896657,0.5718827460103344,1641.6542618433432,395.3709202332286,140.15859120976356,80.91076045858503,156.53456985085865,9.844722529426969,6.345614859381556,14.2,1692.1661763948591,375.3709202332286,122.15859120976356,45.91076045858504,284.60830881974294,9.115483823543489,3.8456148593815556,-50.51191455151593,20.0,18.0,34.99999999999999,-128.0737389688843,0.7292387058834802,2.5,-0.02985044569271027,0.05328063236111479,0.1473494399513126,0.7623485137339998,-0.4499999999999999,0.08000000000000011,0.6500911015311723,3,LUBRICATION_DEGRADATION,1.0,2026-01-01T00:02:00+00:00,True
2026-01-01T00:04:44Z,ENG-DATASET-003,MSN-LUBRICATION_DEGRADATION-003,LANDING,500.0,10.0,0.22572943701364281,0.5742705629863573,1626.6820029980631,393.2282379815514,138.273438038326,80.8713170499608,156.17341253323517,9.764305431335647,6.666568225827701,14.2,1679.0331830267328,373.2282379815514,120.27343803832599,45.8713170499608,283.9516591513366,9.041023547533005,4.166568225827701,-52.35118002866966,20.0,18.0,34.99999999999999,-127.77824661810146,0.7232818838026418,2.5,-0.03117935997804288,0.05358651346468751,0.14965897951852156,0.7630040350025202,-0.44999999999999996,0.08000000000000015,0.600014175815726,3,LUBRICATION_DEGRADATION,1.0,2026-01-01T00:02:00+00:00,True
2026-01-01T00:04:45Z,ENG-DATASET-003,MSN-LUBRICATION_DEGRADATION-003,LANDING,500.0,10.0,0.2237203540555221,0.576279645944478,1614.3684321225346,391.4269386282082,136.5317677001986,80.82866784682886,155.86953873581942,9.696694519005467,6.274299688632258,14.2,1667.9832267570694,371.4269386282082,118.5317677001986,45.82866784682887,283.39916133785346,8.978420850930988,3.774299688632258,-53.614794634534746,20.0,18.0,34.99999999999999,-127.52962260203404,0.7182736680744792,2.5,-0.03214348548262913,0.05384639055493939,0.15185802379601093,0.7637141039529873,-0.44999999999999996,0.08000000000000003,0.662374534679825,3,LUBRICATION_DEGRADATION,1.0,2026-01-01T00:02:00+00:00,True
2026-01-01T00:04:46Z,ENG-DATASET-003,MSN-LUBRICATION_DEGRADATION-003,LANDING,500.0,10.0,0.22212135618290982,0.5778786438170902,1605.1953570142057,389.99431066972977,134.92844869692198,80.78391747403029,155.6276903075868,9.642917417359058,5.713008989066964,14.2,1659.1887384577014,369.99431066972977,116.92844869692199,45.78391747403028,282.95943692288506,8.928627238295423,3.2130089890669637,-53.993381443495764,20.0,17.999999999999986,35.00000000000001,-127.33174661529827,0.7142901790636351,2.5,-0.03254203707631556,0.05405488523268867,0.15394029597241904,0.7644605776657891,-0.44999999999999996,0.08000000000000014,0.7780868365158179,3,LUBRICATION_DEGRADATION,1.0,2026-01-01T00:02:00+00:00,True
2026-01-01T00:04:47Z,ENG-DATASET-003,MSN-LUBRICATION_DEGRADATION-003,LANDING,500.0,10.0,0.22095739522280947,0.5790426047771906,1599.3927039761077,388.95201156946985,133.45940411646654,80.73818578052435,155.45164121237164,9.603789956804304,5.772681799124481,14.2,1652.7869531771496,368.95201156946985,115.45940411646654,45.73818578052435,282.6393476588575,8.892398108152133,3.2726817991244808,-53.39424920104193,20.0,18.0,35.0,-127.18770644648586,0.7113918486521715,2.5,-0.03230558487795554,0.05420759169986042,0.15589895113128235,0.7652249297326361,-0.44999999999999996,0.0800000000000001,0.7638995030524534,3,LUBRICATION_DEGRADATION,1.0,2026-01-01T00:02:00+00:00,True
2026-01-01T00:04:48Z,ENG-DATASET-003,MSN-LUBRICATION_DEGRADATION-003,LANDING,500.0,10.0,0.22024663439670653,0.5797533656032935,1596.9136822579899,388.3157725223936,132.12135801787974,80.69259106707744,155.34413863742355,9.57990487079453,6.357517492621798,14.2,1648.8777686335839,368.3157725223936,114.12135801787973,45.69259106707745,282.44388843167917,8.870282287772714,3.857517492621798,-51.96408637559398,20.0,18.000000000000014,34.99999999999999,-127.09974979425562,0.709622583021817,2.5,-0.0315148201789732,0.05430123142169807,0.15772682968931986,0.7659885154820709,-0.44999999999999996,0.07999999999999999,0.6480852011122966,3,LUBRICATION_DEGRADATION,1.0,2026-01-01T00:02:00+00:00,True
2026-01-01T00:04:49Z,ENG-DATASET-003,MSN-LUBRICATION_DEGRADATION-003,LANDING,500.0,10.0,0.22000016488957225,0.5799998351104277,1597.4691396388519,388.0951855714788,130.9116018553787,80.64823331000859,155.3068601244695,9.571623636208315,6.6233412336686905,14.2,1647.522186344345,368.0951855714788,112.91160185537872,45.64823331000859,282.37610931721724,8.862614477970661,4.1233412336686905,-50.053046705493216,20.0,17.999999999999986,35.0,-127.06924919274775,0.7090091582376541,2.5,-0.03038080283249778,0.054333772306609775,0.1594167446411312,0.7667328494907181,-0.44999999999999996,0.08000000000000014,0.6063044163278373,3,LUBRICATION_DEGRADATION,1.0,2026-01-01T00:02:00+00:00,True
2026-01-01T00:04:50Z,ENG-DATASET-003,MSN-LUBRICATION_DEGRADATION-003,LANDING,500.0,10.0,0.22022183277563162,0.5797781672243685,1600.6123403658519,388.2935744500003,129.82778103109086,80.60617764390358,155.34038739223598,9.57907151876005,6.187130921950892,14.2,1648.7413597176715,368.2935744500003,111.82778103109085,45.60617764390358,282.4370679858836,8.869510665518565,3.6871309219508928,-48.12901935181958,20.0,18.000000000000014,35.0,-127.09668059364759,0.7095608532414861,2.4999999999999996,-0.029191370173464404,0.05430450430710734,0.1609617917304071,0.7674398910007894,-0.44999999999999996,0.0800000000000001,0.6780339654110323,3,LUBRICATION_DEGRADATION,1.0,2026-01-01T00:02:00+00:00,True
2026-01-01T00:04:51Z,ENG-DATASET-003,MSN-LUBRICATION_DEGRADATION-003,LANDING,500.0,10.0,0.2209081790016614,0.5790918209983387,1605.8531906472838,388.9079499417036,128.86770167652435,80.5674383621238,155.444197258923,9.602135859852416,5.675797684747582,14.2,1652.5162639608352,368.9079499417036,110.86770167652435,45.56743836212379,282.6258131980418,8.890866536900385,3.1757976847475824,-46.66307331355142,20.0,18.0,35.00000000000001,-127.18161593911879,0.711269322952031,2.5,-0.02823758793254294,0.054214066146203915,0.16235567011678573,0.7680923321134601,-0.44999999999999996,0.08000000000000003,0.7872037982793303,3,LUBRICATION_DEGRADATION,1.0,2026-01-01T00:02:00+00:00,True
2026-01-01T00:04:52Z,ENG-DATASET-003,MSN-LUBRICATION_DEGRADATION-003,LANDING,500.0,10.0,0.22204849336435883,0.5779515066356412,1612.7738696481583,389.9290500251887,128.02915775950163,80.53296368581209,155.61666980628095,9.64046761721884,5.827994947509206,14.2,1658.7879929556711,369.9290500251887,110.02915775950163,45.53296368581209,282.93939964778355,8.92635890483226,3.327994947509205,-46.01412330751282,20.0,18.0,35.0,-127.32272984150259,0.7141087123865812,2.5000000000000004,-0.027739604761379825,0.05406442126845185,0.16359299995137516,0.7686738829808673,-0.45,0.08000000000000006,0.7512030635356262,3,LUBRICATION_DEGRADATION,1.0,2026-01-01T00:02:00+00:00,True
2026-01-01T00:04:53Z,ENG-DATASET-003,MSN-LUBRICATION_DEGRADATION-003,LANDING,500.0,10.0,0.22362498163948205,0.576375018360518,1621.1176235407443,391.3414645631746,127.30977859763084,80.50362154006507,155.85511365789338,9.693486148256905,6.435772815894714,14.2,1667.4586784688488,371.3414645631746,109.30977859763084,45.50362154006506,283.3729339234425,8.975450137274912,3.935772815894714,-46.34105492810454,20.0,18.0,35.00000000000001,-127.51782026554909,0.7180360109819937,2.4999999999999996,-0.027791426274297492,0.05385878472668514,0.16466962270830296,0.7691695477289249,-0.4499999999999999,0.08000000000000008,0.6351992650347319,3,LUBRICATION_DEGRADATION,1.0,2026-01-01T00:02:00+00:00,True
2026-01-01T00:04:54Z,ENG-DATASET-003,MSN-LUBRICATION_DEGRADATION-003,LANDING,500.0,10.0,0.22561304325476791,0.5743869567452321,1630.8291934404544,393.1238437736424,126.70689683220881,80.48018656018431,156.15580797720534,9.760387200952248,6.642345223471834,14.2,1678.3930173529213,373.1238437736424,108.70689683220881,45.48018656018431,283.91965086764606,9.037395556437266,4.142345223471834,-47.56382391246689,20.0,18.0,35.0,-127.76384289044071,0.7229916445149822,2.5,-0.02833890716936025,0.053601506131924145,0.1655828703102743,0.7695658845568765,-0.44999999999999996,0.0800000000000001,0.6035228512182451,3,LUBRICATION_DEGRADATION,1.0,2026-01-01T00:02:00+00:00,True
2026-01-01T00:04:55Z,ENG-DATASET-003,MSN-LUBRICATION_DEGRADATION-003,LANDING,500.0,10.0,0.22798165517363428,0.5720183448263658,1642.0373291390176,395.24918914143984,126.21743687752392,80.46332853168656,156.5140605299339,9.840154051610842,6.169368568695368,14.2,1691.4203829066862,375.24918914143984,108.21743687752392,45.46332853168656,284.57101914533433,9.11125375149152,3.6693685686953676,-49.38305376766857,20.0,18.0,35.0,-128.05695861540045,0.7289003001193226,2.5,-0.02919620353800181,0.05329791663443555,0.16633179013814256,0.7698512434171216,-0.45,0.08000000000000011,0.6813161319711383,3,LUBRICATION_DEGRADATION,1.0,2026-01-01T00:02:00+00:00,True
2026-01-01T00:04:56Z,ENG-DATASET-003,MSN-LUBRICATION_DEGRADATION-003,LANDING,500.0,10.0,0.23069385599929002,0.56930614400071,1654.9841538704957,397.68522476315536,125.83782380885042,80.45360244534218,156.9242809048143,9.93157170026352,5.715443047822427,14.2,1706.3374874477927,377.68522476315536,107.83782380885042,45.453602445342185,285.31687437238963,9.195899722466221,3.215443047822428,-51.35333357729701,20.0,18.0,35.0,-128.39259346757532,0.7356719777972991,2.4999999999999996,-0.030095648694976128,0.05295414988113953,0.16691731494791823,0.7700159749073221,-0.44999999999999996,0.08000000000000015,0.7774978324349602,3,LUBRICATION_DEGRADATION,1.0,2026-01-01T00:02:00+00:00,True
2026-01-01T00:04:57Z,ENG-DATASET-003,MSN-LUBRICATION_DEGRADATION-003,LANDING,500.0,10.0,0.23370732274496983,0.5662926772550302,1669.9192844209872,400.39484633896643,125.56391258643953,80.45144032327462,157.3800677500984,10.033244002807757,5.9549178235053475,14.2,1722.911554549032,380.39484633896643,107.56391258643953,45.45144032327463,286.1455777274516,9.290040743340516,3.454917823505347,-52.992270128044765,20.0,18.0,34.99999999999999,-128.76550997735322,0.7432032594672418,2.5000000000000004,-0.03075739435847905,0.05257694785427818,0.16734236945439304,0.7700526045172941,-0.44999999999999996,0.08000000000000006,0.723606212278447,3,LUBRICATION_DEGRADATION,1.0,2026-01-01T00:02:00+00:00,True
2026-01-01T00:04:58Z,ENG-DATASET-003,MSN-LUBRICATION_DEGRADATION-003,LANDING,500.0,10.0,0.2369750312699874,0.5630249687300126,1686.9853568442506,403.3366441158669,125.39093743069225,80.45714494448268,157.8743086645073,10.143613583233488,6.571392572250807,14.2,1740.8839514366286,383.3366441158669,107.39093743069225,45.457144944482685,287.04419757183143,9.392234799290266,4.071392572250807,-53.898594592378004,20.0,18.0,34.99999999999999,-129.16988890732412,0.7513787839432222,2.5,-0.0309604753079028,0.05217346243046575,0.1676119087014843,0.7699559671586476,-0.4499999999999999,0.0800000000000001,0.6140405170061783,3,LUBRICATION_DEGRADATION,1.0,2026-01-01T00:02:00+00:00,True
2026-01-01T00:04:59Z,ENG-DATASET-003,MSN-LUBRICATION_DEGRADATION-003,LANDING,500.0,10.0,0.24044599007572326,0.5595540099242767,1706.1238177359182,406.4654950412971,125.31348106365544,80.47088556847513,158.39929118387482,10.260984329528345,6.710600038517504,14.2,1759.9742248681755,386.4654950412971,107.31348106365544,45.47088556847512,287.99871124340876,9.500911416229949,4.210600038517504,-53.85040713225726,20.0,18.0,35.00000000000001,-129.59942005953394,0.7600729132983961,2.5,-0.030597270330075844,0.05175106253111376,0.1677328870668438,0.7697232979395818,-0.45,0.08000000000000002,0.593739604125453,3,LUBRICATION_DEGRADATION,1.0,2026-01-01T00:02:00+00:00,True
2026-01-01T00:05:00Z,ENG-DATASET-003,MSN-LUBRICATION_DEGRADATION-003,TAKEOFF,500.0,10.0,0.8940660360109062,0.7559339639890938,5177.024971793165,1124.6417635561982,143.19817704619487,82.61650524830591,253.82182313157125,33.26517653862822,11.778842296370218,14.2,5229.884477511681,1104.6417635561982,125.19817704619486,47.616505248305906,461.49422387558405,30.80108938761872,9.278842296370218,-52.85950571851663,20.0,18.000000000000014,35.00000000000001,-207.6724007440128,2.4640871510094975,2.5,-0.010107203313153595,0.018105417212919372,0.14377206142033908,0.7350392435876052,-0.44999999999999996,0.08,0.2694301638231283,3,LUBRICATION_DEGRADATION,1.0,2026-01-01T00:02:00+00:00,True
2026-01-01T00:00:01Z,ENG-DATASET-004,MSN-LUBRICATION_DEGRADATION-004,TAKEOFF,4000.0,23.0,0.9037402420015569,0.7462597579984431,5176.19353566915,913.5725473876976,54.83931368469244,30.444802805571605,458.8096767834575,19.185658285074343,9.376516841614404,14.2,5176.19353566915,913.5725473876976,54.83931368469244,30.444802805571605,458.8096767834575,19.185658285074343,9.376516841614404,0.0,0.0,0.0,0.0,0.0,0.0,0.0,0.0,0.0,0.0,0.0,0.0,0.0,0.0,4,LUBRICATION_DEGRADATION,0.0,2026-01-01T00:02:00+00:00,False
2026-01-01T00:00:02Z,ENG-DATASET-004,MSN-LUBRICATION_DEGRADATION-004,TAKEOFF,4000.0,23.0,0.9074221187776357,0.7425778812223643,5196.443857937584,916.8180136069178,74.57583265639614,32.798388278877624,459.8221928968792,19.27409027791807,8.848259694613242,14.2,5196.443857937584,916.8180136069178,74.57583265639614,32.798388278877624,459.8221928968792,19.27409027791807,8.848259694613242,0.0,0.0,0.0,0.0,0.0,0.0,0.0,0.0,0.0,0.0,0.0,0.0,0.0,0.0,4,LUBRICATION_DEGRADATION,0.0,2026-01-01T00:02:00+00:00,False
2026-01-01T00:00:03Z,ENG-DATASET-004,MSN-LUBRICATION_DEGRADATION-004,TAKEOFF,4000.0,23.0,0.9109881758725814,0.7390118241274186,5216.057171959785,919.9662241927343,92.41740499557488,35.06419829234952,460.80285859798926,19.359857643864302,8.937566826325712,14.2,5216.057171959785,919.9662241927343,92.41740499557488,35.06419829234952,460.80285859798926,19.359857643864302,8.937566826325712,0.0,0.0,0.0,0.0,0.0,0.0,0.0,0.0,0.0,0.0,0.0,0.0,0.0,0.0,4,LUBRICATION_DEGRADATION,0.0,2026-01-01T00:02:00+00:00,False
2026-01-01T00:00:04Z,ENG-DATASET-004,MSN-LUBRICATION_DEGRADATION-004,TAKEOFF,4000.0,23.0,0.9143827661581261,0.7356172338418739,5234.72741853028,922.9674891924964,108.54985172582981,37.24543767364959,461.73637092651404,19.441608368941143,9.548073560417055,14.2,5234.72741853028,922.9674891924964,108.54985172582981,37.24543767364959,461.73637092651404,19.441608368941143,9.548073560417055,0.0,0.0,0.0,0.0,0.0,0.0,0.0,0.0,0.0,0.0,0.0,0.0,0.0,0.0,4,LUBRICATION_DEGRADATION,0.0,2026-01-01T00:02:00+00:00,False
2026-01-01T00:00:05Z,ENG-DATASET-004,MSN-LUBRICATION_DEGRADATION-004,TAKEOFF,4000.0,23.0,0.9175529181882139,0.7324470818117861,5252.1632546957635,925.7742303836657,123.13922231283847,39.34508846546567,462.6081627347882,19.51804872539654,9.835186623361407,14.2,5252.1632546957635,925.7742303836657,123.13922231283847,39.34508846546567,462.6081627347882,19.51804872539654,9.835186623361407,0.0,0.0,0.0,0.0,0.0,0.0,0.0,0.0,0.0,0.0,0.0,0.0,0.0,0.0,4,LUBRICATION_DEGRADATION,0.0,2026-01-01T00:02:00+00:00,False
2026-01-01T00:00:06Z,ENG-DATASET-004,MSN-LUBRICATION_DEGRADATION-004,TAKEOFF,4000.0,23.0,0.9204491628007,0.7295508371993,5268.092600064437,928.3417697771247,136.33384432598274,41.36592509098855,463.4046300032218,19.587964575707407,9.415643192038608,14.2,5268.092600064437,928.3417697771247,136.33384432598274,41.36592509098855,463.4046300032218,19.587964575707407,9.415643192038608,0.0,0.0,0.0,0.0,0.0,0.0,0.0,0.0,0.0,0.0,0.0,0.0,0.0,0.0,4,LUBRICATION_DEGRADATION,0.0,2026-01-01T00:02:00+00:00,False
2026-01-01T00:00:07Z,ENG-DATASET-004,MSN-LUBRICATION_DEGRADATION-004,TAKEOFF,4000.0,23.0,0.9230263050670808,0.7269736949329192,5282.266882529531,930.6290815862345,148.26618693304033,43.3105302912519,464.1133441264766,19.65024164592087,8.916164066740482,14.2,5282.266882529531,930.6290815862345,148.26618693304033,43.3105302912519,464.1133441264766,19.65024164592087,8.916164066740482,0.0,0.0,0.0,0.0,0.0,0.0,0.0,0.0,0.0,0.0,0.0,0.0,0.0,0.0,4,LUBRICATION_DEGRADATION,0.0,2026-01-01T00:02:00+00:00,False
2026-01-01T00:00:08Z,ENG-DATASET-004,MSN-LUBRICATION_DEGRADATION-004,TAKEOFF,4000.0,23.0,0.925244129544237,0.7247558704557631,5294.46491715389,932.5994925103455,159.05455555249495,45.181311684356785,464.7232458576945,19.70388436919117,9.075165776728747,14.2,5294.46491715389,932.5994925103455,159.05455555249495,45.181311684356785,464.7232458576945,19.70388436919117,9.075165776728747,0.0,0.0,0.0,0.0,0.0,0.0,0.0,0.0,0.0,0.0,0.0,0.0,0.0,0.0,4,LUBRICATION_DEGRADATION,0.0,2026-01-01T00:02:00+00:00,False
2026-01-01T00:00:09Z,ENG-DATASET-004,MSN-LUBRICATION_DEGRADATION-004,TAKEOFF,4000.0,23.0,0.9270680278229729,0.7229319721770271,5304.496357686938,934.2213156154222,168.80463288763102,46.9805187829495,465.2248178843469,19.74803291366156,9.684493038802128,14.2,5304.496357686938,934.2213156154222,168.80463288763102,46.9805187829495,465.2248178843469,19.74803291366156,9.684493038802128,0.0,0.0,0.0,0.0,0.0,0.0,0.0,0.0,0.0,0.0,0.0,0.0,0.0,0.0,4,LUBRICATION_DEGRADATION,0.0,2026-01-01T00:02:00+00:00,False
2026-01-01T00:00:10Z,ENG-DATASET-004,MSN-LUBRICATION_DEGRADATION-004,TAKEOFF,4000.0,23.0,0.9284695385806676,0.7215304614193324,5312.204666854259,935.4684040009291,177.61087969889115,48.71026029538011,465.61023334271295,19.781978034031074,9.88733124252819,14.2,5312.204666854259,935.4684040009291,177.61087969889115,48.71026029538011,465.61023334271295,19.781978034031074,9.88733124252819,0.0,0.0,0.0,0.0,0.0,0.0,0.0,0.0,0.0,0.0,0.0,0.0,0.0,0.0,4,LUBRICATION_DEGRADATION,0.0,2026-01-01T00:02:00+00:00,False
2026-01-01T00:00:11Z,ENG-DATASET-004,MSN-LUBRICATION_DEGRADATION-004,TAKEOFF,4000.0,23.0,0.9294267917106946,0.7205732082893054,5317.469559069408,936.320611820239,185.557807024508,50.372521527902826,465.8734779534704,19.805173423168974,9.405491788032343,14.2,5317.469559069408,936.320611820239,185.557807024508,50.372521527902826,465.8734779534704,19.805173423168974,9.405491788032343,0.0,0.0,0.0,0.0,0.0,0.0,0.0,0.0,0.0,0.0,0.0,0.0,0.0,0.0,4,LUBRICATION_DEGRADATION,0.0,2026-01-01T00:02:00+00:00,False
2026-01-01T00:00:12Z,ENG-DATASET-004,MSN-LUBRICATION_DEGRADATION-004,TAKEOFF,4000.0,23.0,0.9299248495981216,0.7200751504018784,5320.208877450255,936.7641520455372,192.72113012319565,51.969181700209326,466.0104438725128,19.81724528830743,8.937772416492576,14.2,5320.208877450255,936.7641520455372,192.72113012319565,51.969181700209326,466.0104438725128,19.81724528830743,8.937772416492576,0.0,0.0,0.0,0.0,0.0,0.0,0.0,0.0,0.0,0.0,0.0,0.0,0.0,0.0,4,LUBRICATION_DEGRADATION,0.0,2026-01-01T00:02:00+00:00,False
2026-01-01T00:00:13Z,ENG-DATASET-004,MSN-LUBRICATION_DEGRADATION-004,TAKEOFF,4000.0,23.0,0.929955940216195,0.720044059783805,5320.37987584966,936.7918425866942,199.16881317554345,53.50203098458441,466.018993792483,19.8179989343623,9.158674418824706,14.2,5320.37987584966,936.7918425866942,199.16881317554345,53.50203098458441,466.018993792483,19.8179989343623,9.158674418824706,0.0,0.0,0.0,0.0,0.0,0.0,0.0,0.0,0.0,0.0,0.0,0.0,0.0,0.0,4,LUBRICATION_DEGRADATION,0.0,2026-01-01T00:02:00+00:00,False
2026-01-01T00:00:14Z,ENG-DATASET-004,MSN-LUBRICATION_DEGRADATION-004,TAKEOFF,4000.0,23.0,0.9295195784062181,0.7204804215937819,5317.979885894787,936.403234913163,204.96201273081817,54.972787080066674,465.89899429473934,19.807422202951717,9.751992239949626,14.2,5317.979885894787,936.403234913163,204.96201273081817,54.972787080066674,465.89899429473934,19.807422202951717,9.751992239949626,0.0,0.0,0.0,0.0,0.0,0.0,0.0,0.0,0.0,0.0,0.0,0.0,0.0,0.0,4,LUBRICATION_DEGRADATION,0.0,2026-01-01T00:02:00+00:00,False
2026-01-01T00:00:15Z,ENG-DATASET-004,MSN-LUBRICATION_DEGRADATION-004,TAKEOFF,4000.0,23.0,0.9286225734482908,0.7213774265517092,5313.046358626187,935.6046220959128,210.15592701013418,56.38311113716192,465.65231793130937,19.785685687384323,9.863829174430943,14.2,5313.046358626187,935.6046220959128,210.15592701013418,56.38311113716192,465.65231793130937,19.785685687384323,9.863829174430943,0.0,0.0,0.0,0.0,0.0,0.0,0.0,0.0,0.0,0.0,0.0,0.0,0.0,0.0,4,LUBRICATION_DEGRADATION,0.0,2026-01-01T00:02:00+00:00,False
2026-01-01T00:00:16Z,ENG-DATASET-004,MSN-LUBRICATION_DEGRADATION-004,TAKEOFF,4000.0,23.0,0.9272789228047704,0.7227210771952296,5305.656280086825,934.4089260760547,214.80055746102212,57.73462285582421,465.2828140043413,19.753139718618687,9.326014673806833,14.2,5305.656280086825,934.4089260760547,214.80055746102212,57.73462285582421,465.2828140043413,19.753139718618687,9.326014673806833,0.0,0.0,0.0,0.0,0.0,0.0,0.0,0.0,0.0,0.0,0.0,0.0,0.0,0.0,4,LUBRICATION_DEGRADATION,0.0,2026-01-01T00:02:00+00:00,False
2026-01-01T00:00:17Z,ENG-DATASET-004,MSN-LUBRICATION_DEGRADATION-004,TAKEOFF,4000.0,23.0,0.9255095936945535,0.7244904063054465,5295.924969980631,932.8354668641584,218.94138838652387,59.02891458947177,464.7962484990316,19.710308192116262,8.89716216413342,14.2,5295.924969980631,932.8354668641584,218.94138838652387,59.02891458947177,464.7962484990316,19.710308192116262,8.89716216413342,0.0,0.0,0.0,0.0,0.0,0.0,0.0,0.0,0.0,0.0,0.0,0.0,0.0,0.0,4,LUBRICATION_DEGRADATION,0.0,2026-01-01T00:02:00+00:00,False
2026-01-01T00:00:18Z,ENG-DATASET-004,MSN-LUBRICATION_DEGRADATION-004,TAKEOFF,4000.0,23.0,0.9233421959066377,0.7266578040933623,5284.004282147094,930.9096191647211,222.6199900269895,60.267564300580716,464.2002141073547,19.657879377772563,9.17600777881795,14.2,5284.004282147094,930.9096191647211,222.6199900269895,60.267564300580716,464.2002141073547,19.657879377772563,9.17600777881795,0.0,0.0,0.0,0.0,0.0,0.0,0.0,0.0,0.0,0.0,0.0,0.0,0.0,0.0,4,LUBRICATION_DEGRADATION,0.0,2026-01-01T00:02:00+00:00,False
2026-01-01T00:00:19Z,ENG-DATASET-004,MSN-LUBRICATION_DEGRADATION-004,TAKEOFF,4000.0,23.0,0.9208105509585982,0.7291894490414018,5270.080234932878,928.662364495844,225.87455013668665,61.45214722869524,463.5040117466439,19.59669392202737,9.743860223479869,14.2,5270.080234932878,928.662364495844,225.87455013668665,61.45214722869524,463.5040117466439,19.59669392202737,9.743860223479869,0.0,0.0,0.0,0.0,0.0,0.0,0.0,0.0,0.0,0.0,0.0,0.0,0.0,0.0,4,LUBRICATION_DEGRADATION,0.0,2026-01-01T00:02:00+00:00,False
2026-01-01T00:00:20Z,ENG-DATASET-004,MSN-LUBRICATION_DEGRADATION-004,TAKEOFF,4000.0,23.0,0.9179541643231187,0.7320458356768813,5254.37010843774,926.1297491400043,228.7403388515181,62.58424614926468,462.718505421887,19.52773031045415,9.764749136330707,14.2,5254.37010843774,926.1297491400043,228.7403388515181,62.58424614926468,462.718505421887,19.52773031045415,9.764749136330707,0.0,0.0,0.0,0.0,0.0,0.0,0.0,0.0,0.0,0.0,0.0,0.0,0.0,0.0,4,LUBRICATION_DEGRADATION,0.0,2026-01-01T00:02:00+00:00,False
2026-01-01T00:00:21Z,ENG-DATASET-004,MSN-LUBRICATION_DEGRADATION-004,TAKEOFF,4000.0,23.0,0.9148176089583027,0.7351823910416974,5237.119053931252,923.3522601413713,231.25011146990056,63.665460121288454,461.8559526965626,19.452088108691488,9.183449340000237,14.2,5237.119053931252,923.3522601413713,231.25011146990056,63.665460121288454,461.8559526965626,19.452088108691488,9.183449340000237,0.0,0.0,0.0,0.0,0.0,0.0,0.0,0.0,0.0,0.0,0.0,0.0,0.0,0.0,4,LUBRICATION_DEGRADATION,0.0,2026-01-01T00:02:00+00:00,False
2026-01-01T00:00:22Z,ENG-DATASET-004,MSN-LUBRICATION_DEGRADATION-004,TAKEOFF,4000.0,23.0,0.91144982976157,0.7385501702384301,5218.596268349222,920.3741330044134,233.43445364802085,64.69741164300854,460.9298134174611,19.370969338134355,8.804995376295334,14.2,5218.596268349222,920.3741330044134,233.43445364802085,64.69741164300854,460.9298134174611,19.370969338134355,8.804995376295334,0.0,0.0,0.0,0.0,0.0,0.0,0.0,0.0,0.0,0.0,0.0,0.0,0.0,0.0,4,LUBRICATION_DEGRADATION,0.0,2026-01-01T00:02:00+00:00,False
2026-01-01T00:00:23Z,ENG-DATASET-004,MSN-LUBRICATION_DEGRADATION-004,TAKEOFF,4000.0,23.0,0.9079033798009026,0.7420966201990974,5199.090793565551,917.2426057182541,235.3220734261751,65.68175215750149,459.95453967827757,19.285658369582208,9.141761627546815,14.2,5199.090793565551,917.2426057182541,235.3220734261751,65.68175215750149,459.95453967827757,19.285658369582208,9.141761627546815,0.0,0.0,0.0,0.0,0.0,0.0,0.0,0.0,0.0,0.0,0.0,0.0,0.0,0.0,4,LUBRICATION_DEGRADATION,0.0,2026-01-01T00:02:00+00:00,False
2026-01-01T00:00:24Z,ENG-DATASET-004,MSN-LUBRICATION_DEGRADATION-004,TAKEOFF,4000.0,23.0,0.904233600241796,0.745766399758204,5178.907005990465,914.0071342270725,236.9400444392344,66.62016587363061,458.9453502995233,19.197500732889292,9.679861472499216,14.2,5178.907005990465,914.0071342270725,236.9400444392344,66.62016587363061,458.9453502995233,19.197500732889292,9.679861472499216,0.0,0.0,0.0,0.0,0.0,0.0,0.0,0.0,0.0,0.0,0.0,0.0,0.0,0.0,4,LUBRICATION_DEGRADATION,0.0,2026-01-01T00:02:00+00:00,False
2026-01-01T00:00:25Z,ENG-DATASET-004,MSN-LUBRICATION_DEGRADATION-004,TAKEOFF,4000.0,23.0,0.9004977567668805,0.7495022432331195,5158.35986687843,910.7185845083613,238.31400460802,67.51437189205221,457.9179933439215,19.107881244009647,9.615870264432385,14.2,5158.35986687843,910.7185845083613,238.31400460802,67.51437189205221,457.9179933439215,19.107881244009647,9.615870264432385,0.0,0.0,0.0,0.0,0.0,0.0,0.0,0.0,0.0,0.0,0.0,0.0,0.0,0.0,4,LUBRICATION_DEGRADATION,0.0,2026-01-01T00:02:00+00:00,False
2026-01-01T00:00:26Z,ENG-DATASET-004,MSN-LUBRICATION_DEGRADATION-004,TAKEOFF,4000.0,23.0,0.8967541459640967,0.7532458540359033,5137.770007463119,907.4284160484137,239.46831454842837,68.36612465044627,456.888500373156,19.0182018436159,9.008379426914876,14.2,5137.770007463119,907.4284160484137,239.46831454842837,68.36612465044627,456.888500373156,19.0182018436159,9.008379426914876,0.0,0.0,0.0,0.0,0.0,0.0,0.0,0.0,0.0,0.0,0.0,0.0,0.0,0.0,4,LUBRICATION_DEGRADATION,0.0,2026-01-01T00:02:00+00:00,False
2026-01-01T00:00:27Z,ENG-DATASET-004,MSN-LUBRICATION_DEGRADATION-004,TAKEOFF,4000.0,23.0,0.8930611856279393,0.7569388143720607,5117.458725614253,904.1878707752203,240.42617986296602,69.1772127264757,455.8729362807127,18.929859525055562,8.694570264197308,14.2,5117.458725614253,904.1878707752203,240.42617986296602,69.1772127264757,455.8729362807127,18.929859525055562,8.694570264197308,0.0,0.0,0.0,0.0,0.0,0.0,0.0,0.0,0.0,0.0,0.0,0.0,0.0,0.0,4,LUBRICATION_DEGRADATION,0.0,2026-01-01T00:02:00+00:00,False
2026-01-01T00:00:28Z,ENG-DATASET-004,MSN-LUBRICATION_DEGRADATION-004,TAKEOFF,4000.0,23.0,0.8894765031693115,0.7605234968306887,5097.7429720918,901.047180492227,241.2097413889751,69.94945606078784,454.88714860459004,18.84422470544698,9.091322097998589,14.2,5097.7429720918,901.047180492227,241.2097413889751,69.94945606078784,454.88714860459004,18.84422470544698,9.091322097998589,0.0,0.0,0.0,0.0,0.0,0.0,0.0,0.0,0.0,0.0,0.0,0.0,0.0,0.0,4,LUBRICATION_DEGRADATION,0.0,2026-01-01T00:02:00+00:00,False
2026-01-01T00:00:29Z,ENG-DATASET-004,MSN-LUBRICATION_DEGRADATION-004,TAKEOFF,4000.0,23.0,0.8860560363590517,0.7639439636409483,5078.930404635372,898.0548046280023,241.84013736577765,70.6847016852806,453.9465202317686,18.762620364038227,9.598469811331354,14.2,5078.930404635372,898.0548046280023,241.84013736577765,70.6847016852806,453.9465202317686,18.762620364038227,9.598469811331354,0.0,0.0,0.0,0.0,0.0,0.0,0.0,0.0,0.0,0.0,0.0,0.0,0.0,0.0,4,LUBRICATION_DEGRADATION,0.0,2026-01-01T00:02:00+00:00,False
2026-01-01T00:00:30Z,ENG-DATASET-004,MSN-LUBRICATION_DEGRADATION-004,CLIMB,6000.0,23.0,0.7628531604377298,0.6671468395622704,4422.774840920797,633.457502053989,235.7925611805496,70.7694276029958,421.13874204603985,12.664034634257249,8.301331589501512,14.2,4422.774840920797,633.457502053989,235.7925611805496,70.7694276029958,421.13874204603985,12.664034634257249,8.301331589501512,0.0,0.0,0.0,0.0,0.0,0.0,0.0,0.0,0.0,0.0,0.0,0.0,0.0,0.0,4,LUBRICATION_DEGRADATION,0.0,2026-01-01T00:02:00+00:00,False
2026-01-01T00:00:31Z,ENG-DATASET-004,MSN-LUBRICATION_DEGRADATION-004,CLIMB,6000.0,23.0,0.7599178552128679,0.6700821447871321,4406.630662184058,631.5893363736828,230.30303847183671,70.84617806958856,420.3315331092029,12.610956890675833,7.686772473917217,14.2,4406.630662184058,631.5893363736828,230.30303847183671,70.84617806958856,420.3315331092029,12.610956890675833,7.686772473917217,0.0,0.0,0.0,0.0,0.0,0.0,0.0,0.0,0.0,0.0,0.0,0.0,0.0,0.0,4,LUBRICATION_DEGRADATION,0.0,2026-01-01T00:02:00+00:00,False
2026-01-01T00:00:32Z,ENG-DATASET-004,MSN-LUBRICATION_DEGRADATION-004,CLIMB,6000.0,23.0,0.7572959251407622,0.6727040748592379,4392.210046787475,629.9226281904309,225.32080032941383,70.91576175177994,419.61050233937374,12.56359447567623,7.451449614109771,14.2,4392.210046787475,629.9226281904309,225.32080032941383,70.91576175177994,419.61050233937374,12.56359447567623,7.451449614109771,0.0,0.0,0.0,0.0,0.0,0.0,0.0,0.0,0.0,0.0,0.0,0.0,0.0,0.0,4,LUBRICATION_DEGRADATION,0.0,2026-01-01T00:02:00+00:00,False
2026-01-01T00:00:33Z,ENG-DATASET-004,MSN-LUBRICATION_DEGRADATION-004,CLIMB,6000.0,23.0,0.7550282845632604,0.6749717154367396,4379.738023611216,628.4826627047977,220.8007868640924,70.97901889828131,418.98690118056084,12.52266894396212,7.909282705204241,14.2,4379.738023611216,628.4826627047977,220.8007868640924,70.97901889828131,418.98690118056084,12.52266894396212,7.909282705204241,0.0,0.0,0.0,0.0,0.0,0.0,0.0,0.0,0.0,0.0,0.0,0.0,0.0,0.0,4,LUBRICATION_DEGRADATION,0.0,2026-01-01T00:02:00+00:00,False
2026-01-01T00:00:34Z,ENG-DATASET-004,MSN-LUBRICATION_DEGRADATION-004,CLIMB,6000.0,23.0,0.7531503192531426,0.6768496807468575,4369.409214405567,627.2912149139611,216.70298855053218,71.03681143812557,418.4704607202783,12.488802084103849,8.384261637793008,14.2,4369.409214405567,627.2912149139611,216.70298855053218,71.03681143812557,418.4704607202783,12.488802084103849,8.384261637793008,0.0,0.0,0.0,0.0,0.0,0.0,0.0,0.0,0.0,0.0,0.0,0.0,0.0,0.0,4,LUBRICATION_DEGRADATION,0.0,2026-01-01T00:02:00+00:00,False
2026-01-01T00:00:35Z,ENG-DATASET-004,MSN-LUBRICATION_DEGRADATION-004,CLIMB,6000.0,23.0,0.7516913342309711,0.6783086657690289,4361.384796783625,626.3662524743754,212.99184600733835,71.09001261227891,418.06923983918125,12.462507249025732,8.179263107635975,14.2,4361.384796783625,626.3662524743754,212.99184600733835,71.09001261227891,418.06923983918125,12.462507249025732,8.179263107635975,0.0,0.0,0.0,0.0,0.0,0.0,0.0,0.0,0.0,0.0,0.0,0.0,0.0,0.0,4,LUBRICATION_DEGRADATION,0.0,2026-01-01T00:02:00+00:00,False
2026-01-01T00:00:36Z,ENG-DATASET-004,MSN-LUBRICATION_DEGRADATION-004,CLIMB,6000.0,23.0,0.7506740964700471,0.6793259035299529,4355.789989098543,625.7216935408873,209.6357037451267,71.13949630546469,417.7894994549272,12.444182271138384,7.57506172969035,14.2,4355.789989098543,625.7216935408873,209.6357037451267,71.13949630546469,417.7894994549272,12.444182271138384,7.57506172969035,0.0,0.0,0.0,0.0,0.0,0.0,0.0,0.0,0.0,0.0,0.0,0.0,0.0,0.0,4,LUBRICATION_DEGRADATION,0.0,2026-01-01T00:02:00+00:00,False
2026-01-01T00:00:37Z,ENG-DATASET-004,MSN-LUBRICATION_DEGRADATION-004,CLIMB,6000.0,23.0,0.7501144796254057,0.6798855203745944,4352.712096453014,625.3672210686765,206.60631389733095,71.18612624960328,417.63560482265075,12.434104017138353,7.428272730103896,14.2,4352.712096453014,625.3672210686765,206.60631389733095,71.18612624960328,417.63560482265075,12.434104017138353,7.428272730103896,0.0,0.0,0.0,0.0,0.0,0.0,0.0,0.0,0.0,0.0,0.0,0.0,0.0,0.0,4,LUBRICATION_DEGRADATION,0.0,2026-01-01T00:02:00+00:00,False
2026-01-01T00:00:38Z,ENG-DATASET-004,MSN-LUBRICATION_DEGRADATION-004,CLIMB,6000.0,23.0,0.7500212163307387,0.6799787836692613,4352.199148332346,625.3081545954711,203.87838637248464,71.23074527207841,417.60995741661736,12.43242462189565,7.944240776317435,14.2,4352.199148332346,625.3081545954711,203.87838637248464,71.23074527207841,417.60995741661736,12.43242462189565,7.944240776317435,0.0,0.0,0.0,0.0,0.0,0.0,0.0,0.0,0.0,0.0,0.0,0.0,0.0,0.0,4,LUBRICATION_DEGRADATION,0.0,2026-01-01T00:02:00+00:00,False
2026-01-01T00:00:39Z,ENG-DATASET-004,MSN-LUBRICATION_DEGRADATION-004,CLIMB,6000.0,23.0,0.7503957619285668,0.6796042380714332,4354.259149120401,625.5453801430695,201.42918223881293,71.27416476115114,417.71295745602004,12.43916942720959,8.38292501872241,14.2,4354.259149120401,625.5453801430695,201.42918223881293,71.27416476115114,417.71295745602004,12.43916942720959,8.38292501872241,0.0,0.0,0.0,0.0,0.0,0.0,0.0,0.0,0.0,0.0,0.0,0.0,0.0,0.0,4,LUBRICATION_DEGRADATION,0.0,2026-01-01T00:02:00+00:00,False
2026-01-01T00:00:40Z,ENG-DATASET-004,MSN-LUBRICATION_DEGRADATION-004,CLIMB,6000.0,23.0,0.7512322717601059,0.6787677282398942,4358.859953193865,626.0753385652408,199.23814747906266,71.31715451727274,417.9429976596933,12.45423663902259,8.119150469936628,14.2,4358.859953193865,626.0753385652408,199.23814747906266,71.31715451727274,417.9429976596933,12.45423663902259,8.119150469936628,0.0,0.0,0.0,0.0,0.0,0.0,0.0,0.0,0.0,0.0,0.0,0.0,0.0,0.0,4,LUBRICATION_DEGRADATION,0.0,2026-01-01T00:02:00+00:00,False
2026-01-01T00:00:41Z,ENG-DATASET-004,MSN-LUBRICATION_DEGRADATION-004,CLIMB,6000.0,23.0,0.7525176923692127,0.6774823076307873,4365.9297665439535,626.8900723948319,197.2865845410272,71.3604331528512,418.2964883271977,12.47739870531602,7.5382292087814955,14.2,4365.9297665439535,626.8900723948319,197.2865845410272,71.3604331528512,418.2964883271977,12.47739870531602,7.5382292087814955,0.0,0.0,0.0,0.0,0.0,0.0,0.0,0.0,0.0,0.0,0.0,0.0,0.0,0.0,4,LUBRICATION_DEGRADATION,0.0,2026-01-01T00:02:00+00:00,False
2026-01-01T00:00:42Z,ENG-DATASET-004,MSN-LUBRICATION_DEGRADATION-004,CLIMB,6000.0,23.0,0.7542319651972023,0.6757680348027978,4375.358267097896,627.9773309750184,195.55735936129994,71.40465919430027,418.7679133548948,12.50830540568582,7.483817544906461,14.2,4375.358267097896,627.9773309750184,195.55735936129994,71.40465919430027,418.7679133548948,12.50830540568582,7.483817544906461,0.0,0.0,0.0,0.0,0.0,0.0,0.0,0.0,0.0,0.0,0.0,0.0,0.0,0.0,4,LUBRICATION_DEGRADATION,0.0,2026-01-01T00:02:00+00:00,False
2026-01-01T00:00:43Z,ENG-DATASET-004,MSN-LUBRICATION_DEGRADATION-004,CLIMB,6000.0,23.0,0.7563483395899472,0.6736516604100529,4386.998326257993,629.3207333663456,194.0346417593286,71.45042302908003,419.3499163128996,12.54648863181298,8.049052532133354,14.2,4386.998326257993,629.3207333663456,194.0346417593286,71.45042302908003,419.3499163128996,12.54648863181298,8.049052532133354,0.0,0.0,0.0,0.0,0.0,0.0,0.0,0.0,0.0,0.0,0.0,0.0,0.0,0.0,4,LUBRICATION_DEGRADATION,0.0,2026-01-01T00:02:00+00:00,False
2026-01-01T00:00:44Z,ENG-DATASET-004,MSN-LUBRICATION_DEGRADATION-004,CLIMB,6000.0,23.0,0.7588337902328882,0.6711662097671118,4400.668304794169,630.8999881724268,192.7036772877064,71.49823982709819,420.03341523970846,12.591368825049527,8.442879858937019,14.2,4400.668304794169,630.8999881724268,192.7036772877064,71.49823982709819,420.03341523970846,12.591368825049527,8.442879858937019,0.0,0.0,0.0,0.0,0.0,0.0,0.0,0.0,0.0,0.0,0.0,0.0,0.0,0.0,4,LUBRICATION_DEGRADATION,0.0,2026-01-01T00:02:00+00:00,False
2026-01-01T00:00:45Z,ENG-DATASET-004,MSN-LUBRICATION_DEGRADATION-004,CLIMB,6000.0,23.0,0.7616495325000231,0.668350467499977,4416.15488726341,632.6911689967933,191.5505887838556,71.54854355048803,420.8077443631705,12.642263022572575,8.123085586751438,14.2,4416.15488726341,632.6911689967933,191.5505887838556,71.54854355048803,420.8077443631705,12.642263022572575,8.123085586751438,0.0,0.0,0.0,0.0,0.0,0.0,0.0,0.0,0.0,0.0,0.0,0.0,0.0,0.0,4,LUBRICATION_DEGRADATION,0.0,2026-01-01T00:02:00+00:00,False
2026-01-01T00:00:46Z,ENG-DATASET-004,MSN-LUBRICATION_DEGRADATION-004,CLIMB,6000.0,23.0,0.7647516276750222,0.6652483723249778,4433.216410725906,634.6670437111185,190.562205998248,71.60168214865321,421.6608205362953,12.698394446593287,7.572769341951377,14.2,4433.216410725906,634.6670437111185,190.562205998248,71.60168214865321,421.6608205362953,12.698394446593287,7.572769341951377,0.0,0.0,0.0,0.0,0.0,0.0,0.0,0.0,0.0,0.0,0.0,0.0,0.0,0.0,4,LUBRICATION_DEGRADATION,0.0,2026-01-01T00:02:00+00:00,False
2026-01-01T00:00:47Z,ENG-DATASET-004,MSN-LUBRICATION_DEGRADATION-004,CLIMB,6000.0,23.0,0.7680916686002026,0.6619083313997974,4451.586635814398,636.7974550682611,189.72592177512973,71.65791401683738,422.5793317907199,12.758903551702604,7.607830102986433,14.2,4451.586635814398,636.7974550682611,189.72592177512973,71.65791401683738,422.5793317907199,12.758903551702604,7.607830102986433,0.0,0.0,0.0,0.0,0.0,0.0,0.0,0.0,0.0,0.0,0.0,0.0,0.0,0.0,4,LUBRICATION_DEGRADATION,0.0,2026-01-01T00:02:00+00:00,False
2026-01-01T00:00:48Z,ENG-DATASET-004,MSN-LUBRICATION_DEGRADATION-004,CLIMB,6000.0,23.0,0.7716175350540323,0.6583824649459677,4470.978901310461,639.0497494288759,189.02957333333865,71.7174057766283,423.54894506552307,12.822860423566365,8.207618890810426,14.2,4470.978901310461,639.0497494288759,189.02957333333865,71.7174057766283,423.54894506552307,12.822860423566365,8.207618890810426,0.0,0.0,0.0,0.0,0.0,0.0,0.0,0.0,0.0,0.0,0.0,0.0,0.0,0.0,4,LUBRICATION_DEGRADATION,0.0,2026-01-01T00:02:00+00:00,False
2026-01-01T00:00:49Z,ENG-DATASET-004,MSN-LUBRICATION_DEGRADATION-004,CLIMB,6000.0,23.0,0.7752742070697557,0.6547257929302444,4491.090597396939,641.3892494944482,188.461347237366,71.78023141605215,424.554529869847,12.889278398064954,8.544060445097694,14.2,4491.090597396939,641.3892494944482,188.461347237366,71.78023141605215,424.554529869847,12.889278398064954,8.544060445097694,0.0,0.0,0.0,0.0,0.0,0.0,0.0,0.0,0.0,0.0,0.0,0.0,0.0,0.0,4,LUBRICATION_DEGRADATION,0.0,2026-01-01T00:02:00+00:00,False
2026-01-01T00:00:50Z,ENG-DATASET-004,MSN-LUBRICATION_DEGRADATION-004,CLIMB,6000.0,23.0,0.7790046235035734,0.6509953764964267,4511.607887782937,643.7797659702183,188.00970666288487,71.84637280557688,425.5803943891468,12.957128744079732,8.16752917376726,14.2,4511.607887782937,643.7797659702183,188.00970666288487,71.84637280557688,425.5803943891468,12.957128744079732,8.16752917376726,0.0,0.0,0.0,0.0,0.0,0.0,0.0,0.0,0.0,0.0,0.0,0.0,0.0,0.0,4,LUBRICATION_DEGRADATION,0.0,2026-01-01T00:02:00+00:00,False
2026-01-01T00:00:51Z,ENG-DATASET-004,MSN-LUBRICATION_DEGRADATION-004,CLIMB,6000.0,23.0,0.7827505724547054,0.6472494275452947,4532.210607014162,646.1841420469038,187.66333954776897,71.91572158475675,426.61053035070813,13.025356226185114,7.650511407902353,14.2,4532.210607014162,646.1841420469038,187.66333954776897,71.91572158475675,426.61053035070813,13.025356226185114,7.650511407902353,0.0,0.0,0.0,0.0,0.0,0.0,0.0,0.0,0.0,0.0,0.0,0.0,0.0,0.0,4,LUBRICATION_DEGRADATION,0.0,2026-01-01T00:02:00+00:00,False
2026-01-01T00:00:52Z,ENG-DATASET-004,MSN-LUBRICATION_DEGRADATION-004,CLIMB,6000.0,23.0,0.7864535996426345,0.6435464003573655,4552.577256547773,648.5648235290136,187.4111261812174,71.98808239275058,427.6288628273886,13.092895336475372,7.766902622265199,14.2,4552.577256547773,648.5648235290136,187.4111261812174,71.98808239275058,427.6288628273886,13.092895336475372,7.766902622265199,0.0,0.0,0.0,0.0,0.0,0.0,0.0,0.0,0.0,0.0,0.0,0.0,0.0,0.0,4,LUBRICATION_DEGRADATION,0.0,2026-01-01T00:02:00+00:00,False
2026-01-01T00:00:53Z,ENG-DATASET-004,MSN-LUBRICATION_DEGRADATION-004,CLIMB,6000.0,23.0,0.7900559205666026,0.6399440794333975,4572.390021629597,650.8844463970554,187.24212472302204,72.06317739486836,428.6195010814798,13.158686958802852,8.382748537507277,14.2,4572.390021629597,650.8844463970554,187.24212472302204,72.06317739486836,428.6195010814798,13.158686958802852,8.382748537507277,0.0,0.0,0.0,0.0,0.0,0.0,0.0,0.0,0.0,0.0,0.0,0.0,0.0,0.0,4,LUBRICATION_DEGRADATION,0.0,2026-01-01T00:02:00+00:00,False
2026-01-01T00:00:54Z,ENG-DATASET-004,MSN-LUBRICATION_DEGRADATION-004,CLIMB,6000.0,23.0,0.7935013222134185,0.6364986777865815,4591.339730687085,653.1064326248872,187.14557306634202,72.14065203697457,429.5669865343542,13.221695205144462,8.647646371988518,14.2,4591.339730687085,653.1064326248872,187.14557306634202,72.14065203697457,429.5669865343542,13.221695205144462,8.647646371988518,0.0,0.0,0.0,0.0,0.0,0.0,0.0,0.0,0.0,0.0,0.0,0.0,0.0,0.0,4,LUBRICATION_DEGRADATION,0.0,2026-01-01T00:02:00+00:00,False
2026-01-01T00:00:55Z,ENG-DATASET-004,MSN-LUBRICATION_DEGRADATION-004,CLIMB,6000.0,23.0,0.7967360402427283,0.6332639597572718,4609.130679848288,655.1955842392977,187.11090536569026,72.22008194031733,430.4565339924144,13.280924144040645,8.212598320499593,14.2,4609.130679848288,655.1955842392977,187.11090536569026,72.22008194031733,430.4565339924144,13.280924144040645,8.212598320499593,0.0,0.0,0.0,0.0,0.0,0.0,0.0,0.0,0.0,0.0,0.0,0.0,0.0,0.0,4,LUBRICATION_DEGRADATION,0.0,2026-01-01T00:02:00+00:00,False
2026-01-01T00:00:56Z,ENG-DATASET-004,MSN-LUBRICATION_DEGRADATION-004,CLIMB,6000.0,23.0,0.7997095979615637,0.6302904020384363,4625.485247301884,657.1186649644619,187.12778145323279,72.30098083146206,431.27426236509416,13.335434126459157,7.729536030100552,14.2,4625.485247301884,657.1186649644619,187.12778145323279,72.30098083146206,431.27426236509416,13.335434126459157,7.729536030100552,0.0,0.0,0.0,0.0,0.0,0.0,0.0,0.0,0.0,0.0,0.0,0.0,0.0,0.0,4,LUBRICATION_DEGRADATION,0.0,2026-01-01T00:02:00+00:00,False
2026-01-01T00:00:57Z,ENG-DATASET-004,MSN-LUBRICATION_DEGRADATION-004,CLIMB,6000.0,23.0,0.8023755939962547,0.6276244060037454,4640.148225492683,658.8449583935014,187.18612726774705,72.3828093857652,432.00741127463414,13.38435740632484,7.916866960956477,14.2,4640.148225492683,658.8449583935014,187.18612726774705,72.3828093857652,432.00741127463414,13.38435740632484,7.916866960956477,0.0,0.0,0.0,0.0,0.0,0.0,0.0,0.0,0.0,0.0,0.0,0.0,0.0,0.0,4,LUBRICATION_DEGRADATION,0.0,2026-01-01T00:02:00+00:00,False
2026-01-01T00:00:58Z,ENG-DATASET-004,MSN-LUBRICATION_DEGRADATION-004,CLIMB,6000.0,23.0,0.8046924263703452,0.6253075736296548,4652.890803550182,660.3467915199171,187.2761843289703,72.46498484848074,432.6445401775091,13.426912752438353,8.529818563668755,14.2,4652.890803550182,660.3467915199171,187.2761843289703,72.46498484848074,432.6445401775091,13.426912752438353,8.529818563668755,0.0,0.0,0.0,0.0,0.0,0.0,0.0,0.0,0.0,0.0,0.0,0.0,0.0,0.0,4,LUBRICATION_DEGRADATION,0.0,2026-01-01T00:02:00+00:00,False
2026-01-01T00:00:59Z,ENG-DATASET-004,MSN-LUBRICATION_DEGRADATION-004,CLIMB,6000.0,23.0,0.8066239416895222,0.6233760583104778,4663.514137805656,661.6000126789127,187.3885662130461,72.54689128537387,433.1757068902828,13.462418756413761,8.710749489509276,14.2,4663.514137805656,661.6000126789127,187.3885662130461,72.54689128537387,433.1757068902828,13.462418756413761,8.710749489509276,0.0,0.0,0.0,0.0,0.0,0.0,0.0,0.0,0.0,0.0,0.0,0.0,0.0,0.0,4,LUBRICATION_DEGRADATION,0.0,2026-01-01T00:02:00+00:00,False
2026-01-01T00:01:00Z,ENG-DATASET-004,MSN-LUBRICATION_DEGRADATION-004,CLIMB,6000.0,23.0,0.8081399993032422,0.6218600006967578,4671.852454681115,662.5844135138742,187.51431992958834,72.62789030481271,433.5926227340558,13.490305558072453,8.217551249695761,14.2,4671.852454681115,662.5844135138742,187.51431992958834,72.62789030481271,433.5926227340558,13.490305558072453,8.217551249695761,0.0,0.0,0.0,0.0,0.0,0.0,0.0,0.0,0.0,0.0,0.0,0.0,0.0,0.0,4,LUBRICATION_DEGRADATION,0.0,2026-01-01T00:02:00+00:00,False
2026-01-01T00:01:01Z,ENG-DATASET-004,MSN-LUBRICATION_DEGRADATION-004,CLIMB,6000.0,23.0,0.8092169416395014,0.6207830583604986,4677.775637530541,663.2840855007789,187.64499007414898,72.7073320858744,433.88878187652705,13.510124735492347,7.770244200357531,14.2,4677.775637530541,663.2840855007789,187.64499007414898,72.7073320858744,433.88878187652705,13.510124735492347,7.770244200357531,0.0,0.0,0.0,0.0,0.0,0.0,0.0,0.0,0.0,0.0,0.0,0.0,0.0,0.0,4,LUBRICATION_DEGRADATION,0.0,2026-01-01T00:02:00+00:00,False
2026-01-01T00:01:02Z,ENG-DATASET-004,MSN-LUBRICATION_DEGRADATION-004,CLIMB,6000.0,23.0,0.8098379633733354,0.6201620366266647,4681.191257066627,663.6877028189132,187.7726836372069,72.78456654215275,434.0595628533314,13.521557141230137,8.019212398007463,14.2,4681.191257066627,663.6877028189132,187.7726836372069,72.78456654215275,434.0595628533314,13.521557141230137,8.019212398007463,0.0,0.0,0.0,0.0,0.0,0.0,0.0,0.0,0.0,0.0,0.0,0.0,0.0,0.0,4,LUBRICATION_DEGRADATION,0.0,2026-01-01T00:02:00+00:00,False
2026-01-01T00:01:03Z,ENG-DATASET-004,MSN-LUBRICATION_DEGRADATION-004,CLIMB,6000.0,23.0,0.8099933736682935,0.6200066263317066,4682.046013688898,663.7887249170988,187.8901333964137,72.85895444876583,434.1023006844449,13.524418508251241,8.61326537262525,14.2,4682.046013688898,663.7887249170988,187.8901333964137,72.85895444876583,434.1023006844449,13.524418508251241,8.61326537262525,0.0,0.0,0.0,0.0,0.0,0.0,0.0,0.0,0.0,0.0,0.0,0.0,0.0,0.0,4,LUBRICATION_DEGRADATION,0.0,2026-01-01T00:02:00+00:00,False
2026-01-01T00:01:04Z,ENG-DATASET-004,MSN-LUBRICATION_DEGRADATION-004,CLIMB,6000.0,23.0,0.8096807473987014,0.6203192526012986,4680.32656920614,663.5855139402372,187.99075790527826,72.92987836056815,434.016328460307,13.518662697531358,8.702694326449958,14.2,4680.32656920614,663.5855139402372,187.99075790527826,72.92987836056815,434.016328460307,13.518662697531358,8.702694326449958,0.0,0.0,0.0,0.0,0.0,0.0,0.0,0.0,0.0,0.0,0.0,0.0,0.0,0.0,4,LUBRICATION_DEGRADATION,0.0,2026-01-01T00:02:00+00:00,False
2026-01-01T00:01:05Z,ENG-DATASET-004,MSN-LUBRICATION_DEGRADATION-004,CLIMB,6000.0,23.0,0.8089049629929357,0.6210950370070644,4676.05975497443,663.0813641858555,188.06871621939683,72.99675315276437,433.80298774872153,13.504382512477676,8.156607741746662,14.2,4676.05975497443,663.0813641858555,188.06871621939683,72.99675315276437,433.80298774872153,13.504382512477676,8.156607741746662,0.0,0.0,0.0,0.0,0.0,0.0,0.0,0.0,0.0,0.0,0.0,0.0,0.0,0.0,4,LUBRICATION_DEGRADATION,0.0,2026-01-01T00:02:00+00:00,False
2026-01-01T00:01:06Z,ENG-DATASET-004,MSN-LUBRICATION_DEGRADATION-004,CLIMB,6000.0,23.0,0.8076781263071803,0.6223218736928198,4669.312153202775,662.2844428775429,188.11895566939572,73.05903602095124,433.46560766013874,13.481808061321043,7.750499675062707,14.2,4669.312153202775,662.2844428775429,188.11895566939572,73.05903602095124,433.46560766013874,13.481808061321043,7.750499675062707,0.0,0.0,0.0,0.0,0.0,0.0,0.0,0.0,0.0,0.0,0.0,0.0,0.0,0.0,4,LUBRICATION_DEGRADATION,0.0,2026-01-01T00:02:00+00:00,False
2026-01-01T00:01:07Z,ENG-DATASET-004,MSN-LUBRICATION_DEGRADATION-004,CLIMB,6000.0,23.0,0.8060193817175902,0.6239806182824098,4660.1890579600295,661.2076436878255,188.13725119465178,73.1162357859894,433.0094528980015,13.451302705347878,8.055325539778993,14.2,4660.1890579600295,661.2076436878255,188.13725119465178,73.1162357859894,433.0094528980015,13.451302705347878,8.055325539778993,0.0,0.0,0.0,0.0,0.0,0.0,0.0,0.0,0.0,0.0,0.0,0.0,0.0,0.0,4,LUBRICATION_DEGRADATION,0.0,2026-01-01T00:02:00+00:00,False
2026-01-01T00:01:08Z,ENG-DATASET-004,MSN-LUBRICATION_DEGRADATION-004,CLIMB,6000.0,23.0,0.8039546133787048,0.6260453866212953,4648.832832096159,659.8683565315652,188.12023498847574,73.16792135989654,432.44164160480796,13.413356686124578,8.61967775594383,14.2,4648.832832096159,659.8683565315652,188.12023498847574,73.16792135989654,432.44164160480796,13.413356686124578,8.61967775594383,0.0,0.0,0.0,0.0,0.0,0.0,0.0,0.0,0.0,0.0,0.0,0.0,0.0,0.0,4,LUBRICATION_DEGRADATION,0.0,2026-01-01T00:02:00+00:00,False
2026-01-01T00:01:09Z,ENG-DATASET-004,MSN-LUBRICATION_DEGRADATION-004,CLIMB,6000.0,23.0,0.8015160413098724,0.6284839586901276,4635.420685717582,658.2881591003123,188.06541546713598,73.21372924198984,431.7710342858791,13.368578576656935,8.616735636872612,14.2,4635.420685717582,658.2881591003123,188.06541546713598,73.21372924198984,431.7710342858791,13.368578576656935,8.616735636872612,0.0,0.0,0.0,0.0,0.0,0.0,0.0,0.0,0.0,0.0,0.0,0.0,0.0,0.0,4,LUBRICATION_DEGRADATION,0.0,2026-01-01T00:02:00+00:00,False
2026-01-01T00:01:10Z,ENG-DATASET-004,MSN-LUBRICATION_DEGRADATION-004,CLIMB,6000.0,23.0,0.7987417186126258,0.6312582813873743,4620.161910882725,656.49243734459,187.97118485403712,73.25336992958495,431.00809554413627,13.317684747867705,8.029116599411362,14.2,4620.161910882725,656.49243734459,187.97118485403712,73.25336992958495,431.00809554413627,13.317684747867705,8.029116599411362,0.0,0.0,0.0,0.0,0.0,0.0,0.0,0.0,0.0,0.0,0.0,0.0,0.0,0.0,4,LUBRICATION_DEGRADATION,0.0,2026-01-01T00:02:00+00:00,False
2026-01-01T00:01:11Z,ENG-DATASET-004,MSN-LUBRICATION_DEGRADATION-004,CLIMB,6000.0,23.0,0.7956749376647593,0.6343250623352408,4603.294615669459,654.5099435740566,187.8368149579848,73.28663314444522,430.1647307834729,13.261487081327036,7.674116791849614,14.2,4603.294615669459,654.5099435740566,187.8368149579848,73.28663314444522,430.1647307834729,13.261487081327036,7.674116791849614,0.0,0.0,0.0,0.0,0.0,0.0,0.0,0.0,0.0,0.0,0.0,0.0,0.0,0.0,4,LUBRICATION_DEGRADATION,0.0,2026-01-01T00:02:00+00:00,False
2026-01-01T00:01:12Z,ENG-DATASET-004,MSN-LUBRICATION_DEGRADATION-004,CLIMB,6000.0,23.0,0.7923635545572527,0.6376364454427473,4585.082008578173,652.3723019901521,187.66244101194013,73.3133917946056,429.2541004289087,13.200879190684349,8.03317424785229,14.2,4585.082008578173,652.3723019901521,187.66244101194013,73.3133917946056,429.2541004289087,13.200879190684349,8.03317424785229,0.0,0.0,0.0,0.0,0.0,0.0,0.0,0.0,0.0,0.0,0.0,0.0,0.0,0.0,4,LUBRICATION_DEGRADATION,0.0,2026-01-01T00:02:00+00:00,False
2026-01-01T00:01:13Z,ENG-DATASET-004,MSN-LUBRICATION_DEGRADATION-004,CLIMB,6000.0,23.0,0.7888592423159781,0.6411407576840219,4565.808291251164,650.1134722655265,187.44903371738428,73.33360461088256,428.2904145625582,13.136821437022386,8.562548195449839,14.2,4565.808291251164,650.1134722655265,187.44903371738428,73.33360461088256,428.2904145625582,13.136821437022386,8.562548195449839,0.0,0.0,0.0,0.0,0.0,0.0,0.0,0.0,0.0,0.0,0.0,0.0,0.0,0.0,4,LUBRICATION_DEGRADATION,0.0,2026-01-01T00:02:00+00:00,False
2026-01-01T00:01:14Z,ENG-DATASET-004,MSN-LUBRICATION_DEGRADATION-004,CLIMB,6000.0,23.0,0.785216684561413,0.644783315438587,4545.774223601055,647.7691822314,187.19835990143085,73.34731741801694,427.2887111800528,13.070325037140394,8.47278086172617,14.2,4545.774223601055,647.7691822314,187.19835990143085,73.34731741801694,427.2887111800528,13.070325037140394,8.47278086172617,0.0,0.0,0.0,0.0,0.0,0.0,0.0,0.0,0.0,0.0,0.0,0.0,0.0,0.0,4,LUBRICATION_DEGRADATION,0.0,2026-01-01T00:02:00+00:00,False
2026-01-01T00:01:15Z,ENG-DATASET-004,MSN-LUBRICATION_DEGRADATION-004,CLIMB,6000.0,23.0,0.7814927221890324,0.6485072778109676,4525.292430552961,645.3763408382309,186.91293243224354,73.3546630216591,426.26462152764805,13.002435568774816,7.860218700325446,14.2,4525.292430552961,645.3763408382309,186.91293243224354,73.3546630216591,426.26462152764805,13.002435568774816,7.860218700325446,0.0,0.0,0.0,0.0,0.0,0.0,0.0,0.0,0.0,0.0,0.0,0.0,0.0,0.0,4,LUBRICATION_DEGRADATION,0.0,2026-01-01T00:02:00+00:00,False
2026-01-01T00:01:16Z,ENG-DATASET-004,MSN-LUBRICATION_DEGRADATION-004,CLIMB,6000.0,23.0,0.7777454663861457,0.6522545336138543,4504.682523637085,642.9724423431346,186.59595024759756,73.35585971396358,425.23412618185426,12.93421617358553,7.569482597759185,14.2,4504.682523637085,642.9724423431346,186.59595024759756,73.35585971396358,425.23412618185426,12.93421617358553,7.569482597759185,0.0,0.0,0.0,0.0,0.0,0.0,0.0,0.0,0.0,0.0,0.0,0.0,0.0,0.0,4,LUBRICATION_DEGRADATION,0.0,2026-01-01T00:02:00+00:00,False
2026-01-01T00:01:17Z,ENG-DATASET-004,MSN-LUBRICATION_DEGRADATION-004,CLIMB,6000.0,23.0,0.774033391826255,0.6559666081737451,4484.2661135576855,640.5949721893412,186.25122952757133,73.35120842207604,424.21330567788425,12.866730748309818,7.983914786470905,14.2,4484.2661135576855,640.5949721893412,186.25122952757133,73.35120842207604,424.21330567788425,12.866730748309818,7.983914786470905,0.0,0.0,0.0,0.0,0.0,0.0,0.0,0.0,0.0,0.0,0.0,0.0,0.0,0.0,4,LUBRICATION_DEGRADATION,0.0,2026-01-01T00:02:00+00:00,False
2026-01-01T00:01:18Z,ENG-DATASET-004,MSN-LUBRICATION_DEGRADATION-004,CLIMB,6000.0,23.0,0.7704144241913318,0.6595855758086683,4464.361791565607,638.280824328407,185.88312718302436,73.34108854493444,423.21808957828034,12.801027398000326,8.476891663081664,14.2,4464.361791565607,638.280824328407,185.88312718302436,73.34108854493444,423.21808957828034,12.801027398000326,8.476891663081664,0.0,0.0,0.0,0.0,0.0,0.0,0.0,0.0,0.0,0.0,0.0,0.0,0.0,0.0,4,LUBRICATION_DEGRADATION,0.0,2026-01-01T00:02:00+00:00,False
2026-01-01T00:01:19Z,ENG-DATASET-004,MSN-LUBRICATION_DEGRADATION-004,CLIMB,6000.0,23.0,0.766945036260924,0.663054963739076,4445.280157948366,636.0657388508805,185.49645793599393,73.32595254423724,422.2640078974183,12.738122404059647,8.310085183565608,14.2,4445.280157948366,636.0657388508805,185.49645793599393,73.32595254423724,422.2640078974183,12.738122404059647,8.310085183565608,0.0,0.0,0.0,0.0,0.0,0.0,0.0,0.0,0.0,0.0,0.0,0.0,0.0,0.0,4,LUBRICATION_DEGRADATION,0.0,2026-01-01T00:02:00+00:00,False
2026-01-01T00:01:20Z,ENG-DATASET-004,MSN-LUBRICATION_DEGRADATION-004,CLIMB,6000.0,23.0,0.7636793666733189,0.6663206333266811,4427.318975216537,633.9837677937314,185.09640633723782,73.30631937483729,421.3659487608269,12.67898493526639,7.69174762028813,14.2,4427.318975216537,633.9837677937314,185.09640633723782,73.30631937483729,421.3659487608269,12.67898493526639,7.69174762028813,0.0,0.0,0.0,0.0,0.0,0.0,0.0,0.0,0.0,0.0,0.0,0.0,0.0,0.0,4,LUBRICATION_DEGRADATION,0.0,2026-01-01T00:02:00+00:00,False
2026-01-01T00:01:21Z,ENG-DATASET-004,MSN-LUBRICATION_DEGRADATION-004,CLIMB,6000.0,23.0,0.7606683751101996,0.6693316248898005,4410.75852161938,632.0667759397019,184.6884351020066,73.28276685789596,420.537926080969,12.624522703532554,7.478833096015813,14.2,4410.75852161938,632.0667759397019,184.6884351020066,73.28276685789596,420.537926080969,12.624522703532554,7.478833096015813,0.0,0.0,0.0,0.0,0.0,0.0,0.0,0.0,0.0,0.0,0.0,0.0,0.0,0.0,4,LUBRICATION_DEGRADATION,0.0,2026-01-01T00:02:00+00:00,False
2026-01-01T00:01:22Z,ENG-DATASET-004,MSN-LUBRICATION_DEGRADATION-004,CLIMB,6000.0,23.0,0.7579590470878561,0.6720409529121438,4395.857217496491,630.343982366674,184.2781911509728,73.25592311659739,419.79286087482456,12.575568739010132,7.949711631277289,14.2,4395.857217496491,630.343982366674,184.2781911509728,73.25592311659739,419.79286087482456,12.575568739010132,7.949711631277289,0.0,0.0,0.0,0.0,0.0,0.0,0.0,0.0,0.0,0.0,0.0,0.0,0.0,0.0,4,LUBRICATION_DEGRADATION,0.0,2026-01-01T00:02:00+00:00,False
2026-01-01T00:01:23Z,ENG-DATASET-004,MSN-LUBRICATION_DEGRADATION-004,CLIMB,6000.0,23.0,0.7555936607639192,0.6744063392360808,4382.847592714839,628.841547488692,183.87141072309282,73.2264572088196,419.142379635742,12.532869432478755,8.405771336404923,14.2,4382.847592714839,628.841547488692,183.87141072309282,73.2264572088196,419.142379635742,12.532869432478755,8.405771336404923,0.0,0.0,0.0,0.0,0.0,0.0,0.0,0.0,0.0,0.0,0.0,0.0,0.0,0.0,4,LUBRICATION_DEGRADATION,0.0,2026-01-01T00:02:00+00:00,False
2026-01-01T00:01:24Z,ENG-DATASET-004,MSN-LUBRICATION_DEGRADATION-004,CLIMB,6000.0,23.0,0.7536091272008499,0.6763908727991501,4371.932658117958,627.5822093896785,183.47382488552552,73.19506910366061,418.59663290589793,12.497073967581684,8.172677084727466,14.2,4371.932658117958,627.5822093896785,183.47382488552552,73.19506910366061,418.59663290589793,12.497073967581684,8.172677084727466,0.0,0.0,0.0,0.0,0.0,0.0,0.0,0.0,0.0,0.0,0.0,0.0,0.0,0.0,4,LUBRICATION_DEGRADATION,0.0,2026-01-01T00:02:00+00:00,False
2026-01-01T00:01:25Z,ENG-DATASET-004,MSN-LUBRICATION_DEGRADATION-004,CLIMB,6000.0,23.0,0.7520364143811554,0.6779635856188446,4363.282737609638,626.5849724109784,183.09106670724742,73.16247915892723,418.1641368804819,12.4687252420762,7.566800924347967,14.2,4363.282737609638,626.5849724109784,183.09106670724742,73.16247915892723,418.1641368804819,12.4687252420762,7.566800924347967,0.0,0.0,0.0,0.0,0.0,0.0,0.0,0.0,0.0,0.0,0.0,0.0,0.0,0.0,4,LUBRICATION_DEGRADATION,0.0,2026-01-01T00:02:00+00:00,False
2026-01-01T00:01:26Z,ENG-DATASET-004,MSN-LUBRICATION_DEGRADATION-004,CLIMB,6000.0,23.0,0.7509000639623796,0.6790999360376204,4357.03281030637,625.8648502285762,182.7285812922371,73.12941726445383,417.85164051531854,12.448252356212159,7.442237829036515,14.2,4357.03281030637,625.8648502285762,182.7285812922371,73.12941726445383,417.85164051531854,12.448252356212159,7.442237829036515,0.0,0.0,0.0,0.0,0.0,0.0,0.0,0.0,0.0,0.0,0.0,0.0,0.0,0.0,4,LUBRICATION_DEGRADATION,0.0,2026-01-01T00:02:00+00:00,False
2026-01-01T00:01:27Z,ENG-DATASET-004,MSN-LUBRICATION_DEGRADATION-004,CLIMB,6000.0,23.0,0.7502178083127454,0.6797821916872546,4353.280404233384,625.4326650484405,182.3915397892244,73.09661182130682,417.6640202116692,12.435964727782038,7.9673820023350155,14.2,4353.280404233384,625.4326650484405,182.3915397892244,73.09661182130682,417.6640202116692,12.435964727782038,7.9673820023350155,0.0,0.0,0.0,0.0,0.0,0.0,0.0,0.0,0.0,0.0,0.0,0.0,0.0,0.0,4,LUBRICATION_DEGRADATION,0.0,2026-01-01T00:02:00+00:00,False
2026-01-01T00:01:28Z,ENG-DATASET-004,MSN-LUBRICATION_DEGRADATION-004,CLIMB,6000.0,23.0,0.7500002938034789,0.6799997061965212,4352.084074432417,625.2949040522647,182.08475841160856,73.06477872946496,417.6042037216208,12.432047877195913,8.383829656216212,14.2,4352.084074432417,625.2949040522647,182.08475841160856,73.06477872946496,417.6042037216208,12.432047877195913,8.383829656216212,0.0,0.0,0.0,0.0,0.0,0.0,0.0,0.0,0.0,0.0,0.0,0.0,0.0,0.0,4,LUBRICATION_DEGRADATION,0.0,2026-01-01T00:02:00+00:00,False
2026-01-01T00:01:29Z,ENG-DATASET-004,MSN-LUBRICATION_DEGRADATION-004,CLIMB,6000.0,23.0,0.7502509146757477,0.6797490853242524,4353.462489229895,625.4536338255313,181.81262341608598,73.0346105564097,417.6731244614948,12.4365609118184,8.093019926834483,14.2,4353.462489229895,625.4536338255313,181.81262341608598,73.0346105564097,417.6731244614948,12.4365609118184,8.093019926834483,0.0,0.0,0.0,0.0,0.0,0.0,0.0,0.0,0.0,0.0,0.0,0.0,0.0,0.0,4,LUBRICATION_DEGRADATION,0.0,2026-01-01T00:02:00+00:00,False
2026-01-01T00:01:30Z,ENG-DATASET-004,MSN-LUBRICATION_DEGRADATION-004,CRUISE,8500.0,23.0,0.5909657600746622,0.47903423992533783,3520.5689545165365,389.075361144749,175.6582451030961,72.38218222315342,376.0284477258268,7.332402973666711,5.85857072181734,14.2,3520.5689545165365,389.075361144749,175.6582451030961,72.38218222315342,376.0284477258268,7.332402973666711,5.85857072181734,0.0,0.0,0.0,0.0,0.0,0.0,0.0,0.0,0.0,0.0,0.0,0.0,0.0,0.0,4,LUBRICATION_DEGRADATION,0.0,2026-01-01T00:02:00+00:00,False
2026-01-01T00:01:31Z,ENG-DATASET-004,MSN-LUBRICATION_DEGRADATION-004,CRUISE,8500.0,23.0,0.5921336750768587,0.47786632492314135,3526.992487028617,389.56352425714607,170.13150869921515,71.75742928674387,376.34962435143086,7.347340807063966,5.827110858559043,14.2,3526.992487028617,389.56352425714607,170.13150869921515,71.75742928674387,376.34962435143086,7.347340807063966,5.827110858559043,0.0,0.0,0.0,0.0,0.0,0.0,0.0,0.0,0.0,0.0,0.0,0.0,0.0,0.0,4,LUBRICATION_DEGRADATION,0.0,2026-01-01T00:02:00+00:00,False
2026-01-01T00:01:32Z,ENG-DATASET-004,MSN-LUBRICATION_DEGRADATION-004,CRUISE,8500.0,23.0,0.5937364347593471,0.4762635652406529,3535.807665282304,390.23386927598494,165.17420456119325,71.15983235925353,376.79038326411523,7.367850704930066,6.398818205066945,14.2,3535.807665282304,390.23386927598494,165.17420456119325,71.15983235925353,376.79038326411523,7.367850704930066,6.398818205066945,0.0,0.0,0.0,0.0,0.0,0.0,0.0,0.0,0.0,0.0,0.0,0.0,0.0,0.0,4,LUBRICATION_DEGRADATION,0.0,2026-01-01T00:02:00+00:00,False
2026-01-01T00:01:33Z,ENG-DATASET-004,MSN-LUBRICATION_DEGRADATION-004,CRUISE,8500.0,23.0,0.5957490285933392,0.4742509714066608,3546.87693136926,391.0763241358079,160.7336922084691,70.58885903026008,377.34384656846305,7.39362202715783,6.768816730334211,14.2,3546.87693136926,391.0763241358079,160.7336922084691,70.58885903026008,377.34384656846305,7.39362202715783,6.768816730334211,0.0,0.0,0.0,0.0,0.0,0.0,0.0,0.0,0.0,0.0,0.0,0.0,0.0,0.0,4,LUBRICATION_DEGRADATION,0.0,2026-01-01T00:02:00+00:00,False
2026-01-01T00:01:34Z,ENG-DATASET-004,MSN-LUBRICATION_DEGRADATION-004,CRUISE,8500.0,23.0,0.598140050725185,0.4718599492748151,3560.0275530944114,392.0781985923958,156.7622779524321,70.04395574541536,378.0013776547206,7.424263666961389,6.424843491189363,14.2,3560.0275530944114,392.0781985923958,156.7622779524321,70.04395574541536,378.0013776547206,7.424263666961389,6.424843491189363,0.0,0.0,0.0,0.0,0.0,0.0,0.0,0.0,0.0,0.0,0.0,0.0,0.0,0.0,4,LUBRICATION_DEGRADATION,0.0,2026-01-01T00:02:00+00:00,False
2026-01-01T00:01:35Z,ENG-DATASET-004,MSN-LUBRICATION_DEGRADATION-004,CRUISE,8500.0,23.0,0.6008721900542148,0.46912780994578523,3575.0543194040756,393.2243543148247,153.21665901505952,69.52454067213878,378.7527159702038,7.459309477247779,5.880877114634972,14.2,3575.0543194040756,393.2243543148247,153.21665901505952,69.52454067213878,378.7527159702038,7.459309477247779,5.880877114634972,0.0,0.0,0.0,0.0,0.0,0.0,0.0,0.0,0.0,0.0,0.0,0.0,0.0,0.0,4,LUBRICATION_DEGRADATION,0.0,2026-01-01T00:02:00+00:00,False
2026-01-01T00:01:36Z,ENG-DATASET-004,MSN-LUBRICATION_DEGRADATION-004,CRUISE,8500.0,23.0,0.603902812459987,0.46609718754001306,3591.722742635823,394.49741067007506,150.05742838030545,69.02999763747675,379.58613713179113,7.498224807186863,5.940442692092786,14.2,3591.722742635823,394.49741067007506,150.05742838030545,69.02999763747675,379.58613713179113,7.498224807186863,5.940442692092786,0.0,0.0,0.0,0.0,0.0,0.0,0.0,0.0,0.0,0.0,0.0,0.0,0.0,0.0,4,LUBRICATION_DEGRADATION,0.0,2026-01-01T00:02:00+00:00,False
2026-01-01T00:01:37Z,ENG-DATASET-004,MSN-LUBRICATION_DEGRADATION-004,CRUISE,8500.0,23.0,0.6071846260934773,0.4628153739065227,3609.7727176200196,395.87798483082304,147.2486351630455,68.5596712074897,380.48863588100096,7.540414091596548,6.5450433662363645,14.2,3609.7727176200196,395.87798483082304,147.2486351630455,68.5596712074897,380.48863588100096,7.540414091596548,6.5450433662363645,0.0,0.0,0.0,0.0,0.0,0.0,0.0,0.0,0.0,0.0,0.0,0.0,0.0,0.0,4,LUBRICATION_DEGRADATION,0.0,2026-01-01T00:02:00+00:00,False
2026-01-01T00:01:38Z,ENG-DATASET-004,MSN-LUBRICATION_DEGRADATION-004,CRUISE,8500.0,23.0,0.6106664193505662,0.4593335806494338,3628.9225805340084,397.3449643561621,144.757395755645,68.11286296072522,381.4461290267004,7.585229420657083,6.857548503447161,14.2,3628.9225805340084,397.3449643561621,144.757395755645,68.11286296072522,381.4461290267004,7.585229420657083,6.857548503447161,0.0,0.0,0.0,0.0,0.0,0.0,0.0,0.0,0.0,0.0,0.0,0.0,0.0,0.0,4,LUBRICATION_DEGRADATION,0.0,2026-01-01T00:02:00+00:00,False
2026-01-01T00:01:39Z,ENG-DATASET-004,MSN-LUBRICATION_DEGRADATION-004,CRUISE,8500.0,23.0,0.6142938600119926,0.4557061399880074,3648.8735041718537,398.87580983034934,142.55355142583923,67.68882899067108,382.4436752085927,7.6319800007671645,6.461076785468251,14.2,3648.8735041718537,398.87580983034934,142.55355142583923,67.68882899067108,382.4436752085927,7.6319800007671645,6.461076785468251,0.0,0.0,0.0,0.0,0.0,0.0,0.0,0.0,0.0,0.0,0.0,0.0,0.0,0.0,4,LUBRICATION_DEGRADATION,0.0,2026-01-01T00:02:00+00:00,False
2026-01-01T00:01:40Z,ENG-DATASET-004,MSN-LUBRICATION_DEGRADATION-004,CRUISE,8500.0,23.0,0.618010343079464,0.45198965692053605,3669.3141610429466,400.4468845061524,140.60936839590912,67.28677865383462,383.4657080521473,7.67994239934335,5.955770710472709,14.2,3669.3141610429466,400.4468845061524,140.60936839590912,67.28677865383462,383.4657080521473,7.67994239934335,5.955770710472709,0.0,0.0,0.0,0.0,0.0,0.0,0.0,0.0,0.0,0.0,0.0,0.0,0.0,0.0,4,LUBRICATION_DEGRADATION,0.0,2026-01-01T00:02:00+00:00,False
2026-01-01T00:01:41Z,ENG-DATASET-004,MSN-LUBRICATION_DEGRADATION-004,CRUISE,8500.0,23.0,0.6217578740777223,0.4482421259222777,3689.9255815333668,402.0338072046141,138.89927673643356,66.90587456155033,384.4962790766683,7.728371447508807,6.09848572883804,14.2,3689.9255815333668,402.0338072046141,138.89927673643356,66.90587456155033,384.4962790766683,7.728371447508807,6.09848572883804,0.0,0.0,0.0,0.0,0.0,0.0,0.0,0.0,0.0,0.0,0.0,0.0,0.0,0.0,4,LUBRICATION_DEGRADATION,0.0,2026-01-01T00:02:00+00:00,False
2026-01-01T00:01:42Z,ENG-DATASET-004,MSN-LUBRICATION_DEGRADATION-004,CRUISE,8500.0,23.0,0.625477974038934,0.444522025961066,3710.3861313200314,403.6118239969366,137.39964466271363,66.54523379506718,385.51930656600155,7.7765116555527944,6.717948245365504,14.2,3710.3861313200314,403.6118239969366,137.39964466271363,66.54523379506718,385.51930656600155,7.7765116555527944,6.717948245365504,0.0,0.0,0.0,0.0,0.0,0.0,0.0,0.0,0.0,0.0,0.0,0.0,0.0,0.0,4,LUBRICATION_DEGRADATION,0.0,2026-01-01T00:02:00+00:00,False
2026-01-01T00:01:43Z,ENG-DATASET-004,MSN-LUBRICATION_DEGRADATION-004,CRUISE,8500.0,23.0,0.629112592047424,0.440887407952576,3730.3765303667265,405.15619346812,136.08858503314525,66.20393030520076,386.51882651833637,7.82360897755176,6.959617194729575,14.2,3730.3765303667265,405.15619346812,136.08858503314525,66.20393030520076,386.51882651833637,7.82360897755176,6.959617194729575,0.0,0.0,0.0,0.0,0.0,0.0,0.0,0.0,0.0,0.0,0.0,0.0,0.0,0.0,4,LUBRICATION_DEGRADATION,0.0,2026-01-01T00:02:00+00:00,False
2026-01-01T00:01:44Z,ENG-DATASET-004,MSN-LUBRICATION_DEGRADATION-004,CRUISE,8500.0,23.0,0.6326050111047993,0.4373949888952008,3749.58483518229,406.64257967239274,134.94579102164053,65.88099844014167,387.47924175911453,7.868922744523272,6.509450060643552,14.2,3749.58483518229,406.64257967239274,134.94579102164053,65.88099844014167,387.47924175911453,7.868922744523272,6.509450060643552,0.0,0.0,0.0,0.0,0.0,0.0,0.0,0.0,0.0,0.0,0.0,0.0,0.0,0.0,4,LUBRICATION_DEGRADATION,0.0,2026-01-01T00:02:00+00:00,False
2026-01-01T00:01:45Z,ENG-DATASET-004,MSN-LUBRICATION_DEGRADATION-004,CRUISE,8500.0,23.0,0.6359007331797392,0.43409926682026084,3767.7113065944595,408.0474462770283,133.95239807640218,65.57543752816458,388.385565329723,7.911737570901154,6.043321610364196,14.2,3767.7113065944595,408.0474462770283,133.95239807640218,65.57543752816458,388.385565329723,7.911737570901154,6.043321610364196,0.0,0.0,0.0,0.0,0.0,0.0,0.0,0.0,0.0,0.0,0.0,0.0,0.0,0.0,4,LUBRICATION_DEGRADATION,0.0,2026-01-01T00:02:00+00:00,False
2026-01-01T00:01:46Z,ENG-DATASET-004,MSN-LUBRICATION_DEGRADATION-004,CRUISE,8500.0,23.0,0.6389483296315471,0.4310516703684529,3784.4730870794037,409.34844489441815,133.09086939112242,65.28621742625012,389.22365435397023,7.951375027952723,6.258231914976246,14.2,3784.4730870794037,409.34844489441815,133.09086939112242,65.28621742625012,389.22365435397023,7.951375027952723,6.258231914976246,0.0,0.0,0.0,0.0,0.0,0.0,0.0,0.0,0.0,0.0,0.0,0.0,0.0,0.0,4,LUBRICATION_DEGRADATION,0.0,2026-01-01T00:02:00+00:00,False
2026-01-01T00:01:47Z,ENG-DATASET-004,MSN-LUBRICATION_DEGRADATION-004,CRUISE,8500.0,23.0,0.6417002437368877,0.42829975626311223,3799.608614658777,410.5247902612147,132.34490220854056,65.01228493125728,389.9804307329389,7.9872048709368295,6.873275846377874,14.2,3799.608614658777,410.5247902612147,132.34490220854056,65.01228493125728,389.9804307329389,7.9872048709368295,6.873275846377874,0.0,0.0,0.0,0.0,0.0,0.0,0.0,0.0,0.0,0.0,0.0,0.0,0.0,0.0,4,LUBRICATION_DEGRADATION,0.0,2026-01-01T00:02:00+00:00,False
2026-01-01T00:01:48Z,ENG-DATASET-004,MSN-LUBRICATION_DEGRADATION-004,CRUISE,8500.0,23.0,0.6441135327965486,0.42588646720345136,3812.881704486912,411.5576147724917,131.6993523569988,64.75257093749613,390.64408522434564,8.018655605138374,7.031667813070467,14.2,3812.881704486912,411.5576147724917,131.6993523569988,64.75257093749613,390.64408522434564,8.018655605138374,7.031667813070467,0.0,0.0,0.0,0.0,0.0,0.0,0.0,0.0,0.0,0.0,0.0,0.0,0.0,0.0,4,LUBRICATION_DEGRADATION,0.0,2026-01-01T00:02:00+00:00,False
2026-01-01T00:01:49Z,ENG-DATASET-004,MSN-LUBRICATION_DEGRADATION-004,CRUISE,8500.0,23.0,0.6461505382418992,0.42384946175810084,3824.08523443634,412.4302949456736,131.14017449494074,64.5059982135467,391.20426172181703,8.045224180045604,6.527857266114114,14.2,3824.08523443634,412.4302949456736,131.14017449494074,64.5059982135467,391.20426172181703,8.045224180045604,6.527857266114114,0.0,0.0,0.0,0.0,0.0,0.0,0.0,0.0,0.0,0.0,0.0,0.0,0.0,0.0,4,LUBRICATION_DEGRADATION,0.0,2026-01-01T00:02:00+00:00,False
2026-01-01T00:01:50Z,ENG-DATASET-004,MSN-LUBRICATION_DEGRADATION-004,CRUISE,8500.0,23.0,0.6477794732842588,0.4222205267157412,3833.044377169317,413.12874269144777,130.65437561273285,64.27148966212602,391.65221885846586,8.066484611257662,6.101682430735664,14.2,3833.044377169317,413.12874269144777,130.65437561273285,64.27148966212602,391.65221885846586,8.066484611257662,6.101682430735664,0.0,0.0,0.0,0.0,0.0,0.0,0.0,0.0,0.0,0.0,0.0,0.0,0.0,0.0,4,LUBRICATION_DEGRADATION,0.0,2026-01-01T00:02:00+00:00,False
2026-01-01T00:01:51Z,ENG-DATASET-004,MSN-LUBRICATION_DEGRADATION-004,CRUISE,8500.0,23.0,0.6489749189371029,0.42102508106289704,3839.61932825996,413.6416548136174,130.2299794218,64.04797691986059,391.980966412998,8.082095346334755,6.378140585743806,14.2,3839.61932825996,413.6416548136174,130.2299794218,64.04797691986059,391.980966412998,8.082095346334755,6.378140585743806,0.0,0.0,0.0,0.0,0.0,0.0,0.0,0.0,0.0,0.0,0.0,0.0,0.0,0.0,4,LUBRICATION_DEGRADATION,0.0,2026-01-01T00:02:00+00:00,False
2026-01-01T00:01:52Z,ENG-DATASET-004,MSN-LUBRICATION_DEGRADATION-004,CRUISE,8500.0,23.0,0.6497182206708461,0.4202817793291539,3843.707487795548,413.96071494084435,129.85599935314113,63.83440914908814,392.1853743897774,8.091805213532885,6.971744565769274,14.2,3843.707487795548,413.96071494084435,129.85599935314113,63.83440914908814,392.1853743897774,8.091805213532885,6.971744565769274,0.0,0.0,0.0,0.0,0.0,0.0,0.0,0.0,0.0,0.0,0.0,0.0,0.0,0.0,4,LUBRICATION_DEGRADATION,0.0,2026-01-01T00:02:00+00:00,False
2026-01-01T00:01:53Z,ENG-DATASET-004,MSN-LUBRICATION_DEGRADATION-004,CRUISE,8500.0,23.0,0.6499977795105369,0.4200022204894631,3845.2450614138475,414.08074309147474,129.5224179951139,63.62976187136238,392.2622530706924,8.095457820679115,7.038635610958712,14.2,3845.2450614138475,414.08074309147474,129.5224179951139,63.62976187136238,392.2622530706924,8.095457820679115,7.038635610958712,0.0,0.0,0.0,0.0,0.0,0.0,0.0,0.0,0.0,0.0,0.0,0.0,0.0,0.0,4,LUBRICATION_DEGRADATION,0.0,2026-01-01T00:02:00+00:00,False
2026-01-01T00:01:54Z,ENG-DATASET-004,MSN-LUBRICATION_DEGRADATION-004,CRUISE,8500.0,23.0,0.6498092330339829,0.42019076696601715,3844.2080557928,413.99978925660315,129.2201709270176,63.433045692209774,392.21040278964006,8.09299430451408,6.4854565180304835,14.2,3844.2080557928,413.99978925660315,129.2201709270176,63.433045692209774,392.21040278964006,8.09299430451408,6.4854565180304835,0.0,0.0,0.0,0.0,0.0,0.0,0.0,0.0,0.0,0.0,0.0,0.0,0.0,0.0,4,LUBRICATION_DEGRADATION,0.0,2026-01-01T00:02:00+00:00,False
2026-01-01T00:01:55Z,ENG-DATASET-004,MSN-LUBRICATION_DEGRADATION-004,CRUISE,8500.0,23.0,0.6491555234458896,0.4208444765541104,3840.612653058287,413.7191687137506,128.94113305215959,63.24331476888801,392.0306326529144,8.084454367558102,6.103063593578366,14.2,3840.612653058287,413.7191687137506,128.94113305215959,63.24331476888801,392.0306326529144,8.084454367558102,6.103063593578366,0.0,0.0,0.0,0.0,0.0,0.0,0.0,0.0,0.0,0.0,0.0,0.0,0.0,0.0,4,LUBRICATION_DEGRADATION,0.0,2026-01-01T00:02:00+00:00,False
2026-01-01T00:01:56Z,ENG-DATASET-004,MSN-LUBRICATION_DEGRADATION-004,CRUISE,8500.0,23.0,0.6480468516657405,0.4219531483342595,3834.514958267467,413.24343820279637,128.67810570201354,63.05967487739081,391.72574791337337,8.069975578634397,6.433512155720886,14.2,3834.514958267467,413.24343820279637,128.67810570201354,63.05967487739081,391.72574791337337,8.069975578634397,6.433512155720886,0.0,0.0,0.0,0.0,0.0,0.0,0.0,0.0,0.0,0.0,0.0,0.0,0.0,0.0,4,LUBRICATION_DEGRADATION,0.0,2026-01-01T00:02:00+00:00,False
2026-01-01T00:01:57Z,ENG-DATASET-004,MSN-LUBRICATION_DEGRADATION-004,CRUISE,8500.0,23.0,0.6465005181458598,0.42349948185414016,3826.0101239081237,412.58031355030175,128.42480297056971,62.88129094166177,391.30050619540623,8.049790953157617,6.993557436640704,14.2,3826.0101239081237,412.58031355030175,128.42480297056971,62.88129094166177,391.30050619540623,8.049790953157617,6.993557436640704,0.0,0.0,0.0,0.0,0.0,0.0,0.0,0.0,0.0,0.0,0.0,0.0,0.0,0.0,4,LUBRICATION_DEGRADATION,0.0,2026-01-01T00:02:00+00:00,False
2026-01-01T00:01:58Z,ENG-DATASET-004,MSN-LUBRICATION_DEGRADATION-004,CRUISE,8500.0,23.0,0.6445406529036408,0.4254593470963592,3815.230865075919,411.74053075906363,128.17583594248933,62.707393896818346,390.76154325379594,8.024224868664344,6.967140809117852,14.2,3815.230865075919,411.74053075906363,128.17583594248933,62.707393896818346,390.76154325379594,8.024224868664344,6.967140809117852,0.0,0.0,0.0,0.0,0.0,0.0,0.0,0.0,0.0,0.0,0.0,0.0,0.0,0.0,4,LUBRICATION_DEGRADATION,0.0,2026-01-01T00:02:00+00:00,False
2026-01-01T00:01:59Z,ENG-DATASET-004,MSN-LUBRICATION_DEGRADATION-004,CRUISE,8500.0,23.0,0.6421978389806943,0.4278021610193057,3802.3453884997134,410.73765392910457,127.926693696468,62.53728676900792,390.1172694249857,7.993687408357096,6.37475080581173,14.2,3802.3453884997134,410.73765392910457,127.926693696468,62.53728676900792,390.1172694249857,7.993687408357096,6.37475080581173,0.0,0.0,0.0,0.0,0.0,0.0,0.0,0.0,0.0,0.0,0.0,0.0,0.0,0.0,4,LUBRICATION_DEGRADATION,0.0,2026-01-01T00:02:00+00:00,False
2026-01-01T00:02:00Z,ENG-DATASET-004,MSN-LUBRICATION_DEGRADATION-004,CRUISE,8500.0,23.0,0.6395086352047135,0.4304913647952865,3787.554767731819,409.5878345918005,127.67372019161621,62.37034986715318,389.377738386591,7.9586672593100545,6.044340562471027,14.2,3787.554767731819,409.5878345918005,127.67372019161621,62.37034986715318,389.377738386591,7.9586672593100545,6.044340562471027,0.0,0.0,0.0,0.0,0.0,0.0,0.0,0.0,0.0,0.0,0.0,0.0,0.0,0.0,4,LUBRICATION_DEGRADATION,0.0,2026-01-01T00:02:00+00:00,False
2026-01-01T00:02:01Z,ENG-DATASET-004,MSN-LUBRICATION_DEGRADATION-004,CRUISE,8500.0,23.0,0.6365150057011951,0.43348499429880494,3770.6490018760724,408.4761947427487,127.56408637435665,62.497711662764274,387.09741093459917,7.925003136846307,6.44629666199729,14.2,3771.0898054624677,408.309528076082,127.41408637435664,62.20604499609761,388.5544902731234,7.919723321298775,6.425463328663957,-0.4408035863953046,0.16666666666668561,0.15000000000000568,0.2916666666666643,-1.4570793385242382,0.005279815547531541,0.020833333333333037,-0.00011689023840185281,0.0004081870620360099,0.0011772638667226255,0.00468871902537706,-0.0037500000000000653,0.0006666666666665435,0.0032423083391349616,4,LUBRICATION_DEGRADATION,0.008333333333333333,2026-01-01T00:02:00+00:00,True
2026-01-01T00:02:02Z,ENG-DATASET-004,MSN-LUBRICATION_DEGRADATION-004,CRUISE,8500.0,23.0,0.6332636650572961,0.4367363349427038,3752.309690736355,407.2565066841557,127.44575707069153,62.62725194964476,384.7529188090808,7.887978506358232,6.987246813216169,14.2,3753.2074319210224,406.92317335082237,127.14575707069153,62.04391861631142,387.66037159605116,7.877475206083454,6.945580146549502,-0.8977411846672112,0.3333333333333144,0.29999999999999716,0.5833333333333357,-2.907452786970339,0.010503300274778304,0.04166666666666696,-0.0002391930637864361,0.0008191554454578489,0.0023594967454022135,0.009401942145865311,-0.007499999999999884,0.0013333333333333797,0.005999018913829188,4,LUBRICATION_DEGRADATION,0.016666666666666666,2026-01-01T00:02:00+00:00,True
2026-01-01T00:02:03Z,ENG-DATASET-004,MSN-LUBRICATION_DEGRADATION-004,CRUISE,8500.0,23.0,0.6298053493563258,0.44019465064367425,3732.839536703335,405.95084337914193,127.31745244810092,62.758603892120775,382.3588547620286,7.848258010464012,6.89323619925288,14.2,3734.1866955656865,405.45084337914193,126.86745244810092,61.883603892120775,386.7093347782843,7.832592824814384,6.83073619925288,-1.3471588623515345,0.5,0.45000000000000284,0.875,-4.350480016255688,0.015665185649628377,0.0625,-0.0003607636607862359,0.0012331951164112982,0.003547009034362768,0.014139448011550083,-0.011249999999999972,0.00199999999999995,0.009149819020508508,4,LUBRICATION_DEGRADATION,0.025,2026-01-01T00:02:00+00:00,True
2026-01-01T00:02:04Z,ENG-DATASET-004,MSN-LUBRICATION_DEGRADATION-004,CRUISE,8500.0,23.0,0.6261940244581339,0.4438059755418661,3712.5591845327444,404.582540036507,127.17860403753683,62.89148825478308,379.93047712481234,7.806547366837751,6.298169702279816,14.2,3714.324408625631,403.9158733698403,126.57860403753683,61.72482158811641,385.71622043128156,7.785785272777013,6.214836368946483,-1.7652240928864558,0.6666666666666856,0.5999999999999943,1.1666666666666643,-5.7857433064692145,0.020762094060738256,0.08333333333333304,-0.0004752476894013739,0.0016505087089168714,0.004740137597204537,0.018901094189493407,-0.014999999999999977,0.0026666666666666093,0.013408773519721712,4,LUBRICATION_DEGRADATION,0.03333333333333333,2026-01-01T00:02:00+00:00,True
2026-01-01T00:02:05Z,ENG-DATASET-004,MSN-LUBRICATION_DEGRADATION-004,CRUISE,8500.0,23.0,0.6224860438799179,0.44751395612008205,3691.792882852874,403.17580775611594,127.02930549435271,63.025713125040404,377.48346591404203,7.763581856760471,6.052447601295562,14.2,3693.9305154454432,402.34247442278263,126.27930549435271,61.56737979170707,384.69652577227214,7.737789226007113,5.948280934628895,-2.137632592569389,0.8333333333333144,0.75,1.4583333333333357,-7.21305985823011,0.025792630753358026,0.10416666666666696,-0.0005786878187424748,0.0020712039774792588,0.0059392154325202595,0.023686785734054718,-0.01875000000000002,0.00333333333333346,0.01751206236078118,4,LUBRICATION_DEGRADATION,0.041666666666666664,2026-01-01T00:02:00+00:00,True
2026-01-01T00:02:06Z,ENG-DATASET-004,MSN-LUBRICATION_DEGRADATION-004,CRUISE,8500.0,23.0,0.6187392694184348,0.45126073058156524,3670.8567270473463,401.7553399546717,126.87025844378424,63.161172458422364,375.0336741324686,7.720114491983099,6.505116923276968,14.2,3673.323255907286,400.7553399546717,125.97025844378423,61.411172458422364,383.6661627953643,7.6893570637281865,6.380116923276968,-2.4665288599394444,1.0,0.9000000000000057,1.75,-8.632488662895696,0.03075742825491279,0.125,-0.0006714706787574099,0.0024952880231442634,0.0071445435701923375,0.028496443398549585,-0.0225,0.004000000000000005,0.0195921174334525,4,LUBRICATION_DEGRADATION,0.05,2026-01-01T00:02:00+00:00,True
2026-01-01T00:02:07Z,ENG-DATASET-004,MSN-LUBRICATION_DEGRADATION-004,CRUISE,8500.0,23.0,0.6150121682360147,0.45498783176398533,3650.052090307541,400.34591865175696,126.70271389903306,63.29784346191623,372.5968782084811,7.676904067668204,7.004312738429361,14.2,3652.8241994039754,399.1792519850903,125.65271389903306,61.256176795249566,382.6412099701988,7.641244924686335,6.858479405096028,-2.7721090964341784,1.1666666666666856,1.0499999999999972,2.0416666666666643,-10.044331761717729,0.035659142981868897,0.14583333333333304,-0.0007588947469430635,0.0029226635925212407,0.008356365472883568,0.03332997215106961,-0.026250000000000027,0.0046666666666665794,0.021263216628597745,4,LUBRICATION_DEGRADATION,0.058333333333333334,2026-01-01T00:02:00+00:00,True
2026-01-01T00:02:08Z,ENG-DATASET-004,MSN-LUBRICATION_DEGRADATION-004,CRUISE,8500.0,23.0,0.611362900500048,0.45863709949995196,3629.665233799678,398.9720272266564,126.52840985646283,63.43578284905057,370.18853150252374,7.6347032998397815,6.8316869842889725,14.2,3632.753226856159,397.6386938933231,125.32840985646283,61.10244951571723,381.637661342808,7.594200895066095,6.6650203176223055,-3.087993056481082,1.3333333333333144,1.2000000000000028,2.3333333333333357,-11.449129840284229,0.04050240477368661,0.16666666666666696,-0.0008500420655199525,0.003353127735831,0.009574844214287477,0.03818723065649174,-0.029999999999999975,0.005333333333333435,0.025006175333929667,4,LUBRICATION_DEGRADATION,0.06666666666666667,2026-01-01T00:02:00+00:00,True
2026-01-01T00:02:09Z,ENG-DATASET-004,MSN-LUBRICATION_DEGRADATION-004,CRUISE,8500.0,23.0,0.6078484118130254,0.46215158818697455,3609.972118628942,397.6574756625771,126.34950576238097,63.57512201832968,367.8235247316834,7.594247232746658,6.232083334784753,14.2,3613.423539077534,396.1574756625771,124.99950576238098,60.95012201832968,380.67117695387674,7.548953511676598,6.044583334784753,-3.4514204485917617,1.5,1.3499999999999943,2.625,-12.847652222193346,0.04529372107005969,0.1875,-0.0009551663156190293,0.003786373076744888,0.01080004270229908,0.0430680023775929,-0.033750000000000016,0.006000000000000013,0.03101950781636082,4,LUBRICATION_DEGRADATION,0.075,2026-01-01T00:02:00+00:00,True
2026-01-01T00:02:10Z,ENG-DATASET-004,MSN-LUBRICATION_DEGRADATION-004,CRUISE,8500.0,23.0,0.6045235445954568,0.4654764554045433,3591.2457122740702,396.4250436169445,126.16851460989983,63.71606122369677,365.51595702645614,7.556242085791744,6.063259985416225,14.2,3595.1367693809066,394.7583769502778,124.66851460989983,60.799394557030105,379.7568384690453,7.506200747475242,5.8549266520828915,-3.8910571068363424,1.6666666666666856,1.5,2.9166666666666643,-14.24088144258917,0.05004133831650126,0.20833333333333304,-0.0010823112878418793,0.004221991891704966,0.01203190721164561,0.04797196893023035,-0.03749999999999992,0.006666666666666619,0.035582569298151394,4,LUBRICATION_DEGRADATION,0.08333333333333333,2026-01-01T00:02:00+00:00,True
2026-01-01T00:02:11Z,ENG-DATASET-004,MSN-LUBRICATION_DEGRADATION-004,CRUISE,8500.0,23.0,0.6014401822882414,0.46855981771175864,3573.7621271109692,395.29614593449134,125.9882334639388,63.85886282169528,363.27892113888544,7.521354692158888,6.567486113433673,14.2,3578.1782766912215,393.462812601158,124.33823346393879,60.65052948836195,378.9089138345611,7.466599628218618,6.338319446767006,-4.416149580252295,1.8333333333333144,1.6500000000000057,3.2083333333333357,-15.62999269567564,0.05475506394027008,0.22916666666666696,-0.0012341893664213832,0.004659483119162552,0.01327025448273356,0.05289868629999304,-0.04124999999999999,0.007333333333333362,0.03615574579213711,4,LUBRICATION_DEGRADATION,0.09166666666666666,2026-01-01T00:02:00+00:00,True
2026-01-01T00:02:12Z,ENG-DATASET-004,MSN-LUBRICATION_DEGRADATION-004,CRUISE,8500.0,23.0,0.5986464397289263,0.4713535602710737,3557.8020721533794,394.2905244911218,125.81167322982296,64.00384369465766,361.1243060723657,7.490202662892299,7.024908247650886,14.2,3562.812692614989,392.2905244911218,124.01167322982296,60.50384369465766,378.14063463074945,7.430756610012201,6.774908247650886,-5.010620461609506,2.0,1.7999999999999972,3.5,-17.016328558383748,0.059446052880097966,0.25,-0.0014063665126139069,0.005098262321258956,0.01451476262774208,0.057847564489676234,-0.04500000000000006,0.008000000000000047,0.03690086874411684,4,LUBRICATION_DEGRADATION,0.1,2026-01-01T00:02:00+00:00,True
2026-01-01T00:02:13Z,ENG-DATASET-004,MSN-LUBRICATION_DEGRADATION-004,CRUISE,8500.0,23.0,0.5961859123357582,0.47381408766424177,3543.6453504343353,393.42596955348506,125.64198847901113,64.15136696235042,359.06262010474387,7.46334539176028,6.785292931487651,14.2,3549.2797919525647,391.2593028868184,123.69198847901113,60.35970029568375,377.46398959762826,7.39921882857926,6.514459598154318,-5.634441518229323,2.1666666666666856,1.9500000000000028,3.7916666666666714,-18.401369492884385,0.06412656318101995,0.27083333333333304,-0.0015874886874245688,0.005537674505578334,0.015764966057853387,0.06281785111742526,-0.04875000000000002,0.008666666666666626,0.041574182670511266,4,LUBRICATION_DEGRADATION,0.10833333333333334,2026-01-01T00:02:00+00:00,True
2026-01-01T00:02:14Z,ENG-DATASET-004,MSN-LUBRICATION_DEGRADATION-004,CRUISE,8500.0,23.0,0.5940969958157628,0.4759030041842372,3531.558175102401,392.7180731881249,125.4824081274798,64.30183310583998,357.10283683301145,7.441275998438495,6.199986460678857,14.2,3537.7907510925897,390.3847398547916,123.3824081274798,60.21849977250664,376.8895375546295,7.372466312851876,5.90831979401219,-6.232575990188707,2.3333333333333144,2.0999999999999943,4.083333333333336,-19.786700721618047,0.06880968558661849,0.29166666666666696,-0.0017617141398947565,0.005977009588543924,0.017020254604126834,0.0678086194235882,-0.0525,0.009333333333333466,0.0493654163679931,4,LUBRICATION_DEGRADATION,0.11666666666666667,2026-01-01T00:02:00+00:00,True
2026-01-01T00:02:15Z,ENG-DATASET-004,MSN-LUBRICATION_DEGRADATION-004,CRUISE,8500.0,23.0,0.5924122870125784,0.4775877129874216,3521.7753419350583,392.18001667400773,125.33616773158202,64.4556706367388,355.2522664856051,7.424414290887726,6.118889667019541,14.2,3528.5248526750756,389.68001667400773,123.08616773158202,60.080670636738795,376.42624263375376,7.3509052385026985,5.806389667019541,-6.749510740017286,2.5,2.25,4.375000000000007,-21.173976148148654,0.07350905238502747,0.3125,-0.0019128420577512126,0.006415520152503509,0.018279876946909645,0.07281876106963316,-0.056250000000000015,0.010000000000000066,0.053820018621038974,4,LUBRICATION_DEGRADATION,0.125,2026-01-01T00:02:00+00:00,True
2026-01-01T00:02:16Z,ENG-DATASET-004,MSN-LUBRICATION_DEGRADATION-004,CRUISE,8500.0,23.0,0.5911580752436133,0.4788419247563867,3514.4811265160665,391.82239337463494,125.20644412612303,64.61332645229946,353.51645433345107,7.413100812611513,6.673114409776696,14.2,3521.626687945767,389.15572670796826,122.80644412612303,59.9466597856328,376.0813343972884,7.334862281607698,6.339781076443363,-7.145561429700592,2.6666666666666856,2.4000000000000057,4.666666666666664,-22.564880063837336,0.07823853100381495,0.33333333333333304,-0.002029051362587423,0.006852441024638488,0.019542948393939247,0.07784698402470637,-0.06000000000000009,0.010666666666666599,0.052578051089476115,4,LUBRICATION_DEGRADATION,0.13333333333333333,2026-01-01T00:02:00+00:00,True
2026-01-01T00:02:17Z,ENG-DATASET-004,MSN-LUBRICATION_DEGRADATION-004,CRUISE,8500.0,23.0,0.5903539320640401,0.4796460679359599,3509.7936061991345,391.65306811457356,125.09629308304173,64.77525602193197,351.8991075901955,7.407592026916472,7.087375646662117,14.2,3517.2039004581147,388.81973478124024,122.54629308304173,59.81692268859864,375.8601950229057,7.3245801189022455,6.73320897999545,-7.41029425898023,2.8333333333333144,2.549999999999997,4.958333333333329,-23.9610874327102,0.08301190801422642,0.35416666666666696,-0.0021068708180424344,0.0072870100971788865,0.020808462955889055,0.08289181573492092,-0.0637499999999999,0.011333333333333466,0.052599981334146305,4,LUBRICATION_DEGRADATION,0.14166666666666666,2026-01-01T00:02:00+00:00,True
2026-01-01T00:02:18Z,ENG-DATASET-004,MSN-LUBRICATION_DEGRADATION-004,CRUISE,8500.0,23.0,0.5900124058592234,0.4799875941407765,3507.7566354433534,391.6770737767135,125.0085906191554,64.94191355354744,350.402051732712,7.408056678349874,6.790896758769881,14.2,3515.3255063316233,388.6770737767135,122.3085906191554,59.691913553547444,375.7662753165812,7.320214109041378,6.415896758769881,-7.568870888269885,3.0,2.700000000000003,5.249999999999993,-25.364223583869205,0.08784256930849654,0.375,-0.0021531066965597423,0.007718489724257404,0.022075309561920022,0.08795161165825935,-0.06749999999999994,0.012000000000000002,0.058448571431174136,4,LUBRICATION_DEGRADATION,0.15,2026-01-01T00:02:00+00:00,True
2026-01-01T00:02:19Z,ENG-DATASET-004,MSN-LUBRICATION_DEGRADATION-004,CRUISE,8500.0,23.0,0.5901388260313631,0.4798611739686368,3508.3419822040933,391.8965455810593,124.94597853009967,65.11374228863542,349.02521670236536,7.414573360990678,6.235258439331238,14.2,3516.020817278392,388.7298789143926,122.09597853009967,59.57207562196876,375.80104086391964,7.321830178726806,5.839425105997905,-7.678835074298604,3.1666666666666856,2.8499999999999943,5.541666666666664,-26.775824161554283,0.09274318226387201,0.39583333333333304,-0.0021839560893847257,0.008146187978938608,0.023342292140255863,0.09302456912585785,-0.07125000000000002,0.012666666666666548,0.06778635330501233,4,LUBRICATION_DEGRADATION,0.15833333333333333,2026-01-01T00:02:00+00:00,True
2026-01-01T00:02:20Z,ENG-DATASET-004,MSN-LUBRICATION_DEGRADATION-004,CRUISE,8500.0,23.0,0.5907312198359552,0.4792687801640447,3511.461576991353,392.31069330822726,124.91081467646205,65.29116507315491,347.7666529731688,7.427129313927819,6.247477240843995,14.2,3519.278983203648,388.97735997489394,121.91081467646205,59.457831739821586,375.96394916018244,7.329403928218242,5.830810574177328,-7.817406212294827,3.3333333333333144,3.0,5.833333333333329,-28.19729618701365,0.09772538570957678,0.41666666666666696,-0.0022213090379037057,0.008569479039984383,0.024608153164767797,0.09810874636093538,-0.07499999999999991,0.013333333333333364,0.07145947572228492,4,LUBRICATION_DEGRADATION,0.16666666666666666,2026-01-01T00:02:00+00:00,True
2026-01-01T00:02:21Z,ENG-DATASET-004,MSN-LUBRICATION_DEGRADATION-004,CRUISE,8500.0,23.0,0.5917803431658103,0.47821965683418965,3516.987109174746,392.91581157183236,124.90512849811167,65.47457534718984,346.62257700241605,7.44562045568199,6.845141643475022,14.2,3525.049161517851,389.41581157183236,121.75512849811166,59.349575347189834,376.2524580758926,7.342820962211035,6.407641643475022,-8.062052343105279,3.5,3.1500000000000057,6.125000000000007,-29.629881073476554,0.10279949347095485,0.4375,-0.002287075150927495,0.00898782200412626,0.025871600144127482,0.1032020863530917,-0.07875000000000003,0.014000000000000049,0.06827785078235633,4,LUBRICATION_DEGRADATION,0.175,2026-01-01T00:02:00+00:00,True
2026-01-01T00:02:22Z,ENG-DATASET-004,MSN-LUBRICATION_DEGRADATION-004,CRUISE,8500.0,23.0,0.5932698248022544,0.47673017519774563,3524.7720839306803,393.7053281017243,124.93058218417693,65.66432868995224,345.58744512002676,7.4698526610554135,7.211131595948461,14.2,3533.2413105182936,390.03866143505763,121.63058218417693,59.24766202328558,376.6620655259147,7.3618784438785285,6.752798262615128,-8.46922658761332,3.6666666666666856,3.299999999999997,6.416666666666664,-31.07462040588797,0.10797421717688493,0.45833333333333304,-0.0023970133493007766,0.009400777484919132,0.02713133441228647,0.10830244515209358,-0.08250000000000002,0.014666666666666646,0.06787309727150596,4,LUBRICATION_DEGRADATION,0.18333333333333332,2026-01-01T00:02:00+00:00,True
2026-01-01T00:02:23Z,ENG-DATASET-004,MSN-LUBRICATION_DEGRADATION-004,CRUISE,8500.0,23.0,0.5951764218825207,0.4748235781174793,3534.670559079685,394.6698898515845,124.98843787871552,65.86073504821172,344.6540544718802,7.499544275440493,6.864141504169614,14.2,3543.7275944597586,390.8365565182512,121.53843787871551,59.152401714878394,377.1863797229879,7.38628786156319,6.384974837502947,-9.057035380073557,3.8333333333333144,3.450000000000003,6.708333333333329,-32.53232525110769,0.1132564138773029,0.47916666666666696,-0.00255579333869603,0.009808021459103982,0.02838608147525143,0.11340762401615224,-0.08624999999999997,0.015333333333333421,0.07504597572604699,4,LUBRICATION_DEGRADATION,0.19166666666666665,2026-01-01T00:02:00+00:00,True
2026-01-01T00:02:24Z,ENG-DATASET-004,MSN-LUBRICATION_DEGRADATION-004,CRUISE,8500.0,23.0,0.5974703825968497,0.4725296174031503,3546.5474370787774,395.7974865671218,125.079531255022,66.06405176571874,343.81366921667984,7.534329852500475,6.34802917110906,14.2,3556.3443783885677,391.7974865671218,121.47953125502201,59.06405176571875,377.8172189194284,7.41567898868157,5.84802917110906,-9.796941309790327,4.0,3.5999999999999943,6.999999999999993,-34.00354970274856,0.118650863818905,0.5,-0.002754778578060392,0.010209355948266732,0.029634622086600858,0.11851540472986732,-0.09000000000000001,0.015999999999999983,0.08549888951822322,4,LUBRICATION_DEGRADATION,0.2,2026-01-01T00:02:00+00:00,True
2026-01-01T00:02:25Z,ENG-DATASET-004,MSN-LUBRICATION_DEGRADATION-004,CRUISE,8500.0,23.0,0.6001159104555293,0.46988408954447075,3560.2773035468986,397.07361122439386,125.20425174346299,66.27447751883902,343.0561697917623,7.573765090914874,6.452380474144475,14.2,3570.894781611305,392.9069445577272,121.45425174346299,58.982810852172356,378.54473908056525,7.4496050074572535,5.9315471408111415,-10.617478064406441,4.166666666666686,3.75,7.291666666666664,-35.48856928880298,0.1241600834576202,0.520833333333333,-0.0029733382565855066,0.010604716267758676,0.03087582316937567,0.12362358730141987,-0.09374999999999996,0.016666666666666573,0.08780733271928592,4,LUBRICATION_DEGRADATION,0.20833333333333334,2026-01-01T00:02:00+00:00,True
2026-01-01T00:02:26Z,ENG-DATASET-004,MSN-LUBRICATION_DEGRADATION-004,CRUISE,8500.0,23.0,0.6030717228811443,0.46692827711885565,3575.731880922886,398.4814564544269,125.36252964714404,66.49214724961685,342.3702227165925,7.617332934199254,7.080971882942422,14.2,3587.1517499521883,394.1481231210936,121.46252964714404,58.90881391628351,379.3575874976094,7.487548755765976,6.539305216275755,-11.41986902930239,4.333333333333314,3.9000000000000057,7.583333333333336,-36.987364781016936,0.12978417843327783,0.541666666666667,-0.0031835477909331828,0.010994174725530763,0.03210866767989882,0.12873002916185278,-0.09750000000000004,0.017333333333333454,0.08283244912907663,4,LUBRICATION_DEGRADATION,0.21666666666666667,2026-01-01T00:02:00+00:00,True
2026-01-01T00:02:27Z,ENG-DATASET-004,MSN-LUBRICATION_DEGRADATION-004,CRUISE,8500.0,23.0,0.6062916954093903,0.4637083045906097,3592.759413285167,400.0021456978853,125.55383032487676,66.71712817205758,341.74346809866074,7.664450784214893,7.389261939174523,14.2,3604.8615988575407,395.5021456978853,121.50383032487676,58.842128172057585,380.24307994287705,7.528930043433097,6.826761939174523,-12.102185572373855,4.5,4.049999999999997,7.875,-38.499611844216304,0.13552074078179555,0.5625,-0.003357184524423712,0.011377940799940547,0.03333228252287285,0.1338326849255532,-0.10125,0.017999999999999974,0.08239631102004068,4,LUBRICATION_DEGRADATION,0.225,2026-01-01T00:02:00+00:00,True
2026-01-01T00:02:28Z,ENG-DATASET-004,MSN-LUBRICATION_DEGRADATION-004,CRUISE,8500.0,23.0,0.6097255814459116,0.4602744185540884,3611.1618355486376,401.61499737560786,125.77715556011262,66.9494169108032,341.1627217496138,7.714478763770847,6.993936711362547,14.2,3623.747972058408,396.94833070894117,121.57715556011262,58.78275024413653,381.18739860292044,7.5731139696703345,6.410603378029214,-12.586136509770313,4.666666666666686,4.200000000000003,8.166666666666664,-40.02467685330663,0.14136479410051273,0.583333333333333,-0.0034732372689320816,0.011756357958054943,0.034545963677554165,0.1389296457336355,-0.10499999999999995,0.018666666666666644,0.09099507471208815,4,LUBRICATION_DEGRADATION,0.23333333333333334,2026-01-01T00:02:00+00:00,True
2026-01-01T00:02:29Z,ENG-DATASET-004,MSN-LUBRICATION_DEGRADATION-004,CRUISE,8500.0,23.0,0.6133197963476013,0.4566802036523988,3630.6766732343644,403.2978198177494,126.03105216621175,67.1889378138301,340.61418861341383,7.766728946743789,6.5216293041048985,14.2,3643.5161540177014,398.4644864844161,121.68105216621176,58.730604480496766,382.1758077008851,7.619420157040995,5.9174626374382315,-12.839480783336967,4.833333333333314,4.349999999999994,8.458333333333329,-41.561619087471286,0.1473087897027936,0.604166666666667,-0.0035239258563953078,0.012129897386783415,0.03574919778025964,0.14401917719307944,-0.10875000000000008,0.019333333333333466,0.10209894065815696,4,LUBRICATION_DEGRADATION,0.24166666666666667,2026-01-01T00:02:00+00:00,True
2026-01-01T00:02:30Z,ENG-DATASET-004,MSN-LUBRICATION_DEGRADATION-004,CRUISE,8500.0,23.0,0.6170182535930345,0.4529817464069655,3650.969887232175,405.0272340739738,126.31362780143992,67.43554246259913,340.0836840559991,7.82047545563449,6.7106832979863,14.2,3663.8576688675844,400.0272340739738,121.81362780143992,58.68554246259912,383.19288344337923,7.6671327996416565,6.0856832979863,-12.887781635409283,5.0,4.5,8.750000000000007,-43.10919938738016,0.1533426559928337,0.625,-0.0035175442935239908,0.01249914899312928,0.03694167952484875,0.14909975494520594,-0.11249999999999999,0.020000000000000073,0.10270005345279914,4,LUBRICATION_DEGRADATION,0.25,2026-01-01T00:02:00+00:00,True
2026-01-01T00:02:31Z,ENG-DATASET-004,MSN-LUBRICATION_DEGRADATION-004,CRUISE,8500.0,23.0,0.6207632399938777,0.44923676000612234,3671.643414793375,406.7790210451537,126.62257388075811,67.68901038451763,339.5568594693163,7.87496530686099,7.352849154660189,14.2,3684.4550940722215,401.612354378487,121.9725738807581,58.64734371785096,384.2227547036111,7.715511404501298,6.707015821326856,-12.81167927884644,5.166666666666686,4.650000000000006,9.041666666666671,-44.665895234294794,0.1594539023596928,0.645833333333333,-0.003477224976756715,0.01286481008449636,0.03812332438393817,0.15417009694702655,-0.11625000000000002,0.02066666666666658,0.09629220364736923,4,LUBRICATION_DEGRADATION,0.2583333333333333,2026-01-01T00:02:00+00:00,True
2026-01-01T00:02:32Z,ENG-DATASET-004,MSN-LUBRICATION_DEGRADATION-004,CRUISE,8500.0,23.0,0.6244963162898886,0.44550368371011145,3692.257528512973,408.5284886564516,126.95519537576025,67.94905095392336,339.01942860281235,7.929429863956546,7.59112710718239,14.2,3704.9870137002818,403.1951553231183,122.15519537576026,58.61571762059003,385.24935068501406,7.763802086119333,6.924460440515723,-12.72948518730891,5.333333333333314,4.799999999999997,9.333333333333329,-46.22992208220171,0.16562777783721305,0.666666666666667,-0.0034357705277340746,0.013227672165503109,0.039294276311660506,0.15922919162649293,-0.12000000000000006,0.021333333333333412,0.09627705615385314,4,LUBRICATION_DEGRADATION,0.26666666666666666,2026-01-01T00:02:00+00:00,True
2026-01-01T00:02:33Z,ENG-DATASET-004,MSN-LUBRICATION_DEGRADATION-004,CRUISE,8500.0,23.0,0.6281592290740277,0.44184077092597235,3712.3642468640155,410.25085406218335,127.30844718973881,68.21530644936027,338.4573910526966,7.983096738954786,7.147052261616129,14.2,3725.133034013046,404.75085406218335,122.35844718973881,58.59030644936027,386.25665170065236,7.811249255337364,6.459552261616129,-12.768787149030686,5.5,4.950000000000003,9.625,-47.79926064795575,0.1718474836174222,0.6875,-0.003427739904170619,0.013588606286560213,0.040454910254983344,0.16427632117471358,-0.12375000000000005,0.022000000000000023,0.10643152530636743,4,LUBRICATION_DEGRADATION,0.275,2026-01-01T00:02:00+00:00,True
2026-01-01T00:02:34Z,ENG-DATASET-004,MSN-LUBRICATION_DEGRADATION-004,CRUISE,8500.0,23.0,0.6316948198173914,0.43830518018260867,3731.5449059479383,411.9216351698257,127.6789766833439,68.48735621697524,337.857249412805,8.035201963498588,6.719128531555037,14.2,3744.578783101547,406.25496850315903,122.57897668334391,58.57068955030857,387.22893915507734,7.857107526237212,6.010795198221704,-13.0338771536085,5.666666666666686,5.099999999999994,9.916666666666671,-49.37168974227234,0.1780944372613762,0.708333333333333,-0.003480732522554338,0.01394854735572944,0.041605829465967345,0.16931107936075898,-0.12749999999999995,0.02266666666666659,0.11784353150859203,4,LUBRICATION_DEGRADATION,0.2833333333333333,2026-01-01T00:02:00+00:00,True
2026-01-01T00:02:35Z,ENG-DATASET-004,MSN-LUBRICATION_DEGRADATION-004,CRUISE,8500.0,23.0,0.6350479168089384,0.4349520831910616,3749.443513001905,413.5170451328989,128.06317180999866,68.764721872703,337.2062167191103,8.08500223458531,6.98159286873238,14.2,3763.0208165550553,407.6837117995656,122.81317180999866,58.55638853936968,388.1510408277528,7.9006536494318995,6.252426202065713,-13.57730355315016,5.833333333333314,5.25,10.208333333333329,-50.944824108642536,0.18434858515341102,0.729166666666667,-0.003608086219831177,0.014308477784369335,0.042747857763352534,0.17433338339282792,-0.13124999999999995,0.023333333333333338,0.11662139513550125,4,LUBRICATION_DEGRADATION,0.2916666666666667,2026-01-01T00:02:00+00:00,True
2026-01-01T00:02:36Z,ENG-DATASET-004,MSN-LUBRICATION_DEGRADATION-004,CRUISE,8500.0,23.0,0.638166196091588,0.431833803908412,3765.7881267568137,415.0143829308334,128.45721420226963,69.04687345979085,336.4924110003665,8.131787026379115,7.617963775116199,14.2,3780.1713526096287,409.0143829308334,123.05721420226963,58.54687345979084,389.0085676304815,7.941198267948354,6.867963775116199,-14.38322585281503,6.0,5.3999999999999915,10.500000000000007,-52.516156630115006,0.19058875843076084,0.75,-0.0038049137224654165,0.014669410784546012,0.043882027031133586,0.1793434794978635,-0.135,0.024000000000000042,0.10920267266367617,4,LUBRICATION_DEGRADATION,0.3,2026-01-01T00:02:00+00:00,True
2026-01-01T00:02:37Z,ENG-DATASET-004,MSN-LUBRICATION_DEGRADATION-004,CRUISE,8500.0,23.0,0.64100099796007,0.42899900203993,3780.3951900644856,416.39241276795264,128.8571364345748,69.33323646339761,335.70503397679045,8.174890350174184,7.773993214940652,14.2,3795.76276288628,410.22574610128595,123.30713643457482,58.54156979673094,389.788138144314,7.978097283839477,7.003159881607319,-15.36757282179451,6.166666666666686,5.549999999999997,10.791666666666671,-54.08310416752357,0.19679306633470706,0.770833333333333,-0.004048612566637089,0.01503237357789854,0.04500956035861522,0.18434194204456225,-0.13875,0.02466666666666666,0.11006936102627098,4,LUBRICATION_DEGRADATION,0.30833333333333335,2026-01-01T00:02:00+00:00,True
2026-01-01T00:02:38Z,ENG-DATASET-004,MSN-LUBRICATION_DEGRADATION-004,CRUISE,8500.0,23.0,0.6435080862793506,0.4264919137206494,3793.1558725952937,417.6317248193255,129.25888257826713,69.62319957071499,334.8345312230396,8.213701940280952,7.281095992635233,14.2,3809.551748642323,411.29839148599217,123.55888257826714,58.53986623738165,390.47758743211614,8.010762620560095,6.489429325968566,-16.39587604702956,6.333333333333314,5.699999999999989,11.083333333333336,-55.64305620907652,0.20293931972085666,0.791666666666667,-0.004303885897565992,0.01539839071689881,0.0461318513170381,0.18932966618662822,-0.14249999999999993,0.025333333333333447,0.12199326426110796,4,LUBRICATION_DEGRADATION,0.31666666666666665,2026-01-01T00:02:00+00:00,True
2026-01-01T00:02:39Z,ENG-DATASET-004,MSN-LUBRICATION_DEGRADATION-004,CRUISE,8500.0,23.0,0.645648338774725,0.42435166122527496,3804.008051413377,418.71506985807974,129.6583710668924,69.91612305350819,333.8727314263488,8.24767764507038,6.897485868050643,14.2,3821.323137366882,412.21506985807974,123.80837106689242,58.541123053508194,391.06615686834414,8.038672168684581,6.084985868050643,-17.315085953504877,6.5,5.849999999999994,11.374999999999993,-57.193425441995316,0.20900547638579958,0.8125,-0.004531175546027232,0.015768467664799023,0.047250439930586745,0.19430785414900445,-0.14624999999999996,0.026000000000000058,0.13352537172946446,4,LUBRICATION_DEGRADATION,0.325,2026-01-01T00:02:00+00:00,True
2026-01-01T00:02:40Z,ENG-DATASET-004,MSN-LUBRICATION_DEGRADATION-004,CRUISE,8500.0,23.0,0.6473883575218288,0.4226116424781712,3812.901388937388,419.6276605375202,130.05155880697453,70.21134764034161,332.812962720228,8.276348810163311,7.2215546870955105,14.2,3830.8932404759526,412.96099387085354,124.05155880697451,58.54468097367495,391.5446620237976,8.061378711198032,6.3882213537621775,-17.991851538564333,6.666666666666686,6.000000000000014,11.666666666666664,-58.731699303569656,0.21497009896527963,0.833333333333333,-0.004696516036643458,0.016143574733723087,0.04836698593474408,0.1992779954153763,-0.15000000000000002,0.026666666666666516,0.13044841234916868,4,LUBRICATION_DEGRADATION,0.3333333333333333,2026-01-01T00:02:00+00:00,True
2026-01-01T00:02:41Z,ENG-DATASET-004,MSN-LUBRICATION_DEGRADATION-004,CRUISE,8500.0,23.0,0.6487009901100778,0.42129900988992225,3819.76502589752,420.3574325818793,130.43450540749072,70.50820373819033,331.65014445278524,8.299330455031795,7.834275172286406,14.2,3838.1127197113215,413.524099248546,124.28450540749071,58.549870404856996,391.90563598556605,8.078517639550741,6.980108505619739,-18.34769381380147,6.833333333333314,6.150000000000006,11.958333333333336,-60.25549153278081,0.2208128154810538,0.854166666666667,-0.004780394728787816,0.016524631444094346,0.04948323992468767,0.2042418411969932,-0.15375000000000008,0.02733333333333336,0.12237154565419302,4,LUBRICATION_DEGRADATION,0.3416666666666667,2026-01-01T00:02:00+00:00,True
2026-01-01T00:02:42Z,ENG-DATASET-004,MSN-LUBRICATION_DEGRADATION-004,CRUISE,8500.0,23.0,0.6495657533469535,0.4204342466530464,3824.4870743221545,420.895259859114,130.8034363632195,70.8060208577605,330.38085315028314,8.316328065010724,7.8992906105364575,14.2,3842.868917514139,413.895259859114,124.50343636321949,58.55602085776051,392.14344587570696,8.08981329281199,7.0242906105364575,-18.381843191984444,7.0,6.300000000000011,12.249999999999993,-61.762592725423815,0.22651477219873506,0.875,-0.004783364612882821,0.016912491344749234,0.050601012984258016,0.2092013736684173,-0.15749999999999992,0.02799999999999992,0.12456773908065497,4,LUBRICATION_DEGRADATION,0.35,2026-01-01T00:02:00+00:00,True
2026-01-01T00:02:43Z,ENG-DATASET-004,MSN-LUBRICATION_DEGRADATION-004,CRUISE,8500.0,23.0,0.6499691528913724,0.42003084710862765,3826.91235261338,421.23511825230656,131.15480401653855,71.10413709373404,329.00336185441654,8.327142847495073,7.36096131984848,14.2,3845.0876150084423,414.0684515856399,124.70480401653855,58.56247042706737,392.2543807504221,8.095083779159177,6.465127986515147,-18.17526239506242,7.166666666666686,6.450000000000003,12.541666666666671,-63.251018896005576,0.2320590683358965,0.895833333333333,-0.00472687860846638,0.01730792732269881,0.05172214535652206,0.21415877054377058,-0.16125000000000003,0.02866666666666668,0.13856389776070124,4,LUBRICATION_DEGRADATION,0.35833333333333334,2026-01-01T00:02:00+00:00,True
2026-01-01T00:02:44Z,ENG-DATASET-004,MSN-LUBRICATION_DEGRADATION-004,CRUISE,8500.0,23.0,0.649904893828364,0.42009510617163603,3826.860259042798,421.37419438462035,131.48534514116687,71.40190851036365,327.51765243925917,8.331675333187928,7.023958750478482,14.2,3844.7341901618965,414.04086105128704,124.88534514116687,58.56857517703032,392.2367095080948,8.094244170843194,6.107292083811815,-17.873931119098415,7.333333333333314,6.6000000000000085,12.833333333333336,-64.71905706883564,0.23743116234473405,0.916666666666667,-0.004648938063087729,0.017711617434842834,0.05284847467522755,0.21911636563708603,-0.16499999999999998,0.029333333333333378,0.15009379837856668,4,LUBRICATION_DEGRADATION,0.36666666666666664,2026-01-01T00:02:00+00:00,True
2026-01-01T00:02:45Z,ENG-DATASET-004,MSN-LUBRICATION_DEGRADATION-004,CRUISE,8500.0,23.0,0.6493739788991146,0.4206260211008854,3824.1594338397545,421.31293654661533,131.79213404071555,71.69871828438767,325.9254009439957,8.32992723963865,7.400376556609981,14.2,3841.8141580510246,413.81293654661533,125.04213404071557,58.57371828438766,392.09070790255123,8.087307999649175,6.462876556609981,-17.65472421127015,7.5,6.749999999999986,13.125000000000007,-66.1653069585555,0.24261923998947488,0.9375,-0.004595413386738753,0.01812413131061005,0.053981804227702046,0.22407660610302021,-0.16874999999999996,0.029999999999999954,0.1450592459546765,4,LUBRICATION_DEGRADATION,0.375,2026-01-01T00:02:00+00:00,True
2026-01-01T00:02:46Z,ENG-DATASET-004,MSN-LUBRICATION_DEGRADATION-004,CRUISE,8500.0,23.0,0.6483846928535261,0.4216153071464739,3818.691243640641,421.0550465749414,132.07263013435087,71.9939854610828,324.2299363836119,8.322001553696115,7.976075379173419,14.2,3836.3730848002874,413.3883799082747,125.17263013435088,58.57731879441613,391.8186542400144,8.074387018463243,7.017742045840086,-17.68184115964641,7.666666666666686,6.8999999999999915,13.416666666666671,-67.58871785640247,0.2476145352328718,0.958333333333333,-0.004608999377485437,0.018545917203497145,0.05512387166902262,0.22904200709073103,-0.17249999999999996,0.030666666666666544,0.13655864337467424,4,LUBRICATION_DEGRADATION,0.3833333333333333,2026-01-01T00:02:00+00:00,True
2026-01-01T00:02:47Z,ENG-DATASET-004,MSN-LUBRICATION_DEGRADATION-004,CRUISE,8500.0,23.0,0.6469524731694647,0.42304752683053537,3810.4313570877403,420.6074128822872,132.32471910963966,72.2871731853713,322.4361739149068,8.308100830450249,7.947351151023416,14.2,3828.4958765379506,412.77407954895386,125.27471910963965,58.57883985203797,391.42479382689754,8.055689234437862,6.968184484356749,-18.064519450210355,7.833333333333314,7.050000000000011,13.708333333333329,-68.98861991199072,0.2524115960123865,0.979166666666667,-0.004718437744941708,0.01897728980921706,0.05627631855897355,0.23401510456606306,-0.17625000000000007,0.03133333333333335,0.14051962442510682,4,LUBRICATION_DEGRADATION,0.39166666666666666,2026-01-01T00:02:00+00:00,True
2026-01-01T00:02:48Z,ENG-DATASET-004,MSN-LUBRICATION_DEGRADATION-004,CRUISE,8500.0,23.0,0.6450996691560816,0.4249003308439183,3799.4785589764606,419.9799862812247,132.5467468557063,72.57779627814767,320.5505236330381,8.288523747209842,7.372519051935438,14.2,3818.3054544643433,411.9799862812247,125.3467468557063,58.577796278147666,390.9152727232172,8.031515258924266,6.372519051935438,-18.826895487882666,8.0,7.199999999999989,14.000000000000007,-70.36474909017909,0.2570084882855763,1.0,-0.004930693919699472,0.019418419016449653,0.05744066105112655,0.238998407067469,-0.18,0.03199999999999998,0.15692381487604712,4,LUBRICATION_DEGRADATION,0.4,2026-01-01T00:02:00+00:00,True
2026-01-01T00:02:49Z,ENG-DATASET-004,MSN-LUBRICATION_DEGRADATION-004,CRUISE,8500.0,23.0,0.6428551932003197,0.4271448067996803,3786.0626135753714,419.18560162093837,132.73754554399247,72.86542803826374,318.58077664813106,8.263659990529222,7.088564712718052,14.2,3805.960836707652,411.0189349542717,125.38754554399246,58.57376137159707,390.2980418353826,8.002253057323326,6.067731379384719,-19.89822313228069,8.166666666666686,7.3500000000000085,14.291666666666671,-71.71726518725154,0.2614069332058957,1.020833333333333,-0.005228173380126963,0.019869319810230338,0.058618262030029504,0.2439943471616768,-0.18374999999999997,0.03266666666666671,0.16823970434842284,4,LUBRICATION_DEGRADATION,0.4083333333333333,2026-01-01T00:02:00+00:00,True
2026-01-01T00:02:50Z,ENG-DATASET-004,MSN-LUBRICATION_DEGRADATION-004,CRUISE,8500.0,23.0,0.6402540695987841,0.429745930401216,3770.5278641992927,418.239749511568,132.89645139404908,73.14970616274788,316.53597043653025,8.233983590808405,7.512271368218871,14.2,3791.654656899207,409.9064161782347,125.39645139404908,58.56637282941454,389.58273284496033,7.968371216911359,6.470604701552204,-21.126792699914404,8.333333333333314,7.5,14.583333333333336,-73.04676240843008,0.26561237389704573,1.041666666666667,-0.0055719190199646955,0.020329843604374887,0.05981030496973,0.24900523335822775,-0.18750000000000006,0.03333333333333339,0.1609844388140086,4,LUBRICATION_DEGRADATION,0.4166666666666667,2026-01-01T00:02:00+00:00,True
2026-01-01T00:02:51Z,ENG-DATASET-004,MSN-LUBRICATION_DEGRADATION-004,CRUISE,8500.0,23.0,0.6373368880153083,0.43266311198469176,3753.2951826567387,417.1603034992343,133.02331384212502,73.43033769164434,314.4262357718118,8.200044851285599,8.043414873612797,14.2,3775.6101581900907,408.6603034992343,125.37331384212503,58.55533769164434,388.78050790950454,7.930410881320695,6.9809148736127975,-22.314975533352026,8.5,7.6499999999999915,14.875,-74.35427213769276,0.26963396996490374,1.0624999999999991,-0.005910296507955453,0.020799671333910037,0.06101776977541784,0.2540332032296112,-0.19125000000000006,0.034000000000000016,0.1522006813198868,4,LUBRICATION_DEGRADATION,0.425,2026-01-01T00:02:00+00:00,True
2026-01-01T00:02:52Z,ENG-DATASET-004,MSN-LUBRICATION_DEGRADATION-004,CRUISE,8500.0,23.0,0.6341491700928259,0.4358508299071741,3734.810381641629,415.9672089389061,133.11849601471852,73.70710289912934,312.26262781206157,8.162461045296556,7.925049698887202,14.2,3758.077709616436,407.3005422722394,125.3184960147185,58.540436232462675,387.9038854808218,7.888976525737652,6.841716365553869,-23.267327974806904,8.666666666666686,7.800000000000011,15.166666666666664,-75.64125766876026,0.2734845195589042,1.083333333333333,-0.0061912844205612915,0.021278308686546978,0.06224141086950095,0.25908017846741344,-0.195,0.034666666666666526,0.15834233333430978,4,LUBRICATION_DEGRADATION,0.43333333333333335,2026-01-01T00:02:00+00:00,True
2026-01-01T00:02:53Z,ENG-DATASET-004,MSN-LUBRICATION_DEGRADATION-004,CRUISE,8500.0,23.0,0.6307406591033574,0.4392593408966426,3715.4908528157703,414.68214046725967,133.1828665915948,73.9798580690499,310.0569441481728,8.121906076770255,7.328369513467255,14.2,3739.33089917436,405.84880713392636,125.23286659159481,58.52152473571656,386.96654495871803,7.844725766358906,6.224202846800589,-23.840046358589916,8.833333333333314,7.949999999999989,15.458333333333336,-76.90960081054521,0.2771803104113495,1.104166666666666,-0.0063754845456051425,0.021765083888538806,0.06348173779273343,0.2641478225856765,-0.19875,0.03533333333333352,0.17739888847521063,4,LUBRICATION_DEGRADATION,0.44166666666666665,2026-01-01T00:02:00+00:00,True
2026-01-01T00:02:54Z,ENG-DATASET-004,MSN-LUBRICATION_DEGRADATION-004,CRUISE,8500.0,23.0,0.6271645437208875,0.4428354562791125,3695.682992464839,413.3281353915534,133.21778331722416,74.24853711048561,307.82153279975967,8.07909931366477,7.107882749093877,14.2,3719.662264570775,404.3281353915534,125.11778331722417,58.49853711048561,385.98311322853874,7.7983584108733295,5.982882749093877,-23.979272105935706,9.0,8.099999999999994,15.750000000000007,-78.16158042877908,0.2807409027914405,1.125,-0.006446626172041122,0.022259148479203295,0.06473899860792146,0.2692375019610001,-0.20249999999999996,0.03600000000000008,0.18803644450000032,4,LUBRICATION_DEGRADATION,0.45,2026-01-01T00:02:00+00:00,True
2026-01-01T00:02:55Z,ENG-DATASET-004,MSN-LUBRICATION_DEGRADATION-004,CRUISE,8500.0,23.0,0.6234766280298968,0.4465233719701032,3675.640618010723,411.92921048420044,133.2250685809401,74.51315198707786,305.56909327822865,8.03479381235108,7.577650270615006,14.2,3699.3787282703274,402.76254381753375,124.97506858094009,58.4714853204112,384.9689364135164,7.750604963682713,6.431816937281673,-23.738110259604582,9.166666666666686,8.250000000000014,16.041666666666664,-79.39984313528777,0.28418884866836613,1.145833333333333,-0.006416782925792385,0.02275948150436631,0.0660131664153231,0.2743502508746233,-0.20625000000000002,0.03666666666666667,0.1781508000782132,4,LUBRICATION_DEGRADATION,0.4583333333333333,2026-01-01T00:02:00+00:00,True
2026-01-01T00:02:56Z,ENG-DATASET-004,MSN-LUBRICATION_DEGRADATION-004,CRUISE,8500.0,23.0,0.6197344607212879,0.4502655392787121,3655.529551571414,410.5099696191227,133.2069776299908,74.77379195242362,303.31247391888263,7.989764153064343,8.061832268545706,14.2,3678.796808072978,401.1766362857894,124.80697762999081,58.44045861909029,383.9398404036489,7.702214800511897,6.8951656018790395,-23.267256501564134,9.333333333333314,8.399999999999991,16.33333333333333,-80.62736648476624,0.2875493525524453,1.166666666666666,-0.006324691934739379,0.023264897526795288,0.06730392931157314,0.2794867411940167,-0.20999999999999994,0.03733333333333348,0.169200673925617,4,LUBRICATION_DEGRADATION,0.4666666666666667,2026-01-01T00:02:00+00:00,True
2026-01-01T00:02:57Z,ENG-DATASET-004,MSN-LUBRICATION_DEGRADATION-004,CRUISE,8500.0,23.0,0.6159964370643114,0.4540035629356886,3635.4570389748105,409.0952094285136,133.16616010270457,75.03062160250198,301.0644687147871,7.944794102974812,7.8634571743928765,14.2,3658.237677959607,399.5952094285136,124.61616010270457,58.40562160250199,382.9118838979804,7.653944222519086,6.6759571743928765,-22.780638984796497,9.5,8.549999999999997,16.624999999999993,-81.84741518319328,0.2908498804557258,1.1875,-0.006227216761241841,0.02377405878710746,0.0686106841436405,0.28464725729907836,-0.21374999999999994,0.03800000000000007,0.1778771146937433,4,LUBRICATION_DEGRADATION,0.475,2026-01-01T00:02:00+00:00,True
2026-01-01T00:02:58Z,ENG-DATASET-004,MSN-LUBRICATION_DEGRADATION-004,CRUISE,8500.0,23.0,0.61232088766792,0.45767911233208003,3615.5182904640255,407.7095297289001,133.10561566898994,75.28387777460011,298.8376168644337,7.900664314914209,7.263473029995368,14.2,3638.0221562794545,398.04286306223344,124.40561566898995,58.36721110793344,381.90110781397277,7.606544590738969,6.055139696662035,-22.50386581542898,9.666666666666686,8.699999999999989,16.91666666666667,-83.06349094953907,0.29411972417524,1.208333333333333,-0.006185741825839597,0.02428549174905145,0.06993253442150361,0.28983167681909866,-0.2175,0.03866666666666665,0.19955498863212695,4,LUBRICATION_DEGRADATION,0.48333333333333334,2026-01-01T00:02:00+00:00,True
2026-01-01T00:02:59Z,ENG-DATASET-004,MSN-LUBRICATION_DEGRADATION-004,CRUISE,8500.0,23.0,0.6087651682511251,0.46123483174887486,3595.8478013274007,406.37695490066915,133.02864464127435,75.53386534024206,296.64400817377833,7.858140257216765,7.118756691271974,14.2,3618.4656994870825,396.54362156733583,124.17864464127436,58.32553200690872,380.92328497435415,7.560750728560068,5.889590024605308,-22.617898159681772,9.833333333333314,8.849999999999994,17.208333333333336,-84.27927680057581,0.297389528656697,1.229166666666666,-0.006250687456533817,0.024797608128122536,0.07126829275328103,0.2950394576991598,-0.2212499999999999,0.03933333333333346,0.2087015669225701,4,LUBRICATION_DEGRADATION,0.49166666666666664,2026-01-01T00:02:00+00:00,True
2026-01-01T00:03:00Z,ENG-DATASET-004,MSN-LUBRICATION_DEGRADATION-004,CRUISE,8500.0,23.0,0.6053847646261847,0.46461523537381527,3576.6614728771115,405.12057174561903,132.9387944707874,75.78095195691833,294.49509733255906,7.817960554473821,7.6349952216544406,14.2,3599.8734795499104,395.12057174561903,123.9387944707874,58.28095195691832,379.9936739774955,7.5172697639171355,6.3849952216544406,-23.212006672798907,10.0,9.0,17.500000000000007,-85.49857664493646,0.30069079055668535,1.25,-0.006448006243736402,0.025308730334694038,0.07261648814989334,0.30026963205639,-0.22499999999999992,0.039999999999999994,0.1957714855855613,4,LUBRICATION_DEGRADATION,0.5,2026-01-01T00:02:00+00:00,True
2026-01-01T00:03:01Z,ENG-DATASET-004,MSN-LUBRICATION_DEGRADATION-004,CRUISE,8500.0,23.0,0.6022324268610607,0.46776757313893935,3558.277422335216,403.9621886330446,132.8398030728681,76.02556185969539,292.4015299172716,7.7808259012569225,8.072494469927081,14.2,3582.5356218417282,393.7955219663779,123.6898030728681,58.233895193028715,379.1267810920864,7.476770564948997,6.801661136593747,-24.258199506512028,10.166666666666686,9.150000000000006,17.79166666666667,-86.72525117481479,0.3040553363079255,1.270833333333334,-0.006771237488502975,0.025817121068062096,0.07397537850884571,0.3055208072153234,-0.22875000000000006,0.040666666666666615,0.18684161233733024,4,LUBRICATION_DEGRADATION,0.5083333333333333,2026-01-01T00:02:00+00:00,True
2026-01-01T00:03:02Z,ENG-DATASET-004,MSN-LUBRICATION_DEGRADATION-004,CRUISE,8500.0,23.0,0.5993573461322511,0.4706426538677489,3541.108385357561,402.92202001453285,132.7355399326113,76.26816878879991,290.372982761852,7.747388691997366,7.806388044826949,14.2,3566.7226778332756,392.58868668119953,123.43553993261128,58.184835455466576,378.3361338916638,7.439873903966742,6.514721378160282,-25.614292475714592,10.333333333333314,9.300000000000011,18.083333333333336,-87.96315112981182,0.30751478803062415,1.291666666666667,-0.00718146455145059,0.026321016585290617,0.07534296852492627,0.31079117422569547,-0.23249999999999996,0.04133333333333317,0.1982689038700571,4,LUBRICATION_DEGRADATION,0.5166666666666666,2026-01-01T00:02:00+00:00,True
2026-01-01T00:03:03Z,ENG-DATASET-004,MSN-LUBRICATION_DEGRADATION-004,CRUISE,8500.0,23.0,0.5968043871129334,0.4731956128870666,3525.625607263814,402.01839967494266,132.62994593122372,76.50928816278622,288.41802108573205,7.718243491089505,7.222303836407626,14.2,3552.6814032270277,391.51839967494266,123.17994593122371,58.13428816278622,377.63407016135136,7.407143465536953,5.909803836407626,-27.055795963213768,10.5,9.450000000000003,18.375,-89.21604907561931,0.3111000255525527,1.3125,-0.00761559872456844,0.026818662951007165,0.07671703318717411,0.31607852406391856,-0.23625000000000013,0.04200000000000009,0.22208858979620977,4,LUBRICATION_DEGRADATION,0.525,2026-01-01T00:02:00+00:00,True
2026-01-01T00:03:04Z,ENG-DATASET-004,MSN-LUBRICATION_DEGRADATION-004,CRUISE,8500.0,23.0,0.5946133878747448,0.4753866121252551,3512.3013798018105,401.2675254200071,132.52697280693485,76.74946861869842,286.5439744818457,7.693918448646567,7.164281688728707,14.2,3540.630907416991,390.6008587533404,122.92697280693486,58.082801952031744,377.0315453708496,7.379077796016529,5.830948355395374,-28.329527615180268,10.666666666666686,9.599999999999994,18.66666666666667,-90.4875708890039,0.31484065263003824,1.333333333333333,-0.008001265411719407,0.027308354366426403,0.0780951469054513,0.3213802716005802,-0.24000000000000002,0.042666666666666624,0.2286649189920539,4,LUBRICATION_DEGRADATION,0.5333333333333333,2026-01-01T00:02:00+00:00,True
2026-01-01T00:03:05Z,ENG-DATASET-004,MSN-LUBRICATION_DEGRADATION-004,CRUISE,8500.0,23.0,0.5928185382279987,0.47718146177200127,3501.543079216116,400.6832373006479,132.43052312542423,76.98928305054518,284.7568335492332,7.674867749754477,7.725890918895578,14.2,3530.759234359887,389.84990396731456,122.68052312542423,58.03094971721185,376.53796171799434,7.356103274525059,6.371724252228911,-29.216155143771175,10.833333333333314,9.75,18.958333333333336,-91.78112816876114,0.3187644752294183,1.354166666666667,-0.00827475146406236,0.027788472494382332,0.07947471816721832,0.3266934872808111,-0.24375000000000005,0.04333333333333321,0.21252750637991938,4,LUBRICATION_DEGRADATION,0.5416666666666666,2026-01-01T00:02:00+00:00,True
2026-01-01T00:03:06Z,ENG-DATASET-004,MSN-LUBRICATION_DEGRADATION-004,CRUISE,8500.0,23.0,0.5914478462011294,0.4785521537988706,3493.634207501312,400.27683095393047,132.34439158673007,77.22931928526194,283.06116861148047,7.661465168935105,8.116478645485001,14.2,3523.220428212106,389.27683095393047,122.44439158673006,57.979319285261944,376.1610214106053,7.338568169478069,6.741478645485001,-29.586220710793896,11.0,9.900000000000006,19.249999999999993,-93.09985279912485,0.3228969994570354,1.375,-0.0083974935186805,0.028257525558467698,0.08085302945858175,0.3320149363135632,-0.24750000000000008,0.04400000000000005,0.20396118897756718,4,LUBRICATION_DEGRADATION,0.55,2026-01-01T00:02:00+00:00,True
2026-01-01T00:03:07Z,ENG-DATASET-004,MSN-LUBRICATION_DEGRADATION-004,CRUISE,8500.0,23.0,0.5905227009847764,0.4794772990152236,3488.696768395588,400.056907206362,132.27220844154945,77.47017054101839,281.4600715989861,7.653998787055045,7.794166961340965,14.2,3518.132129522165,388.8902405396953,122.22220844154944,57.928503874351726,375.90660647610827,7.326737830620655,6.398333628007632,-29.435361126576936,11.166666666666686,10.050000000000011,19.541666666666664,-94.44653487712219,0.32726095643438935,1.395833333333333,-0.008366758280501211,0.02871418591315065,0.08222728199847773,0.337341125002175,-0.25125,0.044666666666666674,0.21815575968456957,4,LUBRICATION_DEGRADATION,0.5583333333333333,2026-01-01T00:02:00+00:00,True
2026-01-01T00:03:08Z,ENG-DATASET-004,MSN-LUBRICATION_DEGRADATION-004,CRUISE,8500.0,23.0,0.5900575391606181,0.4799424608393819,3486.684501655567,400.0292587354335,132.21738573244699,77.71242581615158,279.9551217959762,7.652666915131078,7.24237764259666,14.2,3515.573739489294,388.69592540210016,122.017385732447,57.879092482818244,375.7786869744647,7.320791054015701,5.825710975929994,-28.88923783372684,11.333333333333314,10.199999999999989,19.833333333333336,-95.82356517848848,0.33187586111537737,1.416666666666666,-0.008217503023538788,0.02915732476899301,0.08359464463831398,0.3426683536757419,-0.25499999999999995,0.045333333333333184,0.24317489702456702,4,LUBRICATION_DEGRADATION,0.5666666666666667,2026-01-01T00:02:00+00:00,True
2026-01-01T00:03:09Z,ENG-DATASET-004,MSN-LUBRICATION_DEGRADATION-004,CRUISE,8500.0,23.0,0.5900596194233431,0.4799403805766569,3487.4091567748833,400.19679431169413,132.18306701699464,77.95666035811195,278.5463757683768,7.6575752582578,7.277373411824439,14.2,3515.585180934281,388.69679431169413,121.83306701699465,57.83166035811195,375.77925904671406,7.320817646517972,5.839873411824439,-28.17602415939791,11.5,10.349999999999994,20.125,-97.23288327833728,0.3367576117398272,1.4375,-0.00801460431458242,0.02958604281870718,0.08495230608087917,0.34799277550358454,-0.25875000000000004,0.04600000000000007,0.24615259589178484,4,LUBRICATION_DEGRADATION,0.575,2026-01-01T00:02:00+00:00,True
2026-01-01T00:03:10Z,ENG-DATASET-004,MSN-LUBRICATION_DEGRADATION-004,CRUISE,8500.0,23.0,0.5905289093111473,0.4794710906888527,3490.593885984922,400.55950093238073,132.17208117193803,78.20342636058463,277.23238140232195,7.668735342945836,7.878882516519415,14.2,3518.1662753172045,388.89283426571404,121.67208117193803,57.78675969391796,375.90831376586027,7.326817206636149,6.420549183186082,-27.572389332282455,11.666666666666686,10.5,20.41666666666667,-98.67593236353832,0.3419181363096868,1.458333333333333,-0.007837147870390656,0.029999695645447005,0.08629752938278562,0.35331046029936025,-0.2625,0.04666666666666665,0.22713529508540597,4,LUBRICATION_DEGRADATION,0.5833333333333334,2026-01-01T00:02:00+00:00,True
2026-01-01T00:03:11Z,ENG-DATASET-004,MSN-LUBRICATION_DEGRADATION-004,CRUISE,8500.0,23.0,0.5914580857122896,0.4785419142877104,3495.940993914681,401.1144439904262,132.18690082117155,78.45324403341039,276.01021560139293,7.686064222129097,8.219141287367568,14.2,3523.276745523487,389.2811106570929,121.53690082117156,57.74491070007706,376.1638372761744,7.338699129976859,6.739974620700902,-27.335751608806277,11.833333333333314,10.649999999999991,20.70833333333333,-100.15362167478145,0.34736509215223865,1.479166666666666,-0.007758616079062714,0.030397912997522696,0.08762770753608666,0.3586174622537895,-0.26625000000000004,0.04733333333333343,0.2194617561501804,4,LUBRICATION_DEGRADATION,0.5916666666666667,2026-01-01T00:02:00+00:00,True
2026-01-01T00:03:12Z,ENG-DATASET-004,MSN-LUBRICATION_DEGRADATION-004,CRUISE,8500.0,23.0,0.5928326491398013,0.47716735086019874,3503.197454963844,401.8558054782245,132.22960587601003,78.70659318413507,274.8755448196802,7.709385463517819,7.848746115348127,14.2,3530.8368443748013,389.8558054782245,121.42960587601002,57.70659318413508,376.54184221874004,7.3562838392345595,6.348746115348127,-27.639389410957392,12.0,10.800000000000011,20.999999999999993,-101.66629739905983,0.3531016242832594,1.5,-0.007827999601565121,0.03078061127056953,0.08894041878903677,0.3639098903827404,-0.27,0.04800000000000008,0.23626712625564633,4,LUBRICATION_DEGRADATION,0.6,2026-01-01T00:02:00+00:00,True
2026-01-01T00:03:13Z,ENG-DATASET-004,MSN-LUBRICATION_DEGRADATION-004,CRUISE,8500.0,23.0,0.5946311499911306,0.47536885000886936,3512.2018451782787,402.7749600809732,132.30185262376668,78.96390544205329,273.82270725326146,7.738431418340914,7.340374632483005,14.2,3540.728599057113,390.6082934143065,121.35185262376667,57.67223877538663,377.03642995285566,7.379305230458596,5.819541299149672,-28.52675387883437,12.166666666666686,10.950000000000003,21.291666666666657,-103.2137226995942,0.3591261878823184,1.520833333333333,-0.008056746819406314,0.031147998831048546,0.0902334802744944,0.36918398034781197,-0.2737499999999999,0.04866666666666668,0.2613321660859338,4,LUBRICATION_DEGRADATION,0.6083333333333333,2026-01-01T00:02:00+00:00,True
2026-01-01T00:03:14Z,ENG-DATASET-004,MSN-LUBRICATION_DEGRADATION-004,CRUISE,8500.0,23.0,0.5968255232620169,0.47317447673798313,3522.9006844699215,403.86058884692,132.40484874922967,79.22555724560644,272.8448151801974,7.772846758332864,7.468134452567494,14.2,3552.797652046987,391.5272555135867,121.30484874922968,57.6422239122731,377.63988260234936,7.407414318614547,5.926467785900827,-29.896967577065425,12.333333333333314,11.099999999999994,21.583333333333336,-104.79506742215199,0.36543243971831707,1.541666666666667,-0.008415049351273898,0.03150057412262408,0.09150499847657971,0.3744361662065894,-0.2775000000000001,0.04933333333333325,0.2601324637812627,4,LUBRICATION_DEGRADATION,0.6166666666666667,2026-01-01T00:02:00+00:00,True
2026-01-01T00:03:15Z,ENG-DATASET-004,MSN-LUBRICATION_DEGRADATION-004,LOITER,8000.0,23.0,0.39938152649149494,0.32061847350850503,2566.838410578873,310.04927070739984,130.1630956419917,79.1401535271655,237.12872120498105,5.903229180051781,6.3455326149582625,14.2,2598.364416138603,297.54927070739984,118.9130956419917,57.265153527165495,329.91822080693015,5.622123028620743,4.7830326149582625,-31.526005559729583,12.5,11.25,21.875,-92.7894996019491,0.2811061514310378,1.5625,-0.012133019280867458,0.04200984922692715,0.09460690548221919,0.38199495945859846,-0.28125,0.050000000000000114,0.3266755896904196,4,LUBRICATION_DEGRADATION,0.625,2026-01-01T00:02:00+00:00,True
2026-01-01T00:03:16Z,ENG-DATASET-004,MSN-LUBRICATION_DEGRADATION-004,LOITER,8000.0,23.0,0.40225927410404627,0.3177407258959537,2581.0727939319268,311.4326041402367,128.19093451463178,79.07382949581296,236.457365001273,5.946001053246508,6.627748907867722,14.2,2614.1920280076356,298.76593747357003,116.79093451463179,56.90716282914629,330.70960140038176,5.659264961846296,5.044415574534389,-33.119234075708846,12.666666666666686,11.399999999999991,22.16666666666667,-94.25223639910877,0.28673609140021217,1.583333333333333,-0.012669013492842045,0.04239662249913355,0.09761031579528785,0.38952331419540587,-0.2849999999999999,0.05066666666666664,0.3138784483432411,4,LUBRICATION_DEGRADATION,0.6333333333333333,2026-01-01T00:02:00+00:00,True
2026-01-01T00:03:17Z,ENG-DATASET-004,MSN-LUBRICATION_DEGRADATION-004,LOITER,8000.0,23.0,0.4054138598106645,0.31458614018933545,2597.1592401169223,312.93478487768743,126.46437735177746,79.02620646141816,235.83422124407537,5.9926248602519765,6.2130567833885255,14.2,2631.542249394036,300.1014515443541,114.91437735177746,56.56787312808482,331.5771124697018,5.700023646403276,4.6088901167218586,-34.383009277113615,12.833333333333314,11.549999999999997,22.458333333333336,-95.74289122562641,0.29260121384870086,1.604166666666667,-0.013065725729857074,0.04276331642946614,0.1005096165177224,0.3970156926791582,-0.28875000000000006,0.051333333333333224,0.34805921296462894,4,LUBRICATION_DEGRADATION,0.6416666666666666,2026-01-01T00:02:00+00:00,True
2026-01-01T00:03:18Z,ENG-DATASET-004,MSN-LUBRICATION_DEGRADATION-004,LOITER,8000.0,23.0,0.40879605735647656,0.3112039426435234,2615.0463981271178,314.5354265250155,124.9613252797251,78.99685251165721,235.2488558823211,6.042450301880035,5.753362149562423,14.2,2650.1443358960023,301.5354265250155,113.2613252797251,56.24685251165722,332.5072167948001,5.743774051216763,4.128362149562423,-35.09793776888455,13.0,11.700000000000003,22.749999999999993,-97.25836091247902,0.29867625066327186,1.625,-0.013243783477558436,0.0431126788311937,0.1033009279302016,0.40446707654059455,-0.2925,0.052000000000000025,0.3936185686064965,4,LUBRICATION_DEGRADATION,0.65,2026-01-01T00:02:00+00:00,True
2026-01-01T00:03:19Z,ENG-DATASET-004,MSN-LUBRICATION_DEGRADATION-004,LOITER,8000.0,23.0,0.4123530886799851,0.30764691132001487,2634.5324804298493,316.2125424458202,123.66133964623143,78.98527970783604,234.69035053766834,6.09477464192684,5.967060801121368,14.2,2669.7080081752993,303.0458757791535,111.81133964623143,55.94361304116937,333.485400408765,5.789842915066663,4.321227467788035,-35.175527745449926,13.166666666666686,11.849999999999994,23.04166666666667,-98.79504987109664,0.3049317268601772,1.645833333333333,-0.013175795868961645,0.043447767216149055,0.10598209481697589,0.411873052419945,-0.29625,0.052666666666666605,0.38087171888125754,4,LUBRICATION_DEGRADATION,0.6583333333333333,2026-01-01T00:02:00+00:00,True
2026-01-01T00:03:20Z,ENG-DATASET-004,MSN-LUBRICATION_DEGRADATION-004,LOITER,8000.0,23.0,0.4160294474970668,0.3039705525029332,2655.2443399596227,317.94286451521657,122.54544396115537,78.99094253674699,234.1474793584237,6.148852991640273,6.609342833230755,14.2,2689.9279816692488,304.60953118188326,110.54544396115537,55.65760920341365,334.49639908346245,5.837518662949627,4.942676166564088,-34.683641709626045,13.333333333333314,12.0,23.333333333333336,-100.34891972503874,0.3113343286906458,1.666666666666667,-0.012893892307147544,0.043771884883575564,0.10855264197244245,0.41922988908949094,-0.30000000000000004,0.05333333333333317,0.33719924399280515,4,LUBRICATION_DEGRADATION,0.6666666666666666,2026-01-01T00:02:00+00:00,True
2026-01-01T00:03:21Z,ENG-DATASET-004,MSN-LUBRICATION_DEGRADATION-004,LOITER,8000.0,23.0,0.4197677654579711,0.30023223454202885,2676.655138543908,319.7021872112979,121.59595424532229,79.01323762744718,233.60888892893763,6.203909400385298,6.822434223754737,14.2,2710.4887304542226,306.2021872112979,109.44595424532228,55.38823762744719,335.52443652271114,5.886062049701421,5.134934223754737,-33.83359191031468,13.5,12.150000000000006,23.624999999999993,-101.91554759377351,0.31784735068387704,1.6875,-0.01248246913192104,0.044088515901697954,0.11101369697746773,0.42653460395159454,-0.30375,0.054000000000000055,0.32863127870138054,4,LUBRICATION_DEGRADATION,0.675,2026-01-01T00:02:00+00:00,True
2026-01-01T00:03:22Z,ENG-DATASET-004,MSN-LUBRICATION_DEGRADATION-004,LOITER,8000.0,23.0,0.4235097073612309,0.2964902926387691,2698.1382814071058,321.4657328877011,120.79633547631592,79.05150472271836,233.0632783531795,6.259148611703453,6.364000676131047,14.2,2731.0694109221513,307.7990662210344,108.49633547631592,55.13483805605169,336.5534705461076,5.934717394156245,4.655667342797714,-32.93112951504554,13.666666666666686,12.299999999999997,23.91666666666667,-103.49019219292808,0.3244312175472075,1.708333333333333,-0.012057961391734191,0.04440126097345753,0.11336788423315008,0.4337850170585844,-0.3075,0.054666666666666565,0.36693629667852307,4,LUBRICATION_DEGRADATION,0.6833333333333333,2026-01-01T00:02:00+00:00,True
2026-01-01T00:03:23Z,ENG-DATASET-004,MSN-LUBRICATION_DEGRADATION-004,LOITER,8000.0,23.0,0.4271968814549707,0.2928031185450293,2719.0462087267038,323.20853334725433,120.13108192903236,79.10502887597555,232.49957665682396,6.313768323478534,5.953817403143491,14.2,2751.34886843772,309.375200013921,107.68108192903236,54.89669554264221,337.56744342188597,5.98272424840038,4.224650736476825,-32.30265971101608,13.833333333333314,12.450000000000003,24.208333333333336,-105.067866765062,0.3310440750781538,1.729166666666666,-0.011740662945938325,0.044713775805917386,0.11561919491304168,0.44097979111564156,-0.31124999999999997,0.055333333333333234,0.40930405245966345,4,LUBRICATION_DEGRADATION,0.6916666666666667,2026-01-01T00:02:00+00:00,True
2026-01-01T00:03:24Z,ENG-DATASET-004,MSN-LUBRICATION_DEGRADATION-004,LOITER,8000.0,23.0,0.43077175062066503,0.28922824937933495,2738.7961638648426,324.9058221327117,119.58561928944691,79.17304382583256,231.90711472307962,6.366971771420543,6.242047563304791,14.2,2771.010648849039,310.9058221327117,106.98561928944692,54.67304382583257,338.550532442452,6.029329328996726,4.492047563304791,-32.21448498419659,14.0,12.599999999999994,24.499999999999993,-106.64341771937237,0.33764244242381736,1.75,-0.011625536335480026,0.045029713190845394,0.11777283791675786,0.4481184562916898,-0.315,0.05600000000000012,0.38957735316420566,4,LUBRICATION_DEGRADATION,0.7,2026-01-01T00:02:00+00:00,True
2026-01-01T00:03:25Z,ENG-DATASET-004,MSN-LUBRICATION_DEGRADATION-004,LOITER,8000.0,23.0,0.43417853022062913,0.28582146977937084,2756.9428820194107,326.5334313031579,119.14622647641451,79.25473648269526,231.27578909210112,6.417980437545305,6.877259760108991,14.2,2789.7479366488415,312.3667646364912,106.39622647641451,54.4630698160286,339.4873968324421,6.073798521336251,5.106426426775657,-32.80505462943074,14.166666666666686,12.75,24.791666666666664,-108.21160774034095,0.34418191620905425,1.770833333333334,-0.011759146480035579,0.04535266958747285,0.11983507707227163,0.4552014190608555,-0.31875000000000014,0.05666666666666668,0.3467852437955301,4,LUBRICATION_DEGRADATION,0.7083333333333334,2026-01-01T00:02:00+00:00,True
2026-01-01T00:03:26Z,ENG-DATASET-004,MSN-LUBRICATION_DEGRADATION-004,LOITER,8000.0,23.0,0.4373640585986325,0.2826359414013675,2773.2209101379945,328.06818591345717,118.79997514327616,79.34925244491957,230.59621510990624,6.466046670788016,7.009421171657623,14.2,2807.26834272786,313.73485258012386,105.89997514327615,54.26591911158624,340.36341713639297,6.115428755474165,5.217754504990956,-34.047432589865366,14.333333333333314,12.900000000000006,25.08333333333333,-109.76720202648673,0.3506179153138511,1.791666666666667,-0.012128314230473966,0.0456861366069387,0.12181305975329172,0.4622299547116271,-0.3225,0.057333333333333174,0.3433788739874362,4,LUBRICATION_DEGRADATION,0.7166666666666667,2026-01-01T00:02:00+00:00,True
2026-01-01T00:03:27Z,ENG-DATASET-004,MSN-LUBRICATION_DEGRADATION-004,LOITER,8000.0,23.0,0.4402786266497639,0.27972137335023606,2787.54640424027,329.4882889985123,118.53468485391134,79.4557024465037,229.8598671073685,6.510465996364476,6.507248022009885,14.2,2823.2984670090827,314.9882889985123,105.48468485391135,54.0807024465037,341.16492335045416,6.153559542877576,4.694748022009885,-35.75206276881272,14.5,13.049999999999997,25.374999999999993,-111.30505624308566,0.3569064534869,1.8125,-0.012663224659590234,0.04603345745361499,0.1237146417802101,0.46920618357538507,-0.32625,0.05800000000000009,0.3860697084279391,4,LUBRICATION_DEGRADATION,0.725,2026-01-01T00:02:00+00:00,True
2026-01-01T00:03:28Z,ENG-DATASET-004,MSN-LUBRICATION_DEGRADATION-004,LOITER,8000.0,23.0,0.44287675351438804,0.27712324648561193,2799.978072381906,330.7736896204689,118.33889194236527,79.57316962422533,229.0592035196113,6.550588884924601,6.145852389158335,14.2,2837.5881647645156,316.1070229538022,105.13889194236526,53.906502957558665,341.8794082382258,6.187583959311651,4.312519055825002,-37.610092382609764,14.666666666666686,13.200000000000003,25.666666666666664,-112.82020471861449,0.36300492561294995,1.833333333333333,-0.013254246281976205,0.04639778809599609,0.12554821299843963,0.47613303142432345,-0.32999999999999996,0.05866666666666663,0.4251188944561333,4,LUBRICATION_DEGRADATION,0.7333333333333333,2026-01-01T00:02:00+00:00,True
2026-01-01T00:03:29Z,ENG-DATASET-004,MSN-LUBRICATION_DEGRADATION-004,LOITER,8000.0,23.0,0.44511789629174847,0.2748821037082515,2810.6470480482394,331.9064264961109,118.20183007719817,79.70071747980666,228.18777511695745,6.585831752721064,6.49585521105348,14.2,2849.914450039998,317.0730931627776,104.85183007719817,53.74238414647332,342.4957225019999,6.216958860340841,4.641688544386813,-39.26740199175856,14.833333333333314,13.349999999999994,25.958333333333336,-114.30794738504247,0.3688728923802227,1.854166666666667,-0.013778449381597209,0.04678206272683707,0.1273225273242339,0.4830141748565647,-0.33375,0.059333333333333245,0.3994595175733856,4,LUBRICATION_DEGRADATION,0.7416666666666667,2026-01-01T00:02:00+00:00,True
2026-01-01T00:03:30Z,ENG-DATASET-004,MSN-LUBRICATION_DEGRADATION-004,LOITER,8000.0,23.0,0.446967082698374,0.273032917301626,2819.6733694258255,332.8709399061379,118.1134205671318,79.83739840228503,227.24031480603202,6.615686970521719,7.105512498316504,14.2,2860.084975276438,317.8709399061379,104.6134205671318,53.58739840228503,343.0042487638219,6.241214123133697,5.230512498316504,-40.41160585061243,15.0,13.5,26.25,-115.7639339577899,0.3744728473880219,1.875,-0.014129512304684759,0.04718896293077076,0.12904654036560131,0.4898539728116502,-0.3375,0.06000000000000001,0.3584734766628488,4,LUBRICATION_DEGRADATION,0.75,2026-01-01T00:02:00+00:00,True
2026-01-01T00:03:31Z,ENG-DATASET-004,MSN-LUBRICATION_DEGRADATION-004,LOITER,8000.0,23.0,0.4483954567988657,0.27160454320113425,2827.090384316246,333.6543450101207,118.06427046900498,79.98226260744829,226.21280776880985,6.639731672138321,7.147608199606287,14.2,2867.9410328291424,318.48767834345404,104.41427046900498,53.44059594078163,343.3970516414571,6.259960721689178,5.251774866272954,-40.85064851289644,15.166666666666686,13.650000000000006,26.541666666666664,-117.18424387264724,0.3797709504491431,1.895833333333333,-0.014243894154475845,0.04762088990554636,0.1307292570133118,0.4966573856339085,-0.34125000000000005,0.060666666666666605,0.36098907162003996,4,LUBRICATION_DEGRADATION,0.7583333333333333,2026-01-01T00:02:00+00:00,True
2026-01-01T00:03:32Z,ENG-DATASET-004,MSN-LUBRICATION_DEGRADATION-004,LOITER,8000.0,23.0,0.4493807292931175,0.27061927070688246,2832.7967945472797,334.24666035114257,118.0456765975497,80.13436734509149,225.10254103318155,6.657635173226148,6.604330910178156,14.2,2873.360031547528,318.91332701780925,104.2456765975497,53.301034011758155,343.6680015773764,6.272897462210567,4.687664243511489,-40.56323700024814,15.333333333333314,13.799999999999997,26.833333333333336,-118.56546054419485,0.38473771101558096,1.916666666666667,-0.01411700467567292,0.048079939075349604,0.13237959069781094,0.5034298833192228,-0.345,0.061333333333333254,0.4088745624901899,4,LUBRICATION_DEGRADATION,0.7666666666666666,2026-01-01T00:02:00+00:00,True
2026-01-01T00:03:33Z,ENG-DATASET-004,MSN-LUBRICATION_DEGRADATION-004,LOITER,8000.0,23.0,0.44990752533338946,0.2700924746666105,2836.549483748655,334.64098622024477,118.04963359330085,80.29278622106267,223.90813190560382,6.669164837096573,6.29259442788128,14.2,2876.257409769023,319.14098622024477,104.09963359330085,53.16778622106266,343.81287048845115,6.279816230787733,4.35509442788128,-39.70792602036818,15.5,13.950000000000003,27.125000000000007,-119.90473858284733,0.3893486063088396,1.9375,-0.013805414593806091,0.04856787648485607,0.1340062353581399,0.5101773447406451,-0.34874999999999995,0.06200000000000002,0.44488128376646446,4,LUBRICATION_DEGRADATION,0.775,2026-01-01T00:02:00+00:00,True
2026-01-01T00:03:34Z,ENG-DATASET-004,MSN-LUBRICATION_DEGRADATION-004,LOITER,8000.0,23.0,0.4499676244436647,0.27003237555633525,2838.0002710084946,334.83362863797095,118.06884428325337,80.45661847964816,222.62953503909552,6.674190256011162,6.693529093611879,14.2,2876.5879548755374,319.16696197130426,103.96884428325338,53.039951812981485,343.8293977437769,6.280605636146012,4.735195760278546,-38.58768386704287,15.666666666666686,14.099999999999994,27.41666666666667,-121.19986270468138,0.39358461986515003,1.958333333333333,-0.013414393883434189,0.04908611646363087,0.1356175505960792,0.5169059497515694,-0.3525000000000001,0.06266666666666666,0.4135696669102725,4,LUBRICATION_DEGRADATION,0.7833333333333333,2026-01-01T00:02:00+00:00,True
2026-01-01T00:03:35Z,ENG-DATASET-004,MSN-LUBRICATION_DEGRADATION-004,LOITER,8000.0,23.0,0.449560088797428,0.270439911202572,2836.7687232341345,334.82416596206764,118.0967306706464,80.624998092826,221.26802825268356,6.672685652815568,7.26310527126666,14.2,2874.346508821235,318.9908326287343,103.8467306706464,52.91666475949267,343.7173254410618,6.275252965030315,5.283938604599993,-37.57778558710061,15.833333333333314,14.25,27.708333333333336,-122.44929718837824,0.397432687785253,1.979166666666667,-0.013073505741835975,0.049635700195062804,0.1372214600110463,0.5236220661160012,-0.3562499999999999,0.06333333333333328,0.37456276742952327,4,LUBRICATION_DEGRADATION,0.7916666666666666,2026-01-01T00:02:00+00:00,True
2026-01-01T00:03:36Z,ENG-DATASET-004,MSN-LUBRICATION_DEGRADATION-004,LOITER,8000.0,23.0,0.4486912778521351,0.2713087221478649,2832.5338678394614,334.6154565004929,118.12744401609409,80.79710250627494,219.82617755590798,6.664730447585716,7.211543042839749,14.2,2869.5680486221245,318.6154565004929,103.72744401609408,52.797102506274946,343.47840243110625,6.263844405625672,5.211543042839749,-37.03418078266304,16.0,14.400000000000006,27.999999999999993,-123.65222487519827,0.4008860419600433,2.0,-0.012905838145377204,0.05021727500522326,0.13882536233868578,0.5303321332202309,-0.36000000000000004,0.06400000000000004,0.38376350028382533,4,LUBRICATION_DEGRADATION,0.8,2026-01-01T00:02:00+00:00,True
2026-01-01T00:03:37Z,ENG-DATASET-004,MSN-LUBRICATION_DEGRADATION-004,LOITER,8000.0,23.0,0.44737474911200587,0.2726252508879941,2825.1224305182996,334.21358694385117,118.15587262141429,80.97216089771354,218.3077821587918,6.650507975761784,6.63486697304705,14.2,2862.3271405514133,318.0469202771845,103.60587262141429,52.680494231046865,343.11635702757064,6.246563533902741,4.614033639713716,-37.20471003311377,16.166666666666686,14.549999999999997,28.29166666666667,-124.80857486877883,0.40394444185904366,2.020833333333334,-0.012998063535793629,0.050831074398007374,0.14043605475113444,0.5370425444868584,-0.36375,0.06466666666666662,0.4379754226193113,4,LUBRICATION_DEGRADATION,0.8083333333333333,2026-01-01T00:02:00+00:00,True
2026-01-01T00:03:38Z,ENG-DATASET-004,MSN-LUBRICATION_DEGRADATION-004,LOITER,8000.0,23.0,0.44563104656770564,0.27436895343229434,2814.5714690727746,333.6277628738336,118.17764609778537,81.14946181107193,216.71780055863928,6.630302386488868,6.377454130325184,14.2,2852.736776557763,317.2944295405003,103.47764609778537,52.566128477738594,342.63683882788814,6.223688097455133,4.335787463658517,-38.16530748498826,16.333333333333314,14.700000000000003,28.583333333333336,-125.91903826924886,0.406614289033735,2.041666666666667,-0.013378488964916066,0.051476899096485666,0.14205966751609952,0.5437595303492474,-0.3674999999999999,0.06533333333333327,0.47088716496816435,4,LUBRICATION_DEGRADATION,0.8166666666666667,2026-01-01T00:02:00+00:00,True
2026-01-01T00:03:39Z,ENG-DATASET-004,MSN-LUBRICATION_DEGRADATION-004,LOITER,8000.0,23.0,0.4434873801142418,0.27651261988575815,2801.1490383764917,332.8701439962851,118.18913508791395,81.32836004004396,215.06225908531545,6.604493790994088,6.822497590962809,14.2,2840.9466110637113,316.3701439962851,103.33913508791396,52.45336004004396,342.0473305531856,6.195585169788075,4.759997590962809,-39.7975726872196,16.5,14.849999999999994,28.875,-126.98507146787014,0.4089086212060131,2.0625,-0.014008560573519027,0.052154099598582054,0.14370160914707306,0.5504890435609128,-0.37124999999999997,0.06600000000000003,0.43329853862022993,4,LUBRICATION_DEGRADATION,0.825,2026-01-01T00:02:00+00:00,True
2026-01-01T00:03:40Z,ENG-DATASET-004,MSN-LUBRICATION_DEGRADATION-004,LOITER,8000.0,23.0,0.4409772009496529,0.27902279905034705,2785.326483398189,331.9556280344064,118.18744561331606,81.50828264657297,213.34814455182726,6.573551769307533,7.343256047172995,14.2,2827.1406256584723,315.2889613677397,103.18744561331606,52.341615979906294,341.35703128292363,6.162704783725813,5.259922713839662,-41.81414226028346,16.666666666666686,15.0,29.16666666666667,-128.00888673109637,0.4108469855817205,2.083333333333333,-0.014790259062739224,0.05286156100856126,0.1453665211968799,0.5572366485181433,-0.375,0.06666666666666661,0.3960767955490609,4,LUBRICATION_DEGRADATION,0.8333333333333334,2026-01-01T00:02:00+00:00,True
2026-01-01T00:03:41Z,ENG-DATASET-004,MSN-LUBRICATION_DEGRADATION-004,LOITER,8000.0,23.0,0.43813967958025113,0.28186032041974884,2767.707723056023,330.9015883509111,118.1704074274239,81.68873401360551,211.58328289306255,6.538027378133398,7.20126707150221,14.2,2811.5342581267623,314.06825501757777,103.02040742742389,52.23040068027218,340.5767129063381,6.12557218438482,5.097100404835544,-43.82653507073928,16.833333333333314,15.150000000000006,29.45833333333333,-128.99343001327557,0.41245519374857764,2.104166666666666,-0.015588120594319039,0.05359769115280749,0.14705824193786965,0.5640074161724737,-0.37875000000000003,0.06733333333333329,0.41281640531751623,4,LUBRICATION_DEGRADATION,0.8416666666666667,2026-01-01T00:02:00+00:00,True
2026-01-01T00:03:42Z,ENG-DATASET-004,MSN-LUBRICATION_DEGRADATION-004,LOITER,8000.0,23.0,0.43501909457797244,0.28498090542202753,2748.931565688954,329.72757130852415,118.1365559673946,81.86929984678693,209.77620587896433,6.4985438320863365,6.604671160799004,14.2,2794.37104061423,312.72757130852415,102.8365559673946,52.11929984678694,339.7185520307115,6.084778868994697,4.479671160799004,-45.439474925276045,17.0,15.299999999999997,29.749999999999993,-129.9423461517472,0.4137649630916398,2.125,-0.016261074232750423,0.054360413214824925,0.14877977831979342,0.5708058260079261,-0.3825000000000001,0.06800000000000007,0.4743651763092763,4,LUBRICATION_DEGRADATION,0.85,2026-01-01T00:02:00+00:00,True
2026-01-01T00:03:43Z,ENG-DATASET-004,MSN-LUBRICATION_DEGRADATION-004,LOITER,8000.0,23.0,0.4316641416280707,0.28833585837192927,2729.5700084173786,328.4549600980587,118.08510770643994,82.04965005643291,207.9360081562736,6.4557860540019245,6.410406080697057,14.2,2775.9187993897704,311.288293431392,102.63510770643994,52.00798338976624,338.79593996948853,6.040972601998058,4.264572747363724,-46.348790972391726,17.166666666666686,15.450000000000003,30.04166666666667,-130.85993181321493,0.4148134520038669,2.145833333333333,-0.016696738745593197,0.05514716431329668,0.15053328578550884,0.5776356764599732,-0.3862499999999999,0.06866666666666671,0.5031766276375155,4,LUBRICATION_DEGRADATION,0.8583333333333333,2026-01-01T00:02:00+00:00,True
2026-01-01T00:03:44Z,ENG-DATASET-004,MSN-LUBRICATION_DEGRADATION-004,LOITER,8000.0,23.0,0.4281271736492361,0.2918728263507639,2710.046824077708,327.1066122469724,118.01592890863694,82.22954046883355,206.0721970029385,6.41048930710834,6.896924295919221,14.2,2756.46547550618,309.7732789136391,102.41592890863693,51.89620713550021,337.823273775309,5.994846608891839,4.730257629252554,-46.418651428472,17.333333333333314,15.600000000000009,30.333333333333336,-131.7510767723705,0.4156426982165007,2.166666666666667,-0.016839917583204255,0.05595490157873052,0.152320055739732,0.5845000050607448,-0.38999999999999996,0.0693333333333333,0.45804411439827436,4,LUBRICATION_DEGRADATION,0.8666666666666667,2026-01-01T00:02:00+00:00,True
2026-01-01T00:03:45Z,ENG-DATASET-004,MSN-LUBRICATION_DEGRADATION-004,LOITER,8000.0,23.0,0.42446338384380866,0.2955366161561913,2690.5960867145964,325.70647826600236,117.9294979744233,82.40881333445284,204.19453726965745,6.363427132341059,7.365724583969434,14.2,2736.314631576329,308.20647826600236,102.1794979744233,51.783813334452844,336.81573157881644,5.947128161066409,5.178224583969434,-45.718544861732425,17.5,15.75,30.625,-132.621194309159,0.41629897127464943,2.1875,-0.01670807309004338,0.05678011733710657,0.15414051069170848,0.5914010195078575,-0.39375000000000004,0.07000000000000013,0.42244208696007235,4,LUBRICATION_DEGRADATION,0.875,2026-01-01T00:02:00+00:00,True
2026-01-01T00:03:46Z,ENG-DATASET-004,MSN-LUBRICATION_DEGRADATION-004,LOITER,8000.0,23.0,0.42072994442631606,0.2992700555736839,2671.2706720459637,324.27920890664063,117.82686173298032,82.58739661958974,202.3128940327511,6.315398818148436,7.142566542758554,14.2,2715.7807147801195,306.61254223997395,101.92686173298031,51.670729952923075,335.78903573900595,5.898566766639262,4.934233209425221,-44.51004273415583,17.666666666666686,15.900000000000006,30.916666666666664,-133.47614170625485,0.41683205150917413,2.208333333333333,-0.01638940967947758,0.05761886496097625,0.15599420731360816,0.598340040770368,-0.39749999999999996,0.0706666666666666,0.4475534981028141,4,LUBRICATION_DEGRADATION,0.8833333333333333,2026-01-01T00:02:00+00:00,True
2026-01-01T00:03:47Z,ENG-DATASET-004,MSN-LUBRICATION_DEGRADATION-004,LOITER,8000.0,23.0,0.416985114470187,0.303014885529813,2651.998490268018,322.8497583079476,117.70958618404764,82.76530208727098,200.43707549126594,6.267216628215442,6.5439447395962596,14.2,2695.1841500214096,305.01642497461427,101.65958618404764,51.55696875393765,334.7592075010705,5.849922179417027,4.3147780729295935,-43.18565975339152,17.833333333333314,16.049999999999997,31.20833333333333,-134.32213200980453,0.4172944487984145,2.229166666666666,-0.01602326867091752,0.05846679677928012,0.15787984785756046,0.6053174592610199,-0.40125,0.07133333333333332,0.5166353005852592,4,LUBRICATION_DEGRADATION,0.8916666666666666,2026-01-01T00:02:00+00:00,True
2026-01-01T00:03:48Z,ENG-DATASET-004,MSN-LUBRICATION_DEGRADATION-004,LOITER,8000.0,23.0,0.4132873307943961,0.30671266920560386,2632.6722692038124,321.44298993643633,117.57970231405379,82.94262219225082,198.57667860918565,6.2196930053085016,6.424170640630538,14.2,2674.8463398045596,303.44298993643633,101.37970231405379,51.44262219225082,333.742316990228,5.801952430325095,4.174170640630538,-42.1740706007472,18.0,16.200000000000003,31.5,-135.16563838104236,0.4177405749834069,2.25,-0.015766913401025005,0.05931921513089015,0.1597953005406909,0.6123327050141133,-0.405,0.07200000000000001,0.5390292332802479,4,LUBRICATION_DEGRADATION,0.9,2026-01-01T00:02:00+00:00,True
2026-01-01T00:03:49Z,ENG-DATASET-004,MSN-LUBRICATION_DEGRADATION-004,LOITER,8000.0,23.0,0.4096942960764483,0.31030570392355167,2613.2500822666307,320.08329170266023,117.43964770854825,83.11952583370099,196.74093993180102,6.173627957775906,6.951938950655439,14.2,2655.0846488558473,301.91662503599355,101.08964770854824,51.32785916703432,332.7542324427924,5.755402073750068,4.681105617322105,-41.83456658921659,18.166666666666686,16.35000000000001,31.79166666666667,-136.01329251099136,0.41822588402583794,2.270833333333334,-0.015756396545490298,0.06017113719557813,0.16173762962493177,0.6193842327070032,-0.40874999999999995,0.0726666666666666,0.4851061947695163,4,LUBRICATION_DEGRADATION,0.9083333333333333,2026-01-01T00:02:00+00:00,True
2026-01-01T00:03:50Z,ENG-DATASET-004,MSN-LUBRICATION_DEGRADATION-004,LOITER,8000.0,23.0,0.40626207842139567,0.3137379215786043,2593.840714644481,318.79420601158876,117.2922047546498,83.29625302719445,194.93859389524607,6.129796820097228,7.3691538757289425,14.2,2636.2074517530573,300.46087267825544,100.7922047546498,51.212919693861124,331.81037258765286,5.710990826177542,5.077487209062276,-42.36673710857622,18.333333333333314,16.5,32.08333333333333,-136.8717786924068,0.418805993919686,2.291666666666667,-0.016071093752656935,0.06101737364307439,0.16370313597330863,0.6264695222439963,-0.4125,0.07333333333333325,0.45133873751104897,4,LUBRICATION_DEGRADATION,0.9166666666666666,2026-01-01T00:02:00+00:00,True
2026-01-01T00:03:51Z,ENG-DATASET-004,MSN-LUBRICATION_DEGRADATION-004,LOITER,8000.0,23.0,0.4030442364378103,0.3169557635621897,2574.7512561217227,317.5980798106825,117.14043627445187,83.47310857463765,193.17774080211495,6.088938561275096,7.077531069679667,14.2,2618.509320843338,299.0980798106825,100.49043627445188,51.098108574637656,330.92546604216693,5.669402757239382,4.765031069679667,-43.75806472161548,18.5,16.64999999999999,32.37499999999999,-137.74772524005198,0.4195358040357142,2.3125,-0.01671105937003975,0.06185262042374121,0.1656874088448255,0.6335850954778627,-0.41624999999999995,0.074,0.4853063844042175,4,LUBRICATION_DEGRADATION,0.9249999999999999,2026-01-01T00:02:00+00:00,True
2026-01-01T00:03:52Z,ENG-DATASET-004,MSN-LUBRICATION_DEGRADATION-004,LOITER,8000.0,23.0,0.40009098347361094,0.31990901652638903,2556.4832987421355,316.51573897817974,116.98761945479451,83.65045482662174,191.465726456667,6.0517447957961865,6.496219388304397,14.2,2602.266429540242,297.84907231151305,100.18761945479451,50.98378815995507,330.1133214770121,5.631276174748312,4.162886054971064,-45.78313079810641,18.666666666666686,16.799999999999997,32.66666666666667,-138.6475950203451,0.4204686210478741,2.333333333333333,-0.017593560089923303,0.06267156221706703,0.16768538958628812,0.6407265494705732,-0.4200000000000001,0.07466666666666669,0.560508575666396,4,LUBRICATION_DEGRADATION,0.9333333333333333,2026-01-01T00:02:00+00:00,True
2026-01-01T00:03:53Z,ENG-DATASET-004,MSN-LUBRICATION_DEGRADATION-004,LOITER,8000.0,23.0,0.39744840405356296,0.322551595946437,2539.6766717197456,315.5661906792398,116.83717894296272,83.82870364599862,189.80903524365746,6.0188496322702,6.461741262947205,14.2,2587.7322427299778,296.7328573459065,99.88717894296272,50.87037031266527,329.3866121364989,5.597194326351706,4.107574596280538,-48.05557101023214,18.833333333333314,16.950000000000003,32.95833333333334,-139.57757689284145,0.4216553059184944,2.354166666666667,-0.018570534546315732,0.063468985207051,0.1696914476849801,0.6478886064866655,-0.4237500000000001,0.0753333333333332,0.5731281590840481,4,LUBRICATION_DEGRADATION,0.9416666666666667,2026-01-01T00:02:00+00:00,True
2026-01-01T00:03:54Z,ENG-DATASET-004,MSN-LUBRICATION_DEGRADATION-004,LOITER,8000.0,23.0,0.39515773474568266,0.3248422652543173,2525.0127093610818,314.76635663865386,116.69261996463278,84.00830769411724,188.21319819898622,5.990820475476999,7.029935556451404,14.2,2575.133561536636,295.76635663865386,99.59261996463279,50.758307694117235,328.7566780768318,5.567677021818772,4.654935556451404,-50.12085217555432,19.0,17.099999999999994,33.25,-140.54347987784558,0.42314345365822703,2.375,-0.019463399073423655,0.06423989603122048,0.17169946935899996,0.6550651806670378,-0.4275,0.07600000000000005,0.5102111449659967,4,LUBRICATION_DEGRADATION,0.95,2026-01-01T00:02:00+00:00,True
2026-01-01T00:03:55Z,ENG-DATASET-004,MSN-LUBRICATION_DEGRADATION-004,LOITER,8000.0,23.0,0.39325472067838524,0.32674527932161473,2513.099383464379,314.1308396586782,116.5574622929698,84.18975117188432,186.68271736223488,5.968149879047379,7.396323804853575,14.2,2564.6669841665007,294.9641729920115,99.3074622929698,50.64808450521765,328.2333492083251,5.543173262273108,5.000490471520242,-51.56760070212158,19.166666666666686,17.25,33.54166666666667,-141.5506318460902,0.4249766167742717,2.395833333333333,-0.0201069382576704,0.06497964302663217,0.17370295848574077,0.6622494610474614,-0.43125,0.07666666666666669,0.4791196677563022,4,LUBRICATION_DEGRADATION,0.9583333333333334,2026-01-01T00:02:00+00:00,True
2026-01-01T00:03:56Z,ENG-DATASET-004,MSN-LUBRICATION_DEGRADATION-004,LOITER,8000.0,23.0,0.3917690577497114,0.3282309422502886,2504.365623005157,313.6717251646852,116.43517585945662,84.37354015647313,185.2210074251609,5.951248528828382,7.048983490465762,14.2,2556.495838058794,294.3383918313519,99.03517585945661,50.54020682313978,327.8247919029397,5.524054946313473,4.632316823799095,-52.13021505363713,19.333333333333314,17.400000000000006,33.83333333333334,-142.6037844777788,0.42719358251490824,2.416666666666667,-0.020391277105782733,0.06568403534803167,0.17569514921337442,0.6694340102669066,-0.43500000000000005,0.07733333333333327,0.5216971892446445,4,LUBRICATION_DEGRADATION,0.9666666666666667,2026-01-01T00:02:00+00:00,True
2026-01-01T00:03:57Z,ENG-DATASET-004,MSN-LUBRICATION_DEGRADATION-004,LOITER,8000.0,23.0,0.3907239292327702,0.32927607076722976,2498.990455774762,313.39841909774424,116.32911875095455,84.5601926809604,183.83035540098828,5.940439421409645,6.5022299644087855,14.2,2550.7476312156177,293.89841909774424,98.77911875095455,50.43519268096039,327.5373815607809,5.510611708172212,4.0647299644087855,-51.75717544085592,19.5,17.549999999999997,34.12500000000001,-143.7070261597926,0.4298277132374331,2.4375,-0.020290982458421352,0.06634945522968166,0.17766912908230822,0.6766108779610633,-0.43875,0.0780000000000001,0.59967083209537,4,LUBRICATION_DEGRADATION,0.975,2026-01-01T00:02:00+00:00,True
2026-01-01T00:03:58Z,ENG-DATASET-004,MSN-LUBRICATION_DEGRADATION-004,LOITER,8000.0,23.0,0.39013564400851636,0.3298643559914836,2496.8845396832317,313.3175230925434,116.24247828650601,84.75022870832336,182.51189874169194,5.9359532883996176,6.559974704547807,14.2,2547.512062482221,293.6508564258767,98.54247828650601,50.333562041656705,327.3756031241111,5.503046929913119,4.101641371214474,-50.6275227989895,19.666666666666686,17.700000000000003,34.41666666666666,-144.86370438241914,0.4329063584864983,2.458333333333333,-0.019873320148152518,0.0669729586558551,0.17961797092760723,0.6837717274645291,-0.44249999999999995,0.0786666666666666,0.5993535540639999,4,LUBRICATION_DEGRADATION,0.9833333333333333,2026-01-01T00:02:00+00:00,True
2026-01-01T00:03:59Z,ENG-DATASET-004,MSN-LUBRICATION_DEGRADATION-004,LOITER,8000.0,23.0,0.39001338207111713,0.32998661792888284,2497.7290957239347,313.4327475751228,116.17821581390015,84.94416015301212,181.26562202932192,5.937925304756176,7.1641253759827155,14.2,2546.839621826525,293.5994142417895,98.32821581390014,50.235826819678785,327.34198109132626,5.501474958081695,4.6849587093160485,-49.110526102590484,19.833333333333314,17.85000000000001,34.708333333333336,-146.07635906200434,0.4364503466744809,2.479166666666667,-0.019282928411240016,0.06755236002276171,0.1815348712701512,0.6909079740623898,-0.44625,0.0793333333333333,0.5291757773098064,4,LUBRICATION_DEGRADATION,0.9916666666666667,2026-01-01T00:02:00+00:00,True
2026-01-01T00:04:00Z,ENG-DATASET-004,MSN-LUBRICATION_DEGRADATION-004,DESCENT,5700.0,23.0,0.32035905127721415,0.42964094872278585,2086.5878380631266,345.2392712995556,116.92637601499902,85.1809618965566,168.69229831647263,6.474735181571055,7.056181494189695,14.2,2134.2653933262773,325.2392712995556,98.92637601499902,50.180961896556596,306.71326966631386,5.995125168121347,4.556181494189695,-47.67755526315068,20.0,18.0,35.0,-138.02097134984123,0.4796100134497081,2.5,-0.022339094009693264,0.061493189060737294,0.18195349637866928,0.6974756696005401,-0.44999999999999996,0.08000000000000006,0.5487050950863446,4,LUBRICATION_DEGRADATION,1.0,2026-01-01T00:02:00+00:00,True
2026-01-01T00:04:01Z,ENG-DATASET-004,MSN-LUBRICATION_DEGRADATION-004,DESCENT,5700.0,23.0,0.3211672575744583,0.4288327424255417,2092.310021564397,345.7009130785276,117.4762612404623,85.12957852306192,168.81453951893081,6.489138961353087,6.6421153166869935,14.2,2138.71052796112,325.7009130785276,99.4762612404623,50.129578523061916,306.935526398056,6.008462001252858,4.1421153166869935,-46.4005063967229,20.0,18.0,35.00000000000001,-138.1209868791252,0.4806769601002294,2.5,-0.021695552432220704,0.06140602987863879,0.18094769320379764,0.6981905898909243,-0.45,0.08000000000000013,0.6035563495609259,4,LUBRICATION_DEGRADATION,1.0,2026-01-01T00:02:00+00:00,True
2026-01-01T00:04:02Z,ENG-DATASET-004,MSN-LUBRICATION_DEGRADATION-004,DESCENT,5700.0,23.0,0.3224253891738927,0.4275746108261073,2099.625512656903,346.4198593147485,117.98913159928479,85.08225387877363,169.00483192334528,6.5115693869618925,6.121427619916335,14.2,2145.630251758009,326.4198593147485,99.98913159928479,50.082253878773635,307.28151258790047,6.0292309138536035,3.621427619916335,-46.00473910110577,20.0,18.0,34.99999999999999,-138.2766806645552,0.4823384731082889,2.5,-0.0214411309047363,0.06127078187578995,0.1800195652477169,0.6988503369820191,-0.4499999999999999,0.08000000000000011,0.6903354871021161,4,LUBRICATION_DEGRADATION,1.0,2026-01-01T00:02:00+00:00,True
2026-01-01T00:04:03Z,ENG-DATASET-004,MSN-LUBRICATION_DEGRADATION-004,DESCENT,5700.0,23.0,0.3241138133527011,0.4258861866472989,2108.3294337283223,347.38528593268654,118.47485058767347,85.03951079379001,169.26020608039005,6.541686769224862,6.251237863386111,14.2,2154.916584741455,327.38528593268654,100.47485058767347,50.03951079379002,307.74582923707277,6.057117378911909,3.7512378633861103,-46.587151013132825,20.0,18.0,34.99999999999999,-138.48562315668272,0.4845693903129531,2.5000000000000004,-0.02161900434708581,0.06109010043937096,0.17914930845598379,0.6994472856505932,-0.4499999999999999,0.08000000000000007,0.6664466746833639,4,LUBRICATION_DEGRADATION,1.0,2026-01-01T00:02:00+00:00,True
2026-01-01T00:04:04Z,ENG-DATASET-004,MSN-LUBRICATION_DEGRADATION-004,DESCENT,5700.0,23.0,0.32620618281628144,0.42379381718371856,2118.4194694067323,348.5826306402963,118.94193129491353,85.00180923071464,169.57667696175656,6.579034292880191,6.860523930360038,14.2,2166.424616791147,328.5826306402963,100.94193129491353,50.00180923071464,308.32123083955736,6.09169841933351,4.360523930360038,-48.00514738441461,20.0,18.0,35.0,-138.7445538778008,0.48733587354668106,2.5,-0.0221586973358522,0.060867490046649056,0.17832034486650467,0.6999746716864903,-0.44999999999999996,0.08000000000000004,0.5733256003008751,4,LUBRICATION_DEGRADATION,1.0,2026-01-01T00:02:00+00:00,True
2026-01-01T00:04:05Z,ENG-DATASET-004,MSN-LUBRICATION_DEGRADATION-004,DESCENT,5700.0,23.0,0.3286698468389655,0.4213301531610345,2130.0632156670013,349.9937893968957,119.39758290034457,84.96953876204553,169.94930614518753,6.623044339949527,7.0949079966243795,14.2,2179.97476891591,329.9937893968957,101.39758290034457,49.96953876204553,308.9987384457955,6.132448462916229,4.5949079966243795,-49.911553248908604,20.0,18.0,35.0,-139.04943230060795,0.4905958770332983,2.5,-0.022895472902069117,0.06060720123415796,0.1775190244691605,0.7004267172981057,-0.44999999999999996,0.08,0.5440805347651377,4,LUBRICATION_DEGRADATION,1.0,2026-01-01T00:02:00+00:00,True
2026-01-01T00:04:06Z,ENG-DATASET-004,MSN-LUBRICATION_DEGRADATION-004,DESCENT,5700.0,23.0,0.3314663607676731,0.4185336392323269,2143.5159815610427,351.59736334389277,119.84775869390744,84.94301215978035,170.37227887690455,6.673046416439046,6.640413639789332,14.2,2195.355595523801,331.59736334389277,101.84775869390744,49.94301215978036,309.7677797761901,6.178746681888005,4.140413639789332,-51.83961396275845,20.0,18.0,34.99999999999999,-139.39550089928554,0.49429973455104115,2.5,-0.023613310785941158,0.060314110457079885,0.17673437521680843,0.7007987401325759,-0.45,0.08000000000000013,0.6038044063943336,4,LUBRICATION_DEGRADATION,1.0,2026-01-01T00:02:00+00:00,True
2026-01-01T00:04:07Z,ENG-DATASET-004,MSN-LUBRICATION_DEGRADATION-004,DESCENT,5700.0,23.0,0.33455208593786506,0.41544791406213494,2159.009810940112,353.36895448921985,120.29720668674719,84.92246019671757,170.83899480889608,6.728276614771701,6.172951715240705,14.2,2212.3270839598567,333.36895448921985,102.29720668674719,49.922460196717566,310.61635419799285,6.229885754418241,3.6729517152407047,-53.31727301974479,20.0,18.0,35.0,-139.77735938909677,0.49839086035346014,2.5000000000000004,-0.024100086016355188,0.059993588877055255,0.17595788372911592,0.701087243338646,-0.44999999999999996,0.08000000000000014,0.6806514742969237,4,LUBRICATION_DEGRADATION,1.0,2026-01-01T00:02:00+00:00,True
2026-01-01T00:04:08Z,ENG-DATASET-004,MSN-LUBRICATION_DEGRADATION-004,DESCENT,5700.0,23.0,0.337878870640308,0.412121129359692,2176.641651875737,355.2815078502803,120.74952371432948,84.90802774004742,171.34217099514058,6.787888524960547,6.389572851924881,14.2,2230.6243998232935,335.2815078502803,102.74952371432948,49.908027740047416,311.5312199911647,6.285081967556061,3.889572851924881,-53.98274794755662,20.0,18.0,35.0,-140.1890489960241,0.5028065574044858,2.5,-0.024200734086757523,0.05965136618548907,0.17518329379360142,0.7012899844951226,-0.44999999999999996,0.08000000000000014,0.6427440994614084,4,LUBRICATION_DEGRADATION,1.0,2026-01-01T00:02:00+00:00,True
2026-01-01T00:04:09Z,ENG-DATASET-004,MSN-LUBRICATION_DEGRADATION-004,DESCENT,5700.0,23.0,0.3413948015123923,0.4086051984876077,2196.288912345141,357.30569707389645,121.20721376974394,84.89977119768243,171.87395553954332,6.850965485937025,7.009393539095701,14.2,2249.962019619757,337.30569707389645,103.20721376974394,49.899771197682426,312.49810098098783,6.343486561052801,4.509393539095701,-53.673107274616086,20.0,18.0,35.0,-140.6241454414445,0.5074789248842242,2.5,-0.0238551170226806,0.05929339520055135,0.17440641349119387,0.7014060217098863,-0.44999999999999996,0.08000000000000002,0.5543982751395307,4,LUBRICATION_DEGRADATION,1.0,2026-01-01T00:02:00+00:00,True
2026-01-01T00:04:10Z,ENG-DATASET-004,MSN-LUBRICATION_DEGRADATION-004,DESCENT,5700.0,23.0,0.3450450136287926,0.4049549863712074,2217.574024423204,359.41034977113117,121.67175113704783,84.89765735668783,172.42605012214887,6.916534044862458,7.175551306026769,14.2,2270.0381862599584,339.41034977113117,103.67175113704783,49.89765735668783,313.5019093129979,6.4041981896874605,4.675551306026769,-52.464161836754556,20.0,18.0,35.0,-141.07585919084903,0.5123358551749977,2.5,-0.02311157678065003,0.0589257222518001,0.17362492484770592,0.7014357357461977,-0.4499999999999999,0.08000000000000013,0.5346963034663974,4,LUBRICATION_DEGRADATION,1.0,2026-01-01T00:02:00+00:00,True
2026-01-01T00:04:11Z,ENG-DATASET-004,MSN-LUBRICATION_DEGRADATION-004,DESCENT,5700.0,23.0,0.34877254665027746,0.40122745334972254,2239.8877142375177,361.56290794536034,122.14364872197706,84.90156363146914,172.98983949164844,6.983578467127959,6.682324779460188,14.2,2290.539617878125,341.56290794536034,104.14364872197706,49.90156363146914,314.5269808939062,6.466276358451814,4.182324779460188,-50.65190364060709,20.0,18.0,35.00000000000001,-141.5371414022578,0.5173021086761453,2.5,-0.022113524361359542,0.05855436739401279,0.1728381924475585,0.7013808276325866,-0.44999999999999996,0.08000000000000004,0.597753673334445,4,LUBRICATION_DEGRADATION,1.0,2026-01-01T00:02:00+00:00,True
2026-01-01T00:04:12Z,ENG-DATASET-004,MSN-LUBRICATION_DEGRADATION-004,DESCENT,5700.0,23.0,0.3525192336707524,0.3974807663292476,2262.4663597934323,363.72991797838733,122.62253179923904,84.91127971739371,173.5565259034953,7.051056113777708,6.269361201185206,14.2,2311.146396490737,343.72991797838733,104.62253179923904,49.91127971739371,315.5573198245369,6.528755660905285,3.7693612011852062,-48.680036697304786,20.0,18.0,35.0,-142.00079392104158,0.5223004528724235,2.5,-0.021063155830898874,0.058185217387034485,0.17204706950258417,0.7012442918349528,-0.44999999999999996,0.08000000000000013,0.663242355021302,4,LUBRICATION_DEGRADATION,1.0,2026-01-01T00:02:00+00:00,True
2026-01-01T00:04:13Z,ENG-DATASET-004,MSN-LUBRICATION_DEGRADATION-004,DESCENT,5700.0,23.0,0.3562266088923747,0.3937733911076253,2284.505617403828,365.8775437052737,123.10721721194697,84.92651062361,174.11726640576566,7.117913477182892,6.561486684154883,14.2,2331.53696020966,345.8775437052737,105.10721721194697,49.92651062361,316.576848010483,6.590660627021196,4.061486684154883,-47.03134280583163,20.0,18.0,35.0,-142.45958160471733,0.5272528501616964,2.5,-0.020171819537273133,0.05782393325032467,0.171253701481824,0.7010303656880974,-0.44999999999999996,0.08000000000000011,0.6155381500457144,4,LUBRICATION_DEGRADATION,1.0,2026-01-01T00:02:00+00:00,True
2026-01-01T00:04:14Z,ENG-DATASET-004,MSN-LUBRICATION_DEGRADATION-004,DESCENT,5700.0,23.0,0.3598368199647748,0.3901631800352252,2305.2836413768305,367.9720951950026,123.59579787062734,84.9468810373235,174.66331083046617,7.1831026410469505,7.173015254396471,14.2,2351.3931211078607,347.9720951950026,105.59579787062734,49.94688103732349,317.569656055393,6.651020963932361,4.673015254396471,-46.109479731030206,20.0,18.0,35.0,-142.90634522492684,0.5320816771145891,2.5,-0.019609430391335708,0.0574758731408967,0.17046132860374838,0.7007444563724764,-0.44999999999999996,0.08000000000000003,0.5349864838656255,4,LUBRICATION_DEGRADATION,1.0,2026-01-01T00:02:00+00:00,True
2026-01-01T00:04:15Z,ENG-DATASET-004,MSN-LUBRICATION_DEGRADATION-004,DESCENT,5700.0,23.0,0.3632935307516341,0.3867064692483659,2324.2648787308767,369.98056500781854,124.08573220876006,84.97194095102803,175.18613833697867,7.245597908472339,7.259799365860911,14.2,2370.4050304355874,349.98056500781854,106.08573220876006,49.97194095102803,318.52025152177936,6.708886952289203,4.759799365860911,-46.14015170471066,20.0,18.0,35.0,-143.33411318480069,0.5367109561831365,2.5,-0.019465091877666117,0.05714603037901034,0.16967408929769015,0.7003930472562518,-0.4499999999999999,0.08000000000000004,0.525232222587143,4,LUBRICATION_DEGRADATION,1.0,2026-01-01T00:02:00+00:00,True
2026-01-01T00:04:16Z,ENG-DATASET-004,MSN-LUBRICATION_DEGRADATION-004,DESCENT,5700.0,23.0,0.3665428004372507,0.3834571995627493,2341.1601645484848,371.87116297099965,124.57393806215904,85.00117246449906,175.67759037692815,7.3044123231740565,6.728120565095964,14.2,2388.276013706478,351.87116297099965,106.57393806215904,50.001172464499064,319.4138006853239,6.763344743679681,4.228120565095964,-47.115849157993125,20.0,18.0,35.0,-143.73621030839575,0.5410675794943751,2.5,-0.019727974860356205,0.05683898569900242,0.1688968271914803,0.6999835858819126,-0.45,0.08000000000000008,0.5912792602552615,4,LUBRICATION_DEGRADATION,1.0,2026-01-01T00:02:00+00:00,True
2026-01-01T00:04:17Z,ENG-DATASET-004,MSN-LUBRICATION_DEGRADATION-004,DESCENT,5700.0,23.0,0.3695339252549268,0.3804660747450732,2355.92951287802,373.6138399530716,125.05689025476993,85.03399765503903,176.12999800560166,7.358613795290762,6.368479898228701,14.2,2404.727200203696,353.6138399530716,107.05689025476993,50.03399765503902,320.2363600101848,6.813531291935891,3.868479898228701,-48.79768732567618,20.0,18.0,35.00000000000001,-144.10636200458313,0.5450825033548714,2.5,-0.020292400452551415,0.05655887225074171,0.1681349043220318,0.6995243562449,-0.4499999999999999,0.08000000000000002,0.6462486728041936,4,LUBRICATION_DEGRADATION,1.0,2026-01-01T00:02:00+00:00,True
2026-01-01T00:04:18Z,ENG-DATASET-004,MSN-LUBRICATION_DEGRADATION-004,DESCENT,5700.0,23.0,0.3722202297022902,0.3777797702977098,2368.7279810960417,375.1807907691751,125.53072099852231,85.06978739280987,176.5363015532654,7.407340535836753,6.722617259700041,14.2,2419.5018746641954,355.1807907691751,107.53072099852231,50.06978739280987,320.97509373320975,6.8586486442932895,4.222617259700041,-50.77389356815365,20.0,18.0,35.0,-144.43879217994436,0.5486918915434638,2.5,-0.02098526729812954,0.0563093515183866,0.1673940231484857,0.699024338278418,-0.4499999999999999,0.08000000000000008,0.5920498700792955,4,LUBRICATION_DEGRADATION,1.0,2026-01-01T00:02:00+00:00,True
2026-01-01T00:04:19Z,ENG-DATASET-004,MSN-LUBRICATION_DEGRADATION-004,DESCENT,5700.0,23.0,0.37455979489689756,0.37544020510310244,2379.8088595598706,376.546926258172,125.99132205512439,85.10787096335429,176.89016078894974,7.449815503696153,7.306960457582874,14.2,2432.3694832345363,356.546926258172,107.99132205512439,50.107870963354294,321.6184741617268,6.897977318237179,4.806960457582874,-52.56062367466575,20.0,18.0,34.99999999999999,-144.72831337277705,0.5518381854589745,2.5,-0.021608815616602477,0.056093598141183254,0.16668005963304963,0.6984930576195657,-0.44999999999999996,0.08000000000000002,0.5200791689593172,4,LUBRICATION_DEGRADATION,1.0,2026-01-01T00:02:00+00:00,True
2026-01-01T00:04:20Z,ENG-DATASET-004,MSN-LUBRICATION_DEGRADATION-004,DESCENT,5700.0,23.0,0.3765161127063749,0.3734838872936251,2389.4088073859143,377.69030476618184,126.43444746876649,85.14754634682451,177.1860538576332,7.4853595769620584,7.305056045159118,14.2,2443.1292311866614,357.69030476618184,108.43444746876649,50.14754634682451,322.1564615593331,6.930888497187091,4.805056045159118,-53.720423800747085,20.0,18.0,35.0,-144.97040770169988,0.5544710797749675,2.5,-0.02198836767003698,0.05591429159108401,0.1659989092044272,0.6979404287886221,-0.45,0.08000000000000003,0.5202852945947717,4,LUBRICATION_DEGRADATION,1.0,2026-01-01T00:02:00+00:00,True
2026-01-01T00:04:21Z,ENG-DATASET-004,MSN-LUBRICATION_DEGRADATION-004,DESCENT,5700.0,23.0,0.37805865544561273,0.37194134455438727,2397.6438818263805,378.5925137701474,126.85581556614353,85.18809099320312,177.41936344694292,7.513403176809543,6.736958934966315,14.2,2451.6132162524696,358.5925137701474,108.85581556614353,50.18809099320312,322.5806608126235,6.95685479334217,4.236958934966315,-53.96933442608906,20.0,18.0,35.0,-145.16129736568055,0.5565483834673737,2.5,-0.022013804652508143,0.05577361275539542,0.16535634689230497,0.6973765948726758,-0.44999999999999996,0.08000000000000002,0.590045841456775,4,LUBRICATION_DEGRADATION,1.0,2026-01-01T00:02:00+00:00,True
2026-01-01T00:04:22Z,ENG-DATASET-004,MSN-LUBRICATION_DEGRADATION-004,DESCENT,5700.0,23.0,0.379163352251082,0.370836647748918,2404.442635134003,379.2389931826695,127.25120883909592,85.22877292507286,177.58644883877017,7.533496097013364,6.430229840010934,14.2,2457.68904868255,359.2389931826695,109.25120883909592,50.22877292507287,322.8844524341275,6.975459349086448,3.9302298400109343,-53.246413548547025,20.0,18.0,34.99999999999999,-145.29800359535736,0.5580367479269164,2.5,-0.021665236119715752,0.055673243661024836,0.16475790237259724,0.6968117666782364,-0.4499999999999999,0.08000000000000008,0.636095114476319,4,LUBRICATION_DEGRADATION,1.0,2026-01-01T00:02:00+00:00,True
2026-01-01T00:04:23Z,ENG-DATASET-004,MSN-LUBRICATION_DEGRADATION-004,DESCENT,5700.0,23.0,0.3798129646986088,0.3701870353013912,2409.533259732258,379.6192929836956,127.61657027977873,85.26886199439319,177.68470272145856,7.545315325304894,6.834096020404196,14.2,2461.261917143948,359.6192929836956,109.61657027977873,50.26886199439319,323.06309585719737,6.9864030789860125,4.334096020404196,-51.72865741168971,20.0,18.0,35.0,-145.3783931357388,0.5589122463188811,2.5,-0.021017128267159686,0.05561436883450733,0.16420875013748273,0.6962560641198476,-0.44999999999999996,0.08000000000000002,0.576821553613584,4,LUBRICATION_DEGRADATION,1.0,2026-01-01T00:02:00+00:00,True
2026-01-01T00:04:24Z,ENG-DATASET-004,MSN-LUBRICATION_DEGRADATION-004,DESCENT,5700.0,23.0,0.379997355803218,0.370002644196782,2412.488402567882,379.72725919750917,127.94809473173858,85.3076411173493,177.71259187603073,7.548670683205723,7.375701660445523,14.2,2462.276068219298,359.72725919750917,109.94809473173858,50.30764111734931,323.1138034109649,6.98950989185715,4.875701660445523,-49.787665651415864,20.0,18.0,34.99999999999999,-145.4012115349342,0.5591607913485728,2.5,-0.02022018013902965,0.0555976770974116,0.16371361453709632,0.69571936236004,-0.44999999999999996,0.08000000000000011,0.5127467130077765,4,LUBRICATION_DEGRADATION,1.0,2026-01-01T00:02:00+00:00,True
2026-01-01T00:04:25Z,ENG-DATASET-004,MSN-LUBRICATION_DEGRADATION-004,DESCENT,5700.0,23.0,0.3797136482033933,0.3702863517966067,2412.8170156751676,379.5611438315053,128.24231385435235,85.3444173116932,177.66968110155725,7.543508157572407,7.2807346545806455,14.2,2460.7156764202623,359.5611438315053,110.24231385435235,50.3444173116932,323.0357838210131,6.984729775530006,4.7807346545806455,-47.89866074509473,20.0,18.0,35.00000000000001,-145.36610271945588,0.5587783820424006,2.5,-0.019465337342335923,0.055623362933154535,0.1632766890558998,0.6952111449280944,-0.4499999999999999,0.08000000000000002,0.5229321810623045,4,LUBRICATION_DEGRADATION,1.0,2026-01-01T00:02:00+00:00,True
2026-01-01T00:04:26Z,ENG-DATASET-004,MSN-LUBRICATION_DEGRADATION-004,DESCENT,5700.0,23.0,0.3789662690613416,0.3710337309386584,2410.080954163835,379.12363615990375,128.4961733729147,85.3785323640881,177.5566400063219,7.529910848284483,6.682739206416729,14.2,2456.605091138978,359.12363615990375,110.49617337291471,50.378532364088095,322.8302545569489,6.972139674337484,4.182739206416729,-46.52413697514294,20.0,18.0,35.00000000000001,-145.27361455062697,0.5577711739469988,2.5,-0.018938386614501614,0.055691126916232216,0.1629015689009574,0.694740365738591,-0.4499999999999999,0.08000000000000002,0.5976944477352919,4,LUBRICATION_DEGRADATION,1.0,2026-01-01T00:02:00+00:00,True
2026-01-01T00:04:27Z,ENG-DATASET-004,MSN-LUBRICATION_DEGRADATION-004,DESCENT,5700.0,23.0,0.37776688097860717,0.37223311902139283,2404.0078309853016,378.4218146043098,128.707101400731,85.40937296075226,177.3752325588083,7.508097510487237,6.431829512829184,14.2,2450.0084566839387,358.4218146043098,110.70710140073099,50.409372960752265,322.5004228341969,6.951942139340034,3.9318295128291845,-46.00062569863712,20.0,18.000000000000014,35.0,-145.1251902753886,0.5561553711472031,2.4999999999999996,-0.018775700783048927,0.05580017505932104,0.16259119579732,0.6943153216218402,-0.44999999999999996,0.08000000000000007,0.6358363178878276,4,LUBRICATION_DEGRADATION,1.0,2026-01-01T00:02:00+00:00,True
2026-01-01T00:04:28Z,ENG-DATASET-004,MSN-LUBRICATION_DEGRADATION-004,DESCENT,5700.0,23.0,0.37613420000507525,0.37386579999492475,2394.5724105953527,377.4670203611755,128.87306676968728,85.43638012308246,177.12828956156164,7.478418724580247,6.876855164256389,14.2,2441.028711329513,357.4670203611755,110.87306676968728,50.43638012308246,322.0514355664757,6.924461782018747,4.376855164256389,-46.45630073416032,20.0,18.0,35.0,-144.92314600491403,0.5539569425615003,2.5,-0.019031443800125468,0.055949217300640806,0.16234781380577093,0.6939435366810173,-0.44999999999999996,0.08000000000000008,0.5711863669641764,4,LUBRICATION_DEGRADATION,1.0,2026-01-01T00:02:00+00:00,True
2026-01-01T00:04:29Z,ENG-DATASET-004,MSN-LUBRICATION_DEGRADATION-004,DESCENT,5700.0,23.0,0.37409370358127364,0.37590629641872636,2382.026384057811,376.2746557792189,128.99262648719903,85.45905780079238,176.81966447746163,7.441350780693115,7.365778600584111,14.2,2429.8059809986044,356.2746557792189,110.99262648719903,50.45905780079237,321.49029904993023,6.890139611752884,4.865778600584111,-47.77959694079345,20.0,18.0,35.00000000000001,-144.6706345724686,0.551211168940231,2.5,-0.019663955605688708,0.05613646571703902,0.16217293499290217,0.6936316595164485,-0.45,0.08000000000000004,0.5137923866285014,4,LUBRICATION_DEGRADATION,1.0,2026-01-01T00:02:00+00:00,True
2026-01-01T00:04:30Z,ENG-DATASET-004,MSN-LUBRICATION_DEGRADATION-004,DESCENT,5700.0,23.0,0.371677232971434,0.378322767028566,2366.8688673889023,374.86391222599013,129.06496164412889,85.4769804882572,176.45417329772337,7.3974874147547425,7.180059078644225,14.2,2416.5153926444864,354.86391222599013,111.06496164412889,50.476980488257205,320.8257696322243,6.849525384032169,4.680059078644225,-49.64652525558404,20.0,18.0,34.99999999999999,-144.37159633450094,0.5479620307225739,2.5,-0.020544675778478665,0.05635963340015053,0.16206731388135778,0.693385374114093,-0.45,0.08000000000000006,0.5341812908746932,4,LUBRICATION_DEGRADATION,1.0,2026-01-01T00:02:00+00:00,True
2026-01-01T00:04:31Z,ENG-DATASET-004,MSN-LUBRICATION_DEGRADATION-004,DESCENT,5700.0,23.0,0.36892249639121344,0.38107750360878656,2349.764344937603,373.2574337372938,129.08990132314835,85.48979974500654,176.03751938996504,7.347529578671354,6.564370491766744,14.2,2401.3643414532735,353.2574337372938,111.08990132314834,50.48979974500653,320.0682170726637,6.803268128399401,4.064370491766744,-51.59999651567068,20.0,18.000000000000014,35.00000000000001,-144.03069768269864,0.5442614502719527,2.5,-0.021487783267591563,0.05661593526400737,0.16203092977497557,0.6932093249876977,-0.44999999999999996,0.08000000000000008,0.6151014050181417,4,LUBRICATION_DEGRADATION,1.0,2026-01-01T00:02:00+00:00,True
2026-01-01T00:04:32Z,ENG-DATASET-004,MSN-LUBRICATION_DEGRADATION-004,DESCENT,5700.0,23.0,0.36587248058360067,0.38412751941639933,2331.4275216845112,371.4809240621415,129.06793429238704,85.49724951841642,175.5762044990636,7.292273466096043,6.376397015844699,14.2,2384.589254511403,351.4809240621415,111.06793429238704,50.49724951841643,319.22946272557016,6.75210506120004,3.8763970158446988,-53.16173282689169,20.0,18.0,34.99999999999999,-143.65325822650655,0.5401684048960034,2.5,-0.022293874186640337,0.056902092349296364,0.1620629762737361,0.6931070569939742,-0.44999999999999996,0.08000000000000003,0.644928780458064,4,LUBRICATION_DEGRADATION,1.0,2026-01-01T00:02:00+00:00,True
2026-01-01T00:04:33Z,ENG-DATASET-004,MSN-LUBRICATION_DEGRADATION-004,DESCENT,5700.0,23.0,0.3625747800251694,0.3874252199748306,2312.502534767229,369.5627057590398,129.00020850712434,85.49915018535103,175.07742728960088,7.232597046675222,6.858430613498333,14.2,2366.451901440031,349.5627057590398,111.00020850712433,50.499150185351034,318.32259507200155,6.696849117291872,4.358430613498333,-53.94936667280217,20.0,18.000000000000014,34.99999999999999,-143.24516778240067,0.5357479293833505,2.5,-0.022797575830707968,0.05721434143431302,0.16216185755042722,0.6930809701061645,-0.4499999999999999,0.08000000000000011,0.5736009636719563,4,LUBRICATION_DEGRADATION,1.0,2026-01-01T00:02:00+00:00,True
2026-01-01T00:04:34Z,ENG-DATASET-004,MSN-LUBRICATION_DEGRADATION-004,DESCENT,5700.0,23.0,0.35908085423018943,0.39091914576981057,2293.4652517494083,367.53324074192176,128.88851867495993,85.4954112495016,174.54897101311013,7.169445384782511,7.290666773801036,14.2,2347.2353095676413,347.53324074192176,110.88851867495994,50.4954112495016,317.36176547838204,6.638375356280102,4.790666773801036,-53.770057818233,20.0,17.999999999999986,35.0,-142.8127944652719,0.531070028502409,2.5,-0.022907825900138405,0.05754845193312603,0.16232519123789702,0.6931322893294677,-0.44999999999999996,0.08000000000000013,0.5218480261812151,4,LUBRICATION_DEGRADATION,1.0,2026-01-01T00:02:00+00:00,True
2026-01-01T00:04:35Z,ENG-DATASET-004,MSN-LUBRICATION_DEGRADATION-004,DESCENT,5700.0,23.0,0.35544522474211765,0.39455477525788235,2274.5716400588494,365.42462210735175,128.73528236014772,85.4860326521561,173.9990820530393,7.103815033316461,7.022906653927783,14.2,2327.2393473832467,345.42462210735175,110.73528236014774,50.48603265215609,316.36196736916236,6.577606512330056,4.522906653927783,-52.66770732439727,20.0,17.999999999999986,35.00000000000001,-142.36288531612306,0.5262085209864047,2.5,-0.02263098008531738,0.05789975213111577,0.162549818055803,0.693261049865943,-0.44999999999999996,0.08000000000000003,0.5527418961496695,4,LUBRICATION_DEGRADATION,1.0,2026-01-01T00:02:00+00:00,True
2026-01-01T00:04:36Z,ENG-DATASET-004,MSN-LUBRICATION_DEGRADATION-004,DESCENT,5700.0,23.0,0.3517246243431477,0.3982753756568523,2255.863836150908,363.27004720590935,128.5435053042807,85.4711046757761,173.43634124269508,7.036737799281688,6.406563995923119,14.2,2306.776045188911,343.27004720590935,110.5435053042807,50.471104675776104,315.3388022594456,6.515497962297859,3.9065639959231193,-50.91220903800331,20.0,18.0,35.0,-141.9024610167505,0.5212398369838294,2.5,-0.0220707203649819,0.058263166748140624,0.1628318185718231,0.6934660975787686,-0.44999999999999996,0.0800000000000001,0.6399485590429324,4,LUBRICATION_DEGRADATION,1.0,2026-01-01T00:02:00+00:00,True
2026-01-01T00:04:37Z,ENG-DATASET-004,MSN-LUBRICATION_DEGRADATION-004,DESCENT,5700.0,23.0,0.34797711175811846,0.40202288824188154,2237.2313558065466,361.1032817713575,128.31673681813658,85.45080644172356,172.8695299642094,6.9692641761126595,6.2917056876169495,14.2,2286.164725971251,341.1032817713575,110.31673681813656,50.450806441723564,314.3082362985625,6.453022385289499,3.7917056876169495,-48.93337016470423,20.0,18.000000000000014,34.99999999999999,-141.43870633435313,0.5162417908231607,2.5,-0.021404131385989893,0.05863326760194015,0.1631665377273989,0.693745104757225,-0.44999999999999996,0.08000000000000013,0.6593338739777628,4,LUBRICATION_DEGRADATION,1.0,2026-01-01T00:02:00+00:00,True
2026-01-01T00:04:38Z,ENG-DATASET-004,MSN-LUBRICATION_DEGRADATION-004,DESCENT,5700.0,23.0,0.34426116566753134,0.40573883433246866,2218.511342997921,358.95812452467237,128.0590162494397,85.42540302542392,172.30749311800813,6.902446728874731,6.809695857680409,14.2,2265.727022473022,338.95812452467237,110.05901624943971,50.42540302542391,313.2863511236511,6.391154378587713,4.309695857680409,-47.21567947510084,20.0,18.0,35.00000000000001,-140.978858005643,0.5112923502870172,2.5,-0.020839085647469273,0.05900433874552024,0.16354861794516207,0.694094601134936,-0.44999999999999996,0.08000000000000003,0.5800873385403037,4,LUBRICATION_DEGRADATION,1.0,2026-01-01T00:02:00+00:00,True
2026-01-01T00:04:39Z,ENG-DATASET-004,MSN-LUBRICATION_DEGRADATION-004,LANDING,4000.0,23.0,0.24063477216729953,0.5593652278327005,1607.9337640241686,344.0985388219895,127.45557809504547,85.3569299424174,155.48811991847023,6.058474633266081,6.598009007733513,14.2,1654.113451580735,324.0985388219895,109.45557809504547,50.35692994241739,282.7056725790368,5.60969873450563,4.098009007733513,-46.17968755656648,20.0,18.0,35.00000000000001,-127.21755266056655,0.44877589876045043,2.5,-0.02791808960409298,0.06170962717911222,0.1644502757490326,0.6950383996804835,-0.45,0.08,0.6100523437801509,4,LUBRICATION_DEGRADATION,1.0,2026-01-01T00:02:00+00:00,True
2026-01-01T00:04:40Z,ENG-DATASET-004,MSN-LUBRICATION_DEGRADATION-004,LANDING,4000.0,23.0,0.23715451991511546,0.5628454800848846,1588.893022831484,341.66438354950407,126.85162987427853,85.28498104656651,154.96173176532741,5.984774496109014,6.261110421482593,14.2,1634.9720641937226,321.66438354950407,108.85162987427853,50.28498104656651,281.74860320968617,5.5414578667676055,3.761110421482593,-46.07904136223874,20.0,18.0,35.00000000000001,-126.78687144435875,0.4433166293414086,2.5000000000000004,-0.02818338146038132,0.06217660711858702,0.16536270537050884,0.6960328764485003,-0.4499999999999999,0.08000000000000003,0.6646973153780805,4,LUBRICATION_DEGRADATION,1.0,2026-01-01T00:02:00+00:00,True
2026-01-01T00:04:41Z,ENG-DATASET-004,MSN-LUBRICATION_DEGRADATION-004,LANDING,4000.0,23.0,0.233874717083374,0.566125282916626,1569.9947660284963,339.37351735268396,126.25080482066778,85.2100533157787,154.4656615870265,5.91540007583342,5.663340355380047,14.2,1616.9331486191445,319.37351735268396,108.25080482066778,50.210053315778694,280.84665743095724,5.477222292438352,3.1633403553800465,-46.93838259064819,20.0,18.0,35.0,-126.38099584393075,0.4381777833950684,2.5000000000000004,-0.02902926607122466,0.06262259991304793,0.16628051892842233,0.697071556165847,-0.44999999999999996,0.08000000000000004,0.7903038304898583,4,LUBRICATION_DEGRADATION,1.0,2026-01-01T00:02:00+00:00,True
2026-01-01T00:04:42Z,ENG-DATASET-004,MSN-LUBRICATION_DEGRADATION-004,LANDING,4000.0,23.0,0.230846543898306,0.569153456101694,1551.7308815627632,337.26106705844234,125.65725101506206,85.1327152421062,154.00765039278494,5.851417680189838,5.632061206427103,14.2,1600.2781961012702,317.26106705844234,107.65725101506206,50.1327152421062,280.0139098050635,5.417979333509109,3.1320612064271036,-48.54731453850695,20.0,18.0,35.0,-126.00625941227858,0.4334383466807292,2.4999999999999996,-0.030336796849936423,0.06303956607545488,0.16719728425428274,0.6981469052887781,-0.45,0.08000000000000008,0.7981964065293196,4,LUBRICATION_DEGRADATION,1.0,2026-01-01T00:02:00+00:00,True
2026-01-01T00:04:43Z,ENG-DATASET-004,MSN-LUBRICATION_DEGRADATION-004,LANDING,4000.0,23.0,0.2281172539896657,0.5718827460103344,1534.7551870522332,335.3593009429279,125.07550843712905,85.05359695940089,153.59484529410312,5.793807528884069,6.185266247194891,14.2,1585.267101603749,315.3593009429279,107.07550843712905,50.05359695940089,279.26335508018747,5.364636600818582,3.6852662471948903,-50.51191455151593,20.0,18.0,35.0,-125.66850978608434,0.42917092806548673,2.5000000000000004,-0.031863346246455954,0.06341972454974301,0.16810566919295988,0.6992504460446458,-0.44999999999999996,0.08000000000000003,0.6783770377250009,4,LUBRICATION_DEGRADATION,1.0,2026-01-01T00:02:00+00:00,True
2026-01-01T00:04:44Z,ENG-DATASET-004,MSN-LUBRICATION_DEGRADATION-004,LANDING,4000.0,23.0,0.22572943701364281,0.5742705629863573,1519.782928206953,333.697168271206,124.51038680019629,84.97337944911804,153.23368797647964,5.743449584547561,6.506219613641036,14.2,1572.1341082356228,313.697168271206,106.51038680019629,49.97337944911804,278.60670541178115,5.318008874581074,4.006219613641036,-52.35118002866966,20.0,18.0,35.0,-125.3730174353015,0.42544070996648653,2.5,-0.03329943657759733,0.06375575562323552,0.16899760240065928,0.7003728862410905,-0.44999999999999996,0.08000000000000011,0.6240296941005401,4,LUBRICATION_DEGRADATION,1.0,2026-01-01T00:02:00+00:00,True
2026-01-01T00:04:45Z,ENG-DATASET-004,MSN-LUBRICATION_DEGRADATION-004,LANDING,4000.0,23.0,0.2237203540555221,0.576279645944478,1507.4693573314246,332.2998923941112,123.96684543002944,84.892782991107,152.9298141790639,5.701110994366185,6.113951076445593,14.2,1561.0841519659593,312.2998923941112,105.96684543002944,49.892782991107005,278.054207598298,5.278806476264986,3.613951076445593,-53.614794634534746,20.0,18.0,34.99999999999999,-125.12439341923408,0.42230451810119884,2.5,-0.03434458966674838,0.06404100829711692,0.16986445078131077,0.7015042637777585,-0.44999999999999996,0.07999999999999999,0.6917636534412661,4,LUBRICATION_DEGRADATION,1.0,2026-01-01T00:02:00+00:00,True
2026-01-01T00:04:46Z,ENG-DATASET-004,MSN-LUBRICATION_DEGRADATION-004,LANDING,4000.0,23.0,0.22212135618290982,0.5778786438170902,1498.2962822230957,331.18862101552395,123.4498764124146,84.81255503807246,152.6879657508313,5.6674352667465016,5.552660376880299,14.2,1552.2896636665914,311.18862101552395,105.4498764124146,49.81255503807246,277.6144831833296,5.247625246987501,3.0526603768802985,-53.993381443495764,20.0,18.0,35.0,-124.92651743249829,0.4198100197590007,2.5000000000000004,-0.03478305802536912,0.06426970219776218,0.17069721285970954,0.7026341044591868,-0.4499999999999999,0.08000000000000011,0.8189577913527689,4,LUBRICATION_DEGRADATION,1.0,2026-01-01T00:02:00+00:00,True
2026-01-01T00:04:47Z,ENG-DATASET-004,MSN-LUBRICATION_DEGRADATION-004,LANDING,4000.0,23.0,0.22095739522280947,0.5790426047771906,1492.4936291849976,330.3801364295971,122.96439218191307,84.73345770144483,152.5119166556161,5.642933282374871,5.612333186937815,14.2,1545.8878783860396,310.3801364295971,104.96439218191307,49.733457701444834,277.29439391930197,5.224938224421177,3.112333186937815,-53.39424920104193,20.0,18.0,35.0,-124.78247726368588,0.4179950579536946,2.5,-0.034539535465396995,0.06443711324463755,0.17148672636339687,0.7037515913353275,-0.44999999999999996,0.0800000000000001,0.8032559015507328,4,LUBRICATION_DEGRADATION,1.0,2026-01-01T00:02:00+00:00,True
2026-01-01T00:04:48Z,ENG-DATASET-004,MSN-LUBRICATION_DEGRADATION-004,LANDING,4000.0,23.0,0.22024663439670653,0.5797533656032935,1490.0146074668799,329.88662782569327,122.51511865936409,84.65625504252141,152.40441408066803,5.627976216523194,6.197168880435133,14.2,1541.9786938424738,309.88662782569327,104.51511865936409,49.65625504252141,277.0989346921237,5.211089089373328,3.6971688804351333,-51.96408637559398,20.0,18.0,35.0,-124.69452061145566,0.41688712714986664,2.5,-0.033699613738568654,0.06453973228960919,0.17222388713603856,0.704845743401893,-0.45,0.08000000000000008,0.6761930766077869,4,LUBRICATION_DEGRADATION,1.0,2026-01-01T00:02:00+00:00,True
2026-01-01T00:04:49Z,ENG-DATASET-004,MSN-LUBRICATION_DEGRADATION-004,LANDING,4000.0,23.0,0.22000016488957225,0.5799998351104277,1490.5700648477418,329.71552716434087,122.10649497253621,84.58170036583505,152.36713556771397,5.622790429417862,6.462992621482027,14.2,1540.623111553235,309.71552716434087,104.10649497253621,49.58170036583504,277.03115557766176,5.2062874346461685,3.962992621482026,-50.053046705493216,20.0,18.0,35.00000000000001,-124.66402000994779,0.41650299477169384,2.5000000000000004,-0.03248883281715177,0.06457538691428805,0.17289987531276013,0.7059056010938513,-0.45,0.08000000000000007,0.6308364003627855,4,LUBRICATION_DEGRADATION,1.0,2026-01-01T00:02:00+00:00,True
2026-01-01T00:04:50Z,ENG-DATASET-004,MSN-LUBRICATION_DEGRADATION-004,LANDING,4000.0,23.0,0.22022183277563162,0.5797781672243685,1493.7132655747419,329.8694096267302,121.74258071595085,84.51052371172695,152.40066283548046,5.627454363629206,6.0267823097642275,14.2,1541.8422849265614,309.8694096267302,103.74258071595085,49.51052371172695,277.0921142463281,5.210605892249265,3.526782309764228,-48.12901935181958,20.0,18.0,35.0,-124.69145141084763,0.4168484713799412,2.4999999999999996,-0.031215267490288075,0.06454331850340461,0.1735063835483748,0.7069204156228706,-0.44999999999999996,0.08,0.7088614437807842,4,LUBRICATION_DEGRADATION,1.0,2026-01-01T00:02:00+00:00,True
2026-01-01T00:04:51Z,ENG-DATASET-004,MSN-LUBRICATION_DEGRADATION-004,LANDING,4000.0,23.0,0.2209081790016614,0.5790918209983387,1498.9541158561738,330.3459592121654,121.4269716246599,84.44341974204394,152.50447270216745,5.641897471282364,5.5154490725609175,14.2,1545.6171891697252,310.3459592121654,103.4269716246599,49.44341974204394,277.28085945848625,5.223979140076263,3.0154490725609175,-46.66307331355142,20.0,18.0,35.0,-124.7763867563188,0.417918331206101,2.5,-0.03019057606276875,0.06444420945828126,0.1740358411084744,0.7078798388663626,-0.44999999999999996,0.07999999999999999,0.8290639104963679,4,LUBRICATION_DEGRADATION,1.0,2026-01-01T00:02:00+00:00,True
2026-01-01T00:04:52Z,ENG-DATASET-004,MSN-LUBRICATION_DEGRADATION-004,LANDING,4000.0,23.0,0.22204849336435883,0.5779515066356412,1505.8747948570483,331.13799967601,121.16272445409416,84.38103620679593,152.67694524952546,5.665901178822108,5.667646335322541,14.2,1551.8889181645611,311.13799967601,103.16272445409416,49.38103620679593,277.59444590822807,5.246204795205656,3.1676463353225404,-46.01412330751282,20.0,18.0,34.99999999999999,-124.91750065870261,0.41969638361645245,2.5000000000000004,-0.029650397505212107,0.06428015871036688,0.17448162691757646,0.7087741102359292,-0.4499999999999999,0.08,0.7892295210239884,4,LUBRICATION_DEGRADATION,1.0,2026-01-01T00:02:00+00:00,True
2026-01-01T00:04:53Z,ENG-DATASET-004,MSN-LUBRICATION_DEGRADATION-004,LANDING,4000.0,23.0,0.22362498163948205,0.576375018360518,1514.2185487496342,332.233590635119,120.95229177456272,84.323963170592,152.91538910113783,5.699101882381275,6.275424203708049,14.2,1560.5596036777388,312.233590635119,102.95229177456272,49.323963170591995,278.02798018388694,5.276946187390069,3.775424203708049,-46.34105492810454,20.0,18.0,35.0,-125.1125910827491,0.422155694991206,2.4999999999999996,-0.029695152187006205,0.06405460719110234,0.17483826430416005,0.7095942367597045,-0.44999999999999996,0.08000000000000008,0.6621772455515367,4,LUBRICATION_DEGRADATION,1.0,2026-01-01T00:02:00+00:00,True
2026-01-01T00:04:54Z,ENG-DATASET-004,MSN-LUBRICATION_DEGRADATION-004,LANDING,4000.0,23.0,0.22561304325476791,0.5743869567452321,1523.9301186493444,333.61618828750557,120.79746730429409,84.27272316586351,153.21608342044982,5.7409959517725895,6.481996611285169,14.2,1571.4939425618113,313.61618828750557,102.79746730429409,49.27272316586351,278.5746971280906,5.315736992382027,3.9819966112851692,-47.56382391246689,20.0,18.0,35.0,-125.35861370764076,0.4252589593905629,2.4999999999999996,-0.030266628858224866,0.06377221823021818,0.17510159026309102,0.7103321625269586,-0.45,0.08000000000000014,0.6278257477454601,4,LUBRICATION_DEGRADATION,1.0,2026-01-01T00:02:00+00:00,True
2026-01-01T00:04:55Z,ENG-DATASET-004,MSN-LUBRICATION_DEGRADATION-004,LANDING,4000.0,23.0,0.22798165517363428,0.5720183448263658,1535.1382543479076,335.2648697680433,120.69934231806576,84.22776242546499,153.57433597317836,5.7909467050415335,6.009019956508703,14.2,1584.5213081155762,315.2648697680433,102.69934231806576,49.227762425464995,279.2260654057788,5.3619876898532715,3.509019956508703,-49.38305376766857,20.0,18.0,34.99999999999999,-125.65172943260043,0.42895901518826207,2.5,-0.03116591333593258,0.06343872063739622,0.17526889261133696,0.7109809236808795,-0.4499999999999999,0.08000000000000007,0.7124496386413753,4,LUBRICATION_DEGRADATION,1.0,2026-01-01T00:02:00+00:00,True
2026-01-01T00:04:56Z,ENG-DATASET-004,MSN-LUBRICATION_DEGRADATION-004,LANDING,4000.0,23.0,0.23069385599929002,0.56930614400071,1548.0850790793857,337.1546196656624,120.65827357790074,84.18944333044251,153.9845563480588,5.84819329776238,5.5550944356357626,14.2,1599.4384126566827,317.1546196656624,102.65827357790074,49.18944333044252,279.97192063283416,5.414993794224426,3.055094435635763,-51.35333357729701,20.0,18.0,34.99999999999999,-125.98736428477537,0.43319950353795456,2.4999999999999996,-0.032107102824921296,0.06306072420160101,0.17533900944029573,0.7115347853172203,-0.45,0.08000000000000008,0.8183053102513184,4,LUBRICATION_DEGRADATION,1.0,2026-01-01T00:02:00+00:00,True
2026-01-01T00:04:57Z,ENG-DATASET-004,MSN-LUBRICATION_DEGRADATION-004,LANDING,4000.0,23.0,0.23370732274496983,0.5662926772550302,1563.0202096298772,339.256676638418,120.67386313607112,84.15803818983824,154.44034319334284,5.91186145134675,5.794569211318683,14.2,1616.012479757922,319.256676638418,102.67386313607112,49.15803818983824,280.8006239878961,5.473945788284028,3.294569211318682,-52.992270128044765,20.0,18.0,35.0,-126.36028079455323,0.43791566306272234,2.5000000000000004,-0.03279199312618117,0.06264551836656337,0.17531238671856583,0.7119893569559712,-0.45,0.08000000000000002,0.7588245502359175,4,LUBRICATION_DEGRADATION,1.0,2026-01-01T00:02:00+00:00,True
2026-01-01T00:04:58Z,ENG-DATASET-004,MSN-LUBRICATION_DEGRADATION-004,LANDING,4000.0,23.0,0.2369750312699874,0.5630249687300126,1580.0862820531406,341.53893736695085,120.74495025663778,84.1337244486528,154.9345841077518,5.9809759222669925,6.411043960064142,14.2,1633.9848766455186,321.53893736695085,102.74495025663778,49.13372444865279,281.69924383227595,5.537940668765733,3.9110439600641422,-53.898594592378004,20.0,18.0,35.00000000000001,-126.76465972452417,0.44303525350125916,2.5,-0.03298598130420207,0.06220086488988841,0.17519109167934138,0.7123416836958241,-0.44999999999999996,0.08000000000000008,0.6392155203387178,4,LUBRICATION_DEGRADATION,1.0,2026-01-01T00:02:00+00:00,True
2026-01-01T00:04:59Z,ENG-DATASET-004,MSN-LUBRICATION_DEGRADATION-004,LANDING,4000.0,23.0,0.24044599007572326,0.5595540099242767,1599.2247429448082,343.9664142790216,120.86961558794954,84.1165813978393,155.45956662711933,6.054474589203955,6.550251426330839,14.2,1653.0751500770655,323.9664142790216,102.86961558794954,49.1165813978393,282.6537575038533,5.605994990003661,4.050251426330839,-53.85040713225726,20.0,18.0,35.0,-127.19419087673396,0.4484795992002937,2.5,-0.032575897792515233,0.06173479446784462,0.17497878160739014,0.7125903107242658,-0.4499999999999999,0.08000000000000014,0.6172456316532362,4,LUBRICATION_DEGRADATION,1.0,2026-01-01T00:02:00+00:00,True
2026-01-01T00:05:00Z,ENG-DATASET-004,MSN-LUBRICATION_DEGRADATION-004,TAKEOFF,4000.0,23.0,0.8940660360109062,0.7559339639890938,5070.125897002054,925.0691177571466,135.50938197308324,85.69944557965688,250.88209857481573,20.47019603332883,11.618493684183555,14.2,5122.985402720571,905.0691177571466,117.50938197308325,50.69944557965688,456.1492701360286,18.95388521604521,9.118493684183555,-52.85950571851663,20.0,17.999999999999986,35.0,-205.26717156121285,1.5163108172836175,2.5,-0.010318105862734938,0.02209775983690841,0.15317925852186912,0.6903428548347623,-0.44999999999999996,0.08000000000000003,0.27416809032136136,4,LUBRICATION_DEGRADATION,1.0,2026-01-01T00:02:00+00:00,True
