timestamp,engineId,missionId,health,degradation,degradationRatePerHour,dominantMechanism,rulHours,rulLowerBoundHours,rulUpperBoundHours,rulConfidence,rulStatus,diagnosticType,affectedSensor
2026-01-01 00:00:01+00:00,ENG-DATASET-000,MSN-INJECTOR_DEGRADATION-000,100.0,0.0,0.0,HEALTHY,,,,0.05,INSUFFICIENT_HISTORY,NORMAL,
2026-01-01 00:00:02+00:00,ENG-DATASET-000,MSN-INJECTOR_DEGRADATION-000,100.0,0.0,0.0,HEALTHY,,,,0.1,INSUFFICIENT_HISTORY,NORMAL,
2026-01-01 00:00:03+00:00,ENG-DATASET-000,MSN-INJECTOR_DEGRADATION-000,100.0,0.0,0.0,HEALTHY,,,,0.15,INSUFFICIENT_HISTORY,NORMAL,
2026-01-01 00:00:04+00:00,ENG-DATASET-000,MSN-INJECTOR_DEGRADATION-000,100.0,0.0,0.0,HEALTHY,,,,0.2,INSUFFICIENT_HISTORY,NORMAL,
2026-01-01 00:00:05+00:00,ENG-DATASET-000,MSN-INJECTOR_DEGRADATION-000,100.0,0.0,0.0,HEALTHY,,,,0.25,STABLE,NORMAL,
2026-01-01 00:00:06+00:00,ENG-DATASET-000,MSN-INJECTOR_DEGRADATION-000,100.0,0.0,0.0,HEALTHY,,,,0.3,STABLE,NORMAL,
2026-01-01 00:00:07+00:00,ENG-DATASET-000,MSN-INJECTOR_DEGRADATION-000,100.0,0.0,0.0,HEALTHY,,,,0.35,STABLE,NORMAL,
2026-01-01 00:00:08+00:00,ENG-DATASET-000,MSN-INJECTOR_DEGRADATION-000,100.0,0.0,0.0,HEALTHY,,,,0.4,STABLE,NORMAL,
2026-01-01 00:00:09+00:00,ENG-DATASET-000,MSN-INJECTOR_DEGRADATION-000,100.0,0.0,0.0,HEALTHY,,,,0.45,STABLE,NORMAL,
2026-01-01 00:00:10+00:00,ENG-DATASET-000,MSN-INJECTOR_DEGRADATION-000,100.0,0.0,0.0,HEALTHY,,,,0.5,STABLE,NORMAL,
2026-01-01 00:00:11+00:00,ENG-DATASET-000,MSN-INJECTOR_DEGRADATION-000,100.0,0.0,0.0,HEALTHY,,,,0.55,STABLE,NORMAL,
2026-01-01 00:00:12+00:00,ENG-DATASET-000,MSN-INJECTOR_DEGRADATION-000,100.0,0.0,0.0,HEALTHY,,,,0.6,STABLE,NORMAL,
2026-01-01 00:00:13+00:00,ENG-DATASET-000,MSN-INJECTOR_DEGRADATION-000,100.0,0.0,0.0,HEALTHY,,,,0.65,STABLE,NORMAL,
2026-01-01 00:00:14+00:00,ENG-DATASET-000,MSN-INJECTOR_DEGRADATION-000,100.0,0.0,0.0,HEALTHY,,,,0.7,STABLE,NORMAL,
2026-01-01 00:00:15+00:00,ENG-DATASET-000,MSN-INJECTOR_DEGRADATION-000,100.0,0.0,0.0,HEALTHY,,,,0.75,STABLE,NORMAL,
2026-01-01 00:00:16+00:00,ENG-DATASET-000,MSN-INJECTOR_DEGRADATION-000,100.0,0.0,0.0,HEALTHY,,,,0.8,STABLE,NORMAL,
2026-01-01 00:00:17+00:00,ENG-DATASET-000,MSN-INJECTOR_DEGRADATION-000,100.0,0.0,0.0,HEALTHY,,,,0.85,STABLE,NORMAL,
2026-01-01 00:00:18+00:00,ENG-DATASET-000,MSN-INJECTOR_DEGRADATION-000,100.0,0.0,0.0,HEALTHY,,,,0.9,STABLE,NORMAL,
2026-01-01 00:00:19+00:00,ENG-DATASET-000,MSN-INJECTOR_DEGRADATION-000,100.0,0.0,0.0,HEALTHY,,,,0.95,STABLE,NORMAL,
2026-01-01 00:00:20+00:00,ENG-DATASET-000,MSN-INJECTOR_DEGRADATION-000,100.0,0.0,0.0,HEALTHY,,,,1.0,STABLE,NORMAL,
2026-01-01 00:00:21+00:00,ENG-DATASET-000,MSN-INJECTOR_DEGRADATION-000,100.0,0.0,0.0,HEALTHY,,,,1.0,STABLE,NORMAL,
2026-01-01 00:00:22+00:00,ENG-DATASET-000,MSN-INJECTOR_DEGRADATION-000,100.0,0.0,0.0,HEALTHY,,,,1.0,STABLE,NORMAL,
2026-01-01 00:00:23+00:00,ENG-DATASET-000,MSN-INJECTOR_DEGRADATION-000,100.0,0.0,0.0,HEALTHY,,,,1.0,STABLE,NORMAL,
2026-01-01 00:00:24+00:00,ENG-DATASET-000,MSN-INJECTOR_DEGRADATION-000,100.0,0.0,0.0,HEALTHY,,,,1.0,STABLE,NORMAL,
2026-01-01 00:00:25+00:00,ENG-DATASET-000,MSN-INJECTOR_DEGRADATION-000,100.0,0.0,0.0,HEALTHY,,,,1.0,STABLE,NORMAL,
2026-01-01 00:00:26+00:00,ENG-DATASET-000,MSN-INJECTOR_DEGRADATION-000,100.0,0.0,0.0,HEALTHY,,,,1.0,STABLE,NORMAL,
2026-01-01 00:00:27+00:00,ENG-DATASET-000,MSN-INJECTOR_DEGRADATION-000,100.0,0.0,0.0,HEALTHY,,,,1.0,STABLE,NORMAL,
2026-01-01 00:00:28+00:00,ENG-DATASET-000,MSN-INJECTOR_DEGRADATION-000,100.0,0.0,0.0,HEALTHY,,,,1.0,STABLE,NORMAL,
2026-01-01 00:00:29+00:00,ENG-DATASET-000,MSN-INJECTOR_DEGRADATION-000,100.0,0.0,0.0,HEALTHY,,,,1.0,STABLE,NORMAL,
2026-01-01 00:00:30+00:00,ENG-DATASET-000,MSN-INJECTOR_DEGRADATION-000,100.0,0.0,0.0,HEALTHY,,,,1.0,STABLE,NORMAL,
2026-01-01 00:00:31+00:00,ENG-DATASET-000,MSN-INJECTOR_DEGRADATION-000,100.0,0.0,0.0,HEALTHY,,,,1.0,STABLE,NORMAL,
2026-01-01 00:00:32+00:00,ENG-DATASET-000,MSN-INJECTOR_DEGRADATION-000,100.0,0.0,0.0,HEALTHY,,,,1.0,STABLE,NORMAL,
2026-01-01 00:00:33+00:00,ENG-DATASET-000,MSN-INJECTOR_DEGRADATION-000,100.0,0.0,0.0,HEALTHY,,,,1.0,STABLE,NORMAL,
2026-01-01 00:00:34+00:00,ENG-DATASET-000,MSN-INJECTOR_DEGRADATION-000,100.0,0.0,0.0,HEALTHY,,,,1.0,STABLE,NORMAL,
2026-01-01 00:00:35+00:00,ENG-DATASET-000,MSN-INJECTOR_DEGRADATION-000,100.0,0.0,0.0,HEALTHY,,,,1.0,STABLE,NORMAL,
2026-01-01 00:00:36+00:00,ENG-DATASET-000,MSN-INJECTOR_DEGRADATION-000,100.0,0.0,0.0,HEALTHY,,,,1.0,STABLE,NORMAL,
2026-01-01 00:00:37+00:00,ENG-DATASET-000,MSN-INJECTOR_DEGRADATION-000,100.0,0.0,0.0,HEALTHY,,,,1.0,STABLE,NORMAL,
2026-01-01 00:00:38+00:00,ENG-DATASET-000,MSN-INJECTOR_DEGRADATION-000,100.0,0.0,0.0,HEALTHY,,,,1.0,STABLE,NORMAL,
2026-01-01 00:00:39+00:00,ENG-DATASET-000,MSN-INJECTOR_DEGRADATION-000,100.0,0.0,0.0,HEALTHY,,,,1.0,STABLE,NORMAL,
2026-01-01 00:00:40+00:00,ENG-DATASET-000,MSN-INJECTOR_DEGRADATION-000,100.0,0.0,0.0,HEALTHY,,,,1.0,STABLE,NORMAL,
2026-01-01 00:00:41+00:00,ENG-DATASET-000,MSN-INJECTOR_DEGRADATION-000,100.0,0.0,0.0,HEALTHY,,,,1.0,STABLE,NORMAL,
2026-01-01 00:00:42+00:00,ENG-DATASET-000,MSN-INJECTOR_DEGRADATION-000,100.0,0.0,0.0,HEALTHY,,,,1.0,STABLE,NORMAL,
2026-01-01 00:00:43+00:00,ENG-DATASET-000,MSN-INJECTOR_DEGRADATION-000,100.0,0.0,0.0,HEALTHY,,,,1.0,STABLE,NORMAL,
2026-01-01 00:00:44+00:00,ENG-DATASET-000,MSN-INJECTOR_DEGRADATION-000,100.0,0.0,0.0,HEALTHY,,,,1.0,STABLE,NORMAL,
2026-01-01 00:00:45+00:00,ENG-DATASET-000,MSN-INJECTOR_DEGRADATION-000,100.0,0.0,0.0,HEALTHY,,,,1.0,STABLE,NORMAL,
2026-01-01 00:00:46+00:00,ENG-DATASET-000,MSN-INJECTOR_DEGRADATION-000,100.0,0.0,0.0,HEALTHY,,,,1.0,STABLE,NORMAL,
2026-01-01 00:00:47+00:00,ENG-DATASET-000,MSN-INJECTOR_DEGRADATION-000,100.0,0.0,0.0,HEALTHY,,,,1.0,STABLE,NORMAL,
2026-01-01 00:00:48+00:00,ENG-DATASET-000,MSN-INJECTOR_DEGRADATION-000,100.0,0.0,0.0,HEALTHY,,,,1.0,STABLE,NORMAL,
2026-01-01 00:00:49+00:00,ENG-DATASET-000,MSN-INJECTOR_DEGRADATION-000,100.0,0.0,0.0,HEALTHY,,,,1.0,STABLE,NORMAL,
2026-01-01 00:00:50+00:00,ENG-DATASET-000,MSN-INJECTOR_DEGRADATION-000,100.0,0.0,0.0,HEALTHY,,,,1.0,STABLE,NORMAL,
2026-01-01 00:00:51+00:00,ENG-DATASET-000,MSN-INJECTOR_DEGRADATION-000,100.0,0.0,0.0,HEALTHY,,,,1.0,STABLE,NORMAL,
2026-01-01 00:00:52+00:00,ENG-DATASET-000,MSN-INJECTOR_DEGRADATION-000,100.0,0.0,0.0,HEALTHY,,,,1.0,STABLE,NORMAL,
2026-01-01 00:00:53+00:00,ENG-DATASET-000,MSN-INJECTOR_DEGRADATION-000,100.0,0.0,0.0,HEALTHY,,,,1.0,STABLE,NORMAL,
2026-01-01 00:00:54+00:00,ENG-DATASET-000,MSN-INJECTOR_DEGRADATION-000,100.0,0.0,0.0,HEALTHY,,,,1.0,STABLE,NORMAL,
2026-01-01 00:00:55+00:00,ENG-DATASET-000,MSN-INJECTOR_DEGRADATION-000,100.0,0.0,0.0,HEALTHY,,,,1.0,STABLE,NORMAL,
2026-01-01 00:00:56+00:00,ENG-DATASET-000,MSN-INJECTOR_DEGRADATION-000,100.0,0.0,0.0,HEALTHY,,,,1.0,STABLE,NORMAL,
2026-01-01 00:00:57+00:00,ENG-DATASET-000,MSN-INJECTOR_DEGRADATION-000,100.0,0.0,0.0,HEALTHY,,,,1.0,STABLE,NORMAL,
2026-01-01 00:00:58+00:00,ENG-DATASET-000,MSN-INJECTOR_DEGRADATION-000,100.0,0.0,0.0,HEALTHY,,,,1.0,STABLE,NORMAL,
2026-01-01 00:00:59+00:00,ENG-DATASET-000,MSN-INJECTOR_DEGRADATION-000,100.0,0.0,0.0,HEALTHY,,,,1.0,STABLE,NORMAL,
2026-01-01 00:01:00+00:00,ENG-DATASET-000,MSN-INJECTOR_DEGRADATION-000,100.0,0.0,0.0,HEALTHY,,,,1.0,STABLE,NORMAL,
2026-01-01 00:01:01+00:00,ENG-DATASET-000,MSN-INJECTOR_DEGRADATION-000,100.0,0.0,0.0,HEALTHY,,,,1.0,STABLE,NORMAL,
2026-01-01 00:01:02+00:00,ENG-DATASET-000,MSN-INJECTOR_DEGRADATION-000,100.0,0.0,0.0,HEALTHY,,,,1.0,STABLE,NORMAL,
2026-01-01 00:01:03+00:00,ENG-DATASET-000,MSN-INJECTOR_DEGRADATION-000,100.0,0.0,0.0,HEALTHY,,,,1.0,STABLE,NORMAL,
2026-01-01 00:01:04+00:00,ENG-DATASET-000,MSN-INJECTOR_DEGRADATION-000,100.0,0.0,0.0,HEALTHY,,,,1.0,STABLE,NORMAL,
2026-01-01 00:01:05+00:00,ENG-DATASET-000,MSN-INJECTOR_DEGRADATION-000,100.0,0.0,0.0,HEALTHY,,,,1.0,STABLE,NORMAL,
2026-01-01 00:01:06+00:00,ENG-DATASET-000,MSN-INJECTOR_DEGRADATION-000,100.0,0.0,0.0,HEALTHY,,,,1.0,STABLE,NORMAL,
2026-01-01 00:01:07+00:00,ENG-DATASET-000,MSN-INJECTOR_DEGRADATION-000,100.0,0.0,0.0,HEALTHY,,,,1.0,STABLE,NORMAL,
2026-01-01 00:01:08+00:00,ENG-DATASET-000,MSN-INJECTOR_DEGRADATION-000,100.0,0.0,0.0,HEALTHY,,,,1.0,STABLE,NORMAL,
2026-01-01 00:01:09+00:00,ENG-DATASET-000,MSN-INJECTOR_DEGRADATION-000,100.0,0.0,0.0,HEALTHY,,,,1.0,STABLE,NORMAL,
2026-01-01 00:01:10+00:00,ENG-DATASET-000,MSN-INJECTOR_DEGRADATION-000,100.0,0.0,0.0,HEALTHY,,,,1.0,STABLE,NORMAL,
2026-01-01 00:01:11+00:00,ENG-DATASET-000,MSN-INJECTOR_DEGRADATION-000,100.0,0.0,0.0,HEALTHY,,,,1.0,STABLE,NORMAL,
2026-01-01 00:01:12+00:00,ENG-DATASET-000,MSN-INJECTOR_DEGRADATION-000,100.0,0.0,0.0,HEALTHY,,,,1.0,STABLE,NORMAL,
2026-01-01 00:01:13+00:00,ENG-DATASET-000,MSN-INJECTOR_DEGRADATION-000,100.0,0.0,0.0,HEALTHY,,,,1.0,STABLE,NORMAL,
2026-01-01 00:01:14+00:00,ENG-DATASET-000,MSN-INJECTOR_DEGRADATION-000,100.0,0.0,0.0,HEALTHY,,,,1.0,STABLE,NORMAL,
2026-01-01 00:01:15+00:00,ENG-DATASET-000,MSN-INJECTOR_DEGRADATION-000,100.0,0.0,0.0,HEALTHY,,,,1.0,STABLE,NORMAL,
2026-01-01 00:01:16+00:00,ENG-DATASET-000,MSN-INJECTOR_DEGRADATION-000,100.0,0.0,0.0,HEALTHY,,,,1.0,STABLE,NORMAL,
2026-01-01 00:01:17+00:00,ENG-DATASET-000,MSN-INJECTOR_DEGRADATION-000,100.0,0.0,0.0,HEALTHY,,,,1.0,STABLE,NORMAL,
2026-01-01 00:01:18+00:00,ENG-DATASET-000,MSN-INJECTOR_DEGRADATION-000,100.0,0.0,0.0,HEALTHY,,,,1.0,STABLE,NORMAL,
2026-01-01 00:01:19+00:00,ENG-DATASET-000,MSN-INJECTOR_DEGRADATION-000,100.0,0.0,0.0,HEALTHY,,,,1.0,STABLE,NORMAL,
2026-01-01 00:01:20+00:00,ENG-DATASET-000,MSN-INJECTOR_DEGRADATION-000,100.0,0.0,0.0,HEALTHY,,,,1.0,STABLE,NORMAL,
2026-01-01 00:01:21+00:00,ENG-DATASET-000,MSN-INJECTOR_DEGRADATION-000,100.0,0.0,0.0,HEALTHY,,,,1.0,STABLE,NORMAL,
2026-01-01 00:01:22+00:00,ENG-DATASET-000,MSN-INJECTOR_DEGRADATION-000,100.0,0.0,0.0,HEALTHY,,,,1.0,STABLE,NORMAL,
2026-01-01 00:01:23+00:00,ENG-DATASET-000,MSN-INJECTOR_DEGRADATION-000,100.0,0.0,0.0,HEALTHY,,,,1.0,STABLE,NORMAL,
2026-01-01 00:01:24+00:00,ENG-DATASET-000,MSN-INJECTOR_DEGRADATION-000,100.0,0.0,0.0,HEALTHY,,,,1.0,STABLE,NORMAL,
2026-01-01 00:01:25+00:00,ENG-DATASET-000,MSN-INJECTOR_DEGRADATION-000,100.0,0.0,0.0,HEALTHY,,,,1.0,STABLE,NORMAL,
2026-01-01 00:01:26+00:00,ENG-DATASET-000,MSN-INJECTOR_DEGRADATION-000,100.0,0.0,0.0,HEALTHY,,,,1.0,STABLE,NORMAL,
2026-01-01 00:01:27+00:00,ENG-DATASET-000,MSN-INJECTOR_DEGRADATION-000,100.0,0.0,0.0,HEALTHY,,,,1.0,STABLE,NORMAL,
2026-01-01 00:01:28+00:00,ENG-DATASET-000,MSN-INJECTOR_DEGRADATION-000,100.0,0.0,0.0,HEALTHY,,,,1.0,STABLE,NORMAL,
2026-01-01 00:01:29+00:00,ENG-DATASET-000,MSN-INJECTOR_DEGRADATION-000,100.0,0.0,0.0,HEALTHY,,,,1.0,STABLE,NORMAL,
2026-01-01 00:01:30+00:00,ENG-DATASET-000,MSN-INJECTOR_DEGRADATION-000,100.0,0.0,0.0,HEALTHY,,,,1.0,STABLE,NORMAL,
2026-01-01 00:01:31+00:00,ENG-DATASET-000,MSN-INJECTOR_DEGRADATION-000,100.0,0.0,0.0,HEALTHY,,,,1.0,STABLE,NORMAL,
2026-01-01 00:01:32+00:00,ENG-DATASET-000,MSN-INJECTOR_DEGRADATION-000,100.0,0.0,0.0,HEALTHY,,,,1.0,STABLE,NORMAL,
2026-01-01 00:01:33+00:00,ENG-DATASET-000,MSN-INJECTOR_DEGRADATION-000,100.0,0.0,0.0,HEALTHY,,,,1.0,STABLE,NORMAL,
2026-01-01 00:01:34+00:00,ENG-DATASET-000,MSN-INJECTOR_DEGRADATION-000,100.0,0.0,0.0,HEALTHY,,,,1.0,STABLE,NORMAL,
2026-01-01 00:01:35+00:00,ENG-DATASET-000,MSN-INJECTOR_DEGRADATION-000,100.0,0.0,0.0,HEALTHY,,,,1.0,STABLE,NORMAL,
2026-01-01 00:01:36+00:00,ENG-DATASET-000,MSN-INJECTOR_DEGRADATION-000,100.0,0.0,0.0,HEALTHY,,,,1.0,STABLE,NORMAL,
2026-01-01 00:01:37+00:00,ENG-DATASET-000,MSN-INJECTOR_DEGRADATION-000,100.0,0.0,0.0,HEALTHY,,,,1.0,STABLE,NORMAL,
2026-01-01 00:01:38+00:00,ENG-DATASET-000,MSN-INJECTOR_DEGRADATION-000,100.0,0.0,0.0,HEALTHY,,,,1.0,STABLE,NORMAL,
2026-01-01 00:01:39+00:00,ENG-DATASET-000,MSN-INJECTOR_DEGRADATION-000,100.0,0.0,0.0,HEALTHY,,,,1.0,STABLE,NORMAL,
2026-01-01 00:01:40+00:00,ENG-DATASET-000,MSN-INJECTOR_DEGRADATION-000,100.0,0.0,0.0,HEALTHY,,,,1.0,STABLE,NORMAL,
2026-01-01 00:01:41+00:00,ENG-DATASET-000,MSN-INJECTOR_DEGRADATION-000,100.0,0.0,0.0,HEALTHY,,,,1.0,STABLE,NORMAL,
2026-01-01 00:01:42+00:00,ENG-DATASET-000,MSN-INJECTOR_DEGRADATION-000,100.0,0.0,0.0,HEALTHY,,,,1.0,STABLE,NORMAL,
2026-01-01 00:01:43+00:00,ENG-DATASET-000,MSN-INJECTOR_DEGRADATION-000,100.0,0.0,0.0,HEALTHY,,,,1.0,STABLE,NORMAL,
2026-01-01 00:01:44+00:00,ENG-DATASET-000,MSN-INJECTOR_DEGRADATION-000,100.0,0.0,0.0,HEALTHY,,,,1.0,STABLE,NORMAL,
2026-01-01 00:01:45+00:00,ENG-DATASET-000,MSN-INJECTOR_DEGRADATION-000,100.0,0.0,0.0,HEALTHY,,,,1.0,STABLE,NORMAL,
2026-01-01 00:01:46+00:00,ENG-DATASET-000,MSN-INJECTOR_DEGRADATION-000,100.0,0.0,0.0,HEALTHY,,,,1.0,STABLE,NORMAL,
2026-01-01 00:01:47+00:00,ENG-DATASET-000,MSN-INJECTOR_DEGRADATION-000,100.0,0.0,0.0,HEALTHY,,,,1.0,STABLE,NORMAL,
2026-01-01 00:01:48+00:00,ENG-DATASET-000,MSN-INJECTOR_DEGRADATION-000,100.0,0.0,0.0,HEALTHY,,,,1.0,STABLE,NORMAL,
2026-01-01 00:01:49+00:00,ENG-DATASET-000,MSN-INJECTOR_DEGRADATION-000,100.0,0.0,0.0,HEALTHY,,,,1.0,STABLE,NORMAL,
2026-01-01 00:01:50+00:00,ENG-DATASET-000,MSN-INJECTOR_DEGRADATION-000,100.0,0.0,0.0,HEALTHY,,,,1.0,STABLE,NORMAL,
2026-01-01 00:01:51+00:00,ENG-DATASET-000,MSN-INJECTOR_DEGRADATION-000,100.0,0.0,0.0,HEALTHY,,,,1.0,STABLE,NORMAL,
2026-01-01 00:01:52+00:00,ENG-DATASET-000,MSN-INJECTOR_DEGRADATION-000,100.0,0.0,0.0,HEALTHY,,,,1.0,STABLE,NORMAL,
2026-01-01 00:01:53+00:00,ENG-DATASET-000,MSN-INJECTOR_DEGRADATION-000,100.0,0.0,0.0,HEALTHY,,,,1.0,STABLE,NORMAL,
2026-01-01 00:01:54+00:00,ENG-DATASET-000,MSN-INJECTOR_DEGRADATION-000,100.0,0.0,0.0,HEALTHY,,,,1.0,STABLE,NORMAL,
2026-01-01 00:01:55+00:00,ENG-DATASET-000,MSN-INJECTOR_DEGRADATION-000,100.0,0.0,0.0,HEALTHY,,,,1.0,STABLE,NORMAL,
2026-01-01 00:01:56+00:00,ENG-DATASET-000,MSN-INJECTOR_DEGRADATION-000,100.0,0.0,0.0,HEALTHY,,,,1.0,STABLE,NORMAL,
2026-01-01 00:01:57+00:00,ENG-DATASET-000,MSN-INJECTOR_DEGRADATION-000,100.0,0.0,0.0,HEALTHY,,,,1.0,STABLE,NORMAL,
2026-01-01 00:01:58+00:00,ENG-DATASET-000,MSN-INJECTOR_DEGRADATION-000,100.0,0.0,0.0,HEALTHY,,,,1.0,STABLE,NORMAL,
2026-01-01 00:01:59+00:00,ENG-DATASET-000,MSN-INJECTOR_DEGRADATION-000,100.0,0.0,0.0,HEALTHY,,,,1.0,STABLE,NORMAL,
2026-01-01 00:02:00+00:00,ENG-DATASET-000,MSN-INJECTOR_DEGRADATION-000,100.0,0.0,0.0,HEALTHY,,,,1.0,STABLE,NORMAL,
2026-01-01 00:02:01+00:00,ENG-DATASET-000,MSN-INJECTOR_DEGRADATION-000,99.99,0.0003,0.059,INJECTOR_DEGRADATION,846.95,5.45,1998.8,1.0,ESTIMATED,PHYSICAL_FAULT,
2026-01-01 00:02:02+00:00,ENG-DATASET-000,MSN-INJECTOR_DEGRADATION-000,99.96,0.0009,0.2931,INJECTOR_DEGRADATION,170.28,1.72,1996.4,1.0,ESTIMATED,PHYSICAL_FAULT,
2026-01-01 00:02:03+00:00,ENG-DATASET-000,MSN-INJECTOR_DEGRADATION-000,99.9,0.0017,0.8732,INJECTOR_DEGRADATION,57.07,0.8,1993.2,1.0,ESTIMATED,PHYSICAL_FAULT,
2026-01-01 00:02:04+00:00,ENG-DATASET-000,MSN-INJECTOR_DEGRADATION-000,99.82,0.0029,1.9055,INJECTOR_DEGRADATION,26.09,0.52,1988.4,1.0,ESTIMATED,PHYSICAL_FAULT,
2026-01-01 00:02:05+00:00,ENG-DATASET-000,MSN-INJECTOR_DEGRADATION-000,99.7,0.0043,3.61,INJECTOR_DEGRADATION,13.73,0.34,1982.8,0.999,ESTIMATED,PHYSICAL_FAULT,
2026-01-01 00:02:06+00:00,ENG-DATASET-000,MSN-INJECTOR_DEGRADATION-000,99.57,0.0058,6.0217,INJECTOR_DEGRADATION,8.21,0.26,1976.8,0.999,LOW_RUL,PHYSICAL_FAULT,
2026-01-01 00:02:07+00:00,ENG-DATASET-000,MSN-INJECTOR_DEGRADATION-000,99.44,0.0074,9.1145,INJECTOR_DEGRADATION,5.4,0.22,1970.4,0.999,LOW_RUL,PHYSICAL_FAULT,
2026-01-01 00:02:08+00:00,ENG-DATASET-000,MSN-INJECTOR_DEGRADATION-000,99.3,0.009,12.9216,INJECTOR_DEGRADATION,3.8,0.19,1964.0,0.999,LOW_RUL,PHYSICAL_FAULT,
2026-01-01 00:02:09+00:00,ENG-DATASET-000,MSN-INJECTOR_DEGRADATION-000,99.15,0.0106,17.4739,INJECTOR_DEGRADATION,2.8,0.17,1957.6,0.998,LOW_RUL,PHYSICAL_FAULT,
2026-01-01 00:02:10+00:00,ENG-DATASET-000,MSN-INJECTOR_DEGRADATION-000,99.01,0.0121,22.6823,INJECTOR_DEGRADATION,2.15,0.15,1951.6,0.998,LOW_RUL,PHYSICAL_FAULT,
2026-01-01 00:02:11+00:00,ENG-DATASET-000,MSN-INJECTOR_DEGRADATION-000,98.88,0.0135,28.4599,INJECTOR_DEGRADATION,1.71,0.14,1946.0,0.998,LOW_RUL,PHYSICAL_FAULT,
2026-01-01 00:02:12+00:00,ENG-DATASET-000,MSN-INJECTOR_DEGRADATION-000,98.76,0.0148,34.7216,INJECTOR_DEGRADATION,1.4,0.13,1940.8,0.998,LOW_RUL,PHYSICAL_FAULT,
2026-01-01 00:02:13+00:00,ENG-DATASET-000,MSN-INJECTOR_DEGRADATION-000,98.64,0.0162,41.4435,INJECTOR_DEGRADATION,1.17,0.13,1935.2,0.998,LOW_RUL,PHYSICAL_FAULT,
2026-01-01 00:02:14+00:00,ENG-DATASET-000,MSN-INJECTOR_DEGRADATION-000,98.51,0.0177,48.6605,INJECTOR_DEGRADATION,0.99,0.12,1929.2,0.997,LOW_RUL,PHYSICAL_FAULT,
2026-01-01 00:02:15+00:00,ENG-DATASET-000,MSN-INJECTOR_DEGRADATION-000,98.37,0.0195,56.4057,INJECTOR_DEGRADATION,0.85,0.11,1922.0,0.997,LOW_RUL,PHYSICAL_FAULT,
2026-01-01 00:02:16+00:00,ENG-DATASET-000,MSN-INJECTOR_DEGRADATION-000,98.21,0.0213,64.769,INJECTOR_DEGRADATION,0.74,0.11,1914.8,0.997,LOW_RUL,PHYSICAL_FAULT,
2026-01-01 00:02:17+00:00,ENG-DATASET-000,MSN-INJECTOR_DEGRADATION-000,98.05,0.023,73.7185,INJECTOR_DEGRADATION,0.65,0.1,1908.0,0.997,LOW_RUL,PHYSICAL_FAULT,
2026-01-01 00:02:18+00:00,ENG-DATASET-000,MSN-INJECTOR_DEGRADATION-000,97.9,0.0246,83.1631,INJECTOR_DEGRADATION,0.57,0.1,1901.6,0.996,LOW_RUL,PHYSICAL_FAULT,
2026-01-01 00:02:19+00:00,ENG-DATASET-000,MSN-INJECTOR_DEGRADATION-000,97.77,0.0258,92.9548,INJECTOR_DEGRADATION,0.51,0.09,1896.8,0.996,LOW_RUL,PHYSICAL_FAULT,
2026-01-01 00:02:20+00:00,ENG-DATASET-000,MSN-INJECTOR_DEGRADATION-000,97.66,0.027,102.9496,INJECTOR_DEGRADATION,0.46,0.09,1892.0,0.996,LOW_RUL,PHYSICAL_FAULT,
2026-01-01 00:02:21+00:00,ENG-DATASET-000,MSN-INJECTOR_DEGRADATION-000,97.55,0.0283,113.1254,INJECTOR_DEGRADATION,0.42,0.09,1886.8,0.996,LOW_RUL,PHYSICAL_FAULT,
2026-01-01 00:02:22+00:00,ENG-DATASET-000,MSN-INJECTOR_DEGRADATION-000,97.43,0.0299,123.5193,INJECTOR_DEGRADATION,0.38,0.08,1880.4,0.996,LOW_RUL,PHYSICAL_FAULT,
2026-01-01 00:02:23+00:00,ENG-DATASET-000,MSN-INJECTOR_DEGRADATION-000,97.28,0.0317,134.2843,INJECTOR_DEGRADATION,0.35,0.08,1873.2,0.995,LOW_RUL,PHYSICAL_FAULT,
2026-01-01 00:02:24+00:00,ENG-DATASET-000,MSN-INJECTOR_DEGRADATION-000,97.11,0.0336,145.5084,INJECTOR_DEGRADATION,0.32,0.08,1865.6,0.995,LOW_RUL,PHYSICAL_FAULT,
2026-01-01 00:02:25+00:00,ENG-DATASET-000,MSN-INJECTOR_DEGRADATION-000,96.94,0.0354,157.1577,INJECTOR_DEGRADATION,0.3,0.07,1858.4,0.995,LOW_RUL,PHYSICAL_FAULT,
2026-01-01 00:02:26+00:00,ENG-DATASET-000,MSN-INJECTOR_DEGRADATION-000,96.8,0.0368,169.021,INJECTOR_DEGRADATION,0.27,0.07,1852.8,0.995,LOW_RUL,PHYSICAL_FAULT,
2026-01-01 00:02:27+00:00,ENG-DATASET-000,MSN-INJECTOR_DEGRADATION-000,96.68,0.0378,180.9523,INJECTOR_DEGRADATION,0.26,0.07,1848.8,0.994,LOW_RUL,PHYSICAL_FAULT,
2026-01-01 00:02:28+00:00,ENG-DATASET-000,MSN-INJECTOR_DEGRADATION-000,96.59,0.0387,192.7505,INJECTOR_DEGRADATION,0.24,0.07,1845.2,0.994,LOW_RUL,PHYSICAL_FAULT,
2026-01-01 00:02:29+00:00,ENG-DATASET-000,MSN-INJECTOR_DEGRADATION-000,96.5,0.0398,204.3978,INJECTOR_DEGRADATION,0.23,0.07,1840.8,0.994,LOW_RUL,PHYSICAL_FAULT,
2026-01-01 00:02:30+00:00,ENG-DATASET-000,MSN-INJECTOR_DEGRADATION-000,96.39,0.0414,215.994,INJECTOR_DEGRADATION,0.21,0.07,1834.4,0.994,LOW_RUL,PHYSICAL_FAULT,
2026-01-01 00:02:31+00:00,ENG-DATASET-000,MSN-INJECTOR_DEGRADATION-000,96.24,0.0433,227.7533,INJECTOR_DEGRADATION,0.2,0.07,1826.8,0.993,LOW_RUL,PHYSICAL_FAULT,
2026-01-01 00:02:32+00:00,ENG-DATASET-000,MSN-INJECTOR_DEGRADATION-000,96.07,0.0452,239.7636,INJECTOR_DEGRADATION,0.19,0.06,1819.2,0.993,LOW_RUL,PHYSICAL_FAULT,
2026-01-01 00:02:33+00:00,ENG-DATASET-000,MSN-INJECTOR_DEGRADATION-000,95.91,0.0469,251.932,INJECTOR_DEGRADATION,0.18,0.06,1812.4,0.993,LOW_RUL,PHYSICAL_FAULT,
2026-01-01 00:02:34+00:00,ENG-DATASET-000,MSN-INJECTOR_DEGRADATION-000,95.77,0.0481,264.1084,INJECTOR_DEGRADATION,0.17,0.06,1807.6,0.993,LOW_RUL,PHYSICAL_FAULT,
2026-01-01 00:02:35+00:00,ENG-DATASET-000,MSN-INJECTOR_DEGRADATION-000,95.67,0.0489,276.0287,INJECTOR_DEGRADATION,0.16,0.06,1804.4,0.993,LOW_RUL,PHYSICAL_FAULT,
2026-01-01 00:02:36+00:00,ENG-DATASET-000,MSN-INJECTOR_DEGRADATION-000,95.6,0.0496,287.4959,INJECTOR_DEGRADATION,0.16,0.06,1801.6,0.992,LOW_RUL,PHYSICAL_FAULT,
2026-01-01 00:02:37+00:00,ENG-DATASET-000,MSN-INJECTOR_DEGRADATION-000,95.53,0.0506,298.4959,INJECTOR_DEGRADATION,0.15,0.06,1797.6,0.992,LOW_RUL,PHYSICAL_FAULT,
2026-01-01 00:02:38+00:00,ENG-DATASET-000,MSN-INJECTOR_DEGRADATION-000,95.42,0.0522,309.2509,INJECTOR_DEGRADATION,0.14,0.06,1791.2,0.992,LOW_RUL,PHYSICAL_FAULT,
2026-01-01 00:02:39+00:00,ENG-DATASET-000,MSN-INJECTOR_DEGRADATION-000,95.14,0.0581,320.7421,INJECTOR_DEGRADATION,0.14,0.05,1767.6,0.988,LOW_RUL,PHYSICAL_FAULT,
2026-01-01 00:02:40+00:00,ENG-DATASET-000,MSN-INJECTOR_DEGRADATION-000,94.52,0.0641,334.92,INJECTOR_DEGRADATION,0.13,0.04,1743.6,0.984,LOW_RUL,PHYSICAL_FAULT,
2026-01-01 00:02:41+00:00,ENG-DATASET-000,MSN-INJECTOR_DEGRADATION-000,93.9,0.0697,351.6607,INJECTOR_DEGRADATION,0.12,0.04,1721.2,0.981,LOW_RUL,PHYSICAL_FAULT,
2026-01-01 00:02:42+00:00,ENG-DATASET-000,MSN-INJECTOR_DEGRADATION-000,93.33,0.0747,370.5449,INJECTOR_DEGRADATION,0.11,0.03,1701.2,0.977,LOW_RUL,PHYSICAL_FAULT,
2026-01-01 00:02:43+00:00,ENG-DATASET-000,MSN-INJECTOR_DEGRADATION-000,92.81,0.0792,391.1637,INJECTOR_DEGRADATION,0.11,0.03,1683.2,0.973,LOW_RUL,PHYSICAL_FAULT,
2026-01-01 00:02:44+00:00,ENG-DATASET-000,MSN-INJECTOR_DEGRADATION-000,92.44,0.0799,412.5276,INJECTOR_DEGRADATION,0.1,0.03,1680.4,0.973,LOW_RUL,PHYSICAL_FAULT,
2026-01-01 00:02:45+00:00,ENG-DATASET-000,MSN-INJECTOR_DEGRADATION-000,92.37,0.0811,432.7922,INJECTOR_DEGRADATION,0.1,0.03,1675.6,0.973,LOW_RUL,PHYSICAL_FAULT,
2026-01-01 00:02:46+00:00,ENG-DATASET-000,MSN-INJECTOR_DEGRADATION-000,92.25,0.0828,452.2386,INJECTOR_DEGRADATION,0.09,0.03,1668.8,0.972,LOW_RUL,PHYSICAL_FAULT,
2026-01-01 00:02:47+00:00,ENG-DATASET-000,MSN-INJECTOR_DEGRADATION-000,92.07,0.0851,471.1969,INJECTOR_DEGRADATION,0.09,0.03,1659.6,0.972,LOW_RUL,PHYSICAL_FAULT,
2026-01-01 00:02:48+00:00,ENG-DATASET-000,MSN-INJECTOR_DEGRADATION-000,91.87,0.0874,489.749,INJECTOR_DEGRADATION,0.08,0.03,1650.4,0.972,LOW_RUL,PHYSICAL_FAULT,
2026-01-01 00:02:49+00:00,ENG-DATASET-000,MSN-INJECTOR_DEGRADATION-000,91.68,0.0891,507.7961,INJECTOR_DEGRADATION,0.08,0.03,1643.6,0.972,LOW_RUL,PHYSICAL_FAULT,
2026-01-01 00:02:50+00:00,ENG-DATASET-000,MSN-INJECTOR_DEGRADATION-000,91.54,0.0902,525.0048,INJECTOR_DEGRADATION,0.08,0.03,1639.2,0.972,LOW_RUL,PHYSICAL_FAULT,
2026-01-01 00:02:51+00:00,ENG-DATASET-000,MSN-INJECTOR_DEGRADATION-000,91.46,0.0908,540.9933,INJECTOR_DEGRADATION,0.08,0.03,1636.8,0.971,LOW_RUL,PHYSICAL_FAULT,
2026-01-01 00:02:52+00:00,ENG-DATASET-000,MSN-INJECTOR_DEGRADATION-000,91.4,0.0915,555.6273,INJECTOR_DEGRADATION,0.07,0.03,1634.0,0.971,LOW_RUL,PHYSICAL_FAULT,
2026-01-01 00:02:53+00:00,ENG-DATASET-000,MSN-INJECTOR_DEGRADATION-000,91.32,0.0929,569.0131,INJECTOR_DEGRADATION,0.07,0.03,1628.4,0.971,LOW_RUL,PHYSICAL_FAULT,
2026-01-01 00:02:54+00:00,ENG-DATASET-000,MSN-INJECTOR_DEGRADATION-000,91.17,0.0951,581.5475,INJECTOR_DEGRADATION,0.07,0.03,1619.6,0.971,LOW_RUL,PHYSICAL_FAULT,
2026-01-01 00:02:55+00:00,ENG-DATASET-000,MSN-INJECTOR_DEGRADATION-000,90.97,0.0977,593.4959,INJECTOR_DEGRADATION,0.07,0.03,1609.2,0.97,LOW_RUL,PHYSICAL_FAULT,
2026-01-01 00:02:56+00:00,ENG-DATASET-000,MSN-INJECTOR_DEGRADATION-000,90.74,0.1003,604.9951,INJECTOR_DEGRADATION,0.07,0.03,1598.8,0.97,LOW_RUL,PHYSICAL_FAULT,
2026-01-01 00:02:57+00:00,ENG-DATASET-000,MSN-INJECTOR_DEGRADATION-000,90.53,0.1022,615.8811,INJECTOR_DEGRADATION,0.06,0.03,1591.2,0.97,LOW_RUL,PHYSICAL_FAULT,
2026-01-01 00:02:58+00:00,ENG-DATASET-000,MSN-INJECTOR_DEGRADATION-000,90.38,0.1032,625.7578,INJECTOR_DEGRADATION,0.06,0.03,1587.2,0.97,LOW_RUL,PHYSICAL_FAULT,
2026-01-01 00:02:59+00:00,ENG-DATASET-000,MSN-INJECTOR_DEGRADATION-000,90.3,0.1037,634.1822,INJECTOR_DEGRADATION,0.06,0.03,1585.2,0.969,LOW_RUL,PHYSICAL_FAULT,
2026-01-01 00:03:00+00:00,ENG-DATASET-000,MSN-INJECTOR_DEGRADATION-000,90.24,0.1045,641.0201,INJECTOR_DEGRADATION,0.06,0.03,1582.0,0.969,LOW_RUL,PHYSICAL_FAULT,
2026-01-01 00:03:01+00:00,ENG-DATASET-000,MSN-INJECTOR_DEGRADATION-000,89.92,0.1139,647.855,INJECTOR_DEGRADATION,0.06,0.03,1544.4,0.966,LOW_RUL,PHYSICAL_FAULT,
2026-01-01 00:03:02+00:00,ENG-DATASET-000,MSN-INJECTOR_DEGRADATION-000,88.98,0.1243,658.4059,INJECTOR_DEGRADATION,0.06,0.02,1502.8,0.962,LOW_RUL,PHYSICAL_FAULT,
2026-01-01 00:03:03+00:00,ENG-DATASET-000,MSN-INJECTOR_DEGRADATION-000,87.84,0.139,673.8542,INJECTOR_DEGRADATION,0.05,0.02,1444.0,0.954,LOW_RUL,PHYSICAL_FAULT,
2026-01-01 00:03:04+00:00,ENG-DATASET-000,MSN-INJECTOR_DEGRADATION-000,86.37,0.1535,696.0533,INJECTOR_DEGRADATION,0.05,0.01,1386.0,0.947,LOW_RUL,PHYSICAL_FAULT,
2026-01-01 00:03:05+00:00,ENG-DATASET-000,MSN-INJECTOR_DEGRADATION-000,84.94,0.167,724.7333,INJECTOR_DEGRADATION,0.05,0.01,1332.0,0.939,LOW_RUL,PHYSICAL_FAULT,
2026-01-01 00:03:06+00:00,ENG-DATASET-000,MSN-INJECTOR_DEGRADATION-000,84.06,0.1639,756.4471,INJECTOR_DEGRADATION,0.04,0.01,1344.4,0.939,LOW_RUL,PHYSICAL_FAULT,
2026-01-01 00:03:07+00:00,ENG-DATASET-000,MSN-INJECTOR_DEGRADATION-000,84.33,0.1603,784.2578,INJECTOR_DEGRADATION,0.04,0.01,1358.8,0.939,LOW_RUL,PHYSICAL_FAULT,
2026-01-01 00:03:08+00:00,ENG-DATASET-000,MSN-INJECTOR_DEGRADATION-000,84.53,0.1609,808.7196,INJECTOR_DEGRADATION,0.04,0.01,1356.4,0.939,LOW_RUL,PHYSICAL_FAULT,
2026-01-01 00:03:09+00:00,ENG-DATASET-000,MSN-INJECTOR_DEGRADATION-000,84.44,0.1625,831.673,INJECTOR_DEGRADATION,0.04,0.01,1350.0,0.939,LOW_RUL,PHYSICAL_FAULT,
2026-01-01 00:03:10+00:00,ENG-DATASET-000,MSN-INJECTOR_DEGRADATION-000,84.27,0.1651,853.5411,INJECTOR_DEGRADATION,0.04,0.01,1339.6,0.938,LOW_RUL,PHYSICAL_FAULT,
2026-01-01 00:03:11+00:00,ENG-DATASET-000,MSN-INJECTOR_DEGRADATION-000,83.8,0.176,876.0273,INJECTOR_DEGRADATION,0.04,0.01,1296.0,0.934,LOW_RUL,PHYSICAL_FAULT,
2026-01-01 00:03:12+00:00,ENG-DATASET-000,MSN-INJECTOR_DEGRADATION-000,82.77,0.1863,902.3076,INJECTOR_DEGRADATION,0.03,0.01,1254.8,0.93,LOW_RUL,PHYSICAL_FAULT,
2026-01-01 00:03:13+00:00,ENG-DATASET-000,MSN-INJECTOR_DEGRADATION-000,82.03,0.1878,930.4885,INJECTOR_DEGRADATION,0.03,0.01,1248.8,0.93,LOW_RUL,PHYSICAL_FAULT,
2026-01-01 00:03:14+00:00,ENG-DATASET-000,MSN-INJECTOR_DEGRADATION-000,81.93,0.1881,956.7298,INJECTOR_DEGRADATION,0.03,0.01,1247.6,0.93,LOW_RUL,PHYSICAL_FAULT,
2026-01-01 00:03:15+00:00,ENG-DATASET-000,MSN-INJECTOR_DEGRADATION-000,81.83,0.1913,981.0985,INJECTOR_DEGRADATION,0.03,0.01,1234.8,0.93,LOW_RUL,PHYSICAL_FAULT,
2026-01-01 00:03:16+00:00,ENG-DATASET-000,MSN-INJECTOR_DEGRADATION-000,81.52,0.1954,1004.9642,INJECTOR_DEGRADATION,0.03,0.01,1218.4,0.929,LOW_RUL,PHYSICAL_FAULT,
2026-01-01 00:03:17+00:00,ENG-DATASET-000,MSN-INJECTOR_DEGRADATION-000,81.12,0.2008,1028.8278,INJECTOR_DEGRADATION,0.03,0.01,1196.8,0.928,LOW_RUL,PHYSICAL_FAULT,
2026-01-01 00:03:18+00:00,ENG-DATASET-000,MSN-INJECTOR_DEGRADATION-000,80.61,0.2075,1053.2296,INJECTOR_DEGRADATION,0.03,0.01,1170.0,0.928,LOW_RUL,PHYSICAL_FAULT,
2026-01-01 00:03:19+00:00,ENG-DATASET-000,MSN-INJECTOR_DEGRADATION-000,80.0,0.2146,1078.5656,INJECTOR_DEGRADATION,0.03,0.01,1141.6,0.927,LOW_RUL,PHYSICAL_FAULT,
2026-01-01 00:03:20+00:00,ENG-DATASET-000,MSN-INJECTOR_DEGRADATION-000,79.48,0.2177,1104.0867,INJECTOR_DEGRADATION,0.03,0.01,1129.2,0.926,LOW_RUL,PHYSICAL_FAULT,
2026-01-01 00:03:21+00:00,ENG-DATASET-000,MSN-INJECTOR_DEGRADATION-000,79.25,0.219,1127.9993,INJECTOR_DEGRADATION,0.02,0.01,1124.0,0.926,LOW_RUL,PHYSICAL_FAULT,
2026-01-01 00:03:22+00:00,ENG-DATASET-000,MSN-INJECTOR_DEGRADATION-000,79.17,0.2189,1149.4553,INJECTOR_DEGRADATION,0.02,0.01,1124.4,0.926,LOW_RUL,PHYSICAL_FAULT,
2026-01-01 00:03:23+00:00,ENG-DATASET-000,MSN-INJECTOR_DEGRADATION-000,79.19,0.2184,1168.0555,INJECTOR_DEGRADATION,0.02,0.01,1126.4,0.926,LOW_RUL,PHYSICAL_FAULT,
2026-01-01 00:03:24+00:00,ENG-DATASET-000,MSN-INJECTOR_DEGRADATION-000,79.2,0.2188,1184.0149,INJECTOR_DEGRADATION,0.02,0.01,1124.8,0.926,LOW_RUL,PHYSICAL_FAULT,
2026-01-01 00:03:25+00:00,ENG-DATASET-000,MSN-INJECTOR_DEGRADATION-000,79.72,0.1972,1194.3598,INJECTOR_DEGRADATION,0.03,0.01,1211.2,0.926,LOW_RUL,PHYSICAL_FAULT,
2026-01-01 00:03:26+00:00,ENG-DATASET-000,MSN-INJECTOR_DEGRADATION-000,79.51,0.2007,1203.3533,INJECTOR_DEGRADATION,0.02,0.01,1197.2,0.925,LOW_RUL,PHYSICAL_FAULT,
2026-01-01 00:03:27+00:00,ENG-DATASET-000,MSN-INJECTOR_DEGRADATION-000,79.2,0.2045,1211.4495,INJECTOR_DEGRADATION,0.02,0.01,1182.0,0.925,LOW_RUL,PHYSICAL_FAULT,
2026-01-01 00:03:28+00:00,ENG-DATASET-000,MSN-INJECTOR_DEGRADATION-000,78.9,0.207,1218.3684,INJECTOR_DEGRADATION,0.02,0.01,1172.0,0.924,LOW_RUL,PHYSICAL_FAULT,
2026-01-01 00:03:29+00:00,ENG-DATASET-000,MSN-INJECTOR_DEGRADATION-000,78.12,0.2313,1226.9008,INJECTOR_DEGRADATION,0.02,0.01,1074.8,0.924,LOW_RUL,PHYSICAL_FAULT,
2026-01-01 00:03:30+00:00,ENG-DATASET-000,MSN-INJECTOR_DEGRADATION-000,78.08,0.2308,1232.6634,INJECTOR_DEGRADATION,0.02,0.01,1076.8,0.924,LOW_RUL,PHYSICAL_FAULT,
2026-01-01 00:03:31+00:00,ENG-DATASET-000,MSN-INJECTOR_DEGRADATION-000,78.12,0.2302,1235.4422,INJECTOR_DEGRADATION,0.02,0.01,1079.2,0.924,LOW_RUL,PHYSICAL_FAULT,
2026-01-01 00:03:32+00:00,ENG-DATASET-000,MSN-INJECTOR_DEGRADATION-000,78.81,0.2043,1231.5611,INJECTOR_DEGRADATION,0.02,0.01,1182.8,0.924,LOW_RUL,PHYSICAL_FAULT,
2026-01-01 00:03:33+00:00,ENG-DATASET-000,MSN-INJECTOR_DEGRADATION-000,78.72,0.2066,1225.7345,INJECTOR_DEGRADATION,0.02,0.01,1173.6,0.924,LOW_RUL,PHYSICAL_FAULT,
2026-01-01 00:03:34+00:00,ENG-DATASET-000,MSN-INJECTOR_DEGRADATION-000,78.46,0.2107,1218.8576,INJECTOR_DEGRADATION,0.02,0.01,1157.2,0.923,LOW_RUL,PHYSICAL_FAULT,
2026-01-01 00:03:35+00:00,ENG-DATASET-000,MSN-INJECTOR_DEGRADATION-000,78.11,0.215,1211.1934,INJECTOR_DEGRADATION,0.02,0.01,1140.0,0.923,LOW_RUL,PHYSICAL_FAULT,
2026-01-01 00:03:36+00:00,ENG-DATASET-000,MSN-INJECTOR_DEGRADATION-000,77.8,0.2178,1202.273,INJECTOR_DEGRADATION,0.02,0.01,1128.8,0.922,LOW_RUL,PHYSICAL_FAULT,
2026-01-01 00:03:37+00:00,ENG-DATASET-000,MSN-INJECTOR_DEGRADATION-000,77.62,0.2182,1191.2809,INJECTOR_DEGRADATION,0.02,0.01,1127.2,0.922,LOW_RUL,PHYSICAL_FAULT,
2026-01-01 00:03:38+00:00,ENG-DATASET-000,MSN-INJECTOR_DEGRADATION-000,77.59,0.217,1177.5541,INJECTOR_DEGRADATION,0.02,0.01,1132.0,0.922,LOW_RUL,PHYSICAL_FAULT,
2026-01-01 00:03:39+00:00,ENG-DATASET-000,MSN-INJECTOR_DEGRADATION-000,77.64,0.2158,1161.6737,INJECTOR_DEGRADATION,0.02,0.01,1136.8,0.922,LOW_RUL,PHYSICAL_FAULT,
2026-01-01 00:03:40+00:00,ENG-DATASET-000,MSN-INJECTOR_DEGRADATION-000,77.64,0.2166,1146.0754,INJECTOR_DEGRADATION,0.02,0.01,1133.6,0.922,LOW_RUL,PHYSICAL_FAULT,
2026-01-01 00:03:41+00:00,ENG-DATASET-000,MSN-INJECTOR_DEGRADATION-000,77.47,0.22,1131.8864,INJECTOR_DEGRADATION,0.02,0.01,1120.0,0.921,LOW_RUL,PHYSICAL_FAULT,
2026-01-01 00:03:42+00:00,ENG-DATASET-000,MSN-INJECTOR_DEGRADATION-000,77.14,0.2251,1119.8361,INJECTOR_DEGRADATION,0.02,0.01,1099.6,0.921,LOW_RUL,PHYSICAL_FAULT,
2026-01-01 00:03:43+00:00,ENG-DATASET-000,MSN-INJECTOR_DEGRADATION-000,76.72,0.2301,1110.1984,INJECTOR_DEGRADATION,0.02,0.01,1079.6,0.92,LOW_RUL,PHYSICAL_FAULT,
2026-01-01 00:03:44+00:00,ENG-DATASET-000,MSN-INJECTOR_DEGRADATION-000,76.36,0.2332,1101.724,INJECTOR_DEGRADATION,0.02,0.01,1067.2,0.92,LOW_RUL,PHYSICAL_FAULT,
2026-01-01 00:03:45+00:00,ENG-DATASET-000,MSN-INJECTOR_DEGRADATION-000,76.16,0.2337,1091.6402,INJECTOR_DEGRADATION,0.02,0.01,1065.2,0.92,LOW_RUL,PHYSICAL_FAULT,
2026-01-01 00:03:46+00:00,ENG-DATASET-000,MSN-INJECTOR_DEGRADATION-000,76.12,0.2325,1079.2818,INJECTOR_DEGRADATION,0.02,0.01,1070.0,0.92,LOW_RUL,PHYSICAL_FAULT,
2026-01-01 00:03:47+00:00,ENG-DATASET-000,MSN-INJECTOR_DEGRADATION-000,76.15,0.2318,1064.6177,INJECTOR_DEGRADATION,0.03,0.01,1072.8,0.92,LOW_RUL,PHYSICAL_FAULT,
2026-01-01 00:03:48+00:00,ENG-DATASET-000,MSN-INJECTOR_DEGRADATION-000,76.1,0.2333,1048.2842,INJECTOR_DEGRADATION,0.03,0.01,1066.8,0.919,LOW_RUL,PHYSICAL_FAULT,
2026-01-01 00:03:49+00:00,ENG-DATASET-000,MSN-INJECTOR_DEGRADATION-000,75.86,0.2376,1031.3715,INJECTOR_DEGRADATION,0.03,0.01,1049.6,0.919,LOW_RUL,PHYSICAL_FAULT,
2026-01-01 00:03:50+00:00,ENG-DATASET-000,MSN-INJECTOR_DEGRADATION-000,75.45,0.2437,1014.5678,INJECTOR_DEGRADATION,0.03,0.01,1025.2,0.918,LOW_RUL,PHYSICAL_FAULT,
2026-01-01 00:03:51+00:00,ENG-DATASET-000,MSN-INJECTOR_DEGRADATION-000,74.97,0.2491,997.8662,INJECTOR_DEGRADATION,0.03,0.01,1003.6,0.917,LOW_RUL,PHYSICAL_FAULT,
2026-01-01 00:03:52+00:00,ENG-DATASET-000,MSN-INJECTOR_DEGRADATION-000,74.59,0.2521,980.4744,INJECTOR_DEGRADATION,0.03,0.01,991.6,0.917,LOW_RUL,PHYSICAL_FAULT,
2026-01-01 00:03:53+00:00,ENG-DATASET-000,MSN-INJECTOR_DEGRADATION-000,74.4,0.2521,961.329,INJECTOR_DEGRADATION,0.03,0.01,991.6,0.917,LOW_RUL,PHYSICAL_FAULT,
2026-01-01 00:03:54+00:00,ENG-DATASET-000,MSN-INJECTOR_DEGRADATION-000,74.39,0.2505,939.773,INJECTOR_DEGRADATION,0.03,0.01,998.0,0.917,LOW_RUL,PHYSICAL_FAULT,
2026-01-01 00:03:55+00:00,ENG-DATASET-000,MSN-INJECTOR_DEGRADATION-000,74.44,0.2496,915.7854,INJECTOR_DEGRADATION,0.03,0.01,1001.6,0.917,LOW_RUL,PHYSICAL_FAULT,
2026-01-01 00:03:56+00:00,ENG-DATASET-000,MSN-INJECTOR_DEGRADATION-000,74.39,0.2513,890.1893,INJECTOR_DEGRADATION,0.03,0.01,994.8,0.916,LOW_RUL,PHYSICAL_FAULT,
2026-01-01 00:03:57+00:00,ENG-DATASET-000,MSN-INJECTOR_DEGRADATION-000,73.33,0.2872,868.8593,INJECTOR_DEGRADATION,0.02,0.01,851.2,0.916,LOW_RUL,PHYSICAL_FAULT,
2026-01-01 00:03:58+00:00,ENG-DATASET-000,MSN-INJECTOR_DEGRADATION-000,72.92,0.2927,847.4234,INJECTOR_DEGRADATION,0.02,0.01,829.2,0.915,LOW_RUL,PHYSICAL_FAULT,
2026-01-01 00:03:59+00:00,ENG-DATASET-000,MSN-INJECTOR_DEGRADATION-000,72.45,0.2974,825.7564,INJECTOR_DEGRADATION,0.02,0.01,810.4,0.915,LOW_RUL,PHYSICAL_FAULT,
2026-01-01 00:04:00+00:00,ENG-DATASET-000,MSN-INJECTOR_DEGRADATION-000,72.91,0.268,798.1697,INJECTOR_DEGRADATION,0.03,0.01,928.0,0.915,LOW_RUL,PHYSICAL_FAULT,
2026-01-01 00:04:01+00:00,ENG-DATASET-000,MSN-INJECTOR_DEGRADATION-000,72.89,0.2654,769.1867,INJECTOR_DEGRADATION,0.03,0.01,938.4,0.915,LOW_RUL,PHYSICAL_FAULT,
2026-01-01 00:04:02+00:00,ENG-DATASET-000,MSN-INJECTOR_DEGRADATION-000,73.09,0.261,741.3519,INJECTOR_DEGRADATION,0.03,0.01,956.0,0.915,LOW_RUL,PHYSICAL_FAULT,
2026-01-01 00:04:03+00:00,ENG-DATASET-000,MSN-INJECTOR_DEGRADATION-000,73.38,0.2572,715.5828,INJECTOR_DEGRADATION,0.03,0.01,971.2,0.915,LOW_RUL,PHYSICAL_FAULT,
2026-01-01 00:04:04+00:00,ENG-DATASET-000,MSN-INJECTOR_DEGRADATION-000,73.59,0.2557,694.651,INJECTOR_DEGRADATION,0.04,0.01,977.2,0.915,LOW_RUL,PHYSICAL_FAULT,
2026-01-01 00:04:05+00:00,ENG-DATASET-000,MSN-INJECTOR_DEGRADATION-000,72.74,0.2919,684.9043,INJECTOR_DEGRADATION,0.03,0.01,832.4,0.915,LOW_RUL,PHYSICAL_FAULT,
2026-01-01 00:04:06+00:00,ENG-DATASET-000,MSN-INJECTOR_DEGRADATION-000,72.58,0.2941,679.0306,INJECTOR_DEGRADATION,0.03,0.01,823.6,0.915,LOW_RUL,PHYSICAL_FAULT,
2026-01-01 00:04:07+00:00,ENG-DATASET-000,MSN-INJECTOR_DEGRADATION-000,73.23,0.2632,665.3768,INJECTOR_DEGRADATION,0.04,0.01,947.2,0.915,LOW_RUL,PHYSICAL_FAULT,
2026-01-01 00:04:08+00:00,ENG-DATASET-000,MSN-INJECTOR_DEGRADATION-000,73.18,0.2623,648.5772,INJECTOR_DEGRADATION,0.04,0.01,950.8,0.915,LOW_RUL,PHYSICAL_FAULT,
2026-01-01 00:04:09+00:00,ENG-DATASET-000,MSN-INJECTOR_DEGRADATION-000,73.34,0.2587,629.1118,INJECTOR_DEGRADATION,0.04,0.01,965.2,0.915,LOW_RUL,PHYSICAL_FAULT,
2026-01-01 00:04:10+00:00,ENG-DATASET-000,MSN-INJECTOR_DEGRADATION-000,73.64,0.2541,606.6925,INJECTOR_DEGRADATION,0.04,0.01,983.6,0.916,LOW_RUL,PHYSICAL_FAULT,
2026-01-01 00:04:11+00:00,ENG-DATASET-000,MSN-INJECTOR_DEGRADATION-000,73.96,0.2508,583.126,INJECTOR_DEGRADATION,0.04,0.01,996.8,0.916,LOW_RUL,PHYSICAL_FAULT,
2026-01-01 00:04:12+00:00,ENG-DATASET-000,MSN-INJECTOR_DEGRADATION-000,74.14,0.2502,562.8133,INJECTOR_DEGRADATION,0.04,0.01,999.2,0.916,LOW_RUL,PHYSICAL_FAULT,
2026-01-01 00:04:13+00:00,ENG-DATASET-000,MSN-INJECTOR_DEGRADATION-000,74.14,0.2522,545.2895,INJECTOR_DEGRADATION,0.05,0.01,991.2,0.916,LOW_RUL,PHYSICAL_FAULT,
2026-01-01 00:04:14+00:00,ENG-DATASET-000,MSN-INJECTOR_DEGRADATION-000,73.99,0.2549,527.6826,INJECTOR_DEGRADATION,0.05,0.01,980.4,0.916,LOW_RUL,PHYSICAL_FAULT,
2026-01-01 00:04:15+00:00,ENG-DATASET-000,MSN-INJECTOR_DEGRADATION-000,73.85,0.2561,509.9236,INJECTOR_DEGRADATION,0.05,0.01,975.6,0.916,LOW_RUL,PHYSICAL_FAULT,
2026-01-01 00:04:16+00:00,ENG-DATASET-000,MSN-INJECTOR_DEGRADATION-000,73.85,0.2547,492.4598,INJECTOR_DEGRADATION,0.05,0.01,981.2,0.916,LOW_RUL,PHYSICAL_FAULT,
2026-01-01 00:04:17+00:00,ENG-DATASET-000,MSN-INJECTOR_DEGRADATION-000,74.04,0.2509,474.7809,INJECTOR_DEGRADATION,0.05,0.01,996.4,0.916,LOW_RUL,PHYSICAL_FAULT,
2026-01-01 00:04:18+00:00,ENG-DATASET-000,MSN-INJECTOR_DEGRADATION-000,74.34,0.2467,457.027,INJECTOR_DEGRADATION,0.06,0.01,1013.2,0.917,LOW_RUL,PHYSICAL_FAULT,
2026-01-01 00:04:19+00:00,ENG-DATASET-000,MSN-INJECTOR_DEGRADATION-000,74.63,0.2441,440.0292,INJECTOR_DEGRADATION,0.06,0.01,1023.6,0.917,LOW_RUL,PHYSICAL_FAULT,
2026-01-01 00:04:20+00:00,ENG-DATASET-000,MSN-INJECTOR_DEGRADATION-000,74.77,0.2442,424.3039,INJECTOR_DEGRADATION,0.06,0.01,1023.2,0.917,LOW_RUL,PHYSICAL_FAULT,
2026-01-01 00:04:21+00:00,ENG-DATASET-000,MSN-INJECTOR_DEGRADATION-000,74.71,0.2467,409.3937,INJECTOR_DEGRADATION,0.06,0.01,1013.2,0.917,LOW_RUL,PHYSICAL_FAULT,
2026-01-01 00:04:22+00:00,ENG-DATASET-000,MSN-INJECTOR_DEGRADATION-000,74.54,0.2496,395.0667,INJECTOR_DEGRADATION,0.06,0.01,1001.6,0.916,LOW_RUL,PHYSICAL_FAULT,
2026-01-01 00:04:23+00:00,ENG-DATASET-000,MSN-INJECTOR_DEGRADATION-000,74.38,0.251,380.6357,INJECTOR_DEGRADATION,0.07,0.01,996.0,0.916,LOW_RUL,PHYSICAL_FAULT,
2026-01-01 00:04:24+00:00,ENG-DATASET-000,MSN-INJECTOR_DEGRADATION-000,74.36,0.2498,365.2995,INJECTOR_DEGRADATION,0.07,0.01,1000.8,0.917,LOW_RUL,PHYSICAL_FAULT,
2026-01-01 00:04:25+00:00,ENG-DATASET-000,MSN-INJECTOR_DEGRADATION-000,74.52,0.2466,344.8778,INJECTOR_DEGRADATION,0.07,0.01,1013.6,0.917,LOW_RUL,PHYSICAL_FAULT,
2026-01-01 00:04:26+00:00,ENG-DATASET-000,MSN-INJECTOR_DEGRADATION-000,74.77,0.2432,323.2218,INJECTOR_DEGRADATION,0.08,0.01,1027.2,0.917,LOW_RUL,PHYSICAL_FAULT,
2026-01-01 00:04:27+00:00,ENG-DATASET-000,MSN-INJECTOR_DEGRADATION-000,74.97,0.2418,301.3287,INJECTOR_DEGRADATION,0.09,0.01,1032.8,0.917,LOW_RUL,PHYSICAL_FAULT,
2026-01-01 00:04:28+00:00,ENG-DATASET-000,MSN-INJECTOR_DEGRADATION-000,75.01,0.2431,280.1838,INJECTOR_DEGRADATION,0.09,0.01,1027.6,0.917,LOW_RUL,PHYSICAL_FAULT,
2026-01-01 00:04:29+00:00,ENG-DATASET-000,MSN-INJECTOR_DEGRADATION-000,74.87,0.2465,263.8463,INJECTOR_DEGRADATION,0.1,0.01,1014.0,0.917,LOW_RUL,PHYSICAL_FAULT,
2026-01-01 00:04:30+00:00,ENG-DATASET-000,MSN-INJECTOR_DEGRADATION-000,74.62,0.2501,248.578,INJECTOR_DEGRADATION,0.1,0.01,999.6,0.917,LOW_RUL,PHYSICAL_FAULT,
2026-01-01 00:04:31+00:00,ENG-DATASET-000,MSN-INJECTOR_DEGRADATION-000,74.41,0.2519,233.6129,INJECTOR_DEGRADATION,0.11,0.01,992.4,0.917,LOW_RUL,PHYSICAL_FAULT,
2026-01-01 00:04:32+00:00,ENG-DATASET-000,MSN-INJECTOR_DEGRADATION-000,74.35,0.2511,214.0495,INJECTOR_DEGRADATION,0.12,0.01,995.6,0.917,LOW_RUL,PHYSICAL_FAULT,
2026-01-01 00:04:33+00:00,ENG-DATASET-000,MSN-INJECTOR_DEGRADATION-000,74.46,0.2484,193.4937,INJECTOR_DEGRADATION,0.13,0.01,1006.4,0.917,LOW_RUL,PHYSICAL_FAULT,
2026-01-01 00:04:34+00:00,ENG-DATASET-000,MSN-INJECTOR_DEGRADATION-000,74.64,0.246,172.6099,INJECTOR_DEGRADATION,0.15,0.01,1016.0,0.917,LOW_RUL,PHYSICAL_FAULT,
2026-01-01 00:04:35+00:00,ENG-DATASET-000,MSN-INJECTOR_DEGRADATION-000,74.76,0.2456,152.3893,INJECTOR_DEGRADATION,0.17,0.01,1017.6,0.917,LOW_RUL,PHYSICAL_FAULT,
2026-01-01 00:04:36+00:00,ENG-DATASET-000,MSN-INJECTOR_DEGRADATION-000,74.71,0.248,133.6851,INJECTOR_DEGRADATION,0.19,0.01,1008.0,0.917,LOW_RUL,PHYSICAL_FAULT,
2026-01-01 00:04:37+00:00,ENG-DATASET-000,MSN-INJECTOR_DEGRADATION-000,74.48,0.2523,116.8184,INJECTOR_DEGRADATION,0.21,0.01,990.8,0.916,LOW_RUL,PHYSICAL_FAULT,
2026-01-01 00:04:38+00:00,ENG-DATASET-000,MSN-INJECTOR_DEGRADATION-000,74.16,0.2564,101.3952,INJECTOR_DEGRADATION,0.24,0.01,974.4,0.916,LOW_RUL,PHYSICAL_FAULT,
2026-01-01 00:04:39+00:00,ENG-DATASET-000,MSN-INJECTOR_DEGRADATION-000,73.03,0.2925,91.6495,INJECTOR_DEGRADATION,0.23,0.01,830.0,0.915,LOW_RUL,PHYSICAL_FAULT,
2026-01-01 00:04:40+00:00,ENG-DATASET-000,MSN-INJECTOR_DEGRADATION-000,72.47,0.2974,84.2864,INJECTOR_DEGRADATION,0.24,0.01,810.4,0.915,LOW_RUL,PHYSICAL_FAULT,
2026-01-01 00:04:41+00:00,ENG-DATASET-000,MSN-INJECTOR_DEGRADATION-000,72.07,0.3011,79.287,INJECTOR_DEGRADATION,0.25,0.01,795.6,0.915,LOW_RUL,PHYSICAL_FAULT,
2026-01-01 00:04:42+00:00,ENG-DATASET-000,MSN-INJECTOR_DEGRADATION-000,71.73,0.3055,77.2275,INJECTOR_DEGRADATION,0.25,0.01,778.0,0.914,LOW_RUL,PHYSICAL_FAULT,
2026-01-01 00:04:43+00:00,ENG-DATASET-000,MSN-INJECTOR_DEGRADATION-000,71.28,0.312,79.304,INJECTOR_DEGRADATION,0.24,0.01,752.0,0.913,LOW_RUL,PHYSICAL_FAULT,
2026-01-01 00:04:44+00:00,ENG-DATASET-000,MSN-INJECTOR_DEGRADATION-000,70.78,0.3157,85.4397,INJECTOR_DEGRADATION,0.22,0.01,737.2,0.913,LOW_RUL,PHYSICAL_FAULT,
2026-01-01 00:04:45+00:00,ENG-DATASET-000,MSN-INJECTOR_DEGRADATION-000,70.42,0.3208,93.8041,INJECTOR_DEGRADATION,0.19,0.01,716.8,0.912,LOW_RUL,PHYSICAL_FAULT,
2026-01-01 00:04:46+00:00,ENG-DATASET-000,MSN-INJECTOR_DEGRADATION-000,70.0,0.3244,103.7428,INJECTOR_DEGRADATION,0.17,0.01,702.4,0.912,LOW_RUL,PHYSICAL_FAULT,
2026-01-01 00:04:47+00:00,ENG-DATASET-000,MSN-INJECTOR_DEGRADATION-000,69.76,0.3251,113.6906,INJECTOR_DEGRADATION,0.15,0.01,699.6,0.911,LOW_RUL,PHYSICAL_FAULT,
2026-01-01 00:04:48+00:00,ENG-DATASET-000,MSN-INJECTOR_DEGRADATION-000,69.68,0.3262,123.1372,INJECTOR_DEGRADATION,0.14,0.01,695.2,0.912,LOW_RUL,PHYSICAL_FAULT,
2026-01-01 00:04:49+00:00,ENG-DATASET-000,MSN-INJECTOR_DEGRADATION-000,69.68,0.3238,132.7639,INJECTOR_DEGRADATION,0.13,0.01,704.8,0.912,LOW_RUL,PHYSICAL_FAULT,
2026-01-01 00:04:50+00:00,ENG-DATASET-000,MSN-INJECTOR_DEGRADATION-000,69.88,0.3218,142.4756,INJECTOR_DEGRADATION,0.13,0.01,712.8,0.912,LOW_RUL,PHYSICAL_FAULT,
2026-01-01 00:04:51+00:00,ENG-DATASET-000,MSN-INJECTOR_DEGRADATION-000,70.0,0.322,153.2936,INJECTOR_DEGRADATION,0.12,0.01,712.0,0.912,LOW_RUL,PHYSICAL_FAULT,
2026-01-01 00:04:52+00:00,ENG-DATASET-000,MSN-INJECTOR_DEGRADATION-000,69.91,0.3247,165.9671,INJECTOR_DEGRADATION,0.11,0.01,701.2,0.911,LOW_RUL,PHYSICAL_FAULT,
2026-01-01 00:04:53+00:00,ENG-DATASET-000,MSN-INJECTOR_DEGRADATION-000,69.65,0.3284,180.3981,INJECTOR_DEGRADATION,0.1,0.01,686.4,0.911,LOW_RUL,PHYSICAL_FAULT,
2026-01-01 00:04:54+00:00,ENG-DATASET-000,MSN-INJECTOR_DEGRADATION-000,69.4,0.329,195.4153,INJECTOR_DEGRADATION,0.09,0.01,684.0,0.911,LOW_RUL,PHYSICAL_FAULT,
2026-01-01 00:04:55+00:00,ENG-DATASET-000,MSN-INJECTOR_DEGRADATION-000,69.35,0.3291,209.4242,INJECTOR_DEGRADATION,0.08,0.01,683.6,0.911,LOW_RUL,PHYSICAL_FAULT,
2026-01-01 00:04:56+00:00,ENG-DATASET-000,MSN-INJECTOR_DEGRADATION-000,69.37,0.3283,222.6018,INJECTOR_DEGRADATION,0.08,0.01,686.8,0.911,LOW_RUL,PHYSICAL_FAULT,
2026-01-01 00:04:57+00:00,ENG-DATASET-000,MSN-INJECTOR_DEGRADATION-000,69.54,0.3242,240.2397,INJECTOR_DEGRADATION,0.07,0.01,703.2,0.911,LOW_RUL,PHYSICAL_FAULT,
2026-01-01 00:04:58+00:00,ENG-DATASET-000,MSN-INJECTOR_DEGRADATION-000,69.87,0.321,257.6736,INJECTOR_DEGRADATION,0.07,0.01,716.0,0.912,LOW_RUL,PHYSICAL_FAULT,
2026-01-01 00:04:59+00:00,ENG-DATASET-000,MSN-INJECTOR_DEGRADATION-000,70.09,0.3201,276.0667,INJECTOR_DEGRADATION,0.07,0.01,719.6,0.912,LOW_RUL,PHYSICAL_FAULT,
2026-01-01 00:05:00+00:00,ENG-DATASET-000,MSN-INJECTOR_DEGRADATION-000,70.62,0.3019,288.053,INJECTOR_DEGRADATION,0.07,0.01,792.4,0.914,LOW_RUL,PHYSICAL_FAULT,
2026-01-01 00:00:01+00:00,ENG-DATASET-001,MSN-INJECTOR_DEGRADATION-001,100.0,0.0,0.0,HEALTHY,,,,0.05,INSUFFICIENT_HISTORY,NORMAL,
2026-01-01 00:00:02+00:00,ENG-DATASET-001,MSN-INJECTOR_DEGRADATION-001,100.0,0.0,0.0,HEALTHY,,,,0.1,INSUFFICIENT_HISTORY,NORMAL,
2026-01-01 00:00:03+00:00,ENG-DATASET-001,MSN-INJECTOR_DEGRADATION-001,100.0,0.0,0.0,HEALTHY,,,,0.15,INSUFFICIENT_HISTORY,NORMAL,
2026-01-01 00:00:04+00:00,ENG-DATASET-001,MSN-INJECTOR_DEGRADATION-001,100.0,0.0,0.0,HEALTHY,,,,0.2,INSUFFICIENT_HISTORY,NORMAL,
2026-01-01 00:00:05+00:00,ENG-DATASET-001,MSN-INJECTOR_DEGRADATION-001,100.0,0.0,0.0,HEALTHY,,,,0.25,STABLE,NORMAL,
2026-01-01 00:00:06+00:00,ENG-DATASET-001,MSN-INJECTOR_DEGRADATION-001,100.0,0.0,0.0,HEALTHY,,,,0.3,STABLE,NORMAL,
2026-01-01 00:00:07+00:00,ENG-DATASET-001,MSN-INJECTOR_DEGRADATION-001,100.0,0.0,0.0,HEALTHY,,,,0.35,STABLE,NORMAL,
2026-01-01 00:00:08+00:00,ENG-DATASET-001,MSN-INJECTOR_DEGRADATION-001,100.0,0.0,0.0,HEALTHY,,,,0.4,STABLE,NORMAL,
2026-01-01 00:00:09+00:00,ENG-DATASET-001,MSN-INJECTOR_DEGRADATION-001,100.0,0.0,0.0,HEALTHY,,,,0.45,STABLE,NORMAL,
2026-01-01 00:00:10+00:00,ENG-DATASET-001,MSN-INJECTOR_DEGRADATION-001,100.0,0.0,0.0,HEALTHY,,,,0.5,STABLE,NORMAL,
2026-01-01 00:00:11+00:00,ENG-DATASET-001,MSN-INJECTOR_DEGRADATION-001,100.0,0.0,0.0,HEALTHY,,,,0.55,STABLE,NORMAL,
2026-01-01 00:00:12+00:00,ENG-DATASET-001,MSN-INJECTOR_DEGRADATION-001,100.0,0.0,0.0,HEALTHY,,,,0.6,STABLE,NORMAL,
2026-01-01 00:00:13+00:00,ENG-DATASET-001,MSN-INJECTOR_DEGRADATION-001,100.0,0.0,0.0,HEALTHY,,,,0.65,STABLE,NORMAL,
2026-01-01 00:00:14+00:00,ENG-DATASET-001,MSN-INJECTOR_DEGRADATION-001,100.0,0.0,0.0,HEALTHY,,,,0.7,STABLE,NORMAL,
2026-01-01 00:00:15+00:00,ENG-DATASET-001,MSN-INJECTOR_DEGRADATION-001,100.0,0.0,0.0,HEALTHY,,,,0.75,STABLE,NORMAL,
2026-01-01 00:00:16+00:00,ENG-DATASET-001,MSN-INJECTOR_DEGRADATION-001,100.0,0.0,0.0,HEALTHY,,,,0.8,STABLE,NORMAL,
2026-01-01 00:00:17+00:00,ENG-DATASET-001,MSN-INJECTOR_DEGRADATION-001,100.0,0.0,0.0,HEALTHY,,,,0.85,STABLE,NORMAL,
2026-01-01 00:00:18+00:00,ENG-DATASET-001,MSN-INJECTOR_DEGRADATION-001,100.0,0.0,0.0,HEALTHY,,,,0.9,STABLE,NORMAL,
2026-01-01 00:00:19+00:00,ENG-DATASET-001,MSN-INJECTOR_DEGRADATION-001,100.0,0.0,0.0,HEALTHY,,,,0.95,STABLE,NORMAL,
2026-01-01 00:00:20+00:00,ENG-DATASET-001,MSN-INJECTOR_DEGRADATION-001,100.0,0.0,0.0,HEALTHY,,,,1.0,STABLE,NORMAL,
2026-01-01 00:00:21+00:00,ENG-DATASET-001,MSN-INJECTOR_DEGRADATION-001,100.0,0.0,0.0,HEALTHY,,,,1.0,STABLE,NORMAL,
2026-01-01 00:00:22+00:00,ENG-DATASET-001,MSN-INJECTOR_DEGRADATION-001,100.0,0.0,0.0,HEALTHY,,,,1.0,STABLE,NORMAL,
2026-01-01 00:00:23+00:00,ENG-DATASET-001,MSN-INJECTOR_DEGRADATION-001,100.0,0.0,0.0,HEALTHY,,,,1.0,STABLE,NORMAL,
2026-01-01 00:00:24+00:00,ENG-DATASET-001,MSN-INJECTOR_DEGRADATION-001,100.0,0.0,0.0,HEALTHY,,,,1.0,STABLE,NORMAL,
2026-01-01 00:00:25+00:00,ENG-DATASET-001,MSN-INJECTOR_DEGRADATION-001,100.0,0.0,0.0,HEALTHY,,,,1.0,STABLE,NORMAL,
2026-01-01 00:00:26+00:00,ENG-DATASET-001,MSN-INJECTOR_DEGRADATION-001,100.0,0.0,0.0,HEALTHY,,,,1.0,STABLE,NORMAL,
2026-01-01 00:00:27+00:00,ENG-DATASET-001,MSN-INJECTOR_DEGRADATION-001,100.0,0.0,0.0,HEALTHY,,,,1.0,STABLE,NORMAL,
2026-01-01 00:00:28+00:00,ENG-DATASET-001,MSN-INJECTOR_DEGRADATION-001,100.0,0.0,0.0,HEALTHY,,,,1.0,STABLE,NORMAL,
2026-01-01 00:00:29+00:00,ENG-DATASET-001,MSN-INJECTOR_DEGRADATION-001,100.0,0.0,0.0,HEALTHY,,,,1.0,STABLE,NORMAL,
2026-01-01 00:00:30+00:00,ENG-DATASET-001,MSN-INJECTOR_DEGRADATION-001,100.0,0.0,0.0,HEALTHY,,,,1.0,STABLE,NORMAL,
2026-01-01 00:00:31+00:00,ENG-DATASET-001,MSN-INJECTOR_DEGRADATION-001,100.0,0.0,0.0,HEALTHY,,,,1.0,STABLE,NORMAL,
2026-01-01 00:00:32+00:00,ENG-DATASET-001,MSN-INJECTOR_DEGRADATION-001,100.0,0.0,0.0,HEALTHY,,,,1.0,STABLE,NORMAL,
2026-01-01 00:00:33+00:00,ENG-DATASET-001,MSN-INJECTOR_DEGRADATION-001,100.0,0.0,0.0,HEALTHY,,,,1.0,STABLE,NORMAL,
2026-01-01 00:00:34+00:00,ENG-DATASET-001,MSN-INJECTOR_DEGRADATION-001,100.0,0.0,0.0,HEALTHY,,,,1.0,STABLE,NORMAL,
2026-01-01 00:00:35+00:00,ENG-DATASET-001,MSN-INJECTOR_DEGRADATION-001,100.0,0.0,0.0,HEALTHY,,,,1.0,STABLE,NORMAL,
2026-01-01 00:00:36+00:00,ENG-DATASET-001,MSN-INJECTOR_DEGRADATION-001,100.0,0.0,0.0,HEALTHY,,,,1.0,STABLE,NORMAL,
2026-01-01 00:00:37+00:00,ENG-DATASET-001,MSN-INJECTOR_DEGRADATION-001,100.0,0.0,0.0,HEALTHY,,,,1.0,STABLE,NORMAL,
2026-01-01 00:00:38+00:00,ENG-DATASET-001,MSN-INJECTOR_DEGRADATION-001,100.0,0.0,0.0,HEALTHY,,,,1.0,STABLE,NORMAL,
2026-01-01 00:00:39+00:00,ENG-DATASET-001,MSN-INJECTOR_DEGRADATION-001,100.0,0.0,0.0,HEALTHY,,,,1.0,STABLE,NORMAL,
2026-01-01 00:00:40+00:00,ENG-DATASET-001,MSN-INJECTOR_DEGRADATION-001,100.0,0.0,0.0,HEALTHY,,,,1.0,STABLE,NORMAL,
2026-01-01 00:00:41+00:00,ENG-DATASET-001,MSN-INJECTOR_DEGRADATION-001,100.0,0.0,0.0,HEALTHY,,,,1.0,STABLE,NORMAL,
2026-01-01 00:00:42+00:00,ENG-DATASET-001,MSN-INJECTOR_DEGRADATION-001,100.0,0.0,0.0,HEALTHY,,,,1.0,STABLE,NORMAL,
2026-01-01 00:00:43+00:00,ENG-DATASET-001,MSN-INJECTOR_DEGRADATION-001,100.0,0.0,0.0,HEALTHY,,,,1.0,STABLE,NORMAL,
2026-01-01 00:00:44+00:00,ENG-DATASET-001,MSN-INJECTOR_DEGRADATION-001,100.0,0.0,0.0,HEALTHY,,,,1.0,STABLE,NORMAL,
2026-01-01 00:00:45+00:00,ENG-DATASET-001,MSN-INJECTOR_DEGRADATION-001,100.0,0.0,0.0,HEALTHY,,,,1.0,STABLE,NORMAL,
2026-01-01 00:00:46+00:00,ENG-DATASET-001,MSN-INJECTOR_DEGRADATION-001,100.0,0.0,0.0,HEALTHY,,,,1.0,STABLE,NORMAL,
2026-01-01 00:00:47+00:00,ENG-DATASET-001,MSN-INJECTOR_DEGRADATION-001,100.0,0.0,0.0,HEALTHY,,,,1.0,STABLE,NORMAL,
2026-01-01 00:00:48+00:00,ENG-DATASET-001,MSN-INJECTOR_DEGRADATION-001,100.0,0.0,0.0,HEALTHY,,,,1.0,STABLE,NORMAL,
2026-01-01 00:00:49+00:00,ENG-DATASET-001,MSN-INJECTOR_DEGRADATION-001,100.0,0.0,0.0,HEALTHY,,,,1.0,STABLE,NORMAL,
2026-01-01 00:00:50+00:00,ENG-DATASET-001,MSN-INJECTOR_DEGRADATION-001,100.0,0.0,0.0,HEALTHY,,,,1.0,STABLE,NORMAL,
2026-01-01 00:00:51+00:00,ENG-DATASET-001,MSN-INJECTOR_DEGRADATION-001,100.0,0.0,0.0,HEALTHY,,,,1.0,STABLE,NORMAL,
2026-01-01 00:00:52+00:00,ENG-DATASET-001,MSN-INJECTOR_DEGRADATION-001,100.0,0.0,0.0,HEALTHY,,,,1.0,STABLE,NORMAL,
2026-01-01 00:00:53+00:00,ENG-DATASET-001,MSN-INJECTOR_DEGRADATION-001,100.0,0.0,0.0,HEALTHY,,,,1.0,STABLE,NORMAL,
2026-01-01 00:00:54+00:00,ENG-DATASET-001,MSN-INJECTOR_DEGRADATION-001,100.0,0.0,0.0,HEALTHY,,,,1.0,STABLE,NORMAL,
2026-01-01 00:00:55+00:00,ENG-DATASET-001,MSN-INJECTOR_DEGRADATION-001,100.0,0.0,0.0,HEALTHY,,,,1.0,STABLE,NORMAL,
2026-01-01 00:00:56+00:00,ENG-DATASET-001,MSN-INJECTOR_DEGRADATION-001,100.0,0.0,0.0,HEALTHY,,,,1.0,STABLE,NORMAL,
2026-01-01 00:00:57+00:00,ENG-DATASET-001,MSN-INJECTOR_DEGRADATION-001,100.0,0.0,0.0,HEALTHY,,,,1.0,STABLE,NORMAL,
2026-01-01 00:00:58+00:00,ENG-DATASET-001,MSN-INJECTOR_DEGRADATION-001,100.0,0.0,0.0,HEALTHY,,,,1.0,STABLE,NORMAL,
2026-01-01 00:00:59+00:00,ENG-DATASET-001,MSN-INJECTOR_DEGRADATION-001,100.0,0.0,0.0,HEALTHY,,,,1.0,STABLE,NORMAL,
2026-01-01 00:01:00+00:00,ENG-DATASET-001,MSN-INJECTOR_DEGRADATION-001,100.0,0.0,0.0,HEALTHY,,,,1.0,STABLE,NORMAL,
2026-01-01 00:01:01+00:00,ENG-DATASET-001,MSN-INJECTOR_DEGRADATION-001,100.0,0.0,0.0,HEALTHY,,,,1.0,STABLE,NORMAL,
2026-01-01 00:01:02+00:00,ENG-DATASET-001,MSN-INJECTOR_DEGRADATION-001,100.0,0.0,0.0,HEALTHY,,,,1.0,STABLE,NORMAL,
2026-01-01 00:01:03+00:00,ENG-DATASET-001,MSN-INJECTOR_DEGRADATION-001,100.0,0.0,0.0,HEALTHY,,,,1.0,STABLE,NORMAL,
2026-01-01 00:01:04+00:00,ENG-DATASET-001,MSN-INJECTOR_DEGRADATION-001,100.0,0.0,0.0,HEALTHY,,,,1.0,STABLE,NORMAL,
2026-01-01 00:01:05+00:00,ENG-DATASET-001,MSN-INJECTOR_DEGRADATION-001,100.0,0.0,0.0,HEALTHY,,,,1.0,STABLE,NORMAL,
2026-01-01 00:01:06+00:00,ENG-DATASET-001,MSN-INJECTOR_DEGRADATION-001,100.0,0.0,0.0,HEALTHY,,,,1.0,STABLE,NORMAL,
2026-01-01 00:01:07+00:00,ENG-DATASET-001,MSN-INJECTOR_DEGRADATION-001,100.0,0.0,0.0,HEALTHY,,,,1.0,STABLE,NORMAL,
2026-01-01 00:01:08+00:00,ENG-DATASET-001,MSN-INJECTOR_DEGRADATION-001,100.0,0.0,0.0,HEALTHY,,,,1.0,STABLE,NORMAL,
2026-01-01 00:01:09+00:00,ENG-DATASET-001,MSN-INJECTOR_DEGRADATION-001,100.0,0.0,0.0,HEALTHY,,,,1.0,STABLE,NORMAL,
2026-01-01 00:01:10+00:00,ENG-DATASET-001,MSN-INJECTOR_DEGRADATION-001,100.0,0.0,0.0,HEALTHY,,,,1.0,STABLE,NORMAL,
2026-01-01 00:01:11+00:00,ENG-DATASET-001,MSN-INJECTOR_DEGRADATION-001,100.0,0.0,0.0,HEALTHY,,,,1.0,STABLE,NORMAL,
2026-01-01 00:01:12+00:00,ENG-DATASET-001,MSN-INJECTOR_DEGRADATION-001,100.0,0.0,0.0,HEALTHY,,,,1.0,STABLE,NORMAL,
2026-01-01 00:01:13+00:00,ENG-DATASET-001,MSN-INJECTOR_DEGRADATION-001,100.0,0.0,0.0,HEALTHY,,,,1.0,STABLE,NORMAL,
2026-01-01 00:01:14+00:00,ENG-DATASET-001,MSN-INJECTOR_DEGRADATION-001,100.0,0.0,0.0,HEALTHY,,,,1.0,STABLE,NORMAL,
2026-01-01 00:01:15+00:00,ENG-DATASET-001,MSN-INJECTOR_DEGRADATION-001,100.0,0.0,0.0,HEALTHY,,,,1.0,STABLE,NORMAL,
2026-01-01 00:01:16+00:00,ENG-DATASET-001,MSN-INJECTOR_DEGRADATION-001,100.0,0.0,0.0,HEALTHY,,,,1.0,STABLE,NORMAL,
2026-01-01 00:01:17+00:00,ENG-DATASET-001,MSN-INJECTOR_DEGRADATION-001,100.0,0.0,0.0,HEALTHY,,,,1.0,STABLE,NORMAL,
2026-01-01 00:01:18+00:00,ENG-DATASET-001,MSN-INJECTOR_DEGRADATION-001,100.0,0.0,0.0,HEALTHY,,,,1.0,STABLE,NORMAL,
2026-01-01 00:01:19+00:00,ENG-DATASET-001,MSN-INJECTOR_DEGRADATION-001,100.0,0.0,0.0,HEALTHY,,,,1.0,STABLE,NORMAL,
2026-01-01 00:01:20+00:00,ENG-DATASET-001,MSN-INJECTOR_DEGRADATION-001,100.0,0.0,0.0,HEALTHY,,,,1.0,STABLE,NORMAL,
2026-01-01 00:01:21+00:00,ENG-DATASET-001,MSN-INJECTOR_DEGRADATION-001,100.0,0.0,0.0,HEALTHY,,,,1.0,STABLE,NORMAL,
2026-01-01 00:01:22+00:00,ENG-DATASET-001,MSN-INJECTOR_DEGRADATION-001,100.0,0.0,0.0,HEALTHY,,,,1.0,STABLE,NORMAL,
2026-01-01 00:01:23+00:00,ENG-DATASET-001,MSN-INJECTOR_DEGRADATION-001,100.0,0.0,0.0,HEALTHY,,,,1.0,STABLE,NORMAL,
2026-01-01 00:01:24+00:00,ENG-DATASET-001,MSN-INJECTOR_DEGRADATION-001,100.0,0.0,0.0,HEALTHY,,,,1.0,STABLE,NORMAL,
2026-01-01 00:01:25+00:00,ENG-DATASET-001,MSN-INJECTOR_DEGRADATION-001,100.0,0.0,0.0,HEALTHY,,,,1.0,STABLE,NORMAL,
2026-01-01 00:01:26+00:00,ENG-DATASET-001,MSN-INJECTOR_DEGRADATION-001,100.0,0.0,0.0,HEALTHY,,,,1.0,STABLE,NORMAL,
2026-01-01 00:01:27+00:00,ENG-DATASET-001,MSN-INJECTOR_DEGRADATION-001,100.0,0.0,0.0,HEALTHY,,,,1.0,STABLE,NORMAL,
2026-01-01 00:01:28+00:00,ENG-DATASET-001,MSN-INJECTOR_DEGRADATION-001,100.0,0.0,0.0,HEALTHY,,,,1.0,STABLE,NORMAL,
2026-01-01 00:01:29+00:00,ENG-DATASET-001,MSN-INJECTOR_DEGRADATION-001,100.0,0.0,0.0,HEALTHY,,,,1.0,STABLE,NORMAL,
2026-01-01 00:01:30+00:00,ENG-DATASET-001,MSN-INJECTOR_DEGRADATION-001,100.0,0.0,0.0,HEALTHY,,,,1.0,STABLE,NORMAL,
2026-01-01 00:01:31+00:00,ENG-DATASET-001,MSN-INJECTOR_DEGRADATION-001,100.0,0.0,0.0,HEALTHY,,,,1.0,STABLE,NORMAL,
2026-01-01 00:01:32+00:00,ENG-DATASET-001,MSN-INJECTOR_DEGRADATION-001,100.0,0.0,0.0,HEALTHY,,,,1.0,STABLE,NORMAL,
2026-01-01 00:01:33+00:00,ENG-DATASET-001,MSN-INJECTOR_DEGRADATION-001,100.0,0.0,0.0,HEALTHY,,,,1.0,STABLE,NORMAL,
2026-01-01 00:01:34+00:00,ENG-DATASET-001,MSN-INJECTOR_DEGRADATION-001,100.0,0.0,0.0,HEALTHY,,,,1.0,STABLE,NORMAL,
2026-01-01 00:01:35+00:00,ENG-DATASET-001,MSN-INJECTOR_DEGRADATION-001,100.0,0.0,0.0,HEALTHY,,,,1.0,STABLE,NORMAL,
2026-01-01 00:01:36+00:00,ENG-DATASET-001,MSN-INJECTOR_DEGRADATION-001,100.0,0.0,0.0,HEALTHY,,,,1.0,STABLE,NORMAL,
2026-01-01 00:01:37+00:00,ENG-DATASET-001,MSN-INJECTOR_DEGRADATION-001,100.0,0.0,0.0,HEALTHY,,,,1.0,STABLE,NORMAL,
2026-01-01 00:01:38+00:00,ENG-DATASET-001,MSN-INJECTOR_DEGRADATION-001,100.0,0.0,0.0,HEALTHY,,,,1.0,STABLE,NORMAL,
2026-01-01 00:01:39+00:00,ENG-DATASET-001,MSN-INJECTOR_DEGRADATION-001,100.0,0.0,0.0,HEALTHY,,,,1.0,STABLE,NORMAL,
2026-01-01 00:01:40+00:00,ENG-DATASET-001,MSN-INJECTOR_DEGRADATION-001,100.0,0.0,0.0,HEALTHY,,,,1.0,STABLE,NORMAL,
2026-01-01 00:01:41+00:00,ENG-DATASET-001,MSN-INJECTOR_DEGRADATION-001,100.0,0.0,0.0,HEALTHY,,,,1.0,STABLE,NORMAL,
2026-01-01 00:01:42+00:00,ENG-DATASET-001,MSN-INJECTOR_DEGRADATION-001,100.0,0.0,0.0,HEALTHY,,,,1.0,STABLE,NORMAL,
2026-01-01 00:01:43+00:00,ENG-DATASET-001,MSN-INJECTOR_DEGRADATION-001,100.0,0.0,0.0,HEALTHY,,,,1.0,STABLE,NORMAL,
2026-01-01 00:01:44+00:00,ENG-DATASET-001,MSN-INJECTOR_DEGRADATION-001,100.0,0.0,0.0,HEALTHY,,,,1.0,STABLE,NORMAL,
2026-01-01 00:01:45+00:00,ENG-DATASET-001,MSN-INJECTOR_DEGRADATION-001,100.0,0.0,0.0,HEALTHY,,,,1.0,STABLE,NORMAL,
2026-01-01 00:01:46+00:00,ENG-DATASET-001,MSN-INJECTOR_DEGRADATION-001,100.0,0.0,0.0,HEALTHY,,,,1.0,STABLE,NORMAL,
2026-01-01 00:01:47+00:00,ENG-DATASET-001,MSN-INJECTOR_DEGRADATION-001,100.0,0.0,0.0,HEALTHY,,,,1.0,STABLE,NORMAL,
2026-01-01 00:01:48+00:00,ENG-DATASET-001,MSN-INJECTOR_DEGRADATION-001,100.0,0.0,0.0,HEALTHY,,,,1.0,STABLE,NORMAL,
2026-01-01 00:01:49+00:00,ENG-DATASET-001,MSN-INJECTOR_DEGRADATION-001,100.0,0.0,0.0,HEALTHY,,,,1.0,STABLE,NORMAL,
2026-01-01 00:01:50+00:00,ENG-DATASET-001,MSN-INJECTOR_DEGRADATION-001,100.0,0.0,0.0,HEALTHY,,,,1.0,STABLE,NORMAL,
2026-01-01 00:01:51+00:00,ENG-DATASET-001,MSN-INJECTOR_DEGRADATION-001,100.0,0.0,0.0,HEALTHY,,,,1.0,STABLE,NORMAL,
2026-01-01 00:01:52+00:00,ENG-DATASET-001,MSN-INJECTOR_DEGRADATION-001,100.0,0.0,0.0,HEALTHY,,,,1.0,STABLE,NORMAL,
2026-01-01 00:01:53+00:00,ENG-DATASET-001,MSN-INJECTOR_DEGRADATION-001,100.0,0.0,0.0,HEALTHY,,,,1.0,STABLE,NORMAL,
2026-01-01 00:01:54+00:00,ENG-DATASET-001,MSN-INJECTOR_DEGRADATION-001,100.0,0.0,0.0,HEALTHY,,,,1.0,STABLE,NORMAL,
2026-01-01 00:01:55+00:00,ENG-DATASET-001,MSN-INJECTOR_DEGRADATION-001,100.0,0.0,0.0,HEALTHY,,,,1.0,STABLE,NORMAL,
2026-01-01 00:01:56+00:00,ENG-DATASET-001,MSN-INJECTOR_DEGRADATION-001,100.0,0.0,0.0,HEALTHY,,,,1.0,STABLE,NORMAL,
2026-01-01 00:01:57+00:00,ENG-DATASET-001,MSN-INJECTOR_DEGRADATION-001,100.0,0.0,0.0,HEALTHY,,,,1.0,STABLE,NORMAL,
2026-01-01 00:01:58+00:00,ENG-DATASET-001,MSN-INJECTOR_DEGRADATION-001,100.0,0.0,0.0,HEALTHY,,,,1.0,STABLE,NORMAL,
2026-01-01 00:01:59+00:00,ENG-DATASET-001,MSN-INJECTOR_DEGRADATION-001,100.0,0.0,0.0,HEALTHY,,,,1.0,STABLE,NORMAL,
2026-01-01 00:02:00+00:00,ENG-DATASET-001,MSN-INJECTOR_DEGRADATION-001,100.0,0.0,0.0,HEALTHY,,,,1.0,STABLE,NORMAL,
2026-01-01 00:02:01+00:00,ENG-DATASET-001,MSN-INJECTOR_DEGRADATION-001,99.99,0.0004,0.059,INJECTOR_DEGRADATION,846.78,5.45,1998.4,1.0,ESTIMATED,PHYSICAL_FAULT,
2026-01-01 00:02:02+00:00,ENG-DATASET-001,MSN-INJECTOR_DEGRADATION-001,99.95,0.0011,0.3521,INJECTOR_DEGRADATION,141.69,1.32,1995.6,1.0,ESTIMATED,PHYSICAL_FAULT,
2026-01-01 00:02:03+00:00,ENG-DATASET-001,MSN-INJECTOR_DEGRADATION-001,99.87,0.0021,1.1073,INJECTOR_DEGRADATION,44.97,0.6,1991.6,1.0,ESTIMATED,PHYSICAL_FAULT,
2026-01-01 00:02:04+00:00,ENG-DATASET-001,MSN-INJECTOR_DEGRADATION-001,99.77,0.0035,2.4267,INJECTOR_DEGRADATION,20.46,0.4,1986.0,1.0,ESTIMATED,PHYSICAL_FAULT,
2026-01-01 00:02:05+00:00,ENG-DATASET-001,MSN-INJECTOR_DEGRADATION-001,99.64,0.0053,4.4672,INJECTOR_DEGRADATION,11.07,0.29,1978.8,0.999,ESTIMATED,PHYSICAL_FAULT,
2026-01-01 00:02:06+00:00,ENG-DATASET-001,MSN-INJECTOR_DEGRADATION-001,99.47,0.0072,7.4391,INJECTOR_DEGRADATION,6.62,0.21,1971.2,0.999,LOW_RUL,PHYSICAL_FAULT,
2026-01-01 00:02:07+00:00,ENG-DATASET-001,MSN-INJECTOR_DEGRADATION-001,99.31,0.0091,11.2491,INJECTOR_DEGRADATION,4.36,0.18,1963.6,0.999,LOW_RUL,PHYSICAL_FAULT,
2026-01-01 00:02:08+00:00,ENG-DATASET-001,MSN-INJECTOR_DEGRADATION-001,99.13,0.0112,15.9834,INJECTOR_DEGRADATION,3.06,0.15,1955.2,0.998,LOW_RUL,PHYSICAL_FAULT,
2026-01-01 00:02:09+00:00,ENG-DATASET-001,MSN-INJECTOR_DEGRADATION-001,98.95,0.0132,21.606,INJECTOR_DEGRADATION,2.25,0.14,1947.2,0.998,LOW_RUL,PHYSICAL_FAULT,
2026-01-01 00:02:10+00:00,ENG-DATASET-001,MSN-INJECTOR_DEGRADATION-001,98.77,0.0151,28.0808,INJECTOR_DEGRADATION,1.73,0.12,1939.6,0.998,LOW_RUL,PHYSICAL_FAULT,
2026-01-01 00:02:11+00:00,ENG-DATASET-001,MSN-INJECTOR_DEGRADATION-001,98.61,0.0167,35.2538,INJECTOR_DEGRADATION,1.37,0.11,1933.2,0.998,LOW_RUL,PHYSICAL_FAULT,
2026-01-01 00:02:12+00:00,ENG-DATASET-001,MSN-INJECTOR_DEGRADATION-001,98.46,0.0183,43.034,INJECTOR_DEGRADATION,1.12,0.11,1926.8,0.997,LOW_RUL,PHYSICAL_FAULT,
2026-01-01 00:02:13+00:00,ENG-DATASET-001,MSN-INJECTOR_DEGRADATION-001,98.32,0.02,51.3323,INJECTOR_DEGRADATION,0.94,0.1,1920.0,0.997,LOW_RUL,PHYSICAL_FAULT,
2026-01-01 00:02:14+00:00,ENG-DATASET-001,MSN-INJECTOR_DEGRADATION-001,98.16,0.0219,60.2387,INJECTOR_DEGRADATION,0.79,0.1,1912.4,0.997,LOW_RUL,PHYSICAL_FAULT,
2026-01-01 00:02:15+00:00,ENG-DATASET-001,MSN-INJECTOR_DEGRADATION-001,97.98,0.0241,69.8394,INJECTOR_DEGRADATION,0.68,0.09,1903.6,0.996,LOW_RUL,PHYSICAL_FAULT,
2026-01-01 00:02:16+00:00,ENG-DATASET-001,MSN-INJECTOR_DEGRADATION-001,97.78,0.0265,80.2163,INJECTOR_DEGRADATION,0.59,0.09,1894.0,0.996,LOW_RUL,PHYSICAL_FAULT,
2026-01-01 00:02:17+00:00,ENG-DATASET-001,MSN-INJECTOR_DEGRADATION-001,97.58,0.0287,91.3294,INJECTOR_DEGRADATION,0.52,0.08,1885.2,0.996,LOW_RUL,PHYSICAL_FAULT,
2026-01-01 00:02:18+00:00,ENG-DATASET-001,MSN-INJECTOR_DEGRADATION-001,97.39,0.0306,103.0796,INJECTOR_DEGRADATION,0.46,0.08,1877.6,0.996,LOW_RUL,PHYSICAL_FAULT,
2026-01-01 00:02:19+00:00,ENG-DATASET-001,MSN-INJECTOR_DEGRADATION-001,97.23,0.032,115.252,INJECTOR_DEGRADATION,0.41,0.07,1872.0,0.995,LOW_RUL,PHYSICAL_FAULT,
2026-01-01 00:02:20+00:00,ENG-DATASET-001,MSN-INJECTOR_DEGRADATION-001,97.1,0.0334,127.6375,INJECTOR_DEGRADATION,0.37,0.07,1866.4,0.995,LOW_RUL,PHYSICAL_FAULT,
2026-01-01 00:02:21+00:00,ENG-DATASET-001,MSN-INJECTOR_DEGRADATION-001,96.97,0.0349,140.2099,INJECTOR_DEGRADATION,0.33,0.07,1860.4,0.995,LOW_RUL,PHYSICAL_FAULT,
2026-01-01 00:02:22+00:00,ENG-DATASET-001,MSN-INJECTOR_DEGRADATION-001,96.83,0.0369,153.0025,INJECTOR_DEGRADATION,0.3,0.07,1852.4,0.995,LOW_RUL,PHYSICAL_FAULT,
2026-01-01 00:02:23+00:00,ENG-DATASET-001,MSN-INJECTOR_DEGRADATION-001,96.64,0.0392,166.2822,INJECTOR_DEGRADATION,0.28,0.06,1843.2,0.994,LOW_RUL,PHYSICAL_FAULT,
2026-01-01 00:02:24+00:00,ENG-DATASET-001,MSN-INJECTOR_DEGRADATION-001,96.43,0.0418,180.129,INJECTOR_DEGRADATION,0.25,0.06,1832.8,0.994,LOW_RUL,PHYSICAL_FAULT,
2026-01-01 00:02:25+00:00,ENG-DATASET-001,MSN-INJECTOR_DEGRADATION-001,96.21,0.044,194.56,INJECTOR_DEGRADATION,0.23,0.06,1824.0,0.994,LOW_RUL,PHYSICAL_FAULT,
2026-01-01 00:02:26+00:00,ENG-DATASET-001,MSN-INJECTOR_DEGRADATION-001,96.02,0.0457,209.3542,INJECTOR_DEGRADATION,0.22,0.06,1817.2,0.993,LOW_RUL,PHYSICAL_FAULT,
2026-01-01 00:02:27+00:00,ENG-DATASET-001,MSN-INJECTOR_DEGRADATION-001,95.88,0.0469,224.1783,INJECTOR_DEGRADATION,0.2,0.06,1812.4,0.993,LOW_RUL,PHYSICAL_FAULT,
2026-01-01 00:02:28+00:00,ENG-DATASET-001,MSN-INJECTOR_DEGRADATION-001,95.79,0.0479,238.7093,INJECTOR_DEGRADATION,0.19,0.06,1808.4,0.993,LOW_RUL,PHYSICAL_FAULT,
2026-01-01 00:02:29+00:00,ENG-DATASET-001,MSN-INJECTOR_DEGRADATION-001,95.69,0.0492,252.9883,INJECTOR_DEGRADATION,0.18,0.05,1803.2,0.993,LOW_RUL,PHYSICAL_FAULT,
2026-01-01 00:02:30+00:00,ENG-DATASET-001,MSN-INJECTOR_DEGRADATION-001,95.55,0.0511,267.2312,INJECTOR_DEGRADATION,0.17,0.05,1795.6,0.993,LOW_RUL,PHYSICAL_FAULT,
2026-01-01 00:02:31+00:00,ENG-DATASET-001,MSN-INJECTOR_DEGRADATION-001,95.36,0.0536,281.7053,INJECTOR_DEGRADATION,0.16,0.05,1785.6,0.992,LOW_RUL,PHYSICAL_FAULT,
2026-01-01 00:02:32+00:00,ENG-DATASET-001,MSN-INJECTOR_DEGRADATION-001,95.14,0.0562,296.5494,INJECTOR_DEGRADATION,0.15,0.05,1775.2,0.992,LOW_RUL,PHYSICAL_FAULT,
2026-01-01 00:02:33+00:00,ENG-DATASET-001,MSN-INJECTOR_DEGRADATION-001,94.92,0.0584,311.7196,INJECTOR_DEGRADATION,0.14,0.05,1766.4,0.992,LOW_RUL,PHYSICAL_FAULT,
2026-01-01 00:02:34+00:00,ENG-DATASET-001,MSN-INJECTOR_DEGRADATION-001,94.74,0.0599,326.9358,INJECTOR_DEGRADATION,0.13,0.05,1760.4,0.991,LOW_RUL,PHYSICAL_FAULT,
2026-01-01 00:02:35+00:00,ENG-DATASET-001,MSN-INJECTOR_DEGRADATION-001,94.63,0.0607,341.7489,INJECTOR_DEGRADATION,0.13,0.05,1757.2,0.991,LOW_RUL,PHYSICAL_FAULT,
2026-01-01 00:02:36+00:00,ENG-DATASET-001,MSN-INJECTOR_DEGRADATION-001,94.56,0.0614,355.9009,INJECTOR_DEGRADATION,0.12,0.05,1754.4,0.991,LOW_RUL,PHYSICAL_FAULT,
2026-01-01 00:02:37+00:00,ENG-DATASET-001,MSN-INJECTOR_DEGRADATION-001,94.48,0.0626,369.4366,INJECTOR_DEGRADATION,0.12,0.05,1749.6,0.991,LOW_RUL,PHYSICAL_FAULT,
2026-01-01 00:02:38+00:00,ENG-DATASET-001,MSN-INJECTOR_DEGRADATION-001,94.35,0.0646,382.6353,INJECTOR_DEGRADATION,0.11,0.05,1741.6,0.991,LOW_RUL,PHYSICAL_FAULT,
2026-01-01 00:02:39+00:00,ENG-DATASET-001,MSN-INJECTOR_DEGRADATION-001,94.02,0.0713,396.6512,INJECTOR_DEGRADATION,0.11,0.04,1714.8,0.987,LOW_RUL,PHYSICAL_FAULT,
2026-01-01 00:02:40+00:00,ENG-DATASET-001,MSN-INJECTOR_DEGRADATION-001,93.33,0.078,413.5429,INJECTOR_DEGRADATION,0.1,0.03,1688.0,0.983,LOW_RUL,PHYSICAL_FAULT,
2026-01-01 00:02:41+00:00,ENG-DATASET-001,MSN-INJECTOR_DEGRADATION-001,92.66,0.084,433.0543,INJECTOR_DEGRADATION,0.1,0.03,1664.0,0.979,LOW_RUL,PHYSICAL_FAULT,
2026-01-01 00:02:42+00:00,ENG-DATASET-001,MSN-INJECTOR_DEGRADATION-001,92.06,0.0892,454.6383,INJECTOR_DEGRADATION,0.09,0.03,1643.2,0.975,LOW_RUL,PHYSICAL_FAULT,
2026-01-01 00:02:43+00:00,ENG-DATASET-001,MSN-INJECTOR_DEGRADATION-001,91.52,0.0937,477.8207,INJECTOR_DEGRADATION,0.09,0.03,1625.2,0.971,LOW_RUL,PHYSICAL_FAULT,
2026-01-01 00:02:44+00:00,ENG-DATASET-001,MSN-INJECTOR_DEGRADATION-001,91.16,0.0943,501.4313,INJECTOR_DEGRADATION,0.08,0.03,1622.8,0.971,LOW_RUL,PHYSICAL_FAULT,
2026-01-01 00:02:45+00:00,ENG-DATASET-001,MSN-INJECTOR_DEGRADATION-001,90.85,0.1035,525.1029,INJECTOR_DEGRADATION,0.08,0.02,1586.0,0.967,LOW_RUL,PHYSICAL_FAULT,
2026-01-01 00:02:46+00:00,ENG-DATASET-001,MSN-INJECTOR_DEGRADATION-001,89.93,0.1137,552.3734,INJECTOR_DEGRADATION,0.07,0.02,1545.2,0.964,LOW_RUL,PHYSICAL_FAULT,
2026-01-01 00:02:47+00:00,ENG-DATASET-001,MSN-INJECTOR_DEGRADATION-001,88.93,0.1246,583.5311,INJECTOR_DEGRADATION,0.06,0.02,1501.6,0.96,LOW_RUL,PHYSICAL_FAULT,
2026-01-01 00:02:48+00:00,ENG-DATASET-001,MSN-INJECTOR_DEGRADATION-001,87.88,0.1355,618.6709,INJECTOR_DEGRADATION,0.06,0.02,1458.0,0.956,LOW_RUL,PHYSICAL_FAULT,
2026-01-01 00:02:49+00:00,ENG-DATASET-001,MSN-INJECTOR_DEGRADATION-001,86.85,0.1456,657.4646,INJECTOR_DEGRADATION,0.05,0.01,1417.6,0.952,LOW_RUL,PHYSICAL_FAULT,
2026-01-01 00:02:50+00:00,ENG-DATASET-001,MSN-INJECTOR_DEGRADATION-001,86.14,0.1468,697.8178,INJECTOR_DEGRADATION,0.05,0.01,1412.8,0.952,LOW_RUL,PHYSICAL_FAULT,
2026-01-01 00:02:51+00:00,ENG-DATASET-001,MSN-INJECTOR_DEGRADATION-001,85.92,0.1512,736.6966,INJECTOR_DEGRADATION,0.05,0.01,1395.2,0.948,LOW_RUL,PHYSICAL_FAULT,
2026-01-01 00:02:52+00:00,ENG-DATASET-001,MSN-INJECTOR_DEGRADATION-001,85.43,0.1558,775.6505,INJECTOR_DEGRADATION,0.04,0.01,1376.8,0.944,LOW_RUL,PHYSICAL_FAULT,
2026-01-01 00:02:53+00:00,ENG-DATASET-001,MSN-INJECTOR_DEGRADATION-001,84.9,0.1613,814.8173,INJECTOR_DEGRADATION,0.04,0.01,1354.8,0.94,LOW_RUL,PHYSICAL_FAULT,
2026-01-01 00:02:54+00:00,ENG-DATASET-001,MSN-INJECTOR_DEGRADATION-001,84.29,0.1681,854.5634,INJECTOR_DEGRADATION,0.04,0.01,1327.6,0.936,LOW_RUL,PHYSICAL_FAULT,
2026-01-01 00:02:55+00:00,ENG-DATASET-001,MSN-INJECTOR_DEGRADATION-001,83.57,0.1756,895.4157,INJECTOR_DEGRADATION,0.04,0.01,1297.6,0.932,LOW_RUL,PHYSICAL_FAULT,
2026-01-01 00:02:56+00:00,ENG-DATASET-001,MSN-INJECTOR_DEGRADATION-001,82.95,0.179,936.6402,INJECTOR_DEGRADATION,0.03,0.01,1284.0,0.932,LOW_RUL,PHYSICAL_FAULT,
2026-01-01 00:02:57+00:00,ENG-DATASET-001,MSN-INJECTOR_DEGRADATION-001,82.68,0.1814,976.0471,INJECTOR_DEGRADATION,0.03,0.01,1274.4,0.932,LOW_RUL,PHYSICAL_FAULT,
2026-01-01 00:02:58+00:00,ENG-DATASET-001,MSN-INJECTOR_DEGRADATION-001,82.5,0.1825,1013.0514,INJECTOR_DEGRADATION,0.03,0.01,1270.0,0.931,LOW_RUL,PHYSICAL_FAULT,
2026-01-01 00:02:59+00:00,ENG-DATASET-001,MSN-INJECTOR_DEGRADATION-001,82.42,0.1828,1047.0268,INJECTOR_DEGRADATION,0.03,0.01,1268.8,0.931,LOW_RUL,PHYSICAL_FAULT,
2026-01-01 00:03:00+00:00,ENG-DATASET-001,MSN-INJECTOR_DEGRADATION-001,82.38,0.1835,1077.7214,INJECTOR_DEGRADATION,0.03,0.01,1266.0,0.931,LOW_RUL,PHYSICAL_FAULT,
2026-01-01 00:03:01+00:00,ENG-DATASET-001,MSN-INJECTOR_DEGRADATION-001,82.29,0.1854,1105.4831,INJECTOR_DEGRADATION,0.03,0.01,1258.4,0.931,LOW_RUL,PHYSICAL_FAULT,
2026-01-01 00:03:02+00:00,ENG-DATASET-001,MSN-INJECTOR_DEGRADATION-001,82.08,0.1887,1131.1872,INJECTOR_DEGRADATION,0.03,0.01,1245.2,0.93,LOW_RUL,PHYSICAL_FAULT,
2026-01-01 00:03:03+00:00,ENG-DATASET-001,MSN-INJECTOR_DEGRADATION-001,81.77,0.1927,1155.634,INJECTOR_DEGRADATION,0.03,0.01,1229.2,0.93,LOW_RUL,PHYSICAL_FAULT,
2026-01-01 00:03:04+00:00,ENG-DATASET-001,MSN-INJECTOR_DEGRADATION-001,81.42,0.1963,1179.1355,INJECTOR_DEGRADATION,0.03,0.01,1214.8,0.929,LOW_RUL,PHYSICAL_FAULT,
2026-01-01 00:03:05+00:00,ENG-DATASET-001,MSN-INJECTOR_DEGRADATION-001,81.14,0.1985,1201.4117,INJECTOR_DEGRADATION,0.03,0.01,1206.0,0.929,LOW_RUL,PHYSICAL_FAULT,
2026-01-01 00:03:06+00:00,ENG-DATASET-001,MSN-INJECTOR_DEGRADATION-001,80.98,0.1992,1221.9684,INJECTOR_DEGRADATION,0.02,0.01,1203.2,0.929,LOW_RUL,PHYSICAL_FAULT,
2026-01-01 00:03:07+00:00,ENG-DATASET-001,MSN-INJECTOR_DEGRADATION-001,80.94,0.1992,1240.0385,INJECTOR_DEGRADATION,0.02,0.01,1203.2,0.929,LOW_RUL,PHYSICAL_FAULT,
2026-01-01 00:03:08+00:00,ENG-DATASET-001,MSN-INJECTOR_DEGRADATION-001,80.92,0.1997,1255.6498,INJECTOR_DEGRADATION,0.02,0.01,1201.2,0.929,LOW_RUL,PHYSICAL_FAULT,
2026-01-01 00:03:09+00:00,ENG-DATASET-001,MSN-INJECTOR_DEGRADATION-001,80.84,0.2016,1269.1886,INJECTOR_DEGRADATION,0.02,0.01,1193.6,0.928,LOW_RUL,PHYSICAL_FAULT,
2026-01-01 00:03:10+00:00,ENG-DATASET-001,MSN-INJECTOR_DEGRADATION-001,80.62,0.2051,1281.501,INJECTOR_DEGRADATION,0.02,0.01,1179.6,0.928,LOW_RUL,PHYSICAL_FAULT,
2026-01-01 00:03:11+00:00,ENG-DATASET-001,MSN-INJECTOR_DEGRADATION-001,80.3,0.2093,1293.0472,INJECTOR_DEGRADATION,0.02,0.01,1162.8,0.928,LOW_RUL,PHYSICAL_FAULT,
2026-01-01 00:03:12+00:00,ENG-DATASET-001,MSN-INJECTOR_DEGRADATION-001,79.95,0.2127,1303.9112,INJECTOR_DEGRADATION,0.02,0.01,1149.2,0.927,LOW_RUL,PHYSICAL_FAULT,
2026-01-01 00:03:13+00:00,ENG-DATASET-001,MSN-INJECTOR_DEGRADATION-001,79.69,0.2144,1313.4609,INJECTOR_DEGRADATION,0.02,0.01,1142.4,0.927,LOW_RUL,PHYSICAL_FAULT,
2026-01-01 00:03:14+00:00,ENG-DATASET-001,MSN-INJECTOR_DEGRADATION-001,79.58,0.2145,1320.9089,INJECTOR_DEGRADATION,0.02,0.01,1142.0,0.927,LOW_RUL,PHYSICAL_FAULT,
2026-01-01 00:03:15+00:00,ENG-DATASET-001,MSN-INJECTOR_DEGRADATION-001,80.01,0.1973,1323.2006,INJECTOR_DEGRADATION,0.02,0.01,1210.8,0.926,LOW_RUL,PHYSICAL_FAULT,
2026-01-01 00:03:16+00:00,ENG-DATASET-001,MSN-INJECTOR_DEGRADATION-001,79.62,0.2026,1325.4192,INJECTOR_DEGRADATION,0.02,0.01,1189.6,0.926,LOW_RUL,PHYSICAL_FAULT,
2026-01-01 00:03:17+00:00,ENG-DATASET-001,MSN-INJECTOR_DEGRADATION-001,79.09,0.2107,1328.353,INJECTOR_DEGRADATION,0.02,0.01,1157.2,0.925,LOW_RUL,PHYSICAL_FAULT,
2026-01-01 00:03:18+00:00,ENG-DATASET-001,MSN-INJECTOR_DEGRADATION-001,78.36,0.221,1333.0553,INJECTOR_DEGRADATION,0.02,0.01,1116.0,0.924,LOW_RUL,PHYSICAL_FAULT,
2026-01-01 00:03:19+00:00,ENG-DATASET-001,MSN-INJECTOR_DEGRADATION-001,77.5,0.232,1340.0022,INJECTOR_DEGRADATION,0.02,0.01,1072.0,0.923,LOW_RUL,PHYSICAL_FAULT,
2026-01-01 00:03:20+00:00,ENG-DATASET-001,MSN-INJECTOR_DEGRADATION-001,76.78,0.2359,1348.0445,INJECTOR_DEGRADATION,0.02,0.01,1056.4,0.922,LOW_RUL,PHYSICAL_FAULT,
2026-01-01 00:03:21+00:00,ENG-DATASET-001,MSN-INJECTOR_DEGRADATION-001,76.5,0.2367,1354.4672,INJECTOR_DEGRADATION,0.02,0.01,1053.2,0.922,LOW_RUL,PHYSICAL_FAULT,
2026-01-01 00:03:22+00:00,ENG-DATASET-001,MSN-INJECTOR_DEGRADATION-001,76.45,0.2347,1357.9442,INJECTOR_DEGRADATION,0.02,0.01,1061.2,0.922,LOW_RUL,PHYSICAL_FAULT,
2026-01-01 00:03:23+00:00,ENG-DATASET-001,MSN-INJECTOR_DEGRADATION-001,76.56,0.2319,1357.8542,INJECTOR_DEGRADATION,0.02,0.01,1072.4,0.922,LOW_RUL,PHYSICAL_FAULT,
2026-01-01 00:03:24+00:00,ENG-DATASET-001,MSN-INJECTOR_DEGRADATION-001,76.66,0.231,1354.4382,INJECTOR_DEGRADATION,0.02,0.01,1076.0,0.922,LOW_RUL,PHYSICAL_FAULT,
2026-01-01 00:03:25+00:00,ENG-DATASET-001,MSN-INJECTOR_DEGRADATION-001,76.59,0.2332,1348.8227,INJECTOR_DEGRADATION,0.02,0.01,1067.2,0.921,LOW_RUL,PHYSICAL_FAULT,
2026-01-01 00:03:26+00:00,ENG-DATASET-001,MSN-INJECTOR_DEGRADATION-001,75.7,0.2614,1345.6938,INJECTOR_DEGRADATION,0.02,0.01,954.4,0.921,LOW_RUL,PHYSICAL_FAULT,
2026-01-01 00:03:27+00:00,ENG-DATASET-001,MSN-INJECTOR_DEGRADATION-001,75.27,0.2666,1341.8917,INJECTOR_DEGRADATION,0.02,0.01,933.6,0.92,LOW_RUL,PHYSICAL_FAULT,
2026-01-01 00:03:28+00:00,ENG-DATASET-001,MSN-INJECTOR_DEGRADATION-001,75.42,0.2476,1333.6305,INJECTOR_DEGRADATION,0.02,0.01,1009.6,0.92,LOW_RUL,PHYSICAL_FAULT,
2026-01-01 00:03:29+00:00,ENG-DATASET-001,MSN-INJECTOR_DEGRADATION-001,75.19,0.2479,1323.2616,INJECTOR_DEGRADATION,0.02,0.01,1008.4,0.919,LOW_RUL,PHYSICAL_FAULT,
2026-01-01 00:03:30+00:00,ENG-DATASET-001,MSN-INJECTOR_DEGRADATION-001,75.19,0.2455,1309.6458,INJECTOR_DEGRADATION,0.02,0.01,1018.0,0.919,LOW_RUL,PHYSICAL_FAULT,
2026-01-01 00:03:31+00:00,ENG-DATASET-001,MSN-INJECTOR_DEGRADATION-001,75.33,0.2428,1292.29,INJECTOR_DEGRADATION,0.02,0.01,1028.8,0.919,LOW_RUL,PHYSICAL_FAULT,
2026-01-01 00:03:32+00:00,ENG-DATASET-001,MSN-INJECTOR_DEGRADATION-001,75.43,0.2423,1271.6792,INJECTOR_DEGRADATION,0.02,0.01,1030.8,0.919,LOW_RUL,PHYSICAL_FAULT,
2026-01-01 00:03:33+00:00,ENG-DATASET-001,MSN-INJECTOR_DEGRADATION-001,74.64,0.2721,1253.1301,INJECTOR_DEGRADATION,0.02,0.01,911.6,0.919,LOW_RUL,PHYSICAL_FAULT,
2026-01-01 00:03:34+00:00,ENG-DATASET-001,MSN-INJECTOR_DEGRADATION-001,74.29,0.2775,1233.6877,INJECTOR_DEGRADATION,0.02,0.01,890.0,0.918,LOW_RUL,PHYSICAL_FAULT,
2026-01-01 00:03:35+00:00,ENG-DATASET-001,MSN-INJECTOR_DEGRADATION-001,73.81,0.2831,1213.6581,INJECTOR_DEGRADATION,0.02,0.01,867.6,0.918,LOW_RUL,PHYSICAL_FAULT,
2026-01-01 00:03:36+00:00,ENG-DATASET-001,MSN-INJECTOR_DEGRADATION-001,73.37,0.2867,1192.4872,INJECTOR_DEGRADATION,0.02,0.01,853.2,0.917,LOW_RUL,PHYSICAL_FAULT,
2026-01-01 00:03:37+00:00,ENG-DATASET-001,MSN-INJECTOR_DEGRADATION-001,73.77,0.262,1165.2047,INJECTOR_DEGRADATION,0.02,0.01,952.0,0.917,LOW_RUL,PHYSICAL_FAULT,
2026-01-01 00:03:38+00:00,ENG-DATASET-001,MSN-INJECTOR_DEGRADATION-001,73.78,0.2596,1134.5131,INJECTOR_DEGRADATION,0.02,0.01,961.6,0.917,LOW_RUL,PHYSICAL_FAULT,
2026-01-01 00:03:39+00:00,ENG-DATASET-001,MSN-INJECTOR_DEGRADATION-001,73.19,0.2854,1105.202,INJECTOR_DEGRADATION,0.02,0.01,858.4,0.917,LOW_RUL,PHYSICAL_FAULT,
2026-01-01 00:03:40+00:00,ENG-DATASET-001,MSN-INJECTOR_DEGRADATION-001,73.22,0.2866,1075.7568,INJECTOR_DEGRADATION,0.02,0.01,853.6,0.917,LOW_RUL,PHYSICAL_FAULT,
2026-01-01 00:03:41+00:00,ENG-DATASET-001,MSN-INJECTOR_DEGRADATION-001,73.03,0.2909,1047.498,INJECTOR_DEGRADATION,0.02,0.01,836.4,0.916,LOW_RUL,PHYSICAL_FAULT,
2026-01-01 00:03:42+00:00,ENG-DATASET-001,MSN-INJECTOR_DEGRADATION-001,72.59,0.2974,1021.5698,INJECTOR_DEGRADATION,0.02,0.01,810.4,0.916,LOW_RUL,PHYSICAL_FAULT,
2026-01-01 00:03:43+00:00,ENG-DATASET-001,MSN-INJECTOR_DEGRADATION-001,72.04,0.3032,998.2873,INJECTOR_DEGRADATION,0.02,0.01,787.2,0.915,LOW_RUL,PHYSICAL_FAULT,
2026-01-01 00:03:44+00:00,ENG-DATASET-001,MSN-INJECTOR_DEGRADATION-001,71.65,0.3042,975.606,INJECTOR_DEGRADATION,0.02,0.01,783.2,0.914,LOW_RUL,PHYSICAL_FAULT,
2026-01-01 00:03:45+00:00,ENG-DATASET-001,MSN-INJECTOR_DEGRADATION-001,71.53,0.3057,951.6213,INJECTOR_DEGRADATION,0.02,0.01,777.2,0.914,LOW_RUL,PHYSICAL_FAULT,
2026-01-01 00:03:46+00:00,ENG-DATASET-001,MSN-INJECTOR_DEGRADATION-001,71.39,0.3075,930.2114,INJECTOR_DEGRADATION,0.02,0.01,770.0,0.914,LOW_RUL,PHYSICAL_FAULT,
2026-01-01 00:03:47+00:00,ENG-DATASET-001,MSN-INJECTOR_DEGRADATION-001,71.31,0.3068,911.6662,INJECTOR_DEGRADATION,0.02,0.01,772.8,0.914,LOW_RUL,PHYSICAL_FAULT,
2026-01-01 00:03:48+00:00,ENG-DATASET-001,MSN-INJECTOR_DEGRADATION-001,71.29,0.3089,896.1209,INJECTOR_DEGRADATION,0.02,0.01,764.4,0.914,LOW_RUL,PHYSICAL_FAULT,
2026-01-01 00:03:49+00:00,ENG-DATASET-001,MSN-INJECTOR_DEGRADATION-001,71.08,0.3117,884.7808,INJECTOR_DEGRADATION,0.02,0.01,753.2,0.913,LOW_RUL,PHYSICAL_FAULT,
2026-01-01 00:03:50+00:00,ENG-DATASET-001,MSN-INJECTOR_DEGRADATION-001,70.87,0.3124,875.8573,INJECTOR_DEGRADATION,0.02,0.01,750.4,0.912,LOW_RUL,PHYSICAL_FAULT,
2026-01-01 00:03:51+00:00,ENG-DATASET-001,MSN-INJECTOR_DEGRADATION-001,70.78,0.3132,865.7525,INJECTOR_DEGRADATION,0.02,0.01,747.2,0.912,LOW_RUL,PHYSICAL_FAULT,
2026-01-01 00:03:52+00:00,ENG-DATASET-001,MSN-INJECTOR_DEGRADATION-001,70.68,0.3145,856.1988,INJECTOR_DEGRADATION,0.02,0.01,742.0,0.911,LOW_RUL,PHYSICAL_FAULT,
2026-01-01 00:03:53+00:00,ENG-DATASET-001,MSN-INJECTOR_DEGRADATION-001,70.55,0.3162,847.6955,INJECTOR_DEGRADATION,0.02,0.01,735.2,0.911,LOW_RUL,PHYSICAL_FAULT,
2026-01-01 00:03:54+00:00,ENG-DATASET-001,MSN-INJECTOR_DEGRADATION-001,70.4,0.3182,840.9286,INJECTOR_DEGRADATION,0.02,0.01,727.2,0.911,LOW_RUL,PHYSICAL_FAULT,
2026-01-01 00:03:55+00:00,ENG-DATASET-001,MSN-INJECTOR_DEGRADATION-001,70.24,0.32,836.7204,INJECTOR_DEGRADATION,0.02,0.01,720.0,0.911,LOW_RUL,PHYSICAL_FAULT,
2026-01-01 00:03:56+00:00,ENG-DATASET-001,MSN-INJECTOR_DEGRADATION-001,70.09,0.3214,834.5138,INJECTOR_DEGRADATION,0.02,0.01,714.4,0.911,LOW_RUL,PHYSICAL_FAULT,
2026-01-01 00:03:57+00:00,ENG-DATASET-001,MSN-INJECTOR_DEGRADATION-001,69.97,0.3223,832.0901,INJECTOR_DEGRADATION,0.02,0.01,710.8,0.91,LOW_RUL,PHYSICAL_FAULT,
2026-01-01 00:03:58+00:00,ENG-DATASET-001,MSN-INJECTOR_DEGRADATION-001,69.88,0.3229,828.7532,INJECTOR_DEGRADATION,0.02,0.01,708.4,0.909,LOW_RUL,PHYSICAL_FAULT,
2026-01-01 00:03:59+00:00,ENG-DATASET-001,MSN-INJECTOR_DEGRADATION-001,69.8,0.3236,823.8518,INJECTOR_DEGRADATION,0.02,0.01,705.6,0.908,LOW_RUL,PHYSICAL_FAULT,
2026-01-01 00:04:00+00:00,ENG-DATASET-001,MSN-INJECTOR_DEGRADATION-001,69.69,0.3254,817.319,INJECTOR_DEGRADATION,0.02,0.01,698.4,0.908,LOW_RUL,PHYSICAL_FAULT,
2026-01-01 00:04:01+00:00,ENG-DATASET-001,MSN-INJECTOR_DEGRADATION-001,69.54,0.3274,809.6819,INJECTOR_DEGRADATION,0.02,0.01,690.4,0.908,LOW_RUL,PHYSICAL_FAULT,
2026-01-01 00:04:02+00:00,ENG-DATASET-001,MSN-INJECTOR_DEGRADATION-001,69.38,0.3293,801.7197,INJECTOR_DEGRADATION,0.02,0.01,682.8,0.909,LOW_RUL,PHYSICAL_FAULT,
2026-01-01 00:04:03+00:00,ENG-DATASET-001,MSN-INJECTOR_DEGRADATION-001,69.25,0.3306,793.8755,INJECTOR_DEGRADATION,0.02,0.01,677.6,0.909,LOW_RUL,PHYSICAL_FAULT,
2026-01-01 00:04:04+00:00,ENG-DATASET-001,MSN-INJECTOR_DEGRADATION-001,69.17,0.331,786.1344,INJECTOR_DEGRADATION,0.02,0.01,676.0,0.91,LOW_RUL,PHYSICAL_FAULT,
2026-01-01 00:04:05+00:00,ENG-DATASET-001,MSN-INJECTOR_DEGRADATION-001,69.17,0.3301,777.651,INJECTOR_DEGRADATION,0.02,0.01,679.6,0.909,LOW_RUL,PHYSICAL_FAULT,
2026-01-01 00:04:06+00:00,ENG-DATASET-001,MSN-INJECTOR_DEGRADATION-001,69.25,0.3289,767.2771,INJECTOR_DEGRADATION,0.02,0.01,684.4,0.909,LOW_RUL,PHYSICAL_FAULT,
2026-01-01 00:04:07+00:00,ENG-DATASET-001,MSN-INJECTOR_DEGRADATION-001,69.34,0.3279,754.2695,INJECTOR_DEGRADATION,0.02,0.01,688.4,0.909,LOW_RUL,PHYSICAL_FAULT,
2026-01-01 00:04:08+00:00,ENG-DATASET-001,MSN-INJECTOR_DEGRADATION-001,69.4,0.3276,738.7092,INJECTOR_DEGRADATION,0.02,0.01,689.6,0.909,LOW_RUL,PHYSICAL_FAULT,
2026-01-01 00:04:09+00:00,ENG-DATASET-001,MSN-INJECTOR_DEGRADATION-001,69.43,0.3278,721.1553,INJECTOR_DEGRADATION,0.02,0.01,688.8,0.91,LOW_RUL,PHYSICAL_FAULT,
2026-01-01 00:04:10+00:00,ENG-DATASET-001,MSN-INJECTOR_DEGRADATION-001,69.42,0.3282,702.7202,INJECTOR_DEGRADATION,0.02,0.01,687.2,0.91,LOW_RUL,PHYSICAL_FAULT,
2026-01-01 00:04:11+00:00,ENG-DATASET-001,MSN-INJECTOR_DEGRADATION-001,69.4,0.3284,684.115,INJECTOR_DEGRADATION,0.03,0.01,686.4,0.91,LOW_RUL,PHYSICAL_FAULT,
2026-01-01 00:04:12+00:00,ENG-DATASET-001,MSN-INJECTOR_DEGRADATION-001,69.42,0.3279,665.3468,INJECTOR_DEGRADATION,0.03,0.01,688.4,0.911,LOW_RUL,PHYSICAL_FAULT,
2026-01-01 00:04:13+00:00,ENG-DATASET-001,MSN-INJECTOR_DEGRADATION-001,69.47,0.3269,645.7634,INJECTOR_DEGRADATION,0.03,0.01,692.4,0.91,LOW_RUL,PHYSICAL_FAULT,
2026-01-01 00:04:14+00:00,ENG-DATASET-001,MSN-INJECTOR_DEGRADATION-001,69.56,0.3257,624.2754,INJECTOR_DEGRADATION,0.03,0.01,697.2,0.91,LOW_RUL,PHYSICAL_FAULT,
2026-01-01 00:04:15+00:00,ENG-DATASET-001,MSN-INJECTOR_DEGRADATION-001,69.64,0.3248,597.687,INJECTOR_DEGRADATION,0.03,0.01,700.8,0.91,LOW_RUL,PHYSICAL_FAULT,
2026-01-01 00:04:16+00:00,ENG-DATASET-001,MSN-INJECTOR_DEGRADATION-001,69.7,0.3246,571.0496,INJECTOR_DEGRADATION,0.03,0.01,701.6,0.91,LOW_RUL,PHYSICAL_FAULT,
2026-01-01 00:04:17+00:00,ENG-DATASET-001,MSN-INJECTOR_DEGRADATION-001,69.72,0.3248,545.5435,INJECTOR_DEGRADATION,0.03,0.01,700.8,0.911,LOW_RUL,PHYSICAL_FAULT,
2026-01-01 00:04:18+00:00,ENG-DATASET-001,MSN-INJECTOR_DEGRADATION-001,69.72,0.3245,522.6172,INJECTOR_DEGRADATION,0.03,0.01,702.0,0.911,LOW_RUL,PHYSICAL_FAULT,
2026-01-01 00:04:19+00:00,ENG-DATASET-001,MSN-INJECTOR_DEGRADATION-001,69.84,0.3213,502.5016,INJECTOR_DEGRADATION,0.04,0.01,714.8,0.912,LOW_RUL,PHYSICAL_FAULT,
2026-01-01 00:04:20+00:00,ENG-DATASET-001,MSN-INJECTOR_DEGRADATION-001,70.03,0.3214,484.1255,INJECTOR_DEGRADATION,0.04,0.01,714.4,0.912,LOW_RUL,PHYSICAL_FAULT,
2026-01-01 00:04:21+00:00,ENG-DATASET-001,MSN-INJECTOR_DEGRADATION-001,69.97,0.3238,466.4616,INJECTOR_DEGRADATION,0.04,0.01,704.8,0.911,LOW_RUL,PHYSICAL_FAULT,
2026-01-01 00:04:22+00:00,ENG-DATASET-001,MSN-INJECTOR_DEGRADATION-001,69.84,0.3228,448.5636,INJECTOR_DEGRADATION,0.04,0.01,708.8,0.911,LOW_RUL,PHYSICAL_FAULT,
2026-01-01 00:04:23+00:00,ENG-DATASET-001,MSN-INJECTOR_DEGRADATION-001,69.91,0.3222,428.259,INJECTOR_DEGRADATION,0.04,0.01,711.2,0.911,LOW_RUL,PHYSICAL_FAULT,
2026-01-01 00:04:24+00:00,ENG-DATASET-001,MSN-INJECTOR_DEGRADATION-001,69.94,0.3222,405.8367,INJECTOR_DEGRADATION,0.04,0.01,711.2,0.911,LOW_RUL,PHYSICAL_FAULT,
2026-01-01 00:04:25+00:00,ENG-DATASET-001,MSN-INJECTOR_DEGRADATION-001,69.94,0.3226,382.4972,INJECTOR_DEGRADATION,0.05,0.01,709.6,0.911,LOW_RUL,PHYSICAL_FAULT,
2026-01-01 00:04:26+00:00,ENG-DATASET-001,MSN-INJECTOR_DEGRADATION-001,70.01,0.3193,362.8448,INJECTOR_DEGRADATION,0.05,0.01,722.8,0.912,LOW_RUL,PHYSICAL_FAULT,
2026-01-01 00:04:27+00:00,ENG-DATASET-001,MSN-INJECTOR_DEGRADATION-001,70.26,0.3175,343.2023,INJECTOR_DEGRADATION,0.05,0.01,730.0,0.912,LOW_RUL,PHYSICAL_FAULT,
2026-01-01 00:04:28+00:00,ENG-DATASET-001,MSN-INJECTOR_DEGRADATION-001,70.34,0.3189,321.1702,INJECTOR_DEGRADATION,0.06,0.01,724.4,0.912,LOW_RUL,PHYSICAL_FAULT,
2026-01-01 00:04:29+00:00,ENG-DATASET-001,MSN-INJECTOR_DEGRADATION-001,70.16,0.3223,300.5875,INJECTOR_DEGRADATION,0.06,0.01,710.8,0.912,LOW_RUL,PHYSICAL_FAULT,
2026-01-01 00:04:30+00:00,ENG-DATASET-001,MSN-INJECTOR_DEGRADATION-001,69.97,0.3216,280.1198,INJECTOR_DEGRADATION,0.06,0.01,713.6,0.911,LOW_RUL,PHYSICAL_FAULT,
2026-01-01 00:04:31+00:00,ENG-DATASET-001,MSN-INJECTOR_DEGRADATION-001,70.01,0.3213,257.5175,INJECTOR_DEGRADATION,0.07,0.01,714.8,0.911,LOW_RUL,PHYSICAL_FAULT,
2026-01-01 00:04:32+00:00,ENG-DATASET-001,MSN-INJECTOR_DEGRADATION-001,70.01,0.3217,233.2408,INJECTOR_DEGRADATION,0.08,0.01,713.2,0.911,LOW_RUL,PHYSICAL_FAULT,
2026-01-01 00:04:33+00:00,ENG-DATASET-001,MSN-INJECTOR_DEGRADATION-001,69.97,0.3225,212.9361,INJECTOR_DEGRADATION,0.08,0.01,710.0,0.911,LOW_RUL,PHYSICAL_FAULT,
2026-01-01 00:04:34+00:00,ENG-DATASET-001,MSN-INJECTOR_DEGRADATION-001,69.96,0.3215,193.8919,INJECTOR_DEGRADATION,0.09,0.01,714.0,0.912,LOW_RUL,PHYSICAL_FAULT,
2026-01-01 00:04:35+00:00,ENG-DATASET-001,MSN-INJECTOR_DEGRADATION-001,70.03,0.321,176.497,INJECTOR_DEGRADATION,0.1,0.01,716.0,0.912,LOW_RUL,PHYSICAL_FAULT,
2026-01-01 00:04:36+00:00,ENG-DATASET-001,MSN-INJECTOR_DEGRADATION-001,70.0,0.3235,161.2078,INJECTOR_DEGRADATION,0.11,0.01,706.0,0.911,LOW_RUL,PHYSICAL_FAULT,
2026-01-01 00:04:37+00:00,ENG-DATASET-001,MSN-INJECTOR_DEGRADATION-001,69.85,0.323,143.6889,INJECTOR_DEGRADATION,0.12,0.01,708.0,0.911,LOW_RUL,PHYSICAL_FAULT,
2026-01-01 00:04:38+00:00,ENG-DATASET-001,MSN-INJECTOR_DEGRADATION-001,69.88,0.3225,125.1478,INJECTOR_DEGRADATION,0.14,0.02,710.0,0.911,LOW_RUL,PHYSICAL_FAULT,
2026-01-01 00:04:39+00:00,ENG-DATASET-001,MSN-INJECTOR_DEGRADATION-001,69.86,0.3239,109.5444,INJECTOR_DEGRADATION,0.16,0.02,704.4,0.91,LOW_RUL,PHYSICAL_FAULT,
2026-01-01 00:04:40+00:00,ENG-DATASET-001,MSN-INJECTOR_DEGRADATION-001,69.71,0.3261,93.9771,INJECTOR_DEGRADATION,0.19,0.02,695.6,0.91,LOW_RUL,PHYSICAL_FAULT,
2026-01-01 00:04:41+00:00,ENG-DATASET-001,MSN-INJECTOR_DEGRADATION-001,69.51,0.3287,80.0472,INJECTOR_DEGRADATION,0.21,0.02,685.2,0.91,LOW_RUL,PHYSICAL_FAULT,
2026-01-01 00:04:42+00:00,ENG-DATASET-001,MSN-INJECTOR_DEGRADATION-001,69.29,0.3313,69.3963,INJECTOR_DEGRADATION,0.24,0.02,674.8,0.91,LOW_RUL,PHYSICAL_FAULT,
2026-01-01 00:04:43+00:00,ENG-DATASET-001,MSN-INJECTOR_DEGRADATION-001,69.09,0.3332,62.6214,INJECTOR_DEGRADATION,0.27,0.02,667.2,0.91,LOW_RUL,PHYSICAL_FAULT,
2026-01-01 00:04:44+00:00,ENG-DATASET-001,MSN-INJECTOR_DEGRADATION-001,68.97,0.3331,58.3442,INJECTOR_DEGRADATION,0.29,0.02,667.6,0.909,LOW_RUL,PHYSICAL_FAULT,
2026-01-01 00:04:45+00:00,ENG-DATASET-001,MSN-INJECTOR_DEGRADATION-001,68.97,0.3325,54.2631,INJECTOR_DEGRADATION,0.31,0.02,670.0,0.909,LOW_RUL,PHYSICAL_FAULT,
2026-01-01 00:04:46+00:00,ENG-DATASET-001,MSN-INJECTOR_DEGRADATION-001,69.0,0.3321,50.347,INJECTOR_DEGRADATION,0.33,0.02,671.6,0.908,LOW_RUL,PHYSICAL_FAULT,
2026-01-01 00:04:47+00:00,ENG-DATASET-001,MSN-INJECTOR_DEGRADATION-001,69.01,0.3323,46.3819,INJECTOR_DEGRADATION,0.36,0.02,670.8,0.908,LOW_RUL,PHYSICAL_FAULT,
2026-01-01 00:04:48+00:00,ENG-DATASET-001,MSN-INJECTOR_DEGRADATION-001,68.97,0.3334,42.3148,INJECTOR_DEGRADATION,0.39,0.02,666.4,0.908,LOW_RUL,PHYSICAL_FAULT,
2026-01-01 00:04:49+00:00,ENG-DATASET-001,MSN-INJECTOR_DEGRADATION-001,68.87,0.3349,39.655,INJECTOR_DEGRADATION,0.42,0.02,660.4,0.909,LOW_RUL,PHYSICAL_FAULT,
2026-01-01 00:04:50+00:00,ENG-DATASET-001,MSN-INJECTOR_DEGRADATION-001,68.76,0.3361,38.4837,INJECTOR_DEGRADATION,0.43,0.02,655.6,0.909,LOW_RUL,PHYSICAL_FAULT,
2026-01-01 00:04:51+00:00,ENG-DATASET-001,MSN-INJECTOR_DEGRADATION-001,68.68,0.3365,37.9115,INJECTOR_DEGRADATION,0.43,0.02,654.0,0.909,LOW_RUL,PHYSICAL_FAULT,
2026-01-01 00:04:52+00:00,ENG-DATASET-001,MSN-INJECTOR_DEGRADATION-001,68.67,0.3359,37.5884,INJECTOR_DEGRADATION,0.44,0.02,656.4,0.908,LOW_RUL,PHYSICAL_FAULT,
2026-01-01 00:04:53+00:00,ENG-DATASET-001,MSN-INJECTOR_DEGRADATION-001,68.72,0.3348,37.3614,INJECTOR_DEGRADATION,0.44,0.02,660.8,0.908,LOW_RUL,PHYSICAL_FAULT,
2026-01-01 00:04:54+00:00,ENG-DATASET-001,MSN-INJECTOR_DEGRADATION-001,68.8,0.334,37.2113,INJECTOR_DEGRADATION,0.45,0.02,664.0,0.908,LOW_RUL,PHYSICAL_FAULT,
2026-01-01 00:04:55+00:00,ENG-DATASET-001,MSN-INJECTOR_DEGRADATION-001,68.84,0.3339,37.4814,INJECTOR_DEGRADATION,0.44,0.02,664.4,0.908,LOW_RUL,PHYSICAL_FAULT,
2026-01-01 00:04:56+00:00,ENG-DATASET-001,MSN-INJECTOR_DEGRADATION-001,68.83,0.3346,38.4457,INJECTOR_DEGRADATION,0.43,0.02,661.6,0.908,LOW_RUL,PHYSICAL_FAULT,
2026-01-01 00:04:57+00:00,ENG-DATASET-001,MSN-INJECTOR_DEGRADATION-001,68.78,0.3356,40.1852,INJECTOR_DEGRADATION,0.41,0.02,657.6,0.909,LOW_RUL,PHYSICAL_FAULT,
2026-01-01 00:04:58+00:00,ENG-DATASET-001,MSN-INJECTOR_DEGRADATION-001,68.72,0.3362,42.5898,INJECTOR_DEGRADATION,0.38,0.02,655.2,0.909,LOW_RUL,PHYSICAL_FAULT,
2026-01-01 00:04:59+00:00,ENG-DATASET-001,MSN-INJECTOR_DEGRADATION-001,68.7,0.3359,45.3686,INJECTOR_DEGRADATION,0.36,0.02,656.4,0.909,LOW_RUL,PHYSICAL_FAULT,
2026-01-01 00:05:00+00:00,ENG-DATASET-001,MSN-INJECTOR_DEGRADATION-001,69.96,0.2882,41.1624,INJECTOR_DEGRADATION,0.51,0.02,847.2,0.911,LOW_RUL,PHYSICAL_FAULT,
2026-01-01 00:00:01+00:00,ENG-DATASET-002,MSN-INJECTOR_DEGRADATION-002,100.0,0.0,0.0,HEALTHY,,,,0.05,INSUFFICIENT_HISTORY,NORMAL,
2026-01-01 00:00:02+00:00,ENG-DATASET-002,MSN-INJECTOR_DEGRADATION-002,100.0,0.0,0.0,HEALTHY,,,,0.1,INSUFFICIENT_HISTORY,NORMAL,
2026-01-01 00:00:03+00:00,ENG-DATASET-002,MSN-INJECTOR_DEGRADATION-002,100.0,0.0,0.0,HEALTHY,,,,0.15,INSUFFICIENT_HISTORY,NORMAL,
2026-01-01 00:00:04+00:00,ENG-DATASET-002,MSN-INJECTOR_DEGRADATION-002,100.0,0.0,0.0,HEALTHY,,,,0.2,INSUFFICIENT_HISTORY,NORMAL,
2026-01-01 00:00:05+00:00,ENG-DATASET-002,MSN-INJECTOR_DEGRADATION-002,100.0,0.0,0.0,HEALTHY,,,,0.25,STABLE,NORMAL,
2026-01-01 00:00:06+00:00,ENG-DATASET-002,MSN-INJECTOR_DEGRADATION-002,100.0,0.0,0.0,HEALTHY,,,,0.3,STABLE,NORMAL,
2026-01-01 00:00:07+00:00,ENG-DATASET-002,MSN-INJECTOR_DEGRADATION-002,100.0,0.0,0.0,HEALTHY,,,,0.35,STABLE,NORMAL,
2026-01-01 00:00:08+00:00,ENG-DATASET-002,MSN-INJECTOR_DEGRADATION-002,100.0,0.0,0.0,HEALTHY,,,,0.4,STABLE,NORMAL,
2026-01-01 00:00:09+00:00,ENG-DATASET-002,MSN-INJECTOR_DEGRADATION-002,100.0,0.0,0.0,HEALTHY,,,,0.45,STABLE,NORMAL,
2026-01-01 00:00:10+00:00,ENG-DATASET-002,MSN-INJECTOR_DEGRADATION-002,100.0,0.0,0.0,HEALTHY,,,,0.5,STABLE,NORMAL,
2026-01-01 00:00:11+00:00,ENG-DATASET-002,MSN-INJECTOR_DEGRADATION-002,100.0,0.0,0.0,HEALTHY,,,,0.55,STABLE,NORMAL,
2026-01-01 00:00:12+00:00,ENG-DATASET-002,MSN-INJECTOR_DEGRADATION-002,100.0,0.0,0.0,HEALTHY,,,,0.6,STABLE,NORMAL,
2026-01-01 00:00:13+00:00,ENG-DATASET-002,MSN-INJECTOR_DEGRADATION-002,100.0,0.0,0.0,HEALTHY,,,,0.65,STABLE,NORMAL,
2026-01-01 00:00:14+00:00,ENG-DATASET-002,MSN-INJECTOR_DEGRADATION-002,100.0,0.0,0.0,HEALTHY,,,,0.7,STABLE,NORMAL,
2026-01-01 00:00:15+00:00,ENG-DATASET-002,MSN-INJECTOR_DEGRADATION-002,100.0,0.0,0.0,HEALTHY,,,,0.75,STABLE,NORMAL,
2026-01-01 00:00:16+00:00,ENG-DATASET-002,MSN-INJECTOR_DEGRADATION-002,100.0,0.0,0.0,HEALTHY,,,,0.8,STABLE,NORMAL,
2026-01-01 00:00:17+00:00,ENG-DATASET-002,MSN-INJECTOR_DEGRADATION-002,100.0,0.0,0.0,HEALTHY,,,,0.85,STABLE,NORMAL,
2026-01-01 00:00:18+00:00,ENG-DATASET-002,MSN-INJECTOR_DEGRADATION-002,100.0,0.0,0.0,HEALTHY,,,,0.9,STABLE,NORMAL,
2026-01-01 00:00:19+00:00,ENG-DATASET-002,MSN-INJECTOR_DEGRADATION-002,100.0,0.0,0.0,HEALTHY,,,,0.95,STABLE,NORMAL,
2026-01-01 00:00:20+00:00,ENG-DATASET-002,MSN-INJECTOR_DEGRADATION-002,100.0,0.0,0.0,HEALTHY,,,,1.0,STABLE,NORMAL,
2026-01-01 00:00:21+00:00,ENG-DATASET-002,MSN-INJECTOR_DEGRADATION-002,100.0,0.0,0.0,HEALTHY,,,,1.0,STABLE,NORMAL,
2026-01-01 00:00:22+00:00,ENG-DATASET-002,MSN-INJECTOR_DEGRADATION-002,100.0,0.0,0.0,HEALTHY,,,,1.0,STABLE,NORMAL,
2026-01-01 00:00:23+00:00,ENG-DATASET-002,MSN-INJECTOR_DEGRADATION-002,100.0,0.0,0.0,HEALTHY,,,,1.0,STABLE,NORMAL,
2026-01-01 00:00:24+00:00,ENG-DATASET-002,MSN-INJECTOR_DEGRADATION-002,100.0,0.0,0.0,HEALTHY,,,,1.0,STABLE,NORMAL,
2026-01-01 00:00:25+00:00,ENG-DATASET-002,MSN-INJECTOR_DEGRADATION-002,100.0,0.0,0.0,HEALTHY,,,,1.0,STABLE,NORMAL,
2026-01-01 00:00:26+00:00,ENG-DATASET-002,MSN-INJECTOR_DEGRADATION-002,100.0,0.0,0.0,HEALTHY,,,,1.0,STABLE,NORMAL,
2026-01-01 00:00:27+00:00,ENG-DATASET-002,MSN-INJECTOR_DEGRADATION-002,100.0,0.0,0.0,HEALTHY,,,,1.0,STABLE,NORMAL,
2026-01-01 00:00:28+00:00,ENG-DATASET-002,MSN-INJECTOR_DEGRADATION-002,100.0,0.0,0.0,HEALTHY,,,,1.0,STABLE,NORMAL,
2026-01-01 00:00:29+00:00,ENG-DATASET-002,MSN-INJECTOR_DEGRADATION-002,100.0,0.0,0.0,HEALTHY,,,,1.0,STABLE,NORMAL,
2026-01-01 00:00:30+00:00,ENG-DATASET-002,MSN-INJECTOR_DEGRADATION-002,100.0,0.0,0.0,HEALTHY,,,,1.0,STABLE,NORMAL,
2026-01-01 00:00:31+00:00,ENG-DATASET-002,MSN-INJECTOR_DEGRADATION-002,100.0,0.0,0.0,HEALTHY,,,,1.0,STABLE,NORMAL,
2026-01-01 00:00:32+00:00,ENG-DATASET-002,MSN-INJECTOR_DEGRADATION-002,100.0,0.0,0.0,HEALTHY,,,,1.0,STABLE,NORMAL,
2026-01-01 00:00:33+00:00,ENG-DATASET-002,MSN-INJECTOR_DEGRADATION-002,100.0,0.0,0.0,HEALTHY,,,,1.0,STABLE,NORMAL,
2026-01-01 00:00:34+00:00,ENG-DATASET-002,MSN-INJECTOR_DEGRADATION-002,100.0,0.0,0.0,HEALTHY,,,,1.0,STABLE,NORMAL,
2026-01-01 00:00:35+00:00,ENG-DATASET-002,MSN-INJECTOR_DEGRADATION-002,100.0,0.0,0.0,HEALTHY,,,,1.0,STABLE,NORMAL,
2026-01-01 00:00:36+00:00,ENG-DATASET-002,MSN-INJECTOR_DEGRADATION-002,100.0,0.0,0.0,HEALTHY,,,,1.0,STABLE,NORMAL,
2026-01-01 00:00:37+00:00,ENG-DATASET-002,MSN-INJECTOR_DEGRADATION-002,100.0,0.0,0.0,HEALTHY,,,,1.0,STABLE,NORMAL,
2026-01-01 00:00:38+00:00,ENG-DATASET-002,MSN-INJECTOR_DEGRADATION-002,100.0,0.0,0.0,HEALTHY,,,,1.0,STABLE,NORMAL,
2026-01-01 00:00:39+00:00,ENG-DATASET-002,MSN-INJECTOR_DEGRADATION-002,100.0,0.0,0.0,HEALTHY,,,,1.0,STABLE,NORMAL,
2026-01-01 00:00:40+00:00,ENG-DATASET-002,MSN-INJECTOR_DEGRADATION-002,100.0,0.0,0.0,HEALTHY,,,,1.0,STABLE,NORMAL,
2026-01-01 00:00:41+00:00,ENG-DATASET-002,MSN-INJECTOR_DEGRADATION-002,100.0,0.0,0.0,HEALTHY,,,,1.0,STABLE,NORMAL,
2026-01-01 00:00:42+00:00,ENG-DATASET-002,MSN-INJECTOR_DEGRADATION-002,100.0,0.0,0.0,HEALTHY,,,,1.0,STABLE,NORMAL,
2026-01-01 00:00:43+00:00,ENG-DATASET-002,MSN-INJECTOR_DEGRADATION-002,100.0,0.0,0.0,HEALTHY,,,,1.0,STABLE,NORMAL,
2026-01-01 00:00:44+00:00,ENG-DATASET-002,MSN-INJECTOR_DEGRADATION-002,100.0,0.0,0.0,HEALTHY,,,,1.0,STABLE,NORMAL,
2026-01-01 00:00:45+00:00,ENG-DATASET-002,MSN-INJECTOR_DEGRADATION-002,100.0,0.0,0.0,HEALTHY,,,,1.0,STABLE,NORMAL,
2026-01-01 00:00:46+00:00,ENG-DATASET-002,MSN-INJECTOR_DEGRADATION-002,100.0,0.0,0.0,HEALTHY,,,,1.0,STABLE,NORMAL,
2026-01-01 00:00:47+00:00,ENG-DATASET-002,MSN-INJECTOR_DEGRADATION-002,100.0,0.0,0.0,HEALTHY,,,,1.0,STABLE,NORMAL,
2026-01-01 00:00:48+00:00,ENG-DATASET-002,MSN-INJECTOR_DEGRADATION-002,100.0,0.0,0.0,HEALTHY,,,,1.0,STABLE,NORMAL,
2026-01-01 00:00:49+00:00,ENG-DATASET-002,MSN-INJECTOR_DEGRADATION-002,100.0,0.0,0.0,HEALTHY,,,,1.0,STABLE,NORMAL,
2026-01-01 00:00:50+00:00,ENG-DATASET-002,MSN-INJECTOR_DEGRADATION-002,100.0,0.0,0.0,HEALTHY,,,,1.0,STABLE,NORMAL,
2026-01-01 00:00:51+00:00,ENG-DATASET-002,MSN-INJECTOR_DEGRADATION-002,100.0,0.0,0.0,HEALTHY,,,,1.0,STABLE,NORMAL,
2026-01-01 00:00:52+00:00,ENG-DATASET-002,MSN-INJECTOR_DEGRADATION-002,100.0,0.0,0.0,HEALTHY,,,,1.0,STABLE,NORMAL,
2026-01-01 00:00:53+00:00,ENG-DATASET-002,MSN-INJECTOR_DEGRADATION-002,100.0,0.0,0.0,HEALTHY,,,,1.0,STABLE,NORMAL,
2026-01-01 00:00:54+00:00,ENG-DATASET-002,MSN-INJECTOR_DEGRADATION-002,100.0,0.0,0.0,HEALTHY,,,,1.0,STABLE,NORMAL,
2026-01-01 00:00:55+00:00,ENG-DATASET-002,MSN-INJECTOR_DEGRADATION-002,100.0,0.0,0.0,HEALTHY,,,,1.0,STABLE,NORMAL,
2026-01-01 00:00:56+00:00,ENG-DATASET-002,MSN-INJECTOR_DEGRADATION-002,100.0,0.0,0.0,HEALTHY,,,,1.0,STABLE,NORMAL,
2026-01-01 00:00:57+00:00,ENG-DATASET-002,MSN-INJECTOR_DEGRADATION-002,100.0,0.0,0.0,HEALTHY,,,,1.0,STABLE,NORMAL,
2026-01-01 00:00:58+00:00,ENG-DATASET-002,MSN-INJECTOR_DEGRADATION-002,100.0,0.0,0.0,HEALTHY,,,,1.0,STABLE,NORMAL,
2026-01-01 00:00:59+00:00,ENG-DATASET-002,MSN-INJECTOR_DEGRADATION-002,100.0,0.0,0.0,HEALTHY,,,,1.0,STABLE,NORMAL,
2026-01-01 00:01:00+00:00,ENG-DATASET-002,MSN-INJECTOR_DEGRADATION-002,100.0,0.0,0.0,HEALTHY,,,,1.0,STABLE,NORMAL,
2026-01-01 00:01:01+00:00,ENG-DATASET-002,MSN-INJECTOR_DEGRADATION-002,100.0,0.0,0.0,HEALTHY,,,,1.0,STABLE,NORMAL,
2026-01-01 00:01:02+00:00,ENG-DATASET-002,MSN-INJECTOR_DEGRADATION-002,100.0,0.0,0.0,HEALTHY,,,,1.0,STABLE,NORMAL,
2026-01-01 00:01:03+00:00,ENG-DATASET-002,MSN-INJECTOR_DEGRADATION-002,100.0,0.0,0.0,HEALTHY,,,,1.0,STABLE,NORMAL,
2026-01-01 00:01:04+00:00,ENG-DATASET-002,MSN-INJECTOR_DEGRADATION-002,100.0,0.0,0.0,HEALTHY,,,,1.0,STABLE,NORMAL,
2026-01-01 00:01:05+00:00,ENG-DATASET-002,MSN-INJECTOR_DEGRADATION-002,100.0,0.0,0.0,HEALTHY,,,,1.0,STABLE,NORMAL,
2026-01-01 00:01:06+00:00,ENG-DATASET-002,MSN-INJECTOR_DEGRADATION-002,100.0,0.0,0.0,HEALTHY,,,,1.0,STABLE,NORMAL,
2026-01-01 00:01:07+00:00,ENG-DATASET-002,MSN-INJECTOR_DEGRADATION-002,100.0,0.0,0.0,HEALTHY,,,,1.0,STABLE,NORMAL,
2026-01-01 00:01:08+00:00,ENG-DATASET-002,MSN-INJECTOR_DEGRADATION-002,100.0,0.0,0.0,HEALTHY,,,,1.0,STABLE,NORMAL,
2026-01-01 00:01:09+00:00,ENG-DATASET-002,MSN-INJECTOR_DEGRADATION-002,100.0,0.0,0.0,HEALTHY,,,,1.0,STABLE,NORMAL,
2026-01-01 00:01:10+00:00,ENG-DATASET-002,MSN-INJECTOR_DEGRADATION-002,100.0,0.0,0.0,HEALTHY,,,,1.0,STABLE,NORMAL,
2026-01-01 00:01:11+00:00,ENG-DATASET-002,MSN-INJECTOR_DEGRADATION-002,100.0,0.0,0.0,HEALTHY,,,,1.0,STABLE,NORMAL,
2026-01-01 00:01:12+00:00,ENG-DATASET-002,MSN-INJECTOR_DEGRADATION-002,100.0,0.0,0.0,HEALTHY,,,,1.0,STABLE,NORMAL,
2026-01-01 00:01:13+00:00,ENG-DATASET-002,MSN-INJECTOR_DEGRADATION-002,100.0,0.0,0.0,HEALTHY,,,,1.0,STABLE,NORMAL,
2026-01-01 00:01:14+00:00,ENG-DATASET-002,MSN-INJECTOR_DEGRADATION-002,100.0,0.0,0.0,HEALTHY,,,,1.0,STABLE,NORMAL,
2026-01-01 00:01:15+00:00,ENG-DATASET-002,MSN-INJECTOR_DEGRADATION-002,100.0,0.0,0.0,HEALTHY,,,,1.0,STABLE,NORMAL,
2026-01-01 00:01:16+00:00,ENG-DATASET-002,MSN-INJECTOR_DEGRADATION-002,100.0,0.0,0.0,HEALTHY,,,,1.0,STABLE,NORMAL,
2026-01-01 00:01:17+00:00,ENG-DATASET-002,MSN-INJECTOR_DEGRADATION-002,100.0,0.0,0.0,HEALTHY,,,,1.0,STABLE,NORMAL,
2026-01-01 00:01:18+00:00,ENG-DATASET-002,MSN-INJECTOR_DEGRADATION-002,100.0,0.0,0.0,HEALTHY,,,,1.0,STABLE,NORMAL,
2026-01-01 00:01:19+00:00,ENG-DATASET-002,MSN-INJECTOR_DEGRADATION-002,100.0,0.0,0.0,HEALTHY,,,,1.0,STABLE,NORMAL,
2026-01-01 00:01:20+00:00,ENG-DATASET-002,MSN-INJECTOR_DEGRADATION-002,100.0,0.0,0.0,HEALTHY,,,,1.0,STABLE,NORMAL,
2026-01-01 00:01:21+00:00,ENG-DATASET-002,MSN-INJECTOR_DEGRADATION-002,100.0,0.0,0.0,HEALTHY,,,,1.0,STABLE,NORMAL,
2026-01-01 00:01:22+00:00,ENG-DATASET-002,MSN-INJECTOR_DEGRADATION-002,100.0,0.0,0.0,HEALTHY,,,,1.0,STABLE,NORMAL,
2026-01-01 00:01:23+00:00,ENG-DATASET-002,MSN-INJECTOR_DEGRADATION-002,100.0,0.0,0.0,HEALTHY,,,,1.0,STABLE,NORMAL,
2026-01-01 00:01:24+00:00,ENG-DATASET-002,MSN-INJECTOR_DEGRADATION-002,100.0,0.0,0.0,HEALTHY,,,,1.0,STABLE,NORMAL,
2026-01-01 00:01:25+00:00,ENG-DATASET-002,MSN-INJECTOR_DEGRADATION-002,100.0,0.0,0.0,HEALTHY,,,,1.0,STABLE,NORMAL,
2026-01-01 00:01:26+00:00,ENG-DATASET-002,MSN-INJECTOR_DEGRADATION-002,100.0,0.0,0.0,HEALTHY,,,,1.0,STABLE,NORMAL,
2026-01-01 00:01:27+00:00,ENG-DATASET-002,MSN-INJECTOR_DEGRADATION-002,100.0,0.0,0.0,HEALTHY,,,,1.0,STABLE,NORMAL,
2026-01-01 00:01:28+00:00,ENG-DATASET-002,MSN-INJECTOR_DEGRADATION-002,100.0,0.0,0.0,HEALTHY,,,,1.0,STABLE,NORMAL,
2026-01-01 00:01:29+00:00,ENG-DATASET-002,MSN-INJECTOR_DEGRADATION-002,100.0,0.0,0.0,HEALTHY,,,,1.0,STABLE,NORMAL,
2026-01-01 00:01:30+00:00,ENG-DATASET-002,MSN-INJECTOR_DEGRADATION-002,100.0,0.0,0.0,HEALTHY,,,,1.0,STABLE,NORMAL,
2026-01-01 00:01:31+00:00,ENG-DATASET-002,MSN-INJECTOR_DEGRADATION-002,100.0,0.0,0.0,HEALTHY,,,,1.0,STABLE,NORMAL,
2026-01-01 00:01:32+00:00,ENG-DATASET-002,MSN-INJECTOR_DEGRADATION-002,100.0,0.0,0.0,HEALTHY,,,,1.0,STABLE,NORMAL,
2026-01-01 00:01:33+00:00,ENG-DATASET-002,MSN-INJECTOR_DEGRADATION-002,100.0,0.0,0.0,HEALTHY,,,,1.0,STABLE,NORMAL,
2026-01-01 00:01:34+00:00,ENG-DATASET-002,MSN-INJECTOR_DEGRADATION-002,100.0,0.0,0.0,HEALTHY,,,,1.0,STABLE,NORMAL,
2026-01-01 00:01:35+00:00,ENG-DATASET-002,MSN-INJECTOR_DEGRADATION-002,100.0,0.0,0.0,HEALTHY,,,,1.0,STABLE,NORMAL,
2026-01-01 00:01:36+00:00,ENG-DATASET-002,MSN-INJECTOR_DEGRADATION-002,100.0,0.0,0.0,HEALTHY,,,,1.0,STABLE,NORMAL,
2026-01-01 00:01:37+00:00,ENG-DATASET-002,MSN-INJECTOR_DEGRADATION-002,100.0,0.0,0.0,HEALTHY,,,,1.0,STABLE,NORMAL,
2026-01-01 00:01:38+00:00,ENG-DATASET-002,MSN-INJECTOR_DEGRADATION-002,100.0,0.0,0.0,HEALTHY,,,,1.0,STABLE,NORMAL,
2026-01-01 00:01:39+00:00,ENG-DATASET-002,MSN-INJECTOR_DEGRADATION-002,100.0,0.0,0.0,HEALTHY,,,,1.0,STABLE,NORMAL,
2026-01-01 00:01:40+00:00,ENG-DATASET-002,MSN-INJECTOR_DEGRADATION-002,100.0,0.0,0.0,HEALTHY,,,,1.0,STABLE,NORMAL,
2026-01-01 00:01:41+00:00,ENG-DATASET-002,MSN-INJECTOR_DEGRADATION-002,100.0,0.0,0.0,HEALTHY,,,,1.0,STABLE,NORMAL,
2026-01-01 00:01:42+00:00,ENG-DATASET-002,MSN-INJECTOR_DEGRADATION-002,100.0,0.0,0.0,HEALTHY,,,,1.0,STABLE,NORMAL,
2026-01-01 00:01:43+00:00,ENG-DATASET-002,MSN-INJECTOR_DEGRADATION-002,100.0,0.0,0.0,HEALTHY,,,,1.0,STABLE,NORMAL,
2026-01-01 00:01:44+00:00,ENG-DATASET-002,MSN-INJECTOR_DEGRADATION-002,100.0,0.0,0.0,HEALTHY,,,,1.0,STABLE,NORMAL,
2026-01-01 00:01:45+00:00,ENG-DATASET-002,MSN-INJECTOR_DEGRADATION-002,100.0,0.0,0.0,HEALTHY,,,,1.0,STABLE,NORMAL,
2026-01-01 00:01:46+00:00,ENG-DATASET-002,MSN-INJECTOR_DEGRADATION-002,100.0,0.0,0.0,HEALTHY,,,,1.0,STABLE,NORMAL,
2026-01-01 00:01:47+00:00,ENG-DATASET-002,MSN-INJECTOR_DEGRADATION-002,100.0,0.0,0.0,HEALTHY,,,,1.0,STABLE,NORMAL,
2026-01-01 00:01:48+00:00,ENG-DATASET-002,MSN-INJECTOR_DEGRADATION-002,100.0,0.0,0.0,HEALTHY,,,,1.0,STABLE,NORMAL,
2026-01-01 00:01:49+00:00,ENG-DATASET-002,MSN-INJECTOR_DEGRADATION-002,100.0,0.0,0.0,HEALTHY,,,,1.0,STABLE,NORMAL,
2026-01-01 00:01:50+00:00,ENG-DATASET-002,MSN-INJECTOR_DEGRADATION-002,100.0,0.0,0.0,HEALTHY,,,,1.0,STABLE,NORMAL,
2026-01-01 00:01:51+00:00,ENG-DATASET-002,MSN-INJECTOR_DEGRADATION-002,100.0,0.0,0.0,HEALTHY,,,,1.0,STABLE,NORMAL,
2026-01-01 00:01:52+00:00,ENG-DATASET-002,MSN-INJECTOR_DEGRADATION-002,100.0,0.0,0.0,HEALTHY,,,,1.0,STABLE,NORMAL,
2026-01-01 00:01:53+00:00,ENG-DATASET-002,MSN-INJECTOR_DEGRADATION-002,100.0,0.0,0.0,HEALTHY,,,,1.0,STABLE,NORMAL,
2026-01-01 00:01:54+00:00,ENG-DATASET-002,MSN-INJECTOR_DEGRADATION-002,100.0,0.0,0.0,HEALTHY,,,,1.0,STABLE,NORMAL,
2026-01-01 00:01:55+00:00,ENG-DATASET-002,MSN-INJECTOR_DEGRADATION-002,100.0,0.0,0.0,HEALTHY,,,,1.0,STABLE,NORMAL,
2026-01-01 00:01:56+00:00,ENG-DATASET-002,MSN-INJECTOR_DEGRADATION-002,100.0,0.0,0.0,HEALTHY,,,,1.0,STABLE,NORMAL,
2026-01-01 00:01:57+00:00,ENG-DATASET-002,MSN-INJECTOR_DEGRADATION-002,100.0,0.0,0.0,HEALTHY,,,,1.0,STABLE,NORMAL,
2026-01-01 00:01:58+00:00,ENG-DATASET-002,MSN-INJECTOR_DEGRADATION-002,100.0,0.0,0.0,HEALTHY,,,,1.0,STABLE,NORMAL,
2026-01-01 00:01:59+00:00,ENG-DATASET-002,MSN-INJECTOR_DEGRADATION-002,100.0,0.0,0.0,HEALTHY,,,,1.0,STABLE,NORMAL,
2026-01-01 00:02:00+00:00,ENG-DATASET-002,MSN-INJECTOR_DEGRADATION-002,100.0,0.0,0.0,HEALTHY,,,,1.0,STABLE,NORMAL,
2026-01-01 00:02:01+00:00,ENG-DATASET-002,MSN-INJECTOR_DEGRADATION-002,99.99,0.0003,0.059,INJECTOR_DEGRADATION,846.95,5.45,1998.8,1.0,ESTIMATED,PHYSICAL_FAULT,
2026-01-01 00:02:02+00:00,ENG-DATASET-002,MSN-INJECTOR_DEGRADATION-002,99.95,0.001,0.3521,INJECTOR_DEGRADATION,141.72,1.32,1996.0,1.0,ESTIMATED,PHYSICAL_FAULT,
2026-01-01 00:02:03+00:00,ENG-DATASET-002,MSN-INJECTOR_DEGRADATION-002,99.89,0.0019,0.9893,INJECTOR_DEGRADATION,50.35,0.75,1992.4,1.0,ESTIMATED,PHYSICAL_FAULT,
2026-01-01 00:02:04+00:00,ENG-DATASET-002,MSN-INJECTOR_DEGRADATION-002,99.8,0.0031,2.1356,INJECTOR_DEGRADATION,23.27,0.47,1987.6,1.0,ESTIMATED,PHYSICAL_FAULT,
2026-01-01 00:02:05+00:00,ENG-DATASET-002,MSN-INJECTOR_DEGRADATION-002,99.68,0.0047,3.9501,INJECTOR_DEGRADATION,12.54,0.33,1981.2,0.999,ESTIMATED,PHYSICAL_FAULT,
2026-01-01 00:02:06+00:00,ENG-DATASET-002,MSN-INJECTOR_DEGRADATION-002,99.53,0.0064,6.5858,INJECTOR_DEGRADATION,7.49,0.24,1974.4,0.999,LOW_RUL,PHYSICAL_FAULT,
2026-01-01 00:02:07+00:00,ENG-DATASET-002,MSN-INJECTOR_DEGRADATION-002,99.38,0.0081,10.0128,INJECTOR_DEGRADATION,4.91,0.2,1967.6,0.999,LOW_RUL,PHYSICAL_FAULT,
2026-01-01 00:02:08+00:00,ENG-DATASET-002,MSN-INJECTOR_DEGRADATION-002,99.23,0.0099,14.2009,INJECTOR_DEGRADATION,3.45,0.17,1960.4,0.999,LOW_RUL,PHYSICAL_FAULT,
2026-01-01 00:02:09+00:00,ENG-DATASET-002,MSN-INJECTOR_DEGRADATION-002,99.07,0.0117,19.1793,INJECTOR_DEGRADATION,2.55,0.15,1953.2,0.998,LOW_RUL,PHYSICAL_FAULT,
2026-01-01 00:02:10+00:00,ENG-DATASET-002,MSN-INJECTOR_DEGRADATION-002,98.91,0.0133,24.9159,INJECTOR_DEGRADATION,1.95,0.14,1946.8,0.998,LOW_RUL,PHYSICAL_FAULT,
2026-01-01 00:02:11+00:00,ENG-DATASET-002,MSN-INJECTOR_DEGRADATION-002,98.77,0.0148,31.2607,INJECTOR_DEGRADATION,1.55,0.13,1940.8,0.998,LOW_RUL,PHYSICAL_FAULT,
2026-01-01 00:02:12+00:00,ENG-DATASET-002,MSN-INJECTOR_DEGRADATION-002,98.64,0.0163,38.1266,INJECTOR_DEGRADATION,1.27,0.12,1934.8,0.998,LOW_RUL,PHYSICAL_FAULT,
2026-01-01 00:02:13+00:00,ENG-DATASET-002,MSN-INJECTOR_DEGRADATION-002,98.5,0.0178,45.5467,INJECTOR_DEGRADATION,1.06,0.12,1928.8,0.997,LOW_RUL,PHYSICAL_FAULT,
2026-01-01 00:02:14+00:00,ENG-DATASET-002,MSN-INJECTOR_DEGRADATION-002,98.36,0.0195,53.4929,INJECTOR_DEGRADATION,0.9,0.11,1922.0,0.997,LOW_RUL,PHYSICAL_FAULT,
2026-01-01 00:02:15+00:00,ENG-DATASET-002,MSN-INJECTOR_DEGRADATION-002,98.2,0.0214,62.0552,INJECTOR_DEGRADATION,0.77,0.1,1914.4,0.997,LOW_RUL,PHYSICAL_FAULT,
2026-01-01 00:02:16+00:00,ENG-DATASET-002,MSN-INJECTOR_DEGRADATION-002,98.03,0.0235,71.2608,INJECTOR_DEGRADATION,0.67,0.1,1906.0,0.997,LOW_RUL,PHYSICAL_FAULT,
2026-01-01 00:02:17+00:00,ENG-DATASET-002,MSN-INJECTOR_DEGRADATION-002,97.85,0.0254,81.1345,INJECTOR_DEGRADATION,0.58,0.09,1898.4,0.996,LOW_RUL,PHYSICAL_FAULT,
2026-01-01 00:02:18+00:00,ENG-DATASET-002,MSN-INJECTOR_DEGRADATION-002,97.68,0.0271,91.5814,INJECTOR_DEGRADATION,0.52,0.09,1891.6,0.996,LOW_RUL,PHYSICAL_FAULT,
2026-01-01 00:02:19+00:00,ENG-DATASET-002,MSN-INJECTOR_DEGRADATION-002,97.54,0.0284,102.3904,INJECTOR_DEGRADATION,0.46,0.08,1886.4,0.996,LOW_RUL,PHYSICAL_FAULT,
2026-01-01 00:02:20+00:00,ENG-DATASET-002,MSN-INJECTOR_DEGRADATION-002,97.42,0.0297,113.4155,INJECTOR_DEGRADATION,0.41,0.08,1881.2,0.996,LOW_RUL,PHYSICAL_FAULT,
2026-01-01 00:02:21+00:00,ENG-DATASET-002,MSN-INJECTOR_DEGRADATION-002,97.31,0.0311,124.5736,INJECTOR_DEGRADATION,0.38,0.08,1875.6,0.995,LOW_RUL,PHYSICAL_FAULT,
2026-01-01 00:02:22+00:00,ENG-DATASET-002,MSN-INJECTOR_DEGRADATION-002,97.17,0.0328,136.0198,INJECTOR_DEGRADATION,0.34,0.08,1868.8,0.995,LOW_RUL,PHYSICAL_FAULT,
2026-01-01 00:02:23+00:00,ENG-DATASET-002,MSN-INJECTOR_DEGRADATION-002,97.01,0.0349,147.8441,INJECTOR_DEGRADATION,0.31,0.07,1860.4,0.995,LOW_RUL,PHYSICAL_FAULT,
2026-01-01 00:02:24+00:00,ENG-DATASET-002,MSN-INJECTOR_DEGRADATION-002,96.82,0.0371,160.1915,INJECTOR_DEGRADATION,0.29,0.07,1851.6,0.995,LOW_RUL,PHYSICAL_FAULT,
2026-01-01 00:02:25+00:00,ENG-DATASET-002,MSN-INJECTOR_DEGRADATION-002,96.63,0.039,173.0241,INJECTOR_DEGRADATION,0.27,0.07,1844.0,0.994,LOW_RUL,PHYSICAL_FAULT,
2026-01-01 00:02:26+00:00,ENG-DATASET-002,MSN-INJECTOR_DEGRADATION-002,96.47,0.0405,186.1267,INJECTOR_DEGRADATION,0.25,0.07,1838.0,0.994,LOW_RUL,PHYSICAL_FAULT,
2026-01-01 00:02:27+00:00,ENG-DATASET-002,MSN-INJECTOR_DEGRADATION-002,96.35,0.0416,199.2313,INJECTOR_DEGRADATION,0.23,0.06,1833.6,0.994,LOW_RUL,PHYSICAL_FAULT,
2026-01-01 00:02:28+00:00,ENG-DATASET-002,MSN-INJECTOR_DEGRADATION-002,96.25,0.0426,212.1959,INJECTOR_DEGRADATION,0.22,0.06,1829.6,0.994,LOW_RUL,PHYSICAL_FAULT,
2026-01-01 00:02:29+00:00,ENG-DATASET-002,MSN-INJECTOR_DEGRADATION-002,96.16,0.0437,224.9415,INJECTOR_DEGRADATION,0.2,0.06,1825.2,0.993,LOW_RUL,PHYSICAL_FAULT,
2026-01-01 00:02:30+00:00,ENG-DATASET-002,MSN-INJECTOR_DEGRADATION-002,96.04,0.0455,237.627,INJECTOR_DEGRADATION,0.19,0.06,1818.0,0.993,LOW_RUL,PHYSICAL_FAULT,
2026-01-01 00:02:31+00:00,ENG-DATASET-002,MSN-INJECTOR_DEGRADATION-002,95.87,0.0476,250.5236,INJECTOR_DEGRADATION,0.18,0.06,1809.6,0.993,LOW_RUL,PHYSICAL_FAULT,
2026-01-01 00:02:32+00:00,ENG-DATASET-002,MSN-INJECTOR_DEGRADATION-002,95.68,0.0498,263.7153,INJECTOR_DEGRADATION,0.17,0.06,1800.8,0.993,LOW_RUL,PHYSICAL_FAULT,
2026-01-01 00:02:33+00:00,ENG-DATASET-002,MSN-INJECTOR_DEGRADATION-002,95.49,0.0517,277.164,INJECTOR_DEGRADATION,0.16,0.06,1793.2,0.992,LOW_RUL,PHYSICAL_FAULT,
2026-01-01 00:02:34+00:00,ENG-DATASET-002,MSN-INJECTOR_DEGRADATION-002,95.34,0.053,290.5957,INJECTOR_DEGRADATION,0.15,0.05,1788.0,0.992,LOW_RUL,PHYSICAL_FAULT,
2026-01-01 00:02:35+00:00,ENG-DATASET-002,MSN-INJECTOR_DEGRADATION-002,95.24,0.0538,303.6854,INJECTOR_DEGRADATION,0.15,0.05,1784.8,0.992,LOW_RUL,PHYSICAL_FAULT,
2026-01-01 00:02:36+00:00,ENG-DATASET-002,MSN-INJECTOR_DEGRADATION-002,95.17,0.0545,316.2358,INJECTOR_DEGRADATION,0.14,0.05,1782.0,0.992,LOW_RUL,PHYSICAL_FAULT,
2026-01-01 00:02:37+00:00,ENG-DATASET-002,MSN-INJECTOR_DEGRADATION-002,95.09,0.0556,328.2922,INJECTOR_DEGRADATION,0.14,0.05,1777.6,0.992,LOW_RUL,PHYSICAL_FAULT,
2026-01-01 00:02:38+00:00,ENG-DATASET-002,MSN-INJECTOR_DEGRADATION-002,94.97,0.0574,340.0745,INJECTOR_DEGRADATION,0.13,0.05,1770.4,0.991,LOW_RUL,PHYSICAL_FAULT,
2026-01-01 00:02:39+00:00,ENG-DATASET-002,MSN-INJECTOR_DEGRADATION-002,94.67,0.0636,352.621,INJECTOR_DEGRADATION,0.12,0.05,1745.6,0.988,LOW_RUL,PHYSICAL_FAULT,
2026-01-01 00:02:40+00:00,ENG-DATASET-002,MSN-INJECTOR_DEGRADATION-002,94.03,0.0699,367.8782,INJECTOR_DEGRADATION,0.12,0.04,1720.4,0.984,LOW_RUL,PHYSICAL_FAULT,
2026-01-01 00:02:41+00:00,ENG-DATASET-002,MSN-INJECTOR_DEGRADATION-002,93.39,0.0757,385.7181,INJECTOR_DEGRADATION,0.11,0.03,1697.2,0.98,LOW_RUL,PHYSICAL_FAULT,
2026-01-01 00:02:42+00:00,ENG-DATASET-002,MSN-INJECTOR_DEGRADATION-002,92.8,0.0807,405.7177,INJECTOR_DEGRADATION,0.1,0.03,1677.2,0.976,LOW_RUL,PHYSICAL_FAULT,
2026-01-01 00:02:43+00:00,ENG-DATASET-002,MSN-INJECTOR_DEGRADATION-002,92.27,0.0853,427.4047,INJECTOR_DEGRADATION,0.1,0.03,1658.8,0.972,LOW_RUL,PHYSICAL_FAULT,
2026-01-01 00:02:44+00:00,ENG-DATASET-002,MSN-INJECTOR_DEGRADATION-002,91.91,0.0859,449.6699,INJECTOR_DEGRADATION,0.09,0.03,1656.4,0.972,LOW_RUL,PHYSICAL_FAULT,
2026-01-01 00:02:45+00:00,ENG-DATASET-002,MSN-INJECTOR_DEGRADATION-002,91.83,0.0871,470.7888,INJECTOR_DEGRADATION,0.09,0.03,1651.6,0.972,LOW_RUL,PHYSICAL_FAULT,
2026-01-01 00:02:46+00:00,ENG-DATASET-002,MSN-INJECTOR_DEGRADATION-002,91.7,0.0892,491.0404,INJECTOR_DEGRADATION,0.08,0.03,1643.2,0.972,LOW_RUL,PHYSICAL_FAULT,
2026-01-01 00:02:47+00:00,ENG-DATASET-002,MSN-INJECTOR_DEGRADATION-002,91.5,0.0918,510.8119,INJECTOR_DEGRADATION,0.08,0.03,1632.8,0.971,LOW_RUL,PHYSICAL_FAULT,
2026-01-01 00:02:48+00:00,ENG-DATASET-002,MSN-INJECTOR_DEGRADATION-002,91.27,0.0944,530.2403,INJECTOR_DEGRADATION,0.08,0.03,1622.4,0.971,LOW_RUL,PHYSICAL_FAULT,
2026-01-01 00:02:49+00:00,ENG-DATASET-002,MSN-INJECTOR_DEGRADATION-002,91.06,0.0963,549.1615,INJECTOR_DEGRADATION,0.07,0.03,1614.8,0.971,LOW_RUL,PHYSICAL_FAULT,
2026-01-01 00:02:50+00:00,ENG-DATASET-002,MSN-INJECTOR_DEGRADATION-002,90.91,0.0974,567.1795,INJECTOR_DEGRADATION,0.07,0.03,1610.4,0.971,LOW_RUL,PHYSICAL_FAULT,
2026-01-01 00:02:51+00:00,ENG-DATASET-002,MSN-INJECTOR_DEGRADATION-002,90.82,0.098,583.9102,INJECTOR_DEGRADATION,0.07,0.03,1608.0,0.97,LOW_RUL,PHYSICAL_FAULT,
2026-01-01 00:02:52+00:00,ENG-DATASET-002,MSN-INJECTOR_DEGRADATION-002,90.76,0.0987,599.1584,INJECTOR_DEGRADATION,0.07,0.03,1605.2,0.97,LOW_RUL,PHYSICAL_FAULT,
2026-01-01 00:02:53+00:00,ENG-DATASET-002,MSN-INJECTOR_DEGRADATION-002,90.45,0.108,614.3877,INJECTOR_DEGRADATION,0.06,0.02,1568.0,0.966,LOW_RUL,PHYSICAL_FAULT,
2026-01-01 00:02:54+00:00,ENG-DATASET-002,MSN-INJECTOR_DEGRADATION-002,89.52,0.1183,633.1949,INJECTOR_DEGRADATION,0.06,0.02,1526.8,0.963,LOW_RUL,PHYSICAL_FAULT,
2026-01-01 00:02:55+00:00,ENG-DATASET-002,MSN-INJECTOR_DEGRADATION-002,88.51,0.1292,655.8662,INJECTOR_DEGRADATION,0.06,0.02,1483.2,0.959,LOW_RUL,PHYSICAL_FAULT,
2026-01-01 00:02:56+00:00,ENG-DATASET-002,MSN-INJECTOR_DEGRADATION-002,87.47,0.14,682.3765,INJECTOR_DEGRADATION,0.05,0.02,1440.0,0.955,LOW_RUL,PHYSICAL_FAULT,
2026-01-01 00:02:57+00:00,ENG-DATASET-002,MSN-INJECTOR_DEGRADATION-002,86.32,0.1538,713.1671,INJECTOR_DEGRADATION,0.05,0.01,1384.8,0.947,LOW_RUL,PHYSICAL_FAULT,
2026-01-01 00:02:58+00:00,ENG-DATASET-002,MSN-INJECTOR_DEGRADATION-002,85.19,0.1588,747.8897,INJECTOR_DEGRADATION,0.05,0.01,1364.8,0.944,LOW_RUL,PHYSICAL_FAULT,
2026-01-01 00:02:59+00:00,ENG-DATASET-002,MSN-INJECTOR_DEGRADATION-002,84.66,0.1632,782.7774,INJECTOR_DEGRADATION,0.04,0.01,1347.2,0.94,LOW_RUL,PHYSICAL_FAULT,
2026-01-01 00:03:00+00:00,ENG-DATASET-002,MSN-INJECTOR_DEGRADATION-002,84.17,0.1678,817.4881,INJECTOR_DEGRADATION,0.04,0.01,1328.8,0.936,LOW_RUL,PHYSICAL_FAULT,
2026-01-01 00:03:01+00:00,ENG-DATASET-002,MSN-INJECTOR_DEGRADATION-002,83.64,0.1735,852.2207,INJECTOR_DEGRADATION,0.04,0.01,1306.0,0.932,LOW_RUL,PHYSICAL_FAULT,
2026-01-01 00:03:02+00:00,ENG-DATASET-002,MSN-INJECTOR_DEGRADATION-002,83.15,0.1763,886.8183,INJECTOR_DEGRADATION,0.04,0.01,1294.8,0.932,LOW_RUL,PHYSICAL_FAULT,
2026-01-01 00:03:03+00:00,ENG-DATASET-002,MSN-INJECTOR_DEGRADATION-002,82.88,0.1797,920.0146,INJECTOR_DEGRADATION,0.03,0.01,1281.2,0.931,LOW_RUL,PHYSICAL_FAULT,
2026-01-01 00:03:04+00:00,ENG-DATASET-002,MSN-INJECTOR_DEGRADATION-002,82.59,0.1828,952.0685,INJECTOR_DEGRADATION,0.03,0.01,1268.8,0.931,LOW_RUL,PHYSICAL_FAULT,
2026-01-01 00:03:05+00:00,ENG-DATASET-002,MSN-INJECTOR_DEGRADATION-002,82.35,0.1847,982.828,INJECTOR_DEGRADATION,0.03,0.01,1261.2,0.931,LOW_RUL,PHYSICAL_FAULT,
2026-01-01 00:03:06+00:00,ENG-DATASET-002,MSN-INJECTOR_DEGRADATION-002,82.2,0.1855,1011.9211,INJECTOR_DEGRADATION,0.03,0.01,1258.0,0.931,LOW_RUL,PHYSICAL_FAULT,
2026-01-01 00:03:07+00:00,ENG-DATASET-002,MSN-INJECTOR_DEGRADATION-002,82.15,0.1857,1038.7575,INJECTOR_DEGRADATION,0.03,0.01,1257.2,0.931,LOW_RUL,PHYSICAL_FAULT,
2026-01-01 00:03:08+00:00,ENG-DATASET-002,MSN-INJECTOR_DEGRADATION-002,82.12,0.1863,1063.2393,INJECTOR_DEGRADATION,0.03,0.01,1254.8,0.93,LOW_RUL,PHYSICAL_FAULT,
2026-01-01 00:03:09+00:00,ENG-DATASET-002,MSN-INJECTOR_DEGRADATION-002,82.03,0.1881,1085.8056,INJECTOR_DEGRADATION,0.03,0.01,1247.6,0.93,LOW_RUL,PHYSICAL_FAULT,
2026-01-01 00:03:10+00:00,ENG-DATASET-002,MSN-INJECTOR_DEGRADATION-002,81.84,0.191,1107.0605,INJECTOR_DEGRADATION,0.03,0.01,1236.0,0.93,LOW_RUL,PHYSICAL_FAULT,
2026-01-01 00:03:11+00:00,ENG-DATASET-002,MSN-INJECTOR_DEGRADATION-002,81.56,0.1945,1127.4072,INJECTOR_DEGRADATION,0.03,0.01,1222.0,0.929,LOW_RUL,PHYSICAL_FAULT,
2026-01-01 00:03:12+00:00,ENG-DATASET-002,MSN-INJECTOR_DEGRADATION-002,81.27,0.1974,1146.8156,INJECTOR_DEGRADATION,0.03,0.01,1210.4,0.929,LOW_RUL,PHYSICAL_FAULT,
2026-01-01 00:03:13+00:00,ENG-DATASET-002,MSN-INJECTOR_DEGRADATION-002,81.05,0.1989,1164.9016,INJECTOR_DEGRADATION,0.03,0.01,1204.4,0.929,LOW_RUL,PHYSICAL_FAULT,
2026-01-01 00:03:14+00:00,ENG-DATASET-002,MSN-INJECTOR_DEGRADATION-002,80.95,0.1991,1180.941,INJECTOR_DEGRADATION,0.03,0.01,1203.6,0.929,LOW_RUL,PHYSICAL_FAULT,
2026-01-01 00:03:15+00:00,ENG-DATASET-002,MSN-INJECTOR_DEGRADATION-002,80.83,0.2028,1195.182,INJECTOR_DEGRADATION,0.02,0.01,1188.8,0.928,LOW_RUL,PHYSICAL_FAULT,
2026-01-01 00:03:16+00:00,ENG-DATASET-002,MSN-INJECTOR_DEGRADATION-002,80.49,0.2073,1208.9918,INJECTOR_DEGRADATION,0.02,0.01,1170.8,0.928,LOW_RUL,PHYSICAL_FAULT,
2026-01-01 00:03:17+00:00,ENG-DATASET-002,MSN-INJECTOR_DEGRADATION-002,80.04,0.2135,1223.0467,INJECTOR_DEGRADATION,0.02,0.01,1146.0,0.927,LOW_RUL,PHYSICAL_FAULT,
2026-01-01 00:03:18+00:00,ENG-DATASET-002,MSN-INJECTOR_DEGRADATION-002,79.45,0.2213,1238.0579,INJECTOR_DEGRADATION,0.02,0.01,1114.8,0.926,LOW_RUL,PHYSICAL_FAULT,
2026-01-01 00:03:19+00:00,ENG-DATASET-002,MSN-INJECTOR_DEGRADATION-002,79.24,0.2104,1251.5156,INJECTOR_DEGRADATION,0.02,0.01,1158.4,0.925,LOW_RUL,PHYSICAL_FAULT,
2026-01-01 00:03:20+00:00,ENG-DATASET-002,MSN-INJECTOR_DEGRADATION-002,78.64,0.2136,1265.5856,INJECTOR_DEGRADATION,0.02,0.01,1145.6,0.925,LOW_RUL,PHYSICAL_FAULT,
2026-01-01 00:03:21+00:00,ENG-DATASET-002,MSN-INJECTOR_DEGRADATION-002,78.41,0.2143,1277.927,INJECTOR_DEGRADATION,0.02,0.01,1142.8,0.924,LOW_RUL,PHYSICAL_FAULT,
2026-01-01 00:03:22+00:00,ENG-DATASET-002,MSN-INJECTOR_DEGRADATION-002,78.35,0.2127,1287.6957,INJECTOR_DEGRADATION,0.02,0.01,1149.2,0.924,LOW_RUL,PHYSICAL_FAULT,
2026-01-01 00:03:23+00:00,ENG-DATASET-002,MSN-INJECTOR_DEGRADATION-002,78.42,0.2106,1294.2625,INJECTOR_DEGRADATION,0.02,0.01,1157.6,0.924,LOW_RUL,PHYSICAL_FAULT,
2026-01-01 00:03:24+00:00,ENG-DATASET-002,MSN-INJECTOR_DEGRADATION-002,78.49,0.2099,1297.8565,INJECTOR_DEGRADATION,0.02,0.01,1160.4,0.924,LOW_RUL,PHYSICAL_FAULT,
2026-01-01 00:03:25+00:00,ENG-DATASET-002,MSN-INJECTOR_DEGRADATION-002,78.42,0.2118,1299.3559,INJECTOR_DEGRADATION,0.02,0.01,1152.8,0.924,LOW_RUL,PHYSICAL_FAULT,
2026-01-01 00:03:26+00:00,ENG-DATASET-002,MSN-INJECTOR_DEGRADATION-002,78.16,0.2159,1299.723,INJECTOR_DEGRADATION,0.02,0.01,1136.4,0.923,LOW_RUL,PHYSICAL_FAULT,
2026-01-01 00:03:27+00:00,ENG-DATASET-002,MSN-INJECTOR_DEGRADATION-002,77.8,0.2204,1299.2839,INJECTOR_DEGRADATION,0.02,0.01,1118.4,0.923,LOW_RUL,PHYSICAL_FAULT,
2026-01-01 00:03:28+00:00,ENG-DATASET-002,MSN-INJECTOR_DEGRADATION-002,77.45,0.2234,1297.8095,INJECTOR_DEGRADATION,0.02,0.01,1106.4,0.922,LOW_RUL,PHYSICAL_FAULT,
2026-01-01 00:03:29+00:00,ENG-DATASET-002,MSN-INJECTOR_DEGRADATION-002,77.26,0.2237,1294.2445,INJECTOR_DEGRADATION,0.02,0.01,1105.2,0.922,LOW_RUL,PHYSICAL_FAULT,
2026-01-01 00:03:30+00:00,ENG-DATASET-002,MSN-INJECTOR_DEGRADATION-002,77.25,0.2219,1287.6897,INJECTOR_DEGRADATION,0.02,0.01,1112.4,0.922,LOW_RUL,PHYSICAL_FAULT,
2026-01-01 00:03:31+00:00,ENG-DATASET-002,MSN-INJECTOR_DEGRADATION-002,77.34,0.2198,1277.882,INJECTOR_DEGRADATION,0.02,0.01,1120.8,0.922,LOW_RUL,PHYSICAL_FAULT,
2026-01-01 00:03:32+00:00,ENG-DATASET-002,MSN-INJECTOR_DEGRADATION-002,77.4,0.2196,1265.1724,INJECTOR_DEGRADATION,0.02,0.01,1121.6,0.922,LOW_RUL,PHYSICAL_FAULT,
2026-01-01 00:03:33+00:00,ENG-DATASET-002,MSN-INJECTOR_DEGRADATION-002,77.3,0.2223,1250.5554,INJECTOR_DEGRADATION,0.02,0.01,1110.8,0.922,LOW_RUL,PHYSICAL_FAULT,
2026-01-01 00:03:34+00:00,ENG-DATASET-002,MSN-INJECTOR_DEGRADATION-002,77.0,0.2272,1234.9851,INJECTOR_DEGRADATION,0.02,0.01,1091.2,0.921,LOW_RUL,PHYSICAL_FAULT,
2026-01-01 00:03:35+00:00,ENG-DATASET-002,MSN-INJECTOR_DEGRADATION-002,76.59,0.2323,1218.7755,INJECTOR_DEGRADATION,0.02,0.01,1070.8,0.92,LOW_RUL,PHYSICAL_FAULT,
2026-01-01 00:03:36+00:00,ENG-DATASET-002,MSN-INJECTOR_DEGRADATION-002,76.22,0.2354,1201.4457,INJECTOR_DEGRADATION,0.02,0.01,1058.4,0.92,LOW_RUL,PHYSICAL_FAULT,
2026-01-01 00:03:37+00:00,ENG-DATASET-002,MSN-INJECTOR_DEGRADATION-002,76.02,0.2358,1181.9933,INJECTOR_DEGRADATION,0.02,0.01,1056.8,0.92,LOW_RUL,PHYSICAL_FAULT,
2026-01-01 00:03:38+00:00,ENG-DATASET-002,MSN-INJECTOR_DEGRADATION-002,76.01,0.2341,1159.5171,INJECTOR_DEGRADATION,0.02,0.01,1063.6,0.92,LOW_RUL,PHYSICAL_FAULT,
2026-01-01 00:03:39+00:00,ENG-DATASET-002,MSN-INJECTOR_DEGRADATION-002,76.08,0.2326,1134.6652,INJECTOR_DEGRADATION,0.02,0.01,1069.6,0.92,LOW_RUL,PHYSICAL_FAULT,
2026-01-01 00:03:40+00:00,ENG-DATASET-002,MSN-INJECTOR_DEGRADATION-002,76.1,0.2333,1109.8813,INJECTOR_DEGRADATION,0.02,0.01,1066.8,0.92,LOW_RUL,PHYSICAL_FAULT,
2026-01-01 00:03:41+00:00,ENG-DATASET-002,MSN-INJECTOR_DEGRADATION-002,75.92,0.2372,1086.4778,INJECTOR_DEGRADATION,0.02,0.01,1051.2,0.919,LOW_RUL,PHYSICAL_FAULT,
2026-01-01 00:03:42+00:00,ENG-DATASET-002,MSN-INJECTOR_DEGRADATION-002,74.81,0.2716,1069.7301,INJECTOR_DEGRADATION,0.02,0.01,913.6,0.919,LOW_RUL,PHYSICAL_FAULT,
2026-01-01 00:03:43+00:00,ENG-DATASET-002,MSN-INJECTOR_DEGRADATION-002,75.04,0.2492,1051.26,INJECTOR_DEGRADATION,0.02,0.01,1003.2,0.918,LOW_RUL,PHYSICAL_FAULT,
2026-01-01 00:03:44+00:00,ENG-DATASET-002,MSN-INJECTOR_DEGRADATION-002,74.62,0.2527,1034.0182,INJECTOR_DEGRADATION,0.02,0.01,989.2,0.917,LOW_RUL,PHYSICAL_FAULT,
2026-01-01 00:03:45+00:00,ENG-DATASET-002,MSN-INJECTOR_DEGRADATION-002,74.4,0.253,1015.104,INJECTOR_DEGRADATION,0.02,0.01,988.0,0.917,LOW_RUL,PHYSICAL_FAULT,
2026-01-01 00:03:46+00:00,ENG-DATASET-002,MSN-INJECTOR_DEGRADATION-002,74.37,0.2514,993.673,INJECTOR_DEGRADATION,0.03,0.01,994.4,0.917,LOW_RUL,PHYSICAL_FAULT,
2026-01-01 00:03:47+00:00,ENG-DATASET-002,MSN-INJECTOR_DEGRADATION-002,74.44,0.2502,969.5823,INJECTOR_DEGRADATION,0.03,0.01,999.2,0.917,LOW_RUL,PHYSICAL_FAULT,
2026-01-01 00:03:48+00:00,ENG-DATASET-002,MSN-INJECTOR_DEGRADATION-002,73.62,0.2825,948.3214,INJECTOR_DEGRADATION,0.02,0.01,870.0,0.917,LOW_RUL,PHYSICAL_FAULT,
2026-01-01 00:03:49+00:00,ENG-DATASET-002,MSN-INJECTOR_DEGRADATION-002,73.37,0.2872,926.2863,INJECTOR_DEGRADATION,0.02,0.01,851.2,0.916,LOW_RUL,PHYSICAL_FAULT,
2026-01-01 00:03:50+00:00,ENG-DATASET-002,MSN-INJECTOR_DEGRADATION-002,72.91,0.2934,904.3422,INJECTOR_DEGRADATION,0.02,0.01,826.4,0.916,LOW_RUL,PHYSICAL_FAULT,
2026-01-01 00:03:51+00:00,ENG-DATASET-002,MSN-INJECTOR_DEGRADATION-002,72.37,0.2992,882.5331,INJECTOR_DEGRADATION,0.02,0.01,803.2,0.915,LOW_RUL,PHYSICAL_FAULT,
2026-01-01 00:03:52+00:00,ENG-DATASET-002,MSN-INJECTOR_DEGRADATION-002,71.92,0.3026,860.0549,INJECTOR_DEGRADATION,0.02,0.01,789.6,0.914,LOW_RUL,PHYSICAL_FAULT,
2026-01-01 00:03:53+00:00,ENG-DATASET-002,MSN-INJECTOR_DEGRADATION-002,71.7,0.3032,836.9975,INJECTOR_DEGRADATION,0.02,0.01,787.2,0.914,LOW_RUL,PHYSICAL_FAULT,
2026-01-01 00:03:54+00:00,ENG-DATASET-002,MSN-INJECTOR_DEGRADATION-002,71.68,0.3023,815.9817,INJECTOR_DEGRADATION,0.02,0.01,790.8,0.914,LOW_RUL,PHYSICAL_FAULT,
2026-01-01 00:03:55+00:00,ENG-DATASET-002,MSN-INJECTOR_DEGRADATION-002,71.74,0.3021,797.2054,INJECTOR_DEGRADATION,0.02,0.01,791.6,0.914,LOW_RUL,PHYSICAL_FAULT,
2026-01-01 00:03:56+00:00,ENG-DATASET-002,MSN-INJECTOR_DEGRADATION-002,71.69,0.3043,781.7151,INJECTOR_DEGRADATION,0.03,0.01,782.8,0.914,LOW_RUL,PHYSICAL_FAULT,
2026-01-01 00:03:57+00:00,ENG-DATASET-002,MSN-INJECTOR_DEGRADATION-002,71.41,0.3094,771.7374,INJECTOR_DEGRADATION,0.02,0.01,762.4,0.913,LOW_RUL,PHYSICAL_FAULT,
2026-01-01 00:03:58+00:00,ENG-DATASET-002,MSN-INJECTOR_DEGRADATION-002,70.93,0.3157,768.5045,INJECTOR_DEGRADATION,0.02,0.01,737.2,0.912,LOW_RUL,PHYSICAL_FAULT,
2026-01-01 00:03:59+00:00,ENG-DATASET-002,MSN-INJECTOR_DEGRADATION-002,70.46,0.3187,768.4265,INJECTOR_DEGRADATION,0.02,0.01,725.2,0.912,LOW_RUL,PHYSICAL_FAULT,
2026-01-01 00:04:00+00:00,ENG-DATASET-002,MSN-INJECTOR_DEGRADATION-002,70.23,0.3203,769.8548,INJECTOR_DEGRADATION,0.02,0.01,718.8,0.912,LOW_RUL,PHYSICAL_FAULT,
2026-01-01 00:04:01+00:00,ENG-DATASET-002,MSN-INJECTOR_DEGRADATION-002,70.15,0.3193,772.2005,INJECTOR_DEGRADATION,0.02,0.01,722.8,0.912,LOW_RUL,PHYSICAL_FAULT,
2026-01-01 00:04:02+00:00,ENG-DATASET-002,MSN-INJECTOR_DEGRADATION-002,70.34,0.3148,773.7159,INJECTOR_DEGRADATION,0.02,0.01,740.8,0.912,LOW_RUL,PHYSICAL_FAULT,
2026-01-01 00:04:03+00:00,ENG-DATASET-002,MSN-INJECTOR_DEGRADATION-002,70.72,0.3106,772.0735,INJECTOR_DEGRADATION,0.02,0.01,757.6,0.913,LOW_RUL,PHYSICAL_FAULT,
2026-01-01 00:04:04+00:00,ENG-DATASET-002,MSN-INJECTOR_DEGRADATION-002,71.04,0.3084,767.8793,INJECTOR_DEGRADATION,0.02,0.01,766.4,0.913,LOW_RUL,PHYSICAL_FAULT,
2026-01-01 00:04:05+00:00,ENG-DATASET-002,MSN-INJECTOR_DEGRADATION-002,71.13,0.3101,762.3078,INJECTOR_DEGRADATION,0.02,0.01,759.6,0.913,LOW_RUL,PHYSICAL_FAULT,
2026-01-01 00:04:06+00:00,ENG-DATASET-002,MSN-INJECTOR_DEGRADATION-002,70.96,0.3127,756.4101,INJECTOR_DEGRADATION,0.02,0.01,749.2,0.913,LOW_RUL,PHYSICAL_FAULT,
2026-01-01 00:04:07+00:00,ENG-DATASET-002,MSN-INJECTOR_DEGRADATION-002,70.76,0.3142,749.7493,INJECTOR_DEGRADATION,0.02,0.01,743.2,0.912,LOW_RUL,PHYSICAL_FAULT,
2026-01-01 00:04:08+00:00,ENG-DATASET-002,MSN-INJECTOR_DEGRADATION-002,70.7,0.3131,741.3469,INJECTOR_DEGRADATION,0.03,0.01,747.6,0.913,LOW_RUL,PHYSICAL_FAULT,
2026-01-01 00:04:09+00:00,ENG-DATASET-002,MSN-INJECTOR_DEGRADATION-002,71.72,0.2758,725.1894,INJECTOR_DEGRADATION,0.03,0.01,896.8,0.913,LOW_RUL,PHYSICAL_FAULT,
2026-01-01 00:04:10+00:00,ENG-DATASET-002,MSN-INJECTOR_DEGRADATION-002,72.08,0.2705,706.0041,INJECTOR_DEGRADATION,0.03,0.01,918.0,0.913,LOW_RUL,PHYSICAL_FAULT,
2026-01-01 00:04:11+00:00,ENG-DATASET-002,MSN-INJECTOR_DEGRADATION-002,71.55,0.302,689.7026,INJECTOR_DEGRADATION,0.03,0.01,792.0,0.914,LOW_RUL,PHYSICAL_FAULT,
2026-01-01 00:04:12+00:00,ENG-DATASET-002,MSN-INJECTOR_DEGRADATION-002,71.77,0.3012,671.8696,INJECTOR_DEGRADATION,0.03,0.01,795.2,0.914,LOW_RUL,PHYSICAL_FAULT,
2026-01-01 00:04:13+00:00,ENG-DATASET-002,MSN-INJECTOR_DEGRADATION-002,71.78,0.3027,653.4195,INJECTOR_DEGRADATION,0.03,0.01,789.2,0.914,LOW_RUL,PHYSICAL_FAULT,
2026-01-01 00:04:14+00:00,ENG-DATASET-002,MSN-INJECTOR_DEGRADATION-002,71.63,0.3048,634.6103,INJECTOR_DEGRADATION,0.03,0.01,780.8,0.914,LOW_RUL,PHYSICAL_FAULT,
2026-01-01 00:04:15+00:00,ENG-DATASET-002,MSN-INJECTOR_DEGRADATION-002,71.48,0.3057,615.554,INJECTOR_DEGRADATION,0.03,0.01,777.2,0.913,LOW_RUL,PHYSICAL_FAULT,
2026-01-01 00:04:16+00:00,ENG-DATASET-002,MSN-INJECTOR_DEGRADATION-002,72.29,0.2716,591.9214,INJECTOR_DEGRADATION,0.04,0.01,913.6,0.914,LOW_RUL,PHYSICAL_FAULT,
2026-01-01 00:04:17+00:00,ENG-DATASET-002,MSN-INJECTOR_DEGRADATION-002,72.51,0.2673,568.0958,INJECTOR_DEGRADATION,0.04,0.01,930.8,0.914,LOW_RUL,PHYSICAL_FAULT,
2026-01-01 00:04:18+00:00,ENG-DATASET-002,MSN-INJECTOR_DEGRADATION-002,72.86,0.2623,544.2982,INJECTOR_DEGRADATION,0.04,0.01,950.8,0.915,LOW_RUL,PHYSICAL_FAULT,
2026-01-01 00:04:19+00:00,ENG-DATASET-002,MSN-INJECTOR_DEGRADATION-002,73.19,0.2593,518.516,INJECTOR_DEGRADATION,0.05,0.01,962.8,0.915,LOW_RUL,PHYSICAL_FAULT,
2026-01-01 00:04:20+00:00,ENG-DATASET-002,MSN-INJECTOR_DEGRADATION-002,72.48,0.2936,499.3747,INJECTOR_DEGRADATION,0.04,0.01,825.6,0.915,LOW_RUL,PHYSICAL_FAULT,
2026-01-01 00:04:21+00:00,ENG-DATASET-002,MSN-INJECTOR_DEGRADATION-002,72.44,0.2956,480.6405,INJECTOR_DEGRADATION,0.04,0.01,817.6,0.915,LOW_RUL,PHYSICAL_FAULT,
2026-01-01 00:04:22+00:00,ENG-DATASET-002,MSN-INJECTOR_DEGRADATION-002,72.25,0.298,462.1994,INJECTOR_DEGRADATION,0.04,0.01,808.0,0.914,LOW_RUL,PHYSICAL_FAULT,
2026-01-01 00:04:23+00:00,ENG-DATASET-002,MSN-INJECTOR_DEGRADATION-002,72.88,0.2676,438.3928,INJECTOR_DEGRADATION,0.05,0.01,929.6,0.914,LOW_RUL,PHYSICAL_FAULT,
2026-01-01 00:04:24+00:00,ENG-DATASET-002,MSN-INJECTOR_DEGRADATION-002,72.85,0.2662,413.2278,INJECTOR_DEGRADATION,0.06,0.01,935.2,0.915,LOW_RUL,PHYSICAL_FAULT,
2026-01-01 00:04:25+00:00,ENG-DATASET-002,MSN-INJECTOR_DEGRADATION-002,73.03,0.2624,386.2993,INJECTOR_DEGRADATION,0.06,0.01,950.4,0.915,LOW_RUL,PHYSICAL_FAULT,
2026-01-01 00:04:26+00:00,ENG-DATASET-002,MSN-INJECTOR_DEGRADATION-002,73.33,0.2585,358.1085,INJECTOR_DEGRADATION,0.07,0.01,966.0,0.915,LOW_RUL,PHYSICAL_FAULT,
2026-01-01 00:04:27+00:00,ENG-DATASET-002,MSN-INJECTOR_DEGRADATION-002,73.57,0.2568,329.7316,INJECTOR_DEGRADATION,0.07,0.01,972.8,0.915,LOW_RUL,PHYSICAL_FAULT,
2026-01-01 00:04:28+00:00,ENG-DATASET-002,MSN-INJECTOR_DEGRADATION-002,72.78,0.2911,307.3064,INJECTOR_DEGRADATION,0.07,0.01,835.6,0.915,LOW_RUL,PHYSICAL_FAULT,
2026-01-01 00:04:29+00:00,ENG-DATASET-002,MSN-INJECTOR_DEGRADATION-002,72.64,0.294,285.9324,INJECTOR_DEGRADATION,0.07,0.01,824.0,0.915,LOW_RUL,PHYSICAL_FAULT,
2026-01-01 00:04:30+00:00,ENG-DATASET-002,MSN-INJECTOR_DEGRADATION-002,72.37,0.2972,265.2887,INJECTOR_DEGRADATION,0.08,0.01,811.2,0.915,LOW_RUL,PHYSICAL_FAULT,
2026-01-01 00:04:31+00:00,ENG-DATASET-002,MSN-INJECTOR_DEGRADATION-002,72.9,0.2687,239.9917,INJECTOR_DEGRADATION,0.1,0.01,925.2,0.915,LOW_RUL,PHYSICAL_FAULT,
2026-01-01 00:04:32+00:00,ENG-DATASET-002,MSN-INJECTOR_DEGRADATION-002,72.83,0.2676,213.8534,INJECTOR_DEGRADATION,0.11,0.01,929.6,0.915,LOW_RUL,PHYSICAL_FAULT,
2026-01-01 00:04:33+00:00,ENG-DATASET-002,MSN-INJECTOR_DEGRADATION-002,72.96,0.2644,186.6438,INJECTOR_DEGRADATION,0.13,0.01,942.4,0.915,LOW_RUL,PHYSICAL_FAULT,
2026-01-01 00:04:34+00:00,ENG-DATASET-002,MSN-INJECTOR_DEGRADATION-002,73.19,0.2615,159.0392,INJECTOR_DEGRADATION,0.15,0.01,954.0,0.915,LOW_RUL,PHYSICAL_FAULT,
2026-01-01 00:04:35+00:00,ENG-DATASET-002,MSN-INJECTOR_DEGRADATION-002,72.52,0.2931,137.1281,INJECTOR_DEGRADATION,0.15,0.01,827.6,0.915,LOW_RUL,PHYSICAL_FAULT,
2026-01-01 00:04:36+00:00,ENG-DATASET-002,MSN-INJECTOR_DEGRADATION-002,72.48,0.2953,116.8965,INJECTOR_DEGRADATION,0.18,0.01,818.8,0.915,LOW_RUL,PHYSICAL_FAULT,
2026-01-01 00:04:37+00:00,ENG-DATASET-002,MSN-INJECTOR_DEGRADATION-002,72.24,0.2993,98.5534,INJECTOR_DEGRADATION,0.2,0.01,802.8,0.914,LOW_RUL,PHYSICAL_FAULT,
2026-01-01 00:04:38+00:00,ENG-DATASET-002,MSN-INJECTOR_DEGRADATION-002,71.89,0.3031,81.5807,INJECTOR_DEGRADATION,0.24,0.01,787.6,0.914,LOW_RUL,PHYSICAL_FAULT,
2026-01-01 00:04:39+00:00,ENG-DATASET-002,MSN-INJECTOR_DEGRADATION-002,71.53,0.3079,65.4812,INJECTOR_DEGRADATION,0.29,0.01,768.4,0.914,LOW_RUL,PHYSICAL_FAULT,
2026-01-01 00:04:40+00:00,ENG-DATASET-002,MSN-INJECTOR_DEGRADATION-002,71.17,0.3103,50.474,INJECTOR_DEGRADATION,0.38,0.01,758.8,0.913,LOW_RUL,PHYSICAL_FAULT,
2026-01-01 00:04:41+00:00,ENG-DATASET-002,MSN-INJECTOR_DEGRADATION-002,71.0,0.3113,36.5822,INJECTOR_DEGRADATION,0.52,0.01,754.8,0.913,LOW_RUL,PHYSICAL_FAULT,
2026-01-01 00:04:42+00:00,ENG-DATASET-002,MSN-INJECTOR_DEGRADATION-002,70.89,0.3128,29.1281,INJECTOR_DEGRADATION,0.64,0.01,748.8,0.913,LOW_RUL,PHYSICAL_FAULT,
2026-01-01 00:04:43+00:00,ENG-DATASET-002,MSN-INJECTOR_DEGRADATION-002,70.7,0.3165,20.6077,INJECTOR_DEGRADATION,0.89,0.01,734.0,0.913,LOW_RUL,PHYSICAL_FAULT,
2026-01-01 00:04:44+00:00,ENG-DATASET-002,MSN-INJECTOR_DEGRADATION-002,70.38,0.3199,15.6704,INJECTOR_DEGRADATION,1.15,0.01,720.4,0.912,LOW_RUL,PHYSICAL_FAULT,
2026-01-01 00:04:45+00:00,ENG-DATASET-002,MSN-INJECTOR_DEGRADATION-002,70.05,0.3247,13.1747,INJECTOR_DEGRADATION,1.33,0.01,701.2,0.912,LOW_RUL,PHYSICAL_FAULT,
2026-01-01 00:04:46+00:00,ENG-DATASET-002,MSN-INJECTOR_DEGRADATION-002,69.69,0.3268,12.1164,INJECTOR_DEGRADATION,1.43,0.01,692.8,0.911,LOW_RUL,PHYSICAL_FAULT,
2026-01-01 00:04:47+00:00,ENG-DATASET-002,MSN-INJECTOR_DEGRADATION-002,69.55,0.3272,10.5209,INJECTOR_DEGRADATION,1.64,0.01,691.2,0.911,LOW_RUL,PHYSICAL_FAULT,
2026-01-01 00:04:48+00:00,ENG-DATASET-002,MSN-INJECTOR_DEGRADATION-002,69.49,0.3284,13.3047,INJECTOR_DEGRADATION,1.29,0.01,686.4,0.911,LOW_RUL,PHYSICAL_FAULT,
2026-01-01 00:04:49+00:00,ENG-DATASET-002,MSN-INJECTOR_DEGRADATION-002,69.47,0.3266,16.9057,INJECTOR_DEGRADATION,1.03,0.01,693.6,0.911,LOW_RUL,PHYSICAL_FAULT,
2026-01-01 00:04:50+00:00,ENG-DATASET-002,MSN-INJECTOR_DEGRADATION-002,69.64,0.3244,21.53,INJECTOR_DEGRADATION,0.82,0.01,702.4,0.912,LOW_RUL,PHYSICAL_FAULT,
2026-01-01 00:04:51+00:00,ENG-DATASET-002,MSN-INJECTOR_DEGRADATION-002,69.77,0.3244,28.0278,INJECTOR_DEGRADATION,0.63,0.01,702.4,0.912,LOW_RUL,PHYSICAL_FAULT,
2026-01-01 00:04:52+00:00,ENG-DATASET-002,MSN-INJECTOR_DEGRADATION-002,69.71,0.3268,37.1053,INJECTOR_DEGRADATION,0.47,0.01,692.8,0.911,LOW_RUL,PHYSICAL_FAULT,
2026-01-01 00:04:53+00:00,ENG-DATASET-002,MSN-INJECTOR_DEGRADATION-002,69.47,0.3302,48.4995,INJECTOR_DEGRADATION,0.35,0.01,679.2,0.911,LOW_RUL,PHYSICAL_FAULT,
2026-01-01 00:04:54+00:00,ENG-DATASET-002,MSN-INJECTOR_DEGRADATION-002,69.27,0.3295,60.7499,INJECTOR_DEGRADATION,0.28,0.01,682.0,0.911,LOW_RUL,PHYSICAL_FAULT,
2026-01-01 00:04:55+00:00,ENG-DATASET-002,MSN-INJECTOR_DEGRADATION-002,69.31,0.3295,71.916,INJECTOR_DEGRADATION,0.24,0.01,682.0,0.911,LOW_RUL,PHYSICAL_FAULT,
2026-01-01 00:04:56+00:00,ENG-DATASET-002,MSN-INJECTOR_DEGRADATION-002,69.31,0.3297,82.901,INJECTOR_DEGRADATION,0.21,0.01,681.2,0.911,LOW_RUL,PHYSICAL_FAULT,
2026-01-01 00:04:57+00:00,ENG-DATASET-002,MSN-INJECTOR_DEGRADATION-002,69.42,0.3254,94.4692,INJECTOR_DEGRADATION,0.18,0.01,698.4,0.911,LOW_RUL,PHYSICAL_FAULT,
2026-01-01 00:04:58+00:00,ENG-DATASET-002,MSN-INJECTOR_DEGRADATION-002,69.77,0.3221,106.5026,INJECTOR_DEGRADATION,0.17,0.01,711.6,0.912,LOW_RUL,PHYSICAL_FAULT,
2026-01-01 00:04:59+00:00,ENG-DATASET-002,MSN-INJECTOR_DEGRADATION-002,70.0,0.3211,119.8143,INJECTOR_DEGRADATION,0.15,0.01,715.6,0.912,LOW_RUL,PHYSICAL_FAULT,
2026-01-01 00:05:00+00:00,ENG-DATASET-002,MSN-INJECTOR_DEGRADATION-002,70.55,0.3025,131.1914,INJECTOR_DEGRADATION,0.15,0.01,790.0,0.914,LOW_RUL,PHYSICAL_FAULT,
2026-01-01 00:00:01+00:00,ENG-DATASET-003,MSN-INJECTOR_DEGRADATION-003,100.0,0.0,0.0,HEALTHY,,,,0.05,INSUFFICIENT_HISTORY,NORMAL,
2026-01-01 00:00:02+00:00,ENG-DATASET-003,MSN-INJECTOR_DEGRADATION-003,100.0,0.0,0.0,HEALTHY,,,,0.1,INSUFFICIENT_HISTORY,NORMAL,
2026-01-01 00:00:03+00:00,ENG-DATASET-003,MSN-INJECTOR_DEGRADATION-003,100.0,0.0,0.0,HEALTHY,,,,0.15,INSUFFICIENT_HISTORY,NORMAL,
2026-01-01 00:00:04+00:00,ENG-DATASET-003,MSN-INJECTOR_DEGRADATION-003,100.0,0.0,0.0,HEALTHY,,,,0.2,INSUFFICIENT_HISTORY,NORMAL,
2026-01-01 00:00:05+00:00,ENG-DATASET-003,MSN-INJECTOR_DEGRADATION-003,100.0,0.0,0.0,HEALTHY,,,,0.25,STABLE,NORMAL,
2026-01-01 00:00:06+00:00,ENG-DATASET-003,MSN-INJECTOR_DEGRADATION-003,100.0,0.0,0.0,HEALTHY,,,,0.3,STABLE,NORMAL,
2026-01-01 00:00:07+00:00,ENG-DATASET-003,MSN-INJECTOR_DEGRADATION-003,100.0,0.0,0.0,HEALTHY,,,,0.35,STABLE,NORMAL,
2026-01-01 00:00:08+00:00,ENG-DATASET-003,MSN-INJECTOR_DEGRADATION-003,100.0,0.0,0.0,HEALTHY,,,,0.4,STABLE,NORMAL,
2026-01-01 00:00:09+00:00,ENG-DATASET-003,MSN-INJECTOR_DEGRADATION-003,100.0,0.0,0.0,HEALTHY,,,,0.45,STABLE,NORMAL,
2026-01-01 00:00:10+00:00,ENG-DATASET-003,MSN-INJECTOR_DEGRADATION-003,100.0,0.0,0.0,HEALTHY,,,,0.5,STABLE,NORMAL,
2026-01-01 00:00:11+00:00,ENG-DATASET-003,MSN-INJECTOR_DEGRADATION-003,100.0,0.0,0.0,HEALTHY,,,,0.55,STABLE,NORMAL,
2026-01-01 00:00:12+00:00,ENG-DATASET-003,MSN-INJECTOR_DEGRADATION-003,100.0,0.0,0.0,HEALTHY,,,,0.6,STABLE,NORMAL,
2026-01-01 00:00:13+00:00,ENG-DATASET-003,MSN-INJECTOR_DEGRADATION-003,100.0,0.0,0.0,HEALTHY,,,,0.65,STABLE,NORMAL,
2026-01-01 00:00:14+00:00,ENG-DATASET-003,MSN-INJECTOR_DEGRADATION-003,100.0,0.0,0.0,HEALTHY,,,,0.7,STABLE,NORMAL,
2026-01-01 00:00:15+00:00,ENG-DATASET-003,MSN-INJECTOR_DEGRADATION-003,100.0,0.0,0.0,HEALTHY,,,,0.75,STABLE,NORMAL,
2026-01-01 00:00:16+00:00,ENG-DATASET-003,MSN-INJECTOR_DEGRADATION-003,100.0,0.0,0.0,HEALTHY,,,,0.8,STABLE,NORMAL,
2026-01-01 00:00:17+00:00,ENG-DATASET-003,MSN-INJECTOR_DEGRADATION-003,100.0,0.0,0.0,HEALTHY,,,,0.85,STABLE,NORMAL,
2026-01-01 00:00:18+00:00,ENG-DATASET-003,MSN-INJECTOR_DEGRADATION-003,100.0,0.0,0.0,HEALTHY,,,,0.9,STABLE,NORMAL,
2026-01-01 00:00:19+00:00,ENG-DATASET-003,MSN-INJECTOR_DEGRADATION-003,100.0,0.0,0.0,HEALTHY,,,,0.95,STABLE,NORMAL,
2026-01-01 00:00:20+00:00,ENG-DATASET-003,MSN-INJECTOR_DEGRADATION-003,100.0,0.0,0.0,HEALTHY,,,,1.0,STABLE,NORMAL,
2026-01-01 00:00:21+00:00,ENG-DATASET-003,MSN-INJECTOR_DEGRADATION-003,100.0,0.0,0.0,HEALTHY,,,,1.0,STABLE,NORMAL,
2026-01-01 00:00:22+00:00,ENG-DATASET-003,MSN-INJECTOR_DEGRADATION-003,100.0,0.0,0.0,HEALTHY,,,,1.0,STABLE,NORMAL,
2026-01-01 00:00:23+00:00,ENG-DATASET-003,MSN-INJECTOR_DEGRADATION-003,100.0,0.0,0.0,HEALTHY,,,,1.0,STABLE,NORMAL,
2026-01-01 00:00:24+00:00,ENG-DATASET-003,MSN-INJECTOR_DEGRADATION-003,100.0,0.0,0.0,HEALTHY,,,,1.0,STABLE,NORMAL,
2026-01-01 00:00:25+00:00,ENG-DATASET-003,MSN-INJECTOR_DEGRADATION-003,100.0,0.0,0.0,HEALTHY,,,,1.0,STABLE,NORMAL,
2026-01-01 00:00:26+00:00,ENG-DATASET-003,MSN-INJECTOR_DEGRADATION-003,100.0,0.0,0.0,HEALTHY,,,,1.0,STABLE,NORMAL,
2026-01-01 00:00:27+00:00,ENG-DATASET-003,MSN-INJECTOR_DEGRADATION-003,100.0,0.0,0.0,HEALTHY,,,,1.0,STABLE,NORMAL,
2026-01-01 00:00:28+00:00,ENG-DATASET-003,MSN-INJECTOR_DEGRADATION-003,100.0,0.0,0.0,HEALTHY,,,,1.0,STABLE,NORMAL,
2026-01-01 00:00:29+00:00,ENG-DATASET-003,MSN-INJECTOR_DEGRADATION-003,100.0,0.0,0.0,HEALTHY,,,,1.0,STABLE,NORMAL,
2026-01-01 00:00:30+00:00,ENG-DATASET-003,MSN-INJECTOR_DEGRADATION-003,100.0,0.0,0.0,HEALTHY,,,,1.0,STABLE,NORMAL,
2026-01-01 00:00:31+00:00,ENG-DATASET-003,MSN-INJECTOR_DEGRADATION-003,100.0,0.0,0.0,HEALTHY,,,,1.0,STABLE,NORMAL,
2026-01-01 00:00:32+00:00,ENG-DATASET-003,MSN-INJECTOR_DEGRADATION-003,100.0,0.0,0.0,HEALTHY,,,,1.0,STABLE,NORMAL,
2026-01-01 00:00:33+00:00,ENG-DATASET-003,MSN-INJECTOR_DEGRADATION-003,100.0,0.0,0.0,HEALTHY,,,,1.0,STABLE,NORMAL,
2026-01-01 00:00:34+00:00,ENG-DATASET-003,MSN-INJECTOR_DEGRADATION-003,100.0,0.0,0.0,HEALTHY,,,,1.0,STABLE,NORMAL,
2026-01-01 00:00:35+00:00,ENG-DATASET-003,MSN-INJECTOR_DEGRADATION-003,100.0,0.0,0.0,HEALTHY,,,,1.0,STABLE,NORMAL,
2026-01-01 00:00:36+00:00,ENG-DATASET-003,MSN-INJECTOR_DEGRADATION-003,100.0,0.0,0.0,HEALTHY,,,,1.0,STABLE,NORMAL,
2026-01-01 00:00:37+00:00,ENG-DATASET-003,MSN-INJECTOR_DEGRADATION-003,100.0,0.0,0.0,HEALTHY,,,,1.0,STABLE,NORMAL,
2026-01-01 00:00:38+00:00,ENG-DATASET-003,MSN-INJECTOR_DEGRADATION-003,100.0,0.0,0.0,HEALTHY,,,,1.0,STABLE,NORMAL,
2026-01-01 00:00:39+00:00,ENG-DATASET-003,MSN-INJECTOR_DEGRADATION-003,100.0,0.0,0.0,HEALTHY,,,,1.0,STABLE,NORMAL,
2026-01-01 00:00:40+00:00,ENG-DATASET-003,MSN-INJECTOR_DEGRADATION-003,100.0,0.0,0.0,HEALTHY,,,,1.0,STABLE,NORMAL,
2026-01-01 00:00:41+00:00,ENG-DATASET-003,MSN-INJECTOR_DEGRADATION-003,100.0,0.0,0.0,HEALTHY,,,,1.0,STABLE,NORMAL,
2026-01-01 00:00:42+00:00,ENG-DATASET-003,MSN-INJECTOR_DEGRADATION-003,100.0,0.0,0.0,HEALTHY,,,,1.0,STABLE,NORMAL,
2026-01-01 00:00:43+00:00,ENG-DATASET-003,MSN-INJECTOR_DEGRADATION-003,100.0,0.0,0.0,HEALTHY,,,,1.0,STABLE,NORMAL,
2026-01-01 00:00:44+00:00,ENG-DATASET-003,MSN-INJECTOR_DEGRADATION-003,100.0,0.0,0.0,HEALTHY,,,,1.0,STABLE,NORMAL,
2026-01-01 00:00:45+00:00,ENG-DATASET-003,MSN-INJECTOR_DEGRADATION-003,100.0,0.0,0.0,HEALTHY,,,,1.0,STABLE,NORMAL,
2026-01-01 00:00:46+00:00,ENG-DATASET-003,MSN-INJECTOR_DEGRADATION-003,100.0,0.0,0.0,HEALTHY,,,,1.0,STABLE,NORMAL,
2026-01-01 00:00:47+00:00,ENG-DATASET-003,MSN-INJECTOR_DEGRADATION-003,100.0,0.0,0.0,HEALTHY,,,,1.0,STABLE,NORMAL,
2026-01-01 00:00:48+00:00,ENG-DATASET-003,MSN-INJECTOR_DEGRADATION-003,100.0,0.0,0.0,HEALTHY,,,,1.0,STABLE,NORMAL,
2026-01-01 00:00:49+00:00,ENG-DATASET-003,MSN-INJECTOR_DEGRADATION-003,100.0,0.0,0.0,HEALTHY,,,,1.0,STABLE,NORMAL,
2026-01-01 00:00:50+00:00,ENG-DATASET-003,MSN-INJECTOR_DEGRADATION-003,100.0,0.0,0.0,HEALTHY,,,,1.0,STABLE,NORMAL,
2026-01-01 00:00:51+00:00,ENG-DATASET-003,MSN-INJECTOR_DEGRADATION-003,100.0,0.0,0.0,HEALTHY,,,,1.0,STABLE,NORMAL,
2026-01-01 00:00:52+00:00,ENG-DATASET-003,MSN-INJECTOR_DEGRADATION-003,100.0,0.0,0.0,HEALTHY,,,,1.0,STABLE,NORMAL,
2026-01-01 00:00:53+00:00,ENG-DATASET-003,MSN-INJECTOR_DEGRADATION-003,100.0,0.0,0.0,HEALTHY,,,,1.0,STABLE,NORMAL,
2026-01-01 00:00:54+00:00,ENG-DATASET-003,MSN-INJECTOR_DEGRADATION-003,100.0,0.0,0.0,HEALTHY,,,,1.0,STABLE,NORMAL,
2026-01-01 00:00:55+00:00,ENG-DATASET-003,MSN-INJECTOR_DEGRADATION-003,100.0,0.0,0.0,HEALTHY,,,,1.0,STABLE,NORMAL,
2026-01-01 00:00:56+00:00,ENG-DATASET-003,MSN-INJECTOR_DEGRADATION-003,100.0,0.0,0.0,HEALTHY,,,,1.0,STABLE,NORMAL,
2026-01-01 00:00:57+00:00,ENG-DATASET-003,MSN-INJECTOR_DEGRADATION-003,100.0,0.0,0.0,HEALTHY,,,,1.0,STABLE,NORMAL,
2026-01-01 00:00:58+00:00,ENG-DATASET-003,MSN-INJECTOR_DEGRADATION-003,100.0,0.0,0.0,HEALTHY,,,,1.0,STABLE,NORMAL,
2026-01-01 00:00:59+00:00,ENG-DATASET-003,MSN-INJECTOR_DEGRADATION-003,100.0,0.0,0.0,HEALTHY,,,,1.0,STABLE,NORMAL,
2026-01-01 00:01:00+00:00,ENG-DATASET-003,MSN-INJECTOR_DEGRADATION-003,100.0,0.0,0.0,HEALTHY,,,,1.0,STABLE,NORMAL,
2026-01-01 00:01:01+00:00,ENG-DATASET-003,MSN-INJECTOR_DEGRADATION-003,100.0,0.0,0.0,HEALTHY,,,,1.0,STABLE,NORMAL,
2026-01-01 00:01:02+00:00,ENG-DATASET-003,MSN-INJECTOR_DEGRADATION-003,100.0,0.0,0.0,HEALTHY,,,,1.0,STABLE,NORMAL,
2026-01-01 00:01:03+00:00,ENG-DATASET-003,MSN-INJECTOR_DEGRADATION-003,100.0,0.0,0.0,HEALTHY,,,,1.0,STABLE,NORMAL,
2026-01-01 00:01:04+00:00,ENG-DATASET-003,MSN-INJECTOR_DEGRADATION-003,100.0,0.0,0.0,HEALTHY,,,,1.0,STABLE,NORMAL,
2026-01-01 00:01:05+00:00,ENG-DATASET-003,MSN-INJECTOR_DEGRADATION-003,100.0,0.0,0.0,HEALTHY,,,,1.0,STABLE,NORMAL,
2026-01-01 00:01:06+00:00,ENG-DATASET-003,MSN-INJECTOR_DEGRADATION-003,100.0,0.0,0.0,HEALTHY,,,,1.0,STABLE,NORMAL,
2026-01-01 00:01:07+00:00,ENG-DATASET-003,MSN-INJECTOR_DEGRADATION-003,100.0,0.0,0.0,HEALTHY,,,,1.0,STABLE,NORMAL,
2026-01-01 00:01:08+00:00,ENG-DATASET-003,MSN-INJECTOR_DEGRADATION-003,100.0,0.0,0.0,HEALTHY,,,,1.0,STABLE,NORMAL,
2026-01-01 00:01:09+00:00,ENG-DATASET-003,MSN-INJECTOR_DEGRADATION-003,100.0,0.0,0.0,HEALTHY,,,,1.0,STABLE,NORMAL,
2026-01-01 00:01:10+00:00,ENG-DATASET-003,MSN-INJECTOR_DEGRADATION-003,100.0,0.0,0.0,HEALTHY,,,,1.0,STABLE,NORMAL,
2026-01-01 00:01:11+00:00,ENG-DATASET-003,MSN-INJECTOR_DEGRADATION-003,100.0,0.0,0.0,HEALTHY,,,,1.0,STABLE,NORMAL,
2026-01-01 00:01:12+00:00,ENG-DATASET-003,MSN-INJECTOR_DEGRADATION-003,100.0,0.0,0.0,HEALTHY,,,,1.0,STABLE,NORMAL,
2026-01-01 00:01:13+00:00,ENG-DATASET-003,MSN-INJECTOR_DEGRADATION-003,100.0,0.0,0.0,HEALTHY,,,,1.0,STABLE,NORMAL,
2026-01-01 00:01:14+00:00,ENG-DATASET-003,MSN-INJECTOR_DEGRADATION-003,100.0,0.0,0.0,HEALTHY,,,,1.0,STABLE,NORMAL,
2026-01-01 00:01:15+00:00,ENG-DATASET-003,MSN-INJECTOR_DEGRADATION-003,100.0,0.0,0.0,HEALTHY,,,,1.0,STABLE,NORMAL,
2026-01-01 00:01:16+00:00,ENG-DATASET-003,MSN-INJECTOR_DEGRADATION-003,100.0,0.0,0.0,HEALTHY,,,,1.0,STABLE,NORMAL,
2026-01-01 00:01:17+00:00,ENG-DATASET-003,MSN-INJECTOR_DEGRADATION-003,100.0,0.0,0.0,HEALTHY,,,,1.0,STABLE,NORMAL,
2026-01-01 00:01:18+00:00,ENG-DATASET-003,MSN-INJECTOR_DEGRADATION-003,100.0,0.0,0.0,HEALTHY,,,,1.0,STABLE,NORMAL,
2026-01-01 00:01:19+00:00,ENG-DATASET-003,MSN-INJECTOR_DEGRADATION-003,100.0,0.0,0.0,HEALTHY,,,,1.0,STABLE,NORMAL,
2026-01-01 00:01:20+00:00,ENG-DATASET-003,MSN-INJECTOR_DEGRADATION-003,100.0,0.0,0.0,HEALTHY,,,,1.0,STABLE,NORMAL,
2026-01-01 00:01:21+00:00,ENG-DATASET-003,MSN-INJECTOR_DEGRADATION-003,100.0,0.0,0.0,HEALTHY,,,,1.0,STABLE,NORMAL,
2026-01-01 00:01:22+00:00,ENG-DATASET-003,MSN-INJECTOR_DEGRADATION-003,100.0,0.0,0.0,HEALTHY,,,,1.0,STABLE,NORMAL,
2026-01-01 00:01:23+00:00,ENG-DATASET-003,MSN-INJECTOR_DEGRADATION-003,100.0,0.0,0.0,HEALTHY,,,,1.0,STABLE,NORMAL,
2026-01-01 00:01:24+00:00,ENG-DATASET-003,MSN-INJECTOR_DEGRADATION-003,100.0,0.0,0.0,HEALTHY,,,,1.0,STABLE,NORMAL,
2026-01-01 00:01:25+00:00,ENG-DATASET-003,MSN-INJECTOR_DEGRADATION-003,100.0,0.0,0.0,HEALTHY,,,,1.0,STABLE,NORMAL,
2026-01-01 00:01:26+00:00,ENG-DATASET-003,MSN-INJECTOR_DEGRADATION-003,100.0,0.0,0.0,HEALTHY,,,,1.0,STABLE,NORMAL,
2026-01-01 00:01:27+00:00,ENG-DATASET-003,MSN-INJECTOR_DEGRADATION-003,100.0,0.0,0.0,HEALTHY,,,,1.0,STABLE,NORMAL,
2026-01-01 00:01:28+00:00,ENG-DATASET-003,MSN-INJECTOR_DEGRADATION-003,100.0,0.0,0.0,HEALTHY,,,,1.0,STABLE,NORMAL,
2026-01-01 00:01:29+00:00,ENG-DATASET-003,MSN-INJECTOR_DEGRADATION-003,100.0,0.0,0.0,HEALTHY,,,,1.0,STABLE,NORMAL,
2026-01-01 00:01:30+00:00,ENG-DATASET-003,MSN-INJECTOR_DEGRADATION-003,100.0,0.0,0.0,HEALTHY,,,,1.0,STABLE,NORMAL,
2026-01-01 00:01:31+00:00,ENG-DATASET-003,MSN-INJECTOR_DEGRADATION-003,100.0,0.0,0.0,HEALTHY,,,,1.0,STABLE,NORMAL,
2026-01-01 00:01:32+00:00,ENG-DATASET-003,MSN-INJECTOR_DEGRADATION-003,100.0,0.0,0.0,HEALTHY,,,,1.0,STABLE,NORMAL,
2026-01-01 00:01:33+00:00,ENG-DATASET-003,MSN-INJECTOR_DEGRADATION-003,100.0,0.0,0.0,HEALTHY,,,,1.0,STABLE,NORMAL,
2026-01-01 00:01:34+00:00,ENG-DATASET-003,MSN-INJECTOR_DEGRADATION-003,100.0,0.0,0.0,HEALTHY,,,,1.0,STABLE,NORMAL,
2026-01-01 00:01:35+00:00,ENG-DATASET-003,MSN-INJECTOR_DEGRADATION-003,100.0,0.0,0.0,HEALTHY,,,,1.0,STABLE,NORMAL,
2026-01-01 00:01:36+00:00,ENG-DATASET-003,MSN-INJECTOR_DEGRADATION-003,100.0,0.0,0.0,HEALTHY,,,,1.0,STABLE,NORMAL,
2026-01-01 00:01:37+00:00,ENG-DATASET-003,MSN-INJECTOR_DEGRADATION-003,100.0,0.0,0.0,HEALTHY,,,,1.0,STABLE,NORMAL,
2026-01-01 00:01:38+00:00,ENG-DATASET-003,MSN-INJECTOR_DEGRADATION-003,100.0,0.0,0.0,HEALTHY,,,,1.0,STABLE,NORMAL,
2026-01-01 00:01:39+00:00,ENG-DATASET-003,MSN-INJECTOR_DEGRADATION-003,100.0,0.0,0.0,HEALTHY,,,,1.0,STABLE,NORMAL,
2026-01-01 00:01:40+00:00,ENG-DATASET-003,MSN-INJECTOR_DEGRADATION-003,100.0,0.0,0.0,HEALTHY,,,,1.0,STABLE,NORMAL,
2026-01-01 00:01:41+00:00,ENG-DATASET-003,MSN-INJECTOR_DEGRADATION-003,100.0,0.0,0.0,HEALTHY,,,,1.0,STABLE,NORMAL,
2026-01-01 00:01:42+00:00,ENG-DATASET-003,MSN-INJECTOR_DEGRADATION-003,100.0,0.0,0.0,HEALTHY,,,,1.0,STABLE,NORMAL,
2026-01-01 00:01:43+00:00,ENG-DATASET-003,MSN-INJECTOR_DEGRADATION-003,100.0,0.0,0.0,HEALTHY,,,,1.0,STABLE,NORMAL,
2026-01-01 00:01:44+00:00,ENG-DATASET-003,MSN-INJECTOR_DEGRADATION-003,100.0,0.0,0.0,HEALTHY,,,,1.0,STABLE,NORMAL,
2026-01-01 00:01:45+00:00,ENG-DATASET-003,MSN-INJECTOR_DEGRADATION-003,100.0,0.0,0.0,HEALTHY,,,,1.0,STABLE,NORMAL,
2026-01-01 00:01:46+00:00,ENG-DATASET-003,MSN-INJECTOR_DEGRADATION-003,100.0,0.0,0.0,HEALTHY,,,,1.0,STABLE,NORMAL,
2026-01-01 00:01:47+00:00,ENG-DATASET-003,MSN-INJECTOR_DEGRADATION-003,100.0,0.0,0.0,HEALTHY,,,,1.0,STABLE,NORMAL,
2026-01-01 00:01:48+00:00,ENG-DATASET-003,MSN-INJECTOR_DEGRADATION-003,100.0,0.0,0.0,HEALTHY,,,,1.0,STABLE,NORMAL,
2026-01-01 00:01:49+00:00,ENG-DATASET-003,MSN-INJECTOR_DEGRADATION-003,100.0,0.0,0.0,HEALTHY,,,,1.0,STABLE,NORMAL,
2026-01-01 00:01:50+00:00,ENG-DATASET-003,MSN-INJECTOR_DEGRADATION-003,100.0,0.0,0.0,HEALTHY,,,,1.0,STABLE,NORMAL,
2026-01-01 00:01:51+00:00,ENG-DATASET-003,MSN-INJECTOR_DEGRADATION-003,100.0,0.0,0.0,HEALTHY,,,,1.0,STABLE,NORMAL,
2026-01-01 00:01:52+00:00,ENG-DATASET-003,MSN-INJECTOR_DEGRADATION-003,100.0,0.0,0.0,HEALTHY,,,,1.0,STABLE,NORMAL,
2026-01-01 00:01:53+00:00,ENG-DATASET-003,MSN-INJECTOR_DEGRADATION-003,100.0,0.0,0.0,HEALTHY,,,,1.0,STABLE,NORMAL,
2026-01-01 00:01:54+00:00,ENG-DATASET-003,MSN-INJECTOR_DEGRADATION-003,100.0,0.0,0.0,HEALTHY,,,,1.0,STABLE,NORMAL,
2026-01-01 00:01:55+00:00,ENG-DATASET-003,MSN-INJECTOR_DEGRADATION-003,100.0,0.0,0.0,HEALTHY,,,,1.0,STABLE,NORMAL,
2026-01-01 00:01:56+00:00,ENG-DATASET-003,MSN-INJECTOR_DEGRADATION-003,100.0,0.0,0.0,HEALTHY,,,,1.0,STABLE,NORMAL,
2026-01-01 00:01:57+00:00,ENG-DATASET-003,MSN-INJECTOR_DEGRADATION-003,100.0,0.0,0.0,HEALTHY,,,,1.0,STABLE,NORMAL,
2026-01-01 00:01:58+00:00,ENG-DATASET-003,MSN-INJECTOR_DEGRADATION-003,100.0,0.0,0.0,HEALTHY,,,,1.0,STABLE,NORMAL,
2026-01-01 00:01:59+00:00,ENG-DATASET-003,MSN-INJECTOR_DEGRADATION-003,100.0,0.0,0.0,HEALTHY,,,,1.0,STABLE,NORMAL,
2026-01-01 00:02:00+00:00,ENG-DATASET-003,MSN-INJECTOR_DEGRADATION-003,100.0,0.0,0.0,HEALTHY,,,,1.0,STABLE,NORMAL,
2026-01-01 00:02:01+00:00,ENG-DATASET-003,MSN-INJECTOR_DEGRADATION-003,99.99,0.0003,0.059,INJECTOR_DEGRADATION,846.95,5.45,1998.8,1.0,ESTIMATED,PHYSICAL_FAULT,
2026-01-01 00:02:02+00:00,ENG-DATASET-003,MSN-INJECTOR_DEGRADATION-003,99.96,0.0009,0.2931,INJECTOR_DEGRADATION,170.28,1.72,1996.4,1.0,ESTIMATED,PHYSICAL_FAULT,
2026-01-01 00:02:03+00:00,ENG-DATASET-003,MSN-INJECTOR_DEGRADATION-003,99.9,0.0017,0.8732,INJECTOR_DEGRADATION,57.07,0.8,1993.2,1.0,ESTIMATED,PHYSICAL_FAULT,
2026-01-01 00:02:04+00:00,ENG-DATASET-003,MSN-INJECTOR_DEGRADATION-003,99.82,0.0029,1.9055,INJECTOR_DEGRADATION,26.09,0.52,1988.4,1.0,ESTIMATED,PHYSICAL_FAULT,
2026-01-01 00:02:05+00:00,ENG-DATASET-003,MSN-INJECTOR_DEGRADATION-003,99.7,0.0043,3.61,INJECTOR_DEGRADATION,13.73,0.34,1982.8,0.999,ESTIMATED,PHYSICAL_FAULT,
2026-01-01 00:02:06+00:00,ENG-DATASET-003,MSN-INJECTOR_DEGRADATION-003,99.57,0.0058,6.0217,INJECTOR_DEGRADATION,8.21,0.26,1976.8,0.999,LOW_RUL,PHYSICAL_FAULT,
2026-01-01 00:02:07+00:00,ENG-DATASET-003,MSN-INJECTOR_DEGRADATION-003,99.44,0.0074,9.1145,INJECTOR_DEGRADATION,5.4,0.22,1970.4,0.999,LOW_RUL,PHYSICAL_FAULT,
2026-01-01 00:02:08+00:00,ENG-DATASET-003,MSN-INJECTOR_DEGRADATION-003,99.3,0.009,12.9216,INJECTOR_DEGRADATION,3.8,0.19,1964.0,0.999,LOW_RUL,PHYSICAL_FAULT,
2026-01-01 00:02:09+00:00,ENG-DATASET-003,MSN-INJECTOR_DEGRADATION-003,99.15,0.0106,17.4739,INJECTOR_DEGRADATION,2.8,0.17,1957.6,0.998,LOW_RUL,PHYSICAL_FAULT,
2026-01-01 00:02:10+00:00,ENG-DATASET-003,MSN-INJECTOR_DEGRADATION-003,99.01,0.0121,22.6823,INJECTOR_DEGRADATION,2.15,0.15,1951.6,0.998,LOW_RUL,PHYSICAL_FAULT,
2026-01-01 00:02:11+00:00,ENG-DATASET-003,MSN-INJECTOR_DEGRADATION-003,98.88,0.0135,28.4599,INJECTOR_DEGRADATION,1.71,0.14,1946.0,0.998,LOW_RUL,PHYSICAL_FAULT,
2026-01-01 00:02:12+00:00,ENG-DATASET-003,MSN-INJECTOR_DEGRADATION-003,98.76,0.0148,34.7216,INJECTOR_DEGRADATION,1.4,0.13,1940.8,0.998,LOW_RUL,PHYSICAL_FAULT,
2026-01-01 00:02:13+00:00,ENG-DATASET-003,MSN-INJECTOR_DEGRADATION-003,98.64,0.0162,41.4435,INJECTOR_DEGRADATION,1.17,0.13,1935.2,0.998,LOW_RUL,PHYSICAL_FAULT,
2026-01-01 00:02:14+00:00,ENG-DATASET-003,MSN-INJECTOR_DEGRADATION-003,98.51,0.0177,48.6605,INJECTOR_DEGRADATION,0.99,0.12,1929.2,0.997,LOW_RUL,PHYSICAL_FAULT,
2026-01-01 00:02:15+00:00,ENG-DATASET-003,MSN-INJECTOR_DEGRADATION-003,98.37,0.0195,56.4057,INJECTOR_DEGRADATION,0.85,0.11,1922.0,0.997,LOW_RUL,PHYSICAL_FAULT,
2026-01-01 00:02:16+00:00,ENG-DATASET-003,MSN-INJECTOR_DEGRADATION-003,98.21,0.0213,64.769,INJECTOR_DEGRADATION,0.74,0.11,1914.8,0.997,LOW_RUL,PHYSICAL_FAULT,
2026-01-01 00:02:17+00:00,ENG-DATASET-003,MSN-INJECTOR_DEGRADATION-003,98.05,0.023,73.7185,INJECTOR_DEGRADATION,0.65,0.1,1908.0,0.997,LOW_RUL,PHYSICAL_FAULT,
2026-01-01 00:02:18+00:00,ENG-DATASET-003,MSN-INJECTOR_DEGRADATION-003,97.9,0.0246,83.1631,INJECTOR_DEGRADATION,0.57,0.1,1901.6,0.996,LOW_RUL,PHYSICAL_FAULT,
2026-01-01 00:02:19+00:00,ENG-DATASET-003,MSN-INJECTOR_DEGRADATION-003,97.77,0.0258,92.9548,INJECTOR_DEGRADATION,0.51,0.09,1896.8,0.996,LOW_RUL,PHYSICAL_FAULT,
2026-01-01 00:02:20+00:00,ENG-DATASET-003,MSN-INJECTOR_DEGRADATION-003,97.66,0.027,102.9496,INJECTOR_DEGRADATION,0.46,0.09,1892.0,0.996,LOW_RUL,PHYSICAL_FAULT,
2026-01-01 00:02:21+00:00,ENG-DATASET-003,MSN-INJECTOR_DEGRADATION-003,97.55,0.0283,113.1254,INJECTOR_DEGRADATION,0.42,0.09,1886.8,0.996,LOW_RUL,PHYSICAL_FAULT,
2026-01-01 00:02:22+00:00,ENG-DATASET-003,MSN-INJECTOR_DEGRADATION-003,97.43,0.0299,123.5193,INJECTOR_DEGRADATION,0.38,0.08,1880.4,0.996,LOW_RUL,PHYSICAL_FAULT,
2026-01-01 00:02:23+00:00,ENG-DATASET-003,MSN-INJECTOR_DEGRADATION-003,97.28,0.0317,134.2843,INJECTOR_DEGRADATION,0.35,0.08,1873.2,0.995,LOW_RUL,PHYSICAL_FAULT,
2026-01-01 00:02:24+00:00,ENG-DATASET-003,MSN-INJECTOR_DEGRADATION-003,97.11,0.0336,145.5084,INJECTOR_DEGRADATION,0.32,0.08,1865.6,0.995,LOW_RUL,PHYSICAL_FAULT,
2026-01-01 00:02:25+00:00,ENG-DATASET-003,MSN-INJECTOR_DEGRADATION-003,96.94,0.0354,157.1577,INJECTOR_DEGRADATION,0.3,0.07,1858.4,0.995,LOW_RUL,PHYSICAL_FAULT,
2026-01-01 00:02:26+00:00,ENG-DATASET-003,MSN-INJECTOR_DEGRADATION-003,96.8,0.0368,169.021,INJECTOR_DEGRADATION,0.27,0.07,1852.8,0.995,LOW_RUL,PHYSICAL_FAULT,
2026-01-01 00:02:27+00:00,ENG-DATASET-003,MSN-INJECTOR_DEGRADATION-003,96.68,0.0378,180.9523,INJECTOR_DEGRADATION,0.26,0.07,1848.8,0.994,LOW_RUL,PHYSICAL_FAULT,
2026-01-01 00:02:28+00:00,ENG-DATASET-003,MSN-INJECTOR_DEGRADATION-003,96.59,0.0387,192.7505,INJECTOR_DEGRADATION,0.24,0.07,1845.2,0.994,LOW_RUL,PHYSICAL_FAULT,
2026-01-01 00:02:29+00:00,ENG-DATASET-003,MSN-INJECTOR_DEGRADATION-003,96.5,0.0398,204.3978,INJECTOR_DEGRADATION,0.23,0.07,1840.8,0.994,LOW_RUL,PHYSICAL_FAULT,
2026-01-01 00:02:30+00:00,ENG-DATASET-003,MSN-INJECTOR_DEGRADATION-003,96.39,0.0414,215.994,INJECTOR_DEGRADATION,0.21,0.07,1834.4,0.994,LOW_RUL,PHYSICAL_FAULT,
2026-01-01 00:02:31+00:00,ENG-DATASET-003,MSN-INJECTOR_DEGRADATION-003,96.24,0.0433,227.7533,INJECTOR_DEGRADATION,0.2,0.07,1826.8,0.993,LOW_RUL,PHYSICAL_FAULT,
2026-01-01 00:02:32+00:00,ENG-DATASET-003,MSN-INJECTOR_DEGRADATION-003,96.07,0.0452,239.7636,INJECTOR_DEGRADATION,0.19,0.06,1819.2,0.993,LOW_RUL,PHYSICAL_FAULT,
2026-01-01 00:02:33+00:00,ENG-DATASET-003,MSN-INJECTOR_DEGRADATION-003,95.91,0.0469,251.932,INJECTOR_DEGRADATION,0.18,0.06,1812.4,0.993,LOW_RUL,PHYSICAL_FAULT,
2026-01-01 00:02:34+00:00,ENG-DATASET-003,MSN-INJECTOR_DEGRADATION-003,95.77,0.0481,264.1084,INJECTOR_DEGRADATION,0.17,0.06,1807.6,0.993,LOW_RUL,PHYSICAL_FAULT,
2026-01-01 00:02:35+00:00,ENG-DATASET-003,MSN-INJECTOR_DEGRADATION-003,95.67,0.0489,276.0287,INJECTOR_DEGRADATION,0.16,0.06,1804.4,0.993,LOW_RUL,PHYSICAL_FAULT,
2026-01-01 00:02:36+00:00,ENG-DATASET-003,MSN-INJECTOR_DEGRADATION-003,95.6,0.0496,287.4959,INJECTOR_DEGRADATION,0.16,0.06,1801.6,0.992,LOW_RUL,PHYSICAL_FAULT,
2026-01-01 00:02:37+00:00,ENG-DATASET-003,MSN-INJECTOR_DEGRADATION-003,95.53,0.0506,298.4959,INJECTOR_DEGRADATION,0.15,0.06,1797.6,0.992,LOW_RUL,PHYSICAL_FAULT,
2026-01-01 00:02:38+00:00,ENG-DATASET-003,MSN-INJECTOR_DEGRADATION-003,95.42,0.0522,309.2509,INJECTOR_DEGRADATION,0.14,0.06,1791.2,0.992,LOW_RUL,PHYSICAL_FAULT,
2026-01-01 00:02:39+00:00,ENG-DATASET-003,MSN-INJECTOR_DEGRADATION-003,95.14,0.0581,320.7421,INJECTOR_DEGRADATION,0.14,0.05,1767.6,0.988,LOW_RUL,PHYSICAL_FAULT,
2026-01-01 00:02:40+00:00,ENG-DATASET-003,MSN-INJECTOR_DEGRADATION-003,94.52,0.0641,334.92,INJECTOR_DEGRADATION,0.13,0.04,1743.6,0.984,LOW_RUL,PHYSICAL_FAULT,
2026-01-01 00:02:41+00:00,ENG-DATASET-003,MSN-INJECTOR_DEGRADATION-003,93.9,0.0697,351.6607,INJECTOR_DEGRADATION,0.12,0.04,1721.2,0.981,LOW_RUL,PHYSICAL_FAULT,
2026-01-01 00:02:42+00:00,ENG-DATASET-003,MSN-INJECTOR_DEGRADATION-003,93.33,0.0747,370.5449,INJECTOR_DEGRADATION,0.11,0.03,1701.2,0.977,LOW_RUL,PHYSICAL_FAULT,
2026-01-01 00:02:43+00:00,ENG-DATASET-003,MSN-INJECTOR_DEGRADATION-003,92.81,0.0792,391.1637,INJECTOR_DEGRADATION,0.11,0.03,1683.2,0.973,LOW_RUL,PHYSICAL_FAULT,
2026-01-01 00:02:44+00:00,ENG-DATASET-003,MSN-INJECTOR_DEGRADATION-003,92.44,0.0799,412.5276,INJECTOR_DEGRADATION,0.1,0.03,1680.4,0.973,LOW_RUL,PHYSICAL_FAULT,
2026-01-01 00:02:45+00:00,ENG-DATASET-003,MSN-INJECTOR_DEGRADATION-003,92.37,0.0811,432.7922,INJECTOR_DEGRADATION,0.1,0.03,1675.6,0.973,LOW_RUL,PHYSICAL_FAULT,
2026-01-01 00:02:46+00:00,ENG-DATASET-003,MSN-INJECTOR_DEGRADATION-003,92.25,0.0828,452.2386,INJECTOR_DEGRADATION,0.09,0.03,1668.8,0.972,LOW_RUL,PHYSICAL_FAULT,
2026-01-01 00:02:47+00:00,ENG-DATASET-003,MSN-INJECTOR_DEGRADATION-003,92.07,0.0851,471.1969,INJECTOR_DEGRADATION,0.09,0.03,1659.6,0.972,LOW_RUL,PHYSICAL_FAULT,
2026-01-01 00:02:48+00:00,ENG-DATASET-003,MSN-INJECTOR_DEGRADATION-003,91.87,0.0874,489.749,INJECTOR_DEGRADATION,0.08,0.03,1650.4,0.972,LOW_RUL,PHYSICAL_FAULT,
2026-01-01 00:02:49+00:00,ENG-DATASET-003,MSN-INJECTOR_DEGRADATION-003,91.68,0.0891,507.7961,INJECTOR_DEGRADATION,0.08,0.03,1643.6,0.972,LOW_RUL,PHYSICAL_FAULT,
2026-01-01 00:02:50+00:00,ENG-DATASET-003,MSN-INJECTOR_DEGRADATION-003,91.54,0.0902,525.0048,INJECTOR_DEGRADATION,0.08,0.03,1639.2,0.972,LOW_RUL,PHYSICAL_FAULT,
2026-01-01 00:02:51+00:00,ENG-DATASET-003,MSN-INJECTOR_DEGRADATION-003,91.46,0.0908,540.9933,INJECTOR_DEGRADATION,0.08,0.03,1636.8,0.971,LOW_RUL,PHYSICAL_FAULT,
2026-01-01 00:02:52+00:00,ENG-DATASET-003,MSN-INJECTOR_DEGRADATION-003,91.4,0.0915,555.6273,INJECTOR_DEGRADATION,0.07,0.03,1634.0,0.971,LOW_RUL,PHYSICAL_FAULT,
2026-01-01 00:02:53+00:00,ENG-DATASET-003,MSN-INJECTOR_DEGRADATION-003,91.32,0.0929,569.0131,INJECTOR_DEGRADATION,0.07,0.03,1628.4,0.971,LOW_RUL,PHYSICAL_FAULT,
2026-01-01 00:02:54+00:00,ENG-DATASET-003,MSN-INJECTOR_DEGRADATION-003,91.17,0.0951,581.5475,INJECTOR_DEGRADATION,0.07,0.03,1619.6,0.971,LOW_RUL,PHYSICAL_FAULT,
2026-01-01 00:02:55+00:00,ENG-DATASET-003,MSN-INJECTOR_DEGRADATION-003,90.97,0.0977,593.4959,INJECTOR_DEGRADATION,0.07,0.03,1609.2,0.97,LOW_RUL,PHYSICAL_FAULT,
2026-01-01 00:02:56+00:00,ENG-DATASET-003,MSN-INJECTOR_DEGRADATION-003,90.74,0.1003,604.9951,INJECTOR_DEGRADATION,0.07,0.03,1598.8,0.97,LOW_RUL,PHYSICAL_FAULT,
2026-01-01 00:02:57+00:00,ENG-DATASET-003,MSN-INJECTOR_DEGRADATION-003,90.53,0.1022,615.8811,INJECTOR_DEGRADATION,0.06,0.03,1591.2,0.97,LOW_RUL,PHYSICAL_FAULT,
2026-01-01 00:02:58+00:00,ENG-DATASET-003,MSN-INJECTOR_DEGRADATION-003,90.38,0.1032,625.7578,INJECTOR_DEGRADATION,0.06,0.03,1587.2,0.97,LOW_RUL,PHYSICAL_FAULT,
2026-01-01 00:02:59+00:00,ENG-DATASET-003,MSN-INJECTOR_DEGRADATION-003,90.3,0.1037,634.1822,INJECTOR_DEGRADATION,0.06,0.03,1585.2,0.969,LOW_RUL,PHYSICAL_FAULT,
2026-01-01 00:03:00+00:00,ENG-DATASET-003,MSN-INJECTOR_DEGRADATION-003,90.24,0.1045,641.0201,INJECTOR_DEGRADATION,0.06,0.03,1582.0,0.969,LOW_RUL,PHYSICAL_FAULT,
2026-01-01 00:03:01+00:00,ENG-DATASET-003,MSN-INJECTOR_DEGRADATION-003,89.92,0.1139,647.855,INJECTOR_DEGRADATION,0.06,0.03,1544.4,0.966,LOW_RUL,PHYSICAL_FAULT,
2026-01-01 00:03:02+00:00,ENG-DATASET-003,MSN-INJECTOR_DEGRADATION-003,88.98,0.1243,658.4059,INJECTOR_DEGRADATION,0.06,0.02,1502.8,0.962,LOW_RUL,PHYSICAL_FAULT,
2026-01-01 00:03:03+00:00,ENG-DATASET-003,MSN-INJECTOR_DEGRADATION-003,87.84,0.139,673.8542,INJECTOR_DEGRADATION,0.05,0.02,1444.0,0.954,LOW_RUL,PHYSICAL_FAULT,
2026-01-01 00:03:04+00:00,ENG-DATASET-003,MSN-INJECTOR_DEGRADATION-003,86.37,0.1535,696.0533,INJECTOR_DEGRADATION,0.05,0.01,1386.0,0.947,LOW_RUL,PHYSICAL_FAULT,
2026-01-01 00:03:05+00:00,ENG-DATASET-003,MSN-INJECTOR_DEGRADATION-003,84.94,0.167,724.7333,INJECTOR_DEGRADATION,0.05,0.01,1332.0,0.939,LOW_RUL,PHYSICAL_FAULT,
2026-01-01 00:03:06+00:00,ENG-DATASET-003,MSN-INJECTOR_DEGRADATION-003,84.06,0.1639,756.4471,INJECTOR_DEGRADATION,0.04,0.01,1344.4,0.939,LOW_RUL,PHYSICAL_FAULT,
2026-01-01 00:03:07+00:00,ENG-DATASET-003,MSN-INJECTOR_DEGRADATION-003,84.33,0.1603,784.2578,INJECTOR_DEGRADATION,0.04,0.01,1358.8,0.939,LOW_RUL,PHYSICAL_FAULT,
2026-01-01 00:03:08+00:00,ENG-DATASET-003,MSN-INJECTOR_DEGRADATION-003,84.53,0.1609,808.7196,INJECTOR_DEGRADATION,0.04,0.01,1356.4,0.939,LOW_RUL,PHYSICAL_FAULT,
2026-01-01 00:03:09+00:00,ENG-DATASET-003,MSN-INJECTOR_DEGRADATION-003,84.44,0.1625,831.673,INJECTOR_DEGRADATION,0.04,0.01,1350.0,0.939,LOW_RUL,PHYSICAL_FAULT,
2026-01-01 00:03:10+00:00,ENG-DATASET-003,MSN-INJECTOR_DEGRADATION-003,84.27,0.1651,853.5411,INJECTOR_DEGRADATION,0.04,0.01,1339.6,0.938,LOW_RUL,PHYSICAL_FAULT,
2026-01-01 00:03:11+00:00,ENG-DATASET-003,MSN-INJECTOR_DEGRADATION-003,83.8,0.176,876.0273,INJECTOR_DEGRADATION,0.04,0.01,1296.0,0.934,LOW_RUL,PHYSICAL_FAULT,
2026-01-01 00:03:12+00:00,ENG-DATASET-003,MSN-INJECTOR_DEGRADATION-003,82.77,0.1863,902.3076,INJECTOR_DEGRADATION,0.03,0.01,1254.8,0.93,LOW_RUL,PHYSICAL_FAULT,
2026-01-01 00:03:13+00:00,ENG-DATASET-003,MSN-INJECTOR_DEGRADATION-003,82.03,0.1878,930.4885,INJECTOR_DEGRADATION,0.03,0.01,1248.8,0.93,LOW_RUL,PHYSICAL_FAULT,
2026-01-01 00:03:14+00:00,ENG-DATASET-003,MSN-INJECTOR_DEGRADATION-003,81.93,0.1881,956.7298,INJECTOR_DEGRADATION,0.03,0.01,1247.6,0.93,LOW_RUL,PHYSICAL_FAULT,
2026-01-01 00:03:15+00:00,ENG-DATASET-003,MSN-INJECTOR_DEGRADATION-003,81.83,0.1913,981.0985,INJECTOR_DEGRADATION,0.03,0.01,1234.8,0.93,LOW_RUL,PHYSICAL_FAULT,
2026-01-01 00:03:16+00:00,ENG-DATASET-003,MSN-INJECTOR_DEGRADATION-003,81.52,0.1954,1004.9642,INJECTOR_DEGRADATION,0.03,0.01,1218.4,0.929,LOW_RUL,PHYSICAL_FAULT,
2026-01-01 00:03:17+00:00,ENG-DATASET-003,MSN-INJECTOR_DEGRADATION-003,81.12,0.2008,1028.8278,INJECTOR_DEGRADATION,0.03,0.01,1196.8,0.928,LOW_RUL,PHYSICAL_FAULT,
2026-01-01 00:03:18+00:00,ENG-DATASET-003,MSN-INJECTOR_DEGRADATION-003,80.61,0.2075,1053.2296,INJECTOR_DEGRADATION,0.03,0.01,1170.0,0.928,LOW_RUL,PHYSICAL_FAULT,
2026-01-01 00:03:19+00:00,ENG-DATASET-003,MSN-INJECTOR_DEGRADATION-003,80.0,0.2146,1078.5656,INJECTOR_DEGRADATION,0.03,0.01,1141.6,0.927,LOW_RUL,PHYSICAL_FAULT,
2026-01-01 00:03:20+00:00,ENG-DATASET-003,MSN-INJECTOR_DEGRADATION-003,79.48,0.2177,1104.0867,INJECTOR_DEGRADATION,0.03,0.01,1129.2,0.926,LOW_RUL,PHYSICAL_FAULT,
2026-01-01 00:03:21+00:00,ENG-DATASET-003,MSN-INJECTOR_DEGRADATION-003,79.25,0.219,1127.9993,INJECTOR_DEGRADATION,0.02,0.01,1124.0,0.926,LOW_RUL,PHYSICAL_FAULT,
2026-01-01 00:03:22+00:00,ENG-DATASET-003,MSN-INJECTOR_DEGRADATION-003,79.17,0.2189,1149.4553,INJECTOR_DEGRADATION,0.02,0.01,1124.4,0.926,LOW_RUL,PHYSICAL_FAULT,
2026-01-01 00:03:23+00:00,ENG-DATASET-003,MSN-INJECTOR_DEGRADATION-003,79.19,0.2184,1168.0555,INJECTOR_DEGRADATION,0.02,0.01,1126.4,0.926,LOW_RUL,PHYSICAL_FAULT,
2026-01-01 00:03:24+00:00,ENG-DATASET-003,MSN-INJECTOR_DEGRADATION-003,79.2,0.2188,1184.0149,INJECTOR_DEGRADATION,0.02,0.01,1124.8,0.926,LOW_RUL,PHYSICAL_FAULT,
2026-01-01 00:03:25+00:00,ENG-DATASET-003,MSN-INJECTOR_DEGRADATION-003,79.72,0.1972,1194.3598,INJECTOR_DEGRADATION,0.03,0.01,1211.2,0.926,LOW_RUL,PHYSICAL_FAULT,
2026-01-01 00:03:26+00:00,ENG-DATASET-003,MSN-INJECTOR_DEGRADATION-003,79.51,0.2007,1203.3533,INJECTOR_DEGRADATION,0.02,0.01,1197.2,0.925,LOW_RUL,PHYSICAL_FAULT,
2026-01-01 00:03:27+00:00,ENG-DATASET-003,MSN-INJECTOR_DEGRADATION-003,79.2,0.2045,1211.4495,INJECTOR_DEGRADATION,0.02,0.01,1182.0,0.925,LOW_RUL,PHYSICAL_FAULT,
2026-01-01 00:03:28+00:00,ENG-DATASET-003,MSN-INJECTOR_DEGRADATION-003,78.9,0.207,1218.3684,INJECTOR_DEGRADATION,0.02,0.01,1172.0,0.924,LOW_RUL,PHYSICAL_FAULT,
2026-01-01 00:03:29+00:00,ENG-DATASET-003,MSN-INJECTOR_DEGRADATION-003,78.12,0.2313,1226.9008,INJECTOR_DEGRADATION,0.02,0.01,1074.8,0.924,LOW_RUL,PHYSICAL_FAULT,
2026-01-01 00:03:30+00:00,ENG-DATASET-003,MSN-INJECTOR_DEGRADATION-003,78.08,0.2308,1232.6634,INJECTOR_DEGRADATION,0.02,0.01,1076.8,0.924,LOW_RUL,PHYSICAL_FAULT,
2026-01-01 00:03:31+00:00,ENG-DATASET-003,MSN-INJECTOR_DEGRADATION-003,78.12,0.2302,1235.4422,INJECTOR_DEGRADATION,0.02,0.01,1079.2,0.924,LOW_RUL,PHYSICAL_FAULT,
2026-01-01 00:03:32+00:00,ENG-DATASET-003,MSN-INJECTOR_DEGRADATION-003,78.81,0.2043,1231.5611,INJECTOR_DEGRADATION,0.02,0.01,1182.8,0.924,LOW_RUL,PHYSICAL_FAULT,
2026-01-01 00:03:33+00:00,ENG-DATASET-003,MSN-INJECTOR_DEGRADATION-003,78.72,0.2066,1225.7345,INJECTOR_DEGRADATION,0.02,0.01,1173.6,0.924,LOW_RUL,PHYSICAL_FAULT,
2026-01-01 00:03:34+00:00,ENG-DATASET-003,MSN-INJECTOR_DEGRADATION-003,78.46,0.2107,1218.8576,INJECTOR_DEGRADATION,0.02,0.01,1157.2,0.923,LOW_RUL,PHYSICAL_FAULT,
2026-01-01 00:03:35+00:00,ENG-DATASET-003,MSN-INJECTOR_DEGRADATION-003,78.11,0.215,1211.1934,INJECTOR_DEGRADATION,0.02,0.01,1140.0,0.923,LOW_RUL,PHYSICAL_FAULT,
2026-01-01 00:03:36+00:00,ENG-DATASET-003,MSN-INJECTOR_DEGRADATION-003,77.8,0.2178,1202.273,INJECTOR_DEGRADATION,0.02,0.01,1128.8,0.922,LOW_RUL,PHYSICAL_FAULT,
2026-01-01 00:03:37+00:00,ENG-DATASET-003,MSN-INJECTOR_DEGRADATION-003,77.62,0.2182,1191.2809,INJECTOR_DEGRADATION,0.02,0.01,1127.2,0.922,LOW_RUL,PHYSICAL_FAULT,
2026-01-01 00:03:38+00:00,ENG-DATASET-003,MSN-INJECTOR_DEGRADATION-003,77.59,0.217,1177.5541,INJECTOR_DEGRADATION,0.02,0.01,1132.0,0.922,LOW_RUL,PHYSICAL_FAULT,
2026-01-01 00:03:39+00:00,ENG-DATASET-003,MSN-INJECTOR_DEGRADATION-003,77.64,0.2158,1161.6737,INJECTOR_DEGRADATION,0.02,0.01,1136.8,0.922,LOW_RUL,PHYSICAL_FAULT,
2026-01-01 00:03:40+00:00,ENG-DATASET-003,MSN-INJECTOR_DEGRADATION-003,77.64,0.2166,1146.0754,INJECTOR_DEGRADATION,0.02,0.01,1133.6,0.922,LOW_RUL,PHYSICAL_FAULT,
2026-01-01 00:03:41+00:00,ENG-DATASET-003,MSN-INJECTOR_DEGRADATION-003,77.47,0.22,1131.8864,INJECTOR_DEGRADATION,0.02,0.01,1120.0,0.921,LOW_RUL,PHYSICAL_FAULT,
2026-01-01 00:03:42+00:00,ENG-DATASET-003,MSN-INJECTOR_DEGRADATION-003,77.14,0.2251,1119.8361,INJECTOR_DEGRADATION,0.02,0.01,1099.6,0.921,LOW_RUL,PHYSICAL_FAULT,
2026-01-01 00:03:43+00:00,ENG-DATASET-003,MSN-INJECTOR_DEGRADATION-003,76.72,0.2301,1110.1984,INJECTOR_DEGRADATION,0.02,0.01,1079.6,0.92,LOW_RUL,PHYSICAL_FAULT,
2026-01-01 00:03:44+00:00,ENG-DATASET-003,MSN-INJECTOR_DEGRADATION-003,76.36,0.2332,1101.724,INJECTOR_DEGRADATION,0.02,0.01,1067.2,0.92,LOW_RUL,PHYSICAL_FAULT,
2026-01-01 00:03:45+00:00,ENG-DATASET-003,MSN-INJECTOR_DEGRADATION-003,76.16,0.2337,1091.6402,INJECTOR_DEGRADATION,0.02,0.01,1065.2,0.92,LOW_RUL,PHYSICAL_FAULT,
2026-01-01 00:03:46+00:00,ENG-DATASET-003,MSN-INJECTOR_DEGRADATION-003,76.12,0.2325,1079.2818,INJECTOR_DEGRADATION,0.02,0.01,1070.0,0.92,LOW_RUL,PHYSICAL_FAULT,
2026-01-01 00:03:47+00:00,ENG-DATASET-003,MSN-INJECTOR_DEGRADATION-003,76.15,0.2318,1064.6177,INJECTOR_DEGRADATION,0.03,0.01,1072.8,0.92,LOW_RUL,PHYSICAL_FAULT,
2026-01-01 00:03:48+00:00,ENG-DATASET-003,MSN-INJECTOR_DEGRADATION-003,76.1,0.2333,1048.2842,INJECTOR_DEGRADATION,0.03,0.01,1066.8,0.919,LOW_RUL,PHYSICAL_FAULT,
2026-01-01 00:03:49+00:00,ENG-DATASET-003,MSN-INJECTOR_DEGRADATION-003,75.86,0.2376,1031.3715,INJECTOR_DEGRADATION,0.03,0.01,1049.6,0.919,LOW_RUL,PHYSICAL_FAULT,
2026-01-01 00:03:50+00:00,ENG-DATASET-003,MSN-INJECTOR_DEGRADATION-003,75.45,0.2437,1014.5678,INJECTOR_DEGRADATION,0.03,0.01,1025.2,0.918,LOW_RUL,PHYSICAL_FAULT,
2026-01-01 00:03:51+00:00,ENG-DATASET-003,MSN-INJECTOR_DEGRADATION-003,74.97,0.2491,997.8662,INJECTOR_DEGRADATION,0.03,0.01,1003.6,0.917,LOW_RUL,PHYSICAL_FAULT,
2026-01-01 00:03:52+00:00,ENG-DATASET-003,MSN-INJECTOR_DEGRADATION-003,74.59,0.2521,980.4744,INJECTOR_DEGRADATION,0.03,0.01,991.6,0.917,LOW_RUL,PHYSICAL_FAULT,
2026-01-01 00:03:53+00:00,ENG-DATASET-003,MSN-INJECTOR_DEGRADATION-003,74.4,0.2521,961.329,INJECTOR_DEGRADATION,0.03,0.01,991.6,0.917,LOW_RUL,PHYSICAL_FAULT,
2026-01-01 00:03:54+00:00,ENG-DATASET-003,MSN-INJECTOR_DEGRADATION-003,74.39,0.2505,939.773,INJECTOR_DEGRADATION,0.03,0.01,998.0,0.917,LOW_RUL,PHYSICAL_FAULT,
2026-01-01 00:03:55+00:00,ENG-DATASET-003,MSN-INJECTOR_DEGRADATION-003,74.44,0.2496,915.7854,INJECTOR_DEGRADATION,0.03,0.01,1001.6,0.917,LOW_RUL,PHYSICAL_FAULT,
2026-01-01 00:03:56+00:00,ENG-DATASET-003,MSN-INJECTOR_DEGRADATION-003,74.39,0.2513,890.1893,INJECTOR_DEGRADATION,0.03,0.01,994.8,0.916,LOW_RUL,PHYSICAL_FAULT,
2026-01-01 00:03:57+00:00,ENG-DATASET-003,MSN-INJECTOR_DEGRADATION-003,73.33,0.2872,868.8593,INJECTOR_DEGRADATION,0.02,0.01,851.2,0.916,LOW_RUL,PHYSICAL_FAULT,
2026-01-01 00:03:58+00:00,ENG-DATASET-003,MSN-INJECTOR_DEGRADATION-003,72.92,0.2927,847.4234,INJECTOR_DEGRADATION,0.02,0.01,829.2,0.915,LOW_RUL,PHYSICAL_FAULT,
2026-01-01 00:03:59+00:00,ENG-DATASET-003,MSN-INJECTOR_DEGRADATION-003,72.45,0.2974,825.7564,INJECTOR_DEGRADATION,0.02,0.01,810.4,0.915,LOW_RUL,PHYSICAL_FAULT,
2026-01-01 00:04:00+00:00,ENG-DATASET-003,MSN-INJECTOR_DEGRADATION-003,72.91,0.268,798.1697,INJECTOR_DEGRADATION,0.03,0.01,928.0,0.915,LOW_RUL,PHYSICAL_FAULT,
2026-01-01 00:04:01+00:00,ENG-DATASET-003,MSN-INJECTOR_DEGRADATION-003,72.89,0.2654,769.1867,INJECTOR_DEGRADATION,0.03,0.01,938.4,0.915,LOW_RUL,PHYSICAL_FAULT,
2026-01-01 00:04:02+00:00,ENG-DATASET-003,MSN-INJECTOR_DEGRADATION-003,73.09,0.261,741.3519,INJECTOR_DEGRADATION,0.03,0.01,956.0,0.915,LOW_RUL,PHYSICAL_FAULT,
2026-01-01 00:04:03+00:00,ENG-DATASET-003,MSN-INJECTOR_DEGRADATION-003,73.38,0.2572,715.5828,INJECTOR_DEGRADATION,0.03,0.01,971.2,0.915,LOW_RUL,PHYSICAL_FAULT,
2026-01-01 00:04:04+00:00,ENG-DATASET-003,MSN-INJECTOR_DEGRADATION-003,73.59,0.2557,694.651,INJECTOR_DEGRADATION,0.04,0.01,977.2,0.915,LOW_RUL,PHYSICAL_FAULT,
2026-01-01 00:04:05+00:00,ENG-DATASET-003,MSN-INJECTOR_DEGRADATION-003,72.74,0.2919,684.9043,INJECTOR_DEGRADATION,0.03,0.01,832.4,0.915,LOW_RUL,PHYSICAL_FAULT,
2026-01-01 00:04:06+00:00,ENG-DATASET-003,MSN-INJECTOR_DEGRADATION-003,72.58,0.2941,679.0306,INJECTOR_DEGRADATION,0.03,0.01,823.6,0.915,LOW_RUL,PHYSICAL_FAULT,
2026-01-01 00:04:07+00:00,ENG-DATASET-003,MSN-INJECTOR_DEGRADATION-003,73.23,0.2632,665.3768,INJECTOR_DEGRADATION,0.04,0.01,947.2,0.915,LOW_RUL,PHYSICAL_FAULT,
2026-01-01 00:04:08+00:00,ENG-DATASET-003,MSN-INJECTOR_DEGRADATION-003,73.18,0.2623,648.5772,INJECTOR_DEGRADATION,0.04,0.01,950.8,0.915,LOW_RUL,PHYSICAL_FAULT,
2026-01-01 00:04:09+00:00,ENG-DATASET-003,MSN-INJECTOR_DEGRADATION-003,73.34,0.2587,629.1118,INJECTOR_DEGRADATION,0.04,0.01,965.2,0.915,LOW_RUL,PHYSICAL_FAULT,
2026-01-01 00:04:10+00:00,ENG-DATASET-003,MSN-INJECTOR_DEGRADATION-003,73.64,0.2541,606.6925,INJECTOR_DEGRADATION,0.04,0.01,983.6,0.916,LOW_RUL,PHYSICAL_FAULT,
2026-01-01 00:04:11+00:00,ENG-DATASET-003,MSN-INJECTOR_DEGRADATION-003,73.96,0.2508,583.126,INJECTOR_DEGRADATION,0.04,0.01,996.8,0.916,LOW_RUL,PHYSICAL_FAULT,
2026-01-01 00:04:12+00:00,ENG-DATASET-003,MSN-INJECTOR_DEGRADATION-003,74.14,0.2502,562.8133,INJECTOR_DEGRADATION,0.04,0.01,999.2,0.916,LOW_RUL,PHYSICAL_FAULT,
2026-01-01 00:04:13+00:00,ENG-DATASET-003,MSN-INJECTOR_DEGRADATION-003,74.14,0.2522,545.2895,INJECTOR_DEGRADATION,0.05,0.01,991.2,0.916,LOW_RUL,PHYSICAL_FAULT,
2026-01-01 00:04:14+00:00,ENG-DATASET-003,MSN-INJECTOR_DEGRADATION-003,73.99,0.2549,527.6826,INJECTOR_DEGRADATION,0.05,0.01,980.4,0.916,LOW_RUL,PHYSICAL_FAULT,
2026-01-01 00:04:15+00:00,ENG-DATASET-003,MSN-INJECTOR_DEGRADATION-003,73.85,0.2561,509.9236,INJECTOR_DEGRADATION,0.05,0.01,975.6,0.916,LOW_RUL,PHYSICAL_FAULT,
2026-01-01 00:04:16+00:00,ENG-DATASET-003,MSN-INJECTOR_DEGRADATION-003,73.85,0.2547,492.4598,INJECTOR_DEGRADATION,0.05,0.01,981.2,0.916,LOW_RUL,PHYSICAL_FAULT,
2026-01-01 00:04:17+00:00,ENG-DATASET-003,MSN-INJECTOR_DEGRADATION-003,74.04,0.2509,474.7809,INJECTOR_DEGRADATION,0.05,0.01,996.4,0.916,LOW_RUL,PHYSICAL_FAULT,
2026-01-01 00:04:18+00:00,ENG-DATASET-003,MSN-INJECTOR_DEGRADATION-003,74.34,0.2467,457.027,INJECTOR_DEGRADATION,0.06,0.01,1013.2,0.917,LOW_RUL,PHYSICAL_FAULT,
2026-01-01 00:04:19+00:00,ENG-DATASET-003,MSN-INJECTOR_DEGRADATION-003,74.63,0.2441,440.0292,INJECTOR_DEGRADATION,0.06,0.01,1023.6,0.917,LOW_RUL,PHYSICAL_FAULT,
2026-01-01 00:04:20+00:00,ENG-DATASET-003,MSN-INJECTOR_DEGRADATION-003,74.77,0.2442,424.3039,INJECTOR_DEGRADATION,0.06,0.01,1023.2,0.917,LOW_RUL,PHYSICAL_FAULT,
2026-01-01 00:04:21+00:00,ENG-DATASET-003,MSN-INJECTOR_DEGRADATION-003,74.71,0.2467,409.3937,INJECTOR_DEGRADATION,0.06,0.01,1013.2,0.917,LOW_RUL,PHYSICAL_FAULT,
2026-01-01 00:04:22+00:00,ENG-DATASET-003,MSN-INJECTOR_DEGRADATION-003,74.54,0.2496,395.0667,INJECTOR_DEGRADATION,0.06,0.01,1001.6,0.916,LOW_RUL,PHYSICAL_FAULT,
2026-01-01 00:04:23+00:00,ENG-DATASET-003,MSN-INJECTOR_DEGRADATION-003,74.38,0.251,380.6357,INJECTOR_DEGRADATION,0.07,0.01,996.0,0.916,LOW_RUL,PHYSICAL_FAULT,
2026-01-01 00:04:24+00:00,ENG-DATASET-003,MSN-INJECTOR_DEGRADATION-003,74.36,0.2498,365.2995,INJECTOR_DEGRADATION,0.07,0.01,1000.8,0.917,LOW_RUL,PHYSICAL_FAULT,
2026-01-01 00:04:25+00:00,ENG-DATASET-003,MSN-INJECTOR_DEGRADATION-003,74.52,0.2466,344.8778,INJECTOR_DEGRADATION,0.07,0.01,1013.6,0.917,LOW_RUL,PHYSICAL_FAULT,
2026-01-01 00:04:26+00:00,ENG-DATASET-003,MSN-INJECTOR_DEGRADATION-003,74.77,0.2432,323.2218,INJECTOR_DEGRADATION,0.08,0.01,1027.2,0.917,LOW_RUL,PHYSICAL_FAULT,
2026-01-01 00:04:27+00:00,ENG-DATASET-003,MSN-INJECTOR_DEGRADATION-003,74.97,0.2418,301.3287,INJECTOR_DEGRADATION,0.09,0.01,1032.8,0.917,LOW_RUL,PHYSICAL_FAULT,
2026-01-01 00:04:28+00:00,ENG-DATASET-003,MSN-INJECTOR_DEGRADATION-003,75.01,0.2431,280.1838,INJECTOR_DEGRADATION,0.09,0.01,1027.6,0.917,LOW_RUL,PHYSICAL_FAULT,
2026-01-01 00:04:29+00:00,ENG-DATASET-003,MSN-INJECTOR_DEGRADATION-003,74.87,0.2465,263.8463,INJECTOR_DEGRADATION,0.1,0.01,1014.0,0.917,LOW_RUL,PHYSICAL_FAULT,
2026-01-01 00:04:30+00:00,ENG-DATASET-003,MSN-INJECTOR_DEGRADATION-003,74.62,0.2501,248.578,INJECTOR_DEGRADATION,0.1,0.01,999.6,0.917,LOW_RUL,PHYSICAL_FAULT,
2026-01-01 00:04:31+00:00,ENG-DATASET-003,MSN-INJECTOR_DEGRADATION-003,74.41,0.2519,233.6129,INJECTOR_DEGRADATION,0.11,0.01,992.4,0.917,LOW_RUL,PHYSICAL_FAULT,
2026-01-01 00:04:32+00:00,ENG-DATASET-003,MSN-INJECTOR_DEGRADATION-003,74.35,0.2511,214.0495,INJECTOR_DEGRADATION,0.12,0.01,995.6,0.917,LOW_RUL,PHYSICAL_FAULT,
2026-01-01 00:04:33+00:00,ENG-DATASET-003,MSN-INJECTOR_DEGRADATION-003,74.46,0.2484,193.4937,INJECTOR_DEGRADATION,0.13,0.01,1006.4,0.917,LOW_RUL,PHYSICAL_FAULT,
2026-01-01 00:04:34+00:00,ENG-DATASET-003,MSN-INJECTOR_DEGRADATION-003,74.64,0.246,172.6099,INJECTOR_DEGRADATION,0.15,0.01,1016.0,0.917,LOW_RUL,PHYSICAL_FAULT,
2026-01-01 00:04:35+00:00,ENG-DATASET-003,MSN-INJECTOR_DEGRADATION-003,74.76,0.2456,152.3893,INJECTOR_DEGRADATION,0.17,0.01,1017.6,0.917,LOW_RUL,PHYSICAL_FAULT,
2026-01-01 00:04:36+00:00,ENG-DATASET-003,MSN-INJECTOR_DEGRADATION-003,74.71,0.248,133.6851,INJECTOR_DEGRADATION,0.19,0.01,1008.0,0.917,LOW_RUL,PHYSICAL_FAULT,
2026-01-01 00:04:37+00:00,ENG-DATASET-003,MSN-INJECTOR_DEGRADATION-003,74.48,0.2523,116.8184,INJECTOR_DEGRADATION,0.21,0.01,990.8,0.916,LOW_RUL,PHYSICAL_FAULT,
2026-01-01 00:04:38+00:00,ENG-DATASET-003,MSN-INJECTOR_DEGRADATION-003,74.16,0.2564,101.3952,INJECTOR_DEGRADATION,0.24,0.01,974.4,0.916,LOW_RUL,PHYSICAL_FAULT,
2026-01-01 00:04:39+00:00,ENG-DATASET-003,MSN-INJECTOR_DEGRADATION-003,73.03,0.2925,91.6495,INJECTOR_DEGRADATION,0.23,0.01,830.0,0.915,LOW_RUL,PHYSICAL_FAULT,
2026-01-01 00:04:40+00:00,ENG-DATASET-003,MSN-INJECTOR_DEGRADATION-003,72.47,0.2974,84.2864,INJECTOR_DEGRADATION,0.24,0.01,810.4,0.915,LOW_RUL,PHYSICAL_FAULT,
2026-01-01 00:04:41+00:00,ENG-DATASET-003,MSN-INJECTOR_DEGRADATION-003,72.07,0.3011,79.287,INJECTOR_DEGRADATION,0.25,0.01,795.6,0.915,LOW_RUL,PHYSICAL_FAULT,
2026-01-01 00:04:42+00:00,ENG-DATASET-003,MSN-INJECTOR_DEGRADATION-003,71.73,0.3055,77.2275,INJECTOR_DEGRADATION,0.25,0.01,778.0,0.914,LOW_RUL,PHYSICAL_FAULT,
2026-01-01 00:04:43+00:00,ENG-DATASET-003,MSN-INJECTOR_DEGRADATION-003,71.28,0.312,79.304,INJECTOR_DEGRADATION,0.24,0.01,752.0,0.913,LOW_RUL,PHYSICAL_FAULT,
2026-01-01 00:04:44+00:00,ENG-DATASET-003,MSN-INJECTOR_DEGRADATION-003,70.78,0.3157,85.4397,INJECTOR_DEGRADATION,0.22,0.01,737.2,0.913,LOW_RUL,PHYSICAL_FAULT,
2026-01-01 00:04:45+00:00,ENG-DATASET-003,MSN-INJECTOR_DEGRADATION-003,70.42,0.3208,93.8041,INJECTOR_DEGRADATION,0.19,0.01,716.8,0.912,LOW_RUL,PHYSICAL_FAULT,
2026-01-01 00:04:46+00:00,ENG-DATASET-003,MSN-INJECTOR_DEGRADATION-003,70.0,0.3244,103.7428,INJECTOR_DEGRADATION,0.17,0.01,702.4,0.912,LOW_RUL,PHYSICAL_FAULT,
2026-01-01 00:04:47+00:00,ENG-DATASET-003,MSN-INJECTOR_DEGRADATION-003,69.76,0.3251,113.6906,INJECTOR_DEGRADATION,0.15,0.01,699.6,0.911,LOW_RUL,PHYSICAL_FAULT,
2026-01-01 00:04:48+00:00,ENG-DATASET-003,MSN-INJECTOR_DEGRADATION-003,69.68,0.3262,123.1372,INJECTOR_DEGRADATION,0.14,0.01,695.2,0.912,LOW_RUL,PHYSICAL_FAULT,
2026-01-01 00:04:49+00:00,ENG-DATASET-003,MSN-INJECTOR_DEGRADATION-003,69.68,0.3238,132.7639,INJECTOR_DEGRADATION,0.13,0.01,704.8,0.912,LOW_RUL,PHYSICAL_FAULT,
2026-01-01 00:04:50+00:00,ENG-DATASET-003,MSN-INJECTOR_DEGRADATION-003,69.88,0.3218,142.4756,INJECTOR_DEGRADATION,0.13,0.01,712.8,0.912,LOW_RUL,PHYSICAL_FAULT,
2026-01-01 00:04:51+00:00,ENG-DATASET-003,MSN-INJECTOR_DEGRADATION-003,70.0,0.322,153.2936,INJECTOR_DEGRADATION,0.12,0.01,712.0,0.912,LOW_RUL,PHYSICAL_FAULT,
2026-01-01 00:04:52+00:00,ENG-DATASET-003,MSN-INJECTOR_DEGRADATION-003,69.91,0.3247,165.9671,INJECTOR_DEGRADATION,0.11,0.01,701.2,0.911,LOW_RUL,PHYSICAL_FAULT,
2026-01-01 00:04:53+00:00,ENG-DATASET-003,MSN-INJECTOR_DEGRADATION-003,69.65,0.3284,180.3981,INJECTOR_DEGRADATION,0.1,0.01,686.4,0.911,LOW_RUL,PHYSICAL_FAULT,
2026-01-01 00:04:54+00:00,ENG-DATASET-003,MSN-INJECTOR_DEGRADATION-003,69.4,0.329,195.4153,INJECTOR_DEGRADATION,0.09,0.01,684.0,0.911,LOW_RUL,PHYSICAL_FAULT,
2026-01-01 00:04:55+00:00,ENG-DATASET-003,MSN-INJECTOR_DEGRADATION-003,69.35,0.3291,209.4242,INJECTOR_DEGRADATION,0.08,0.01,683.6,0.911,LOW_RUL,PHYSICAL_FAULT,
2026-01-01 00:04:56+00:00,ENG-DATASET-003,MSN-INJECTOR_DEGRADATION-003,69.37,0.3283,222.6018,INJECTOR_DEGRADATION,0.08,0.01,686.8,0.911,LOW_RUL,PHYSICAL_FAULT,
2026-01-01 00:04:57+00:00,ENG-DATASET-003,MSN-INJECTOR_DEGRADATION-003,69.54,0.3242,240.2397,INJECTOR_DEGRADATION,0.07,0.01,703.2,0.911,LOW_RUL,PHYSICAL_FAULT,
2026-01-01 00:04:58+00:00,ENG-DATASET-003,MSN-INJECTOR_DEGRADATION-003,69.87,0.321,257.6736,INJECTOR_DEGRADATION,0.07,0.01,716.0,0.912,LOW_RUL,PHYSICAL_FAULT,
2026-01-01 00:04:59+00:00,ENG-DATASET-003,MSN-INJECTOR_DEGRADATION-003,70.09,0.3201,276.0667,INJECTOR_DEGRADATION,0.07,0.01,719.6,0.912,LOW_RUL,PHYSICAL_FAULT,
2026-01-01 00:05:00+00:00,ENG-DATASET-003,MSN-INJECTOR_DEGRADATION-003,70.62,0.3019,288.053,INJECTOR_DEGRADATION,0.07,0.01,792.4,0.914,LOW_RUL,PHYSICAL_FAULT,
2026-01-01 00:00:01+00:00,ENG-DATASET-004,MSN-INJECTOR_DEGRADATION-004,100.0,0.0,0.0,HEALTHY,,,,0.05,INSUFFICIENT_HISTORY,NORMAL,
2026-01-01 00:00:02+00:00,ENG-DATASET-004,MSN-INJECTOR_DEGRADATION-004,100.0,0.0,0.0,HEALTHY,,,,0.1,INSUFFICIENT_HISTORY,NORMAL,
2026-01-01 00:00:03+00:00,ENG-DATASET-004,MSN-INJECTOR_DEGRADATION-004,100.0,0.0,0.0,HEALTHY,,,,0.15,INSUFFICIENT_HISTORY,NORMAL,
2026-01-01 00:00:04+00:00,ENG-DATASET-004,MSN-INJECTOR_DEGRADATION-004,100.0,0.0,0.0,HEALTHY,,,,0.2,INSUFFICIENT_HISTORY,NORMAL,
2026-01-01 00:00:05+00:00,ENG-DATASET-004,MSN-INJECTOR_DEGRADATION-004,100.0,0.0,0.0,HEALTHY,,,,0.25,STABLE,NORMAL,
2026-01-01 00:00:06+00:00,ENG-DATASET-004,MSN-INJECTOR_DEGRADATION-004,100.0,0.0,0.0,HEALTHY,,,,0.3,STABLE,NORMAL,
2026-01-01 00:00:07+00:00,ENG-DATASET-004,MSN-INJECTOR_DEGRADATION-004,100.0,0.0,0.0,HEALTHY,,,,0.35,STABLE,NORMAL,
2026-01-01 00:00:08+00:00,ENG-DATASET-004,MSN-INJECTOR_DEGRADATION-004,100.0,0.0,0.0,HEALTHY,,,,0.4,STABLE,NORMAL,
2026-01-01 00:00:09+00:00,ENG-DATASET-004,MSN-INJECTOR_DEGRADATION-004,100.0,0.0,0.0,HEALTHY,,,,0.45,STABLE,NORMAL,
2026-01-01 00:00:10+00:00,ENG-DATASET-004,MSN-INJECTOR_DEGRADATION-004,100.0,0.0,0.0,HEALTHY,,,,0.5,STABLE,NORMAL,
2026-01-01 00:00:11+00:00,ENG-DATASET-004,MSN-INJECTOR_DEGRADATION-004,100.0,0.0,0.0,HEALTHY,,,,0.55,STABLE,NORMAL,
2026-01-01 00:00:12+00:00,ENG-DATASET-004,MSN-INJECTOR_DEGRADATION-004,100.0,0.0,0.0,HEALTHY,,,,0.6,STABLE,NORMAL,
2026-01-01 00:00:13+00:00,ENG-DATASET-004,MSN-INJECTOR_DEGRADATION-004,100.0,0.0,0.0,HEALTHY,,,,0.65,STABLE,NORMAL,
2026-01-01 00:00:14+00:00,ENG-DATASET-004,MSN-INJECTOR_DEGRADATION-004,100.0,0.0,0.0,HEALTHY,,,,0.7,STABLE,NORMAL,
2026-01-01 00:00:15+00:00,ENG-DATASET-004,MSN-INJECTOR_DEGRADATION-004,100.0,0.0,0.0,HEALTHY,,,,0.75,STABLE,NORMAL,
2026-01-01 00:00:16+00:00,ENG-DATASET-004,MSN-INJECTOR_DEGRADATION-004,100.0,0.0,0.0,HEALTHY,,,,0.8,STABLE,NORMAL,
2026-01-01 00:00:17+00:00,ENG-DATASET-004,MSN-INJECTOR_DEGRADATION-004,100.0,0.0,0.0,HEALTHY,,,,0.85,STABLE,NORMAL,
2026-01-01 00:00:18+00:00,ENG-DATASET-004,MSN-INJECTOR_DEGRADATION-004,100.0,0.0,0.0,HEALTHY,,,,0.9,STABLE,NORMAL,
2026-01-01 00:00:19+00:00,ENG-DATASET-004,MSN-INJECTOR_DEGRADATION-004,100.0,0.0,0.0,HEALTHY,,,,0.95,STABLE,NORMAL,
2026-01-01 00:00:20+00:00,ENG-DATASET-004,MSN-INJECTOR_DEGRADATION-004,100.0,0.0,0.0,HEALTHY,,,,1.0,STABLE,NORMAL,
2026-01-01 00:00:21+00:00,ENG-DATASET-004,MSN-INJECTOR_DEGRADATION-004,100.0,0.0,0.0,HEALTHY,,,,1.0,STABLE,NORMAL,
2026-01-01 00:00:22+00:00,ENG-DATASET-004,MSN-INJECTOR_DEGRADATION-004,100.0,0.0,0.0,HEALTHY,,,,1.0,STABLE,NORMAL,
2026-01-01 00:00:23+00:00,ENG-DATASET-004,MSN-INJECTOR_DEGRADATION-004,100.0,0.0,0.0,HEALTHY,,,,1.0,STABLE,NORMAL,
2026-01-01 00:00:24+00:00,ENG-DATASET-004,MSN-INJECTOR_DEGRADATION-004,100.0,0.0,0.0,HEALTHY,,,,1.0,STABLE,NORMAL,
2026-01-01 00:00:25+00:00,ENG-DATASET-004,MSN-INJECTOR_DEGRADATION-004,100.0,0.0,0.0,HEALTHY,,,,1.0,STABLE,NORMAL,
2026-01-01 00:00:26+00:00,ENG-DATASET-004,MSN-INJECTOR_DEGRADATION-004,100.0,0.0,0.0,HEALTHY,,,,1.0,STABLE,NORMAL,
2026-01-01 00:00:27+00:00,ENG-DATASET-004,MSN-INJECTOR_DEGRADATION-004,100.0,0.0,0.0,HEALTHY,,,,1.0,STABLE,NORMAL,
2026-01-01 00:00:28+00:00,ENG-DATASET-004,MSN-INJECTOR_DEGRADATION-004,100.0,0.0,0.0,HEALTHY,,,,1.0,STABLE,NORMAL,
2026-01-01 00:00:29+00:00,ENG-DATASET-004,MSN-INJECTOR_DEGRADATION-004,100.0,0.0,0.0,HEALTHY,,,,1.0,STABLE,NORMAL,
2026-01-01 00:00:30+00:00,ENG-DATASET-004,MSN-INJECTOR_DEGRADATION-004,100.0,0.0,0.0,HEALTHY,,,,1.0,STABLE,NORMAL,
2026-01-01 00:00:31+00:00,ENG-DATASET-004,MSN-INJECTOR_DEGRADATION-004,100.0,0.0,0.0,HEALTHY,,,,1.0,STABLE,NORMAL,
2026-01-01 00:00:32+00:00,ENG-DATASET-004,MSN-INJECTOR_DEGRADATION-004,100.0,0.0,0.0,HEALTHY,,,,1.0,STABLE,NORMAL,
2026-01-01 00:00:33+00:00,ENG-DATASET-004,MSN-INJECTOR_DEGRADATION-004,100.0,0.0,0.0,HEALTHY,,,,1.0,STABLE,NORMAL,
2026-01-01 00:00:34+00:00,ENG-DATASET-004,MSN-INJECTOR_DEGRADATION-004,100.0,0.0,0.0,HEALTHY,,,,1.0,STABLE,NORMAL,
2026-01-01 00:00:35+00:00,ENG-DATASET-004,MSN-INJECTOR_DEGRADATION-004,100.0,0.0,0.0,HEALTHY,,,,1.0,STABLE,NORMAL,
2026-01-01 00:00:36+00:00,ENG-DATASET-004,MSN-INJECTOR_DEGRADATION-004,100.0,0.0,0.0,HEALTHY,,,,1.0,STABLE,NORMAL,
2026-01-01 00:00:37+00:00,ENG-DATASET-004,MSN-INJECTOR_DEGRADATION-004,100.0,0.0,0.0,HEALTHY,,,,1.0,STABLE,NORMAL,
2026-01-01 00:00:38+00:00,ENG-DATASET-004,MSN-INJECTOR_DEGRADATION-004,100.0,0.0,0.0,HEALTHY,,,,1.0,STABLE,NORMAL,
2026-01-01 00:00:39+00:00,ENG-DATASET-004,MSN-INJECTOR_DEGRADATION-004,100.0,0.0,0.0,HEALTHY,,,,1.0,STABLE,NORMAL,
2026-01-01 00:00:40+00:00,ENG-DATASET-004,MSN-INJECTOR_DEGRADATION-004,100.0,0.0,0.0,HEALTHY,,,,1.0,STABLE,NORMAL,
2026-01-01 00:00:41+00:00,ENG-DATASET-004,MSN-INJECTOR_DEGRADATION-004,100.0,0.0,0.0,HEALTHY,,,,1.0,STABLE,NORMAL,
2026-01-01 00:00:42+00:00,ENG-DATASET-004,MSN-INJECTOR_DEGRADATION-004,100.0,0.0,0.0,HEALTHY,,,,1.0,STABLE,NORMAL,
2026-01-01 00:00:43+00:00,ENG-DATASET-004,MSN-INJECTOR_DEGRADATION-004,100.0,0.0,0.0,HEALTHY,,,,1.0,STABLE,NORMAL,
2026-01-01 00:00:44+00:00,ENG-DATASET-004,MSN-INJECTOR_DEGRADATION-004,100.0,0.0,0.0,HEALTHY,,,,1.0,STABLE,NORMAL,
2026-01-01 00:00:45+00:00,ENG-DATASET-004,MSN-INJECTOR_DEGRADATION-004,100.0,0.0,0.0,HEALTHY,,,,1.0,STABLE,NORMAL,
2026-01-01 00:00:46+00:00,ENG-DATASET-004,MSN-INJECTOR_DEGRADATION-004,100.0,0.0,0.0,HEALTHY,,,,1.0,STABLE,NORMAL,
2026-01-01 00:00:47+00:00,ENG-DATASET-004,MSN-INJECTOR_DEGRADATION-004,100.0,0.0,0.0,HEALTHY,,,,1.0,STABLE,NORMAL,
2026-01-01 00:00:48+00:00,ENG-DATASET-004,MSN-INJECTOR_DEGRADATION-004,100.0,0.0,0.0,HEALTHY,,,,1.0,STABLE,NORMAL,
2026-01-01 00:00:49+00:00,ENG-DATASET-004,MSN-INJECTOR_DEGRADATION-004,100.0,0.0,0.0,HEALTHY,,,,1.0,STABLE,NORMAL,
2026-01-01 00:00:50+00:00,ENG-DATASET-004,MSN-INJECTOR_DEGRADATION-004,100.0,0.0,0.0,HEALTHY,,,,1.0,STABLE,NORMAL,
2026-01-01 00:00:51+00:00,ENG-DATASET-004,MSN-INJECTOR_DEGRADATION-004,100.0,0.0,0.0,HEALTHY,,,,1.0,STABLE,NORMAL,
2026-01-01 00:00:52+00:00,ENG-DATASET-004,MSN-INJECTOR_DEGRADATION-004,100.0,0.0,0.0,HEALTHY,,,,1.0,STABLE,NORMAL,
2026-01-01 00:00:53+00:00,ENG-DATASET-004,MSN-INJECTOR_DEGRADATION-004,100.0,0.0,0.0,HEALTHY,,,,1.0,STABLE,NORMAL,
2026-01-01 00:00:54+00:00,ENG-DATASET-004,MSN-INJECTOR_DEGRADATION-004,100.0,0.0,0.0,HEALTHY,,,,1.0,STABLE,NORMAL,
2026-01-01 00:00:55+00:00,ENG-DATASET-004,MSN-INJECTOR_DEGRADATION-004,100.0,0.0,0.0,HEALTHY,,,,1.0,STABLE,NORMAL,
2026-01-01 00:00:56+00:00,ENG-DATASET-004,MSN-INJECTOR_DEGRADATION-004,100.0,0.0,0.0,HEALTHY,,,,1.0,STABLE,NORMAL,
2026-01-01 00:00:57+00:00,ENG-DATASET-004,MSN-INJECTOR_DEGRADATION-004,100.0,0.0,0.0,HEALTHY,,,,1.0,STABLE,NORMAL,
2026-01-01 00:00:58+00:00,ENG-DATASET-004,MSN-INJECTOR_DEGRADATION-004,100.0,0.0,0.0,HEALTHY,,,,1.0,STABLE,NORMAL,
2026-01-01 00:00:59+00:00,ENG-DATASET-004,MSN-INJECTOR_DEGRADATION-004,100.0,0.0,0.0,HEALTHY,,,,1.0,STABLE,NORMAL,
2026-01-01 00:01:00+00:00,ENG-DATASET-004,MSN-INJECTOR_DEGRADATION-004,100.0,0.0,0.0,HEALTHY,,,,1.0,STABLE,NORMAL,
2026-01-01 00:01:01+00:00,ENG-DATASET-004,MSN-INJECTOR_DEGRADATION-004,100.0,0.0,0.0,HEALTHY,,,,1.0,STABLE,NORMAL,
2026-01-01 00:01:02+00:00,ENG-DATASET-004,MSN-INJECTOR_DEGRADATION-004,100.0,0.0,0.0,HEALTHY,,,,1.0,STABLE,NORMAL,
2026-01-01 00:01:03+00:00,ENG-DATASET-004,MSN-INJECTOR_DEGRADATION-004,100.0,0.0,0.0,HEALTHY,,,,1.0,STABLE,NORMAL,
2026-01-01 00:01:04+00:00,ENG-DATASET-004,MSN-INJECTOR_DEGRADATION-004,100.0,0.0,0.0,HEALTHY,,,,1.0,STABLE,NORMAL,
2026-01-01 00:01:05+00:00,ENG-DATASET-004,MSN-INJECTOR_DEGRADATION-004,100.0,0.0,0.0,HEALTHY,,,,1.0,STABLE,NORMAL,
2026-01-01 00:01:06+00:00,ENG-DATASET-004,MSN-INJECTOR_DEGRADATION-004,100.0,0.0,0.0,HEALTHY,,,,1.0,STABLE,NORMAL,
2026-01-01 00:01:07+00:00,ENG-DATASET-004,MSN-INJECTOR_DEGRADATION-004,100.0,0.0,0.0,HEALTHY,,,,1.0,STABLE,NORMAL,
2026-01-01 00:01:08+00:00,ENG-DATASET-004,MSN-INJECTOR_DEGRADATION-004,100.0,0.0,0.0,HEALTHY,,,,1.0,STABLE,NORMAL,
2026-01-01 00:01:09+00:00,ENG-DATASET-004,MSN-INJECTOR_DEGRADATION-004,100.0,0.0,0.0,HEALTHY,,,,1.0,STABLE,NORMAL,
2026-01-01 00:01:10+00:00,ENG-DATASET-004,MSN-INJECTOR_DEGRADATION-004,100.0,0.0,0.0,HEALTHY,,,,1.0,STABLE,NORMAL,
2026-01-01 00:01:11+00:00,ENG-DATASET-004,MSN-INJECTOR_DEGRADATION-004,100.0,0.0,0.0,HEALTHY,,,,1.0,STABLE,NORMAL,
2026-01-01 00:01:12+00:00,ENG-DATASET-004,MSN-INJECTOR_DEGRADATION-004,100.0,0.0,0.0,HEALTHY,,,,1.0,STABLE,NORMAL,
2026-01-01 00:01:13+00:00,ENG-DATASET-004,MSN-INJECTOR_DEGRADATION-004,100.0,0.0,0.0,HEALTHY,,,,1.0,STABLE,NORMAL,
2026-01-01 00:01:14+00:00,ENG-DATASET-004,MSN-INJECTOR_DEGRADATION-004,100.0,0.0,0.0,HEALTHY,,,,1.0,STABLE,NORMAL,
2026-01-01 00:01:15+00:00,ENG-DATASET-004,MSN-INJECTOR_DEGRADATION-004,100.0,0.0,0.0,HEALTHY,,,,1.0,STABLE,NORMAL,
2026-01-01 00:01:16+00:00,ENG-DATASET-004,MSN-INJECTOR_DEGRADATION-004,100.0,0.0,0.0,HEALTHY,,,,1.0,STABLE,NORMAL,
2026-01-01 00:01:17+00:00,ENG-DATASET-004,MSN-INJECTOR_DEGRADATION-004,100.0,0.0,0.0,HEALTHY,,,,1.0,STABLE,NORMAL,
2026-01-01 00:01:18+00:00,ENG-DATASET-004,MSN-INJECTOR_DEGRADATION-004,100.0,0.0,0.0,HEALTHY,,,,1.0,STABLE,NORMAL,
2026-01-01 00:01:19+00:00,ENG-DATASET-004,MSN-INJECTOR_DEGRADATION-004,100.0,0.0,0.0,HEALTHY,,,,1.0,STABLE,NORMAL,
2026-01-01 00:01:20+00:00,ENG-DATASET-004,MSN-INJECTOR_DEGRADATION-004,100.0,0.0,0.0,HEALTHY,,,,1.0,STABLE,NORMAL,
2026-01-01 00:01:21+00:00,ENG-DATASET-004,MSN-INJECTOR_DEGRADATION-004,100.0,0.0,0.0,HEALTHY,,,,1.0,STABLE,NORMAL,
2026-01-01 00:01:22+00:00,ENG-DATASET-004,MSN-INJECTOR_DEGRADATION-004,100.0,0.0,0.0,HEALTHY,,,,1.0,STABLE,NORMAL,
2026-01-01 00:01:23+00:00,ENG-DATASET-004,MSN-INJECTOR_DEGRADATION-004,100.0,0.0,0.0,HEALTHY,,,,1.0,STABLE,NORMAL,
2026-01-01 00:01:24+00:00,ENG-DATASET-004,MSN-INJECTOR_DEGRADATION-004,100.0,0.0,0.0,HEALTHY,,,,1.0,STABLE,NORMAL,
2026-01-01 00:01:25+00:00,ENG-DATASET-004,MSN-INJECTOR_DEGRADATION-004,100.0,0.0,0.0,HEALTHY,,,,1.0,STABLE,NORMAL,
2026-01-01 00:01:26+00:00,ENG-DATASET-004,MSN-INJECTOR_DEGRADATION-004,100.0,0.0,0.0,HEALTHY,,,,1.0,STABLE,NORMAL,
2026-01-01 00:01:27+00:00,ENG-DATASET-004,MSN-INJECTOR_DEGRADATION-004,100.0,0.0,0.0,HEALTHY,,,,1.0,STABLE,NORMAL,
2026-01-01 00:01:28+00:00,ENG-DATASET-004,MSN-INJECTOR_DEGRADATION-004,100.0,0.0,0.0,HEALTHY,,,,1.0,STABLE,NORMAL,
2026-01-01 00:01:29+00:00,ENG-DATASET-004,MSN-INJECTOR_DEGRADATION-004,100.0,0.0,0.0,HEALTHY,,,,1.0,STABLE,NORMAL,
2026-01-01 00:01:30+00:00,ENG-DATASET-004,MSN-INJECTOR_DEGRADATION-004,100.0,0.0,0.0,HEALTHY,,,,1.0,STABLE,NORMAL,
2026-01-01 00:01:31+00:00,ENG-DATASET-004,MSN-INJECTOR_DEGRADATION-004,100.0,0.0,0.0,HEALTHY,,,,1.0,STABLE,NORMAL,
2026-01-01 00:01:32+00:00,ENG-DATASET-004,MSN-INJECTOR_DEGRADATION-004,100.0,0.0,0.0,HEALTHY,,,,1.0,STABLE,NORMAL,
2026-01-01 00:01:33+00:00,ENG-DATASET-004,MSN-INJECTOR_DEGRADATION-004,100.0,0.0,0.0,HEALTHY,,,,1.0,STABLE,NORMAL,
2026-01-01 00:01:34+00:00,ENG-DATASET-004,MSN-INJECTOR_DEGRADATION-004,100.0,0.0,0.0,HEALTHY,,,,1.0,STABLE,NORMAL,
2026-01-01 00:01:35+00:00,ENG-DATASET-004,MSN-INJECTOR_DEGRADATION-004,100.0,0.0,0.0,HEALTHY,,,,1.0,STABLE,NORMAL,
2026-01-01 00:01:36+00:00,ENG-DATASET-004,MSN-INJECTOR_DEGRADATION-004,100.0,0.0,0.0,HEALTHY,,,,1.0,STABLE,NORMAL,
2026-01-01 00:01:37+00:00,ENG-DATASET-004,MSN-INJECTOR_DEGRADATION-004,100.0,0.0,0.0,HEALTHY,,,,1.0,STABLE,NORMAL,
2026-01-01 00:01:38+00:00,ENG-DATASET-004,MSN-INJECTOR_DEGRADATION-004,100.0,0.0,0.0,HEALTHY,,,,1.0,STABLE,NORMAL,
2026-01-01 00:01:39+00:00,ENG-DATASET-004,MSN-INJECTOR_DEGRADATION-004,100.0,0.0,0.0,HEALTHY,,,,1.0,STABLE,NORMAL,
2026-01-01 00:01:40+00:00,ENG-DATASET-004,MSN-INJECTOR_DEGRADATION-004,100.0,0.0,0.0,HEALTHY,,,,1.0,STABLE,NORMAL,
2026-01-01 00:01:41+00:00,ENG-DATASET-004,MSN-INJECTOR_DEGRADATION-004,100.0,0.0,0.0,HEALTHY,,,,1.0,STABLE,NORMAL,
2026-01-01 00:01:42+00:00,ENG-DATASET-004,MSN-INJECTOR_DEGRADATION-004,100.0,0.0,0.0,HEALTHY,,,,1.0,STABLE,NORMAL,
2026-01-01 00:01:43+00:00,ENG-DATASET-004,MSN-INJECTOR_DEGRADATION-004,100.0,0.0,0.0,HEALTHY,,,,1.0,STABLE,NORMAL,
2026-01-01 00:01:44+00:00,ENG-DATASET-004,MSN-INJECTOR_DEGRADATION-004,100.0,0.0,0.0,HEALTHY,,,,1.0,STABLE,NORMAL,
2026-01-01 00:01:45+00:00,ENG-DATASET-004,MSN-INJECTOR_DEGRADATION-004,100.0,0.0,0.0,HEALTHY,,,,1.0,STABLE,NORMAL,
2026-01-01 00:01:46+00:00,ENG-DATASET-004,MSN-INJECTOR_DEGRADATION-004,100.0,0.0,0.0,HEALTHY,,,,1.0,STABLE,NORMAL,
2026-01-01 00:01:47+00:00,ENG-DATASET-004,MSN-INJECTOR_DEGRADATION-004,100.0,0.0,0.0,HEALTHY,,,,1.0,STABLE,NORMAL,
2026-01-01 00:01:48+00:00,ENG-DATASET-004,MSN-INJECTOR_DEGRADATION-004,100.0,0.0,0.0,HEALTHY,,,,1.0,STABLE,NORMAL,
2026-01-01 00:01:49+00:00,ENG-DATASET-004,MSN-INJECTOR_DEGRADATION-004,100.0,0.0,0.0,HEALTHY,,,,1.0,STABLE,NORMAL,
2026-01-01 00:01:50+00:00,ENG-DATASET-004,MSN-INJECTOR_DEGRADATION-004,100.0,0.0,0.0,HEALTHY,,,,1.0,STABLE,NORMAL,
2026-01-01 00:01:51+00:00,ENG-DATASET-004,MSN-INJECTOR_DEGRADATION-004,100.0,0.0,0.0,HEALTHY,,,,1.0,STABLE,NORMAL,
2026-01-01 00:01:52+00:00,ENG-DATASET-004,MSN-INJECTOR_DEGRADATION-004,100.0,0.0,0.0,HEALTHY,,,,1.0,STABLE,NORMAL,
2026-01-01 00:01:53+00:00,ENG-DATASET-004,MSN-INJECTOR_DEGRADATION-004,100.0,0.0,0.0,HEALTHY,,,,1.0,STABLE,NORMAL,
2026-01-01 00:01:54+00:00,ENG-DATASET-004,MSN-INJECTOR_DEGRADATION-004,100.0,0.0,0.0,HEALTHY,,,,1.0,STABLE,NORMAL,
2026-01-01 00:01:55+00:00,ENG-DATASET-004,MSN-INJECTOR_DEGRADATION-004,100.0,0.0,0.0,HEALTHY,,,,1.0,STABLE,NORMAL,
2026-01-01 00:01:56+00:00,ENG-DATASET-004,MSN-INJECTOR_DEGRADATION-004,100.0,0.0,0.0,HEALTHY,,,,1.0,STABLE,NORMAL,
2026-01-01 00:01:57+00:00,ENG-DATASET-004,MSN-INJECTOR_DEGRADATION-004,100.0,0.0,0.0,HEALTHY,,,,1.0,STABLE,NORMAL,
2026-01-01 00:01:58+00:00,ENG-DATASET-004,MSN-INJECTOR_DEGRADATION-004,100.0,0.0,0.0,HEALTHY,,,,1.0,STABLE,NORMAL,
2026-01-01 00:01:59+00:00,ENG-DATASET-004,MSN-INJECTOR_DEGRADATION-004,100.0,0.0,0.0,HEALTHY,,,,1.0,STABLE,NORMAL,
2026-01-01 00:02:00+00:00,ENG-DATASET-004,MSN-INJECTOR_DEGRADATION-004,100.0,0.0,0.0,HEALTHY,,,,1.0,STABLE,NORMAL,
2026-01-01 00:02:01+00:00,ENG-DATASET-004,MSN-INJECTOR_DEGRADATION-004,99.99,0.0004,0.059,INJECTOR_DEGRADATION,846.78,5.45,1998.4,1.0,ESTIMATED,PHYSICAL_FAULT,
2026-01-01 00:02:02+00:00,ENG-DATASET-004,MSN-INJECTOR_DEGRADATION-004,99.95,0.0011,0.3521,INJECTOR_DEGRADATION,141.69,1.32,1995.6,1.0,ESTIMATED,PHYSICAL_FAULT,
2026-01-01 00:02:03+00:00,ENG-DATASET-004,MSN-INJECTOR_DEGRADATION-004,99.87,0.0021,1.1073,INJECTOR_DEGRADATION,44.97,0.6,1991.6,1.0,ESTIMATED,PHYSICAL_FAULT,
2026-01-01 00:02:04+00:00,ENG-DATASET-004,MSN-INJECTOR_DEGRADATION-004,99.77,0.0035,2.4267,INJECTOR_DEGRADATION,20.46,0.4,1986.0,1.0,ESTIMATED,PHYSICAL_FAULT,
2026-01-01 00:02:05+00:00,ENG-DATASET-004,MSN-INJECTOR_DEGRADATION-004,99.64,0.0053,4.4672,INJECTOR_DEGRADATION,11.07,0.29,1978.8,0.999,ESTIMATED,PHYSICAL_FAULT,
2026-01-01 00:02:06+00:00,ENG-DATASET-004,MSN-INJECTOR_DEGRADATION-004,99.47,0.0072,7.4391,INJECTOR_DEGRADATION,6.62,0.21,1971.2,0.999,LOW_RUL,PHYSICAL_FAULT,
2026-01-01 00:02:07+00:00,ENG-DATASET-004,MSN-INJECTOR_DEGRADATION-004,99.31,0.0091,11.2491,INJECTOR_DEGRADATION,4.36,0.18,1963.6,0.999,LOW_RUL,PHYSICAL_FAULT,
2026-01-01 00:02:08+00:00,ENG-DATASET-004,MSN-INJECTOR_DEGRADATION-004,99.13,0.0112,15.9834,INJECTOR_DEGRADATION,3.06,0.15,1955.2,0.998,LOW_RUL,PHYSICAL_FAULT,
2026-01-01 00:02:09+00:00,ENG-DATASET-004,MSN-INJECTOR_DEGRADATION-004,98.95,0.0132,21.606,INJECTOR_DEGRADATION,2.25,0.14,1947.2,0.998,LOW_RUL,PHYSICAL_FAULT,
2026-01-01 00:02:10+00:00,ENG-DATASET-004,MSN-INJECTOR_DEGRADATION-004,98.77,0.0151,28.0808,INJECTOR_DEGRADATION,1.73,0.12,1939.6,0.998,LOW_RUL,PHYSICAL_FAULT,
2026-01-01 00:02:11+00:00,ENG-DATASET-004,MSN-INJECTOR_DEGRADATION-004,98.61,0.0167,35.2538,INJECTOR_DEGRADATION,1.37,0.11,1933.2,0.998,LOW_RUL,PHYSICAL_FAULT,
2026-01-01 00:02:12+00:00,ENG-DATASET-004,MSN-INJECTOR_DEGRADATION-004,98.46,0.0183,43.034,INJECTOR_DEGRADATION,1.12,0.11,1926.8,0.997,LOW_RUL,PHYSICAL_FAULT,
2026-01-01 00:02:13+00:00,ENG-DATASET-004,MSN-INJECTOR_DEGRADATION-004,98.32,0.02,51.3323,INJECTOR_DEGRADATION,0.94,0.1,1920.0,0.997,LOW_RUL,PHYSICAL_FAULT,
2026-01-01 00:02:14+00:00,ENG-DATASET-004,MSN-INJECTOR_DEGRADATION-004,98.16,0.0219,60.2387,INJECTOR_DEGRADATION,0.79,0.1,1912.4,0.997,LOW_RUL,PHYSICAL_FAULT,
2026-01-01 00:02:15+00:00,ENG-DATASET-004,MSN-INJECTOR_DEGRADATION-004,97.98,0.0241,69.8394,INJECTOR_DEGRADATION,0.68,0.09,1903.6,0.996,LOW_RUL,PHYSICAL_FAULT,
2026-01-01 00:02:16+00:00,ENG-DATASET-004,MSN-INJECTOR_DEGRADATION-004,97.78,0.0265,80.2163,INJECTOR_DEGRADATION,0.59,0.09,1894.0,0.996,LOW_RUL,PHYSICAL_FAULT,
2026-01-01 00:02:17+00:00,ENG-DATASET-004,MSN-INJECTOR_DEGRADATION-004,97.58,0.0287,91.3294,INJECTOR_DEGRADATION,0.52,0.08,1885.2,0.996,LOW_RUL,PHYSICAL_FAULT,
2026-01-01 00:02:18+00:00,ENG-DATASET-004,MSN-INJECTOR_DEGRADATION-004,97.39,0.0306,103.0796,INJECTOR_DEGRADATION,0.46,0.08,1877.6,0.996,LOW_RUL,PHYSICAL_FAULT,
2026-01-01 00:02:19+00:00,ENG-DATASET-004,MSN-INJECTOR_DEGRADATION-004,97.23,0.032,115.252,INJECTOR_DEGRADATION,0.41,0.07,1872.0,0.995,LOW_RUL,PHYSICAL_FAULT,
2026-01-01 00:02:20+00:00,ENG-DATASET-004,MSN-INJECTOR_DEGRADATION-004,97.1,0.0334,127.6375,INJECTOR_DEGRADATION,0.37,0.07,1866.4,0.995,LOW_RUL,PHYSICAL_FAULT,
2026-01-01 00:02:21+00:00,ENG-DATASET-004,MSN-INJECTOR_DEGRADATION-004,96.97,0.0349,140.2099,INJECTOR_DEGRADATION,0.33,0.07,1860.4,0.995,LOW_RUL,PHYSICAL_FAULT,
2026-01-01 00:02:22+00:00,ENG-DATASET-004,MSN-INJECTOR_DEGRADATION-004,96.83,0.0369,153.0025,INJECTOR_DEGRADATION,0.3,0.07,1852.4,0.995,LOW_RUL,PHYSICAL_FAULT,
2026-01-01 00:02:23+00:00,ENG-DATASET-004,MSN-INJECTOR_DEGRADATION-004,96.64,0.0392,166.2822,INJECTOR_DEGRADATION,0.28,0.06,1843.2,0.994,LOW_RUL,PHYSICAL_FAULT,
2026-01-01 00:02:24+00:00,ENG-DATASET-004,MSN-INJECTOR_DEGRADATION-004,96.43,0.0418,180.129,INJECTOR_DEGRADATION,0.25,0.06,1832.8,0.994,LOW_RUL,PHYSICAL_FAULT,
2026-01-01 00:02:25+00:00,ENG-DATASET-004,MSN-INJECTOR_DEGRADATION-004,96.21,0.044,194.56,INJECTOR_DEGRADATION,0.23,0.06,1824.0,0.994,LOW_RUL,PHYSICAL_FAULT,
2026-01-01 00:02:26+00:00,ENG-DATASET-004,MSN-INJECTOR_DEGRADATION-004,96.02,0.0457,209.3542,INJECTOR_DEGRADATION,0.22,0.06,1817.2,0.993,LOW_RUL,PHYSICAL_FAULT,
2026-01-01 00:02:27+00:00,ENG-DATASET-004,MSN-INJECTOR_DEGRADATION-004,95.88,0.0469,224.1783,INJECTOR_DEGRADATION,0.2,0.06,1812.4,0.993,LOW_RUL,PHYSICAL_FAULT,
2026-01-01 00:02:28+00:00,ENG-DATASET-004,MSN-INJECTOR_DEGRADATION-004,95.79,0.0479,238.7093,INJECTOR_DEGRADATION,0.19,0.06,1808.4,0.993,LOW_RUL,PHYSICAL_FAULT,
2026-01-01 00:02:29+00:00,ENG-DATASET-004,MSN-INJECTOR_DEGRADATION-004,95.69,0.0492,252.9883,INJECTOR_DEGRADATION,0.18,0.05,1803.2,0.993,LOW_RUL,PHYSICAL_FAULT,
2026-01-01 00:02:30+00:00,ENG-DATASET-004,MSN-INJECTOR_DEGRADATION-004,95.55,0.0511,267.2312,INJECTOR_DEGRADATION,0.17,0.05,1795.6,0.993,LOW_RUL,PHYSICAL_FAULT,
2026-01-01 00:02:31+00:00,ENG-DATASET-004,MSN-INJECTOR_DEGRADATION-004,95.36,0.0536,281.7053,INJECTOR_DEGRADATION,0.16,0.05,1785.6,0.992,LOW_RUL,PHYSICAL_FAULT,
2026-01-01 00:02:32+00:00,ENG-DATASET-004,MSN-INJECTOR_DEGRADATION-004,95.14,0.0562,296.5494,INJECTOR_DEGRADATION,0.15,0.05,1775.2,0.992,LOW_RUL,PHYSICAL_FAULT,
2026-01-01 00:02:33+00:00,ENG-DATASET-004,MSN-INJECTOR_DEGRADATION-004,94.92,0.0584,311.7196,INJECTOR_DEGRADATION,0.14,0.05,1766.4,0.992,LOW_RUL,PHYSICAL_FAULT,
2026-01-01 00:02:34+00:00,ENG-DATASET-004,MSN-INJECTOR_DEGRADATION-004,94.74,0.0599,326.9358,INJECTOR_DEGRADATION,0.13,0.05,1760.4,0.991,LOW_RUL,PHYSICAL_FAULT,
2026-01-01 00:02:35+00:00,ENG-DATASET-004,MSN-INJECTOR_DEGRADATION-004,94.63,0.0607,341.7489,INJECTOR_DEGRADATION,0.13,0.05,1757.2,0.991,LOW_RUL,PHYSICAL_FAULT,
2026-01-01 00:02:36+00:00,ENG-DATASET-004,MSN-INJECTOR_DEGRADATION-004,94.56,0.0614,355.9009,INJECTOR_DEGRADATION,0.12,0.05,1754.4,0.991,LOW_RUL,PHYSICAL_FAULT,
2026-01-01 00:02:37+00:00,ENG-DATASET-004,MSN-INJECTOR_DEGRADATION-004,94.48,0.0626,369.4366,INJECTOR_DEGRADATION,0.12,0.05,1749.6,0.991,LOW_RUL,PHYSICAL_FAULT,
2026-01-01 00:02:38+00:00,ENG-DATASET-004,MSN-INJECTOR_DEGRADATION-004,94.35,0.0646,382.6353,INJECTOR_DEGRADATION,0.11,0.05,1741.6,0.991,LOW_RUL,PHYSICAL_FAULT,
2026-01-01 00:02:39+00:00,ENG-DATASET-004,MSN-INJECTOR_DEGRADATION-004,94.02,0.0713,396.6512,INJECTOR_DEGRADATION,0.11,0.04,1714.8,0.987,LOW_RUL,PHYSICAL_FAULT,
2026-01-01 00:02:40+00:00,ENG-DATASET-004,MSN-INJECTOR_DEGRADATION-004,93.33,0.078,413.5429,INJECTOR_DEGRADATION,0.1,0.03,1688.0,0.983,LOW_RUL,PHYSICAL_FAULT,
2026-01-01 00:02:41+00:00,ENG-DATASET-004,MSN-INJECTOR_DEGRADATION-004,92.66,0.084,433.0543,INJECTOR_DEGRADATION,0.1,0.03,1664.0,0.979,LOW_RUL,PHYSICAL_FAULT,
2026-01-01 00:02:42+00:00,ENG-DATASET-004,MSN-INJECTOR_DEGRADATION-004,92.06,0.0892,454.6383,INJECTOR_DEGRADATION,0.09,0.03,1643.2,0.975,LOW_RUL,PHYSICAL_FAULT,
2026-01-01 00:02:43+00:00,ENG-DATASET-004,MSN-INJECTOR_DEGRADATION-004,91.52,0.0937,477.8207,INJECTOR_DEGRADATION,0.09,0.03,1625.2,0.971,LOW_RUL,PHYSICAL_FAULT,
2026-01-01 00:02:44+00:00,ENG-DATASET-004,MSN-INJECTOR_DEGRADATION-004,91.16,0.0943,501.4313,INJECTOR_DEGRADATION,0.08,0.03,1622.8,0.971,LOW_RUL,PHYSICAL_FAULT,
2026-01-01 00:02:45+00:00,ENG-DATASET-004,MSN-INJECTOR_DEGRADATION-004,90.85,0.1035,525.1029,INJECTOR_DEGRADATION,0.08,0.02,1586.0,0.967,LOW_RUL,PHYSICAL_FAULT,
2026-01-01 00:02:46+00:00,ENG-DATASET-004,MSN-INJECTOR_DEGRADATION-004,89.93,0.1137,552.3734,INJECTOR_DEGRADATION,0.07,0.02,1545.2,0.964,LOW_RUL,PHYSICAL_FAULT,
2026-01-01 00:02:47+00:00,ENG-DATASET-004,MSN-INJECTOR_DEGRADATION-004,88.93,0.1246,583.5311,INJECTOR_DEGRADATION,0.06,0.02,1501.6,0.96,LOW_RUL,PHYSICAL_FAULT,
2026-01-01 00:02:48+00:00,ENG-DATASET-004,MSN-INJECTOR_DEGRADATION-004,87.88,0.1355,618.6709,INJECTOR_DEGRADATION,0.06,0.02,1458.0,0.956,LOW_RUL,PHYSICAL_FAULT,
2026-01-01 00:02:49+00:00,ENG-DATASET-004,MSN-INJECTOR_DEGRADATION-004,86.85,0.1456,657.4646,INJECTOR_DEGRADATION,0.05,0.01,1417.6,0.952,LOW_RUL,PHYSICAL_FAULT,
2026-01-01 00:02:50+00:00,ENG-DATASET-004,MSN-INJECTOR_DEGRADATION-004,86.14,0.1468,697.8178,INJECTOR_DEGRADATION,0.05,0.01,1412.8,0.952,LOW_RUL,PHYSICAL_FAULT,
2026-01-01 00:02:51+00:00,ENG-DATASET-004,MSN-INJECTOR_DEGRADATION-004,85.92,0.1512,736.6966,INJECTOR_DEGRADATION,0.05,0.01,1395.2,0.948,LOW_RUL,PHYSICAL_FAULT,
2026-01-01 00:02:52+00:00,ENG-DATASET-004,MSN-INJECTOR_DEGRADATION-004,85.43,0.1558,775.6505,INJECTOR_DEGRADATION,0.04,0.01,1376.8,0.944,LOW_RUL,PHYSICAL_FAULT,
2026-01-01 00:02:53+00:00,ENG-DATASET-004,MSN-INJECTOR_DEGRADATION-004,84.9,0.1613,814.8173,INJECTOR_DEGRADATION,0.04,0.01,1354.8,0.94,LOW_RUL,PHYSICAL_FAULT,
2026-01-01 00:02:54+00:00,ENG-DATASET-004,MSN-INJECTOR_DEGRADATION-004,84.29,0.1681,854.5634,INJECTOR_DEGRADATION,0.04,0.01,1327.6,0.936,LOW_RUL,PHYSICAL_FAULT,
2026-01-01 00:02:55+00:00,ENG-DATASET-004,MSN-INJECTOR_DEGRADATION-004,83.57,0.1756,895.4157,INJECTOR_DEGRADATION,0.04,0.01,1297.6,0.932,LOW_RUL,PHYSICAL_FAULT,
2026-01-01 00:02:56+00:00,ENG-DATASET-004,MSN-INJECTOR_DEGRADATION-004,82.95,0.179,936.6402,INJECTOR_DEGRADATION,0.03,0.01,1284.0,0.932,LOW_RUL,PHYSICAL_FAULT,
2026-01-01 00:02:57+00:00,ENG-DATASET-004,MSN-INJECTOR_DEGRADATION-004,82.68,0.1814,976.0471,INJECTOR_DEGRADATION,0.03,0.01,1274.4,0.932,LOW_RUL,PHYSICAL_FAULT,
2026-01-01 00:02:58+00:00,ENG-DATASET-004,MSN-INJECTOR_DEGRADATION-004,82.5,0.1825,1013.0514,INJECTOR_DEGRADATION,0.03,0.01,1270.0,0.931,LOW_RUL,PHYSICAL_FAULT,
2026-01-01 00:02:59+00:00,ENG-DATASET-004,MSN-INJECTOR_DEGRADATION-004,82.42,0.1828,1047.0268,INJECTOR_DEGRADATION,0.03,0.01,1268.8,0.931,LOW_RUL,PHYSICAL_FAULT,
2026-01-01 00:03:00+00:00,ENG-DATASET-004,MSN-INJECTOR_DEGRADATION-004,82.38,0.1835,1077.7214,INJECTOR_DEGRADATION,0.03,0.01,1266.0,0.931,LOW_RUL,PHYSICAL_FAULT,
2026-01-01 00:03:01+00:00,ENG-DATASET-004,MSN-INJECTOR_DEGRADATION-004,82.29,0.1854,1105.4831,INJECTOR_DEGRADATION,0.03,0.01,1258.4,0.931,LOW_RUL,PHYSICAL_FAULT,
2026-01-01 00:03:02+00:00,ENG-DATASET-004,MSN-INJECTOR_DEGRADATION-004,82.08,0.1887,1131.1872,INJECTOR_DEGRADATION,0.03,0.01,1245.2,0.93,LOW_RUL,PHYSICAL_FAULT,
2026-01-01 00:03:03+00:00,ENG-DATASET-004,MSN-INJECTOR_DEGRADATION-004,81.77,0.1927,1155.634,INJECTOR_DEGRADATION,0.03,0.01,1229.2,0.93,LOW_RUL,PHYSICAL_FAULT,
2026-01-01 00:03:04+00:00,ENG-DATASET-004,MSN-INJECTOR_DEGRADATION-004,81.42,0.1963,1179.1355,INJECTOR_DEGRADATION,0.03,0.01,1214.8,0.929,LOW_RUL,PHYSICAL_FAULT,
2026-01-01 00:03:05+00:00,ENG-DATASET-004,MSN-INJECTOR_DEGRADATION-004,81.14,0.1985,1201.4117,INJECTOR_DEGRADATION,0.03,0.01,1206.0,0.929,LOW_RUL,PHYSICAL_FAULT,
2026-01-01 00:03:06+00:00,ENG-DATASET-004,MSN-INJECTOR_DEGRADATION-004,80.98,0.1992,1221.9684,INJECTOR_DEGRADATION,0.02,0.01,1203.2,0.929,LOW_RUL,PHYSICAL_FAULT,
2026-01-01 00:03:07+00:00,ENG-DATASET-004,MSN-INJECTOR_DEGRADATION-004,80.94,0.1992,1240.0385,INJECTOR_DEGRADATION,0.02,0.01,1203.2,0.929,LOW_RUL,PHYSICAL_FAULT,
2026-01-01 00:03:08+00:00,ENG-DATASET-004,MSN-INJECTOR_DEGRADATION-004,80.92,0.1997,1255.6498,INJECTOR_DEGRADATION,0.02,0.01,1201.2,0.929,LOW_RUL,PHYSICAL_FAULT,
2026-01-01 00:03:09+00:00,ENG-DATASET-004,MSN-INJECTOR_DEGRADATION-004,80.84,0.2016,1269.1886,INJECTOR_DEGRADATION,0.02,0.01,1193.6,0.928,LOW_RUL,PHYSICAL_FAULT,
2026-01-01 00:03:10+00:00,ENG-DATASET-004,MSN-INJECTOR_DEGRADATION-004,80.62,0.2051,1281.501,INJECTOR_DEGRADATION,0.02,0.01,1179.6,0.928,LOW_RUL,PHYSICAL_FAULT,
2026-01-01 00:03:11+00:00,ENG-DATASET-004,MSN-INJECTOR_DEGRADATION-004,80.3,0.2093,1293.0472,INJECTOR_DEGRADATION,0.02,0.01,1162.8,0.928,LOW_RUL,PHYSICAL_FAULT,
2026-01-01 00:03:12+00:00,ENG-DATASET-004,MSN-INJECTOR_DEGRADATION-004,79.95,0.2127,1303.9112,INJECTOR_DEGRADATION,0.02,0.01,1149.2,0.927,LOW_RUL,PHYSICAL_FAULT,
2026-01-01 00:03:13+00:00,ENG-DATASET-004,MSN-INJECTOR_DEGRADATION-004,79.69,0.2144,1313.4609,INJECTOR_DEGRADATION,0.02,0.01,1142.4,0.927,LOW_RUL,PHYSICAL_FAULT,
2026-01-01 00:03:14+00:00,ENG-DATASET-004,MSN-INJECTOR_DEGRADATION-004,79.58,0.2145,1320.9089,INJECTOR_DEGRADATION,0.02,0.01,1142.0,0.927,LOW_RUL,PHYSICAL_FAULT,
2026-01-01 00:03:15+00:00,ENG-DATASET-004,MSN-INJECTOR_DEGRADATION-004,80.01,0.1973,1323.2006,INJECTOR_DEGRADATION,0.02,0.01,1210.8,0.926,LOW_RUL,PHYSICAL_FAULT,
2026-01-01 00:03:16+00:00,ENG-DATASET-004,MSN-INJECTOR_DEGRADATION-004,79.62,0.2026,1325.4192,INJECTOR_DEGRADATION,0.02,0.01,1189.6,0.926,LOW_RUL,PHYSICAL_FAULT,
2026-01-01 00:03:17+00:00,ENG-DATASET-004,MSN-INJECTOR_DEGRADATION-004,79.09,0.2107,1328.353,INJECTOR_DEGRADATION,0.02,0.01,1157.2,0.925,LOW_RUL,PHYSICAL_FAULT,
2026-01-01 00:03:18+00:00,ENG-DATASET-004,MSN-INJECTOR_DEGRADATION-004,78.36,0.221,1333.0553,INJECTOR_DEGRADATION,0.02,0.01,1116.0,0.924,LOW_RUL,PHYSICAL_FAULT,
2026-01-01 00:03:19+00:00,ENG-DATASET-004,MSN-INJECTOR_DEGRADATION-004,77.5,0.232,1340.0022,INJECTOR_DEGRADATION,0.02,0.01,1072.0,0.923,LOW_RUL,PHYSICAL_FAULT,
2026-01-01 00:03:20+00:00,ENG-DATASET-004,MSN-INJECTOR_DEGRADATION-004,76.78,0.2359,1348.0445,INJECTOR_DEGRADATION,0.02,0.01,1056.4,0.922,LOW_RUL,PHYSICAL_FAULT,
2026-01-01 00:03:21+00:00,ENG-DATASET-004,MSN-INJECTOR_DEGRADATION-004,76.5,0.2367,1354.4672,INJECTOR_DEGRADATION,0.02,0.01,1053.2,0.922,LOW_RUL,PHYSICAL_FAULT,
2026-01-01 00:03:22+00:00,ENG-DATASET-004,MSN-INJECTOR_DEGRADATION-004,76.45,0.2347,1357.9442,INJECTOR_DEGRADATION,0.02,0.01,1061.2,0.922,LOW_RUL,PHYSICAL_FAULT,
2026-01-01 00:03:23+00:00,ENG-DATASET-004,MSN-INJECTOR_DEGRADATION-004,76.56,0.2319,1357.8542,INJECTOR_DEGRADATION,0.02,0.01,1072.4,0.922,LOW_RUL,PHYSICAL_FAULT,
2026-01-01 00:03:24+00:00,ENG-DATASET-004,MSN-INJECTOR_DEGRADATION-004,76.66,0.231,1354.4382,INJECTOR_DEGRADATION,0.02,0.01,1076.0,0.922,LOW_RUL,PHYSICAL_FAULT,
2026-01-01 00:03:25+00:00,ENG-DATASET-004,MSN-INJECTOR_DEGRADATION-004,76.59,0.2332,1348.8227,INJECTOR_DEGRADATION,0.02,0.01,1067.2,0.921,LOW_RUL,PHYSICAL_FAULT,
2026-01-01 00:03:26+00:00,ENG-DATASET-004,MSN-INJECTOR_DEGRADATION-004,75.7,0.2614,1345.6938,INJECTOR_DEGRADATION,0.02,0.01,954.4,0.921,LOW_RUL,PHYSICAL_FAULT,
2026-01-01 00:03:27+00:00,ENG-DATASET-004,MSN-INJECTOR_DEGRADATION-004,75.27,0.2666,1341.8917,INJECTOR_DEGRADATION,0.02,0.01,933.6,0.92,LOW_RUL,PHYSICAL_FAULT,
2026-01-01 00:03:28+00:00,ENG-DATASET-004,MSN-INJECTOR_DEGRADATION-004,75.42,0.2476,1333.6305,INJECTOR_DEGRADATION,0.02,0.01,1009.6,0.92,LOW_RUL,PHYSICAL_FAULT,
2026-01-01 00:03:29+00:00,ENG-DATASET-004,MSN-INJECTOR_DEGRADATION-004,75.19,0.2479,1323.2616,INJECTOR_DEGRADATION,0.02,0.01,1008.4,0.919,LOW_RUL,PHYSICAL_FAULT,
2026-01-01 00:03:30+00:00,ENG-DATASET-004,MSN-INJECTOR_DEGRADATION-004,75.19,0.2455,1309.6458,INJECTOR_DEGRADATION,0.02,0.01,1018.0,0.919,LOW_RUL,PHYSICAL_FAULT,
2026-01-01 00:03:31+00:00,ENG-DATASET-004,MSN-INJECTOR_DEGRADATION-004,75.33,0.2428,1292.29,INJECTOR_DEGRADATION,0.02,0.01,1028.8,0.919,LOW_RUL,PHYSICAL_FAULT,
2026-01-01 00:03:32+00:00,ENG-DATASET-004,MSN-INJECTOR_DEGRADATION-004,75.43,0.2423,1271.6792,INJECTOR_DEGRADATION,0.02,0.01,1030.8,0.919,LOW_RUL,PHYSICAL_FAULT,
2026-01-01 00:03:33+00:00,ENG-DATASET-004,MSN-INJECTOR_DEGRADATION-004,74.64,0.2721,1253.1301,INJECTOR_DEGRADATION,0.02,0.01,911.6,0.919,LOW_RUL,PHYSICAL_FAULT,
2026-01-01 00:03:34+00:00,ENG-DATASET-004,MSN-INJECTOR_DEGRADATION-004,74.29,0.2775,1233.6877,INJECTOR_DEGRADATION,0.02,0.01,890.0,0.918,LOW_RUL,PHYSICAL_FAULT,
2026-01-01 00:03:35+00:00,ENG-DATASET-004,MSN-INJECTOR_DEGRADATION-004,73.81,0.2831,1213.6581,INJECTOR_DEGRADATION,0.02,0.01,867.6,0.918,LOW_RUL,PHYSICAL_FAULT,
2026-01-01 00:03:36+00:00,ENG-DATASET-004,MSN-INJECTOR_DEGRADATION-004,73.37,0.2867,1192.4872,INJECTOR_DEGRADATION,0.02,0.01,853.2,0.917,LOW_RUL,PHYSICAL_FAULT,
2026-01-01 00:03:37+00:00,ENG-DATASET-004,MSN-INJECTOR_DEGRADATION-004,73.77,0.262,1165.2047,INJECTOR_DEGRADATION,0.02,0.01,952.0,0.917,LOW_RUL,PHYSICAL_FAULT,
2026-01-01 00:03:38+00:00,ENG-DATASET-004,MSN-INJECTOR_DEGRADATION-004,73.78,0.2596,1134.5131,INJECTOR_DEGRADATION,0.02,0.01,961.6,0.917,LOW_RUL,PHYSICAL_FAULT,
2026-01-01 00:03:39+00:00,ENG-DATASET-004,MSN-INJECTOR_DEGRADATION-004,73.19,0.2854,1105.202,INJECTOR_DEGRADATION,0.02,0.01,858.4,0.917,LOW_RUL,PHYSICAL_FAULT,
2026-01-01 00:03:40+00:00,ENG-DATASET-004,MSN-INJECTOR_DEGRADATION-004,73.22,0.2866,1075.7568,INJECTOR_DEGRADATION,0.02,0.01,853.6,0.917,LOW_RUL,PHYSICAL_FAULT,
2026-01-01 00:03:41+00:00,ENG-DATASET-004,MSN-INJECTOR_DEGRADATION-004,73.03,0.2909,1047.498,INJECTOR_DEGRADATION,0.02,0.01,836.4,0.916,LOW_RUL,PHYSICAL_FAULT,
2026-01-01 00:03:42+00:00,ENG-DATASET-004,MSN-INJECTOR_DEGRADATION-004,72.59,0.2974,1021.5698,INJECTOR_DEGRADATION,0.02,0.01,810.4,0.916,LOW_RUL,PHYSICAL_FAULT,
2026-01-01 00:03:43+00:00,ENG-DATASET-004,MSN-INJECTOR_DEGRADATION-004,72.04,0.3032,998.2873,INJECTOR_DEGRADATION,0.02,0.01,787.2,0.915,LOW_RUL,PHYSICAL_FAULT,
2026-01-01 00:03:44+00:00,ENG-DATASET-004,MSN-INJECTOR_DEGRADATION-004,71.65,0.3042,975.606,INJECTOR_DEGRADATION,0.02,0.01,783.2,0.914,LOW_RUL,PHYSICAL_FAULT,
2026-01-01 00:03:45+00:00,ENG-DATASET-004,MSN-INJECTOR_DEGRADATION-004,71.53,0.3057,951.6213,INJECTOR_DEGRADATION,0.02,0.01,777.2,0.914,LOW_RUL,PHYSICAL_FAULT,
2026-01-01 00:03:46+00:00,ENG-DATASET-004,MSN-INJECTOR_DEGRADATION-004,71.39,0.3075,930.2114,INJECTOR_DEGRADATION,0.02,0.01,770.0,0.914,LOW_RUL,PHYSICAL_FAULT,
2026-01-01 00:03:47+00:00,ENG-DATASET-004,MSN-INJECTOR_DEGRADATION-004,71.31,0.3068,911.6662,INJECTOR_DEGRADATION,0.02,0.01,772.8,0.914,LOW_RUL,PHYSICAL_FAULT,
2026-01-01 00:03:48+00:00,ENG-DATASET-004,MSN-INJECTOR_DEGRADATION-004,71.29,0.3089,896.1209,INJECTOR_DEGRADATION,0.02,0.01,764.4,0.914,LOW_RUL,PHYSICAL_FAULT,
2026-01-01 00:03:49+00:00,ENG-DATASET-004,MSN-INJECTOR_DEGRADATION-004,71.08,0.3117,884.7808,INJECTOR_DEGRADATION,0.02,0.01,753.2,0.913,LOW_RUL,PHYSICAL_FAULT,
2026-01-01 00:03:50+00:00,ENG-DATASET-004,MSN-INJECTOR_DEGRADATION-004,70.87,0.3124,875.8573,INJECTOR_DEGRADATION,0.02,0.01,750.4,0.912,LOW_RUL,PHYSICAL_FAULT,
2026-01-01 00:03:51+00:00,ENG-DATASET-004,MSN-INJECTOR_DEGRADATION-004,70.78,0.3132,865.7525,INJECTOR_DEGRADATION,0.02,0.01,747.2,0.912,LOW_RUL,PHYSICAL_FAULT,
2026-01-01 00:03:52+00:00,ENG-DATASET-004,MSN-INJECTOR_DEGRADATION-004,70.68,0.3145,856.1988,INJECTOR_DEGRADATION,0.02,0.01,742.0,0.911,LOW_RUL,PHYSICAL_FAULT,
2026-01-01 00:03:53+00:00,ENG-DATASET-004,MSN-INJECTOR_DEGRADATION-004,70.55,0.3162,847.6955,INJECTOR_DEGRADATION,0.02,0.01,735.2,0.911,LOW_RUL,PHYSICAL_FAULT,
2026-01-01 00:03:54+00:00,ENG-DATASET-004,MSN-INJECTOR_DEGRADATION-004,70.4,0.3182,840.9286,INJECTOR_DEGRADATION,0.02,0.01,727.2,0.911,LOW_RUL,PHYSICAL_FAULT,
2026-01-01 00:03:55+00:00,ENG-DATASET-004,MSN-INJECTOR_DEGRADATION-004,70.24,0.32,836.7204,INJECTOR_DEGRADATION,0.02,0.01,720.0,0.911,LOW_RUL,PHYSICAL_FAULT,
2026-01-01 00:03:56+00:00,ENG-DATASET-004,MSN-INJECTOR_DEGRADATION-004,70.09,0.3214,834.5138,INJECTOR_DEGRADATION,0.02,0.01,714.4,0.911,LOW_RUL,PHYSICAL_FAULT,
2026-01-01 00:03:57+00:00,ENG-DATASET-004,MSN-INJECTOR_DEGRADATION-004,69.97,0.3223,832.0901,INJECTOR_DEGRADATION,0.02,0.01,710.8,0.91,LOW_RUL,PHYSICAL_FAULT,
2026-01-01 00:03:58+00:00,ENG-DATASET-004,MSN-INJECTOR_DEGRADATION-004,69.88,0.3229,828.7532,INJECTOR_DEGRADATION,0.02,0.01,708.4,0.909,LOW_RUL,PHYSICAL_FAULT,
2026-01-01 00:03:59+00:00,ENG-DATASET-004,MSN-INJECTOR_DEGRADATION-004,69.8,0.3236,823.8518,INJECTOR_DEGRADATION,0.02,0.01,705.6,0.908,LOW_RUL,PHYSICAL_FAULT,
2026-01-01 00:04:00+00:00,ENG-DATASET-004,MSN-INJECTOR_DEGRADATION-004,69.69,0.3254,817.319,INJECTOR_DEGRADATION,0.02,0.01,698.4,0.908,LOW_RUL,PHYSICAL_FAULT,
2026-01-01 00:04:01+00:00,ENG-DATASET-004,MSN-INJECTOR_DEGRADATION-004,69.54,0.3274,809.6819,INJECTOR_DEGRADATION,0.02,0.01,690.4,0.908,LOW_RUL,PHYSICAL_FAULT,
2026-01-01 00:04:02+00:00,ENG-DATASET-004,MSN-INJECTOR_DEGRADATION-004,69.38,0.3293,801.7197,INJECTOR_DEGRADATION,0.02,0.01,682.8,0.909,LOW_RUL,PHYSICAL_FAULT,
2026-01-01 00:04:03+00:00,ENG-DATASET-004,MSN-INJECTOR_DEGRADATION-004,69.25,0.3306,793.8755,INJECTOR_DEGRADATION,0.02,0.01,677.6,0.909,LOW_RUL,PHYSICAL_FAULT,
2026-01-01 00:04:04+00:00,ENG-DATASET-004,MSN-INJECTOR_DEGRADATION-004,69.17,0.331,786.1344,INJECTOR_DEGRADATION,0.02,0.01,676.0,0.91,LOW_RUL,PHYSICAL_FAULT,
2026-01-01 00:04:05+00:00,ENG-DATASET-004,MSN-INJECTOR_DEGRADATION-004,69.17,0.3301,777.651,INJECTOR_DEGRADATION,0.02,0.01,679.6,0.909,LOW_RUL,PHYSICAL_FAULT,
2026-01-01 00:04:06+00:00,ENG-DATASET-004,MSN-INJECTOR_DEGRADATION-004,69.25,0.3289,767.2771,INJECTOR_DEGRADATION,0.02,0.01,684.4,0.909,LOW_RUL,PHYSICAL_FAULT,
2026-01-01 00:04:07+00:00,ENG-DATASET-004,MSN-INJECTOR_DEGRADATION-004,69.34,0.3279,754.2695,INJECTOR_DEGRADATION,0.02,0.01,688.4,0.909,LOW_RUL,PHYSICAL_FAULT,
2026-01-01 00:04:08+00:00,ENG-DATASET-004,MSN-INJECTOR_DEGRADATION-004,69.4,0.3276,738.7092,INJECTOR_DEGRADATION,0.02,0.01,689.6,0.909,LOW_RUL,PHYSICAL_FAULT,
2026-01-01 00:04:09+00:00,ENG-DATASET-004,MSN-INJECTOR_DEGRADATION-004,69.43,0.3278,721.1553,INJECTOR_DEGRADATION,0.02,0.01,688.8,0.91,LOW_RUL,PHYSICAL_FAULT,
2026-01-01 00:04:10+00:00,ENG-DATASET-004,MSN-INJECTOR_DEGRADATION-004,69.42,0.3282,702.7202,INJECTOR_DEGRADATION,0.02,0.01,687.2,0.91,LOW_RUL,PHYSICAL_FAULT,
2026-01-01 00:04:11+00:00,ENG-DATASET-004,MSN-INJECTOR_DEGRADATION-004,69.4,0.3284,684.115,INJECTOR_DEGRADATION,0.03,0.01,686.4,0.91,LOW_RUL,PHYSICAL_FAULT,
2026-01-01 00:04:12+00:00,ENG-DATASET-004,MSN-INJECTOR_DEGRADATION-004,69.42,0.3279,665.3468,INJECTOR_DEGRADATION,0.03,0.01,688.4,0.911,LOW_RUL,PHYSICAL_FAULT,
2026-01-01 00:04:13+00:00,ENG-DATASET-004,MSN-INJECTOR_DEGRADATION-004,69.47,0.3269,645.7634,INJECTOR_DEGRADATION,0.03,0.01,692.4,0.91,LOW_RUL,PHYSICAL_FAULT,
2026-01-01 00:04:14+00:00,ENG-DATASET-004,MSN-INJECTOR_DEGRADATION-004,69.56,0.3257,624.2754,INJECTOR_DEGRADATION,0.03,0.01,697.2,0.91,LOW_RUL,PHYSICAL_FAULT,
2026-01-01 00:04:15+00:00,ENG-DATASET-004,MSN-INJECTOR_DEGRADATION-004,69.64,0.3248,597.687,INJECTOR_DEGRADATION,0.03,0.01,700.8,0.91,LOW_RUL,PHYSICAL_FAULT,
2026-01-01 00:04:16+00:00,ENG-DATASET-004,MSN-INJECTOR_DEGRADATION-004,69.7,0.3246,571.0496,INJECTOR_DEGRADATION,0.03,0.01,701.6,0.91,LOW_RUL,PHYSICAL_FAULT,
2026-01-01 00:04:17+00:00,ENG-DATASET-004,MSN-INJECTOR_DEGRADATION-004,69.72,0.3248,545.5435,INJECTOR_DEGRADATION,0.03,0.01,700.8,0.911,LOW_RUL,PHYSICAL_FAULT,
2026-01-01 00:04:18+00:00,ENG-DATASET-004,MSN-INJECTOR_DEGRADATION-004,69.72,0.3245,522.6172,INJECTOR_DEGRADATION,0.03,0.01,702.0,0.911,LOW_RUL,PHYSICAL_FAULT,
2026-01-01 00:04:19+00:00,ENG-DATASET-004,MSN-INJECTOR_DEGRADATION-004,69.84,0.3213,502.5016,INJECTOR_DEGRADATION,0.04,0.01,714.8,0.912,LOW_RUL,PHYSICAL_FAULT,
2026-01-01 00:04:20+00:00,ENG-DATASET-004,MSN-INJECTOR_DEGRADATION-004,70.03,0.3214,484.1255,INJECTOR_DEGRADATION,0.04,0.01,714.4,0.912,LOW_RUL,PHYSICAL_FAULT,
2026-01-01 00:04:21+00:00,ENG-DATASET-004,MSN-INJECTOR_DEGRADATION-004,69.97,0.3238,466.4616,INJECTOR_DEGRADATION,0.04,0.01,704.8,0.911,LOW_RUL,PHYSICAL_FAULT,
2026-01-01 00:04:22+00:00,ENG-DATASET-004,MSN-INJECTOR_DEGRADATION-004,69.84,0.3228,448.5636,INJECTOR_DEGRADATION,0.04,0.01,708.8,0.911,LOW_RUL,PHYSICAL_FAULT,
2026-01-01 00:04:23+00:00,ENG-DATASET-004,MSN-INJECTOR_DEGRADATION-004,69.91,0.3222,428.259,INJECTOR_DEGRADATION,0.04,0.01,711.2,0.911,LOW_RUL,PHYSICAL_FAULT,
2026-01-01 00:04:24+00:00,ENG-DATASET-004,MSN-INJECTOR_DEGRADATION-004,69.94,0.3222,405.8367,INJECTOR_DEGRADATION,0.04,0.01,711.2,0.911,LOW_RUL,PHYSICAL_FAULT,
2026-01-01 00:04:25+00:00,ENG-DATASET-004,MSN-INJECTOR_DEGRADATION-004,69.94,0.3226,382.4972,INJECTOR_DEGRADATION,0.05,0.01,709.6,0.911,LOW_RUL,PHYSICAL_FAULT,
2026-01-01 00:04:26+00:00,ENG-DATASET-004,MSN-INJECTOR_DEGRADATION-004,70.01,0.3193,362.8448,INJECTOR_DEGRADATION,0.05,0.01,722.8,0.912,LOW_RUL,PHYSICAL_FAULT,
2026-01-01 00:04:27+00:00,ENG-DATASET-004,MSN-INJECTOR_DEGRADATION-004,70.26,0.3175,343.2023,INJECTOR_DEGRADATION,0.05,0.01,730.0,0.912,LOW_RUL,PHYSICAL_FAULT,
2026-01-01 00:04:28+00:00,ENG-DATASET-004,MSN-INJECTOR_DEGRADATION-004,70.34,0.3189,321.1702,INJECTOR_DEGRADATION,0.06,0.01,724.4,0.912,LOW_RUL,PHYSICAL_FAULT,
2026-01-01 00:04:29+00:00,ENG-DATASET-004,MSN-INJECTOR_DEGRADATION-004,70.16,0.3223,300.5875,INJECTOR_DEGRADATION,0.06,0.01,710.8,0.912,LOW_RUL,PHYSICAL_FAULT,
2026-01-01 00:04:30+00:00,ENG-DATASET-004,MSN-INJECTOR_DEGRADATION-004,69.97,0.3216,280.1198,INJECTOR_DEGRADATION,0.06,0.01,713.6,0.911,LOW_RUL,PHYSICAL_FAULT,
2026-01-01 00:04:31+00:00,ENG-DATASET-004,MSN-INJECTOR_DEGRADATION-004,70.01,0.3213,257.5175,INJECTOR_DEGRADATION,0.07,0.01,714.8,0.911,LOW_RUL,PHYSICAL_FAULT,
2026-01-01 00:04:32+00:00,ENG-DATASET-004,MSN-INJECTOR_DEGRADATION-004,70.01,0.3217,233.2408,INJECTOR_DEGRADATION,0.08,0.01,713.2,0.911,LOW_RUL,PHYSICAL_FAULT,
2026-01-01 00:04:33+00:00,ENG-DATASET-004,MSN-INJECTOR_DEGRADATION-004,69.97,0.3225,212.9361,INJECTOR_DEGRADATION,0.08,0.01,710.0,0.911,LOW_RUL,PHYSICAL_FAULT,
2026-01-01 00:04:34+00:00,ENG-DATASET-004,MSN-INJECTOR_DEGRADATION-004,69.96,0.3215,193.8919,INJECTOR_DEGRADATION,0.09,0.01,714.0,0.912,LOW_RUL,PHYSICAL_FAULT,
2026-01-01 00:04:35+00:00,ENG-DATASET-004,MSN-INJECTOR_DEGRADATION-004,70.03,0.321,176.497,INJECTOR_DEGRADATION,0.1,0.01,716.0,0.912,LOW_RUL,PHYSICAL_FAULT,
2026-01-01 00:04:36+00:00,ENG-DATASET-004,MSN-INJECTOR_DEGRADATION-004,70.0,0.3235,161.2078,INJECTOR_DEGRADATION,0.11,0.01,706.0,0.911,LOW_RUL,PHYSICAL_FAULT,
2026-01-01 00:04:37+00:00,ENG-DATASET-004,MSN-INJECTOR_DEGRADATION-004,69.85,0.323,143.6889,INJECTOR_DEGRADATION,0.12,0.01,708.0,0.911,LOW_RUL,PHYSICAL_FAULT,
2026-01-01 00:04:38+00:00,ENG-DATASET-004,MSN-INJECTOR_DEGRADATION-004,69.88,0.3225,125.1478,INJECTOR_DEGRADATION,0.14,0.02,710.0,0.911,LOW_RUL,PHYSICAL_FAULT,
2026-01-01 00:04:39+00:00,ENG-DATASET-004,MSN-INJECTOR_DEGRADATION-004,69.86,0.3239,109.5444,INJECTOR_DEGRADATION,0.16,0.02,704.4,0.91,LOW_RUL,PHYSICAL_FAULT,
2026-01-01 00:04:40+00:00,ENG-DATASET-004,MSN-INJECTOR_DEGRADATION-004,69.71,0.3261,93.9771,INJECTOR_DEGRADATION,0.19,0.02,695.6,0.91,LOW_RUL,PHYSICAL_FAULT,
2026-01-01 00:04:41+00:00,ENG-DATASET-004,MSN-INJECTOR_DEGRADATION-004,69.51,0.3287,80.0472,INJECTOR_DEGRADATION,0.21,0.02,685.2,0.91,LOW_RUL,PHYSICAL_FAULT,
2026-01-01 00:04:42+00:00,ENG-DATASET-004,MSN-INJECTOR_DEGRADATION-004,69.29,0.3313,69.3963,INJECTOR_DEGRADATION,0.24,0.02,674.8,0.91,LOW_RUL,PHYSICAL_FAULT,
2026-01-01 00:04:43+00:00,ENG-DATASET-004,MSN-INJECTOR_DEGRADATION-004,69.09,0.3332,62.6214,INJECTOR_DEGRADATION,0.27,0.02,667.2,0.91,LOW_RUL,PHYSICAL_FAULT,
2026-01-01 00:04:44+00:00,ENG-DATASET-004,MSN-INJECTOR_DEGRADATION-004,68.97,0.3331,58.3442,INJECTOR_DEGRADATION,0.29,0.02,667.6,0.909,LOW_RUL,PHYSICAL_FAULT,
2026-01-01 00:04:45+00:00,ENG-DATASET-004,MSN-INJECTOR_DEGRADATION-004,68.97,0.3325,54.2631,INJECTOR_DEGRADATION,0.31,0.02,670.0,0.909,LOW_RUL,PHYSICAL_FAULT,
2026-01-01 00:04:46+00:00,ENG-DATASET-004,MSN-INJECTOR_DEGRADATION-004,69.0,0.3321,50.347,INJECTOR_DEGRADATION,0.33,0.02,671.6,0.908,LOW_RUL,PHYSICAL_FAULT,
2026-01-01 00:04:47+00:00,ENG-DATASET-004,MSN-INJECTOR_DEGRADATION-004,69.01,0.3323,46.3819,INJECTOR_DEGRADATION,0.36,0.02,670.8,0.908,LOW_RUL,PHYSICAL_FAULT,
2026-01-01 00:04:48+00:00,ENG-DATASET-004,MSN-INJECTOR_DEGRADATION-004,68.97,0.3334,42.3148,INJECTOR_DEGRADATION,0.39,0.02,666.4,0.908,LOW_RUL,PHYSICAL_FAULT,
2026-01-01 00:04:49+00:00,ENG-DATASET-004,MSN-INJECTOR_DEGRADATION-004,68.87,0.3349,39.655,INJECTOR_DEGRADATION,0.42,0.02,660.4,0.909,LOW_RUL,PHYSICAL_FAULT,
2026-01-01 00:04:50+00:00,ENG-DATASET-004,MSN-INJECTOR_DEGRADATION-004,68.76,0.3361,38.4837,INJECTOR_DEGRADATION,0.43,0.02,655.6,0.909,LOW_RUL,PHYSICAL_FAULT,
2026-01-01 00:04:51+00:00,ENG-DATASET-004,MSN-INJECTOR_DEGRADATION-004,68.68,0.3365,37.9115,INJECTOR_DEGRADATION,0.43,0.02,654.0,0.909,LOW_RUL,PHYSICAL_FAULT,
2026-01-01 00:04:52+00:00,ENG-DATASET-004,MSN-INJECTOR_DEGRADATION-004,68.67,0.3359,37.5884,INJECTOR_DEGRADATION,0.44,0.02,656.4,0.908,LOW_RUL,PHYSICAL_FAULT,
2026-01-01 00:04:53+00:00,ENG-DATASET-004,MSN-INJECTOR_DEGRADATION-004,68.72,0.3348,37.3614,INJECTOR_DEGRADATION,0.44,0.02,660.8,0.908,LOW_RUL,PHYSICAL_FAULT,
2026-01-01 00:04:54+00:00,ENG-DATASET-004,MSN-INJECTOR_DEGRADATION-004,68.8,0.334,37.2113,INJECTOR_DEGRADATION,0.45,0.02,664.0,0.908,LOW_RUL,PHYSICAL_FAULT,
2026-01-01 00:04:55+00:00,ENG-DATASET-004,MSN-INJECTOR_DEGRADATION-004,68.84,0.3339,37.4814,INJECTOR_DEGRADATION,0.44,0.02,664.4,0.908,LOW_RUL,PHYSICAL_FAULT,
2026-01-01 00:04:56+00:00,ENG-DATASET-004,MSN-INJECTOR_DEGRADATION-004,68.83,0.3346,38.4457,INJECTOR_DEGRADATION,0.43,0.02,661.6,0.908,LOW_RUL,PHYSICAL_FAULT,
2026-01-01 00:04:57+00:00,ENG-DATASET-004,MSN-INJECTOR_DEGRADATION-004,68.78,0.3356,40.1852,INJECTOR_DEGRADATION,0.41,0.02,657.6,0.909,LOW_RUL,PHYSICAL_FAULT,
2026-01-01 00:04:58+00:00,ENG-DATASET-004,MSN-INJECTOR_DEGRADATION-004,68.72,0.3362,42.5898,INJECTOR_DEGRADATION,0.38,0.02,655.2,0.909,LOW_RUL,PHYSICAL_FAULT,
2026-01-01 00:04:59+00:00,ENG-DATASET-004,MSN-INJECTOR_DEGRADATION-004,68.7,0.3359,45.3686,INJECTOR_DEGRADATION,0.36,0.02,656.4,0.909,LOW_RUL,PHYSICAL_FAULT,
2026-01-01 00:05:00+00:00,ENG-DATASET-004,MSN-INJECTOR_DEGRADATION-004,69.96,0.2882,41.1624,INJECTOR_DEGRADATION,0.51,0.02,847.2,0.911,LOW_RUL,PHYSICAL_FAULT,
