timestamp,engineId,missionId,health,degradation,degradationRatePerHour,dominantMechanism,rulHours,rulLowerBoundHours,rulUpperBoundHours,rulConfidence,rulStatus,diagnosticType,affectedSensor
2026-01-01 00:00:01+00:00,ENG-DATASET-000,MSN-LUBRICATION_DEGRADATION-000,100.0,0.0,0.0,HEALTHY,,,,0.05,INSUFFICIENT_HISTORY,NORMAL,
2026-01-01 00:00:02+00:00,ENG-DATASET-000,MSN-LUBRICATION_DEGRADATION-000,100.0,0.0,0.0,HEALTHY,,,,0.1,INSUFFICIENT_HISTORY,NORMAL,
2026-01-01 00:00:03+00:00,ENG-DATASET-000,MSN-LUBRICATION_DEGRADATION-000,100.0,0.0,0.0,HEALTHY,,,,0.15,INSUFFICIENT_HISTORY,NORMAL,
2026-01-01 00:00:04+00:00,ENG-DATASET-000,MSN-LUBRICATION_DEGRADATION-000,100.0,0.0,0.0,HEALTHY,,,,0.2,INSUFFICIENT_HISTORY,NORMAL,
2026-01-01 00:00:05+00:00,ENG-DATASET-000,MSN-LUBRICATION_DEGRADATION-000,100.0,0.0,0.0,HEALTHY,,,,0.25,STABLE,NORMAL,
2026-01-01 00:00:06+00:00,ENG-DATASET-000,MSN-LUBRICATION_DEGRADATION-000,100.0,0.0,0.0,HEALTHY,,,,0.3,STABLE,NORMAL,
2026-01-01 00:00:07+00:00,ENG-DATASET-000,MSN-LUBRICATION_DEGRADATION-000,100.0,0.0,0.0,HEALTHY,,,,0.35,STABLE,NORMAL,
2026-01-01 00:00:08+00:00,ENG-DATASET-000,MSN-LUBRICATION_DEGRADATION-000,100.0,0.0,0.0,HEALTHY,,,,0.4,STABLE,NORMAL,
2026-01-01 00:00:09+00:00,ENG-DATASET-000,MSN-LUBRICATION_DEGRADATION-000,100.0,0.0,0.0,HEALTHY,,,,0.45,STABLE,NORMAL,
2026-01-01 00:00:10+00:00,ENG-DATASET-000,MSN-LUBRICATION_DEGRADATION-000,100.0,0.0,0.0,HEALTHY,,,,0.5,STABLE,NORMAL,
2026-01-01 00:00:11+00:00,ENG-DATASET-000,MSN-LUBRICATION_DEGRADATION-000,100.0,0.0,0.0,HEALTHY,,,,0.55,STABLE,NORMAL,
2026-01-01 00:00:12+00:00,ENG-DATASET-000,MSN-LUBRICATION_DEGRADATION-000,100.0,0.0,0.0,HEALTHY,,,,0.6,STABLE,NORMAL,
2026-01-01 00:00:13+00:00,ENG-DATASET-000,MSN-LUBRICATION_DEGRADATION-000,100.0,0.0,0.0,HEALTHY,,,,0.65,STABLE,NORMAL,
2026-01-01 00:00:14+00:00,ENG-DATASET-000,MSN-LUBRICATION_DEGRADATION-000,100.0,0.0,0.0,HEALTHY,,,,0.7,STABLE,NORMAL,
2026-01-01 00:00:15+00:00,ENG-DATASET-000,MSN-LUBRICATION_DEGRADATION-000,100.0,0.0,0.0,HEALTHY,,,,0.75,STABLE,NORMAL,
2026-01-01 00:00:16+00:00,ENG-DATASET-000,MSN-LUBRICATION_DEGRADATION-000,100.0,0.0,0.0,HEALTHY,,,,0.8,STABLE,NORMAL,
2026-01-01 00:00:17+00:00,ENG-DATASET-000,MSN-LUBRICATION_DEGRADATION-000,100.0,0.0,0.0,HEALTHY,,,,0.85,STABLE,NORMAL,
2026-01-01 00:00:18+00:00,ENG-DATASET-000,MSN-LUBRICATION_DEGRADATION-000,100.0,0.0,0.0,HEALTHY,,,,0.9,STABLE,NORMAL,
2026-01-01 00:00:19+00:00,ENG-DATASET-000,MSN-LUBRICATION_DEGRADATION-000,100.0,0.0,0.0,HEALTHY,,,,0.95,STABLE,NORMAL,
2026-01-01 00:00:20+00:00,ENG-DATASET-000,MSN-LUBRICATION_DEGRADATION-000,100.0,0.0,0.0,HEALTHY,,,,1.0,STABLE,NORMAL,
2026-01-01 00:00:21+00:00,ENG-DATASET-000,MSN-LUBRICATION_DEGRADATION-000,100.0,0.0,0.0,HEALTHY,,,,1.0,STABLE,NORMAL,
2026-01-01 00:00:22+00:00,ENG-DATASET-000,MSN-LUBRICATION_DEGRADATION-000,100.0,0.0,0.0,HEALTHY,,,,1.0,STABLE,NORMAL,
2026-01-01 00:00:23+00:00,ENG-DATASET-000,MSN-LUBRICATION_DEGRADATION-000,100.0,0.0,0.0,HEALTHY,,,,1.0,STABLE,NORMAL,
2026-01-01 00:00:24+00:00,ENG-DATASET-000,MSN-LUBRICATION_DEGRADATION-000,100.0,0.0,0.0,HEALTHY,,,,1.0,STABLE,NORMAL,
2026-01-01 00:00:25+00:00,ENG-DATASET-000,MSN-LUBRICATION_DEGRADATION-000,100.0,0.0,0.0,HEALTHY,,,,1.0,STABLE,NORMAL,
2026-01-01 00:00:26+00:00,ENG-DATASET-000,MSN-LUBRICATION_DEGRADATION-000,100.0,0.0,0.0,HEALTHY,,,,1.0,STABLE,NORMAL,
2026-01-01 00:00:27+00:00,ENG-DATASET-000,MSN-LUBRICATION_DEGRADATION-000,100.0,0.0,0.0,HEALTHY,,,,1.0,STABLE,NORMAL,
2026-01-01 00:00:28+00:00,ENG-DATASET-000,MSN-LUBRICATION_DEGRADATION-000,100.0,0.0,0.0,HEALTHY,,,,1.0,STABLE,NORMAL,
2026-01-01 00:00:29+00:00,ENG-DATASET-000,MSN-LUBRICATION_DEGRADATION-000,100.0,0.0,0.0,HEALTHY,,,,1.0,STABLE,NORMAL,
2026-01-01 00:00:30+00:00,ENG-DATASET-000,MSN-LUBRICATION_DEGRADATION-000,100.0,0.0,0.0,HEALTHY,,,,1.0,STABLE,NORMAL,
2026-01-01 00:00:31+00:00,ENG-DATASET-000,MSN-LUBRICATION_DEGRADATION-000,100.0,0.0,0.0,HEALTHY,,,,1.0,STABLE,NORMAL,
2026-01-01 00:00:32+00:00,ENG-DATASET-000,MSN-LUBRICATION_DEGRADATION-000,100.0,0.0,0.0,HEALTHY,,,,1.0,STABLE,NORMAL,
2026-01-01 00:00:33+00:00,ENG-DATASET-000,MSN-LUBRICATION_DEGRADATION-000,100.0,0.0,0.0,HEALTHY,,,,1.0,STABLE,NORMAL,
2026-01-01 00:00:34+00:00,ENG-DATASET-000,MSN-LUBRICATION_DEGRADATION-000,100.0,0.0,0.0,HEALTHY,,,,1.0,STABLE,NORMAL,
2026-01-01 00:00:35+00:00,ENG-DATASET-000,MSN-LUBRICATION_DEGRADATION-000,100.0,0.0,0.0,HEALTHY,,,,1.0,STABLE,NORMAL,
2026-01-01 00:00:36+00:00,ENG-DATASET-000,MSN-LUBRICATION_DEGRADATION-000,100.0,0.0,0.0,HEALTHY,,,,1.0,STABLE,NORMAL,
2026-01-01 00:00:37+00:00,ENG-DATASET-000,MSN-LUBRICATION_DEGRADATION-000,100.0,0.0,0.0,HEALTHY,,,,1.0,STABLE,NORMAL,
2026-01-01 00:00:38+00:00,ENG-DATASET-000,MSN-LUBRICATION_DEGRADATION-000,100.0,0.0,0.0,HEALTHY,,,,1.0,STABLE,NORMAL,
2026-01-01 00:00:39+00:00,ENG-DATASET-000,MSN-LUBRICATION_DEGRADATION-000,100.0,0.0,0.0,HEALTHY,,,,1.0,STABLE,NORMAL,
2026-01-01 00:00:40+00:00,ENG-DATASET-000,MSN-LUBRICATION_DEGRADATION-000,100.0,0.0,0.0,HEALTHY,,,,1.0,STABLE,NORMAL,
2026-01-01 00:00:41+00:00,ENG-DATASET-000,MSN-LUBRICATION_DEGRADATION-000,100.0,0.0,0.0,HEALTHY,,,,1.0,STABLE,NORMAL,
2026-01-01 00:00:42+00:00,ENG-DATASET-000,MSN-LUBRICATION_DEGRADATION-000,100.0,0.0,0.0,HEALTHY,,,,1.0,STABLE,NORMAL,
2026-01-01 00:00:43+00:00,ENG-DATASET-000,MSN-LUBRICATION_DEGRADATION-000,100.0,0.0,0.0,HEALTHY,,,,1.0,STABLE,NORMAL,
2026-01-01 00:00:44+00:00,ENG-DATASET-000,MSN-LUBRICATION_DEGRADATION-000,100.0,0.0,0.0,HEALTHY,,,,1.0,STABLE,NORMAL,
2026-01-01 00:00:45+00:00,ENG-DATASET-000,MSN-LUBRICATION_DEGRADATION-000,100.0,0.0,0.0,HEALTHY,,,,1.0,STABLE,NORMAL,
2026-01-01 00:00:46+00:00,ENG-DATASET-000,MSN-LUBRICATION_DEGRADATION-000,100.0,0.0,0.0,HEALTHY,,,,1.0,STABLE,NORMAL,
2026-01-01 00:00:47+00:00,ENG-DATASET-000,MSN-LUBRICATION_DEGRADATION-000,100.0,0.0,0.0,HEALTHY,,,,1.0,STABLE,NORMAL,
2026-01-01 00:00:48+00:00,ENG-DATASET-000,MSN-LUBRICATION_DEGRADATION-000,100.0,0.0,0.0,HEALTHY,,,,1.0,STABLE,NORMAL,
2026-01-01 00:00:49+00:00,ENG-DATASET-000,MSN-LUBRICATION_DEGRADATION-000,100.0,0.0,0.0,HEALTHY,,,,1.0,STABLE,NORMAL,
2026-01-01 00:00:50+00:00,ENG-DATASET-000,MSN-LUBRICATION_DEGRADATION-000,100.0,0.0,0.0,HEALTHY,,,,1.0,STABLE,NORMAL,
2026-01-01 00:00:51+00:00,ENG-DATASET-000,MSN-LUBRICATION_DEGRADATION-000,100.0,0.0,0.0,HEALTHY,,,,1.0,STABLE,NORMAL,
2026-01-01 00:00:52+00:00,ENG-DATASET-000,MSN-LUBRICATION_DEGRADATION-000,100.0,0.0,0.0,HEALTHY,,,,1.0,STABLE,NORMAL,
2026-01-01 00:00:53+00:00,ENG-DATASET-000,MSN-LUBRICATION_DEGRADATION-000,100.0,0.0,0.0,HEALTHY,,,,1.0,STABLE,NORMAL,
2026-01-01 00:00:54+00:00,ENG-DATASET-000,MSN-LUBRICATION_DEGRADATION-000,100.0,0.0,0.0,HEALTHY,,,,1.0,STABLE,NORMAL,
2026-01-01 00:00:55+00:00,ENG-DATASET-000,MSN-LUBRICATION_DEGRADATION-000,100.0,0.0,0.0,HEALTHY,,,,1.0,STABLE,NORMAL,
2026-01-01 00:00:56+00:00,ENG-DATASET-000,MSN-LUBRICATION_DEGRADATION-000,100.0,0.0,0.0,HEALTHY,,,,1.0,STABLE,NORMAL,
2026-01-01 00:00:57+00:00,ENG-DATASET-000,MSN-LUBRICATION_DEGRADATION-000,100.0,0.0,0.0,HEALTHY,,,,1.0,STABLE,NORMAL,
2026-01-01 00:00:58+00:00,ENG-DATASET-000,MSN-LUBRICATION_DEGRADATION-000,100.0,0.0,0.0,HEALTHY,,,,1.0,STABLE,NORMAL,
2026-01-01 00:00:59+00:00,ENG-DATASET-000,MSN-LUBRICATION_DEGRADATION-000,100.0,0.0,0.0,HEALTHY,,,,1.0,STABLE,NORMAL,
2026-01-01 00:01:00+00:00,ENG-DATASET-000,MSN-LUBRICATION_DEGRADATION-000,100.0,0.0,0.0,HEALTHY,,,,1.0,STABLE,NORMAL,
2026-01-01 00:01:01+00:00,ENG-DATASET-000,MSN-LUBRICATION_DEGRADATION-000,100.0,0.0,0.0,HEALTHY,,,,1.0,STABLE,NORMAL,
2026-01-01 00:01:02+00:00,ENG-DATASET-000,MSN-LUBRICATION_DEGRADATION-000,100.0,0.0,0.0,HEALTHY,,,,1.0,STABLE,NORMAL,
2026-01-01 00:01:03+00:00,ENG-DATASET-000,MSN-LUBRICATION_DEGRADATION-000,100.0,0.0,0.0,HEALTHY,,,,1.0,STABLE,NORMAL,
2026-01-01 00:01:04+00:00,ENG-DATASET-000,MSN-LUBRICATION_DEGRADATION-000,100.0,0.0,0.0,HEALTHY,,,,1.0,STABLE,NORMAL,
2026-01-01 00:01:05+00:00,ENG-DATASET-000,MSN-LUBRICATION_DEGRADATION-000,100.0,0.0,0.0,HEALTHY,,,,1.0,STABLE,NORMAL,
2026-01-01 00:01:06+00:00,ENG-DATASET-000,MSN-LUBRICATION_DEGRADATION-000,100.0,0.0,0.0,HEALTHY,,,,1.0,STABLE,NORMAL,
2026-01-01 00:01:07+00:00,ENG-DATASET-000,MSN-LUBRICATION_DEGRADATION-000,100.0,0.0,0.0,HEALTHY,,,,1.0,STABLE,NORMAL,
2026-01-01 00:01:08+00:00,ENG-DATASET-000,MSN-LUBRICATION_DEGRADATION-000,100.0,0.0,0.0,HEALTHY,,,,1.0,STABLE,NORMAL,
2026-01-01 00:01:09+00:00,ENG-DATASET-000,MSN-LUBRICATION_DEGRADATION-000,100.0,0.0,0.0,HEALTHY,,,,1.0,STABLE,NORMAL,
2026-01-01 00:01:10+00:00,ENG-DATASET-000,MSN-LUBRICATION_DEGRADATION-000,100.0,0.0,0.0,HEALTHY,,,,1.0,STABLE,NORMAL,
2026-01-01 00:01:11+00:00,ENG-DATASET-000,MSN-LUBRICATION_DEGRADATION-000,100.0,0.0,0.0,HEALTHY,,,,1.0,STABLE,NORMAL,
2026-01-01 00:01:12+00:00,ENG-DATASET-000,MSN-LUBRICATION_DEGRADATION-000,100.0,0.0,0.0,HEALTHY,,,,1.0,STABLE,NORMAL,
2026-01-01 00:01:13+00:00,ENG-DATASET-000,MSN-LUBRICATION_DEGRADATION-000,100.0,0.0,0.0,HEALTHY,,,,1.0,STABLE,NORMAL,
2026-01-01 00:01:14+00:00,ENG-DATASET-000,MSN-LUBRICATION_DEGRADATION-000,100.0,0.0,0.0,HEALTHY,,,,1.0,STABLE,NORMAL,
2026-01-01 00:01:15+00:00,ENG-DATASET-000,MSN-LUBRICATION_DEGRADATION-000,100.0,0.0,0.0,HEALTHY,,,,1.0,STABLE,NORMAL,
2026-01-01 00:01:16+00:00,ENG-DATASET-000,MSN-LUBRICATION_DEGRADATION-000,100.0,0.0,0.0,HEALTHY,,,,1.0,STABLE,NORMAL,
2026-01-01 00:01:17+00:00,ENG-DATASET-000,MSN-LUBRICATION_DEGRADATION-000,100.0,0.0,0.0,HEALTHY,,,,1.0,STABLE,NORMAL,
2026-01-01 00:01:18+00:00,ENG-DATASET-000,MSN-LUBRICATION_DEGRADATION-000,100.0,0.0,0.0,HEALTHY,,,,1.0,STABLE,NORMAL,
2026-01-01 00:01:19+00:00,ENG-DATASET-000,MSN-LUBRICATION_DEGRADATION-000,100.0,0.0,0.0,HEALTHY,,,,1.0,STABLE,NORMAL,
2026-01-01 00:01:20+00:00,ENG-DATASET-000,MSN-LUBRICATION_DEGRADATION-000,100.0,0.0,0.0,HEALTHY,,,,1.0,STABLE,NORMAL,
2026-01-01 00:01:21+00:00,ENG-DATASET-000,MSN-LUBRICATION_DEGRADATION-000,100.0,0.0,0.0,HEALTHY,,,,1.0,STABLE,NORMAL,
2026-01-01 00:01:22+00:00,ENG-DATASET-000,MSN-LUBRICATION_DEGRADATION-000,100.0,0.0,0.0,HEALTHY,,,,1.0,STABLE,NORMAL,
2026-01-01 00:01:23+00:00,ENG-DATASET-000,MSN-LUBRICATION_DEGRADATION-000,100.0,0.0,0.0,HEALTHY,,,,1.0,STABLE,NORMAL,
2026-01-01 00:01:24+00:00,ENG-DATASET-000,MSN-LUBRICATION_DEGRADATION-000,100.0,0.0,0.0,HEALTHY,,,,1.0,STABLE,NORMAL,
2026-01-01 00:01:25+00:00,ENG-DATASET-000,MSN-LUBRICATION_DEGRADATION-000,100.0,0.0,0.0,HEALTHY,,,,1.0,STABLE,NORMAL,
2026-01-01 00:01:26+00:00,ENG-DATASET-000,MSN-LUBRICATION_DEGRADATION-000,100.0,0.0,0.0,HEALTHY,,,,1.0,STABLE,NORMAL,
2026-01-01 00:01:27+00:00,ENG-DATASET-000,MSN-LUBRICATION_DEGRADATION-000,100.0,0.0,0.0,HEALTHY,,,,1.0,STABLE,NORMAL,
2026-01-01 00:01:28+00:00,ENG-DATASET-000,MSN-LUBRICATION_DEGRADATION-000,100.0,0.0,0.0,HEALTHY,,,,1.0,STABLE,NORMAL,
2026-01-01 00:01:29+00:00,ENG-DATASET-000,MSN-LUBRICATION_DEGRADATION-000,100.0,0.0,0.0,HEALTHY,,,,1.0,STABLE,NORMAL,
2026-01-01 00:01:30+00:00,ENG-DATASET-000,MSN-LUBRICATION_DEGRADATION-000,100.0,0.0,0.0,HEALTHY,,,,1.0,STABLE,NORMAL,
2026-01-01 00:01:31+00:00,ENG-DATASET-000,MSN-LUBRICATION_DEGRADATION-000,100.0,0.0,0.0,HEALTHY,,,,1.0,STABLE,NORMAL,
2026-01-01 00:01:32+00:00,ENG-DATASET-000,MSN-LUBRICATION_DEGRADATION-000,100.0,0.0,0.0,HEALTHY,,,,1.0,STABLE,NORMAL,
2026-01-01 00:01:33+00:00,ENG-DATASET-000,MSN-LUBRICATION_DEGRADATION-000,100.0,0.0,0.0,HEALTHY,,,,1.0,STABLE,NORMAL,
2026-01-01 00:01:34+00:00,ENG-DATASET-000,MSN-LUBRICATION_DEGRADATION-000,100.0,0.0,0.0,HEALTHY,,,,1.0,STABLE,NORMAL,
2026-01-01 00:01:35+00:00,ENG-DATASET-000,MSN-LUBRICATION_DEGRADATION-000,100.0,0.0,0.0,HEALTHY,,,,1.0,STABLE,NORMAL,
2026-01-01 00:01:36+00:00,ENG-DATASET-000,MSN-LUBRICATION_DEGRADATION-000,100.0,0.0,0.0,HEALTHY,,,,1.0,STABLE,NORMAL,
2026-01-01 00:01:37+00:00,ENG-DATASET-000,MSN-LUBRICATION_DEGRADATION-000,100.0,0.0,0.0,HEALTHY,,,,1.0,STABLE,NORMAL,
2026-01-01 00:01:38+00:00,ENG-DATASET-000,MSN-LUBRICATION_DEGRADATION-000,100.0,0.0,0.0,HEALTHY,,,,1.0,STABLE,NORMAL,
2026-01-01 00:01:39+00:00,ENG-DATASET-000,MSN-LUBRICATION_DEGRADATION-000,100.0,0.0,0.0,HEALTHY,,,,1.0,STABLE,NORMAL,
2026-01-01 00:01:40+00:00,ENG-DATASET-000,MSN-LUBRICATION_DEGRADATION-000,100.0,0.0,0.0,HEALTHY,,,,1.0,STABLE,NORMAL,
2026-01-01 00:01:41+00:00,ENG-DATASET-000,MSN-LUBRICATION_DEGRADATION-000,100.0,0.0,0.0,HEALTHY,,,,1.0,STABLE,NORMAL,
2026-01-01 00:01:42+00:00,ENG-DATASET-000,MSN-LUBRICATION_DEGRADATION-000,100.0,0.0,0.0,HEALTHY,,,,1.0,STABLE,NORMAL,
2026-01-01 00:01:43+00:00,ENG-DATASET-000,MSN-LUBRICATION_DEGRADATION-000,100.0,0.0,0.0,HEALTHY,,,,1.0,STABLE,NORMAL,
2026-01-01 00:01:44+00:00,ENG-DATASET-000,MSN-LUBRICATION_DEGRADATION-000,100.0,0.0,0.0,HEALTHY,,,,1.0,STABLE,NORMAL,
2026-01-01 00:01:45+00:00,ENG-DATASET-000,MSN-LUBRICATION_DEGRADATION-000,100.0,0.0,0.0,HEALTHY,,,,1.0,STABLE,NORMAL,
2026-01-01 00:01:46+00:00,ENG-DATASET-000,MSN-LUBRICATION_DEGRADATION-000,100.0,0.0,0.0,HEALTHY,,,,1.0,STABLE,NORMAL,
2026-01-01 00:01:47+00:00,ENG-DATASET-000,MSN-LUBRICATION_DEGRADATION-000,100.0,0.0,0.0,HEALTHY,,,,1.0,STABLE,NORMAL,
2026-01-01 00:01:48+00:00,ENG-DATASET-000,MSN-LUBRICATION_DEGRADATION-000,100.0,0.0,0.0,HEALTHY,,,,1.0,STABLE,NORMAL,
2026-01-01 00:01:49+00:00,ENG-DATASET-000,MSN-LUBRICATION_DEGRADATION-000,100.0,0.0,0.0,HEALTHY,,,,1.0,STABLE,NORMAL,
2026-01-01 00:01:50+00:00,ENG-DATASET-000,MSN-LUBRICATION_DEGRADATION-000,100.0,0.0,0.0,HEALTHY,,,,1.0,STABLE,NORMAL,
2026-01-01 00:01:51+00:00,ENG-DATASET-000,MSN-LUBRICATION_DEGRADATION-000,100.0,0.0,0.0,HEALTHY,,,,1.0,STABLE,NORMAL,
2026-01-01 00:01:52+00:00,ENG-DATASET-000,MSN-LUBRICATION_DEGRADATION-000,100.0,0.0,0.0,HEALTHY,,,,1.0,STABLE,NORMAL,
2026-01-01 00:01:53+00:00,ENG-DATASET-000,MSN-LUBRICATION_DEGRADATION-000,100.0,0.0,0.0,HEALTHY,,,,1.0,STABLE,NORMAL,
2026-01-01 00:01:54+00:00,ENG-DATASET-000,MSN-LUBRICATION_DEGRADATION-000,100.0,0.0,0.0,HEALTHY,,,,1.0,STABLE,NORMAL,
2026-01-01 00:01:55+00:00,ENG-DATASET-000,MSN-LUBRICATION_DEGRADATION-000,100.0,0.0,0.0,HEALTHY,,,,1.0,STABLE,NORMAL,
2026-01-01 00:01:56+00:00,ENG-DATASET-000,MSN-LUBRICATION_DEGRADATION-000,100.0,0.0,0.0,HEALTHY,,,,1.0,STABLE,NORMAL,
2026-01-01 00:01:57+00:00,ENG-DATASET-000,MSN-LUBRICATION_DEGRADATION-000,100.0,0.0,0.0,HEALTHY,,,,1.0,STABLE,NORMAL,
2026-01-01 00:01:58+00:00,ENG-DATASET-000,MSN-LUBRICATION_DEGRADATION-000,100.0,0.0,0.0,HEALTHY,,,,1.0,STABLE,NORMAL,
2026-01-01 00:01:59+00:00,ENG-DATASET-000,MSN-LUBRICATION_DEGRADATION-000,100.0,0.0,0.0,HEALTHY,,,,1.0,STABLE,NORMAL,
2026-01-01 00:02:00+00:00,ENG-DATASET-000,MSN-LUBRICATION_DEGRADATION-000,100.0,0.0,0.0,HEALTHY,,,,1.0,STABLE,NORMAL,
2026-01-01 00:02:01+00:00,ENG-DATASET-000,MSN-LUBRICATION_DEGRADATION-000,99.97,0.0011,0.177,LUBRICATION_DEGRADATION,281.86,1.81,1995.6,1.0,ESTIMATED,PHYSICAL_FAULT,
2026-01-01 00:02:02+00:00,ENG-DATASET-000,MSN-LUBRICATION_DEGRADATION-000,99.84,0.0033,1.1153,LUBRICATION_DEGRADATION,44.54,0.41,1986.8,1.0,ESTIMATED,PHYSICAL_FAULT,
2026-01-01 00:02:03+00:00,ENG-DATASET-000,MSN-LUBRICATION_DEGRADATION-000,99.62,0.0067,3.3199,LUBRICATION_DEGRADATION,14.86,0.21,1973.2,0.999,ESTIMATED,PHYSICAL_FAULT,
2026-01-01 00:02:04+00:00,ENG-DATASET-000,MSN-LUBRICATION_DEGRADATION-000,99.29,0.0112,7.3961,LUBRICATION_DEGRADATION,6.61,0.13,1955.2,0.999,LOW_RUL,PHYSICAL_FAULT,
2026-01-01 00:02:05+00:00,ENG-DATASET-000,MSN-LUBRICATION_DEGRADATION-000,98.86,0.0169,13.8679,LUBRICATION_DEGRADATION,3.48,0.09,1932.4,0.998,LOW_RUL,PHYSICAL_FAULT,
2026-01-01 00:02:06+00:00,ENG-DATASET-000,MSN-LUBRICATION_DEGRADATION-000,98.35,0.0226,23.1214,LUBRICATION_DEGRADATION,2.06,0.07,1909.6,0.997,LOW_RUL,PHYSICAL_FAULT,
2026-01-01 00:02:07+00:00,ENG-DATASET-000,MSN-LUBRICATION_DEGRADATION-000,97.85,0.0283,34.9957,LUBRICATION_DEGRADATION,1.35,0.06,1886.8,0.997,LOW_RUL,PHYSICAL_FAULT,
2026-01-01 00:02:08+00:00,ENG-DATASET-000,MSN-LUBRICATION_DEGRADATION-000,97.35,0.034,49.3907,LUBRICATION_DEGRADATION,0.94,0.05,1864.0,0.996,LOW_RUL,PHYSICAL_FAULT,
2026-01-01 00:02:09+00:00,ENG-DATASET-000,MSN-LUBRICATION_DEGRADATION-000,96.84,0.0398,66.2654,LUBRICATION_DEGRADATION,0.69,0.04,1840.8,0.995,LOW_RUL,PHYSICAL_FAULT,
2026-01-01 00:02:10+00:00,ENG-DATASET-000,MSN-LUBRICATION_DEGRADATION-000,96.33,0.0456,85.5178,LUBRICATION_DEGRADATION,0.53,0.04,1817.6,0.995,LOW_RUL,PHYSICAL_FAULT,
2026-01-01 00:02:11+00:00,ENG-DATASET-000,MSN-LUBRICATION_DEGRADATION-000,95.81,0.0515,107.1048,LUBRICATION_DEGRADATION,0.42,0.04,1794.0,0.994,LOW_RUL,PHYSICAL_FAULT,
2026-01-01 00:02:12+00:00,ENG-DATASET-000,MSN-LUBRICATION_DEGRADATION-000,95.3,0.0573,130.8634,LUBRICATION_DEGRADATION,0.34,0.03,1770.8,0.993,LOW_RUL,PHYSICAL_FAULT,
2026-01-01 00:02:13+00:00,ENG-DATASET-000,MSN-LUBRICATION_DEGRADATION-000,94.78,0.0631,156.7505,LUBRICATION_DEGRADATION,0.28,0.03,1747.6,0.993,LOW_RUL,PHYSICAL_FAULT,
2026-01-01 00:02:14+00:00,ENG-DATASET-000,MSN-LUBRICATION_DEGRADATION-000,94.26,0.0691,184.6623,LUBRICATION_DEGRADATION,0.23,0.03,1723.6,0.992,LOW_RUL,PHYSICAL_FAULT,
2026-01-01 00:02:15+00:00,ENG-DATASET-000,MSN-LUBRICATION_DEGRADATION-000,93.73,0.0751,214.5536,LUBRICATION_DEGRADATION,0.2,0.03,1699.6,0.991,LOW_RUL,PHYSICAL_FAULT,
2026-01-01 00:02:16+00:00,ENG-DATASET-000,MSN-LUBRICATION_DEGRADATION-000,92.92,0.0909,247.9709,LUBRICATION_DEGRADATION,0.16,0.02,1636.4,0.987,LOW_RUL,PHYSICAL_FAULT,
2026-01-01 00:02:17+00:00,ENG-DATASET-000,MSN-LUBRICATION_DEGRADATION-000,91.45,0.1066,288.6472,LUBRICATION_DEGRADATION,0.14,0.02,1573.6,0.983,LOW_RUL,PHYSICAL_FAULT,
2026-01-01 00:02:18+00:00,ENG-DATASET-000,MSN-LUBRICATION_DEGRADATION-000,89.99,0.1224,336.2294,LUBRICATION_DEGRADATION,0.11,0.01,1510.4,0.979,LOW_RUL,PHYSICAL_FAULT,
2026-01-01 00:02:19+00:00,ENG-DATASET-000,MSN-LUBRICATION_DEGRADATION-000,88.52,0.1382,390.4845,LUBRICATION_DEGRADATION,0.09,0.01,1447.2,0.974,LOW_RUL,PHYSICAL_FAULT,
2026-01-01 00:02:20+00:00,ENG-DATASET-000,MSN-LUBRICATION_DEGRADATION-000,87.04,0.154,451.1773,LUBRICATION_DEGRADATION,0.08,0.01,1384.0,0.97,LOW_RUL,PHYSICAL_FAULT,
2026-01-01 00:02:21+00:00,ENG-DATASET-000,MSN-LUBRICATION_DEGRADATION-000,85.86,0.1599,516.2414,LUBRICATION_DEGRADATION,0.07,0.01,1360.4,0.97,LOW_RUL,PHYSICAL_FAULT,
2026-01-01 00:02:22+00:00,ENG-DATASET-000,MSN-LUBRICATION_DEGRADATION-000,85.15,0.1717,582.6669,LUBRICATION_DEGRADATION,0.06,0.01,1313.2,0.965,LOW_RUL,PHYSICAL_FAULT,
2026-01-01 00:02:23+00:00,ENG-DATASET-000,MSN-LUBRICATION_DEGRADATION-000,84.02,0.1836,652.7903,LUBRICATION_DEGRADATION,0.05,0.01,1265.6,0.961,LOW_RUL,PHYSICAL_FAULT,
2026-01-01 00:02:24+00:00,ENG-DATASET-000,MSN-LUBRICATION_DEGRADATION-000,82.74,0.2,727.271,LUBRICATION_DEGRADATION,0.04,0.01,1200.0,0.953,LOW_RUL,PHYSICAL_FAULT,
2026-01-01 00:02:25+00:00,ENG-DATASET-000,MSN-LUBRICATION_DEGRADATION-000,82.25,0.1717,801.1906,LUBRICATION_DEGRADATION,0.04,0.01,1313.2,0.945,LOW_RUL,PHYSICAL_FAULT,
2026-01-01 00:02:26+00:00,ENG-DATASET-000,MSN-LUBRICATION_DEGRADATION-000,80.66,0.1868,880.9427,LUBRICATION_DEGRADATION,0.04,0.01,1252.8,0.938,LOW_RUL,PHYSICAL_FAULT,
2026-01-01 00:02:27+00:00,ENG-DATASET-000,MSN-LUBRICATION_DEGRADATION-000,79.26,0.196,965.0881,LUBRICATION_DEGRADATION,0.03,0.01,1216.0,0.933,LOW_RUL,PHYSICAL_FAULT,
2026-01-01 00:02:28+00:00,ENG-DATASET-000,MSN-LUBRICATION_DEGRADATION-000,78.28,0.2053,1050.8679,LUBRICATION_DEGRADATION,0.03,0.01,1178.8,0.929,LOW_RUL,PHYSICAL_FAULT,
2026-01-01 00:02:29+00:00,ENG-DATASET-000,MSN-LUBRICATION_DEGRADATION-000,77.44,0.2101,1137.2599,LUBRICATION_DEGRADATION,0.03,0.01,1159.6,0.928,LOW_RUL,PHYSICAL_FAULT,
2026-01-01 00:02:30+00:00,ENG-DATASET-000,MSN-LUBRICATION_DEGRADATION-000,76.94,0.2149,1222.0895,LUBRICATION_DEGRADATION,0.02,0.01,1140.4,0.928,LOW_RUL,PHYSICAL_FAULT,
2026-01-01 00:02:31+00:00,ENG-DATASET-000,MSN-LUBRICATION_DEGRADATION-000,76.45,0.2195,1305.1976,LUBRICATION_DEGRADATION,0.02,0.01,1122.0,0.927,LOW_RUL,PHYSICAL_FAULT,
2026-01-01 00:02:32+00:00,ENG-DATASET-000,MSN-LUBRICATION_DEGRADATION-000,75.97,0.2241,1386.4271,LUBRICATION_DEGRADATION,0.02,0.01,1103.6,0.926,LOW_RUL,PHYSICAL_FAULT,
2026-01-01 00:02:33+00:00,ENG-DATASET-000,MSN-LUBRICATION_DEGRADATION-000,75.48,0.2288,1465.7412,LUBRICATION_DEGRADATION,0.02,0.01,1084.8,0.926,LOW_RUL,PHYSICAL_FAULT,
2026-01-01 00:02:34+00:00,ENG-DATASET-000,MSN-LUBRICATION_DEGRADATION-000,75.0,0.2335,1542.9826,LUBRICATION_DEGRADATION,0.02,0.01,1066.0,0.925,LOW_RUL,PHYSICAL_FAULT,
2026-01-01 00:02:35+00:00,ENG-DATASET-000,MSN-LUBRICATION_DEGRADATION-000,74.51,0.2381,1618.1145,LUBRICATION_DEGRADATION,0.02,0.01,1047.6,0.925,LOW_RUL,PHYSICAL_FAULT,
2026-01-01 00:02:36+00:00,ENG-DATASET-000,MSN-LUBRICATION_DEGRADATION-000,74.03,0.2427,1690.9797,LUBRICATION_DEGRADATION,0.02,0.01,1029.2,0.924,LOW_RUL,PHYSICAL_FAULT,
2026-01-01 00:02:37+00:00,ENG-DATASET-000,MSN-LUBRICATION_DEGRADATION-000,73.56,0.2473,1761.4233,LUBRICATION_DEGRADATION,0.01,0.0,1010.8,0.923,LOW_RUL,PHYSICAL_FAULT,
2026-01-01 00:02:38+00:00,ENG-DATASET-000,MSN-LUBRICATION_DEGRADATION-000,73.07,0.252,1829.4692,LUBRICATION_DEGRADATION,0.01,0.0,992.0,0.923,LOW_RUL,PHYSICAL_FAULT,
2026-01-01 00:02:39+00:00,ENG-DATASET-000,MSN-LUBRICATION_DEGRADATION-000,72.58,0.2568,1895.0194,LUBRICATION_DEGRADATION,0.01,0.0,972.8,0.922,LOW_RUL,PHYSICAL_FAULT,
2026-01-01 00:02:40+00:00,ENG-DATASET-000,MSN-LUBRICATION_DEGRADATION-000,72.09,0.2615,1957.9759,LUBRICATION_DEGRADATION,0.01,0.0,954.0,0.921,LOW_RUL,PHYSICAL_FAULT,
2026-01-01 00:02:41+00:00,ENG-DATASET-000,MSN-LUBRICATION_DEGRADATION-000,71.61,0.2661,2018.1816,LUBRICATION_DEGRADATION,0.01,0.0,935.6,0.921,LOW_RUL,PHYSICAL_FAULT,
2026-01-01 00:02:42+00:00,ENG-DATASET-000,MSN-LUBRICATION_DEGRADATION-000,71.13,0.2707,2075.5405,LUBRICATION_DEGRADATION,0.01,0.0,917.2,0.92,LOW_RUL,PHYSICAL_FAULT,
2026-01-01 00:02:43+00:00,ENG-DATASET-000,MSN-LUBRICATION_DEGRADATION-000,70.65,0.2754,2129.9567,LUBRICATION_DEGRADATION,0.01,0.0,898.4,0.919,LOW_RUL,PHYSICAL_FAULT,
2026-01-01 00:02:44+00:00,ENG-DATASET-000,MSN-LUBRICATION_DEGRADATION-000,70.16,0.2801,2181.3929,LUBRICATION_DEGRADATION,0.01,0.0,879.6,0.919,LOW_RUL,PHYSICAL_FAULT,
2026-01-01 00:02:45+00:00,ENG-DATASET-000,MSN-LUBRICATION_DEGRADATION-000,69.68,0.2847,2229.6924,LUBRICATION_DEGRADATION,0.01,0.0,861.2,0.918,LOW_RUL,PHYSICAL_FAULT,
2026-01-01 00:02:46+00:00,ENG-DATASET-000,MSN-LUBRICATION_DEGRADATION-000,69.21,0.2893,2274.6999,LUBRICATION_DEGRADATION,0.01,0.0,842.8,0.917,LOW_RUL,PHYSICAL_FAULT,
2026-01-01 00:02:47+00:00,ENG-DATASET-000,MSN-LUBRICATION_DEGRADATION-000,68.73,0.2939,2316.3804,LUBRICATION_DEGRADATION,0.01,0.0,824.4,0.917,LOW_RUL,PHYSICAL_FAULT,
2026-01-01 00:02:48+00:00,ENG-DATASET-000,MSN-LUBRICATION_DEGRADATION-000,68.24,0.2988,2354.6971,LUBRICATION_DEGRADATION,0.01,0.0,804.8,0.916,LOW_RUL,PHYSICAL_FAULT,
2026-01-01 00:02:49+00:00,ENG-DATASET-000,MSN-LUBRICATION_DEGRADATION-000,65.93,0.375,2400.2927,LUBRICATION_DEGRADATION,0.01,0.0,500.0,0.915,LOW_RUL,PHYSICAL_FAULT,
2026-01-01 00:02:50+00:00,ENG-DATASET-000,MSN-LUBRICATION_DEGRADATION-000,65.51,0.3778,2441.5512,LUBRICATION_DEGRADATION,0.01,0.0,488.8,0.915,LOW_RUL,PHYSICAL_FAULT,
2026-01-01 00:02:51+00:00,ENG-DATASET-000,MSN-LUBRICATION_DEGRADATION-000,65.26,0.3805,2477.3852,LUBRICATION_DEGRADATION,0.0,0.0,478.0,0.914,LOW_RUL,PHYSICAL_FAULT,
2026-01-01 00:02:52+00:00,ENG-DATASET-000,MSN-LUBRICATION_DEGRADATION-000,65.0,0.3834,2507.8036,LUBRICATION_DEGRADATION,0.0,0.0,466.4,0.913,LOW_RUL,PHYSICAL_FAULT,
2026-01-01 00:02:53+00:00,ENG-DATASET-000,MSN-LUBRICATION_DEGRADATION-000,64.72,0.3865,2532.8726,LUBRICATION_DEGRADATION,0.0,0.0,454.0,0.913,LOW_RUL,PHYSICAL_FAULT,
2026-01-01 00:02:54+00:00,ENG-DATASET-000,MSN-LUBRICATION_DEGRADATION-000,64.44,0.3895,2552.536,LUBRICATION_DEGRADATION,0.0,0.0,442.0,0.912,LOW_RUL,PHYSICAL_FAULT,
2026-01-01 00:02:55+00:00,ENG-DATASET-000,MSN-LUBRICATION_DEGRADATION-000,64.17,0.3924,2566.679,LUBRICATION_DEGRADATION,0.0,0.0,430.4,0.911,LOW_RUL,PHYSICAL_FAULT,
2026-01-01 00:02:56+00:00,ENG-DATASET-000,MSN-LUBRICATION_DEGRADATION-000,63.91,0.3952,2575.1883,LUBRICATION_DEGRADATION,0.0,0.0,419.2,0.911,LOW_RUL,PHYSICAL_FAULT,
2026-01-01 00:02:57+00:00,ENG-DATASET-000,MSN-LUBRICATION_DEGRADATION-000,63.64,0.3981,2578.0711,LUBRICATION_DEGRADATION,0.0,0.0,407.6,0.91,LOW_RUL,PHYSICAL_FAULT,
2026-01-01 00:02:58+00:00,ENG-DATASET-000,MSN-LUBRICATION_DEGRADATION-000,63.37,0.4011,2575.2734,LUBRICATION_DEGRADATION,0.0,0.0,395.6,0.909,LOW_RUL,PHYSICAL_FAULT,
2026-01-01 00:02:59+00:00,ENG-DATASET-000,MSN-LUBRICATION_DEGRADATION-000,63.1,0.4041,2566.741,LUBRICATION_DEGRADATION,0.0,0.0,383.6,0.908,LOW_RUL,PHYSICAL_FAULT,
2026-01-01 00:03:00+00:00,ENG-DATASET-000,MSN-LUBRICATION_DEGRADATION-000,62.83,0.4069,2552.42,LUBRICATION_DEGRADATION,0.0,0.0,372.4,0.908,LOW_RUL,PHYSICAL_FAULT,
2026-01-01 00:03:01+00:00,ENG-DATASET-000,MSN-LUBRICATION_DEGRADATION-000,62.57,0.4098,2532.3804,LUBRICATION_DEGRADATION,0.0,0.0,360.8,0.907,LOW_RUL,PHYSICAL_FAULT,
2026-01-01 00:03:02+00:00,ENG-DATASET-000,MSN-LUBRICATION_DEGRADATION-000,62.29,0.4129,2507.3045,LUBRICATION_DEGRADATION,0.0,0.0,348.4,0.906,LOW_RUL,PHYSICAL_FAULT,
2026-01-01 00:03:03+00:00,ENG-DATASET-000,MSN-LUBRICATION_DEGRADATION-000,62.01,0.4161,2477.7113,LUBRICATION_DEGRADATION,0.0,0.0,335.6,0.906,LOW_RUL,PHYSICAL_FAULT,
2026-01-01 00:03:04+00:00,ENG-DATASET-000,MSN-LUBRICATION_DEGRADATION-000,61.72,0.4192,2444.319,LUBRICATION_DEGRADATION,0.0,0.0,323.2,0.905,LOW_RUL,PHYSICAL_FAULT,
2026-01-01 00:03:05+00:00,ENG-DATASET-000,MSN-LUBRICATION_DEGRADATION-000,61.43,0.4222,2407.7458,LUBRICATION_DEGRADATION,0.0,0.0,311.2,0.904,LOW_RUL,PHYSICAL_FAULT,
2026-01-01 00:03:06+00:00,ENG-DATASET-000,MSN-LUBRICATION_DEGRADATION-000,61.16,0.4251,2368.3899,LUBRICATION_DEGRADATION,0.0,0.0,299.6,0.903,LOW_RUL,PHYSICAL_FAULT,
2026-01-01 00:03:07+00:00,ENG-DATASET-000,MSN-LUBRICATION_DEGRADATION-000,60.88,0.4282,2326.2972,LUBRICATION_DEGRADATION,0.0,0.0,287.2,0.903,LOW_RUL,PHYSICAL_FAULT,
2026-01-01 00:03:08+00:00,ENG-DATASET-000,MSN-LUBRICATION_DEGRADATION-000,60.6,0.4312,2281.5118,LUBRICATION_DEGRADATION,0.0,0.0,275.2,0.902,LOW_RUL,PHYSICAL_FAULT,
2026-01-01 00:03:09+00:00,ENG-DATASET-000,MSN-LUBRICATION_DEGRADATION-000,60.34,0.4336,2234.0206,LUBRICATION_DEGRADATION,0.0,0.0,265.6,0.901,LOW_RUL,PHYSICAL_FAULT,
2026-01-01 00:03:10+00:00,ENG-DATASET-000,MSN-LUBRICATION_DEGRADATION-000,60.14,0.4349,2183.5195,LUBRICATION_DEGRADATION,0.0,0.0,260.4,0.901,LOW_RUL,PHYSICAL_FAULT,
2026-01-01 00:03:11+00:00,ENG-DATASET-000,MSN-LUBRICATION_DEGRADATION-000,60.01,0.4362,2129.7186,LUBRICATION_DEGRADATION,0.0,0.0,255.2,0.9,LOW_RUL,PHYSICAL_FAULT,
2026-01-01 00:03:12+00:00,ENG-DATASET-000,MSN-LUBRICATION_DEGRADATION-000,59.88,0.4377,2072.6347,LUBRICATION_DEGRADATION,0.0,0.0,249.2,0.899,LOW_RUL,PHYSICAL_FAULT,
2026-01-01 00:03:13+00:00,ENG-DATASET-000,MSN-LUBRICATION_DEGRADATION-000,59.73,0.4391,2012.523,LUBRICATION_DEGRADATION,0.0,0.0,243.6,0.898,LOW_RUL,PHYSICAL_FAULT,
2026-01-01 00:03:14+00:00,ENG-DATASET-000,MSN-LUBRICATION_DEGRADATION-000,59.59,0.4404,1949.3985,LUBRICATION_DEGRADATION,0.0,0.0,238.4,0.898,LOW_RUL,PHYSICAL_FAULT,
2026-01-01 00:03:15+00:00,ENG-DATASET-000,MSN-LUBRICATION_DEGRADATION-000,59.36,0.4454,1883.9293,LUBRICATION_DEGRADATION,0.0,0.0,218.4,0.896,LOW_RUL,PHYSICAL_FAULT,
2026-01-01 00:03:16+00:00,ENG-DATASET-000,MSN-LUBRICATION_DEGRADATION-000,58.96,0.4472,1818.8872,LUBRICATION_DEGRADATION,0.0,0.0,211.2,0.895,LOW_RUL,PHYSICAL_FAULT,
2026-01-01 00:03:17+00:00,ENG-DATASET-000,MSN-LUBRICATION_DEGRADATION-000,58.63,0.4531,1757.9683,LUBRICATION_DEGRADATION,0.0,0.0,187.6,0.889,LOW_RUL,PHYSICAL_FAULT,
2026-01-01 00:03:18+00:00,ENG-DATASET-000,MSN-LUBRICATION_DEGRADATION-000,57.97,0.459,1703.2871,LUBRICATION_DEGRADATION,0.0,0.0,164.0,0.884,LOW_RUL,PHYSICAL_FAULT,
2026-01-01 00:03:19+00:00,ENG-DATASET-000,MSN-LUBRICATION_DEGRADATION-000,57.3,0.4648,1655.1238,LUBRICATION_DEGRADATION,0.0,0.0,140.8,0.878,LOW_RUL,PHYSICAL_FAULT,
2026-01-01 00:03:20+00:00,ENG-DATASET-000,MSN-LUBRICATION_DEGRADATION-000,56.67,0.4697,1613.4632,LUBRICATION_DEGRADATION,0.0,0.0,121.2,0.874,LOW_RUL,PHYSICAL_FAULT,
2026-01-01 00:03:21+00:00,ENG-DATASET-000,MSN-LUBRICATION_DEGRADATION-000,56.13,0.4744,1576.1138,LUBRICATION_DEGRADATION,0.0,0.0,102.4,0.869,LOW_RUL,PHYSICAL_FAULT,
2026-01-01 00:03:22+00:00,ENG-DATASET-000,MSN-LUBRICATION_DEGRADATION-000,55.73,0.475,1539.5096,LUBRICATION_DEGRADATION,0.0,0.0,100.0,0.868,LOW_RUL,PHYSICAL_FAULT,
2026-01-01 00:03:23+00:00,ENG-DATASET-000,MSN-LUBRICATION_DEGRADATION-000,55.65,0.4757,1504.3869,LUBRICATION_DEGRADATION,0.0,0.0,97.2,0.868,LOW_RUL,PHYSICAL_FAULT,
2026-01-01 00:03:24+00:00,ENG-DATASET-000,MSN-LUBRICATION_DEGRADATION-000,55.58,0.4762,1471.8118,LUBRICATION_DEGRADATION,0.0,0.0,95.2,0.867,LOW_RUL,PHYSICAL_FAULT,
2026-01-01 00:03:25+00:00,ENG-DATASET-000,MSN-LUBRICATION_DEGRADATION-000,55.5,0.4768,1437.2652,LUBRICATION_DEGRADATION,0.0,0.0,92.8,0.866,LOW_RUL,PHYSICAL_FAULT,
2026-01-01 00:03:26+00:00,ENG-DATASET-000,MSN-LUBRICATION_DEGRADATION-000,55.43,0.4774,1407.482,LUBRICATION_DEGRADATION,0.0,0.0,90.4,0.865,LOW_RUL,PHYSICAL_FAULT,
2026-01-01 00:03:27+00:00,ENG-DATASET-000,MSN-LUBRICATION_DEGRADATION-000,55.35,0.4782,1381.6658,LUBRICATION_DEGRADATION,0.0,0.0,87.2,0.864,LOW_RUL,PHYSICAL_FAULT,
2026-01-01 00:03:28+00:00,ENG-DATASET-000,MSN-LUBRICATION_DEGRADATION-000,55.26,0.4789,1357.5771,LUBRICATION_DEGRADATION,0.0,0.0,84.4,0.864,LOW_RUL,PHYSICAL_FAULT,
2026-01-01 00:03:29+00:00,ENG-DATASET-000,MSN-LUBRICATION_DEGRADATION-000,55.17,0.4798,1334.5397,LUBRICATION_DEGRADATION,0.0,0.0,80.8,0.863,LOW_RUL,PHYSICAL_FAULT,
2026-01-01 00:03:30+00:00,ENG-DATASET-000,MSN-LUBRICATION_DEGRADATION-000,55.07,0.4806,1310.6881,LUBRICATION_DEGRADATION,0.0,0.0,77.6,0.862,LOW_RUL,PHYSICAL_FAULT,
2026-01-01 00:03:31+00:00,ENG-DATASET-000,MSN-LUBRICATION_DEGRADATION-000,54.98,0.4814,1285.9822,LUBRICATION_DEGRADATION,0.0,0.0,74.4,0.861,LOW_RUL,PHYSICAL_FAULT,
2026-01-01 00:03:32+00:00,ENG-DATASET-000,MSN-LUBRICATION_DEGRADATION-000,54.89,0.4822,1260.4411,LUBRICATION_DEGRADATION,0.0,0.0,71.2,0.86,LOW_RUL,PHYSICAL_FAULT,
2026-01-01 00:03:33+00:00,ENG-DATASET-000,MSN-LUBRICATION_DEGRADATION-000,54.8,0.4828,1234.2038,LUBRICATION_DEGRADATION,0.0,0.0,68.8,0.859,LOW_RUL,PHYSICAL_FAULT,
2026-01-01 00:03:34+00:00,ENG-DATASET-000,MSN-LUBRICATION_DEGRADATION-000,54.72,0.4834,1207.2303,LUBRICATION_DEGRADATION,0.0,0.0,66.4,0.859,LOW_RUL,PHYSICAL_FAULT,
2026-01-01 00:03:35+00:00,ENG-DATASET-000,MSN-LUBRICATION_DEGRADATION-000,54.65,0.4839,1179.6027,LUBRICATION_DEGRADATION,0.0,0.0,64.4,0.858,LOW_RUL,PHYSICAL_FAULT,
2026-01-01 00:03:36+00:00,ENG-DATASET-000,MSN-LUBRICATION_DEGRADATION-000,54.58,0.4844,1151.3438,LUBRICATION_DEGRADATION,0.0,0.0,62.4,0.857,LOW_RUL,PHYSICAL_FAULT,
2026-01-01 00:03:37+00:00,ENG-DATASET-000,MSN-LUBRICATION_DEGRADATION-000,54.51,0.485,1122.4748,LUBRICATION_DEGRADATION,0.0,0.0,60.0,0.856,LOW_RUL,PHYSICAL_FAULT,
2026-01-01 00:03:38+00:00,ENG-DATASET-000,MSN-LUBRICATION_DEGRADATION-000,54.44,0.4856,1093.1977,LUBRICATION_DEGRADATION,0.0,0.0,57.6,0.855,LOW_RUL,PHYSICAL_FAULT,
2026-01-01 00:03:39+00:00,ENG-DATASET-000,MSN-LUBRICATION_DEGRADATION-000,54.36,0.4863,1063.6555,LUBRICATION_DEGRADATION,0.0,0.0,54.8,0.854,LOW_RUL,PHYSICAL_FAULT,
2026-01-01 00:03:40+00:00,ENG-DATASET-000,MSN-LUBRICATION_DEGRADATION-000,54.27,0.4872,1033.9892,LUBRICATION_DEGRADATION,0.0,0.0,51.2,0.854,LOW_RUL,PHYSICAL_FAULT,
2026-01-01 00:03:41+00:00,ENG-DATASET-000,MSN-LUBRICATION_DEGRADATION-000,54.16,0.4881,1004.336,LUBRICATION_DEGRADATION,0.0,0.0,47.6,0.853,LOW_RUL,PHYSICAL_FAULT,
2026-01-01 00:03:42+00:00,ENG-DATASET-000,MSN-LUBRICATION_DEGRADATION-000,54.05,0.4891,974.7698,LUBRICATION_DEGRADATION,0.0,0.0,43.6,0.852,LOW_RUL,PHYSICAL_FAULT,
2026-01-01 00:03:43+00:00,ENG-DATASET-000,MSN-LUBRICATION_DEGRADATION-000,53.93,0.4902,945.4236,LUBRICATION_DEGRADATION,0.0,0.0,39.2,0.851,LOW_RUL,PHYSICAL_FAULT,
2026-01-01 00:03:44+00:00,ENG-DATASET-000,MSN-LUBRICATION_DEGRADATION-000,53.82,0.4912,916.3715,LUBRICATION_DEGRADATION,0.0,0.0,35.2,0.85,LOW_RUL,PHYSICAL_FAULT,
2026-01-01 00:03:45+00:00,ENG-DATASET-000,MSN-LUBRICATION_DEGRADATION-000,53.7,0.4922,887.6876,LUBRICATION_DEGRADATION,0.0,0.0,31.2,0.849,LOW_RUL,PHYSICAL_FAULT,
2026-01-01 00:03:46+00:00,ENG-DATASET-000,MSN-LUBRICATION_DEGRADATION-000,53.59,0.4931,859.3237,LUBRICATION_DEGRADATION,0.0,0.0,27.6,0.848,LOW_RUL,PHYSICAL_FAULT,
2026-01-01 00:03:47+00:00,ENG-DATASET-000,MSN-LUBRICATION_DEGRADATION-000,53.49,0.4938,831.3539,LUBRICATION_DEGRADATION,0.0,0.0,24.8,0.847,LOW_RUL,PHYSICAL_FAULT,
2026-01-01 00:03:48+00:00,ENG-DATASET-000,MSN-LUBRICATION_DEGRADATION-000,53.4,0.4946,803.8563,LUBRICATION_DEGRADATION,0.0,0.0,21.6,0.846,LOW_RUL,PHYSICAL_FAULT,
2026-01-01 00:03:49+00:00,ENG-DATASET-000,MSN-LUBRICATION_DEGRADATION-000,53.3,0.4953,788.0749,LUBRICATION_DEGRADATION,0.0,0.0,18.8,0.845,LOW_RUL,PHYSICAL_FAULT,
2026-01-01 00:03:50+00:00,ENG-DATASET-000,MSN-LUBRICATION_DEGRADATION-000,53.21,0.4961,772.8607,LUBRICATION_DEGRADATION,0.0,0.0,15.6,0.844,LOW_RUL,PHYSICAL_FAULT,
2026-01-01 00:03:51+00:00,ENG-DATASET-000,MSN-LUBRICATION_DEGRADATION-000,53.11,0.497,757.3014,LUBRICATION_DEGRADATION,0.0,0.0,12.0,0.843,LOW_RUL,PHYSICAL_FAULT,
2026-01-01 00:03:52+00:00,ENG-DATASET-000,MSN-LUBRICATION_DEGRADATION-000,53.0,0.498,741.547,LUBRICATION_DEGRADATION,0.0,0.0,8.0,0.842,LOW_RUL,PHYSICAL_FAULT,
2026-01-01 00:03:53+00:00,ENG-DATASET-000,MSN-LUBRICATION_DEGRADATION-000,52.88,0.4991,725.8086,LUBRICATION_DEGRADATION,0.0,0.0,3.6,0.841,LOW_RUL,PHYSICAL_FAULT,
2026-01-01 00:03:54+00:00,ENG-DATASET-000,MSN-LUBRICATION_DEGRADATION-000,52.75,0.5003,710.1773,LUBRICATION_DEGRADATION,0.0,0.0,0.0,0.84,LOW_RUL,PHYSICAL_FAULT,
2026-01-01 00:03:55+00:00,ENG-DATASET-000,MSN-LUBRICATION_DEGRADATION-000,52.62,0.5016,694.622,LUBRICATION_DEGRADATION,0.0,0.0,0.0,0.839,LOW_RUL,PHYSICAL_FAULT,
2026-01-01 00:03:56+00:00,ENG-DATASET-000,MSN-LUBRICATION_DEGRADATION-000,52.48,0.5028,679.1687,LUBRICATION_DEGRADATION,0.0,0.0,0.0,0.837,LOW_RUL,PHYSICAL_FAULT,
2026-01-01 00:03:57+00:00,ENG-DATASET-000,MSN-LUBRICATION_DEGRADATION-000,52.35,0.5039,663.8434,LUBRICATION_DEGRADATION,0.0,0.0,0.0,0.836,LOW_RUL,PHYSICAL_FAULT,
2026-01-01 00:03:58+00:00,ENG-DATASET-000,MSN-LUBRICATION_DEGRADATION-000,52.23,0.5048,648.6152,LUBRICATION_DEGRADATION,0.0,0.0,0.0,0.835,LOW_RUL,PHYSICAL_FAULT,
2026-01-01 00:03:59+00:00,ENG-DATASET-000,MSN-LUBRICATION_DEGRADATION-000,52.13,0.5056,633.3959,LUBRICATION_DEGRADATION,0.0,0.0,0.0,0.835,LOW_RUL,PHYSICAL_FAULT,
2026-01-01 00:04:00+00:00,ENG-DATASET-000,MSN-LUBRICATION_DEGRADATION-000,51.9,0.5101,618.9869,LUBRICATION_DEGRADATION,0.0,0.0,0.0,0.83,LOW_RUL,PHYSICAL_FAULT,
2026-01-01 00:04:01+00:00,ENG-DATASET-000,MSN-LUBRICATION_DEGRADATION-000,51.38,0.5143,607.0466,LUBRICATION_DEGRADATION,0.0,0.0,0.0,0.825,LOW_RUL,PHYSICAL_FAULT,
2026-01-01 00:04:02+00:00,ENG-DATASET-000,MSN-LUBRICATION_DEGRADATION-000,50.89,0.5183,597.468,LUBRICATION_DEGRADATION,0.0,0.0,0.0,0.82,LOW_RUL,PHYSICAL_FAULT,
2026-01-01 00:04:03+00:00,ENG-DATASET-000,MSN-LUBRICATION_DEGRADATION-000,50.41,0.5222,590.1499,LUBRICATION_DEGRADATION,0.0,0.0,0.0,0.816,LOW_RUL,PHYSICAL_FAULT,
2026-01-01 00:04:04+00:00,ENG-DATASET-000,MSN-LUBRICATION_DEGRADATION-000,50.09,0.5221,584.1693,LUBRICATION_DEGRADATION,0.0,0.0,0.0,0.816,LOW_RUL,PHYSICAL_FAULT,
2026-01-01 00:04:05+00:00,ENG-DATASET-000,MSN-LUBRICATION_DEGRADATION-000,50.09,0.5219,577.6315,LUBRICATION_DEGRADATION,0.0,0.0,0.0,0.816,LOW_RUL,PHYSICAL_FAULT,
2026-01-01 00:04:06+00:00,ENG-DATASET-000,MSN-LUBRICATION_DEGRADATION-000,50.1,0.5219,570.4134,LUBRICATION_DEGRADATION,0.0,0.0,0.0,0.816,LOW_RUL,PHYSICAL_FAULT,
2026-01-01 00:04:07+00:00,ENG-DATASET-000,MSN-LUBRICATION_DEGRADATION-000,50.11,0.5219,562.6323,LUBRICATION_DEGRADATION,0.0,0.0,0.0,0.816,LOW_RUL,PHYSICAL_FAULT,
2026-01-01 00:04:08+00:00,ENG-DATASET-000,MSN-LUBRICATION_DEGRADATION-000,50.11,0.5219,554.405,LUBRICATION_DEGRADATION,0.0,0.0,0.0,0.816,LOW_RUL,PHYSICAL_FAULT,
2026-01-01 00:04:09+00:00,ENG-DATASET-000,MSN-LUBRICATION_DEGRADATION-000,49.99,0.5257,546.3738,LUBRICATION_DEGRADATION,0.0,0.0,0.0,0.813,LOW_RUL,PHYSICAL_FAULT,
2026-01-01 00:04:10+00:00,ENG-DATASET-000,MSN-LUBRICATION_DEGRADATION-000,49.7,0.5255,539.2038,LUBRICATION_DEGRADATION,0.0,0.0,0.0,0.813,LOW_RUL,PHYSICAL_FAULT,
2026-01-01 00:04:11+00:00,ENG-DATASET-000,MSN-LUBRICATION_DEGRADATION-000,49.73,0.525,530.5614,LUBRICATION_DEGRADATION,0.0,0.0,0.0,0.813,LOW_RUL,PHYSICAL_FAULT,
2026-01-01 00:04:12+00:00,ENG-DATASET-000,MSN-LUBRICATION_DEGRADATION-000,49.77,0.5244,520.4196,LUBRICATION_DEGRADATION,0.0,0.0,0.0,0.813,LOW_RUL,PHYSICAL_FAULT,
2026-01-01 00:04:13+00:00,ENG-DATASET-000,MSN-LUBRICATION_DEGRADATION-000,49.84,0.5237,508.7573,LUBRICATION_DEGRADATION,0.0,0.0,0.0,0.813,LOW_RUL,PHYSICAL_FAULT,
2026-01-01 00:04:14+00:00,ENG-DATASET-000,MSN-LUBRICATION_DEGRADATION-000,49.91,0.523,495.5577,LUBRICATION_DEGRADATION,0.0,0.0,0.0,0.814,LOW_RUL,PHYSICAL_FAULT,
2026-01-01 00:04:15+00:00,ENG-DATASET-000,MSN-LUBRICATION_DEGRADATION-000,49.97,0.5224,481.4707,LUBRICATION_DEGRADATION,0.0,0.0,0.0,0.814,LOW_RUL,PHYSICAL_FAULT,
2026-01-01 00:04:16+00:00,ENG-DATASET-000,MSN-LUBRICATION_DEGRADATION-000,50.03,0.5218,467.5919,LUBRICATION_DEGRADATION,0.0,0.0,0.0,0.814,LOW_RUL,PHYSICAL_FAULT,
2026-01-01 00:04:17+00:00,ENG-DATASET-000,MSN-LUBRICATION_DEGRADATION-000,50.08,0.5215,453.645,LUBRICATION_DEGRADATION,0.0,0.0,0.0,0.814,LOW_RUL,PHYSICAL_FAULT,
2026-01-01 00:04:18+00:00,ENG-DATASET-000,MSN-LUBRICATION_DEGRADATION-000,50.12,0.5213,441.7787,LUBRICATION_DEGRADATION,0.0,0.0,0.0,0.815,LOW_RUL,PHYSICAL_FAULT,
2026-01-01 00:04:19+00:00,ENG-DATASET-000,MSN-LUBRICATION_DEGRADATION-000,50.14,0.5212,432.3121,LUBRICATION_DEGRADATION,0.0,0.0,0.0,0.815,LOW_RUL,PHYSICAL_FAULT,
2026-01-01 00:04:20+00:00,ENG-DATASET-000,MSN-LUBRICATION_DEGRADATION-000,50.15,0.5211,425.1981,LUBRICATION_DEGRADATION,0.0,0.0,0.0,0.815,LOW_RUL,PHYSICAL_FAULT,
2026-01-01 00:04:21+00:00,ENG-DATASET-000,MSN-LUBRICATION_DEGRADATION-000,50.16,0.5211,420.0157,LUBRICATION_DEGRADATION,0.0,0.0,0.0,0.815,LOW_RUL,PHYSICAL_FAULT,
2026-01-01 00:04:22+00:00,ENG-DATASET-000,MSN-LUBRICATION_DEGRADATION-000,50.16,0.521,416.0796,LUBRICATION_DEGRADATION,0.0,0.0,0.0,0.815,LOW_RUL,PHYSICAL_FAULT,
2026-01-01 00:04:23+00:00,ENG-DATASET-000,MSN-LUBRICATION_DEGRADATION-000,50.18,0.5208,411.3993,LUBRICATION_DEGRADATION,0.0,0.0,0.0,0.816,LOW_RUL,PHYSICAL_FAULT,
2026-01-01 00:04:24+00:00,ENG-DATASET-000,MSN-LUBRICATION_DEGRADATION-000,50.21,0.5205,405.8747,LUBRICATION_DEGRADATION,0.0,0.0,0.0,0.816,LOW_RUL,PHYSICAL_FAULT,
2026-01-01 00:04:25+00:00,ENG-DATASET-000,MSN-LUBRICATION_DEGRADATION-000,50.24,0.5201,399.587,LUBRICATION_DEGRADATION,0.0,0.0,0.0,0.816,LOW_RUL,PHYSICAL_FAULT,
2026-01-01 00:04:26+00:00,ENG-DATASET-000,MSN-LUBRICATION_DEGRADATION-000,50.28,0.5197,392.438,LUBRICATION_DEGRADATION,0.0,0.0,0.0,0.816,LOW_RUL,PHYSICAL_FAULT,
2026-01-01 00:04:27+00:00,ENG-DATASET-000,MSN-LUBRICATION_DEGRADATION-000,50.31,0.5193,384.5698,LUBRICATION_DEGRADATION,0.0,0.0,0.0,0.816,LOW_RUL,PHYSICAL_FAULT,
2026-01-01 00:04:28+00:00,ENG-DATASET-000,MSN-LUBRICATION_DEGRADATION-000,50.35,0.519,376.0064,LUBRICATION_DEGRADATION,0.0,0.0,0.0,0.816,LOW_RUL,PHYSICAL_FAULT,
2026-01-01 00:04:29+00:00,ENG-DATASET-000,MSN-LUBRICATION_DEGRADATION-000,50.37,0.519,366.8919,LUBRICATION_DEGRADATION,0.0,0.0,0.0,0.816,LOW_RUL,PHYSICAL_FAULT,
2026-01-01 00:04:30+00:00,ENG-DATASET-000,MSN-LUBRICATION_DEGRADATION-000,50.37,0.5191,357.4273,LUBRICATION_DEGRADATION,0.0,0.0,0.0,0.816,LOW_RUL,PHYSICAL_FAULT,
2026-01-01 00:04:31+00:00,ENG-DATASET-000,MSN-LUBRICATION_DEGRADATION-000,50.35,0.5193,347.6896,LUBRICATION_DEGRADATION,0.0,0.0,0.0,0.816,LOW_RUL,PHYSICAL_FAULT,
2026-01-01 00:04:32+00:00,ENG-DATASET-000,MSN-LUBRICATION_DEGRADATION-000,50.32,0.5197,337.7518,LUBRICATION_DEGRADATION,0.0,0.0,0.0,0.816,LOW_RUL,PHYSICAL_FAULT,
2026-01-01 00:04:33+00:00,ENG-DATASET-000,MSN-LUBRICATION_DEGRADATION-000,50.29,0.5202,327.626,LUBRICATION_DEGRADATION,0.0,0.0,0.0,0.816,LOW_RUL,PHYSICAL_FAULT,
2026-01-01 00:04:34+00:00,ENG-DATASET-000,MSN-LUBRICATION_DEGRADATION-000,50.25,0.5206,317.3221,LUBRICATION_DEGRADATION,0.0,0.0,0.0,0.816,LOW_RUL,PHYSICAL_FAULT,
2026-01-01 00:04:35+00:00,ENG-DATASET-000,MSN-LUBRICATION_DEGRADATION-000,50.21,0.5209,306.7872,LUBRICATION_DEGRADATION,0.0,0.0,0.0,0.816,LOW_RUL,PHYSICAL_FAULT,
2026-01-01 00:04:36+00:00,ENG-DATASET-000,MSN-LUBRICATION_DEGRADATION-000,50.18,0.5212,295.9682,LUBRICATION_DEGRADATION,0.0,0.0,0.0,0.815,LOW_RUL,PHYSICAL_FAULT,
2026-01-01 00:04:37+00:00,ENG-DATASET-000,MSN-LUBRICATION_DEGRADATION-000,50.16,0.5213,284.8141,LUBRICATION_DEGRADATION,0.0,0.0,0.0,0.815,LOW_RUL,PHYSICAL_FAULT,
2026-01-01 00:04:38+00:00,ENG-DATASET-000,MSN-LUBRICATION_DEGRADATION-000,50.15,0.5213,273.2759,LUBRICATION_DEGRADATION,0.0,0.0,0.0,0.815,LOW_RUL,PHYSICAL_FAULT,
2026-01-01 00:04:39+00:00,ENG-DATASET-000,MSN-LUBRICATION_DEGRADATION-000,50.09,0.523,261.7217,LUBRICATION_DEGRADATION,0.0,0.0,0.0,0.814,LOW_RUL,PHYSICAL_FAULT,
2026-01-01 00:04:40+00:00,ENG-DATASET-000,MSN-LUBRICATION_DEGRADATION-000,49.92,0.5248,250.8657,LUBRICATION_DEGRADATION,0.0,0.0,0.0,0.813,LOW_RUL,PHYSICAL_FAULT,
2026-01-01 00:04:41+00:00,ENG-DATASET-000,MSN-LUBRICATION_DEGRADATION-000,49.71,0.5269,241.05,LUBRICATION_DEGRADATION,0.0,0.0,0.0,0.812,LOW_RUL,PHYSICAL_FAULT,
2026-01-01 00:04:42+00:00,ENG-DATASET-000,MSN-LUBRICATION_DEGRADATION-000,49.48,0.5293,232.3725,LUBRICATION_DEGRADATION,0.0,0.0,0.0,0.81,LOW_RUL,PHYSICAL_FAULT,
2026-01-01 00:04:43+00:00,ENG-DATASET-000,MSN-LUBRICATION_DEGRADATION-000,49.23,0.532,224.9885,LUBRICATION_DEGRADATION,0.0,0.0,0.0,0.809,LOW_RUL,PHYSICAL_FAULT,
2026-01-01 00:04:44+00:00,ENG-DATASET-000,MSN-LUBRICATION_DEGRADATION-000,49.01,0.5333,218.6337,LUBRICATION_DEGRADATION,0.0,0.0,0.0,0.809,LOW_RUL,PHYSICAL_FAULT,
2026-01-01 00:04:45+00:00,ENG-DATASET-000,MSN-LUBRICATION_DEGRADATION-000,48.89,0.5346,212.7571,LUBRICATION_DEGRADATION,0.0,0.0,0.0,0.808,LOW_RUL,PHYSICAL_FAULT,
2026-01-01 00:04:46+00:00,ENG-DATASET-000,MSN-LUBRICATION_DEGRADATION-000,48.77,0.5358,207.2976,LUBRICATION_DEGRADATION,0.0,0.0,0.0,0.808,LOW_RUL,PHYSICAL_FAULT,
2026-01-01 00:04:47+00:00,ENG-DATASET-000,MSN-LUBRICATION_DEGRADATION-000,48.66,0.5368,202.1331,LUBRICATION_DEGRADATION,0.0,0.0,0.0,0.808,LOW_RUL,PHYSICAL_FAULT,
2026-01-01 00:04:48+00:00,ENG-DATASET-000,MSN-LUBRICATION_DEGRADATION-000,48.71,0.5337,196.2565,LUBRICATION_DEGRADATION,0.0,0.0,0.0,0.811,LOW_RUL,PHYSICAL_FAULT,
2026-01-01 00:04:49+00:00,ENG-DATASET-000,MSN-LUBRICATION_DEGRADATION-000,48.96,0.5341,188.5764,LUBRICATION_DEGRADATION,0.0,0.0,0.0,0.811,LOW_RUL,PHYSICAL_FAULT,
2026-01-01 00:04:50+00:00,ENG-DATASET-000,MSN-LUBRICATION_DEGRADATION-000,48.92,0.5343,180.8132,LUBRICATION_DEGRADATION,0.0,0.0,0.0,0.811,LOW_RUL,PHYSICAL_FAULT,
2026-01-01 00:04:51+00:00,ENG-DATASET-000,MSN-LUBRICATION_DEGRADATION-000,48.9,0.5343,172.92,LUBRICATION_DEGRADATION,0.0,0.0,0.0,0.81,LOW_RUL,PHYSICAL_FAULT,
2026-01-01 00:04:52+00:00,ENG-DATASET-000,MSN-LUBRICATION_DEGRADATION-000,48.9,0.5341,164.8558,LUBRICATION_DEGRADATION,0.0,0.0,0.0,0.81,LOW_RUL,PHYSICAL_FAULT,
2026-01-01 00:04:53+00:00,ENG-DATASET-000,MSN-LUBRICATION_DEGRADATION-000,48.78,0.538,157.4117,LUBRICATION_DEGRADATION,0.0,0.0,0.0,0.807,LOW_RUL,PHYSICAL_FAULT,
2026-01-01 00:04:54+00:00,ENG-DATASET-000,MSN-LUBRICATION_DEGRADATION-000,48.48,0.538,151.7111,LUBRICATION_DEGRADATION,0.0,0.0,0.0,0.807,LOW_RUL,PHYSICAL_FAULT,
2026-01-01 00:04:55+00:00,ENG-DATASET-000,MSN-LUBRICATION_DEGRADATION-000,48.47,0.5382,146.0086,LUBRICATION_DEGRADATION,0.0,0.0,0.0,0.807,LOW_RUL,PHYSICAL_FAULT,
2026-01-01 00:04:56+00:00,ENG-DATASET-000,MSN-LUBRICATION_DEGRADATION-000,48.46,0.5384,140.389,LUBRICATION_DEGRADATION,0.0,0.0,0.0,0.807,LOW_RUL,PHYSICAL_FAULT,
2026-01-01 00:04:57+00:00,ENG-DATASET-000,MSN-LUBRICATION_DEGRADATION-000,48.43,0.5388,134.9355,LUBRICATION_DEGRADATION,0.0,0.0,0.0,0.807,LOW_RUL,PHYSICAL_FAULT,
2026-01-01 00:04:58+00:00,ENG-DATASET-000,MSN-LUBRICATION_DEGRADATION-000,48.41,0.5391,129.548,LUBRICATION_DEGRADATION,0.0,0.0,0.0,0.807,LOW_RUL,PHYSICAL_FAULT,
2026-01-01 00:04:59+00:00,ENG-DATASET-000,MSN-LUBRICATION_DEGRADATION-000,48.39,0.5392,124.1245,LUBRICATION_DEGRADATION,0.0,0.0,0.0,0.807,LOW_RUL,PHYSICAL_FAULT,
2026-01-01 00:05:00+00:00,ENG-DATASET-000,MSN-LUBRICATION_DEGRADATION-000,48.59,0.533,118.1758,LUBRICATION_DEGRADATION,0.0,0.0,0.0,0.812,LOW_RUL,PHYSICAL_FAULT,
2026-01-01 00:00:01+00:00,ENG-DATASET-001,MSN-LUBRICATION_DEGRADATION-001,100.0,0.0,0.0,HEALTHY,,,,0.05,INSUFFICIENT_HISTORY,NORMAL,
2026-01-01 00:00:02+00:00,ENG-DATASET-001,MSN-LUBRICATION_DEGRADATION-001,100.0,0.0,0.0,HEALTHY,,,,0.1,INSUFFICIENT_HISTORY,NORMAL,
2026-01-01 00:00:03+00:00,ENG-DATASET-001,MSN-LUBRICATION_DEGRADATION-001,100.0,0.0,0.0,HEALTHY,,,,0.15,INSUFFICIENT_HISTORY,NORMAL,
2026-01-01 00:00:04+00:00,ENG-DATASET-001,MSN-LUBRICATION_DEGRADATION-001,100.0,0.0,0.0,HEALTHY,,,,0.2,INSUFFICIENT_HISTORY,NORMAL,
2026-01-01 00:00:05+00:00,ENG-DATASET-001,MSN-LUBRICATION_DEGRADATION-001,100.0,0.0,0.0,HEALTHY,,,,0.25,STABLE,NORMAL,
2026-01-01 00:00:06+00:00,ENG-DATASET-001,MSN-LUBRICATION_DEGRADATION-001,100.0,0.0,0.0,HEALTHY,,,,0.3,STABLE,NORMAL,
2026-01-01 00:00:07+00:00,ENG-DATASET-001,MSN-LUBRICATION_DEGRADATION-001,100.0,0.0,0.0,HEALTHY,,,,0.35,STABLE,NORMAL,
2026-01-01 00:00:08+00:00,ENG-DATASET-001,MSN-LUBRICATION_DEGRADATION-001,100.0,0.0,0.0,HEALTHY,,,,0.4,STABLE,NORMAL,
2026-01-01 00:00:09+00:00,ENG-DATASET-001,MSN-LUBRICATION_DEGRADATION-001,100.0,0.0,0.0,HEALTHY,,,,0.45,STABLE,NORMAL,
2026-01-01 00:00:10+00:00,ENG-DATASET-001,MSN-LUBRICATION_DEGRADATION-001,100.0,0.0,0.0,HEALTHY,,,,0.5,STABLE,NORMAL,
2026-01-01 00:00:11+00:00,ENG-DATASET-001,MSN-LUBRICATION_DEGRADATION-001,100.0,0.0,0.0,HEALTHY,,,,0.55,STABLE,NORMAL,
2026-01-01 00:00:12+00:00,ENG-DATASET-001,MSN-LUBRICATION_DEGRADATION-001,100.0,0.0,0.0,HEALTHY,,,,0.6,STABLE,NORMAL,
2026-01-01 00:00:13+00:00,ENG-DATASET-001,MSN-LUBRICATION_DEGRADATION-001,100.0,0.0,0.0,HEALTHY,,,,0.65,STABLE,NORMAL,
2026-01-01 00:00:14+00:00,ENG-DATASET-001,MSN-LUBRICATION_DEGRADATION-001,100.0,0.0,0.0,HEALTHY,,,,0.7,STABLE,NORMAL,
2026-01-01 00:00:15+00:00,ENG-DATASET-001,MSN-LUBRICATION_DEGRADATION-001,100.0,0.0,0.0,HEALTHY,,,,0.75,STABLE,NORMAL,
2026-01-01 00:00:16+00:00,ENG-DATASET-001,MSN-LUBRICATION_DEGRADATION-001,100.0,0.0,0.0,HEALTHY,,,,0.8,STABLE,NORMAL,
2026-01-01 00:00:17+00:00,ENG-DATASET-001,MSN-LUBRICATION_DEGRADATION-001,100.0,0.0,0.0,HEALTHY,,,,0.85,STABLE,NORMAL,
2026-01-01 00:00:18+00:00,ENG-DATASET-001,MSN-LUBRICATION_DEGRADATION-001,100.0,0.0,0.0,HEALTHY,,,,0.9,STABLE,NORMAL,
2026-01-01 00:00:19+00:00,ENG-DATASET-001,MSN-LUBRICATION_DEGRADATION-001,100.0,0.0,0.0,HEALTHY,,,,0.95,STABLE,NORMAL,
2026-01-01 00:00:20+00:00,ENG-DATASET-001,MSN-LUBRICATION_DEGRADATION-001,100.0,0.0,0.0,HEALTHY,,,,1.0,STABLE,NORMAL,
2026-01-01 00:00:21+00:00,ENG-DATASET-001,MSN-LUBRICATION_DEGRADATION-001,100.0,0.0,0.0,HEALTHY,,,,1.0,STABLE,NORMAL,
2026-01-01 00:00:22+00:00,ENG-DATASET-001,MSN-LUBRICATION_DEGRADATION-001,100.0,0.0,0.0,HEALTHY,,,,1.0,STABLE,NORMAL,
2026-01-01 00:00:23+00:00,ENG-DATASET-001,MSN-LUBRICATION_DEGRADATION-001,100.0,0.0,0.0,HEALTHY,,,,1.0,STABLE,NORMAL,
2026-01-01 00:00:24+00:00,ENG-DATASET-001,MSN-LUBRICATION_DEGRADATION-001,100.0,0.0,0.0,HEALTHY,,,,1.0,STABLE,NORMAL,
2026-01-01 00:00:25+00:00,ENG-DATASET-001,MSN-LUBRICATION_DEGRADATION-001,100.0,0.0,0.0,HEALTHY,,,,1.0,STABLE,NORMAL,
2026-01-01 00:00:26+00:00,ENG-DATASET-001,MSN-LUBRICATION_DEGRADATION-001,100.0,0.0,0.0,HEALTHY,,,,1.0,STABLE,NORMAL,
2026-01-01 00:00:27+00:00,ENG-DATASET-001,MSN-LUBRICATION_DEGRADATION-001,100.0,0.0,0.0,HEALTHY,,,,1.0,STABLE,NORMAL,
2026-01-01 00:00:28+00:00,ENG-DATASET-001,MSN-LUBRICATION_DEGRADATION-001,100.0,0.0,0.0,HEALTHY,,,,1.0,STABLE,NORMAL,
2026-01-01 00:00:29+00:00,ENG-DATASET-001,MSN-LUBRICATION_DEGRADATION-001,100.0,0.0,0.0,HEALTHY,,,,1.0,STABLE,NORMAL,
2026-01-01 00:00:30+00:00,ENG-DATASET-001,MSN-LUBRICATION_DEGRADATION-001,100.0,0.0,0.0,HEALTHY,,,,1.0,STABLE,NORMAL,
2026-01-01 00:00:31+00:00,ENG-DATASET-001,MSN-LUBRICATION_DEGRADATION-001,100.0,0.0,0.0,HEALTHY,,,,1.0,STABLE,NORMAL,
2026-01-01 00:00:32+00:00,ENG-DATASET-001,MSN-LUBRICATION_DEGRADATION-001,100.0,0.0,0.0,HEALTHY,,,,1.0,STABLE,NORMAL,
2026-01-01 00:00:33+00:00,ENG-DATASET-001,MSN-LUBRICATION_DEGRADATION-001,100.0,0.0,0.0,HEALTHY,,,,1.0,STABLE,NORMAL,
2026-01-01 00:00:34+00:00,ENG-DATASET-001,MSN-LUBRICATION_DEGRADATION-001,100.0,0.0,0.0,HEALTHY,,,,1.0,STABLE,NORMAL,
2026-01-01 00:00:35+00:00,ENG-DATASET-001,MSN-LUBRICATION_DEGRADATION-001,100.0,0.0,0.0,HEALTHY,,,,1.0,STABLE,NORMAL,
2026-01-01 00:00:36+00:00,ENG-DATASET-001,MSN-LUBRICATION_DEGRADATION-001,100.0,0.0,0.0,HEALTHY,,,,1.0,STABLE,NORMAL,
2026-01-01 00:00:37+00:00,ENG-DATASET-001,MSN-LUBRICATION_DEGRADATION-001,100.0,0.0,0.0,HEALTHY,,,,1.0,STABLE,NORMAL,
2026-01-01 00:00:38+00:00,ENG-DATASET-001,MSN-LUBRICATION_DEGRADATION-001,100.0,0.0,0.0,HEALTHY,,,,1.0,STABLE,NORMAL,
2026-01-01 00:00:39+00:00,ENG-DATASET-001,MSN-LUBRICATION_DEGRADATION-001,100.0,0.0,0.0,HEALTHY,,,,1.0,STABLE,NORMAL,
2026-01-01 00:00:40+00:00,ENG-DATASET-001,MSN-LUBRICATION_DEGRADATION-001,100.0,0.0,0.0,HEALTHY,,,,1.0,STABLE,NORMAL,
2026-01-01 00:00:41+00:00,ENG-DATASET-001,MSN-LUBRICATION_DEGRADATION-001,100.0,0.0,0.0,HEALTHY,,,,1.0,STABLE,NORMAL,
2026-01-01 00:00:42+00:00,ENG-DATASET-001,MSN-LUBRICATION_DEGRADATION-001,100.0,0.0,0.0,HEALTHY,,,,1.0,STABLE,NORMAL,
2026-01-01 00:00:43+00:00,ENG-DATASET-001,MSN-LUBRICATION_DEGRADATION-001,100.0,0.0,0.0,HEALTHY,,,,1.0,STABLE,NORMAL,
2026-01-01 00:00:44+00:00,ENG-DATASET-001,MSN-LUBRICATION_DEGRADATION-001,100.0,0.0,0.0,HEALTHY,,,,1.0,STABLE,NORMAL,
2026-01-01 00:00:45+00:00,ENG-DATASET-001,MSN-LUBRICATION_DEGRADATION-001,100.0,0.0,0.0,HEALTHY,,,,1.0,STABLE,NORMAL,
2026-01-01 00:00:46+00:00,ENG-DATASET-001,MSN-LUBRICATION_DEGRADATION-001,100.0,0.0,0.0,HEALTHY,,,,1.0,STABLE,NORMAL,
2026-01-01 00:00:47+00:00,ENG-DATASET-001,MSN-LUBRICATION_DEGRADATION-001,100.0,0.0,0.0,HEALTHY,,,,1.0,STABLE,NORMAL,
2026-01-01 00:00:48+00:00,ENG-DATASET-001,MSN-LUBRICATION_DEGRADATION-001,100.0,0.0,0.0,HEALTHY,,,,1.0,STABLE,NORMAL,
2026-01-01 00:00:49+00:00,ENG-DATASET-001,MSN-LUBRICATION_DEGRADATION-001,100.0,0.0,0.0,HEALTHY,,,,1.0,STABLE,NORMAL,
2026-01-01 00:00:50+00:00,ENG-DATASET-001,MSN-LUBRICATION_DEGRADATION-001,100.0,0.0,0.0,HEALTHY,,,,1.0,STABLE,NORMAL,
2026-01-01 00:00:51+00:00,ENG-DATASET-001,MSN-LUBRICATION_DEGRADATION-001,100.0,0.0,0.0,HEALTHY,,,,1.0,STABLE,NORMAL,
2026-01-01 00:00:52+00:00,ENG-DATASET-001,MSN-LUBRICATION_DEGRADATION-001,100.0,0.0,0.0,HEALTHY,,,,1.0,STABLE,NORMAL,
2026-01-01 00:00:53+00:00,ENG-DATASET-001,MSN-LUBRICATION_DEGRADATION-001,100.0,0.0,0.0,HEALTHY,,,,1.0,STABLE,NORMAL,
2026-01-01 00:00:54+00:00,ENG-DATASET-001,MSN-LUBRICATION_DEGRADATION-001,100.0,0.0,0.0,HEALTHY,,,,1.0,STABLE,NORMAL,
2026-01-01 00:00:55+00:00,ENG-DATASET-001,MSN-LUBRICATION_DEGRADATION-001,100.0,0.0,0.0,HEALTHY,,,,1.0,STABLE,NORMAL,
2026-01-01 00:00:56+00:00,ENG-DATASET-001,MSN-LUBRICATION_DEGRADATION-001,100.0,0.0,0.0,HEALTHY,,,,1.0,STABLE,NORMAL,
2026-01-01 00:00:57+00:00,ENG-DATASET-001,MSN-LUBRICATION_DEGRADATION-001,100.0,0.0,0.0,HEALTHY,,,,1.0,STABLE,NORMAL,
2026-01-01 00:00:58+00:00,ENG-DATASET-001,MSN-LUBRICATION_DEGRADATION-001,100.0,0.0,0.0,HEALTHY,,,,1.0,STABLE,NORMAL,
2026-01-01 00:00:59+00:00,ENG-DATASET-001,MSN-LUBRICATION_DEGRADATION-001,100.0,0.0,0.0,HEALTHY,,,,1.0,STABLE,NORMAL,
2026-01-01 00:01:00+00:00,ENG-DATASET-001,MSN-LUBRICATION_DEGRADATION-001,100.0,0.0,0.0,HEALTHY,,,,1.0,STABLE,NORMAL,
2026-01-01 00:01:01+00:00,ENG-DATASET-001,MSN-LUBRICATION_DEGRADATION-001,100.0,0.0,0.0,HEALTHY,,,,1.0,STABLE,NORMAL,
2026-01-01 00:01:02+00:00,ENG-DATASET-001,MSN-LUBRICATION_DEGRADATION-001,100.0,0.0,0.0,HEALTHY,,,,1.0,STABLE,NORMAL,
2026-01-01 00:01:03+00:00,ENG-DATASET-001,MSN-LUBRICATION_DEGRADATION-001,100.0,0.0,0.0,HEALTHY,,,,1.0,STABLE,NORMAL,
2026-01-01 00:01:04+00:00,ENG-DATASET-001,MSN-LUBRICATION_DEGRADATION-001,100.0,0.0,0.0,HEALTHY,,,,1.0,STABLE,NORMAL,
2026-01-01 00:01:05+00:00,ENG-DATASET-001,MSN-LUBRICATION_DEGRADATION-001,100.0,0.0,0.0,HEALTHY,,,,1.0,STABLE,NORMAL,
2026-01-01 00:01:06+00:00,ENG-DATASET-001,MSN-LUBRICATION_DEGRADATION-001,100.0,0.0,0.0,HEALTHY,,,,1.0,STABLE,NORMAL,
2026-01-01 00:01:07+00:00,ENG-DATASET-001,MSN-LUBRICATION_DEGRADATION-001,100.0,0.0,0.0,HEALTHY,,,,1.0,STABLE,NORMAL,
2026-01-01 00:01:08+00:00,ENG-DATASET-001,MSN-LUBRICATION_DEGRADATION-001,100.0,0.0,0.0,HEALTHY,,,,1.0,STABLE,NORMAL,
2026-01-01 00:01:09+00:00,ENG-DATASET-001,MSN-LUBRICATION_DEGRADATION-001,100.0,0.0,0.0,HEALTHY,,,,1.0,STABLE,NORMAL,
2026-01-01 00:01:10+00:00,ENG-DATASET-001,MSN-LUBRICATION_DEGRADATION-001,100.0,0.0,0.0,HEALTHY,,,,1.0,STABLE,NORMAL,
2026-01-01 00:01:11+00:00,ENG-DATASET-001,MSN-LUBRICATION_DEGRADATION-001,100.0,0.0,0.0,HEALTHY,,,,1.0,STABLE,NORMAL,
2026-01-01 00:01:12+00:00,ENG-DATASET-001,MSN-LUBRICATION_DEGRADATION-001,100.0,0.0,0.0,HEALTHY,,,,1.0,STABLE,NORMAL,
2026-01-01 00:01:13+00:00,ENG-DATASET-001,MSN-LUBRICATION_DEGRADATION-001,100.0,0.0,0.0,HEALTHY,,,,1.0,STABLE,NORMAL,
2026-01-01 00:01:14+00:00,ENG-DATASET-001,MSN-LUBRICATION_DEGRADATION-001,100.0,0.0,0.0,HEALTHY,,,,1.0,STABLE,NORMAL,
2026-01-01 00:01:15+00:00,ENG-DATASET-001,MSN-LUBRICATION_DEGRADATION-001,100.0,0.0,0.0,HEALTHY,,,,1.0,STABLE,NORMAL,
2026-01-01 00:01:16+00:00,ENG-DATASET-001,MSN-LUBRICATION_DEGRADATION-001,100.0,0.0,0.0,HEALTHY,,,,1.0,STABLE,NORMAL,
2026-01-01 00:01:17+00:00,ENG-DATASET-001,MSN-LUBRICATION_DEGRADATION-001,100.0,0.0,0.0,HEALTHY,,,,1.0,STABLE,NORMAL,
2026-01-01 00:01:18+00:00,ENG-DATASET-001,MSN-LUBRICATION_DEGRADATION-001,100.0,0.0,0.0,HEALTHY,,,,1.0,STABLE,NORMAL,
2026-01-01 00:01:19+00:00,ENG-DATASET-001,MSN-LUBRICATION_DEGRADATION-001,100.0,0.0,0.0,HEALTHY,,,,1.0,STABLE,NORMAL,
2026-01-01 00:01:20+00:00,ENG-DATASET-001,MSN-LUBRICATION_DEGRADATION-001,100.0,0.0,0.0,HEALTHY,,,,1.0,STABLE,NORMAL,
2026-01-01 00:01:21+00:00,ENG-DATASET-001,MSN-LUBRICATION_DEGRADATION-001,100.0,0.0,0.0,HEALTHY,,,,1.0,STABLE,NORMAL,
2026-01-01 00:01:22+00:00,ENG-DATASET-001,MSN-LUBRICATION_DEGRADATION-001,100.0,0.0,0.0,HEALTHY,,,,1.0,STABLE,NORMAL,
2026-01-01 00:01:23+00:00,ENG-DATASET-001,MSN-LUBRICATION_DEGRADATION-001,100.0,0.0,0.0,HEALTHY,,,,1.0,STABLE,NORMAL,
2026-01-01 00:01:24+00:00,ENG-DATASET-001,MSN-LUBRICATION_DEGRADATION-001,100.0,0.0,0.0,HEALTHY,,,,1.0,STABLE,NORMAL,
2026-01-01 00:01:25+00:00,ENG-DATASET-001,MSN-LUBRICATION_DEGRADATION-001,100.0,0.0,0.0,HEALTHY,,,,1.0,STABLE,NORMAL,
2026-01-01 00:01:26+00:00,ENG-DATASET-001,MSN-LUBRICATION_DEGRADATION-001,100.0,0.0,0.0,HEALTHY,,,,1.0,STABLE,NORMAL,
2026-01-01 00:01:27+00:00,ENG-DATASET-001,MSN-LUBRICATION_DEGRADATION-001,100.0,0.0,0.0,HEALTHY,,,,1.0,STABLE,NORMAL,
2026-01-01 00:01:28+00:00,ENG-DATASET-001,MSN-LUBRICATION_DEGRADATION-001,100.0,0.0,0.0,HEALTHY,,,,1.0,STABLE,NORMAL,
2026-01-01 00:01:29+00:00,ENG-DATASET-001,MSN-LUBRICATION_DEGRADATION-001,100.0,0.0,0.0,HEALTHY,,,,1.0,STABLE,NORMAL,
2026-01-01 00:01:30+00:00,ENG-DATASET-001,MSN-LUBRICATION_DEGRADATION-001,100.0,0.0,0.0,HEALTHY,,,,1.0,STABLE,NORMAL,
2026-01-01 00:01:31+00:00,ENG-DATASET-001,MSN-LUBRICATION_DEGRADATION-001,100.0,0.0,0.0,HEALTHY,,,,1.0,STABLE,NORMAL,
2026-01-01 00:01:32+00:00,ENG-DATASET-001,MSN-LUBRICATION_DEGRADATION-001,100.0,0.0,0.0,HEALTHY,,,,1.0,STABLE,NORMAL,
2026-01-01 00:01:33+00:00,ENG-DATASET-001,MSN-LUBRICATION_DEGRADATION-001,100.0,0.0,0.0,HEALTHY,,,,1.0,STABLE,NORMAL,
2026-01-01 00:01:34+00:00,ENG-DATASET-001,MSN-LUBRICATION_DEGRADATION-001,100.0,0.0,0.0,HEALTHY,,,,1.0,STABLE,NORMAL,
2026-01-01 00:01:35+00:00,ENG-DATASET-001,MSN-LUBRICATION_DEGRADATION-001,100.0,0.0,0.0,HEALTHY,,,,1.0,STABLE,NORMAL,
2026-01-01 00:01:36+00:00,ENG-DATASET-001,MSN-LUBRICATION_DEGRADATION-001,100.0,0.0,0.0,HEALTHY,,,,1.0,STABLE,NORMAL,
2026-01-01 00:01:37+00:00,ENG-DATASET-001,MSN-LUBRICATION_DEGRADATION-001,100.0,0.0,0.0,HEALTHY,,,,1.0,STABLE,NORMAL,
2026-01-01 00:01:38+00:00,ENG-DATASET-001,MSN-LUBRICATION_DEGRADATION-001,100.0,0.0,0.0,HEALTHY,,,,1.0,STABLE,NORMAL,
2026-01-01 00:01:39+00:00,ENG-DATASET-001,MSN-LUBRICATION_DEGRADATION-001,100.0,0.0,0.0,HEALTHY,,,,1.0,STABLE,NORMAL,
2026-01-01 00:01:40+00:00,ENG-DATASET-001,MSN-LUBRICATION_DEGRADATION-001,100.0,0.0,0.0,HEALTHY,,,,1.0,STABLE,NORMAL,
2026-01-01 00:01:41+00:00,ENG-DATASET-001,MSN-LUBRICATION_DEGRADATION-001,100.0,0.0,0.0,HEALTHY,,,,1.0,STABLE,NORMAL,
2026-01-01 00:01:42+00:00,ENG-DATASET-001,MSN-LUBRICATION_DEGRADATION-001,100.0,0.0,0.0,HEALTHY,,,,1.0,STABLE,NORMAL,
2026-01-01 00:01:43+00:00,ENG-DATASET-001,MSN-LUBRICATION_DEGRADATION-001,100.0,0.0,0.0,HEALTHY,,,,1.0,STABLE,NORMAL,
2026-01-01 00:01:44+00:00,ENG-DATASET-001,MSN-LUBRICATION_DEGRADATION-001,100.0,0.0,0.0,HEALTHY,,,,1.0,STABLE,NORMAL,
2026-01-01 00:01:45+00:00,ENG-DATASET-001,MSN-LUBRICATION_DEGRADATION-001,100.0,0.0,0.0,HEALTHY,,,,1.0,STABLE,NORMAL,
2026-01-01 00:01:46+00:00,ENG-DATASET-001,MSN-LUBRICATION_DEGRADATION-001,100.0,0.0,0.0,HEALTHY,,,,1.0,STABLE,NORMAL,
2026-01-01 00:01:47+00:00,ENG-DATASET-001,MSN-LUBRICATION_DEGRADATION-001,100.0,0.0,0.0,HEALTHY,,,,1.0,STABLE,NORMAL,
2026-01-01 00:01:48+00:00,ENG-DATASET-001,MSN-LUBRICATION_DEGRADATION-001,100.0,0.0,0.0,HEALTHY,,,,1.0,STABLE,NORMAL,
2026-01-01 00:01:49+00:00,ENG-DATASET-001,MSN-LUBRICATION_DEGRADATION-001,100.0,0.0,0.0,HEALTHY,,,,1.0,STABLE,NORMAL,
2026-01-01 00:01:50+00:00,ENG-DATASET-001,MSN-LUBRICATION_DEGRADATION-001,100.0,0.0,0.0,HEALTHY,,,,1.0,STABLE,NORMAL,
2026-01-01 00:01:51+00:00,ENG-DATASET-001,MSN-LUBRICATION_DEGRADATION-001,100.0,0.0,0.0,HEALTHY,,,,1.0,STABLE,NORMAL,
2026-01-01 00:01:52+00:00,ENG-DATASET-001,MSN-LUBRICATION_DEGRADATION-001,100.0,0.0,0.0,HEALTHY,,,,1.0,STABLE,NORMAL,
2026-01-01 00:01:53+00:00,ENG-DATASET-001,MSN-LUBRICATION_DEGRADATION-001,100.0,0.0,0.0,HEALTHY,,,,1.0,STABLE,NORMAL,
2026-01-01 00:01:54+00:00,ENG-DATASET-001,MSN-LUBRICATION_DEGRADATION-001,100.0,0.0,0.0,HEALTHY,,,,1.0,STABLE,NORMAL,
2026-01-01 00:01:55+00:00,ENG-DATASET-001,MSN-LUBRICATION_DEGRADATION-001,100.0,0.0,0.0,HEALTHY,,,,1.0,STABLE,NORMAL,
2026-01-01 00:01:56+00:00,ENG-DATASET-001,MSN-LUBRICATION_DEGRADATION-001,100.0,0.0,0.0,HEALTHY,,,,1.0,STABLE,NORMAL,
2026-01-01 00:01:57+00:00,ENG-DATASET-001,MSN-LUBRICATION_DEGRADATION-001,100.0,0.0,0.0,HEALTHY,,,,1.0,STABLE,NORMAL,
2026-01-01 00:01:58+00:00,ENG-DATASET-001,MSN-LUBRICATION_DEGRADATION-001,100.0,0.0,0.0,HEALTHY,,,,1.0,STABLE,NORMAL,
2026-01-01 00:01:59+00:00,ENG-DATASET-001,MSN-LUBRICATION_DEGRADATION-001,100.0,0.0,0.0,HEALTHY,,,,1.0,STABLE,NORMAL,
2026-01-01 00:02:00+00:00,ENG-DATASET-001,MSN-LUBRICATION_DEGRADATION-001,100.0,0.0,0.0,HEALTHY,,,,1.0,STABLE,NORMAL,
2026-01-01 00:02:01+00:00,ENG-DATASET-001,MSN-LUBRICATION_DEGRADATION-001,99.97,0.0011,0.177,LUBRICATION_DEGRADATION,281.86,1.81,1995.6,1.0,ESTIMATED,PHYSICAL_FAULT,
2026-01-01 00:02:02+00:00,ENG-DATASET-001,MSN-LUBRICATION_DEGRADATION-001,99.84,0.0034,1.1153,LUBRICATION_DEGRADATION,44.53,0.41,1986.4,1.0,ESTIMATED,PHYSICAL_FAULT,
2026-01-01 00:02:03+00:00,ENG-DATASET-001,MSN-LUBRICATION_DEGRADATION-001,99.61,0.0067,3.3789,LUBRICATION_DEGRADATION,14.6,0.2,1973.2,0.999,ESTIMATED,PHYSICAL_FAULT,
2026-01-01 00:02:04+00:00,ENG-DATASET-001,MSN-LUBRICATION_DEGRADATION-001,99.29,0.0113,7.4531,LUBRICATION_DEGRADATION,6.56,0.13,1954.8,0.999,LOW_RUL,PHYSICAL_FAULT,
2026-01-01 00:02:05+00:00,ENG-DATASET-001,MSN-LUBRICATION_DEGRADATION-001,98.85,0.017,13.9819,LUBRICATION_DEGRADATION,3.45,0.09,1932.0,0.998,LOW_RUL,PHYSICAL_FAULT,
2026-01-01 00:02:06+00:00,ENG-DATASET-001,MSN-LUBRICATION_DEGRADATION-001,98.35,0.0227,23.2315,LUBRICATION_DEGRADATION,2.05,0.07,1909.2,0.997,LOW_RUL,PHYSICAL_FAULT,
2026-01-01 00:02:07+00:00,ENG-DATASET-001,MSN-LUBRICATION_DEGRADATION-001,97.85,0.0283,35.1018,LUBRICATION_DEGRADATION,1.34,0.06,1886.8,0.997,LOW_RUL,PHYSICAL_FAULT,
2026-01-01 00:02:08+00:00,ENG-DATASET-001,MSN-LUBRICATION_DEGRADATION-001,97.35,0.034,49.4927,LUBRICATION_DEGRADATION,0.94,0.05,1864.0,0.996,LOW_RUL,PHYSICAL_FAULT,
2026-01-01 00:02:09+00:00,ENG-DATASET-001,MSN-LUBRICATION_DEGRADATION-001,96.84,0.0398,66.3634,LUBRICATION_DEGRADATION,0.69,0.04,1840.8,0.995,LOW_RUL,PHYSICAL_FAULT,
2026-01-01 00:02:10+00:00,ENG-DATASET-001,MSN-LUBRICATION_DEGRADATION-001,96.33,0.0456,85.6118,LUBRICATION_DEGRADATION,0.53,0.04,1817.6,0.995,LOW_RUL,PHYSICAL_FAULT,
2026-01-01 00:02:11+00:00,ENG-DATASET-001,MSN-LUBRICATION_DEGRADATION-001,95.81,0.0514,107.1948,LUBRICATION_DEGRADATION,0.42,0.04,1794.4,0.994,LOW_RUL,PHYSICAL_FAULT,
2026-01-01 00:02:12+00:00,ENG-DATASET-001,MSN-LUBRICATION_DEGRADATION-001,95.3,0.0571,130.9494,LUBRICATION_DEGRADATION,0.34,0.03,1771.6,0.993,LOW_RUL,PHYSICAL_FAULT,
2026-01-01 00:02:13+00:00,ENG-DATASET-001,MSN-LUBRICATION_DEGRADATION-001,94.79,0.063,156.7735,LUBRICATION_DEGRADATION,0.28,0.03,1748.0,0.993,LOW_RUL,PHYSICAL_FAULT,
2026-01-01 00:02:14+00:00,ENG-DATASET-001,MSN-LUBRICATION_DEGRADATION-001,94.27,0.0689,184.6243,LUBRICATION_DEGRADATION,0.23,0.03,1724.4,0.992,LOW_RUL,PHYSICAL_FAULT,
2026-01-01 00:02:15+00:00,ENG-DATASET-001,MSN-LUBRICATION_DEGRADATION-001,93.75,0.0748,214.3976,LUBRICATION_DEGRADATION,0.2,0.03,1700.8,0.991,LOW_RUL,PHYSICAL_FAULT,
2026-01-01 00:02:16+00:00,ENG-DATASET-001,MSN-LUBRICATION_DEGRADATION-001,93.22,0.0807,246.0483,LUBRICATION_DEGRADATION,0.17,0.02,1677.2,0.991,LOW_RUL,PHYSICAL_FAULT,
2026-01-01 00:02:17+00:00,ENG-DATASET-001,MSN-LUBRICATION_DEGRADATION-001,92.42,0.0963,281.0641,LUBRICATION_DEGRADATION,0.14,0.02,1614.8,0.986,LOW_RUL,PHYSICAL_FAULT,
2026-01-01 00:02:18+00:00,ENG-DATASET-001,MSN-LUBRICATION_DEGRADATION-001,90.96,0.112,323.1798,LUBRICATION_DEGRADATION,0.12,0.02,1552.0,0.982,LOW_RUL,PHYSICAL_FAULT,
2026-01-01 00:02:19+00:00,ENG-DATASET-001,MSN-LUBRICATION_DEGRADATION-001,89.5,0.1278,372.1034,LUBRICATION_DEGRADATION,0.1,0.01,1488.8,0.978,LOW_RUL,PHYSICAL_FAULT,
2026-01-01 00:02:20+00:00,ENG-DATASET-001,MSN-LUBRICATION_DEGRADATION-001,88.03,0.1435,427.6018,LUBRICATION_DEGRADATION,0.08,0.01,1426.0,0.974,LOW_RUL,PHYSICAL_FAULT,
2026-01-01 00:02:21+00:00,ENG-DATASET-001,MSN-LUBRICATION_DEGRADATION-001,86.57,0.1592,489.3219,LUBRICATION_DEGRADATION,0.07,0.01,1363.2,0.969,LOW_RUL,PHYSICAL_FAULT,
2026-01-01 00:02:22+00:00,ENG-DATASET-001,MSN-LUBRICATION_DEGRADATION-001,85.22,0.1708,556.3225,LUBRICATION_DEGRADATION,0.06,0.01,1316.8,0.965,LOW_RUL,PHYSICAL_FAULT,
2026-01-01 00:02:23+00:00,ENG-DATASET-001,MSN-LUBRICATION_DEGRADATION-001,84.1,0.1826,626.9762,LUBRICATION_DEGRADATION,0.05,0.01,1269.6,0.961,LOW_RUL,PHYSICAL_FAULT,
2026-01-01 00:02:24+00:00,ENG-DATASET-001,MSN-LUBRICATION_DEGRADATION-001,82.82,0.1989,702.003,LUBRICATION_DEGRADATION,0.04,0.01,1204.4,0.953,LOW_RUL,PHYSICAL_FAULT,
2026-01-01 00:02:25+00:00,ENG-DATASET-001,MSN-LUBRICATION_DEGRADATION-001,81.21,0.2151,783.0945,LUBRICATION_DEGRADATION,0.04,0.01,1139.6,0.945,LOW_RUL,PHYSICAL_FAULT,
2026-01-01 00:02:26+00:00,ENG-DATASET-001,MSN-LUBRICATION_DEGRADATION-001,79.6,0.2312,869.9286,LUBRICATION_DEGRADATION,0.03,0.01,1075.2,0.937,LOW_RUL,PHYSICAL_FAULT,
2026-01-01 00:02:27+00:00,ENG-DATASET-001,MSN-LUBRICATION_DEGRADATION-001,79.29,0.1976,954.5111,LUBRICATION_DEGRADATION,0.03,0.01,1209.6,0.933,LOW_RUL,PHYSICAL_FAULT,
2026-01-01 00:02:28+00:00,ENG-DATASET-001,MSN-LUBRICATION_DEGRADATION-001,78.32,0.2069,1040.6751,LUBRICATION_DEGRADATION,0.03,0.01,1172.4,0.929,LOW_RUL,PHYSICAL_FAULT,
2026-01-01 00:02:29+00:00,ENG-DATASET-001,MSN-LUBRICATION_DEGRADATION-001,77.48,0.2118,1127.4592,LUBRICATION_DEGRADATION,0.03,0.01,1152.8,0.928,LOW_RUL,PHYSICAL_FAULT,
2026-01-01 00:02:30+00:00,ENG-DATASET-001,MSN-LUBRICATION_DEGRADATION-001,76.99,0.2166,1212.6298,LUBRICATION_DEGRADATION,0.02,0.01,1133.6,0.928,LOW_RUL,PHYSICAL_FAULT,
2026-01-01 00:02:31+00:00,ENG-DATASET-001,MSN-LUBRICATION_DEGRADATION-001,76.51,0.2212,1296.03,LUBRICATION_DEGRADATION,0.02,0.01,1115.2,0.927,LOW_RUL,PHYSICAL_FAULT,
2026-01-01 00:02:32+00:00,ENG-DATASET-001,MSN-LUBRICATION_DEGRADATION-001,76.03,0.2259,1377.5637,LUBRICATION_DEGRADATION,0.02,0.01,1096.4,0.926,LOW_RUL,PHYSICAL_FAULT,
2026-01-01 00:02:33+00:00,ENG-DATASET-001,MSN-LUBRICATION_DEGRADATION-001,75.56,0.2306,1457.0757,LUBRICATION_DEGRADATION,0.02,0.01,1077.6,0.926,LOW_RUL,PHYSICAL_FAULT,
2026-01-01 00:02:34+00:00,ENG-DATASET-001,MSN-LUBRICATION_DEGRADATION-001,75.07,0.2353,1534.5903,LUBRICATION_DEGRADATION,0.02,0.01,1058.8,0.925,LOW_RUL,PHYSICAL_FAULT,
2026-01-01 00:02:35+00:00,ENG-DATASET-001,MSN-LUBRICATION_DEGRADATION-001,74.6,0.24,1609.8912,LUBRICATION_DEGRADATION,0.02,0.01,1040.0,0.924,LOW_RUL,PHYSICAL_FAULT,
2026-01-01 00:02:36+00:00,ENG-DATASET-001,MSN-LUBRICATION_DEGRADATION-001,74.12,0.2446,1682.9435,LUBRICATION_DEGRADATION,0.02,0.0,1021.6,0.924,LOW_RUL,PHYSICAL_FAULT,
2026-01-01 00:02:37+00:00,ENG-DATASET-001,MSN-LUBRICATION_DEGRADATION-001,73.65,0.2492,1753.5921,LUBRICATION_DEGRADATION,0.01,0.0,1003.2,0.923,LOW_RUL,PHYSICAL_FAULT,
2026-01-01 00:02:38+00:00,ENG-DATASET-001,MSN-LUBRICATION_DEGRADATION-001,73.18,0.254,1821.743,LUBRICATION_DEGRADATION,0.01,0.0,984.0,0.922,LOW_RUL,PHYSICAL_FAULT,
2026-01-01 00:02:39+00:00,ENG-DATASET-001,MSN-LUBRICATION_DEGRADATION-001,72.69,0.2588,1887.4203,LUBRICATION_DEGRADATION,0.01,0.0,964.8,0.922,LOW_RUL,PHYSICAL_FAULT,
2026-01-01 00:02:40+00:00,ENG-DATASET-001,MSN-LUBRICATION_DEGRADATION-001,72.2,0.2635,1950.5258,LUBRICATION_DEGRADATION,0.01,0.0,946.0,0.921,LOW_RUL,PHYSICAL_FAULT,
2026-01-01 00:02:41+00:00,ENG-DATASET-001,MSN-LUBRICATION_DEGRADATION-001,71.73,0.2681,2010.8436,LUBRICATION_DEGRADATION,0.01,0.0,927.6,0.921,LOW_RUL,PHYSICAL_FAULT,
2026-01-01 00:02:42+00:00,ENG-DATASET-001,MSN-LUBRICATION_DEGRADATION-001,71.26,0.2728,2068.2795,LUBRICATION_DEGRADATION,0.01,0.0,908.8,0.92,LOW_RUL,PHYSICAL_FAULT,
2026-01-01 00:02:43+00:00,ENG-DATASET-001,MSN-LUBRICATION_DEGRADATION-001,70.78,0.2776,2122.7987,LUBRICATION_DEGRADATION,0.01,0.0,889.6,0.919,LOW_RUL,PHYSICAL_FAULT,
2026-01-01 00:02:44+00:00,ENG-DATASET-001,MSN-LUBRICATION_DEGRADATION-001,70.29,0.2823,2174.364,LUBRICATION_DEGRADATION,0.01,0.0,870.8,0.919,LOW_RUL,PHYSICAL_FAULT,
2026-01-01 00:02:45+00:00,ENG-DATASET-001,MSN-LUBRICATION_DEGRADATION-001,68.23,0.3488,2232.143,LUBRICATION_DEGRADATION,0.01,0.0,604.8,0.918,LOW_RUL,PHYSICAL_FAULT,
2026-01-01 00:02:46+00:00,ENG-DATASET-001,MSN-LUBRICATION_DEGRADATION-001,67.74,0.3544,2286.4581,LUBRICATION_DEGRADATION,0.01,0.0,582.4,0.917,LOW_RUL,PHYSICAL_FAULT,
2026-01-01 00:02:47+00:00,ENG-DATASET-001,MSN-LUBRICATION_DEGRADATION-001,67.24,0.3601,2337.2702,LUBRICATION_DEGRADATION,0.01,0.0,559.6,0.917,LOW_RUL,PHYSICAL_FAULT,
2026-01-01 00:02:48+00:00,ENG-DATASET-001,MSN-LUBRICATION_DEGRADATION-001,66.74,0.366,2384.4794,LUBRICATION_DEGRADATION,0.01,0.0,536.0,0.916,LOW_RUL,PHYSICAL_FAULT,
2026-01-01 00:02:49+00:00,ENG-DATASET-001,MSN-LUBRICATION_DEGRADATION-001,66.21,0.3719,2428.1625,LUBRICATION_DEGRADATION,0.01,0.0,512.4,0.915,LOW_RUL,PHYSICAL_FAULT,
2026-01-01 00:02:50+00:00,ENG-DATASET-001,MSN-LUBRICATION_DEGRADATION-001,65.69,0.3777,2468.1546,LUBRICATION_DEGRADATION,0.0,0.0,489.2,0.915,LOW_RUL,PHYSICAL_FAULT,
2026-01-01 00:02:51+00:00,ENG-DATASET-001,MSN-LUBRICATION_DEGRADATION-001,65.18,0.3836,2504.2926,LUBRICATION_DEGRADATION,0.0,0.0,465.6,0.914,LOW_RUL,PHYSICAL_FAULT,
2026-01-01 00:02:52+00:00,ENG-DATASET-001,MSN-LUBRICATION_DEGRADATION-001,64.65,0.3896,2536.5926,LUBRICATION_DEGRADATION,0.0,0.0,441.6,0.913,LOW_RUL,PHYSICAL_FAULT,
2026-01-01 00:02:53+00:00,ENG-DATASET-001,MSN-LUBRICATION_DEGRADATION-001,64.18,0.3934,2564.5944,LUBRICATION_DEGRADATION,0.0,0.0,426.4,0.912,LOW_RUL,PHYSICAL_FAULT,
2026-01-01 00:02:54+00:00,ENG-DATASET-001,MSN-LUBRICATION_DEGRADATION-001,63.85,0.3966,2587.3777,LUBRICATION_DEGRADATION,0.0,0.0,413.6,0.912,LOW_RUL,PHYSICAL_FAULT,
2026-01-01 00:02:55+00:00,ENG-DATASET-001,MSN-LUBRICATION_DEGRADATION-001,63.56,0.3995,2604.6405,LUBRICATION_DEGRADATION,0.0,0.0,402.0,0.911,LOW_RUL,PHYSICAL_FAULT,
2026-01-01 00:02:56+00:00,ENG-DATASET-001,MSN-LUBRICATION_DEGRADATION-001,63.29,0.4025,2616.2067,LUBRICATION_DEGRADATION,0.0,0.0,390.0,0.91,LOW_RUL,PHYSICAL_FAULT,
2026-01-01 00:02:57+00:00,ENG-DATASET-001,MSN-LUBRICATION_DEGRADATION-001,63.02,0.4055,2622.0223,LUBRICATION_DEGRADATION,0.0,0.0,378.0,0.91,LOW_RUL,PHYSICAL_FAULT,
2026-01-01 00:02:58+00:00,ENG-DATASET-001,MSN-LUBRICATION_DEGRADATION-001,62.73,0.4087,2622.1514,LUBRICATION_DEGRADATION,0.0,0.0,365.2,0.909,LOW_RUL,PHYSICAL_FAULT,
2026-01-01 00:02:59+00:00,ENG-DATASET-001,MSN-LUBRICATION_DEGRADATION-001,62.44,0.4118,2616.5358,LUBRICATION_DEGRADATION,0.0,0.0,352.8,0.908,LOW_RUL,PHYSICAL_FAULT,
2026-01-01 00:03:00+00:00,ENG-DATASET-001,MSN-LUBRICATION_DEGRADATION-001,62.16,0.4148,2605.0586,LUBRICATION_DEGRADATION,0.0,0.0,340.8,0.908,LOW_RUL,PHYSICAL_FAULT,
2026-01-01 00:03:01+00:00,ENG-DATASET-001,MSN-LUBRICATION_DEGRADATION-001,61.89,0.4178,2587.7878,LUBRICATION_DEGRADATION,0.0,0.0,328.8,0.907,LOW_RUL,PHYSICAL_FAULT,
2026-01-01 00:03:02+00:00,ENG-DATASET-001,MSN-LUBRICATION_DEGRADATION-001,61.6,0.421,2565.4036,LUBRICATION_DEGRADATION,0.0,0.0,316.0,0.906,LOW_RUL,PHYSICAL_FAULT,
2026-01-01 00:03:03+00:00,ENG-DATASET-001,MSN-LUBRICATION_DEGRADATION-001,61.3,0.4244,2538.5432,LUBRICATION_DEGRADATION,0.0,0.0,302.4,0.905,LOW_RUL,PHYSICAL_FAULT,
2026-01-01 00:03:04+00:00,ENG-DATASET-001,MSN-LUBRICATION_DEGRADATION-001,61.0,0.4277,2507.7416,LUBRICATION_DEGRADATION,0.0,0.0,289.2,0.905,LOW_RUL,PHYSICAL_FAULT,
2026-01-01 00:03:05+00:00,ENG-DATASET-001,MSN-LUBRICATION_DEGRADATION-001,60.7,0.4308,2473.7351,LUBRICATION_DEGRADATION,0.0,0.0,276.8,0.904,LOW_RUL,PHYSICAL_FAULT,
2026-01-01 00:03:06+00:00,ENG-DATASET-001,MSN-LUBRICATION_DEGRADATION-001,60.28,0.4378,2437.6261,LUBRICATION_DEGRADATION,0.0,0.0,248.8,0.9,LOW_RUL,PHYSICAL_FAULT,
2026-01-01 00:03:07+00:00,ENG-DATASET-001,MSN-LUBRICATION_DEGRADATION-001,59.56,0.4449,2401.201,LUBRICATION_DEGRADATION,0.0,0.0,220.4,0.895,LOW_RUL,PHYSICAL_FAULT,
2026-01-01 00:03:08+00:00,ENG-DATASET-001,MSN-LUBRICATION_DEGRADATION-001,58.82,0.452,2364.5338,LUBRICATION_DEGRADATION,0.0,0.0,192.0,0.891,LOW_RUL,PHYSICAL_FAULT,
2026-01-01 00:03:09+00:00,ENG-DATASET-001,MSN-LUBRICATION_DEGRADATION-001,58.11,0.4585,2327.4605,LUBRICATION_DEGRADATION,0.0,0.0,166.0,0.887,LOW_RUL,PHYSICAL_FAULT,
2026-01-01 00:03:10+00:00,ENG-DATASET-001,MSN-LUBRICATION_DEGRADATION-001,57.46,0.4638,2289.587,LUBRICATION_DEGRADATION,0.0,0.0,144.8,0.883,LOW_RUL,PHYSICAL_FAULT,
2026-01-01 00:03:11+00:00,ENG-DATASET-001,MSN-LUBRICATION_DEGRADATION-001,57.01,0.4652,2249.7659,LUBRICATION_DEGRADATION,0.0,0.0,139.2,0.882,LOW_RUL,PHYSICAL_FAULT,
2026-01-01 00:03:12+00:00,ENG-DATASET-001,MSN-LUBRICATION_DEGRADATION-001,56.86,0.4668,2206.1798,LUBRICATION_DEGRADATION,0.0,0.0,132.8,0.881,LOW_RUL,PHYSICAL_FAULT,
2026-01-01 00:03:13+00:00,ENG-DATASET-001,MSN-LUBRICATION_DEGRADATION-001,56.71,0.4684,2158.9007,LUBRICATION_DEGRADATION,0.0,0.0,126.4,0.88,LOW_RUL,PHYSICAL_FAULT,
2026-01-01 00:03:14+00:00,ENG-DATASET-001,MSN-LUBRICATION_DEGRADATION-001,56.56,0.4698,2108.0616,LUBRICATION_DEGRADATION,0.0,0.0,120.8,0.88,LOW_RUL,PHYSICAL_FAULT,
2026-01-01 00:03:15+00:00,ENG-DATASET-001,MSN-LUBRICATION_DEGRADATION-001,56.33,0.4744,2054.2086,LUBRICATION_DEGRADATION,0.0,0.0,102.4,0.878,LOW_RUL,PHYSICAL_FAULT,
2026-01-01 00:03:16+00:00,ENG-DATASET-001,MSN-LUBRICATION_DEGRADATION-001,55.95,0.4766,1998.3461,LUBRICATION_DEGRADATION,0.0,0.0,93.6,0.877,LOW_RUL,PHYSICAL_FAULT,
2026-01-01 00:03:17+00:00,ENG-DATASET-001,MSN-LUBRICATION_DEGRADATION-001,55.71,0.4789,1941.3253,LUBRICATION_DEGRADATION,0.0,0.0,84.4,0.875,LOW_RUL,PHYSICAL_FAULT,
2026-01-01 00:03:18+00:00,ENG-DATASET-001,MSN-LUBRICATION_DEGRADATION-001,55.45,0.4814,1887.4033,LUBRICATION_DEGRADATION,0.0,0.0,74.4,0.873,LOW_RUL,PHYSICAL_FAULT,
2026-01-01 00:03:19+00:00,ENG-DATASET-001,MSN-LUBRICATION_DEGRADATION-001,55.18,0.4838,1836.8792,LUBRICATION_DEGRADATION,0.0,0.0,64.8,0.871,LOW_RUL,PHYSICAL_FAULT,
2026-01-01 00:03:20+00:00,ENG-DATASET-001,MSN-LUBRICATION_DEGRADATION-001,54.96,0.4849,1789.7572,LUBRICATION_DEGRADATION,0.0,0.0,60.4,0.87,LOW_RUL,PHYSICAL_FAULT,
2026-01-01 00:03:21+00:00,ENG-DATASET-001,MSN-LUBRICATION_DEGRADATION-001,54.85,0.4858,1745.5769,LUBRICATION_DEGRADATION,0.0,0.0,56.8,0.869,LOW_RUL,PHYSICAL_FAULT,
2026-01-01 00:03:22+00:00,ENG-DATASET-001,MSN-LUBRICATION_DEGRADATION-001,54.75,0.4866,1703.8783,LUBRICATION_DEGRADATION,0.0,0.0,53.6,0.868,LOW_RUL,PHYSICAL_FAULT,
2026-01-01 00:03:23+00:00,ENG-DATASET-001,MSN-LUBRICATION_DEGRADATION-001,54.66,0.4874,1663.4491,LUBRICATION_DEGRADATION,0.0,0.0,50.4,0.867,LOW_RUL,PHYSICAL_FAULT,
2026-01-01 00:03:24+00:00,ENG-DATASET-001,MSN-LUBRICATION_DEGRADATION-001,54.57,0.488,1625.4715,LUBRICATION_DEGRADATION,0.0,0.0,48.0,0.867,LOW_RUL,PHYSICAL_FAULT,
2026-01-01 00:03:25+00:00,ENG-DATASET-001,MSN-LUBRICATION_DEGRADATION-001,54.49,0.4888,1592.1383,LUBRICATION_DEGRADATION,0.0,0.0,44.8,0.866,LOW_RUL,PHYSICAL_FAULT,
2026-01-01 00:03:26+00:00,ENG-DATASET-001,MSN-LUBRICATION_DEGRADATION-001,54.41,0.4896,1563.7554,LUBRICATION_DEGRADATION,0.0,0.0,41.6,0.865,LOW_RUL,PHYSICAL_FAULT,
2026-01-01 00:03:27+00:00,ENG-DATASET-001,MSN-LUBRICATION_DEGRADATION-001,54.31,0.4904,1532.8148,LUBRICATION_DEGRADATION,0.0,0.0,38.4,0.864,LOW_RUL,PHYSICAL_FAULT,
2026-01-01 00:03:28+00:00,ENG-DATASET-001,MSN-LUBRICATION_DEGRADATION-001,54.22,0.4913,1503.3266,LUBRICATION_DEGRADATION,0.0,0.0,34.8,0.864,LOW_RUL,PHYSICAL_FAULT,
2026-01-01 00:03:29+00:00,ENG-DATASET-001,MSN-LUBRICATION_DEGRADATION-001,54.11,0.4924,1474.7917,LUBRICATION_DEGRADATION,0.0,0.0,30.4,0.863,LOW_RUL,PHYSICAL_FAULT,
2026-01-01 00:03:30+00:00,ENG-DATASET-001,MSN-LUBRICATION_DEGRADATION-001,54.0,0.4934,1445.2205,LUBRICATION_DEGRADATION,0.0,0.0,26.4,0.862,LOW_RUL,PHYSICAL_FAULT,
2026-01-01 00:03:31+00:00,ENG-DATASET-001,MSN-LUBRICATION_DEGRADATION-001,53.9,0.4943,1414.5689,LUBRICATION_DEGRADATION,0.0,0.0,22.8,0.861,LOW_RUL,PHYSICAL_FAULT,
2026-01-01 00:03:32+00:00,ENG-DATASET-001,MSN-LUBRICATION_DEGRADATION-001,53.79,0.4952,1382.9722,LUBRICATION_DEGRADATION,0.0,0.0,19.2,0.86,LOW_RUL,PHYSICAL_FAULT,
2026-01-01 00:03:33+00:00,ENG-DATASET-001,MSN-LUBRICATION_DEGRADATION-001,53.69,0.496,1350.3841,LUBRICATION_DEGRADATION,0.0,0.0,16.0,0.86,LOW_RUL,PHYSICAL_FAULT,
2026-01-01 00:03:34+00:00,ENG-DATASET-001,MSN-LUBRICATION_DEGRADATION-001,53.6,0.4967,1316.9418,LUBRICATION_DEGRADATION,0.0,0.0,13.2,0.859,LOW_RUL,PHYSICAL_FAULT,
2026-01-01 00:03:35+00:00,ENG-DATASET-001,MSN-LUBRICATION_DEGRADATION-001,53.52,0.4974,1282.5443,LUBRICATION_DEGRADATION,0.0,0.0,10.4,0.858,LOW_RUL,PHYSICAL_FAULT,
2026-01-01 00:03:36+00:00,ENG-DATASET-001,MSN-LUBRICATION_DEGRADATION-001,53.44,0.4981,1247.3305,LUBRICATION_DEGRADATION,0.0,0.0,7.6,0.857,LOW_RUL,PHYSICAL_FAULT,
2026-01-01 00:03:37+00:00,ENG-DATASET-001,MSN-LUBRICATION_DEGRADATION-001,53.36,0.4988,1211.3195,LUBRICATION_DEGRADATION,0.0,0.0,4.8,0.856,LOW_RUL,PHYSICAL_FAULT,
2026-01-01 00:03:38+00:00,ENG-DATASET-001,MSN-LUBRICATION_DEGRADATION-001,53.27,0.4995,1174.6483,LUBRICATION_DEGRADATION,0.0,0.0,2.0,0.856,LOW_RUL,PHYSICAL_FAULT,
2026-01-01 00:03:39+00:00,ENG-DATASET-001,MSN-LUBRICATION_DEGRADATION-001,53.18,0.5004,1137.515,LUBRICATION_DEGRADATION,0.0,0.0,0.0,0.855,LOW_RUL,PHYSICAL_FAULT,
2026-01-01 00:03:40+00:00,ENG-DATASET-001,MSN-LUBRICATION_DEGRADATION-001,53.07,0.5014,1100.1176,LUBRICATION_DEGRADATION,0.0,0.0,0.0,0.854,LOW_RUL,PHYSICAL_FAULT,
2026-01-01 00:03:41+00:00,ENG-DATASET-001,MSN-LUBRICATION_DEGRADATION-001,52.96,0.5025,1062.4101,LUBRICATION_DEGRADATION,0.0,0.0,0.0,0.853,LOW_RUL,PHYSICAL_FAULT,
2026-01-01 00:03:42+00:00,ENG-DATASET-001,MSN-LUBRICATION_DEGRADATION-001,52.83,0.5038,1024.5826,LUBRICATION_DEGRADATION,0.0,0.0,0.0,0.852,LOW_RUL,PHYSICAL_FAULT,
2026-01-01 00:03:43+00:00,ENG-DATASET-001,MSN-LUBRICATION_DEGRADATION-001,52.7,0.505,986.7641,LUBRICATION_DEGRADATION,0.0,0.0,0.0,0.851,LOW_RUL,PHYSICAL_FAULT,
2026-01-01 00:03:44+00:00,ENG-DATASET-001,MSN-LUBRICATION_DEGRADATION-001,52.57,0.5062,949.0856,LUBRICATION_DEGRADATION,0.0,0.0,0.0,0.85,LOW_RUL,PHYSICAL_FAULT,
2026-01-01 00:03:45+00:00,ENG-DATASET-001,MSN-LUBRICATION_DEGRADATION-001,52.44,0.5073,921.1989,LUBRICATION_DEGRADATION,0.0,0.0,0.0,0.849,LOW_RUL,PHYSICAL_FAULT,
2026-01-01 00:03:46+00:00,ENG-DATASET-001,MSN-LUBRICATION_DEGRADATION-001,52.32,0.5084,893.8513,LUBRICATION_DEGRADATION,0.0,0.0,0.0,0.848,LOW_RUL,PHYSICAL_FAULT,
2026-01-01 00:03:47+00:00,ENG-DATASET-001,MSN-LUBRICATION_DEGRADATION-001,52.2,0.5093,867.1779,LUBRICATION_DEGRADATION,0.0,0.0,0.0,0.847,LOW_RUL,PHYSICAL_FAULT,
2026-01-01 00:03:48+00:00,ENG-DATASET-001,MSN-LUBRICATION_DEGRADATION-001,52.1,0.5102,841.1366,LUBRICATION_DEGRADATION,0.0,0.0,0.0,0.846,LOW_RUL,PHYSICAL_FAULT,
2026-01-01 00:03:49+00:00,ENG-DATASET-001,MSN-LUBRICATION_DEGRADATION-001,51.99,0.5111,816.0497,LUBRICATION_DEGRADATION,0.0,0.0,0.0,0.845,LOW_RUL,PHYSICAL_FAULT,
2026-01-01 00:03:50+00:00,ENG-DATASET-001,MSN-LUBRICATION_DEGRADATION-001,51.89,0.512,791.881,LUBRICATION_DEGRADATION,0.0,0.0,0.0,0.844,LOW_RUL,PHYSICAL_FAULT,
2026-01-01 00:03:51+00:00,ENG-DATASET-001,MSN-LUBRICATION_DEGRADATION-001,51.77,0.5131,768.7715,LUBRICATION_DEGRADATION,0.0,0.0,0.0,0.843,LOW_RUL,PHYSICAL_FAULT,
2026-01-01 00:03:52+00:00,ENG-DATASET-001,MSN-LUBRICATION_DEGRADATION-001,51.65,0.5142,746.9215,LUBRICATION_DEGRADATION,0.0,0.0,0.0,0.842,LOW_RUL,PHYSICAL_FAULT,
2026-01-01 00:03:53+00:00,ENG-DATASET-001,MSN-LUBRICATION_DEGRADATION-001,51.52,0.5155,726.1057,LUBRICATION_DEGRADATION,0.0,0.0,0.0,0.841,LOW_RUL,PHYSICAL_FAULT,
2026-01-01 00:03:54+00:00,ENG-DATASET-001,MSN-LUBRICATION_DEGRADATION-001,51.37,0.5169,705.656,LUBRICATION_DEGRADATION,0.0,0.0,0.0,0.84,LOW_RUL,PHYSICAL_FAULT,
2026-01-01 00:03:55+00:00,ENG-DATASET-001,MSN-LUBRICATION_DEGRADATION-001,51.23,0.5183,685.3054,LUBRICATION_DEGRADATION,0.0,0.0,0.0,0.839,LOW_RUL,PHYSICAL_FAULT,
2026-01-01 00:03:56+00:00,ENG-DATASET-001,MSN-LUBRICATION_DEGRADATION-001,51.08,0.5197,665.0207,LUBRICATION_DEGRADATION,0.0,0.0,0.0,0.838,LOW_RUL,PHYSICAL_FAULT,
2026-01-01 00:03:57+00:00,ENG-DATASET-001,MSN-LUBRICATION_DEGRADATION-001,50.94,0.5209,644.7671,LUBRICATION_DEGRADATION,0.0,0.0,0.0,0.837,LOW_RUL,PHYSICAL_FAULT,
2026-01-01 00:03:58+00:00,ENG-DATASET-001,MSN-LUBRICATION_DEGRADATION-001,50.81,0.522,624.6335,LUBRICATION_DEGRADATION,0.0,0.0,0.0,0.836,LOW_RUL,PHYSICAL_FAULT,
2026-01-01 00:03:59+00:00,ENG-DATASET-001,MSN-LUBRICATION_DEGRADATION-001,50.69,0.5229,604.5929,LUBRICATION_DEGRADATION,0.0,0.0,0.0,0.836,LOW_RUL,PHYSICAL_FAULT,
2026-01-01 00:04:00+00:00,ENG-DATASET-001,MSN-LUBRICATION_DEGRADATION-001,50.46,0.5273,585.2676,LUBRICATION_DEGRADATION,0.0,0.0,0.0,0.831,LOW_RUL,PHYSICAL_FAULT,
2026-01-01 00:04:01+00:00,ENG-DATASET-001,MSN-LUBRICATION_DEGRADATION-001,49.96,0.5313,568.1998,LUBRICATION_DEGRADATION,0.0,0.0,0.0,0.826,LOW_RUL,PHYSICAL_FAULT,
2026-01-01 00:04:02+00:00,ENG-DATASET-001,MSN-LUBRICATION_DEGRADATION-001,49.48,0.5351,553.3477,LUBRICATION_DEGRADATION,0.0,0.0,0.0,0.821,LOW_RUL,PHYSICAL_FAULT,
2026-01-01 00:04:03+00:00,ENG-DATASET-001,MSN-LUBRICATION_DEGRADATION-001,49.03,0.5387,540.5572,LUBRICATION_DEGRADATION,0.0,0.0,0.0,0.817,LOW_RUL,PHYSICAL_FAULT,
2026-01-01 00:04:04+00:00,ENG-DATASET-001,MSN-LUBRICATION_DEGRADATION-001,48.59,0.5421,529.7391,LUBRICATION_DEGRADATION,0.0,0.0,0.0,0.813,LOW_RUL,PHYSICAL_FAULT,
2026-01-01 00:04:05+00:00,ENG-DATASET-001,MSN-LUBRICATION_DEGRADATION-001,48.31,0.5419,519.9214,LUBRICATION_DEGRADATION,0.0,0.0,0.0,0.813,LOW_RUL,PHYSICAL_FAULT,
2026-01-01 00:04:06+00:00,ENG-DATASET-001,MSN-LUBRICATION_DEGRADATION-001,48.33,0.5417,510.0697,LUBRICATION_DEGRADATION,0.0,0.0,0.0,0.813,LOW_RUL,PHYSICAL_FAULT,
2026-01-01 00:04:07+00:00,ENG-DATASET-001,MSN-LUBRICATION_DEGRADATION-001,48.34,0.5417,502.1615,LUBRICATION_DEGRADATION,0.0,0.0,0.0,0.813,LOW_RUL,PHYSICAL_FAULT,
2026-01-01 00:04:08+00:00,ENG-DATASET-001,MSN-LUBRICATION_DEGRADATION-001,48.35,0.5417,496.4649,LUBRICATION_DEGRADATION,0.0,0.0,0.0,0.813,LOW_RUL,PHYSICAL_FAULT,
2026-01-01 00:04:09+00:00,ENG-DATASET-001,MSN-LUBRICATION_DEGRADATION-001,48.36,0.5415,492.9469,LUBRICATION_DEGRADATION,0.0,0.0,0.0,0.813,LOW_RUL,PHYSICAL_FAULT,
2026-01-01 00:04:10+00:00,ENG-DATASET-001,MSN-LUBRICATION_DEGRADATION-001,48.39,0.5412,491.2675,LUBRICATION_DEGRADATION,0.0,0.0,0.0,0.814,LOW_RUL,PHYSICAL_FAULT,
2026-01-01 00:04:11+00:00,ENG-DATASET-001,MSN-LUBRICATION_DEGRADATION-001,48.42,0.5407,490.3422,LUBRICATION_DEGRADATION,0.0,0.0,0.0,0.814,LOW_RUL,PHYSICAL_FAULT,
2026-01-01 00:04:12+00:00,ENG-DATASET-001,MSN-LUBRICATION_DEGRADATION-001,48.47,0.54,488.3186,LUBRICATION_DEGRADATION,0.0,0.0,0.0,0.814,LOW_RUL,PHYSICAL_FAULT,
2026-01-01 00:04:13+00:00,ENG-DATASET-001,MSN-LUBRICATION_DEGRADATION-001,48.54,0.5393,485.1188,LUBRICATION_DEGRADATION,0.0,0.0,0.0,0.814,LOW_RUL,PHYSICAL_FAULT,
2026-01-01 00:04:14+00:00,ENG-DATASET-001,MSN-LUBRICATION_DEGRADATION-001,48.61,0.5385,480.7866,LUBRICATION_DEGRADATION,0.0,0.0,0.0,0.815,LOW_RUL,PHYSICAL_FAULT,
2026-01-01 00:04:15+00:00,ENG-DATASET-001,MSN-LUBRICATION_DEGRADATION-001,48.69,0.5378,475.7952,LUBRICATION_DEGRADATION,0.0,0.0,0.0,0.815,LOW_RUL,PHYSICAL_FAULT,
2026-01-01 00:04:16+00:00,ENG-DATASET-001,MSN-LUBRICATION_DEGRADATION-001,48.75,0.5372,471.2399,LUBRICATION_DEGRADATION,0.0,0.0,0.0,0.815,LOW_RUL,PHYSICAL_FAULT,
2026-01-01 00:04:17+00:00,ENG-DATASET-001,MSN-LUBRICATION_DEGRADATION-001,48.8,0.5368,466.4136,LUBRICATION_DEGRADATION,0.0,0.0,0.0,0.815,LOW_RUL,PHYSICAL_FAULT,
2026-01-01 00:04:18+00:00,ENG-DATASET-001,MSN-LUBRICATION_DEGRADATION-001,48.84,0.5365,461.5552,LUBRICATION_DEGRADATION,0.0,0.0,0.0,0.815,LOW_RUL,PHYSICAL_FAULT,
2026-01-01 00:04:19+00:00,ENG-DATASET-001,MSN-LUBRICATION_DEGRADATION-001,48.86,0.5364,456.9039,LUBRICATION_DEGRADATION,0.0,0.0,0.0,0.816,LOW_RUL,PHYSICAL_FAULT,
2026-01-01 00:04:20+00:00,ENG-DATASET-001,MSN-LUBRICATION_DEGRADATION-001,48.87,0.5364,452.2716,LUBRICATION_DEGRADATION,0.0,0.0,0.0,0.816,LOW_RUL,PHYSICAL_FAULT,
2026-01-01 00:04:21+00:00,ENG-DATASET-001,MSN-LUBRICATION_DEGRADATION-001,48.88,0.5363,447.0332,LUBRICATION_DEGRADATION,0.0,0.0,0.0,0.816,LOW_RUL,PHYSICAL_FAULT,
2026-01-01 00:04:22+00:00,ENG-DATASET-001,MSN-LUBRICATION_DEGRADATION-001,48.89,0.5362,441.1515,LUBRICATION_DEGRADATION,0.0,0.0,0.0,0.816,LOW_RUL,PHYSICAL_FAULT,
2026-01-01 00:04:23+00:00,ENG-DATASET-001,MSN-LUBRICATION_DEGRADATION-001,48.9,0.536,434.5877,LUBRICATION_DEGRADATION,0.0,0.0,0.0,0.816,LOW_RUL,PHYSICAL_FAULT,
2026-01-01 00:04:24+00:00,ENG-DATASET-001,MSN-LUBRICATION_DEGRADATION-001,48.93,0.5357,427.2437,LUBRICATION_DEGRADATION,0.0,0.0,0.0,0.816,LOW_RUL,PHYSICAL_FAULT,
2026-01-01 00:04:25+00:00,ENG-DATASET-001,MSN-LUBRICATION_DEGRADATION-001,48.96,0.5353,419.0824,LUBRICATION_DEGRADATION,0.0,0.0,0.0,0.816,LOW_RUL,PHYSICAL_FAULT,
2026-01-01 00:04:26+00:00,ENG-DATASET-001,MSN-LUBRICATION_DEGRADATION-001,49.0,0.5348,410.0669,LUBRICATION_DEGRADATION,0.0,0.0,0.0,0.816,LOW_RUL,PHYSICAL_FAULT,
2026-01-01 00:04:27+00:00,ENG-DATASET-001,MSN-LUBRICATION_DEGRADATION-001,49.04,0.5345,400.3432,LUBRICATION_DEGRADATION,0.0,0.0,0.0,0.816,LOW_RUL,PHYSICAL_FAULT,
2026-01-01 00:04:28+00:00,ENG-DATASET-001,MSN-LUBRICATION_DEGRADATION-001,49.07,0.5342,389.9373,LUBRICATION_DEGRADATION,0.0,0.0,0.0,0.816,LOW_RUL,PHYSICAL_FAULT,
2026-01-01 00:04:29+00:00,ENG-DATASET-001,MSN-LUBRICATION_DEGRADATION-001,49.09,0.5341,379.0543,LUBRICATION_DEGRADATION,0.0,0.0,0.0,0.816,LOW_RUL,PHYSICAL_FAULT,
2026-01-01 00:04:30+00:00,ENG-DATASET-001,MSN-LUBRICATION_DEGRADATION-001,49.09,0.5343,367.8382,LUBRICATION_DEGRADATION,0.0,0.0,0.0,0.816,LOW_RUL,PHYSICAL_FAULT,
2026-01-01 00:04:31+00:00,ENG-DATASET-001,MSN-LUBRICATION_DEGRADATION-001,49.07,0.5346,356.368,LUBRICATION_DEGRADATION,0.0,0.0,0.0,0.816,LOW_RUL,PHYSICAL_FAULT,
2026-01-01 00:04:32+00:00,ENG-DATASET-001,MSN-LUBRICATION_DEGRADATION-001,49.04,0.535,344.7798,LUBRICATION_DEGRADATION,0.0,0.0,0.0,0.816,LOW_RUL,PHYSICAL_FAULT,
2026-01-01 00:04:33+00:00,ENG-DATASET-001,MSN-LUBRICATION_DEGRADATION-001,49.0,0.5355,333.0875,LUBRICATION_DEGRADATION,0.0,0.0,0.0,0.816,LOW_RUL,PHYSICAL_FAULT,
2026-01-01 00:04:34+00:00,ENG-DATASET-001,MSN-LUBRICATION_DEGRADATION-001,48.95,0.5359,321.3013,LUBRICATION_DEGRADATION,0.0,0.0,0.0,0.816,LOW_RUL,PHYSICAL_FAULT,
2026-01-01 00:04:35+00:00,ENG-DATASET-001,MSN-LUBRICATION_DEGRADATION-001,48.91,0.5363,309.3089,LUBRICATION_DEGRADATION,0.0,0.0,0.0,0.816,LOW_RUL,PHYSICAL_FAULT,
2026-01-01 00:04:36+00:00,ENG-DATASET-001,MSN-LUBRICATION_DEGRADATION-001,48.88,0.5366,297.0595,LUBRICATION_DEGRADATION,0.0,0.0,0.0,0.815,LOW_RUL,PHYSICAL_FAULT,
2026-01-01 00:04:37+00:00,ENG-DATASET-001,MSN-LUBRICATION_DEGRADATION-001,48.85,0.5367,284.563,LUBRICATION_DEGRADATION,0.0,0.0,0.0,0.815,LOW_RUL,PHYSICAL_FAULT,
2026-01-01 00:04:38+00:00,ENG-DATASET-001,MSN-LUBRICATION_DEGRADATION-001,48.84,0.5367,271.7725,LUBRICATION_DEGRADATION,0.0,0.0,0.0,0.815,LOW_RUL,PHYSICAL_FAULT,
2026-01-01 00:04:39+00:00,ENG-DATASET-001,MSN-LUBRICATION_DEGRADATION-001,48.8,0.5377,258.8809,LUBRICATION_DEGRADATION,0.0,0.0,0.0,0.814,LOW_RUL,PHYSICAL_FAULT,
2026-01-01 00:04:40+00:00,ENG-DATASET-001,MSN-LUBRICATION_DEGRADATION-001,48.68,0.5388,246.4925,LUBRICATION_DEGRADATION,0.0,0.0,0.0,0.813,LOW_RUL,PHYSICAL_FAULT,
2026-01-01 00:04:41+00:00,ENG-DATASET-001,MSN-LUBRICATION_DEGRADATION-001,48.55,0.5401,234.6642,LUBRICATION_DEGRADATION,0.0,0.0,0.0,0.811,LOW_RUL,PHYSICAL_FAULT,
2026-01-01 00:04:42+00:00,ENG-DATASET-001,MSN-LUBRICATION_DEGRADATION-001,48.39,0.5416,223.6911,LUBRICATION_DEGRADATION,0.0,0.0,0.0,0.81,LOW_RUL,PHYSICAL_FAULT,
2026-01-01 00:04:43+00:00,ENG-DATASET-001,MSN-LUBRICATION_DEGRADATION-001,48.21,0.5433,213.6854,LUBRICATION_DEGRADATION,0.0,0.0,0.0,0.809,LOW_RUL,PHYSICAL_FAULT,
2026-01-01 00:04:44+00:00,ENG-DATASET-001,MSN-LUBRICATION_DEGRADATION-001,48.06,0.5443,204.4598,LUBRICATION_DEGRADATION,0.0,0.0,0.0,0.809,LOW_RUL,PHYSICAL_FAULT,
2026-01-01 00:04:45+00:00,ENG-DATASET-001,MSN-LUBRICATION_DEGRADATION-001,48.1,0.5413,194.8891,LUBRICATION_DEGRADATION,0.0,0.0,0.0,0.812,LOW_RUL,PHYSICAL_FAULT,
2026-01-01 00:04:46+00:00,ENG-DATASET-001,MSN-LUBRICATION_DEGRADATION-001,48.31,0.5423,183.9431,LUBRICATION_DEGRADATION,0.0,0.0,0.0,0.811,LOW_RUL,PHYSICAL_FAULT,
2026-01-01 00:04:47+00:00,ENG-DATASET-001,MSN-LUBRICATION_DEGRADATION-001,48.22,0.543,173.4582,LUBRICATION_DEGRADATION,0.0,0.0,0.0,0.811,LOW_RUL,PHYSICAL_FAULT,
2026-01-01 00:04:48+00:00,ENG-DATASET-001,MSN-LUBRICATION_DEGRADATION-001,48.16,0.5435,163.1413,LUBRICATION_DEGRADATION,0.0,0.0,0.0,0.811,LOW_RUL,PHYSICAL_FAULT,
2026-01-01 00:04:49+00:00,ENG-DATASET-001,MSN-LUBRICATION_DEGRADATION-001,48.13,0.5437,152.8845,LUBRICATION_DEGRADATION,0.0,0.0,0.0,0.811,LOW_RUL,PHYSICAL_FAULT,
2026-01-01 00:04:50+00:00,ENG-DATASET-001,MSN-LUBRICATION_DEGRADATION-001,47.98,0.5475,143.3508,LUBRICATION_DEGRADATION,0.0,0.0,0.0,0.807,LOW_RUL,PHYSICAL_FAULT,
2026-01-01 00:04:51+00:00,ENG-DATASET-001,MSN-LUBRICATION_DEGRADATION-001,47.81,0.5433,134.7704,LUBRICATION_DEGRADATION,0.0,0.0,0.0,0.81,LOW_RUL,PHYSICAL_FAULT,
2026-01-01 00:04:52+00:00,ENG-DATASET-001,MSN-LUBRICATION_DEGRADATION-001,48.14,0.543,124.1825,LUBRICATION_DEGRADATION,0.0,0.0,0.0,0.811,LOW_RUL,PHYSICAL_FAULT,
2026-01-01 00:04:53+00:00,ENG-DATASET-001,MSN-LUBRICATION_DEGRADATION-001,48.18,0.5426,113.4495,LUBRICATION_DEGRADATION,0.0,0.0,0.0,0.811,LOW_RUL,PHYSICAL_FAULT,
2026-01-01 00:04:54+00:00,ENG-DATASET-001,MSN-LUBRICATION_DEGRADATION-001,48.2,0.5424,102.8456,LUBRICATION_DEGRADATION,0.0,0.0,0.0,0.811,LOW_RUL,PHYSICAL_FAULT,
2026-01-01 00:04:55+00:00,ENG-DATASET-001,MSN-LUBRICATION_DEGRADATION-001,48.21,0.5424,92.4027,LUBRICATION_DEGRADATION,0.0,0.0,0.0,0.811,LOW_RUL,PHYSICAL_FAULT,
2026-01-01 00:04:56+00:00,ENG-DATASET-001,MSN-LUBRICATION_DEGRADATION-001,48.08,0.5465,83.0381,LUBRICATION_DEGRADATION,0.0,0.0,0.0,0.807,LOW_RUL,PHYSICAL_FAULT,
2026-01-01 00:04:57+00:00,ENG-DATASET-001,MSN-LUBRICATION_DEGRADATION-001,47.76,0.5466,75.8161,LUBRICATION_DEGRADATION,0.0,0.0,0.0,0.807,LOW_RUL,PHYSICAL_FAULT,
2026-01-01 00:04:58+00:00,ENG-DATASET-001,MSN-LUBRICATION_DEGRADATION-001,47.75,0.5468,68.8101,LUBRICATION_DEGRADATION,0.0,0.0,0.0,0.807,LOW_RUL,PHYSICAL_FAULT,
2026-01-01 00:04:59+00:00,ENG-DATASET-001,MSN-LUBRICATION_DEGRADATION-001,47.75,0.5469,61.9242,LUBRICATION_DEGRADATION,0.0,0.0,0.0,0.808,LOW_RUL,PHYSICAL_FAULT,
2026-01-01 00:05:00+00:00,ENG-DATASET-001,MSN-LUBRICATION_DEGRADATION-001,47.97,0.5398,54.5552,LUBRICATION_DEGRADATION,0.0,0.0,0.0,0.813,LOW_RUL,PHYSICAL_FAULT,
2026-01-01 00:00:01+00:00,ENG-DATASET-002,MSN-LUBRICATION_DEGRADATION-002,100.0,0.0,0.0,HEALTHY,,,,0.05,INSUFFICIENT_HISTORY,NORMAL,
2026-01-01 00:00:02+00:00,ENG-DATASET-002,MSN-LUBRICATION_DEGRADATION-002,100.0,0.0,0.0,HEALTHY,,,,0.1,INSUFFICIENT_HISTORY,NORMAL,
2026-01-01 00:00:03+00:00,ENG-DATASET-002,MSN-LUBRICATION_DEGRADATION-002,100.0,0.0,0.0,HEALTHY,,,,0.15,INSUFFICIENT_HISTORY,NORMAL,
2026-01-01 00:00:04+00:00,ENG-DATASET-002,MSN-LUBRICATION_DEGRADATION-002,100.0,0.0,0.0,HEALTHY,,,,0.2,INSUFFICIENT_HISTORY,NORMAL,
2026-01-01 00:00:05+00:00,ENG-DATASET-002,MSN-LUBRICATION_DEGRADATION-002,100.0,0.0,0.0,HEALTHY,,,,0.25,STABLE,NORMAL,
2026-01-01 00:00:06+00:00,ENG-DATASET-002,MSN-LUBRICATION_DEGRADATION-002,100.0,0.0,0.0,HEALTHY,,,,0.3,STABLE,NORMAL,
2026-01-01 00:00:07+00:00,ENG-DATASET-002,MSN-LUBRICATION_DEGRADATION-002,100.0,0.0,0.0,HEALTHY,,,,0.35,STABLE,NORMAL,
2026-01-01 00:00:08+00:00,ENG-DATASET-002,MSN-LUBRICATION_DEGRADATION-002,100.0,0.0,0.0,HEALTHY,,,,0.4,STABLE,NORMAL,
2026-01-01 00:00:09+00:00,ENG-DATASET-002,MSN-LUBRICATION_DEGRADATION-002,100.0,0.0,0.0,HEALTHY,,,,0.45,STABLE,NORMAL,
2026-01-01 00:00:10+00:00,ENG-DATASET-002,MSN-LUBRICATION_DEGRADATION-002,100.0,0.0,0.0,HEALTHY,,,,0.5,STABLE,NORMAL,
2026-01-01 00:00:11+00:00,ENG-DATASET-002,MSN-LUBRICATION_DEGRADATION-002,100.0,0.0,0.0,HEALTHY,,,,0.55,STABLE,NORMAL,
2026-01-01 00:00:12+00:00,ENG-DATASET-002,MSN-LUBRICATION_DEGRADATION-002,100.0,0.0,0.0,HEALTHY,,,,0.6,STABLE,NORMAL,
2026-01-01 00:00:13+00:00,ENG-DATASET-002,MSN-LUBRICATION_DEGRADATION-002,100.0,0.0,0.0,HEALTHY,,,,0.65,STABLE,NORMAL,
2026-01-01 00:00:14+00:00,ENG-DATASET-002,MSN-LUBRICATION_DEGRADATION-002,100.0,0.0,0.0,HEALTHY,,,,0.7,STABLE,NORMAL,
2026-01-01 00:00:15+00:00,ENG-DATASET-002,MSN-LUBRICATION_DEGRADATION-002,100.0,0.0,0.0,HEALTHY,,,,0.75,STABLE,NORMAL,
2026-01-01 00:00:16+00:00,ENG-DATASET-002,MSN-LUBRICATION_DEGRADATION-002,100.0,0.0,0.0,HEALTHY,,,,0.8,STABLE,NORMAL,
2026-01-01 00:00:17+00:00,ENG-DATASET-002,MSN-LUBRICATION_DEGRADATION-002,100.0,0.0,0.0,HEALTHY,,,,0.85,STABLE,NORMAL,
2026-01-01 00:00:18+00:00,ENG-DATASET-002,MSN-LUBRICATION_DEGRADATION-002,100.0,0.0,0.0,HEALTHY,,,,0.9,STABLE,NORMAL,
2026-01-01 00:00:19+00:00,ENG-DATASET-002,MSN-LUBRICATION_DEGRADATION-002,100.0,0.0,0.0,HEALTHY,,,,0.95,STABLE,NORMAL,
2026-01-01 00:00:20+00:00,ENG-DATASET-002,MSN-LUBRICATION_DEGRADATION-002,100.0,0.0,0.0,HEALTHY,,,,1.0,STABLE,NORMAL,
2026-01-01 00:00:21+00:00,ENG-DATASET-002,MSN-LUBRICATION_DEGRADATION-002,100.0,0.0,0.0,HEALTHY,,,,1.0,STABLE,NORMAL,
2026-01-01 00:00:22+00:00,ENG-DATASET-002,MSN-LUBRICATION_DEGRADATION-002,100.0,0.0,0.0,HEALTHY,,,,1.0,STABLE,NORMAL,
2026-01-01 00:00:23+00:00,ENG-DATASET-002,MSN-LUBRICATION_DEGRADATION-002,100.0,0.0,0.0,HEALTHY,,,,1.0,STABLE,NORMAL,
2026-01-01 00:00:24+00:00,ENG-DATASET-002,MSN-LUBRICATION_DEGRADATION-002,100.0,0.0,0.0,HEALTHY,,,,1.0,STABLE,NORMAL,
2026-01-01 00:00:25+00:00,ENG-DATASET-002,MSN-LUBRICATION_DEGRADATION-002,100.0,0.0,0.0,HEALTHY,,,,1.0,STABLE,NORMAL,
2026-01-01 00:00:26+00:00,ENG-DATASET-002,MSN-LUBRICATION_DEGRADATION-002,100.0,0.0,0.0,HEALTHY,,,,1.0,STABLE,NORMAL,
2026-01-01 00:00:27+00:00,ENG-DATASET-002,MSN-LUBRICATION_DEGRADATION-002,100.0,0.0,0.0,HEALTHY,,,,1.0,STABLE,NORMAL,
2026-01-01 00:00:28+00:00,ENG-DATASET-002,MSN-LUBRICATION_DEGRADATION-002,100.0,0.0,0.0,HEALTHY,,,,1.0,STABLE,NORMAL,
2026-01-01 00:00:29+00:00,ENG-DATASET-002,MSN-LUBRICATION_DEGRADATION-002,100.0,0.0,0.0,HEALTHY,,,,1.0,STABLE,NORMAL,
2026-01-01 00:00:30+00:00,ENG-DATASET-002,MSN-LUBRICATION_DEGRADATION-002,100.0,0.0,0.0,HEALTHY,,,,1.0,STABLE,NORMAL,
2026-01-01 00:00:31+00:00,ENG-DATASET-002,MSN-LUBRICATION_DEGRADATION-002,100.0,0.0,0.0,HEALTHY,,,,1.0,STABLE,NORMAL,
2026-01-01 00:00:32+00:00,ENG-DATASET-002,MSN-LUBRICATION_DEGRADATION-002,100.0,0.0,0.0,HEALTHY,,,,1.0,STABLE,NORMAL,
2026-01-01 00:00:33+00:00,ENG-DATASET-002,MSN-LUBRICATION_DEGRADATION-002,100.0,0.0,0.0,HEALTHY,,,,1.0,STABLE,NORMAL,
2026-01-01 00:00:34+00:00,ENG-DATASET-002,MSN-LUBRICATION_DEGRADATION-002,100.0,0.0,0.0,HEALTHY,,,,1.0,STABLE,NORMAL,
2026-01-01 00:00:35+00:00,ENG-DATASET-002,MSN-LUBRICATION_DEGRADATION-002,100.0,0.0,0.0,HEALTHY,,,,1.0,STABLE,NORMAL,
2026-01-01 00:00:36+00:00,ENG-DATASET-002,MSN-LUBRICATION_DEGRADATION-002,100.0,0.0,0.0,HEALTHY,,,,1.0,STABLE,NORMAL,
2026-01-01 00:00:37+00:00,ENG-DATASET-002,MSN-LUBRICATION_DEGRADATION-002,100.0,0.0,0.0,HEALTHY,,,,1.0,STABLE,NORMAL,
2026-01-01 00:00:38+00:00,ENG-DATASET-002,MSN-LUBRICATION_DEGRADATION-002,100.0,0.0,0.0,HEALTHY,,,,1.0,STABLE,NORMAL,
2026-01-01 00:00:39+00:00,ENG-DATASET-002,MSN-LUBRICATION_DEGRADATION-002,100.0,0.0,0.0,HEALTHY,,,,1.0,STABLE,NORMAL,
2026-01-01 00:00:40+00:00,ENG-DATASET-002,MSN-LUBRICATION_DEGRADATION-002,100.0,0.0,0.0,HEALTHY,,,,1.0,STABLE,NORMAL,
2026-01-01 00:00:41+00:00,ENG-DATASET-002,MSN-LUBRICATION_DEGRADATION-002,100.0,0.0,0.0,HEALTHY,,,,1.0,STABLE,NORMAL,
2026-01-01 00:00:42+00:00,ENG-DATASET-002,MSN-LUBRICATION_DEGRADATION-002,100.0,0.0,0.0,HEALTHY,,,,1.0,STABLE,NORMAL,
2026-01-01 00:00:43+00:00,ENG-DATASET-002,MSN-LUBRICATION_DEGRADATION-002,100.0,0.0,0.0,HEALTHY,,,,1.0,STABLE,NORMAL,
2026-01-01 00:00:44+00:00,ENG-DATASET-002,MSN-LUBRICATION_DEGRADATION-002,100.0,0.0,0.0,HEALTHY,,,,1.0,STABLE,NORMAL,
2026-01-01 00:00:45+00:00,ENG-DATASET-002,MSN-LUBRICATION_DEGRADATION-002,100.0,0.0,0.0,HEALTHY,,,,1.0,STABLE,NORMAL,
2026-01-01 00:00:46+00:00,ENG-DATASET-002,MSN-LUBRICATION_DEGRADATION-002,100.0,0.0,0.0,HEALTHY,,,,1.0,STABLE,NORMAL,
2026-01-01 00:00:47+00:00,ENG-DATASET-002,MSN-LUBRICATION_DEGRADATION-002,100.0,0.0,0.0,HEALTHY,,,,1.0,STABLE,NORMAL,
2026-01-01 00:00:48+00:00,ENG-DATASET-002,MSN-LUBRICATION_DEGRADATION-002,100.0,0.0,0.0,HEALTHY,,,,1.0,STABLE,NORMAL,
2026-01-01 00:00:49+00:00,ENG-DATASET-002,MSN-LUBRICATION_DEGRADATION-002,100.0,0.0,0.0,HEALTHY,,,,1.0,STABLE,NORMAL,
2026-01-01 00:00:50+00:00,ENG-DATASET-002,MSN-LUBRICATION_DEGRADATION-002,100.0,0.0,0.0,HEALTHY,,,,1.0,STABLE,NORMAL,
2026-01-01 00:00:51+00:00,ENG-DATASET-002,MSN-LUBRICATION_DEGRADATION-002,100.0,0.0,0.0,HEALTHY,,,,1.0,STABLE,NORMAL,
2026-01-01 00:00:52+00:00,ENG-DATASET-002,MSN-LUBRICATION_DEGRADATION-002,100.0,0.0,0.0,HEALTHY,,,,1.0,STABLE,NORMAL,
2026-01-01 00:00:53+00:00,ENG-DATASET-002,MSN-LUBRICATION_DEGRADATION-002,100.0,0.0,0.0,HEALTHY,,,,1.0,STABLE,NORMAL,
2026-01-01 00:00:54+00:00,ENG-DATASET-002,MSN-LUBRICATION_DEGRADATION-002,100.0,0.0,0.0,HEALTHY,,,,1.0,STABLE,NORMAL,
2026-01-01 00:00:55+00:00,ENG-DATASET-002,MSN-LUBRICATION_DEGRADATION-002,100.0,0.0,0.0,HEALTHY,,,,1.0,STABLE,NORMAL,
2026-01-01 00:00:56+00:00,ENG-DATASET-002,MSN-LUBRICATION_DEGRADATION-002,100.0,0.0,0.0,HEALTHY,,,,1.0,STABLE,NORMAL,
2026-01-01 00:00:57+00:00,ENG-DATASET-002,MSN-LUBRICATION_DEGRADATION-002,100.0,0.0,0.0,HEALTHY,,,,1.0,STABLE,NORMAL,
2026-01-01 00:00:58+00:00,ENG-DATASET-002,MSN-LUBRICATION_DEGRADATION-002,100.0,0.0,0.0,HEALTHY,,,,1.0,STABLE,NORMAL,
2026-01-01 00:00:59+00:00,ENG-DATASET-002,MSN-LUBRICATION_DEGRADATION-002,100.0,0.0,0.0,HEALTHY,,,,1.0,STABLE,NORMAL,
2026-01-01 00:01:00+00:00,ENG-DATASET-002,MSN-LUBRICATION_DEGRADATION-002,100.0,0.0,0.0,HEALTHY,,,,1.0,STABLE,NORMAL,
2026-01-01 00:01:01+00:00,ENG-DATASET-002,MSN-LUBRICATION_DEGRADATION-002,100.0,0.0,0.0,HEALTHY,,,,1.0,STABLE,NORMAL,
2026-01-01 00:01:02+00:00,ENG-DATASET-002,MSN-LUBRICATION_DEGRADATION-002,100.0,0.0,0.0,HEALTHY,,,,1.0,STABLE,NORMAL,
2026-01-01 00:01:03+00:00,ENG-DATASET-002,MSN-LUBRICATION_DEGRADATION-002,100.0,0.0,0.0,HEALTHY,,,,1.0,STABLE,NORMAL,
2026-01-01 00:01:04+00:00,ENG-DATASET-002,MSN-LUBRICATION_DEGRADATION-002,100.0,0.0,0.0,HEALTHY,,,,1.0,STABLE,NORMAL,
2026-01-01 00:01:05+00:00,ENG-DATASET-002,MSN-LUBRICATION_DEGRADATION-002,100.0,0.0,0.0,HEALTHY,,,,1.0,STABLE,NORMAL,
2026-01-01 00:01:06+00:00,ENG-DATASET-002,MSN-LUBRICATION_DEGRADATION-002,100.0,0.0,0.0,HEALTHY,,,,1.0,STABLE,NORMAL,
2026-01-01 00:01:07+00:00,ENG-DATASET-002,MSN-LUBRICATION_DEGRADATION-002,100.0,0.0,0.0,HEALTHY,,,,1.0,STABLE,NORMAL,
2026-01-01 00:01:08+00:00,ENG-DATASET-002,MSN-LUBRICATION_DEGRADATION-002,100.0,0.0,0.0,HEALTHY,,,,1.0,STABLE,NORMAL,
2026-01-01 00:01:09+00:00,ENG-DATASET-002,MSN-LUBRICATION_DEGRADATION-002,100.0,0.0,0.0,HEALTHY,,,,1.0,STABLE,NORMAL,
2026-01-01 00:01:10+00:00,ENG-DATASET-002,MSN-LUBRICATION_DEGRADATION-002,100.0,0.0,0.0,HEALTHY,,,,1.0,STABLE,NORMAL,
2026-01-01 00:01:11+00:00,ENG-DATASET-002,MSN-LUBRICATION_DEGRADATION-002,100.0,0.0,0.0,HEALTHY,,,,1.0,STABLE,NORMAL,
2026-01-01 00:01:12+00:00,ENG-DATASET-002,MSN-LUBRICATION_DEGRADATION-002,100.0,0.0,0.0,HEALTHY,,,,1.0,STABLE,NORMAL,
2026-01-01 00:01:13+00:00,ENG-DATASET-002,MSN-LUBRICATION_DEGRADATION-002,100.0,0.0,0.0,HEALTHY,,,,1.0,STABLE,NORMAL,
2026-01-01 00:01:14+00:00,ENG-DATASET-002,MSN-LUBRICATION_DEGRADATION-002,100.0,0.0,0.0,HEALTHY,,,,1.0,STABLE,NORMAL,
2026-01-01 00:01:15+00:00,ENG-DATASET-002,MSN-LUBRICATION_DEGRADATION-002,100.0,0.0,0.0,HEALTHY,,,,1.0,STABLE,NORMAL,
2026-01-01 00:01:16+00:00,ENG-DATASET-002,MSN-LUBRICATION_DEGRADATION-002,100.0,0.0,0.0,HEALTHY,,,,1.0,STABLE,NORMAL,
2026-01-01 00:01:17+00:00,ENG-DATASET-002,MSN-LUBRICATION_DEGRADATION-002,100.0,0.0,0.0,HEALTHY,,,,1.0,STABLE,NORMAL,
2026-01-01 00:01:18+00:00,ENG-DATASET-002,MSN-LUBRICATION_DEGRADATION-002,100.0,0.0,0.0,HEALTHY,,,,1.0,STABLE,NORMAL,
2026-01-01 00:01:19+00:00,ENG-DATASET-002,MSN-LUBRICATION_DEGRADATION-002,100.0,0.0,0.0,HEALTHY,,,,1.0,STABLE,NORMAL,
2026-01-01 00:01:20+00:00,ENG-DATASET-002,MSN-LUBRICATION_DEGRADATION-002,100.0,0.0,0.0,HEALTHY,,,,1.0,STABLE,NORMAL,
2026-01-01 00:01:21+00:00,ENG-DATASET-002,MSN-LUBRICATION_DEGRADATION-002,100.0,0.0,0.0,HEALTHY,,,,1.0,STABLE,NORMAL,
2026-01-01 00:01:22+00:00,ENG-DATASET-002,MSN-LUBRICATION_DEGRADATION-002,100.0,0.0,0.0,HEALTHY,,,,1.0,STABLE,NORMAL,
2026-01-01 00:01:23+00:00,ENG-DATASET-002,MSN-LUBRICATION_DEGRADATION-002,100.0,0.0,0.0,HEALTHY,,,,1.0,STABLE,NORMAL,
2026-01-01 00:01:24+00:00,ENG-DATASET-002,MSN-LUBRICATION_DEGRADATION-002,100.0,0.0,0.0,HEALTHY,,,,1.0,STABLE,NORMAL,
2026-01-01 00:01:25+00:00,ENG-DATASET-002,MSN-LUBRICATION_DEGRADATION-002,100.0,0.0,0.0,HEALTHY,,,,1.0,STABLE,NORMAL,
2026-01-01 00:01:26+00:00,ENG-DATASET-002,MSN-LUBRICATION_DEGRADATION-002,100.0,0.0,0.0,HEALTHY,,,,1.0,STABLE,NORMAL,
2026-01-01 00:01:27+00:00,ENG-DATASET-002,MSN-LUBRICATION_DEGRADATION-002,100.0,0.0,0.0,HEALTHY,,,,1.0,STABLE,NORMAL,
2026-01-01 00:01:28+00:00,ENG-DATASET-002,MSN-LUBRICATION_DEGRADATION-002,100.0,0.0,0.0,HEALTHY,,,,1.0,STABLE,NORMAL,
2026-01-01 00:01:29+00:00,ENG-DATASET-002,MSN-LUBRICATION_DEGRADATION-002,100.0,0.0,0.0,HEALTHY,,,,1.0,STABLE,NORMAL,
2026-01-01 00:01:30+00:00,ENG-DATASET-002,MSN-LUBRICATION_DEGRADATION-002,100.0,0.0,0.0,HEALTHY,,,,1.0,STABLE,NORMAL,
2026-01-01 00:01:31+00:00,ENG-DATASET-002,MSN-LUBRICATION_DEGRADATION-002,100.0,0.0,0.0,HEALTHY,,,,1.0,STABLE,NORMAL,
2026-01-01 00:01:32+00:00,ENG-DATASET-002,MSN-LUBRICATION_DEGRADATION-002,100.0,0.0,0.0,HEALTHY,,,,1.0,STABLE,NORMAL,
2026-01-01 00:01:33+00:00,ENG-DATASET-002,MSN-LUBRICATION_DEGRADATION-002,100.0,0.0,0.0,HEALTHY,,,,1.0,STABLE,NORMAL,
2026-01-01 00:01:34+00:00,ENG-DATASET-002,MSN-LUBRICATION_DEGRADATION-002,100.0,0.0,0.0,HEALTHY,,,,1.0,STABLE,NORMAL,
2026-01-01 00:01:35+00:00,ENG-DATASET-002,MSN-LUBRICATION_DEGRADATION-002,100.0,0.0,0.0,HEALTHY,,,,1.0,STABLE,NORMAL,
2026-01-01 00:01:36+00:00,ENG-DATASET-002,MSN-LUBRICATION_DEGRADATION-002,100.0,0.0,0.0,HEALTHY,,,,1.0,STABLE,NORMAL,
2026-01-01 00:01:37+00:00,ENG-DATASET-002,MSN-LUBRICATION_DEGRADATION-002,100.0,0.0,0.0,HEALTHY,,,,1.0,STABLE,NORMAL,
2026-01-01 00:01:38+00:00,ENG-DATASET-002,MSN-LUBRICATION_DEGRADATION-002,100.0,0.0,0.0,HEALTHY,,,,1.0,STABLE,NORMAL,
2026-01-01 00:01:39+00:00,ENG-DATASET-002,MSN-LUBRICATION_DEGRADATION-002,100.0,0.0,0.0,HEALTHY,,,,1.0,STABLE,NORMAL,
2026-01-01 00:01:40+00:00,ENG-DATASET-002,MSN-LUBRICATION_DEGRADATION-002,100.0,0.0,0.0,HEALTHY,,,,1.0,STABLE,NORMAL,
2026-01-01 00:01:41+00:00,ENG-DATASET-002,MSN-LUBRICATION_DEGRADATION-002,100.0,0.0,0.0,HEALTHY,,,,1.0,STABLE,NORMAL,
2026-01-01 00:01:42+00:00,ENG-DATASET-002,MSN-LUBRICATION_DEGRADATION-002,100.0,0.0,0.0,HEALTHY,,,,1.0,STABLE,NORMAL,
2026-01-01 00:01:43+00:00,ENG-DATASET-002,MSN-LUBRICATION_DEGRADATION-002,100.0,0.0,0.0,HEALTHY,,,,1.0,STABLE,NORMAL,
2026-01-01 00:01:44+00:00,ENG-DATASET-002,MSN-LUBRICATION_DEGRADATION-002,100.0,0.0,0.0,HEALTHY,,,,1.0,STABLE,NORMAL,
2026-01-01 00:01:45+00:00,ENG-DATASET-002,MSN-LUBRICATION_DEGRADATION-002,100.0,0.0,0.0,HEALTHY,,,,1.0,STABLE,NORMAL,
2026-01-01 00:01:46+00:00,ENG-DATASET-002,MSN-LUBRICATION_DEGRADATION-002,100.0,0.0,0.0,HEALTHY,,,,1.0,STABLE,NORMAL,
2026-01-01 00:01:47+00:00,ENG-DATASET-002,MSN-LUBRICATION_DEGRADATION-002,100.0,0.0,0.0,HEALTHY,,,,1.0,STABLE,NORMAL,
2026-01-01 00:01:48+00:00,ENG-DATASET-002,MSN-LUBRICATION_DEGRADATION-002,100.0,0.0,0.0,HEALTHY,,,,1.0,STABLE,NORMAL,
2026-01-01 00:01:49+00:00,ENG-DATASET-002,MSN-LUBRICATION_DEGRADATION-002,100.0,0.0,0.0,HEALTHY,,,,1.0,STABLE,NORMAL,
2026-01-01 00:01:50+00:00,ENG-DATASET-002,MSN-LUBRICATION_DEGRADATION-002,100.0,0.0,0.0,HEALTHY,,,,1.0,STABLE,NORMAL,
2026-01-01 00:01:51+00:00,ENG-DATASET-002,MSN-LUBRICATION_DEGRADATION-002,100.0,0.0,0.0,HEALTHY,,,,1.0,STABLE,NORMAL,
2026-01-01 00:01:52+00:00,ENG-DATASET-002,MSN-LUBRICATION_DEGRADATION-002,100.0,0.0,0.0,HEALTHY,,,,1.0,STABLE,NORMAL,
2026-01-01 00:01:53+00:00,ENG-DATASET-002,MSN-LUBRICATION_DEGRADATION-002,100.0,0.0,0.0,HEALTHY,,,,1.0,STABLE,NORMAL,
2026-01-01 00:01:54+00:00,ENG-DATASET-002,MSN-LUBRICATION_DEGRADATION-002,100.0,0.0,0.0,HEALTHY,,,,1.0,STABLE,NORMAL,
2026-01-01 00:01:55+00:00,ENG-DATASET-002,MSN-LUBRICATION_DEGRADATION-002,100.0,0.0,0.0,HEALTHY,,,,1.0,STABLE,NORMAL,
2026-01-01 00:01:56+00:00,ENG-DATASET-002,MSN-LUBRICATION_DEGRADATION-002,100.0,0.0,0.0,HEALTHY,,,,1.0,STABLE,NORMAL,
2026-01-01 00:01:57+00:00,ENG-DATASET-002,MSN-LUBRICATION_DEGRADATION-002,100.0,0.0,0.0,HEALTHY,,,,1.0,STABLE,NORMAL,
2026-01-01 00:01:58+00:00,ENG-DATASET-002,MSN-LUBRICATION_DEGRADATION-002,100.0,0.0,0.0,HEALTHY,,,,1.0,STABLE,NORMAL,
2026-01-01 00:01:59+00:00,ENG-DATASET-002,MSN-LUBRICATION_DEGRADATION-002,100.0,0.0,0.0,HEALTHY,,,,1.0,STABLE,NORMAL,
2026-01-01 00:02:00+00:00,ENG-DATASET-002,MSN-LUBRICATION_DEGRADATION-002,100.0,0.0,0.0,HEALTHY,,,,1.0,STABLE,NORMAL,
2026-01-01 00:02:01+00:00,ENG-DATASET-002,MSN-LUBRICATION_DEGRADATION-002,99.97,0.0011,0.177,LUBRICATION_DEGRADATION,281.86,1.81,1995.6,1.0,ESTIMATED,PHYSICAL_FAULT,
2026-01-01 00:02:02+00:00,ENG-DATASET-002,MSN-LUBRICATION_DEGRADATION-002,99.84,0.0034,1.1153,LUBRICATION_DEGRADATION,44.53,0.41,1986.4,1.0,ESTIMATED,PHYSICAL_FAULT,
2026-01-01 00:02:03+00:00,ENG-DATASET-002,MSN-LUBRICATION_DEGRADATION-002,99.61,0.0067,3.3789,LUBRICATION_DEGRADATION,14.6,0.2,1973.2,0.999,ESTIMATED,PHYSICAL_FAULT,
2026-01-01 00:02:04+00:00,ENG-DATASET-002,MSN-LUBRICATION_DEGRADATION-002,99.28,0.0113,7.5121,LUBRICATION_DEGRADATION,6.51,0.13,1954.8,0.999,LOW_RUL,PHYSICAL_FAULT,
2026-01-01 00:02:05+00:00,ENG-DATASET-002,MSN-LUBRICATION_DEGRADATION-002,98.84,0.0172,14.0979,LUBRICATION_DEGRADATION,3.42,0.09,1931.2,0.998,LOW_RUL,PHYSICAL_FAULT,
2026-01-01 00:02:06+00:00,ENG-DATASET-002,MSN-LUBRICATION_DEGRADATION-002,98.33,0.0229,23.4615,LUBRICATION_DEGRADATION,2.03,0.07,1908.4,0.997,LOW_RUL,PHYSICAL_FAULT,
2026-01-01 00:02:07+00:00,ENG-DATASET-002,MSN-LUBRICATION_DEGRADATION-002,97.83,0.0286,35.4418,LUBRICATION_DEGRADATION,1.33,0.05,1885.6,0.997,LOW_RUL,PHYSICAL_FAULT,
2026-01-01 00:02:08+00:00,ENG-DATASET-002,MSN-LUBRICATION_DEGRADATION-002,97.32,0.0343,49.9979,LUBRICATION_DEGRADATION,0.93,0.05,1862.8,0.996,LOW_RUL,PHYSICAL_FAULT,
2026-01-01 00:02:09+00:00,ENG-DATASET-002,MSN-LUBRICATION_DEGRADATION-002,96.81,0.0402,67.0276,LUBRICATION_DEGRADATION,0.69,0.04,1839.2,0.995,LOW_RUL,PHYSICAL_FAULT,
2026-01-01 00:02:10+00:00,ENG-DATASET-002,MSN-LUBRICATION_DEGRADATION-002,96.29,0.0461,86.488,LUBRICATION_DEGRADATION,0.52,0.04,1815.6,0.995,LOW_RUL,PHYSICAL_FAULT,
2026-01-01 00:02:11+00:00,ENG-DATASET-002,MSN-LUBRICATION_DEGRADATION-002,95.77,0.0519,108.2751,LUBRICATION_DEGRADATION,0.41,0.03,1792.4,0.994,LOW_RUL,PHYSICAL_FAULT,
2026-01-01 00:02:12+00:00,ENG-DATASET-002,MSN-LUBRICATION_DEGRADATION-002,95.25,0.0578,132.2847,LUBRICATION_DEGRADATION,0.33,0.03,1768.8,0.993,LOW_RUL,PHYSICAL_FAULT,
2026-01-01 00:02:13+00:00,ENG-DATASET-002,MSN-LUBRICATION_DEGRADATION-002,94.73,0.0637,158.413,LUBRICATION_DEGRADATION,0.28,0.03,1745.2,0.993,LOW_RUL,PHYSICAL_FAULT,
2026-01-01 00:02:14+00:00,ENG-DATASET-002,MSN-LUBRICATION_DEGRADATION-002,94.21,0.0697,186.5558,LUBRICATION_DEGRADATION,0.23,0.03,1721.2,0.992,LOW_RUL,PHYSICAL_FAULT,
2026-01-01 00:02:15+00:00,ENG-DATASET-002,MSN-LUBRICATION_DEGRADATION-002,93.68,0.0757,216.6682,LUBRICATION_DEGRADATION,0.2,0.03,1697.2,0.991,LOW_RUL,PHYSICAL_FAULT,
2026-01-01 00:02:16+00:00,ENG-DATASET-002,MSN-LUBRICATION_DEGRADATION-002,92.86,0.0915,250.3555,LUBRICATION_DEGRADATION,0.16,0.02,1634.0,0.987,LOW_RUL,PHYSICAL_FAULT,
2026-01-01 00:02:17+00:00,ENG-DATASET-002,MSN-LUBRICATION_DEGRADATION-002,91.39,0.1073,291.2899,LUBRICATION_DEGRADATION,0.13,0.02,1570.8,0.983,LOW_RUL,PHYSICAL_FAULT,
2026-01-01 00:02:18+00:00,ENG-DATASET-002,MSN-LUBRICATION_DEGRADATION-002,89.93,0.1231,339.1182,LUBRICATION_DEGRADATION,0.11,0.01,1507.6,0.979,LOW_RUL,PHYSICAL_FAULT,
2026-01-01 00:02:19+00:00,ENG-DATASET-002,MSN-LUBRICATION_DEGRADATION-002,88.45,0.1389,393.6664,LUBRICATION_DEGRADATION,0.09,0.01,1444.4,0.974,LOW_RUL,PHYSICAL_FAULT,
2026-01-01 00:02:20+00:00,ENG-DATASET-002,MSN-LUBRICATION_DEGRADATION-002,86.98,0.1548,454.5793,LUBRICATION_DEGRADATION,0.08,0.01,1380.8,0.97,LOW_RUL,PHYSICAL_FAULT,
2026-01-01 00:02:21+00:00,ENG-DATASET-002,MSN-LUBRICATION_DEGRADATION-002,85.79,0.1607,519.9104,LUBRICATION_DEGRADATION,0.07,0.01,1357.2,0.969,LOW_RUL,PHYSICAL_FAULT,
2026-01-01 00:02:22+00:00,ENG-DATASET-002,MSN-LUBRICATION_DEGRADATION-002,85.08,0.1725,586.5889,LUBRICATION_DEGRADATION,0.06,0.01,1310.0,0.965,LOW_RUL,PHYSICAL_FAULT,
2026-01-01 00:02:23+00:00,ENG-DATASET-002,MSN-LUBRICATION_DEGRADATION-002,83.95,0.1844,656.9515,LUBRICATION_DEGRADATION,0.05,0.01,1262.4,0.961,LOW_RUL,PHYSICAL_FAULT,
2026-01-01 00:02:24+00:00,ENG-DATASET-002,MSN-LUBRICATION_DEGRADATION-002,82.66,0.2008,731.7163,LUBRICATION_DEGRADATION,0.04,0.01,1196.8,0.953,LOW_RUL,PHYSICAL_FAULT,
2026-01-01 00:02:25+00:00,ENG-DATASET-002,MSN-LUBRICATION_DEGRADATION-002,81.04,0.2171,812.5727,LUBRICATION_DEGRADATION,0.03,0.01,1131.6,0.945,LOW_RUL,PHYSICAL_FAULT,
2026-01-01 00:02:26+00:00,ENG-DATASET-002,MSN-LUBRICATION_DEGRADATION-002,80.56,0.1884,892.4689,LUBRICATION_DEGRADATION,0.03,0.01,1246.4,0.937,LOW_RUL,PHYSICAL_FAULT,
2026-01-01 00:02:27+00:00,ENG-DATASET-002,MSN-LUBRICATION_DEGRADATION-002,79.16,0.1976,976.7383,LUBRICATION_DEGRADATION,0.03,0.01,1209.6,0.933,LOW_RUL,PHYSICAL_FAULT,
2026-01-01 00:02:28+00:00,ENG-DATASET-002,MSN-LUBRICATION_DEGRADATION-002,78.18,0.2069,1062.6222,LUBRICATION_DEGRADATION,0.03,0.01,1172.4,0.929,LOW_RUL,PHYSICAL_FAULT,
2026-01-01 00:02:29+00:00,ENG-DATASET-002,MSN-LUBRICATION_DEGRADATION-002,77.34,0.2118,1149.0982,LUBRICATION_DEGRADATION,0.03,0.01,1152.8,0.928,LOW_RUL,PHYSICAL_FAULT,
2026-01-01 00:02:30+00:00,ENG-DATASET-002,MSN-LUBRICATION_DEGRADATION-002,76.84,0.2167,1233.9918,LUBRICATION_DEGRADATION,0.02,0.01,1133.2,0.928,LOW_RUL,PHYSICAL_FAULT,
2026-01-01 00:02:31+00:00,ENG-DATASET-002,MSN-LUBRICATION_DEGRADATION-002,76.35,0.2213,1317.1439,LUBRICATION_DEGRADATION,0.02,0.01,1114.8,0.927,LOW_RUL,PHYSICAL_FAULT,
2026-01-01 00:02:32+00:00,ENG-DATASET-002,MSN-LUBRICATION_DEGRADATION-002,75.86,0.226,1398.4565,LUBRICATION_DEGRADATION,0.02,0.01,1096.0,0.926,LOW_RUL,PHYSICAL_FAULT,
2026-01-01 00:02:33+00:00,ENG-DATASET-002,MSN-LUBRICATION_DEGRADATION-002,75.38,0.2308,1477.7725,LUBRICATION_DEGRADATION,0.02,0.01,1076.8,0.926,LOW_RUL,PHYSICAL_FAULT,
2026-01-01 00:02:34+00:00,ENG-DATASET-002,MSN-LUBRICATION_DEGRADATION-002,74.89,0.2355,1555.055,LUBRICATION_DEGRADATION,0.02,0.01,1058.0,0.925,LOW_RUL,PHYSICAL_FAULT,
2026-01-01 00:02:35+00:00,ENG-DATASET-002,MSN-LUBRICATION_DEGRADATION-002,74.4,0.2401,1630.2058,LUBRICATION_DEGRADATION,0.02,0.01,1039.6,0.924,LOW_RUL,PHYSICAL_FAULT,
2026-01-01 00:02:36+00:00,ENG-DATASET-002,MSN-LUBRICATION_DEGRADATION-002,73.92,0.2447,1703.0681,LUBRICATION_DEGRADATION,0.01,0.0,1021.2,0.924,LOW_RUL,PHYSICAL_FAULT,
2026-01-01 00:02:37+00:00,ENG-DATASET-002,MSN-LUBRICATION_DEGRADATION-002,73.44,0.2494,1773.5457,LUBRICATION_DEGRADATION,0.01,0.0,1002.4,0.923,LOW_RUL,PHYSICAL_FAULT,
2026-01-01 00:02:38+00:00,ENG-DATASET-002,MSN-LUBRICATION_DEGRADATION-002,72.96,0.2542,1841.5425,LUBRICATION_DEGRADATION,0.01,0.0,983.2,0.922,LOW_RUL,PHYSICAL_FAULT,
2026-01-01 00:02:39+00:00,ENG-DATASET-002,MSN-LUBRICATION_DEGRADATION-002,72.46,0.259,1907.0807,LUBRICATION_DEGRADATION,0.01,0.0,964.0,0.922,LOW_RUL,PHYSICAL_FAULT,
2026-01-01 00:02:40+00:00,ENG-DATASET-002,MSN-LUBRICATION_DEGRADATION-002,71.97,0.2637,1970.0012,LUBRICATION_DEGRADATION,0.01,0.0,945.2,0.921,LOW_RUL,PHYSICAL_FAULT,
2026-01-01 00:02:41+00:00,ENG-DATASET-002,MSN-LUBRICATION_DEGRADATION-002,71.49,0.2684,2030.1469,LUBRICATION_DEGRADATION,0.01,0.0,926.4,0.92,LOW_RUL,PHYSICAL_FAULT,
2026-01-01 00:02:42+00:00,ENG-DATASET-002,MSN-LUBRICATION_DEGRADATION-002,71.01,0.2731,2087.4218,LUBRICATION_DEGRADATION,0.01,0.0,907.6,0.92,LOW_RUL,PHYSICAL_FAULT,
2026-01-01 00:02:43+00:00,ENG-DATASET-002,MSN-LUBRICATION_DEGRADATION-002,70.52,0.2778,2141.7889,LUBRICATION_DEGRADATION,0.01,0.0,888.8,0.919,LOW_RUL,PHYSICAL_FAULT,
2026-01-01 00:02:44+00:00,ENG-DATASET-002,MSN-LUBRICATION_DEGRADATION-002,70.03,0.2826,2193.1502,LUBRICATION_DEGRADATION,0.01,0.0,869.6,0.918,LOW_RUL,PHYSICAL_FAULT,
2026-01-01 00:02:45+00:00,ENG-DATASET-002,MSN-LUBRICATION_DEGRADATION-002,69.55,0.2872,2241.3486,LUBRICATION_DEGRADATION,0.01,0.0,851.2,0.918,LOW_RUL,PHYSICAL_FAULT,
2026-01-01 00:02:46+00:00,ENG-DATASET-002,MSN-LUBRICATION_DEGRADATION-002,69.07,0.2918,2286.2881,LUBRICATION_DEGRADATION,0.01,0.0,832.8,0.917,LOW_RUL,PHYSICAL_FAULT,
2026-01-01 00:02:47+00:00,ENG-DATASET-002,MSN-LUBRICATION_DEGRADATION-002,66.85,0.3647,2338.1415,LUBRICATION_DEGRADATION,0.01,0.0,541.2,0.916,LOW_RUL,PHYSICAL_FAULT,
2026-01-01 00:02:48+00:00,ENG-DATASET-002,MSN-LUBRICATION_DEGRADATION-002,66.34,0.3707,2386.3729,LUBRICATION_DEGRADATION,0.01,0.0,517.2,0.916,LOW_RUL,PHYSICAL_FAULT,
2026-01-01 00:02:49+00:00,ENG-DATASET-002,MSN-LUBRICATION_DEGRADATION-002,65.81,0.3767,2430.9983,LUBRICATION_DEGRADATION,0.01,0.0,493.2,0.915,LOW_RUL,PHYSICAL_FAULT,
2026-01-01 00:02:50+00:00,ENG-DATASET-002,MSN-LUBRICATION_DEGRADATION-002,65.33,0.3806,2471.6166,LUBRICATION_DEGRADATION,0.0,0.0,477.6,0.914,LOW_RUL,PHYSICAL_FAULT,
2026-01-01 00:02:51+00:00,ENG-DATASET-002,MSN-LUBRICATION_DEGRADATION-002,65.01,0.3834,2507.1874,LUBRICATION_DEGRADATION,0.0,0.0,466.4,0.914,LOW_RUL,PHYSICAL_FAULT,
2026-01-01 00:02:52+00:00,ENG-DATASET-002,MSN-LUBRICATION_DEGRADATION-002,64.74,0.3864,2537.3518,LUBRICATION_DEGRADATION,0.0,0.0,454.4,0.913,LOW_RUL,PHYSICAL_FAULT,
2026-01-01 00:02:53+00:00,ENG-DATASET-002,MSN-LUBRICATION_DEGRADATION-002,64.46,0.3896,2562.1147,LUBRICATION_DEGRADATION,0.0,0.0,441.6,0.912,LOW_RUL,PHYSICAL_FAULT,
2026-01-01 00:02:54+00:00,ENG-DATASET-002,MSN-LUBRICATION_DEGRADATION-002,64.17,0.3927,2581.4791,LUBRICATION_DEGRADATION,0.0,0.0,429.2,0.912,LOW_RUL,PHYSICAL_FAULT,
2026-01-01 00:02:55+00:00,ENG-DATASET-002,MSN-LUBRICATION_DEGRADATION-002,63.89,0.3955,2595.3279,LUBRICATION_DEGRADATION,0.0,0.0,418.0,0.911,LOW_RUL,PHYSICAL_FAULT,
2026-01-01 00:02:56+00:00,ENG-DATASET-002,MSN-LUBRICATION_DEGRADATION-002,63.63,0.3984,2603.4872,LUBRICATION_DEGRADATION,0.0,0.0,406.4,0.91,LOW_RUL,PHYSICAL_FAULT,
2026-01-01 00:02:57+00:00,ENG-DATASET-002,MSN-LUBRICATION_DEGRADATION-002,63.36,0.4014,2605.9639,LUBRICATION_DEGRADATION,0.0,0.0,394.4,0.91,LOW_RUL,PHYSICAL_FAULT,
2026-01-01 00:02:58+00:00,ENG-DATASET-002,MSN-LUBRICATION_DEGRADATION-002,63.08,0.4045,2602.763,LUBRICATION_DEGRADATION,0.0,0.0,382.0,0.909,LOW_RUL,PHYSICAL_FAULT,
2026-01-01 00:02:59+00:00,ENG-DATASET-002,MSN-LUBRICATION_DEGRADATION-002,62.8,0.4075,2593.8285,LUBRICATION_DEGRADATION,0.0,0.0,370.0,0.908,LOW_RUL,PHYSICAL_FAULT,
2026-01-01 00:03:00+00:00,ENG-DATASET-002,MSN-LUBRICATION_DEGRADATION-002,62.53,0.4104,2579.0454,LUBRICATION_DEGRADATION,0.0,0.0,358.4,0.907,LOW_RUL,PHYSICAL_FAULT,
2026-01-01 00:03:01+00:00,ENG-DATASET-002,MSN-LUBRICATION_DEGRADATION-002,62.26,0.4133,2558.5427,LUBRICATION_DEGRADATION,0.0,0.0,346.8,0.907,LOW_RUL,PHYSICAL_FAULT,
2026-01-01 00:03:02+00:00,ENG-DATASET-002,MSN-LUBRICATION_DEGRADATION-002,61.98,0.4165,2532.9416,LUBRICATION_DEGRADATION,0.0,0.0,334.0,0.906,LOW_RUL,PHYSICAL_FAULT,
2026-01-01 00:03:03+00:00,ENG-DATASET-002,MSN-LUBRICATION_DEGRADATION-002,61.69,0.4198,2502.8812,LUBRICATION_DEGRADATION,0.0,0.0,320.8,0.905,LOW_RUL,PHYSICAL_FAULT,
2026-01-01 00:03:04+00:00,ENG-DATASET-002,MSN-LUBRICATION_DEGRADATION-002,61.39,0.423,2469.0188,LUBRICATION_DEGRADATION,0.0,0.0,308.0,0.904,LOW_RUL,PHYSICAL_FAULT,
2026-01-01 00:03:05+00:00,ENG-DATASET-002,MSN-LUBRICATION_DEGRADATION-002,61.1,0.426,2431.9725,LUBRICATION_DEGRADATION,0.0,0.0,296.0,0.904,LOW_RUL,PHYSICAL_FAULT,
2026-01-01 00:03:06+00:00,ENG-DATASET-002,MSN-LUBRICATION_DEGRADATION-002,60.82,0.429,2392.1405,LUBRICATION_DEGRADATION,0.0,0.0,284.0,0.903,LOW_RUL,PHYSICAL_FAULT,
2026-01-01 00:03:07+00:00,ENG-DATASET-002,MSN-LUBRICATION_DEGRADATION-002,60.54,0.4321,2349.5076,LUBRICATION_DEGRADATION,0.0,0.0,271.6,0.902,LOW_RUL,PHYSICAL_FAULT,
2026-01-01 00:03:08+00:00,ENG-DATASET-002,MSN-LUBRICATION_DEGRADATION-002,60.25,0.4352,2304.2381,LUBRICATION_DEGRADATION,0.0,0.0,259.2,0.901,LOW_RUL,PHYSICAL_FAULT,
2026-01-01 00:03:09+00:00,ENG-DATASET-002,MSN-LUBRICATION_DEGRADATION-002,59.98,0.4377,2256.2577,LUBRICATION_DEGRADATION,0.0,0.0,249.2,0.901,LOW_RUL,PHYSICAL_FAULT,
2026-01-01 00:03:10+00:00,ENG-DATASET-002,MSN-LUBRICATION_DEGRADATION-002,59.78,0.439,2205.2626,LUBRICATION_DEGRADATION,0.0,0.0,244.0,0.9,LOW_RUL,PHYSICAL_FAULT,
2026-01-01 00:03:11+00:00,ENG-DATASET-002,MSN-LUBRICATION_DEGRADATION-002,59.64,0.4404,2150.9625,LUBRICATION_DEGRADATION,0.0,0.0,238.4,0.899,LOW_RUL,PHYSICAL_FAULT,
2026-01-01 00:03:12+00:00,ENG-DATASET-002,MSN-LUBRICATION_DEGRADATION-002,59.51,0.4419,2093.3745,LUBRICATION_DEGRADATION,0.0,0.0,232.4,0.899,LOW_RUL,PHYSICAL_FAULT,
2026-01-01 00:03:13+00:00,ENG-DATASET-002,MSN-LUBRICATION_DEGRADATION-002,59.22,0.4473,2033.5209,LUBRICATION_DEGRADATION,0.0,0.0,210.8,0.894,LOW_RUL,PHYSICAL_FAULT,
2026-01-01 00:03:14+00:00,ENG-DATASET-002,MSN-LUBRICATION_DEGRADATION-002,58.64,0.4526,1973.1591,LUBRICATION_DEGRADATION,0.0,0.0,189.6,0.89,LOW_RUL,PHYSICAL_FAULT,
2026-01-01 00:03:15+00:00,ENG-DATASET-002,MSN-LUBRICATION_DEGRADATION-002,57.97,0.4613,1912.8694,LUBRICATION_DEGRADATION,0.0,0.0,154.8,0.885,LOW_RUL,PHYSICAL_FAULT,
2026-01-01 00:03:16+00:00,ENG-DATASET-002,MSN-LUBRICATION_DEGRADATION-002,57.14,0.4672,1855.3374,LUBRICATION_DEGRADATION,0.0,0.0,131.2,0.88,LOW_RUL,PHYSICAL_FAULT,
2026-01-01 00:03:17+00:00,ENG-DATASET-002,MSN-LUBRICATION_DEGRADATION-002,56.48,0.4733,1803.524,LUBRICATION_DEGRADATION,0.0,0.0,106.8,0.875,LOW_RUL,PHYSICAL_FAULT,
2026-01-01 00:03:18+00:00,ENG-DATASET-002,MSN-LUBRICATION_DEGRADATION-002,55.93,0.4754,1756.881,LUBRICATION_DEGRADATION,0.0,0.0,98.4,0.873,LOW_RUL,PHYSICAL_FAULT,
2026-01-01 00:03:19+00:00,ENG-DATASET-002,MSN-LUBRICATION_DEGRADATION-002,55.69,0.4776,1713.8831,LUBRICATION_DEGRADATION,0.0,0.0,89.6,0.87,LOW_RUL,PHYSICAL_FAULT,
2026-01-01 00:03:20+00:00,ENG-DATASET-002,MSN-LUBRICATION_DEGRADATION-002,55.49,0.4786,1674.4811,LUBRICATION_DEGRADATION,0.0,0.0,85.6,0.87,LOW_RUL,PHYSICAL_FAULT,
2026-01-01 00:03:21+00:00,ENG-DATASET-002,MSN-LUBRICATION_DEGRADATION-002,55.38,0.4794,1636.6896,LUBRICATION_DEGRADATION,0.0,0.0,82.4,0.869,LOW_RUL,PHYSICAL_FAULT,
2026-01-01 00:03:22+00:00,ENG-DATASET-002,MSN-LUBRICATION_DEGRADATION-002,55.29,0.4802,1597.6778,LUBRICATION_DEGRADATION,0.0,0.0,79.2,0.868,LOW_RUL,PHYSICAL_FAULT,
2026-01-01 00:03:23+00:00,ENG-DATASET-002,MSN-LUBRICATION_DEGRADATION-002,55.2,0.4808,1560.1324,LUBRICATION_DEGRADATION,0.0,0.0,76.8,0.867,LOW_RUL,PHYSICAL_FAULT,
2026-01-01 00:03:24+00:00,ENG-DATASET-002,MSN-LUBRICATION_DEGRADATION-002,55.12,0.4815,1525.1787,LUBRICATION_DEGRADATION,0.0,0.0,74.0,0.866,LOW_RUL,PHYSICAL_FAULT,
2026-01-01 00:03:25+00:00,ENG-DATASET-002,MSN-LUBRICATION_DEGRADATION-002,55.04,0.4821,1495.0723,LUBRICATION_DEGRADATION,0.0,0.0,71.6,0.866,LOW_RUL,PHYSICAL_FAULT,
2026-01-01 00:03:26+00:00,ENG-DATASET-002,MSN-LUBRICATION_DEGRADATION-002,54.96,0.4829,1463.1654,LUBRICATION_DEGRADATION,0.0,0.0,68.4,0.865,LOW_RUL,PHYSICAL_FAULT,
2026-01-01 00:03:27+00:00,ENG-DATASET-002,MSN-LUBRICATION_DEGRADATION-002,54.87,0.4836,1435.2107,LUBRICATION_DEGRADATION,0.0,0.0,65.6,0.864,LOW_RUL,PHYSICAL_FAULT,
2026-01-01 00:03:28+00:00,ENG-DATASET-002,MSN-LUBRICATION_DEGRADATION-002,54.78,0.4845,1408.9074,LUBRICATION_DEGRADATION,0.0,0.0,62.0,0.863,LOW_RUL,PHYSICAL_FAULT,
2026-01-01 00:03:29+00:00,ENG-DATASET-002,MSN-LUBRICATION_DEGRADATION-002,54.68,0.4854,1383.6383,LUBRICATION_DEGRADATION,0.0,0.0,58.4,0.862,LOW_RUL,PHYSICAL_FAULT,
2026-01-01 00:03:30+00:00,ENG-DATASET-002,MSN-LUBRICATION_DEGRADATION-002,54.58,0.4863,1357.4771,LUBRICATION_DEGRADATION,0.0,0.0,54.8,0.861,LOW_RUL,PHYSICAL_FAULT,
2026-01-01 00:03:31+00:00,ENG-DATASET-002,MSN-LUBRICATION_DEGRADATION-002,54.48,0.4872,1330.4426,LUBRICATION_DEGRADATION,0.0,0.0,51.2,0.861,LOW_RUL,PHYSICAL_FAULT,
2026-01-01 00:03:32+00:00,ENG-DATASET-002,MSN-LUBRICATION_DEGRADATION-002,54.38,0.488,1302.6128,LUBRICATION_DEGRADATION,0.0,0.0,48.0,0.86,LOW_RUL,PHYSICAL_FAULT,
2026-01-01 00:03:33+00:00,ENG-DATASET-002,MSN-LUBRICATION_DEGRADATION-002,54.29,0.4888,1273.9459,LUBRICATION_DEGRADATION,0.0,0.0,44.8,0.859,LOW_RUL,PHYSICAL_FAULT,
2026-01-01 00:03:34+00:00,ENG-DATASET-002,MSN-LUBRICATION_DEGRADATION-002,54.2,0.4894,1244.5807,LUBRICATION_DEGRADATION,0.0,0.0,42.4,0.858,LOW_RUL,PHYSICAL_FAULT,
2026-01-01 00:03:35+00:00,ENG-DATASET-002,MSN-LUBRICATION_DEGRADATION-002,54.12,0.49,1214.5384,LUBRICATION_DEGRADATION,0.0,0.0,40.0,0.857,LOW_RUL,PHYSICAL_FAULT,
2026-01-01 00:03:36+00:00,ENG-DATASET-002,MSN-LUBRICATION_DEGRADATION-002,54.05,0.4905,1183.7808,LUBRICATION_DEGRADATION,0.0,0.0,38.0,0.857,LOW_RUL,PHYSICAL_FAULT,
2026-01-01 00:03:37+00:00,ENG-DATASET-002,MSN-LUBRICATION_DEGRADATION-002,53.98,0.4911,1152.3901,LUBRICATION_DEGRADATION,0.0,0.0,35.6,0.856,LOW_RUL,PHYSICAL_FAULT,
2026-01-01 00:03:38+00:00,ENG-DATASET-002,MSN-LUBRICATION_DEGRADATION-002,53.9,0.4918,1120.5073,LUBRICATION_DEGRADATION,0.0,0.0,32.8,0.855,LOW_RUL,PHYSICAL_FAULT,
2026-01-01 00:03:39+00:00,ENG-DATASET-002,MSN-LUBRICATION_DEGRADATION-002,53.81,0.4926,1088.3933,LUBRICATION_DEGRADATION,0.0,0.0,29.6,0.854,LOW_RUL,PHYSICAL_FAULT,
2026-01-01 00:03:40+00:00,ENG-DATASET-002,MSN-LUBRICATION_DEGRADATION-002,53.72,0.4935,1056.0694,LUBRICATION_DEGRADATION,0.0,0.0,26.0,0.853,LOW_RUL,PHYSICAL_FAULT,
2026-01-01 00:03:41+00:00,ENG-DATASET-002,MSN-LUBRICATION_DEGRADATION-002,53.61,0.4946,1023.6724,LUBRICATION_DEGRADATION,0.0,0.0,21.6,0.852,LOW_RUL,PHYSICAL_FAULT,
2026-01-01 00:03:42+00:00,ENG-DATASET-002,MSN-LUBRICATION_DEGRADATION-002,53.49,0.4957,991.3354,LUBRICATION_DEGRADATION,0.0,0.0,17.2,0.851,LOW_RUL,PHYSICAL_FAULT,
2026-01-01 00:03:43+00:00,ENG-DATASET-002,MSN-LUBRICATION_DEGRADATION-002,53.36,0.4968,959.2505,LUBRICATION_DEGRADATION,0.0,0.0,12.8,0.85,LOW_RUL,PHYSICAL_FAULT,
2026-01-01 00:03:44+00:00,ENG-DATASET-002,MSN-LUBRICATION_DEGRADATION-002,53.24,0.4979,927.4306,LUBRICATION_DEGRADATION,0.0,0.0,8.4,0.849,LOW_RUL,PHYSICAL_FAULT,
2026-01-01 00:03:45+00:00,ENG-DATASET-002,MSN-LUBRICATION_DEGRADATION-002,53.12,0.499,895.8889,LUBRICATION_DEGRADATION,0.0,0.0,4.0,0.848,LOW_RUL,PHYSICAL_FAULT,
2026-01-01 00:03:46+00:00,ENG-DATASET-002,MSN-LUBRICATION_DEGRADATION-002,53.0,0.4999,864.6972,LUBRICATION_DEGRADATION,0.0,0.0,0.4,0.847,LOW_RUL,PHYSICAL_FAULT,
2026-01-01 00:03:47+00:00,ENG-DATASET-002,MSN-LUBRICATION_DEGRADATION-002,52.89,0.5008,844.4856,LUBRICATION_DEGRADATION,0.0,0.0,0.0,0.846,LOW_RUL,PHYSICAL_FAULT,
2026-01-01 00:03:48+00:00,ENG-DATASET-002,MSN-LUBRICATION_DEGRADATION-002,52.79,0.5016,825.1832,LUBRICATION_DEGRADATION,0.0,0.0,0.0,0.845,LOW_RUL,PHYSICAL_FAULT,
2026-01-01 00:03:49+00:00,ENG-DATASET-002,MSN-LUBRICATION_DEGRADATION-002,52.69,0.5024,806.9942,LUBRICATION_DEGRADATION,0.0,0.0,0.0,0.844,LOW_RUL,PHYSICAL_FAULT,
2026-01-01 00:03:50+00:00,ENG-DATASET-002,MSN-LUBRICATION_DEGRADATION-002,52.59,0.5033,789.6994,LUBRICATION_DEGRADATION,0.0,0.0,0.0,0.843,LOW_RUL,PHYSICAL_FAULT,
2026-01-01 00:03:51+00:00,ENG-DATASET-002,MSN-LUBRICATION_DEGRADATION-002,52.49,0.5042,772.3986,LUBRICATION_DEGRADATION,0.0,0.0,0.0,0.842,LOW_RUL,PHYSICAL_FAULT,
2026-01-01 00:03:52+00:00,ENG-DATASET-002,MSN-LUBRICATION_DEGRADATION-002,52.37,0.5053,754.9487,LUBRICATION_DEGRADATION,0.0,0.0,0.0,0.841,LOW_RUL,PHYSICAL_FAULT,
2026-01-01 00:03:53+00:00,ENG-DATASET-002,MSN-LUBRICATION_DEGRADATION-002,52.24,0.5065,737.4999,LUBRICATION_DEGRADATION,0.0,0.0,0.0,0.84,LOW_RUL,PHYSICAL_FAULT,
2026-01-01 00:03:54+00:00,ENG-DATASET-002,MSN-LUBRICATION_DEGRADATION-002,52.11,0.5078,720.143,LUBRICATION_DEGRADATION,0.0,0.0,0.0,0.839,LOW_RUL,PHYSICAL_FAULT,
2026-01-01 00:03:55+00:00,ENG-DATASET-002,MSN-LUBRICATION_DEGRADATION-002,51.97,0.5092,702.9083,LUBRICATION_DEGRADATION,0.0,0.0,0.0,0.838,LOW_RUL,PHYSICAL_FAULT,
2026-01-01 00:03:56+00:00,ENG-DATASET-002,MSN-LUBRICATION_DEGRADATION-002,51.82,0.5105,685.7605,LUBRICATION_DEGRADATION,0.0,0.0,0.0,0.837,LOW_RUL,PHYSICAL_FAULT,
2026-01-01 00:03:57+00:00,ENG-DATASET-002,MSN-LUBRICATION_DEGRADATION-002,51.69,0.5116,668.6647,LUBRICATION_DEGRADATION,0.0,0.0,0.0,0.836,LOW_RUL,PHYSICAL_FAULT,
2026-01-01 00:03:58+00:00,ENG-DATASET-002,MSN-LUBRICATION_DEGRADATION-002,51.56,0.5126,651.71,LUBRICATION_DEGRADATION,0.0,0.0,0.0,0.835,LOW_RUL,PHYSICAL_FAULT,
2026-01-01 00:03:59+00:00,ENG-DATASET-002,MSN-LUBRICATION_DEGRADATION-002,51.45,0.5135,634.8083,LUBRICATION_DEGRADATION,0.0,0.0,0.0,0.834,LOW_RUL,PHYSICAL_FAULT,
2026-01-01 00:04:00+00:00,ENG-DATASET-002,MSN-LUBRICATION_DEGRADATION-002,51.23,0.5178,618.5818,LUBRICATION_DEGRADATION,0.0,0.0,0.0,0.829,LOW_RUL,PHYSICAL_FAULT,
2026-01-01 00:04:01+00:00,ENG-DATASET-002,MSN-LUBRICATION_DEGRADATION-002,50.72,0.5219,604.752,LUBRICATION_DEGRADATION,0.0,0.0,0.0,0.825,LOW_RUL,PHYSICAL_FAULT,
2026-01-01 00:04:02+00:00,ENG-DATASET-002,MSN-LUBRICATION_DEGRADATION-002,50.37,0.5217,592.3876,LUBRICATION_DEGRADATION,0.0,0.0,0.0,0.824,LOW_RUL,PHYSICAL_FAULT,
2026-01-01 00:04:03+00:00,ENG-DATASET-002,MSN-LUBRICATION_DEGRADATION-002,50.22,0.5254,580.3552,LUBRICATION_DEGRADATION,0.0,0.0,0.0,0.819,LOW_RUL,PHYSICAL_FAULT,
2026-01-01 00:04:04+00:00,ENG-DATASET-002,MSN-LUBRICATION_DEGRADATION-002,49.79,0.5289,570.3964,LUBRICATION_DEGRADATION,0.0,0.0,0.0,0.815,LOW_RUL,PHYSICAL_FAULT,
2026-01-01 00:04:05+00:00,ENG-DATASET-002,MSN-LUBRICATION_DEGRADATION-002,49.51,0.5286,561.539,LUBRICATION_DEGRADATION,0.0,0.0,0.0,0.815,LOW_RUL,PHYSICAL_FAULT,
2026-01-01 00:04:06+00:00,ENG-DATASET-002,MSN-LUBRICATION_DEGRADATION-002,49.66,0.5246,551.1861,LUBRICATION_DEGRADATION,0.0,0.0,0.0,0.819,LOW_RUL,PHYSICAL_FAULT,
2026-01-01 00:04:07+00:00,ENG-DATASET-002,MSN-LUBRICATION_DEGRADATION-002,49.84,0.5285,539.2468,LUBRICATION_DEGRADATION,0.0,0.0,0.0,0.815,LOW_RUL,PHYSICAL_FAULT,
2026-01-01 00:04:08+00:00,ENG-DATASET-002,MSN-LUBRICATION_DEGRADATION-002,49.54,0.5284,528.7069,LUBRICATION_DEGRADATION,0.0,0.0,0.0,0.816,LOW_RUL,PHYSICAL_FAULT,
2026-01-01 00:04:09+00:00,ENG-DATASET-002,MSN-LUBRICATION_DEGRADATION-002,49.56,0.5283,517.5538,LUBRICATION_DEGRADATION,0.0,0.0,0.0,0.816,LOW_RUL,PHYSICAL_FAULT,
2026-01-01 00:04:10+00:00,ENG-DATASET-002,MSN-LUBRICATION_DEGRADATION-002,49.58,0.5279,505.4184,LUBRICATION_DEGRADATION,0.0,0.0,0.0,0.816,LOW_RUL,PHYSICAL_FAULT,
2026-01-01 00:04:11+00:00,ENG-DATASET-002,MSN-LUBRICATION_DEGRADATION-002,49.49,0.5314,492.6278,LUBRICATION_DEGRADATION,0.0,0.0,0.0,0.812,LOW_RUL,PHYSICAL_FAULT,
2026-01-01 00:04:12+00:00,ENG-DATASET-002,MSN-LUBRICATION_DEGRADATION-002,49.36,0.5268,479.3672,LUBRICATION_DEGRADATION,0.0,0.0,0.0,0.816,LOW_RUL,PHYSICAL_FAULT,
2026-01-01 00:04:13+00:00,ENG-DATASET-002,MSN-LUBRICATION_DEGRADATION-002,49.73,0.526,463.6618,LUBRICATION_DEGRADATION,0.0,0.0,0.0,0.817,LOW_RUL,PHYSICAL_FAULT,
2026-01-01 00:04:14+00:00,ENG-DATASET-002,MSN-LUBRICATION_DEGRADATION-002,49.81,0.5252,449.1248,LUBRICATION_DEGRADATION,0.0,0.0,0.0,0.817,LOW_RUL,PHYSICAL_FAULT,
2026-01-01 00:04:15+00:00,ENG-DATASET-002,MSN-LUBRICATION_DEGRADATION-002,49.88,0.5246,436.4962,LUBRICATION_DEGRADATION,0.0,0.0,0.0,0.817,LOW_RUL,PHYSICAL_FAULT,
2026-01-01 00:04:16+00:00,ENG-DATASET-002,MSN-LUBRICATION_DEGRADATION-002,49.94,0.524,426.9596,LUBRICATION_DEGRADATION,0.0,0.0,0.0,0.817,LOW_RUL,PHYSICAL_FAULT,
2026-01-01 00:04:17+00:00,ENG-DATASET-002,MSN-LUBRICATION_DEGRADATION-002,49.99,0.5236,419.7146,LUBRICATION_DEGRADATION,0.0,0.0,0.0,0.818,LOW_RUL,PHYSICAL_FAULT,
2026-01-01 00:04:18+00:00,ENG-DATASET-002,MSN-LUBRICATION_DEGRADATION-002,50.03,0.5233,414.2911,LUBRICATION_DEGRADATION,0.0,0.0,0.0,0.818,LOW_RUL,PHYSICAL_FAULT,
2026-01-01 00:04:19+00:00,ENG-DATASET-002,MSN-LUBRICATION_DEGRADATION-002,50.06,0.5232,408.9746,LUBRICATION_DEGRADATION,0.0,0.0,0.0,0.818,LOW_RUL,PHYSICAL_FAULT,
2026-01-01 00:04:20+00:00,ENG-DATASET-002,MSN-LUBRICATION_DEGRADATION-002,50.07,0.5232,403.6931,LUBRICATION_DEGRADATION,0.0,0.0,0.0,0.818,LOW_RUL,PHYSICAL_FAULT,
2026-01-01 00:04:21+00:00,ENG-DATASET-002,MSN-LUBRICATION_DEGRADATION-002,50.08,0.5231,397.9395,LUBRICATION_DEGRADATION,0.0,0.0,0.0,0.818,LOW_RUL,PHYSICAL_FAULT,
2026-01-01 00:04:22+00:00,ENG-DATASET-002,MSN-LUBRICATION_DEGRADATION-002,49.95,0.5269,392.442,LUBRICATION_DEGRADATION,0.0,0.0,0.0,0.815,LOW_RUL,PHYSICAL_FAULT,
2026-01-01 00:04:23+00:00,ENG-DATASET-002,MSN-LUBRICATION_DEGRADATION-002,49.66,0.5267,388.1368,LUBRICATION_DEGRADATION,0.0,0.0,0.0,0.815,LOW_RUL,PHYSICAL_FAULT,
2026-01-01 00:04:24+00:00,ENG-DATASET-002,MSN-LUBRICATION_DEGRADATION-002,49.69,0.5264,383.0344,LUBRICATION_DEGRADATION,0.0,0.0,0.0,0.815,LOW_RUL,PHYSICAL_FAULT,
2026-01-01 00:04:25+00:00,ENG-DATASET-002,MSN-LUBRICATION_DEGRADATION-002,49.73,0.526,377.0977,LUBRICATION_DEGRADATION,0.0,0.0,0.0,0.815,LOW_RUL,PHYSICAL_FAULT,
2026-01-01 00:04:26+00:00,ENG-DATASET-002,MSN-LUBRICATION_DEGRADATION-002,49.76,0.5255,370.4099,LUBRICATION_DEGRADATION,0.0,0.0,0.0,0.815,LOW_RUL,PHYSICAL_FAULT,
2026-01-01 00:04:27+00:00,ENG-DATASET-002,MSN-LUBRICATION_DEGRADATION-002,49.8,0.5252,362.9948,LUBRICATION_DEGRADATION,0.0,0.0,0.0,0.815,LOW_RUL,PHYSICAL_FAULT,
2026-01-01 00:04:28+00:00,ENG-DATASET-002,MSN-LUBRICATION_DEGRADATION-002,49.83,0.5249,354.9376,LUBRICATION_DEGRADATION,0.0,0.0,0.0,0.816,LOW_RUL,PHYSICAL_FAULT,
2026-01-01 00:04:29+00:00,ENG-DATASET-002,MSN-LUBRICATION_DEGRADATION-002,49.85,0.5248,346.3822,LUBRICATION_DEGRADATION,0.0,0.0,0.0,0.816,LOW_RUL,PHYSICAL_FAULT,
2026-01-01 00:04:30+00:00,ENG-DATASET-002,MSN-LUBRICATION_DEGRADATION-002,49.99,0.521,336.6445,LUBRICATION_DEGRADATION,0.0,0.0,0.0,0.819,LOW_RUL,PHYSICAL_FAULT,
2026-01-01 00:04:31+00:00,ENG-DATASET-002,MSN-LUBRICATION_DEGRADATION-002,50.28,0.5213,324.8872,LUBRICATION_DEGRADATION,0.0,0.0,0.0,0.819,LOW_RUL,PHYSICAL_FAULT,
2026-01-01 00:04:32+00:00,ENG-DATASET-002,MSN-LUBRICATION_DEGRADATION-002,50.25,0.5217,313.077,LUBRICATION_DEGRADATION,0.0,0.0,0.0,0.819,LOW_RUL,PHYSICAL_FAULT,
2026-01-01 00:04:33+00:00,ENG-DATASET-002,MSN-LUBRICATION_DEGRADATION-002,50.21,0.5221,301.2257,LUBRICATION_DEGRADATION,0.0,0.0,0.0,0.819,LOW_RUL,PHYSICAL_FAULT,
2026-01-01 00:04:34+00:00,ENG-DATASET-002,MSN-LUBRICATION_DEGRADATION-002,50.17,0.5226,289.3434,LUBRICATION_DEGRADATION,0.0,0.0,0.0,0.819,LOW_RUL,PHYSICAL_FAULT,
2026-01-01 00:04:35+00:00,ENG-DATASET-002,MSN-LUBRICATION_DEGRADATION-002,50.0,0.5269,278.1463,LUBRICATION_DEGRADATION,0.0,0.0,0.0,0.815,LOW_RUL,PHYSICAL_FAULT,
2026-01-01 00:04:36+00:00,ENG-DATASET-002,MSN-LUBRICATION_DEGRADATION-002,49.66,0.5271,268.5586,LUBRICATION_DEGRADATION,0.0,0.0,0.0,0.815,LOW_RUL,PHYSICAL_FAULT,
2026-01-01 00:04:37+00:00,ENG-DATASET-002,MSN-LUBRICATION_DEGRADATION-002,49.63,0.5272,258.6969,LUBRICATION_DEGRADATION,0.0,0.0,0.0,0.815,LOW_RUL,PHYSICAL_FAULT,
2026-01-01 00:04:38+00:00,ENG-DATASET-002,MSN-LUBRICATION_DEGRADATION-002,49.62,0.5273,248.512,LUBRICATION_DEGRADATION,0.0,0.0,0.0,0.814,LOW_RUL,PHYSICAL_FAULT,
2026-01-01 00:04:39+00:00,ENG-DATASET-002,MSN-LUBRICATION_DEGRADATION-002,49.58,0.5284,238.2562,LUBRICATION_DEGRADATION,0.0,0.0,0.0,0.814,LOW_RUL,PHYSICAL_FAULT,
2026-01-01 00:04:40+00:00,ENG-DATASET-002,MSN-LUBRICATION_DEGRADATION-002,49.45,0.5296,228.4705,LUBRICATION_DEGRADATION,0.0,0.0,0.0,0.812,LOW_RUL,PHYSICAL_FAULT,
2026-01-01 00:04:41+00:00,ENG-DATASET-002,MSN-LUBRICATION_DEGRADATION-002,49.3,0.5311,219.3869,LUBRICATION_DEGRADATION,0.0,0.0,0.0,0.811,LOW_RUL,PHYSICAL_FAULT,
2026-01-01 00:04:42+00:00,ENG-DATASET-002,MSN-LUBRICATION_DEGRADATION-002,49.13,0.5328,211.1767,LUBRICATION_DEGRADATION,0.0,0.0,0.0,0.809,LOW_RUL,PHYSICAL_FAULT,
2026-01-01 00:04:43+00:00,ENG-DATASET-002,MSN-LUBRICATION_DEGRADATION-002,48.94,0.5347,204.0087,LUBRICATION_DEGRADATION,0.0,0.0,0.0,0.808,LOW_RUL,PHYSICAL_FAULT,
2026-01-01 00:04:44+00:00,ENG-DATASET-002,MSN-LUBRICATION_DEGRADATION-002,48.77,0.5357,197.6919,LUBRICATION_DEGRADATION,0.0,0.0,0.0,0.808,LOW_RUL,PHYSICAL_FAULT,
2026-01-01 00:04:45+00:00,ENG-DATASET-002,MSN-LUBRICATION_DEGRADATION-002,48.67,0.5368,191.8033,LUBRICATION_DEGRADATION,0.0,0.0,0.0,0.808,LOW_RUL,PHYSICAL_FAULT,
2026-01-01 00:04:46+00:00,ENG-DATASET-002,MSN-LUBRICATION_DEGRADATION-002,48.57,0.5378,186.3468,LUBRICATION_DEGRADATION,0.0,0.0,0.0,0.807,LOW_RUL,PHYSICAL_FAULT,
2026-01-01 00:04:47+00:00,ENG-DATASET-002,MSN-LUBRICATION_DEGRADATION-002,48.48,0.5386,181.2063,LUBRICATION_DEGRADATION,0.0,0.0,0.0,0.807,LOW_RUL,PHYSICAL_FAULT,
2026-01-01 00:04:48+00:00,ENG-DATASET-002,MSN-LUBRICATION_DEGRADATION-002,48.41,0.5392,176.2069,LUBRICATION_DEGRADATION,0.0,0.0,0.0,0.807,LOW_RUL,PHYSICAL_FAULT,
2026-01-01 00:04:49+00:00,ENG-DATASET-002,MSN-LUBRICATION_DEGRADATION-002,48.37,0.5394,171.1775,LUBRICATION_DEGRADATION,0.0,0.0,0.0,0.807,LOW_RUL,PHYSICAL_FAULT,
2026-01-01 00:04:50+00:00,ENG-DATASET-002,MSN-LUBRICATION_DEGRADATION-002,48.35,0.5394,166.0121,LUBRICATION_DEGRADATION,0.0,0.0,0.0,0.806,LOW_RUL,PHYSICAL_FAULT,
2026-01-01 00:04:51+00:00,ENG-DATASET-002,MSN-LUBRICATION_DEGRADATION-002,48.35,0.5392,160.6086,LUBRICATION_DEGRADATION,0.0,0.0,0.0,0.806,LOW_RUL,PHYSICAL_FAULT,
2026-01-01 00:04:52+00:00,ENG-DATASET-002,MSN-LUBRICATION_DEGRADATION-002,48.37,0.5389,154.9911,LUBRICATION_DEGRADATION,0.0,0.0,0.0,0.806,LOW_RUL,PHYSICAL_FAULT,
2026-01-01 00:04:53+00:00,ENG-DATASET-002,MSN-LUBRICATION_DEGRADATION-002,48.39,0.5387,149.2485,LUBRICATION_DEGRADATION,0.0,0.0,0.0,0.807,LOW_RUL,PHYSICAL_FAULT,
2026-01-01 00:04:54+00:00,ENG-DATASET-002,MSN-LUBRICATION_DEGRADATION-002,48.41,0.5385,143.4108,LUBRICATION_DEGRADATION,0.0,0.0,0.0,0.806,LOW_RUL,PHYSICAL_FAULT,
2026-01-01 00:04:55+00:00,ENG-DATASET-002,MSN-LUBRICATION_DEGRADATION-002,48.42,0.5386,137.6282,LUBRICATION_DEGRADATION,0.0,0.0,0.0,0.806,LOW_RUL,PHYSICAL_FAULT,
2026-01-01 00:04:56+00:00,ENG-DATASET-002,MSN-LUBRICATION_DEGRADATION-002,48.41,0.5388,132.1097,LUBRICATION_DEGRADATION,0.0,0.0,0.0,0.806,LOW_RUL,PHYSICAL_FAULT,
2026-01-01 00:04:57+00:00,ENG-DATASET-002,MSN-LUBRICATION_DEGRADATION-002,48.4,0.539,126.7612,LUBRICATION_DEGRADATION,0.0,0.0,0.0,0.807,LOW_RUL,PHYSICAL_FAULT,
2026-01-01 00:04:58+00:00,ENG-DATASET-002,MSN-LUBRICATION_DEGRADATION-002,48.38,0.5392,121.6658,LUBRICATION_DEGRADATION,0.0,0.0,0.0,0.807,LOW_RUL,PHYSICAL_FAULT,
2026-01-01 00:04:59+00:00,ENG-DATASET-002,MSN-LUBRICATION_DEGRADATION-002,48.51,0.5353,115.8382,LUBRICATION_DEGRADATION,0.0,0.0,0.0,0.81,LOW_RUL,PHYSICAL_FAULT,
2026-01-01 00:05:00+00:00,ENG-DATASET-002,MSN-LUBRICATION_DEGRADATION-002,49.02,0.5289,107.7549,LUBRICATION_DEGRADATION,0.0,0.0,0.0,0.815,LOW_RUL,PHYSICAL_FAULT,
2026-01-01 00:00:01+00:00,ENG-DATASET-003,MSN-LUBRICATION_DEGRADATION-003,100.0,0.0,0.0,HEALTHY,,,,0.05,INSUFFICIENT_HISTORY,NORMAL,
2026-01-01 00:00:02+00:00,ENG-DATASET-003,MSN-LUBRICATION_DEGRADATION-003,100.0,0.0,0.0,HEALTHY,,,,0.1,INSUFFICIENT_HISTORY,NORMAL,
2026-01-01 00:00:03+00:00,ENG-DATASET-003,MSN-LUBRICATION_DEGRADATION-003,100.0,0.0,0.0,HEALTHY,,,,0.15,INSUFFICIENT_HISTORY,NORMAL,
2026-01-01 00:00:04+00:00,ENG-DATASET-003,MSN-LUBRICATION_DEGRADATION-003,100.0,0.0,0.0,HEALTHY,,,,0.2,INSUFFICIENT_HISTORY,NORMAL,
2026-01-01 00:00:05+00:00,ENG-DATASET-003,MSN-LUBRICATION_DEGRADATION-003,100.0,0.0,0.0,HEALTHY,,,,0.25,STABLE,NORMAL,
2026-01-01 00:00:06+00:00,ENG-DATASET-003,MSN-LUBRICATION_DEGRADATION-003,100.0,0.0,0.0,HEALTHY,,,,0.3,STABLE,NORMAL,
2026-01-01 00:00:07+00:00,ENG-DATASET-003,MSN-LUBRICATION_DEGRADATION-003,100.0,0.0,0.0,HEALTHY,,,,0.35,STABLE,NORMAL,
2026-01-01 00:00:08+00:00,ENG-DATASET-003,MSN-LUBRICATION_DEGRADATION-003,100.0,0.0,0.0,HEALTHY,,,,0.4,STABLE,NORMAL,
2026-01-01 00:00:09+00:00,ENG-DATASET-003,MSN-LUBRICATION_DEGRADATION-003,100.0,0.0,0.0,HEALTHY,,,,0.45,STABLE,NORMAL,
2026-01-01 00:00:10+00:00,ENG-DATASET-003,MSN-LUBRICATION_DEGRADATION-003,100.0,0.0,0.0,HEALTHY,,,,0.5,STABLE,NORMAL,
2026-01-01 00:00:11+00:00,ENG-DATASET-003,MSN-LUBRICATION_DEGRADATION-003,100.0,0.0,0.0,HEALTHY,,,,0.55,STABLE,NORMAL,
2026-01-01 00:00:12+00:00,ENG-DATASET-003,MSN-LUBRICATION_DEGRADATION-003,100.0,0.0,0.0,HEALTHY,,,,0.6,STABLE,NORMAL,
2026-01-01 00:00:13+00:00,ENG-DATASET-003,MSN-LUBRICATION_DEGRADATION-003,100.0,0.0,0.0,HEALTHY,,,,0.65,STABLE,NORMAL,
2026-01-01 00:00:14+00:00,ENG-DATASET-003,MSN-LUBRICATION_DEGRADATION-003,100.0,0.0,0.0,HEALTHY,,,,0.7,STABLE,NORMAL,
2026-01-01 00:00:15+00:00,ENG-DATASET-003,MSN-LUBRICATION_DEGRADATION-003,100.0,0.0,0.0,HEALTHY,,,,0.75,STABLE,NORMAL,
2026-01-01 00:00:16+00:00,ENG-DATASET-003,MSN-LUBRICATION_DEGRADATION-003,100.0,0.0,0.0,HEALTHY,,,,0.8,STABLE,NORMAL,
2026-01-01 00:00:17+00:00,ENG-DATASET-003,MSN-LUBRICATION_DEGRADATION-003,100.0,0.0,0.0,HEALTHY,,,,0.85,STABLE,NORMAL,
2026-01-01 00:00:18+00:00,ENG-DATASET-003,MSN-LUBRICATION_DEGRADATION-003,100.0,0.0,0.0,HEALTHY,,,,0.9,STABLE,NORMAL,
2026-01-01 00:00:19+00:00,ENG-DATASET-003,MSN-LUBRICATION_DEGRADATION-003,100.0,0.0,0.0,HEALTHY,,,,0.95,STABLE,NORMAL,
2026-01-01 00:00:20+00:00,ENG-DATASET-003,MSN-LUBRICATION_DEGRADATION-003,100.0,0.0,0.0,HEALTHY,,,,1.0,STABLE,NORMAL,
2026-01-01 00:00:21+00:00,ENG-DATASET-003,MSN-LUBRICATION_DEGRADATION-003,100.0,0.0,0.0,HEALTHY,,,,1.0,STABLE,NORMAL,
2026-01-01 00:00:22+00:00,ENG-DATASET-003,MSN-LUBRICATION_DEGRADATION-003,100.0,0.0,0.0,HEALTHY,,,,1.0,STABLE,NORMAL,
2026-01-01 00:00:23+00:00,ENG-DATASET-003,MSN-LUBRICATION_DEGRADATION-003,100.0,0.0,0.0,HEALTHY,,,,1.0,STABLE,NORMAL,
2026-01-01 00:00:24+00:00,ENG-DATASET-003,MSN-LUBRICATION_DEGRADATION-003,100.0,0.0,0.0,HEALTHY,,,,1.0,STABLE,NORMAL,
2026-01-01 00:00:25+00:00,ENG-DATASET-003,MSN-LUBRICATION_DEGRADATION-003,100.0,0.0,0.0,HEALTHY,,,,1.0,STABLE,NORMAL,
2026-01-01 00:00:26+00:00,ENG-DATASET-003,MSN-LUBRICATION_DEGRADATION-003,100.0,0.0,0.0,HEALTHY,,,,1.0,STABLE,NORMAL,
2026-01-01 00:00:27+00:00,ENG-DATASET-003,MSN-LUBRICATION_DEGRADATION-003,100.0,0.0,0.0,HEALTHY,,,,1.0,STABLE,NORMAL,
2026-01-01 00:00:28+00:00,ENG-DATASET-003,MSN-LUBRICATION_DEGRADATION-003,100.0,0.0,0.0,HEALTHY,,,,1.0,STABLE,NORMAL,
2026-01-01 00:00:29+00:00,ENG-DATASET-003,MSN-LUBRICATION_DEGRADATION-003,100.0,0.0,0.0,HEALTHY,,,,1.0,STABLE,NORMAL,
2026-01-01 00:00:30+00:00,ENG-DATASET-003,MSN-LUBRICATION_DEGRADATION-003,100.0,0.0,0.0,HEALTHY,,,,1.0,STABLE,NORMAL,
2026-01-01 00:00:31+00:00,ENG-DATASET-003,MSN-LUBRICATION_DEGRADATION-003,100.0,0.0,0.0,HEALTHY,,,,1.0,STABLE,NORMAL,
2026-01-01 00:00:32+00:00,ENG-DATASET-003,MSN-LUBRICATION_DEGRADATION-003,100.0,0.0,0.0,HEALTHY,,,,1.0,STABLE,NORMAL,
2026-01-01 00:00:33+00:00,ENG-DATASET-003,MSN-LUBRICATION_DEGRADATION-003,100.0,0.0,0.0,HEALTHY,,,,1.0,STABLE,NORMAL,
2026-01-01 00:00:34+00:00,ENG-DATASET-003,MSN-LUBRICATION_DEGRADATION-003,100.0,0.0,0.0,HEALTHY,,,,1.0,STABLE,NORMAL,
2026-01-01 00:00:35+00:00,ENG-DATASET-003,MSN-LUBRICATION_DEGRADATION-003,100.0,0.0,0.0,HEALTHY,,,,1.0,STABLE,NORMAL,
2026-01-01 00:00:36+00:00,ENG-DATASET-003,MSN-LUBRICATION_DEGRADATION-003,100.0,0.0,0.0,HEALTHY,,,,1.0,STABLE,NORMAL,
2026-01-01 00:00:37+00:00,ENG-DATASET-003,MSN-LUBRICATION_DEGRADATION-003,100.0,0.0,0.0,HEALTHY,,,,1.0,STABLE,NORMAL,
2026-01-01 00:00:38+00:00,ENG-DATASET-003,MSN-LUBRICATION_DEGRADATION-003,100.0,0.0,0.0,HEALTHY,,,,1.0,STABLE,NORMAL,
2026-01-01 00:00:39+00:00,ENG-DATASET-003,MSN-LUBRICATION_DEGRADATION-003,100.0,0.0,0.0,HEALTHY,,,,1.0,STABLE,NORMAL,
2026-01-01 00:00:40+00:00,ENG-DATASET-003,MSN-LUBRICATION_DEGRADATION-003,100.0,0.0,0.0,HEALTHY,,,,1.0,STABLE,NORMAL,
2026-01-01 00:00:41+00:00,ENG-DATASET-003,MSN-LUBRICATION_DEGRADATION-003,100.0,0.0,0.0,HEALTHY,,,,1.0,STABLE,NORMAL,
2026-01-01 00:00:42+00:00,ENG-DATASET-003,MSN-LUBRICATION_DEGRADATION-003,100.0,0.0,0.0,HEALTHY,,,,1.0,STABLE,NORMAL,
2026-01-01 00:00:43+00:00,ENG-DATASET-003,MSN-LUBRICATION_DEGRADATION-003,100.0,0.0,0.0,HEALTHY,,,,1.0,STABLE,NORMAL,
2026-01-01 00:00:44+00:00,ENG-DATASET-003,MSN-LUBRICATION_DEGRADATION-003,100.0,0.0,0.0,HEALTHY,,,,1.0,STABLE,NORMAL,
2026-01-01 00:00:45+00:00,ENG-DATASET-003,MSN-LUBRICATION_DEGRADATION-003,100.0,0.0,0.0,HEALTHY,,,,1.0,STABLE,NORMAL,
2026-01-01 00:00:46+00:00,ENG-DATASET-003,MSN-LUBRICATION_DEGRADATION-003,100.0,0.0,0.0,HEALTHY,,,,1.0,STABLE,NORMAL,
2026-01-01 00:00:47+00:00,ENG-DATASET-003,MSN-LUBRICATION_DEGRADATION-003,100.0,0.0,0.0,HEALTHY,,,,1.0,STABLE,NORMAL,
2026-01-01 00:00:48+00:00,ENG-DATASET-003,MSN-LUBRICATION_DEGRADATION-003,100.0,0.0,0.0,HEALTHY,,,,1.0,STABLE,NORMAL,
2026-01-01 00:00:49+00:00,ENG-DATASET-003,MSN-LUBRICATION_DEGRADATION-003,100.0,0.0,0.0,HEALTHY,,,,1.0,STABLE,NORMAL,
2026-01-01 00:00:50+00:00,ENG-DATASET-003,MSN-LUBRICATION_DEGRADATION-003,100.0,0.0,0.0,HEALTHY,,,,1.0,STABLE,NORMAL,
2026-01-01 00:00:51+00:00,ENG-DATASET-003,MSN-LUBRICATION_DEGRADATION-003,100.0,0.0,0.0,HEALTHY,,,,1.0,STABLE,NORMAL,
2026-01-01 00:00:52+00:00,ENG-DATASET-003,MSN-LUBRICATION_DEGRADATION-003,100.0,0.0,0.0,HEALTHY,,,,1.0,STABLE,NORMAL,
2026-01-01 00:00:53+00:00,ENG-DATASET-003,MSN-LUBRICATION_DEGRADATION-003,100.0,0.0,0.0,HEALTHY,,,,1.0,STABLE,NORMAL,
2026-01-01 00:00:54+00:00,ENG-DATASET-003,MSN-LUBRICATION_DEGRADATION-003,100.0,0.0,0.0,HEALTHY,,,,1.0,STABLE,NORMAL,
2026-01-01 00:00:55+00:00,ENG-DATASET-003,MSN-LUBRICATION_DEGRADATION-003,100.0,0.0,0.0,HEALTHY,,,,1.0,STABLE,NORMAL,
2026-01-01 00:00:56+00:00,ENG-DATASET-003,MSN-LUBRICATION_DEGRADATION-003,100.0,0.0,0.0,HEALTHY,,,,1.0,STABLE,NORMAL,
2026-01-01 00:00:57+00:00,ENG-DATASET-003,MSN-LUBRICATION_DEGRADATION-003,100.0,0.0,0.0,HEALTHY,,,,1.0,STABLE,NORMAL,
2026-01-01 00:00:58+00:00,ENG-DATASET-003,MSN-LUBRICATION_DEGRADATION-003,100.0,0.0,0.0,HEALTHY,,,,1.0,STABLE,NORMAL,
2026-01-01 00:00:59+00:00,ENG-DATASET-003,MSN-LUBRICATION_DEGRADATION-003,100.0,0.0,0.0,HEALTHY,,,,1.0,STABLE,NORMAL,
2026-01-01 00:01:00+00:00,ENG-DATASET-003,MSN-LUBRICATION_DEGRADATION-003,100.0,0.0,0.0,HEALTHY,,,,1.0,STABLE,NORMAL,
2026-01-01 00:01:01+00:00,ENG-DATASET-003,MSN-LUBRICATION_DEGRADATION-003,100.0,0.0,0.0,HEALTHY,,,,1.0,STABLE,NORMAL,
2026-01-01 00:01:02+00:00,ENG-DATASET-003,MSN-LUBRICATION_DEGRADATION-003,100.0,0.0,0.0,HEALTHY,,,,1.0,STABLE,NORMAL,
2026-01-01 00:01:03+00:00,ENG-DATASET-003,MSN-LUBRICATION_DEGRADATION-003,100.0,0.0,0.0,HEALTHY,,,,1.0,STABLE,NORMAL,
2026-01-01 00:01:04+00:00,ENG-DATASET-003,MSN-LUBRICATION_DEGRADATION-003,100.0,0.0,0.0,HEALTHY,,,,1.0,STABLE,NORMAL,
2026-01-01 00:01:05+00:00,ENG-DATASET-003,MSN-LUBRICATION_DEGRADATION-003,100.0,0.0,0.0,HEALTHY,,,,1.0,STABLE,NORMAL,
2026-01-01 00:01:06+00:00,ENG-DATASET-003,MSN-LUBRICATION_DEGRADATION-003,100.0,0.0,0.0,HEALTHY,,,,1.0,STABLE,NORMAL,
2026-01-01 00:01:07+00:00,ENG-DATASET-003,MSN-LUBRICATION_DEGRADATION-003,100.0,0.0,0.0,HEALTHY,,,,1.0,STABLE,NORMAL,
2026-01-01 00:01:08+00:00,ENG-DATASET-003,MSN-LUBRICATION_DEGRADATION-003,100.0,0.0,0.0,HEALTHY,,,,1.0,STABLE,NORMAL,
2026-01-01 00:01:09+00:00,ENG-DATASET-003,MSN-LUBRICATION_DEGRADATION-003,100.0,0.0,0.0,HEALTHY,,,,1.0,STABLE,NORMAL,
2026-01-01 00:01:10+00:00,ENG-DATASET-003,MSN-LUBRICATION_DEGRADATION-003,100.0,0.0,0.0,HEALTHY,,,,1.0,STABLE,NORMAL,
2026-01-01 00:01:11+00:00,ENG-DATASET-003,MSN-LUBRICATION_DEGRADATION-003,100.0,0.0,0.0,HEALTHY,,,,1.0,STABLE,NORMAL,
2026-01-01 00:01:12+00:00,ENG-DATASET-003,MSN-LUBRICATION_DEGRADATION-003,100.0,0.0,0.0,HEALTHY,,,,1.0,STABLE,NORMAL,
2026-01-01 00:01:13+00:00,ENG-DATASET-003,MSN-LUBRICATION_DEGRADATION-003,100.0,0.0,0.0,HEALTHY,,,,1.0,STABLE,NORMAL,
2026-01-01 00:01:14+00:00,ENG-DATASET-003,MSN-LUBRICATION_DEGRADATION-003,100.0,0.0,0.0,HEALTHY,,,,1.0,STABLE,NORMAL,
2026-01-01 00:01:15+00:00,ENG-DATASET-003,MSN-LUBRICATION_DEGRADATION-003,100.0,0.0,0.0,HEALTHY,,,,1.0,STABLE,NORMAL,
2026-01-01 00:01:16+00:00,ENG-DATASET-003,MSN-LUBRICATION_DEGRADATION-003,100.0,0.0,0.0,HEALTHY,,,,1.0,STABLE,NORMAL,
2026-01-01 00:01:17+00:00,ENG-DATASET-003,MSN-LUBRICATION_DEGRADATION-003,100.0,0.0,0.0,HEALTHY,,,,1.0,STABLE,NORMAL,
2026-01-01 00:01:18+00:00,ENG-DATASET-003,MSN-LUBRICATION_DEGRADATION-003,100.0,0.0,0.0,HEALTHY,,,,1.0,STABLE,NORMAL,
2026-01-01 00:01:19+00:00,ENG-DATASET-003,MSN-LUBRICATION_DEGRADATION-003,100.0,0.0,0.0,HEALTHY,,,,1.0,STABLE,NORMAL,
2026-01-01 00:01:20+00:00,ENG-DATASET-003,MSN-LUBRICATION_DEGRADATION-003,100.0,0.0,0.0,HEALTHY,,,,1.0,STABLE,NORMAL,
2026-01-01 00:01:21+00:00,ENG-DATASET-003,MSN-LUBRICATION_DEGRADATION-003,100.0,0.0,0.0,HEALTHY,,,,1.0,STABLE,NORMAL,
2026-01-01 00:01:22+00:00,ENG-DATASET-003,MSN-LUBRICATION_DEGRADATION-003,100.0,0.0,0.0,HEALTHY,,,,1.0,STABLE,NORMAL,
2026-01-01 00:01:23+00:00,ENG-DATASET-003,MSN-LUBRICATION_DEGRADATION-003,100.0,0.0,0.0,HEALTHY,,,,1.0,STABLE,NORMAL,
2026-01-01 00:01:24+00:00,ENG-DATASET-003,MSN-LUBRICATION_DEGRADATION-003,100.0,0.0,0.0,HEALTHY,,,,1.0,STABLE,NORMAL,
2026-01-01 00:01:25+00:00,ENG-DATASET-003,MSN-LUBRICATION_DEGRADATION-003,100.0,0.0,0.0,HEALTHY,,,,1.0,STABLE,NORMAL,
2026-01-01 00:01:26+00:00,ENG-DATASET-003,MSN-LUBRICATION_DEGRADATION-003,100.0,0.0,0.0,HEALTHY,,,,1.0,STABLE,NORMAL,
2026-01-01 00:01:27+00:00,ENG-DATASET-003,MSN-LUBRICATION_DEGRADATION-003,100.0,0.0,0.0,HEALTHY,,,,1.0,STABLE,NORMAL,
2026-01-01 00:01:28+00:00,ENG-DATASET-003,MSN-LUBRICATION_DEGRADATION-003,100.0,0.0,0.0,HEALTHY,,,,1.0,STABLE,NORMAL,
2026-01-01 00:01:29+00:00,ENG-DATASET-003,MSN-LUBRICATION_DEGRADATION-003,100.0,0.0,0.0,HEALTHY,,,,1.0,STABLE,NORMAL,
2026-01-01 00:01:30+00:00,ENG-DATASET-003,MSN-LUBRICATION_DEGRADATION-003,100.0,0.0,0.0,HEALTHY,,,,1.0,STABLE,NORMAL,
2026-01-01 00:01:31+00:00,ENG-DATASET-003,MSN-LUBRICATION_DEGRADATION-003,100.0,0.0,0.0,HEALTHY,,,,1.0,STABLE,NORMAL,
2026-01-01 00:01:32+00:00,ENG-DATASET-003,MSN-LUBRICATION_DEGRADATION-003,100.0,0.0,0.0,HEALTHY,,,,1.0,STABLE,NORMAL,
2026-01-01 00:01:33+00:00,ENG-DATASET-003,MSN-LUBRICATION_DEGRADATION-003,100.0,0.0,0.0,HEALTHY,,,,1.0,STABLE,NORMAL,
2026-01-01 00:01:34+00:00,ENG-DATASET-003,MSN-LUBRICATION_DEGRADATION-003,100.0,0.0,0.0,HEALTHY,,,,1.0,STABLE,NORMAL,
2026-01-01 00:01:35+00:00,ENG-DATASET-003,MSN-LUBRICATION_DEGRADATION-003,100.0,0.0,0.0,HEALTHY,,,,1.0,STABLE,NORMAL,
2026-01-01 00:01:36+00:00,ENG-DATASET-003,MSN-LUBRICATION_DEGRADATION-003,100.0,0.0,0.0,HEALTHY,,,,1.0,STABLE,NORMAL,
2026-01-01 00:01:37+00:00,ENG-DATASET-003,MSN-LUBRICATION_DEGRADATION-003,100.0,0.0,0.0,HEALTHY,,,,1.0,STABLE,NORMAL,
2026-01-01 00:01:38+00:00,ENG-DATASET-003,MSN-LUBRICATION_DEGRADATION-003,100.0,0.0,0.0,HEALTHY,,,,1.0,STABLE,NORMAL,
2026-01-01 00:01:39+00:00,ENG-DATASET-003,MSN-LUBRICATION_DEGRADATION-003,100.0,0.0,0.0,HEALTHY,,,,1.0,STABLE,NORMAL,
2026-01-01 00:01:40+00:00,ENG-DATASET-003,MSN-LUBRICATION_DEGRADATION-003,100.0,0.0,0.0,HEALTHY,,,,1.0,STABLE,NORMAL,
2026-01-01 00:01:41+00:00,ENG-DATASET-003,MSN-LUBRICATION_DEGRADATION-003,100.0,0.0,0.0,HEALTHY,,,,1.0,STABLE,NORMAL,
2026-01-01 00:01:42+00:00,ENG-DATASET-003,MSN-LUBRICATION_DEGRADATION-003,100.0,0.0,0.0,HEALTHY,,,,1.0,STABLE,NORMAL,
2026-01-01 00:01:43+00:00,ENG-DATASET-003,MSN-LUBRICATION_DEGRADATION-003,100.0,0.0,0.0,HEALTHY,,,,1.0,STABLE,NORMAL,
2026-01-01 00:01:44+00:00,ENG-DATASET-003,MSN-LUBRICATION_DEGRADATION-003,100.0,0.0,0.0,HEALTHY,,,,1.0,STABLE,NORMAL,
2026-01-01 00:01:45+00:00,ENG-DATASET-003,MSN-LUBRICATION_DEGRADATION-003,100.0,0.0,0.0,HEALTHY,,,,1.0,STABLE,NORMAL,
2026-01-01 00:01:46+00:00,ENG-DATASET-003,MSN-LUBRICATION_DEGRADATION-003,100.0,0.0,0.0,HEALTHY,,,,1.0,STABLE,NORMAL,
2026-01-01 00:01:47+00:00,ENG-DATASET-003,MSN-LUBRICATION_DEGRADATION-003,100.0,0.0,0.0,HEALTHY,,,,1.0,STABLE,NORMAL,
2026-01-01 00:01:48+00:00,ENG-DATASET-003,MSN-LUBRICATION_DEGRADATION-003,100.0,0.0,0.0,HEALTHY,,,,1.0,STABLE,NORMAL,
2026-01-01 00:01:49+00:00,ENG-DATASET-003,MSN-LUBRICATION_DEGRADATION-003,100.0,0.0,0.0,HEALTHY,,,,1.0,STABLE,NORMAL,
2026-01-01 00:01:50+00:00,ENG-DATASET-003,MSN-LUBRICATION_DEGRADATION-003,100.0,0.0,0.0,HEALTHY,,,,1.0,STABLE,NORMAL,
2026-01-01 00:01:51+00:00,ENG-DATASET-003,MSN-LUBRICATION_DEGRADATION-003,100.0,0.0,0.0,HEALTHY,,,,1.0,STABLE,NORMAL,
2026-01-01 00:01:52+00:00,ENG-DATASET-003,MSN-LUBRICATION_DEGRADATION-003,100.0,0.0,0.0,HEALTHY,,,,1.0,STABLE,NORMAL,
2026-01-01 00:01:53+00:00,ENG-DATASET-003,MSN-LUBRICATION_DEGRADATION-003,100.0,0.0,0.0,HEALTHY,,,,1.0,STABLE,NORMAL,
2026-01-01 00:01:54+00:00,ENG-DATASET-003,MSN-LUBRICATION_DEGRADATION-003,100.0,0.0,0.0,HEALTHY,,,,1.0,STABLE,NORMAL,
2026-01-01 00:01:55+00:00,ENG-DATASET-003,MSN-LUBRICATION_DEGRADATION-003,100.0,0.0,0.0,HEALTHY,,,,1.0,STABLE,NORMAL,
2026-01-01 00:01:56+00:00,ENG-DATASET-003,MSN-LUBRICATION_DEGRADATION-003,100.0,0.0,0.0,HEALTHY,,,,1.0,STABLE,NORMAL,
2026-01-01 00:01:57+00:00,ENG-DATASET-003,MSN-LUBRICATION_DEGRADATION-003,100.0,0.0,0.0,HEALTHY,,,,1.0,STABLE,NORMAL,
2026-01-01 00:01:58+00:00,ENG-DATASET-003,MSN-LUBRICATION_DEGRADATION-003,100.0,0.0,0.0,HEALTHY,,,,1.0,STABLE,NORMAL,
2026-01-01 00:01:59+00:00,ENG-DATASET-003,MSN-LUBRICATION_DEGRADATION-003,100.0,0.0,0.0,HEALTHY,,,,1.0,STABLE,NORMAL,
2026-01-01 00:02:00+00:00,ENG-DATASET-003,MSN-LUBRICATION_DEGRADATION-003,100.0,0.0,0.0,HEALTHY,,,,1.0,STABLE,NORMAL,
2026-01-01 00:02:01+00:00,ENG-DATASET-003,MSN-LUBRICATION_DEGRADATION-003,99.97,0.0011,0.177,LUBRICATION_DEGRADATION,281.86,1.81,1995.6,1.0,ESTIMATED,PHYSICAL_FAULT,
2026-01-01 00:02:02+00:00,ENG-DATASET-003,MSN-LUBRICATION_DEGRADATION-003,99.84,0.0033,1.1153,LUBRICATION_DEGRADATION,44.54,0.41,1986.8,1.0,ESTIMATED,PHYSICAL_FAULT,
2026-01-01 00:02:03+00:00,ENG-DATASET-003,MSN-LUBRICATION_DEGRADATION-003,99.62,0.0067,3.3199,LUBRICATION_DEGRADATION,14.86,0.21,1973.2,0.999,ESTIMATED,PHYSICAL_FAULT,
2026-01-01 00:02:04+00:00,ENG-DATASET-003,MSN-LUBRICATION_DEGRADATION-003,99.29,0.0112,7.3961,LUBRICATION_DEGRADATION,6.61,0.13,1955.2,0.999,LOW_RUL,PHYSICAL_FAULT,
2026-01-01 00:02:05+00:00,ENG-DATASET-003,MSN-LUBRICATION_DEGRADATION-003,98.86,0.0169,13.8679,LUBRICATION_DEGRADATION,3.48,0.09,1932.4,0.998,LOW_RUL,PHYSICAL_FAULT,
2026-01-01 00:02:06+00:00,ENG-DATASET-003,MSN-LUBRICATION_DEGRADATION-003,98.35,0.0226,23.1214,LUBRICATION_DEGRADATION,2.06,0.07,1909.6,0.997,LOW_RUL,PHYSICAL_FAULT,
2026-01-01 00:02:07+00:00,ENG-DATASET-003,MSN-LUBRICATION_DEGRADATION-003,97.85,0.0283,34.9957,LUBRICATION_DEGRADATION,1.35,0.06,1886.8,0.997,LOW_RUL,PHYSICAL_FAULT,
2026-01-01 00:02:08+00:00,ENG-DATASET-003,MSN-LUBRICATION_DEGRADATION-003,97.35,0.034,49.3907,LUBRICATION_DEGRADATION,0.94,0.05,1864.0,0.996,LOW_RUL,PHYSICAL_FAULT,
2026-01-01 00:02:09+00:00,ENG-DATASET-003,MSN-LUBRICATION_DEGRADATION-003,96.84,0.0398,66.2654,LUBRICATION_DEGRADATION,0.69,0.04,1840.8,0.995,LOW_RUL,PHYSICAL_FAULT,
2026-01-01 00:02:10+00:00,ENG-DATASET-003,MSN-LUBRICATION_DEGRADATION-003,96.33,0.0456,85.5178,LUBRICATION_DEGRADATION,0.53,0.04,1817.6,0.995,LOW_RUL,PHYSICAL_FAULT,
2026-01-01 00:02:11+00:00,ENG-DATASET-003,MSN-LUBRICATION_DEGRADATION-003,95.81,0.0515,107.1048,LUBRICATION_DEGRADATION,0.42,0.04,1794.0,0.994,LOW_RUL,PHYSICAL_FAULT,
2026-01-01 00:02:12+00:00,ENG-DATASET-003,MSN-LUBRICATION_DEGRADATION-003,95.3,0.0573,130.8634,LUBRICATION_DEGRADATION,0.34,0.03,1770.8,0.993,LOW_RUL,PHYSICAL_FAULT,
2026-01-01 00:02:13+00:00,ENG-DATASET-003,MSN-LUBRICATION_DEGRADATION-003,94.78,0.0631,156.7505,LUBRICATION_DEGRADATION,0.28,0.03,1747.6,0.993,LOW_RUL,PHYSICAL_FAULT,
2026-01-01 00:02:14+00:00,ENG-DATASET-003,MSN-LUBRICATION_DEGRADATION-003,94.26,0.0691,184.6623,LUBRICATION_DEGRADATION,0.23,0.03,1723.6,0.992,LOW_RUL,PHYSICAL_FAULT,
2026-01-01 00:02:15+00:00,ENG-DATASET-003,MSN-LUBRICATION_DEGRADATION-003,93.73,0.0751,214.5536,LUBRICATION_DEGRADATION,0.2,0.03,1699.6,0.991,LOW_RUL,PHYSICAL_FAULT,
2026-01-01 00:02:16+00:00,ENG-DATASET-003,MSN-LUBRICATION_DEGRADATION-003,92.92,0.0909,247.9709,LUBRICATION_DEGRADATION,0.16,0.02,1636.4,0.987,LOW_RUL,PHYSICAL_FAULT,
2026-01-01 00:02:17+00:00,ENG-DATASET-003,MSN-LUBRICATION_DEGRADATION-003,91.45,0.1066,288.6472,LUBRICATION_DEGRADATION,0.14,0.02,1573.6,0.983,LOW_RUL,PHYSICAL_FAULT,
2026-01-01 00:02:18+00:00,ENG-DATASET-003,MSN-LUBRICATION_DEGRADATION-003,89.99,0.1224,336.2294,LUBRICATION_DEGRADATION,0.11,0.01,1510.4,0.979,LOW_RUL,PHYSICAL_FAULT,
2026-01-01 00:02:19+00:00,ENG-DATASET-003,MSN-LUBRICATION_DEGRADATION-003,88.52,0.1382,390.4845,LUBRICATION_DEGRADATION,0.09,0.01,1447.2,0.974,LOW_RUL,PHYSICAL_FAULT,
2026-01-01 00:02:20+00:00,ENG-DATASET-003,MSN-LUBRICATION_DEGRADATION-003,87.04,0.154,451.1773,LUBRICATION_DEGRADATION,0.08,0.01,1384.0,0.97,LOW_RUL,PHYSICAL_FAULT,
2026-01-01 00:02:21+00:00,ENG-DATASET-003,MSN-LUBRICATION_DEGRADATION-003,85.86,0.1599,516.2414,LUBRICATION_DEGRADATION,0.07,0.01,1360.4,0.97,LOW_RUL,PHYSICAL_FAULT,
2026-01-01 00:02:22+00:00,ENG-DATASET-003,MSN-LUBRICATION_DEGRADATION-003,85.15,0.1717,582.6669,LUBRICATION_DEGRADATION,0.06,0.01,1313.2,0.965,LOW_RUL,PHYSICAL_FAULT,
2026-01-01 00:02:23+00:00,ENG-DATASET-003,MSN-LUBRICATION_DEGRADATION-003,84.02,0.1836,652.7903,LUBRICATION_DEGRADATION,0.05,0.01,1265.6,0.961,LOW_RUL,PHYSICAL_FAULT,
2026-01-01 00:02:24+00:00,ENG-DATASET-003,MSN-LUBRICATION_DEGRADATION-003,82.74,0.2,727.271,LUBRICATION_DEGRADATION,0.04,0.01,1200.0,0.953,LOW_RUL,PHYSICAL_FAULT,
2026-01-01 00:02:25+00:00,ENG-DATASET-003,MSN-LUBRICATION_DEGRADATION-003,82.25,0.1717,801.1906,LUBRICATION_DEGRADATION,0.04,0.01,1313.2,0.945,LOW_RUL,PHYSICAL_FAULT,
2026-01-01 00:02:26+00:00,ENG-DATASET-003,MSN-LUBRICATION_DEGRADATION-003,80.66,0.1868,880.9427,LUBRICATION_DEGRADATION,0.04,0.01,1252.8,0.938,LOW_RUL,PHYSICAL_FAULT,
2026-01-01 00:02:27+00:00,ENG-DATASET-003,MSN-LUBRICATION_DEGRADATION-003,79.26,0.196,965.0881,LUBRICATION_DEGRADATION,0.03,0.01,1216.0,0.933,LOW_RUL,PHYSICAL_FAULT,
2026-01-01 00:02:28+00:00,ENG-DATASET-003,MSN-LUBRICATION_DEGRADATION-003,78.28,0.2053,1050.8679,LUBRICATION_DEGRADATION,0.03,0.01,1178.8,0.929,LOW_RUL,PHYSICAL_FAULT,
2026-01-01 00:02:29+00:00,ENG-DATASET-003,MSN-LUBRICATION_DEGRADATION-003,77.44,0.2101,1137.2599,LUBRICATION_DEGRADATION,0.03,0.01,1159.6,0.928,LOW_RUL,PHYSICAL_FAULT,
2026-01-01 00:02:30+00:00,ENG-DATASET-003,MSN-LUBRICATION_DEGRADATION-003,76.94,0.2149,1222.0895,LUBRICATION_DEGRADATION,0.02,0.01,1140.4,0.928,LOW_RUL,PHYSICAL_FAULT,
2026-01-01 00:02:31+00:00,ENG-DATASET-003,MSN-LUBRICATION_DEGRADATION-003,76.45,0.2195,1305.1976,LUBRICATION_DEGRADATION,0.02,0.01,1122.0,0.927,LOW_RUL,PHYSICAL_FAULT,
2026-01-01 00:02:32+00:00,ENG-DATASET-003,MSN-LUBRICATION_DEGRADATION-003,75.97,0.2241,1386.4271,LUBRICATION_DEGRADATION,0.02,0.01,1103.6,0.926,LOW_RUL,PHYSICAL_FAULT,
2026-01-01 00:02:33+00:00,ENG-DATASET-003,MSN-LUBRICATION_DEGRADATION-003,75.48,0.2288,1465.7412,LUBRICATION_DEGRADATION,0.02,0.01,1084.8,0.926,LOW_RUL,PHYSICAL_FAULT,
2026-01-01 00:02:34+00:00,ENG-DATASET-003,MSN-LUBRICATION_DEGRADATION-003,75.0,0.2335,1542.9826,LUBRICATION_DEGRADATION,0.02,0.01,1066.0,0.925,LOW_RUL,PHYSICAL_FAULT,
2026-01-01 00:02:35+00:00,ENG-DATASET-003,MSN-LUBRICATION_DEGRADATION-003,74.51,0.2381,1618.1145,LUBRICATION_DEGRADATION,0.02,0.01,1047.6,0.925,LOW_RUL,PHYSICAL_FAULT,
2026-01-01 00:02:36+00:00,ENG-DATASET-003,MSN-LUBRICATION_DEGRADATION-003,74.03,0.2427,1690.9797,LUBRICATION_DEGRADATION,0.02,0.01,1029.2,0.924,LOW_RUL,PHYSICAL_FAULT,
2026-01-01 00:02:37+00:00,ENG-DATASET-003,MSN-LUBRICATION_DEGRADATION-003,73.56,0.2473,1761.4233,LUBRICATION_DEGRADATION,0.01,0.0,1010.8,0.923,LOW_RUL,PHYSICAL_FAULT,
2026-01-01 00:02:38+00:00,ENG-DATASET-003,MSN-LUBRICATION_DEGRADATION-003,73.07,0.252,1829.4692,LUBRICATION_DEGRADATION,0.01,0.0,992.0,0.923,LOW_RUL,PHYSICAL_FAULT,
2026-01-01 00:02:39+00:00,ENG-DATASET-003,MSN-LUBRICATION_DEGRADATION-003,72.58,0.2568,1895.0194,LUBRICATION_DEGRADATION,0.01,0.0,972.8,0.922,LOW_RUL,PHYSICAL_FAULT,
2026-01-01 00:02:40+00:00,ENG-DATASET-003,MSN-LUBRICATION_DEGRADATION-003,72.09,0.2615,1957.9759,LUBRICATION_DEGRADATION,0.01,0.0,954.0,0.921,LOW_RUL,PHYSICAL_FAULT,
2026-01-01 00:02:41+00:00,ENG-DATASET-003,MSN-LUBRICATION_DEGRADATION-003,71.61,0.2661,2018.1816,LUBRICATION_DEGRADATION,0.01,0.0,935.6,0.921,LOW_RUL,PHYSICAL_FAULT,
2026-01-01 00:02:42+00:00,ENG-DATASET-003,MSN-LUBRICATION_DEGRADATION-003,71.13,0.2707,2075.5405,LUBRICATION_DEGRADATION,0.01,0.0,917.2,0.92,LOW_RUL,PHYSICAL_FAULT,
2026-01-01 00:02:43+00:00,ENG-DATASET-003,MSN-LUBRICATION_DEGRADATION-003,70.65,0.2754,2129.9567,LUBRICATION_DEGRADATION,0.01,0.0,898.4,0.919,LOW_RUL,PHYSICAL_FAULT,
2026-01-01 00:02:44+00:00,ENG-DATASET-003,MSN-LUBRICATION_DEGRADATION-003,70.16,0.2801,2181.3929,LUBRICATION_DEGRADATION,0.01,0.0,879.6,0.919,LOW_RUL,PHYSICAL_FAULT,
2026-01-01 00:02:45+00:00,ENG-DATASET-003,MSN-LUBRICATION_DEGRADATION-003,69.68,0.2847,2229.6924,LUBRICATION_DEGRADATION,0.01,0.0,861.2,0.918,LOW_RUL,PHYSICAL_FAULT,
2026-01-01 00:02:46+00:00,ENG-DATASET-003,MSN-LUBRICATION_DEGRADATION-003,69.21,0.2893,2274.6999,LUBRICATION_DEGRADATION,0.01,0.0,842.8,0.917,LOW_RUL,PHYSICAL_FAULT,
2026-01-01 00:02:47+00:00,ENG-DATASET-003,MSN-LUBRICATION_DEGRADATION-003,68.73,0.2939,2316.3804,LUBRICATION_DEGRADATION,0.01,0.0,824.4,0.917,LOW_RUL,PHYSICAL_FAULT,
2026-01-01 00:02:48+00:00,ENG-DATASET-003,MSN-LUBRICATION_DEGRADATION-003,68.24,0.2988,2354.6971,LUBRICATION_DEGRADATION,0.01,0.0,804.8,0.916,LOW_RUL,PHYSICAL_FAULT,
2026-01-01 00:02:49+00:00,ENG-DATASET-003,MSN-LUBRICATION_DEGRADATION-003,65.93,0.375,2400.2927,LUBRICATION_DEGRADATION,0.01,0.0,500.0,0.915,LOW_RUL,PHYSICAL_FAULT,
2026-01-01 00:02:50+00:00,ENG-DATASET-003,MSN-LUBRICATION_DEGRADATION-003,65.51,0.3778,2441.5512,LUBRICATION_DEGRADATION,0.01,0.0,488.8,0.915,LOW_RUL,PHYSICAL_FAULT,
2026-01-01 00:02:51+00:00,ENG-DATASET-003,MSN-LUBRICATION_DEGRADATION-003,65.26,0.3805,2477.3852,LUBRICATION_DEGRADATION,0.0,0.0,478.0,0.914,LOW_RUL,PHYSICAL_FAULT,
2026-01-01 00:02:52+00:00,ENG-DATASET-003,MSN-LUBRICATION_DEGRADATION-003,65.0,0.3834,2507.8036,LUBRICATION_DEGRADATION,0.0,0.0,466.4,0.913,LOW_RUL,PHYSICAL_FAULT,
2026-01-01 00:02:53+00:00,ENG-DATASET-003,MSN-LUBRICATION_DEGRADATION-003,64.72,0.3865,2532.8726,LUBRICATION_DEGRADATION,0.0,0.0,454.0,0.913,LOW_RUL,PHYSICAL_FAULT,
2026-01-01 00:02:54+00:00,ENG-DATASET-003,MSN-LUBRICATION_DEGRADATION-003,64.44,0.3895,2552.536,LUBRICATION_DEGRADATION,0.0,0.0,442.0,0.912,LOW_RUL,PHYSICAL_FAULT,
2026-01-01 00:02:55+00:00,ENG-DATASET-003,MSN-LUBRICATION_DEGRADATION-003,64.17,0.3924,2566.679,LUBRICATION_DEGRADATION,0.0,0.0,430.4,0.911,LOW_RUL,PHYSICAL_FAULT,
2026-01-01 00:02:56+00:00,ENG-DATASET-003,MSN-LUBRICATION_DEGRADATION-003,63.91,0.3952,2575.1883,LUBRICATION_DEGRADATION,0.0,0.0,419.2,0.911,LOW_RUL,PHYSICAL_FAULT,
2026-01-01 00:02:57+00:00,ENG-DATASET-003,MSN-LUBRICATION_DEGRADATION-003,63.64,0.3981,2578.0711,LUBRICATION_DEGRADATION,0.0,0.0,407.6,0.91,LOW_RUL,PHYSICAL_FAULT,
2026-01-01 00:02:58+00:00,ENG-DATASET-003,MSN-LUBRICATION_DEGRADATION-003,63.37,0.4011,2575.2734,LUBRICATION_DEGRADATION,0.0,0.0,395.6,0.909,LOW_RUL,PHYSICAL_FAULT,
2026-01-01 00:02:59+00:00,ENG-DATASET-003,MSN-LUBRICATION_DEGRADATION-003,63.1,0.4041,2566.741,LUBRICATION_DEGRADATION,0.0,0.0,383.6,0.908,LOW_RUL,PHYSICAL_FAULT,
2026-01-01 00:03:00+00:00,ENG-DATASET-003,MSN-LUBRICATION_DEGRADATION-003,62.83,0.4069,2552.42,LUBRICATION_DEGRADATION,0.0,0.0,372.4,0.908,LOW_RUL,PHYSICAL_FAULT,
2026-01-01 00:03:01+00:00,ENG-DATASET-003,MSN-LUBRICATION_DEGRADATION-003,62.57,0.4098,2532.3804,LUBRICATION_DEGRADATION,0.0,0.0,360.8,0.907,LOW_RUL,PHYSICAL_FAULT,
2026-01-01 00:03:02+00:00,ENG-DATASET-003,MSN-LUBRICATION_DEGRADATION-003,62.29,0.4129,2507.3045,LUBRICATION_DEGRADATION,0.0,0.0,348.4,0.906,LOW_RUL,PHYSICAL_FAULT,
2026-01-01 00:03:03+00:00,ENG-DATASET-003,MSN-LUBRICATION_DEGRADATION-003,62.01,0.4161,2477.7113,LUBRICATION_DEGRADATION,0.0,0.0,335.6,0.906,LOW_RUL,PHYSICAL_FAULT,
2026-01-01 00:03:04+00:00,ENG-DATASET-003,MSN-LUBRICATION_DEGRADATION-003,61.72,0.4192,2444.319,LUBRICATION_DEGRADATION,0.0,0.0,323.2,0.905,LOW_RUL,PHYSICAL_FAULT,
2026-01-01 00:03:05+00:00,ENG-DATASET-003,MSN-LUBRICATION_DEGRADATION-003,61.43,0.4222,2407.7458,LUBRICATION_DEGRADATION,0.0,0.0,311.2,0.904,LOW_RUL,PHYSICAL_FAULT,
2026-01-01 00:03:06+00:00,ENG-DATASET-003,MSN-LUBRICATION_DEGRADATION-003,61.16,0.4251,2368.3899,LUBRICATION_DEGRADATION,0.0,0.0,299.6,0.903,LOW_RUL,PHYSICAL_FAULT,
2026-01-01 00:03:07+00:00,ENG-DATASET-003,MSN-LUBRICATION_DEGRADATION-003,60.88,0.4282,2326.2972,LUBRICATION_DEGRADATION,0.0,0.0,287.2,0.903,LOW_RUL,PHYSICAL_FAULT,
2026-01-01 00:03:08+00:00,ENG-DATASET-003,MSN-LUBRICATION_DEGRADATION-003,60.6,0.4312,2281.5118,LUBRICATION_DEGRADATION,0.0,0.0,275.2,0.902,LOW_RUL,PHYSICAL_FAULT,
2026-01-01 00:03:09+00:00,ENG-DATASET-003,MSN-LUBRICATION_DEGRADATION-003,60.34,0.4336,2234.0206,LUBRICATION_DEGRADATION,0.0,0.0,265.6,0.901,LOW_RUL,PHYSICAL_FAULT,
2026-01-01 00:03:10+00:00,ENG-DATASET-003,MSN-LUBRICATION_DEGRADATION-003,60.14,0.4349,2183.5195,LUBRICATION_DEGRADATION,0.0,0.0,260.4,0.901,LOW_RUL,PHYSICAL_FAULT,
2026-01-01 00:03:11+00:00,ENG-DATASET-003,MSN-LUBRICATION_DEGRADATION-003,60.01,0.4362,2129.7186,LUBRICATION_DEGRADATION,0.0,0.0,255.2,0.9,LOW_RUL,PHYSICAL_FAULT,
2026-01-01 00:03:12+00:00,ENG-DATASET-003,MSN-LUBRICATION_DEGRADATION-003,59.88,0.4377,2072.6347,LUBRICATION_DEGRADATION,0.0,0.0,249.2,0.899,LOW_RUL,PHYSICAL_FAULT,
2026-01-01 00:03:13+00:00,ENG-DATASET-003,MSN-LUBRICATION_DEGRADATION-003,59.73,0.4391,2012.523,LUBRICATION_DEGRADATION,0.0,0.0,243.6,0.898,LOW_RUL,PHYSICAL_FAULT,
2026-01-01 00:03:14+00:00,ENG-DATASET-003,MSN-LUBRICATION_DEGRADATION-003,59.59,0.4404,1949.3985,LUBRICATION_DEGRADATION,0.0,0.0,238.4,0.898,LOW_RUL,PHYSICAL_FAULT,
2026-01-01 00:03:15+00:00,ENG-DATASET-003,MSN-LUBRICATION_DEGRADATION-003,59.36,0.4454,1883.9293,LUBRICATION_DEGRADATION,0.0,0.0,218.4,0.896,LOW_RUL,PHYSICAL_FAULT,
2026-01-01 00:03:16+00:00,ENG-DATASET-003,MSN-LUBRICATION_DEGRADATION-003,58.96,0.4472,1818.8872,LUBRICATION_DEGRADATION,0.0,0.0,211.2,0.895,LOW_RUL,PHYSICAL_FAULT,
2026-01-01 00:03:17+00:00,ENG-DATASET-003,MSN-LUBRICATION_DEGRADATION-003,58.63,0.4531,1757.9683,LUBRICATION_DEGRADATION,0.0,0.0,187.6,0.889,LOW_RUL,PHYSICAL_FAULT,
2026-01-01 00:03:18+00:00,ENG-DATASET-003,MSN-LUBRICATION_DEGRADATION-003,57.97,0.459,1703.2871,LUBRICATION_DEGRADATION,0.0,0.0,164.0,0.884,LOW_RUL,PHYSICAL_FAULT,
2026-01-01 00:03:19+00:00,ENG-DATASET-003,MSN-LUBRICATION_DEGRADATION-003,57.3,0.4648,1655.1238,LUBRICATION_DEGRADATION,0.0,0.0,140.8,0.878,LOW_RUL,PHYSICAL_FAULT,
2026-01-01 00:03:20+00:00,ENG-DATASET-003,MSN-LUBRICATION_DEGRADATION-003,56.67,0.4697,1613.4632,LUBRICATION_DEGRADATION,0.0,0.0,121.2,0.874,LOW_RUL,PHYSICAL_FAULT,
2026-01-01 00:03:21+00:00,ENG-DATASET-003,MSN-LUBRICATION_DEGRADATION-003,56.13,0.4744,1576.1138,LUBRICATION_DEGRADATION,0.0,0.0,102.4,0.869,LOW_RUL,PHYSICAL_FAULT,
2026-01-01 00:03:22+00:00,ENG-DATASET-003,MSN-LUBRICATION_DEGRADATION-003,55.73,0.475,1539.5096,LUBRICATION_DEGRADATION,0.0,0.0,100.0,0.868,LOW_RUL,PHYSICAL_FAULT,
2026-01-01 00:03:23+00:00,ENG-DATASET-003,MSN-LUBRICATION_DEGRADATION-003,55.65,0.4757,1504.3869,LUBRICATION_DEGRADATION,0.0,0.0,97.2,0.868,LOW_RUL,PHYSICAL_FAULT,
2026-01-01 00:03:24+00:00,ENG-DATASET-003,MSN-LUBRICATION_DEGRADATION-003,55.58,0.4762,1471.8118,LUBRICATION_DEGRADATION,0.0,0.0,95.2,0.867,LOW_RUL,PHYSICAL_FAULT,
2026-01-01 00:03:25+00:00,ENG-DATASET-003,MSN-LUBRICATION_DEGRADATION-003,55.5,0.4768,1437.2652,LUBRICATION_DEGRADATION,0.0,0.0,92.8,0.866,LOW_RUL,PHYSICAL_FAULT,
2026-01-01 00:03:26+00:00,ENG-DATASET-003,MSN-LUBRICATION_DEGRADATION-003,55.43,0.4774,1407.482,LUBRICATION_DEGRADATION,0.0,0.0,90.4,0.865,LOW_RUL,PHYSICAL_FAULT,
2026-01-01 00:03:27+00:00,ENG-DATASET-003,MSN-LUBRICATION_DEGRADATION-003,55.35,0.4782,1381.6658,LUBRICATION_DEGRADATION,0.0,0.0,87.2,0.864,LOW_RUL,PHYSICAL_FAULT,
2026-01-01 00:03:28+00:00,ENG-DATASET-003,MSN-LUBRICATION_DEGRADATION-003,55.26,0.4789,1357.5771,LUBRICATION_DEGRADATION,0.0,0.0,84.4,0.864,LOW_RUL,PHYSICAL_FAULT,
2026-01-01 00:03:29+00:00,ENG-DATASET-003,MSN-LUBRICATION_DEGRADATION-003,55.17,0.4798,1334.5397,LUBRICATION_DEGRADATION,0.0,0.0,80.8,0.863,LOW_RUL,PHYSICAL_FAULT,
2026-01-01 00:03:30+00:00,ENG-DATASET-003,MSN-LUBRICATION_DEGRADATION-003,55.07,0.4806,1310.6881,LUBRICATION_DEGRADATION,0.0,0.0,77.6,0.862,LOW_RUL,PHYSICAL_FAULT,
2026-01-01 00:03:31+00:00,ENG-DATASET-003,MSN-LUBRICATION_DEGRADATION-003,54.98,0.4814,1285.9822,LUBRICATION_DEGRADATION,0.0,0.0,74.4,0.861,LOW_RUL,PHYSICAL_FAULT,
2026-01-01 00:03:32+00:00,ENG-DATASET-003,MSN-LUBRICATION_DEGRADATION-003,54.89,0.4822,1260.4411,LUBRICATION_DEGRADATION,0.0,0.0,71.2,0.86,LOW_RUL,PHYSICAL_FAULT,
2026-01-01 00:03:33+00:00,ENG-DATASET-003,MSN-LUBRICATION_DEGRADATION-003,54.8,0.4828,1234.2038,LUBRICATION_DEGRADATION,0.0,0.0,68.8,0.859,LOW_RUL,PHYSICAL_FAULT,
2026-01-01 00:03:34+00:00,ENG-DATASET-003,MSN-LUBRICATION_DEGRADATION-003,54.72,0.4834,1207.2303,LUBRICATION_DEGRADATION,0.0,0.0,66.4,0.859,LOW_RUL,PHYSICAL_FAULT,
2026-01-01 00:03:35+00:00,ENG-DATASET-003,MSN-LUBRICATION_DEGRADATION-003,54.65,0.4839,1179.6027,LUBRICATION_DEGRADATION,0.0,0.0,64.4,0.858,LOW_RUL,PHYSICAL_FAULT,
2026-01-01 00:03:36+00:00,ENG-DATASET-003,MSN-LUBRICATION_DEGRADATION-003,54.58,0.4844,1151.3438,LUBRICATION_DEGRADATION,0.0,0.0,62.4,0.857,LOW_RUL,PHYSICAL_FAULT,
2026-01-01 00:03:37+00:00,ENG-DATASET-003,MSN-LUBRICATION_DEGRADATION-003,54.51,0.485,1122.4748,LUBRICATION_DEGRADATION,0.0,0.0,60.0,0.856,LOW_RUL,PHYSICAL_FAULT,
2026-01-01 00:03:38+00:00,ENG-DATASET-003,MSN-LUBRICATION_DEGRADATION-003,54.44,0.4856,1093.1977,LUBRICATION_DEGRADATION,0.0,0.0,57.6,0.855,LOW_RUL,PHYSICAL_FAULT,
2026-01-01 00:03:39+00:00,ENG-DATASET-003,MSN-LUBRICATION_DEGRADATION-003,54.36,0.4863,1063.6555,LUBRICATION_DEGRADATION,0.0,0.0,54.8,0.854,LOW_RUL,PHYSICAL_FAULT,
2026-01-01 00:03:40+00:00,ENG-DATASET-003,MSN-LUBRICATION_DEGRADATION-003,54.27,0.4872,1033.9892,LUBRICATION_DEGRADATION,0.0,0.0,51.2,0.854,LOW_RUL,PHYSICAL_FAULT,
2026-01-01 00:03:41+00:00,ENG-DATASET-003,MSN-LUBRICATION_DEGRADATION-003,54.16,0.4881,1004.336,LUBRICATION_DEGRADATION,0.0,0.0,47.6,0.853,LOW_RUL,PHYSICAL_FAULT,
2026-01-01 00:03:42+00:00,ENG-DATASET-003,MSN-LUBRICATION_DEGRADATION-003,54.05,0.4891,974.7698,LUBRICATION_DEGRADATION,0.0,0.0,43.6,0.852,LOW_RUL,PHYSICAL_FAULT,
2026-01-01 00:03:43+00:00,ENG-DATASET-003,MSN-LUBRICATION_DEGRADATION-003,53.93,0.4902,945.4236,LUBRICATION_DEGRADATION,0.0,0.0,39.2,0.851,LOW_RUL,PHYSICAL_FAULT,
2026-01-01 00:03:44+00:00,ENG-DATASET-003,MSN-LUBRICATION_DEGRADATION-003,53.82,0.4912,916.3715,LUBRICATION_DEGRADATION,0.0,0.0,35.2,0.85,LOW_RUL,PHYSICAL_FAULT,
2026-01-01 00:03:45+00:00,ENG-DATASET-003,MSN-LUBRICATION_DEGRADATION-003,53.7,0.4922,887.6876,LUBRICATION_DEGRADATION,0.0,0.0,31.2,0.849,LOW_RUL,PHYSICAL_FAULT,
2026-01-01 00:03:46+00:00,ENG-DATASET-003,MSN-LUBRICATION_DEGRADATION-003,53.59,0.4931,859.3237,LUBRICATION_DEGRADATION,0.0,0.0,27.6,0.848,LOW_RUL,PHYSICAL_FAULT,
2026-01-01 00:03:47+00:00,ENG-DATASET-003,MSN-LUBRICATION_DEGRADATION-003,53.49,0.4938,831.3539,LUBRICATION_DEGRADATION,0.0,0.0,24.8,0.847,LOW_RUL,PHYSICAL_FAULT,
2026-01-01 00:03:48+00:00,ENG-DATASET-003,MSN-LUBRICATION_DEGRADATION-003,53.4,0.4946,803.8563,LUBRICATION_DEGRADATION,0.0,0.0,21.6,0.846,LOW_RUL,PHYSICAL_FAULT,
2026-01-01 00:03:49+00:00,ENG-DATASET-003,MSN-LUBRICATION_DEGRADATION-003,53.3,0.4953,788.0749,LUBRICATION_DEGRADATION,0.0,0.0,18.8,0.845,LOW_RUL,PHYSICAL_FAULT,
2026-01-01 00:03:50+00:00,ENG-DATASET-003,MSN-LUBRICATION_DEGRADATION-003,53.21,0.4961,772.8607,LUBRICATION_DEGRADATION,0.0,0.0,15.6,0.844,LOW_RUL,PHYSICAL_FAULT,
2026-01-01 00:03:51+00:00,ENG-DATASET-003,MSN-LUBRICATION_DEGRADATION-003,53.11,0.497,757.3014,LUBRICATION_DEGRADATION,0.0,0.0,12.0,0.843,LOW_RUL,PHYSICAL_FAULT,
2026-01-01 00:03:52+00:00,ENG-DATASET-003,MSN-LUBRICATION_DEGRADATION-003,53.0,0.498,741.547,LUBRICATION_DEGRADATION,0.0,0.0,8.0,0.842,LOW_RUL,PHYSICAL_FAULT,
2026-01-01 00:03:53+00:00,ENG-DATASET-003,MSN-LUBRICATION_DEGRADATION-003,52.88,0.4991,725.8086,LUBRICATION_DEGRADATION,0.0,0.0,3.6,0.841,LOW_RUL,PHYSICAL_FAULT,
2026-01-01 00:03:54+00:00,ENG-DATASET-003,MSN-LUBRICATION_DEGRADATION-003,52.75,0.5003,710.1773,LUBRICATION_DEGRADATION,0.0,0.0,0.0,0.84,LOW_RUL,PHYSICAL_FAULT,
2026-01-01 00:03:55+00:00,ENG-DATASET-003,MSN-LUBRICATION_DEGRADATION-003,52.62,0.5016,694.622,LUBRICATION_DEGRADATION,0.0,0.0,0.0,0.839,LOW_RUL,PHYSICAL_FAULT,
2026-01-01 00:03:56+00:00,ENG-DATASET-003,MSN-LUBRICATION_DEGRADATION-003,52.48,0.5028,679.1687,LUBRICATION_DEGRADATION,0.0,0.0,0.0,0.837,LOW_RUL,PHYSICAL_FAULT,
2026-01-01 00:03:57+00:00,ENG-DATASET-003,MSN-LUBRICATION_DEGRADATION-003,52.35,0.5039,663.8434,LUBRICATION_DEGRADATION,0.0,0.0,0.0,0.836,LOW_RUL,PHYSICAL_FAULT,
2026-01-01 00:03:58+00:00,ENG-DATASET-003,MSN-LUBRICATION_DEGRADATION-003,52.23,0.5048,648.6152,LUBRICATION_DEGRADATION,0.0,0.0,0.0,0.835,LOW_RUL,PHYSICAL_FAULT,
2026-01-01 00:03:59+00:00,ENG-DATASET-003,MSN-LUBRICATION_DEGRADATION-003,52.13,0.5056,633.3959,LUBRICATION_DEGRADATION,0.0,0.0,0.0,0.835,LOW_RUL,PHYSICAL_FAULT,
2026-01-01 00:04:00+00:00,ENG-DATASET-003,MSN-LUBRICATION_DEGRADATION-003,51.9,0.5101,618.9869,LUBRICATION_DEGRADATION,0.0,0.0,0.0,0.83,LOW_RUL,PHYSICAL_FAULT,
2026-01-01 00:04:01+00:00,ENG-DATASET-003,MSN-LUBRICATION_DEGRADATION-003,51.38,0.5143,607.0466,LUBRICATION_DEGRADATION,0.0,0.0,0.0,0.825,LOW_RUL,PHYSICAL_FAULT,
2026-01-01 00:04:02+00:00,ENG-DATASET-003,MSN-LUBRICATION_DEGRADATION-003,50.89,0.5183,597.468,LUBRICATION_DEGRADATION,0.0,0.0,0.0,0.82,LOW_RUL,PHYSICAL_FAULT,
2026-01-01 00:04:03+00:00,ENG-DATASET-003,MSN-LUBRICATION_DEGRADATION-003,50.41,0.5222,590.1499,LUBRICATION_DEGRADATION,0.0,0.0,0.0,0.816,LOW_RUL,PHYSICAL_FAULT,
2026-01-01 00:04:04+00:00,ENG-DATASET-003,MSN-LUBRICATION_DEGRADATION-003,50.09,0.5221,584.1693,LUBRICATION_DEGRADATION,0.0,0.0,0.0,0.816,LOW_RUL,PHYSICAL_FAULT,
2026-01-01 00:04:05+00:00,ENG-DATASET-003,MSN-LUBRICATION_DEGRADATION-003,50.09,0.5219,577.6315,LUBRICATION_DEGRADATION,0.0,0.0,0.0,0.816,LOW_RUL,PHYSICAL_FAULT,
2026-01-01 00:04:06+00:00,ENG-DATASET-003,MSN-LUBRICATION_DEGRADATION-003,50.1,0.5219,570.4134,LUBRICATION_DEGRADATION,0.0,0.0,0.0,0.816,LOW_RUL,PHYSICAL_FAULT,
2026-01-01 00:04:07+00:00,ENG-DATASET-003,MSN-LUBRICATION_DEGRADATION-003,50.11,0.5219,562.6323,LUBRICATION_DEGRADATION,0.0,0.0,0.0,0.816,LOW_RUL,PHYSICAL_FAULT,
2026-01-01 00:04:08+00:00,ENG-DATASET-003,MSN-LUBRICATION_DEGRADATION-003,50.11,0.5219,554.405,LUBRICATION_DEGRADATION,0.0,0.0,0.0,0.816,LOW_RUL,PHYSICAL_FAULT,
2026-01-01 00:04:09+00:00,ENG-DATASET-003,MSN-LUBRICATION_DEGRADATION-003,49.99,0.5257,546.3738,LUBRICATION_DEGRADATION,0.0,0.0,0.0,0.813,LOW_RUL,PHYSICAL_FAULT,
2026-01-01 00:04:10+00:00,ENG-DATASET-003,MSN-LUBRICATION_DEGRADATION-003,49.7,0.5255,539.2038,LUBRICATION_DEGRADATION,0.0,0.0,0.0,0.813,LOW_RUL,PHYSICAL_FAULT,
2026-01-01 00:04:11+00:00,ENG-DATASET-003,MSN-LUBRICATION_DEGRADATION-003,49.73,0.525,530.5614,LUBRICATION_DEGRADATION,0.0,0.0,0.0,0.813,LOW_RUL,PHYSICAL_FAULT,
2026-01-01 00:04:12+00:00,ENG-DATASET-003,MSN-LUBRICATION_DEGRADATION-003,49.77,0.5244,520.4196,LUBRICATION_DEGRADATION,0.0,0.0,0.0,0.813,LOW_RUL,PHYSICAL_FAULT,
2026-01-01 00:04:13+00:00,ENG-DATASET-003,MSN-LUBRICATION_DEGRADATION-003,49.84,0.5237,508.7573,LUBRICATION_DEGRADATION,0.0,0.0,0.0,0.813,LOW_RUL,PHYSICAL_FAULT,
2026-01-01 00:04:14+00:00,ENG-DATASET-003,MSN-LUBRICATION_DEGRADATION-003,49.91,0.523,495.5577,LUBRICATION_DEGRADATION,0.0,0.0,0.0,0.814,LOW_RUL,PHYSICAL_FAULT,
2026-01-01 00:04:15+00:00,ENG-DATASET-003,MSN-LUBRICATION_DEGRADATION-003,49.97,0.5224,481.4707,LUBRICATION_DEGRADATION,0.0,0.0,0.0,0.814,LOW_RUL,PHYSICAL_FAULT,
2026-01-01 00:04:16+00:00,ENG-DATASET-003,MSN-LUBRICATION_DEGRADATION-003,50.03,0.5218,467.5919,LUBRICATION_DEGRADATION,0.0,0.0,0.0,0.814,LOW_RUL,PHYSICAL_FAULT,
2026-01-01 00:04:17+00:00,ENG-DATASET-003,MSN-LUBRICATION_DEGRADATION-003,50.08,0.5215,453.645,LUBRICATION_DEGRADATION,0.0,0.0,0.0,0.814,LOW_RUL,PHYSICAL_FAULT,
2026-01-01 00:04:18+00:00,ENG-DATASET-003,MSN-LUBRICATION_DEGRADATION-003,50.12,0.5213,441.7787,LUBRICATION_DEGRADATION,0.0,0.0,0.0,0.815,LOW_RUL,PHYSICAL_FAULT,
2026-01-01 00:04:19+00:00,ENG-DATASET-003,MSN-LUBRICATION_DEGRADATION-003,50.14,0.5212,432.3121,LUBRICATION_DEGRADATION,0.0,0.0,0.0,0.815,LOW_RUL,PHYSICAL_FAULT,
2026-01-01 00:04:20+00:00,ENG-DATASET-003,MSN-LUBRICATION_DEGRADATION-003,50.15,0.5211,425.1981,LUBRICATION_DEGRADATION,0.0,0.0,0.0,0.815,LOW_RUL,PHYSICAL_FAULT,
2026-01-01 00:04:21+00:00,ENG-DATASET-003,MSN-LUBRICATION_DEGRADATION-003,50.16,0.5211,420.0157,LUBRICATION_DEGRADATION,0.0,0.0,0.0,0.815,LOW_RUL,PHYSICAL_FAULT,
2026-01-01 00:04:22+00:00,ENG-DATASET-003,MSN-LUBRICATION_DEGRADATION-003,50.16,0.521,416.0796,LUBRICATION_DEGRADATION,0.0,0.0,0.0,0.815,LOW_RUL,PHYSICAL_FAULT,
2026-01-01 00:04:23+00:00,ENG-DATASET-003,MSN-LUBRICATION_DEGRADATION-003,50.18,0.5208,411.3993,LUBRICATION_DEGRADATION,0.0,0.0,0.0,0.816,LOW_RUL,PHYSICAL_FAULT,
2026-01-01 00:04:24+00:00,ENG-DATASET-003,MSN-LUBRICATION_DEGRADATION-003,50.21,0.5205,405.8747,LUBRICATION_DEGRADATION,0.0,0.0,0.0,0.816,LOW_RUL,PHYSICAL_FAULT,
2026-01-01 00:04:25+00:00,ENG-DATASET-003,MSN-LUBRICATION_DEGRADATION-003,50.24,0.5201,399.587,LUBRICATION_DEGRADATION,0.0,0.0,0.0,0.816,LOW_RUL,PHYSICAL_FAULT,
2026-01-01 00:04:26+00:00,ENG-DATASET-003,MSN-LUBRICATION_DEGRADATION-003,50.28,0.5197,392.438,LUBRICATION_DEGRADATION,0.0,0.0,0.0,0.816,LOW_RUL,PHYSICAL_FAULT,
2026-01-01 00:04:27+00:00,ENG-DATASET-003,MSN-LUBRICATION_DEGRADATION-003,50.31,0.5193,384.5698,LUBRICATION_DEGRADATION,0.0,0.0,0.0,0.816,LOW_RUL,PHYSICAL_FAULT,
2026-01-01 00:04:28+00:00,ENG-DATASET-003,MSN-LUBRICATION_DEGRADATION-003,50.35,0.519,376.0064,LUBRICATION_DEGRADATION,0.0,0.0,0.0,0.816,LOW_RUL,PHYSICAL_FAULT,
2026-01-01 00:04:29+00:00,ENG-DATASET-003,MSN-LUBRICATION_DEGRADATION-003,50.37,0.519,366.8919,LUBRICATION_DEGRADATION,0.0,0.0,0.0,0.816,LOW_RUL,PHYSICAL_FAULT,
2026-01-01 00:04:30+00:00,ENG-DATASET-003,MSN-LUBRICATION_DEGRADATION-003,50.37,0.5191,357.4273,LUBRICATION_DEGRADATION,0.0,0.0,0.0,0.816,LOW_RUL,PHYSICAL_FAULT,
2026-01-01 00:04:31+00:00,ENG-DATASET-003,MSN-LUBRICATION_DEGRADATION-003,50.35,0.5193,347.6896,LUBRICATION_DEGRADATION,0.0,0.0,0.0,0.816,LOW_RUL,PHYSICAL_FAULT,
2026-01-01 00:04:32+00:00,ENG-DATASET-003,MSN-LUBRICATION_DEGRADATION-003,50.32,0.5197,337.7518,LUBRICATION_DEGRADATION,0.0,0.0,0.0,0.816,LOW_RUL,PHYSICAL_FAULT,
2026-01-01 00:04:33+00:00,ENG-DATASET-003,MSN-LUBRICATION_DEGRADATION-003,50.29,0.5202,327.626,LUBRICATION_DEGRADATION,0.0,0.0,0.0,0.816,LOW_RUL,PHYSICAL_FAULT,
2026-01-01 00:04:34+00:00,ENG-DATASET-003,MSN-LUBRICATION_DEGRADATION-003,50.25,0.5206,317.3221,LUBRICATION_DEGRADATION,0.0,0.0,0.0,0.816,LOW_RUL,PHYSICAL_FAULT,
2026-01-01 00:04:35+00:00,ENG-DATASET-003,MSN-LUBRICATION_DEGRADATION-003,50.21,0.5209,306.7872,LUBRICATION_DEGRADATION,0.0,0.0,0.0,0.816,LOW_RUL,PHYSICAL_FAULT,
2026-01-01 00:04:36+00:00,ENG-DATASET-003,MSN-LUBRICATION_DEGRADATION-003,50.18,0.5212,295.9682,LUBRICATION_DEGRADATION,0.0,0.0,0.0,0.815,LOW_RUL,PHYSICAL_FAULT,
2026-01-01 00:04:37+00:00,ENG-DATASET-003,MSN-LUBRICATION_DEGRADATION-003,50.16,0.5213,284.8141,LUBRICATION_DEGRADATION,0.0,0.0,0.0,0.815,LOW_RUL,PHYSICAL_FAULT,
2026-01-01 00:04:38+00:00,ENG-DATASET-003,MSN-LUBRICATION_DEGRADATION-003,50.15,0.5213,273.2759,LUBRICATION_DEGRADATION,0.0,0.0,0.0,0.815,LOW_RUL,PHYSICAL_FAULT,
2026-01-01 00:04:39+00:00,ENG-DATASET-003,MSN-LUBRICATION_DEGRADATION-003,50.09,0.523,261.7217,LUBRICATION_DEGRADATION,0.0,0.0,0.0,0.814,LOW_RUL,PHYSICAL_FAULT,
2026-01-01 00:04:40+00:00,ENG-DATASET-003,MSN-LUBRICATION_DEGRADATION-003,49.92,0.5248,250.8657,LUBRICATION_DEGRADATION,0.0,0.0,0.0,0.813,LOW_RUL,PHYSICAL_FAULT,
2026-01-01 00:04:41+00:00,ENG-DATASET-003,MSN-LUBRICATION_DEGRADATION-003,49.71,0.5269,241.05,LUBRICATION_DEGRADATION,0.0,0.0,0.0,0.812,LOW_RUL,PHYSICAL_FAULT,
2026-01-01 00:04:42+00:00,ENG-DATASET-003,MSN-LUBRICATION_DEGRADATION-003,49.48,0.5293,232.3725,LUBRICATION_DEGRADATION,0.0,0.0,0.0,0.81,LOW_RUL,PHYSICAL_FAULT,
2026-01-01 00:04:43+00:00,ENG-DATASET-003,MSN-LUBRICATION_DEGRADATION-003,49.23,0.532,224.9885,LUBRICATION_DEGRADATION,0.0,0.0,0.0,0.809,LOW_RUL,PHYSICAL_FAULT,
2026-01-01 00:04:44+00:00,ENG-DATASET-003,MSN-LUBRICATION_DEGRADATION-003,49.01,0.5333,218.6337,LUBRICATION_DEGRADATION,0.0,0.0,0.0,0.809,LOW_RUL,PHYSICAL_FAULT,
2026-01-01 00:04:45+00:00,ENG-DATASET-003,MSN-LUBRICATION_DEGRADATION-003,48.89,0.5346,212.7571,LUBRICATION_DEGRADATION,0.0,0.0,0.0,0.808,LOW_RUL,PHYSICAL_FAULT,
2026-01-01 00:04:46+00:00,ENG-DATASET-003,MSN-LUBRICATION_DEGRADATION-003,48.77,0.5358,207.2976,LUBRICATION_DEGRADATION,0.0,0.0,0.0,0.808,LOW_RUL,PHYSICAL_FAULT,
2026-01-01 00:04:47+00:00,ENG-DATASET-003,MSN-LUBRICATION_DEGRADATION-003,48.66,0.5368,202.1331,LUBRICATION_DEGRADATION,0.0,0.0,0.0,0.808,LOW_RUL,PHYSICAL_FAULT,
2026-01-01 00:04:48+00:00,ENG-DATASET-003,MSN-LUBRICATION_DEGRADATION-003,48.71,0.5337,196.2565,LUBRICATION_DEGRADATION,0.0,0.0,0.0,0.811,LOW_RUL,PHYSICAL_FAULT,
2026-01-01 00:04:49+00:00,ENG-DATASET-003,MSN-LUBRICATION_DEGRADATION-003,48.96,0.5341,188.5764,LUBRICATION_DEGRADATION,0.0,0.0,0.0,0.811,LOW_RUL,PHYSICAL_FAULT,
2026-01-01 00:04:50+00:00,ENG-DATASET-003,MSN-LUBRICATION_DEGRADATION-003,48.92,0.5343,180.8132,LUBRICATION_DEGRADATION,0.0,0.0,0.0,0.811,LOW_RUL,PHYSICAL_FAULT,
2026-01-01 00:04:51+00:00,ENG-DATASET-003,MSN-LUBRICATION_DEGRADATION-003,48.9,0.5343,172.92,LUBRICATION_DEGRADATION,0.0,0.0,0.0,0.81,LOW_RUL,PHYSICAL_FAULT,
2026-01-01 00:04:52+00:00,ENG-DATASET-003,MSN-LUBRICATION_DEGRADATION-003,48.9,0.5341,164.8558,LUBRICATION_DEGRADATION,0.0,0.0,0.0,0.81,LOW_RUL,PHYSICAL_FAULT,
2026-01-01 00:04:53+00:00,ENG-DATASET-003,MSN-LUBRICATION_DEGRADATION-003,48.78,0.538,157.4117,LUBRICATION_DEGRADATION,0.0,0.0,0.0,0.807,LOW_RUL,PHYSICAL_FAULT,
2026-01-01 00:04:54+00:00,ENG-DATASET-003,MSN-LUBRICATION_DEGRADATION-003,48.48,0.538,151.7111,LUBRICATION_DEGRADATION,0.0,0.0,0.0,0.807,LOW_RUL,PHYSICAL_FAULT,
2026-01-01 00:04:55+00:00,ENG-DATASET-003,MSN-LUBRICATION_DEGRADATION-003,48.47,0.5382,146.0086,LUBRICATION_DEGRADATION,0.0,0.0,0.0,0.807,LOW_RUL,PHYSICAL_FAULT,
2026-01-01 00:04:56+00:00,ENG-DATASET-003,MSN-LUBRICATION_DEGRADATION-003,48.46,0.5384,140.389,LUBRICATION_DEGRADATION,0.0,0.0,0.0,0.807,LOW_RUL,PHYSICAL_FAULT,
2026-01-01 00:04:57+00:00,ENG-DATASET-003,MSN-LUBRICATION_DEGRADATION-003,48.43,0.5388,134.9355,LUBRICATION_DEGRADATION,0.0,0.0,0.0,0.807,LOW_RUL,PHYSICAL_FAULT,
2026-01-01 00:04:58+00:00,ENG-DATASET-003,MSN-LUBRICATION_DEGRADATION-003,48.41,0.5391,129.548,LUBRICATION_DEGRADATION,0.0,0.0,0.0,0.807,LOW_RUL,PHYSICAL_FAULT,
2026-01-01 00:04:59+00:00,ENG-DATASET-003,MSN-LUBRICATION_DEGRADATION-003,48.39,0.5392,124.1245,LUBRICATION_DEGRADATION,0.0,0.0,0.0,0.807,LOW_RUL,PHYSICAL_FAULT,
2026-01-01 00:05:00+00:00,ENG-DATASET-003,MSN-LUBRICATION_DEGRADATION-003,48.59,0.533,118.1758,LUBRICATION_DEGRADATION,0.0,0.0,0.0,0.812,LOW_RUL,PHYSICAL_FAULT,
2026-01-01 00:00:01+00:00,ENG-DATASET-004,MSN-LUBRICATION_DEGRADATION-004,100.0,0.0,0.0,HEALTHY,,,,0.05,INSUFFICIENT_HISTORY,NORMAL,
2026-01-01 00:00:02+00:00,ENG-DATASET-004,MSN-LUBRICATION_DEGRADATION-004,100.0,0.0,0.0,HEALTHY,,,,0.1,INSUFFICIENT_HISTORY,NORMAL,
2026-01-01 00:00:03+00:00,ENG-DATASET-004,MSN-LUBRICATION_DEGRADATION-004,100.0,0.0,0.0,HEALTHY,,,,0.15,INSUFFICIENT_HISTORY,NORMAL,
2026-01-01 00:00:04+00:00,ENG-DATASET-004,MSN-LUBRICATION_DEGRADATION-004,100.0,0.0,0.0,HEALTHY,,,,0.2,INSUFFICIENT_HISTORY,NORMAL,
2026-01-01 00:00:05+00:00,ENG-DATASET-004,MSN-LUBRICATION_DEGRADATION-004,100.0,0.0,0.0,HEALTHY,,,,0.25,STABLE,NORMAL,
2026-01-01 00:00:06+00:00,ENG-DATASET-004,MSN-LUBRICATION_DEGRADATION-004,100.0,0.0,0.0,HEALTHY,,,,0.3,STABLE,NORMAL,
2026-01-01 00:00:07+00:00,ENG-DATASET-004,MSN-LUBRICATION_DEGRADATION-004,100.0,0.0,0.0,HEALTHY,,,,0.35,STABLE,NORMAL,
2026-01-01 00:00:08+00:00,ENG-DATASET-004,MSN-LUBRICATION_DEGRADATION-004,100.0,0.0,0.0,HEALTHY,,,,0.4,STABLE,NORMAL,
2026-01-01 00:00:09+00:00,ENG-DATASET-004,MSN-LUBRICATION_DEGRADATION-004,100.0,0.0,0.0,HEALTHY,,,,0.45,STABLE,NORMAL,
2026-01-01 00:00:10+00:00,ENG-DATASET-004,MSN-LUBRICATION_DEGRADATION-004,100.0,0.0,0.0,HEALTHY,,,,0.5,STABLE,NORMAL,
2026-01-01 00:00:11+00:00,ENG-DATASET-004,MSN-LUBRICATION_DEGRADATION-004,100.0,0.0,0.0,HEALTHY,,,,0.55,STABLE,NORMAL,
2026-01-01 00:00:12+00:00,ENG-DATASET-004,MSN-LUBRICATION_DEGRADATION-004,100.0,0.0,0.0,HEALTHY,,,,0.6,STABLE,NORMAL,
2026-01-01 00:00:13+00:00,ENG-DATASET-004,MSN-LUBRICATION_DEGRADATION-004,100.0,0.0,0.0,HEALTHY,,,,0.65,STABLE,NORMAL,
2026-01-01 00:00:14+00:00,ENG-DATASET-004,MSN-LUBRICATION_DEGRADATION-004,100.0,0.0,0.0,HEALTHY,,,,0.7,STABLE,NORMAL,
2026-01-01 00:00:15+00:00,ENG-DATASET-004,MSN-LUBRICATION_DEGRADATION-004,100.0,0.0,0.0,HEALTHY,,,,0.75,STABLE,NORMAL,
2026-01-01 00:00:16+00:00,ENG-DATASET-004,MSN-LUBRICATION_DEGRADATION-004,100.0,0.0,0.0,HEALTHY,,,,0.8,STABLE,NORMAL,
2026-01-01 00:00:17+00:00,ENG-DATASET-004,MSN-LUBRICATION_DEGRADATION-004,100.0,0.0,0.0,HEALTHY,,,,0.85,STABLE,NORMAL,
2026-01-01 00:00:18+00:00,ENG-DATASET-004,MSN-LUBRICATION_DEGRADATION-004,100.0,0.0,0.0,HEALTHY,,,,0.9,STABLE,NORMAL,
2026-01-01 00:00:19+00:00,ENG-DATASET-004,MSN-LUBRICATION_DEGRADATION-004,100.0,0.0,0.0,HEALTHY,,,,0.95,STABLE,NORMAL,
2026-01-01 00:00:20+00:00,ENG-DATASET-004,MSN-LUBRICATION_DEGRADATION-004,100.0,0.0,0.0,HEALTHY,,,,1.0,STABLE,NORMAL,
2026-01-01 00:00:21+00:00,ENG-DATASET-004,MSN-LUBRICATION_DEGRADATION-004,100.0,0.0,0.0,HEALTHY,,,,1.0,STABLE,NORMAL,
2026-01-01 00:00:22+00:00,ENG-DATASET-004,MSN-LUBRICATION_DEGRADATION-004,100.0,0.0,0.0,HEALTHY,,,,1.0,STABLE,NORMAL,
2026-01-01 00:00:23+00:00,ENG-DATASET-004,MSN-LUBRICATION_DEGRADATION-004,100.0,0.0,0.0,HEALTHY,,,,1.0,STABLE,NORMAL,
2026-01-01 00:00:24+00:00,ENG-DATASET-004,MSN-LUBRICATION_DEGRADATION-004,100.0,0.0,0.0,HEALTHY,,,,1.0,STABLE,NORMAL,
2026-01-01 00:00:25+00:00,ENG-DATASET-004,MSN-LUBRICATION_DEGRADATION-004,100.0,0.0,0.0,HEALTHY,,,,1.0,STABLE,NORMAL,
2026-01-01 00:00:26+00:00,ENG-DATASET-004,MSN-LUBRICATION_DEGRADATION-004,100.0,0.0,0.0,HEALTHY,,,,1.0,STABLE,NORMAL,
2026-01-01 00:00:27+00:00,ENG-DATASET-004,MSN-LUBRICATION_DEGRADATION-004,100.0,0.0,0.0,HEALTHY,,,,1.0,STABLE,NORMAL,
2026-01-01 00:00:28+00:00,ENG-DATASET-004,MSN-LUBRICATION_DEGRADATION-004,100.0,0.0,0.0,HEALTHY,,,,1.0,STABLE,NORMAL,
2026-01-01 00:00:29+00:00,ENG-DATASET-004,MSN-LUBRICATION_DEGRADATION-004,100.0,0.0,0.0,HEALTHY,,,,1.0,STABLE,NORMAL,
2026-01-01 00:00:30+00:00,ENG-DATASET-004,MSN-LUBRICATION_DEGRADATION-004,100.0,0.0,0.0,HEALTHY,,,,1.0,STABLE,NORMAL,
2026-01-01 00:00:31+00:00,ENG-DATASET-004,MSN-LUBRICATION_DEGRADATION-004,100.0,0.0,0.0,HEALTHY,,,,1.0,STABLE,NORMAL,
2026-01-01 00:00:32+00:00,ENG-DATASET-004,MSN-LUBRICATION_DEGRADATION-004,100.0,0.0,0.0,HEALTHY,,,,1.0,STABLE,NORMAL,
2026-01-01 00:00:33+00:00,ENG-DATASET-004,MSN-LUBRICATION_DEGRADATION-004,100.0,0.0,0.0,HEALTHY,,,,1.0,STABLE,NORMAL,
2026-01-01 00:00:34+00:00,ENG-DATASET-004,MSN-LUBRICATION_DEGRADATION-004,100.0,0.0,0.0,HEALTHY,,,,1.0,STABLE,NORMAL,
2026-01-01 00:00:35+00:00,ENG-DATASET-004,MSN-LUBRICATION_DEGRADATION-004,100.0,0.0,0.0,HEALTHY,,,,1.0,STABLE,NORMAL,
2026-01-01 00:00:36+00:00,ENG-DATASET-004,MSN-LUBRICATION_DEGRADATION-004,100.0,0.0,0.0,HEALTHY,,,,1.0,STABLE,NORMAL,
2026-01-01 00:00:37+00:00,ENG-DATASET-004,MSN-LUBRICATION_DEGRADATION-004,100.0,0.0,0.0,HEALTHY,,,,1.0,STABLE,NORMAL,
2026-01-01 00:00:38+00:00,ENG-DATASET-004,MSN-LUBRICATION_DEGRADATION-004,100.0,0.0,0.0,HEALTHY,,,,1.0,STABLE,NORMAL,
2026-01-01 00:00:39+00:00,ENG-DATASET-004,MSN-LUBRICATION_DEGRADATION-004,100.0,0.0,0.0,HEALTHY,,,,1.0,STABLE,NORMAL,
2026-01-01 00:00:40+00:00,ENG-DATASET-004,MSN-LUBRICATION_DEGRADATION-004,100.0,0.0,0.0,HEALTHY,,,,1.0,STABLE,NORMAL,
2026-01-01 00:00:41+00:00,ENG-DATASET-004,MSN-LUBRICATION_DEGRADATION-004,100.0,0.0,0.0,HEALTHY,,,,1.0,STABLE,NORMAL,
2026-01-01 00:00:42+00:00,ENG-DATASET-004,MSN-LUBRICATION_DEGRADATION-004,100.0,0.0,0.0,HEALTHY,,,,1.0,STABLE,NORMAL,
2026-01-01 00:00:43+00:00,ENG-DATASET-004,MSN-LUBRICATION_DEGRADATION-004,100.0,0.0,0.0,HEALTHY,,,,1.0,STABLE,NORMAL,
2026-01-01 00:00:44+00:00,ENG-DATASET-004,MSN-LUBRICATION_DEGRADATION-004,100.0,0.0,0.0,HEALTHY,,,,1.0,STABLE,NORMAL,
2026-01-01 00:00:45+00:00,ENG-DATASET-004,MSN-LUBRICATION_DEGRADATION-004,100.0,0.0,0.0,HEALTHY,,,,1.0,STABLE,NORMAL,
2026-01-01 00:00:46+00:00,ENG-DATASET-004,MSN-LUBRICATION_DEGRADATION-004,100.0,0.0,0.0,HEALTHY,,,,1.0,STABLE,NORMAL,
2026-01-01 00:00:47+00:00,ENG-DATASET-004,MSN-LUBRICATION_DEGRADATION-004,100.0,0.0,0.0,HEALTHY,,,,1.0,STABLE,NORMAL,
2026-01-01 00:00:48+00:00,ENG-DATASET-004,MSN-LUBRICATION_DEGRADATION-004,100.0,0.0,0.0,HEALTHY,,,,1.0,STABLE,NORMAL,
2026-01-01 00:00:49+00:00,ENG-DATASET-004,MSN-LUBRICATION_DEGRADATION-004,100.0,0.0,0.0,HEALTHY,,,,1.0,STABLE,NORMAL,
2026-01-01 00:00:50+00:00,ENG-DATASET-004,MSN-LUBRICATION_DEGRADATION-004,100.0,0.0,0.0,HEALTHY,,,,1.0,STABLE,NORMAL,
2026-01-01 00:00:51+00:00,ENG-DATASET-004,MSN-LUBRICATION_DEGRADATION-004,100.0,0.0,0.0,HEALTHY,,,,1.0,STABLE,NORMAL,
2026-01-01 00:00:52+00:00,ENG-DATASET-004,MSN-LUBRICATION_DEGRADATION-004,100.0,0.0,0.0,HEALTHY,,,,1.0,STABLE,NORMAL,
2026-01-01 00:00:53+00:00,ENG-DATASET-004,MSN-LUBRICATION_DEGRADATION-004,100.0,0.0,0.0,HEALTHY,,,,1.0,STABLE,NORMAL,
2026-01-01 00:00:54+00:00,ENG-DATASET-004,MSN-LUBRICATION_DEGRADATION-004,100.0,0.0,0.0,HEALTHY,,,,1.0,STABLE,NORMAL,
2026-01-01 00:00:55+00:00,ENG-DATASET-004,MSN-LUBRICATION_DEGRADATION-004,100.0,0.0,0.0,HEALTHY,,,,1.0,STABLE,NORMAL,
2026-01-01 00:00:56+00:00,ENG-DATASET-004,MSN-LUBRICATION_DEGRADATION-004,100.0,0.0,0.0,HEALTHY,,,,1.0,STABLE,NORMAL,
2026-01-01 00:00:57+00:00,ENG-DATASET-004,MSN-LUBRICATION_DEGRADATION-004,100.0,0.0,0.0,HEALTHY,,,,1.0,STABLE,NORMAL,
2026-01-01 00:00:58+00:00,ENG-DATASET-004,MSN-LUBRICATION_DEGRADATION-004,100.0,0.0,0.0,HEALTHY,,,,1.0,STABLE,NORMAL,
2026-01-01 00:00:59+00:00,ENG-DATASET-004,MSN-LUBRICATION_DEGRADATION-004,100.0,0.0,0.0,HEALTHY,,,,1.0,STABLE,NORMAL,
2026-01-01 00:01:00+00:00,ENG-DATASET-004,MSN-LUBRICATION_DEGRADATION-004,100.0,0.0,0.0,HEALTHY,,,,1.0,STABLE,NORMAL,
2026-01-01 00:01:01+00:00,ENG-DATASET-004,MSN-LUBRICATION_DEGRADATION-004,100.0,0.0,0.0,HEALTHY,,,,1.0,STABLE,NORMAL,
2026-01-01 00:01:02+00:00,ENG-DATASET-004,MSN-LUBRICATION_DEGRADATION-004,100.0,0.0,0.0,HEALTHY,,,,1.0,STABLE,NORMAL,
2026-01-01 00:01:03+00:00,ENG-DATASET-004,MSN-LUBRICATION_DEGRADATION-004,100.0,0.0,0.0,HEALTHY,,,,1.0,STABLE,NORMAL,
2026-01-01 00:01:04+00:00,ENG-DATASET-004,MSN-LUBRICATION_DEGRADATION-004,100.0,0.0,0.0,HEALTHY,,,,1.0,STABLE,NORMAL,
2026-01-01 00:01:05+00:00,ENG-DATASET-004,MSN-LUBRICATION_DEGRADATION-004,100.0,0.0,0.0,HEALTHY,,,,1.0,STABLE,NORMAL,
2026-01-01 00:01:06+00:00,ENG-DATASET-004,MSN-LUBRICATION_DEGRADATION-004,100.0,0.0,0.0,HEALTHY,,,,1.0,STABLE,NORMAL,
2026-01-01 00:01:07+00:00,ENG-DATASET-004,MSN-LUBRICATION_DEGRADATION-004,100.0,0.0,0.0,HEALTHY,,,,1.0,STABLE,NORMAL,
2026-01-01 00:01:08+00:00,ENG-DATASET-004,MSN-LUBRICATION_DEGRADATION-004,100.0,0.0,0.0,HEALTHY,,,,1.0,STABLE,NORMAL,
2026-01-01 00:01:09+00:00,ENG-DATASET-004,MSN-LUBRICATION_DEGRADATION-004,100.0,0.0,0.0,HEALTHY,,,,1.0,STABLE,NORMAL,
2026-01-01 00:01:10+00:00,ENG-DATASET-004,MSN-LUBRICATION_DEGRADATION-004,100.0,0.0,0.0,HEALTHY,,,,1.0,STABLE,NORMAL,
2026-01-01 00:01:11+00:00,ENG-DATASET-004,MSN-LUBRICATION_DEGRADATION-004,100.0,0.0,0.0,HEALTHY,,,,1.0,STABLE,NORMAL,
2026-01-01 00:01:12+00:00,ENG-DATASET-004,MSN-LUBRICATION_DEGRADATION-004,100.0,0.0,0.0,HEALTHY,,,,1.0,STABLE,NORMAL,
2026-01-01 00:01:13+00:00,ENG-DATASET-004,MSN-LUBRICATION_DEGRADATION-004,100.0,0.0,0.0,HEALTHY,,,,1.0,STABLE,NORMAL,
2026-01-01 00:01:14+00:00,ENG-DATASET-004,MSN-LUBRICATION_DEGRADATION-004,100.0,0.0,0.0,HEALTHY,,,,1.0,STABLE,NORMAL,
2026-01-01 00:01:15+00:00,ENG-DATASET-004,MSN-LUBRICATION_DEGRADATION-004,100.0,0.0,0.0,HEALTHY,,,,1.0,STABLE,NORMAL,
2026-01-01 00:01:16+00:00,ENG-DATASET-004,MSN-LUBRICATION_DEGRADATION-004,100.0,0.0,0.0,HEALTHY,,,,1.0,STABLE,NORMAL,
2026-01-01 00:01:17+00:00,ENG-DATASET-004,MSN-LUBRICATION_DEGRADATION-004,100.0,0.0,0.0,HEALTHY,,,,1.0,STABLE,NORMAL,
2026-01-01 00:01:18+00:00,ENG-DATASET-004,MSN-LUBRICATION_DEGRADATION-004,100.0,0.0,0.0,HEALTHY,,,,1.0,STABLE,NORMAL,
2026-01-01 00:01:19+00:00,ENG-DATASET-004,MSN-LUBRICATION_DEGRADATION-004,100.0,0.0,0.0,HEALTHY,,,,1.0,STABLE,NORMAL,
2026-01-01 00:01:20+00:00,ENG-DATASET-004,MSN-LUBRICATION_DEGRADATION-004,100.0,0.0,0.0,HEALTHY,,,,1.0,STABLE,NORMAL,
2026-01-01 00:01:21+00:00,ENG-DATASET-004,MSN-LUBRICATION_DEGRADATION-004,100.0,0.0,0.0,HEALTHY,,,,1.0,STABLE,NORMAL,
2026-01-01 00:01:22+00:00,ENG-DATASET-004,MSN-LUBRICATION_DEGRADATION-004,100.0,0.0,0.0,HEALTHY,,,,1.0,STABLE,NORMAL,
2026-01-01 00:01:23+00:00,ENG-DATASET-004,MSN-LUBRICATION_DEGRADATION-004,100.0,0.0,0.0,HEALTHY,,,,1.0,STABLE,NORMAL,
2026-01-01 00:01:24+00:00,ENG-DATASET-004,MSN-LUBRICATION_DEGRADATION-004,100.0,0.0,0.0,HEALTHY,,,,1.0,STABLE,NORMAL,
2026-01-01 00:01:25+00:00,ENG-DATASET-004,MSN-LUBRICATION_DEGRADATION-004,100.0,0.0,0.0,HEALTHY,,,,1.0,STABLE,NORMAL,
2026-01-01 00:01:26+00:00,ENG-DATASET-004,MSN-LUBRICATION_DEGRADATION-004,100.0,0.0,0.0,HEALTHY,,,,1.0,STABLE,NORMAL,
2026-01-01 00:01:27+00:00,ENG-DATASET-004,MSN-LUBRICATION_DEGRADATION-004,100.0,0.0,0.0,HEALTHY,,,,1.0,STABLE,NORMAL,
2026-01-01 00:01:28+00:00,ENG-DATASET-004,MSN-LUBRICATION_DEGRADATION-004,100.0,0.0,0.0,HEALTHY,,,,1.0,STABLE,NORMAL,
2026-01-01 00:01:29+00:00,ENG-DATASET-004,MSN-LUBRICATION_DEGRADATION-004,100.0,0.0,0.0,HEALTHY,,,,1.0,STABLE,NORMAL,
2026-01-01 00:01:30+00:00,ENG-DATASET-004,MSN-LUBRICATION_DEGRADATION-004,100.0,0.0,0.0,HEALTHY,,,,1.0,STABLE,NORMAL,
2026-01-01 00:01:31+00:00,ENG-DATASET-004,MSN-LUBRICATION_DEGRADATION-004,100.0,0.0,0.0,HEALTHY,,,,1.0,STABLE,NORMAL,
2026-01-01 00:01:32+00:00,ENG-DATASET-004,MSN-LUBRICATION_DEGRADATION-004,100.0,0.0,0.0,HEALTHY,,,,1.0,STABLE,NORMAL,
2026-01-01 00:01:33+00:00,ENG-DATASET-004,MSN-LUBRICATION_DEGRADATION-004,100.0,0.0,0.0,HEALTHY,,,,1.0,STABLE,NORMAL,
2026-01-01 00:01:34+00:00,ENG-DATASET-004,MSN-LUBRICATION_DEGRADATION-004,100.0,0.0,0.0,HEALTHY,,,,1.0,STABLE,NORMAL,
2026-01-01 00:01:35+00:00,ENG-DATASET-004,MSN-LUBRICATION_DEGRADATION-004,100.0,0.0,0.0,HEALTHY,,,,1.0,STABLE,NORMAL,
2026-01-01 00:01:36+00:00,ENG-DATASET-004,MSN-LUBRICATION_DEGRADATION-004,100.0,0.0,0.0,HEALTHY,,,,1.0,STABLE,NORMAL,
2026-01-01 00:01:37+00:00,ENG-DATASET-004,MSN-LUBRICATION_DEGRADATION-004,100.0,0.0,0.0,HEALTHY,,,,1.0,STABLE,NORMAL,
2026-01-01 00:01:38+00:00,ENG-DATASET-004,MSN-LUBRICATION_DEGRADATION-004,100.0,0.0,0.0,HEALTHY,,,,1.0,STABLE,NORMAL,
2026-01-01 00:01:39+00:00,ENG-DATASET-004,MSN-LUBRICATION_DEGRADATION-004,100.0,0.0,0.0,HEALTHY,,,,1.0,STABLE,NORMAL,
2026-01-01 00:01:40+00:00,ENG-DATASET-004,MSN-LUBRICATION_DEGRADATION-004,100.0,0.0,0.0,HEALTHY,,,,1.0,STABLE,NORMAL,
2026-01-01 00:01:41+00:00,ENG-DATASET-004,MSN-LUBRICATION_DEGRADATION-004,100.0,0.0,0.0,HEALTHY,,,,1.0,STABLE,NORMAL,
2026-01-01 00:01:42+00:00,ENG-DATASET-004,MSN-LUBRICATION_DEGRADATION-004,100.0,0.0,0.0,HEALTHY,,,,1.0,STABLE,NORMAL,
2026-01-01 00:01:43+00:00,ENG-DATASET-004,MSN-LUBRICATION_DEGRADATION-004,100.0,0.0,0.0,HEALTHY,,,,1.0,STABLE,NORMAL,
2026-01-01 00:01:44+00:00,ENG-DATASET-004,MSN-LUBRICATION_DEGRADATION-004,100.0,0.0,0.0,HEALTHY,,,,1.0,STABLE,NORMAL,
2026-01-01 00:01:45+00:00,ENG-DATASET-004,MSN-LUBRICATION_DEGRADATION-004,100.0,0.0,0.0,HEALTHY,,,,1.0,STABLE,NORMAL,
2026-01-01 00:01:46+00:00,ENG-DATASET-004,MSN-LUBRICATION_DEGRADATION-004,100.0,0.0,0.0,HEALTHY,,,,1.0,STABLE,NORMAL,
2026-01-01 00:01:47+00:00,ENG-DATASET-004,MSN-LUBRICATION_DEGRADATION-004,100.0,0.0,0.0,HEALTHY,,,,1.0,STABLE,NORMAL,
2026-01-01 00:01:48+00:00,ENG-DATASET-004,MSN-LUBRICATION_DEGRADATION-004,100.0,0.0,0.0,HEALTHY,,,,1.0,STABLE,NORMAL,
2026-01-01 00:01:49+00:00,ENG-DATASET-004,MSN-LUBRICATION_DEGRADATION-004,100.0,0.0,0.0,HEALTHY,,,,1.0,STABLE,NORMAL,
2026-01-01 00:01:50+00:00,ENG-DATASET-004,MSN-LUBRICATION_DEGRADATION-004,100.0,0.0,0.0,HEALTHY,,,,1.0,STABLE,NORMAL,
2026-01-01 00:01:51+00:00,ENG-DATASET-004,MSN-LUBRICATION_DEGRADATION-004,100.0,0.0,0.0,HEALTHY,,,,1.0,STABLE,NORMAL,
2026-01-01 00:01:52+00:00,ENG-DATASET-004,MSN-LUBRICATION_DEGRADATION-004,100.0,0.0,0.0,HEALTHY,,,,1.0,STABLE,NORMAL,
2026-01-01 00:01:53+00:00,ENG-DATASET-004,MSN-LUBRICATION_DEGRADATION-004,100.0,0.0,0.0,HEALTHY,,,,1.0,STABLE,NORMAL,
2026-01-01 00:01:54+00:00,ENG-DATASET-004,MSN-LUBRICATION_DEGRADATION-004,100.0,0.0,0.0,HEALTHY,,,,1.0,STABLE,NORMAL,
2026-01-01 00:01:55+00:00,ENG-DATASET-004,MSN-LUBRICATION_DEGRADATION-004,100.0,0.0,0.0,HEALTHY,,,,1.0,STABLE,NORMAL,
2026-01-01 00:01:56+00:00,ENG-DATASET-004,MSN-LUBRICATION_DEGRADATION-004,100.0,0.0,0.0,HEALTHY,,,,1.0,STABLE,NORMAL,
2026-01-01 00:01:57+00:00,ENG-DATASET-004,MSN-LUBRICATION_DEGRADATION-004,100.0,0.0,0.0,HEALTHY,,,,1.0,STABLE,NORMAL,
2026-01-01 00:01:58+00:00,ENG-DATASET-004,MSN-LUBRICATION_DEGRADATION-004,100.0,0.0,0.0,HEALTHY,,,,1.0,STABLE,NORMAL,
2026-01-01 00:01:59+00:00,ENG-DATASET-004,MSN-LUBRICATION_DEGRADATION-004,100.0,0.0,0.0,HEALTHY,,,,1.0,STABLE,NORMAL,
2026-01-01 00:02:00+00:00,ENG-DATASET-004,MSN-LUBRICATION_DEGRADATION-004,100.0,0.0,0.0,HEALTHY,,,,1.0,STABLE,NORMAL,
2026-01-01 00:02:01+00:00,ENG-DATASET-004,MSN-LUBRICATION_DEGRADATION-004,99.97,0.0011,0.177,LUBRICATION_DEGRADATION,281.86,1.81,1995.6,1.0,ESTIMATED,PHYSICAL_FAULT,
2026-01-01 00:02:02+00:00,ENG-DATASET-004,MSN-LUBRICATION_DEGRADATION-004,99.84,0.0034,1.1153,LUBRICATION_DEGRADATION,44.53,0.41,1986.4,1.0,ESTIMATED,PHYSICAL_FAULT,
2026-01-01 00:02:03+00:00,ENG-DATASET-004,MSN-LUBRICATION_DEGRADATION-004,99.61,0.0067,3.3789,LUBRICATION_DEGRADATION,14.6,0.2,1973.2,0.999,ESTIMATED,PHYSICAL_FAULT,
2026-01-01 00:02:04+00:00,ENG-DATASET-004,MSN-LUBRICATION_DEGRADATION-004,99.29,0.0113,7.4531,LUBRICATION_DEGRADATION,6.56,0.13,1954.8,0.999,LOW_RUL,PHYSICAL_FAULT,
2026-01-01 00:02:05+00:00,ENG-DATASET-004,MSN-LUBRICATION_DEGRADATION-004,98.85,0.017,13.9819,LUBRICATION_DEGRADATION,3.45,0.09,1932.0,0.998,LOW_RUL,PHYSICAL_FAULT,
2026-01-01 00:02:06+00:00,ENG-DATASET-004,MSN-LUBRICATION_DEGRADATION-004,98.35,0.0227,23.2315,LUBRICATION_DEGRADATION,2.05,0.07,1909.2,0.997,LOW_RUL,PHYSICAL_FAULT,
2026-01-01 00:02:07+00:00,ENG-DATASET-004,MSN-LUBRICATION_DEGRADATION-004,97.85,0.0283,35.1018,LUBRICATION_DEGRADATION,1.34,0.06,1886.8,0.997,LOW_RUL,PHYSICAL_FAULT,
2026-01-01 00:02:08+00:00,ENG-DATASET-004,MSN-LUBRICATION_DEGRADATION-004,97.35,0.034,49.4927,LUBRICATION_DEGRADATION,0.94,0.05,1864.0,0.996,LOW_RUL,PHYSICAL_FAULT,
2026-01-01 00:02:09+00:00,ENG-DATASET-004,MSN-LUBRICATION_DEGRADATION-004,96.84,0.0398,66.3634,LUBRICATION_DEGRADATION,0.69,0.04,1840.8,0.995,LOW_RUL,PHYSICAL_FAULT,
2026-01-01 00:02:10+00:00,ENG-DATASET-004,MSN-LUBRICATION_DEGRADATION-004,96.33,0.0456,85.6118,LUBRICATION_DEGRADATION,0.53,0.04,1817.6,0.995,LOW_RUL,PHYSICAL_FAULT,
2026-01-01 00:02:11+00:00,ENG-DATASET-004,MSN-LUBRICATION_DEGRADATION-004,95.81,0.0514,107.1948,LUBRICATION_DEGRADATION,0.42,0.04,1794.4,0.994,LOW_RUL,PHYSICAL_FAULT,
2026-01-01 00:02:12+00:00,ENG-DATASET-004,MSN-LUBRICATION_DEGRADATION-004,95.3,0.0571,130.9494,LUBRICATION_DEGRADATION,0.34,0.03,1771.6,0.993,LOW_RUL,PHYSICAL_FAULT,
2026-01-01 00:02:13+00:00,ENG-DATASET-004,MSN-LUBRICATION_DEGRADATION-004,94.79,0.063,156.7735,LUBRICATION_DEGRADATION,0.28,0.03,1748.0,0.993,LOW_RUL,PHYSICAL_FAULT,
2026-01-01 00:02:14+00:00,ENG-DATASET-004,MSN-LUBRICATION_DEGRADATION-004,94.27,0.0689,184.6243,LUBRICATION_DEGRADATION,0.23,0.03,1724.4,0.992,LOW_RUL,PHYSICAL_FAULT,
2026-01-01 00:02:15+00:00,ENG-DATASET-004,MSN-LUBRICATION_DEGRADATION-004,93.75,0.0748,214.3976,LUBRICATION_DEGRADATION,0.2,0.03,1700.8,0.991,LOW_RUL,PHYSICAL_FAULT,
2026-01-01 00:02:16+00:00,ENG-DATASET-004,MSN-LUBRICATION_DEGRADATION-004,93.22,0.0807,246.0483,LUBRICATION_DEGRADATION,0.17,0.02,1677.2,0.991,LOW_RUL,PHYSICAL_FAULT,
2026-01-01 00:02:17+00:00,ENG-DATASET-004,MSN-LUBRICATION_DEGRADATION-004,92.42,0.0963,281.0641,LUBRICATION_DEGRADATION,0.14,0.02,1614.8,0.986,LOW_RUL,PHYSICAL_FAULT,
2026-01-01 00:02:18+00:00,ENG-DATASET-004,MSN-LUBRICATION_DEGRADATION-004,90.96,0.112,323.1798,LUBRICATION_DEGRADATION,0.12,0.02,1552.0,0.982,LOW_RUL,PHYSICAL_FAULT,
2026-01-01 00:02:19+00:00,ENG-DATASET-004,MSN-LUBRICATION_DEGRADATION-004,89.5,0.1278,372.1034,LUBRICATION_DEGRADATION,0.1,0.01,1488.8,0.978,LOW_RUL,PHYSICAL_FAULT,
2026-01-01 00:02:20+00:00,ENG-DATASET-004,MSN-LUBRICATION_DEGRADATION-004,88.03,0.1435,427.6018,LUBRICATION_DEGRADATION,0.08,0.01,1426.0,0.974,LOW_RUL,PHYSICAL_FAULT,
2026-01-01 00:02:21+00:00,ENG-DATASET-004,MSN-LUBRICATION_DEGRADATION-004,86.57,0.1592,489.3219,LUBRICATION_DEGRADATION,0.07,0.01,1363.2,0.969,LOW_RUL,PHYSICAL_FAULT,
2026-01-01 00:02:22+00:00,ENG-DATASET-004,MSN-LUBRICATION_DEGRADATION-004,85.22,0.1708,556.3225,LUBRICATION_DEGRADATION,0.06,0.01,1316.8,0.965,LOW_RUL,PHYSICAL_FAULT,
2026-01-01 00:02:23+00:00,ENG-DATASET-004,MSN-LUBRICATION_DEGRADATION-004,84.1,0.1826,626.9762,LUBRICATION_DEGRADATION,0.05,0.01,1269.6,0.961,LOW_RUL,PHYSICAL_FAULT,
2026-01-01 00:02:24+00:00,ENG-DATASET-004,MSN-LUBRICATION_DEGRADATION-004,82.82,0.1989,702.003,LUBRICATION_DEGRADATION,0.04,0.01,1204.4,0.953,LOW_RUL,PHYSICAL_FAULT,
2026-01-01 00:02:25+00:00,ENG-DATASET-004,MSN-LUBRICATION_DEGRADATION-004,81.21,0.2151,783.0945,LUBRICATION_DEGRADATION,0.04,0.01,1139.6,0.945,LOW_RUL,PHYSICAL_FAULT,
2026-01-01 00:02:26+00:00,ENG-DATASET-004,MSN-LUBRICATION_DEGRADATION-004,79.6,0.2312,869.9286,LUBRICATION_DEGRADATION,0.03,0.01,1075.2,0.937,LOW_RUL,PHYSICAL_FAULT,
2026-01-01 00:02:27+00:00,ENG-DATASET-004,MSN-LUBRICATION_DEGRADATION-004,79.29,0.1976,954.5111,LUBRICATION_DEGRADATION,0.03,0.01,1209.6,0.933,LOW_RUL,PHYSICAL_FAULT,
2026-01-01 00:02:28+00:00,ENG-DATASET-004,MSN-LUBRICATION_DEGRADATION-004,78.32,0.2069,1040.6751,LUBRICATION_DEGRADATION,0.03,0.01,1172.4,0.929,LOW_RUL,PHYSICAL_FAULT,
2026-01-01 00:02:29+00:00,ENG-DATASET-004,MSN-LUBRICATION_DEGRADATION-004,77.48,0.2118,1127.4592,LUBRICATION_DEGRADATION,0.03,0.01,1152.8,0.928,LOW_RUL,PHYSICAL_FAULT,
2026-01-01 00:02:30+00:00,ENG-DATASET-004,MSN-LUBRICATION_DEGRADATION-004,76.99,0.2166,1212.6298,LUBRICATION_DEGRADATION,0.02,0.01,1133.6,0.928,LOW_RUL,PHYSICAL_FAULT,
2026-01-01 00:02:31+00:00,ENG-DATASET-004,MSN-LUBRICATION_DEGRADATION-004,76.51,0.2212,1296.03,LUBRICATION_DEGRADATION,0.02,0.01,1115.2,0.927,LOW_RUL,PHYSICAL_FAULT,
2026-01-01 00:02:32+00:00,ENG-DATASET-004,MSN-LUBRICATION_DEGRADATION-004,76.03,0.2259,1377.5637,LUBRICATION_DEGRADATION,0.02,0.01,1096.4,0.926,LOW_RUL,PHYSICAL_FAULT,
2026-01-01 00:02:33+00:00,ENG-DATASET-004,MSN-LUBRICATION_DEGRADATION-004,75.56,0.2306,1457.0757,LUBRICATION_DEGRADATION,0.02,0.01,1077.6,0.926,LOW_RUL,PHYSICAL_FAULT,
2026-01-01 00:02:34+00:00,ENG-DATASET-004,MSN-LUBRICATION_DEGRADATION-004,75.07,0.2353,1534.5903,LUBRICATION_DEGRADATION,0.02,0.01,1058.8,0.925,LOW_RUL,PHYSICAL_FAULT,
2026-01-01 00:02:35+00:00,ENG-DATASET-004,MSN-LUBRICATION_DEGRADATION-004,74.6,0.24,1609.8912,LUBRICATION_DEGRADATION,0.02,0.01,1040.0,0.924,LOW_RUL,PHYSICAL_FAULT,
2026-01-01 00:02:36+00:00,ENG-DATASET-004,MSN-LUBRICATION_DEGRADATION-004,74.12,0.2446,1682.9435,LUBRICATION_DEGRADATION,0.02,0.0,1021.6,0.924,LOW_RUL,PHYSICAL_FAULT,
2026-01-01 00:02:37+00:00,ENG-DATASET-004,MSN-LUBRICATION_DEGRADATION-004,73.65,0.2492,1753.5921,LUBRICATION_DEGRADATION,0.01,0.0,1003.2,0.923,LOW_RUL,PHYSICAL_FAULT,
2026-01-01 00:02:38+00:00,ENG-DATASET-004,MSN-LUBRICATION_DEGRADATION-004,73.18,0.254,1821.743,LUBRICATION_DEGRADATION,0.01,0.0,984.0,0.922,LOW_RUL,PHYSICAL_FAULT,
2026-01-01 00:02:39+00:00,ENG-DATASET-004,MSN-LUBRICATION_DEGRADATION-004,72.69,0.2588,1887.4203,LUBRICATION_DEGRADATION,0.01,0.0,964.8,0.922,LOW_RUL,PHYSICAL_FAULT,
2026-01-01 00:02:40+00:00,ENG-DATASET-004,MSN-LUBRICATION_DEGRADATION-004,72.2,0.2635,1950.5258,LUBRICATION_DEGRADATION,0.01,0.0,946.0,0.921,LOW_RUL,PHYSICAL_FAULT,
2026-01-01 00:02:41+00:00,ENG-DATASET-004,MSN-LUBRICATION_DEGRADATION-004,71.73,0.2681,2010.8436,LUBRICATION_DEGRADATION,0.01,0.0,927.6,0.921,LOW_RUL,PHYSICAL_FAULT,
2026-01-01 00:02:42+00:00,ENG-DATASET-004,MSN-LUBRICATION_DEGRADATION-004,71.26,0.2728,2068.2795,LUBRICATION_DEGRADATION,0.01,0.0,908.8,0.92,LOW_RUL,PHYSICAL_FAULT,
2026-01-01 00:02:43+00:00,ENG-DATASET-004,MSN-LUBRICATION_DEGRADATION-004,70.78,0.2776,2122.7987,LUBRICATION_DEGRADATION,0.01,0.0,889.6,0.919,LOW_RUL,PHYSICAL_FAULT,
2026-01-01 00:02:44+00:00,ENG-DATASET-004,MSN-LUBRICATION_DEGRADATION-004,70.29,0.2823,2174.364,LUBRICATION_DEGRADATION,0.01,0.0,870.8,0.919,LOW_RUL,PHYSICAL_FAULT,
2026-01-01 00:02:45+00:00,ENG-DATASET-004,MSN-LUBRICATION_DEGRADATION-004,68.23,0.3488,2232.143,LUBRICATION_DEGRADATION,0.01,0.0,604.8,0.918,LOW_RUL,PHYSICAL_FAULT,
2026-01-01 00:02:46+00:00,ENG-DATASET-004,MSN-LUBRICATION_DEGRADATION-004,67.74,0.3544,2286.4581,LUBRICATION_DEGRADATION,0.01,0.0,582.4,0.917,LOW_RUL,PHYSICAL_FAULT,
2026-01-01 00:02:47+00:00,ENG-DATASET-004,MSN-LUBRICATION_DEGRADATION-004,67.24,0.3601,2337.2702,LUBRICATION_DEGRADATION,0.01,0.0,559.6,0.917,LOW_RUL,PHYSICAL_FAULT,
2026-01-01 00:02:48+00:00,ENG-DATASET-004,MSN-LUBRICATION_DEGRADATION-004,66.74,0.366,2384.4794,LUBRICATION_DEGRADATION,0.01,0.0,536.0,0.916,LOW_RUL,PHYSICAL_FAULT,
2026-01-01 00:02:49+00:00,ENG-DATASET-004,MSN-LUBRICATION_DEGRADATION-004,66.21,0.3719,2428.1625,LUBRICATION_DEGRADATION,0.01,0.0,512.4,0.915,LOW_RUL,PHYSICAL_FAULT,
2026-01-01 00:02:50+00:00,ENG-DATASET-004,MSN-LUBRICATION_DEGRADATION-004,65.69,0.3777,2468.1546,LUBRICATION_DEGRADATION,0.0,0.0,489.2,0.915,LOW_RUL,PHYSICAL_FAULT,
2026-01-01 00:02:51+00:00,ENG-DATASET-004,MSN-LUBRICATION_DEGRADATION-004,65.18,0.3836,2504.2926,LUBRICATION_DEGRADATION,0.0,0.0,465.6,0.914,LOW_RUL,PHYSICAL_FAULT,
2026-01-01 00:02:52+00:00,ENG-DATASET-004,MSN-LUBRICATION_DEGRADATION-004,64.65,0.3896,2536.5926,LUBRICATION_DEGRADATION,0.0,0.0,441.6,0.913,LOW_RUL,PHYSICAL_FAULT,
2026-01-01 00:02:53+00:00,ENG-DATASET-004,MSN-LUBRICATION_DEGRADATION-004,64.18,0.3934,2564.5944,LUBRICATION_DEGRADATION,0.0,0.0,426.4,0.912,LOW_RUL,PHYSICAL_FAULT,
2026-01-01 00:02:54+00:00,ENG-DATASET-004,MSN-LUBRICATION_DEGRADATION-004,63.85,0.3966,2587.3777,LUBRICATION_DEGRADATION,0.0,0.0,413.6,0.912,LOW_RUL,PHYSICAL_FAULT,
2026-01-01 00:02:55+00:00,ENG-DATASET-004,MSN-LUBRICATION_DEGRADATION-004,63.56,0.3995,2604.6405,LUBRICATION_DEGRADATION,0.0,0.0,402.0,0.911,LOW_RUL,PHYSICAL_FAULT,
2026-01-01 00:02:56+00:00,ENG-DATASET-004,MSN-LUBRICATION_DEGRADATION-004,63.29,0.4025,2616.2067,LUBRICATION_DEGRADATION,0.0,0.0,390.0,0.91,LOW_RUL,PHYSICAL_FAULT,
2026-01-01 00:02:57+00:00,ENG-DATASET-004,MSN-LUBRICATION_DEGRADATION-004,63.02,0.4055,2622.0223,LUBRICATION_DEGRADATION,0.0,0.0,378.0,0.91,LOW_RUL,PHYSICAL_FAULT,
2026-01-01 00:02:58+00:00,ENG-DATASET-004,MSN-LUBRICATION_DEGRADATION-004,62.73,0.4087,2622.1514,LUBRICATION_DEGRADATION,0.0,0.0,365.2,0.909,LOW_RUL,PHYSICAL_FAULT,
2026-01-01 00:02:59+00:00,ENG-DATASET-004,MSN-LUBRICATION_DEGRADATION-004,62.44,0.4118,2616.5358,LUBRICATION_DEGRADATION,0.0,0.0,352.8,0.908,LOW_RUL,PHYSICAL_FAULT,
2026-01-01 00:03:00+00:00,ENG-DATASET-004,MSN-LUBRICATION_DEGRADATION-004,62.16,0.4148,2605.0586,LUBRICATION_DEGRADATION,0.0,0.0,340.8,0.908,LOW_RUL,PHYSICAL_FAULT,
2026-01-01 00:03:01+00:00,ENG-DATASET-004,MSN-LUBRICATION_DEGRADATION-004,61.89,0.4178,2587.7878,LUBRICATION_DEGRADATION,0.0,0.0,328.8,0.907,LOW_RUL,PHYSICAL_FAULT,
2026-01-01 00:03:02+00:00,ENG-DATASET-004,MSN-LUBRICATION_DEGRADATION-004,61.6,0.421,2565.4036,LUBRICATION_DEGRADATION,0.0,0.0,316.0,0.906,LOW_RUL,PHYSICAL_FAULT,
2026-01-01 00:03:03+00:00,ENG-DATASET-004,MSN-LUBRICATION_DEGRADATION-004,61.3,0.4244,2538.5432,LUBRICATION_DEGRADATION,0.0,0.0,302.4,0.905,LOW_RUL,PHYSICAL_FAULT,
2026-01-01 00:03:04+00:00,ENG-DATASET-004,MSN-LUBRICATION_DEGRADATION-004,61.0,0.4277,2507.7416,LUBRICATION_DEGRADATION,0.0,0.0,289.2,0.905,LOW_RUL,PHYSICAL_FAULT,
2026-01-01 00:03:05+00:00,ENG-DATASET-004,MSN-LUBRICATION_DEGRADATION-004,60.7,0.4308,2473.7351,LUBRICATION_DEGRADATION,0.0,0.0,276.8,0.904,LOW_RUL,PHYSICAL_FAULT,
2026-01-01 00:03:06+00:00,ENG-DATASET-004,MSN-LUBRICATION_DEGRADATION-004,60.28,0.4378,2437.6261,LUBRICATION_DEGRADATION,0.0,0.0,248.8,0.9,LOW_RUL,PHYSICAL_FAULT,
2026-01-01 00:03:07+00:00,ENG-DATASET-004,MSN-LUBRICATION_DEGRADATION-004,59.56,0.4449,2401.201,LUBRICATION_DEGRADATION,0.0,0.0,220.4,0.895,LOW_RUL,PHYSICAL_FAULT,
2026-01-01 00:03:08+00:00,ENG-DATASET-004,MSN-LUBRICATION_DEGRADATION-004,58.82,0.452,2364.5338,LUBRICATION_DEGRADATION,0.0,0.0,192.0,0.891,LOW_RUL,PHYSICAL_FAULT,
2026-01-01 00:03:09+00:00,ENG-DATASET-004,MSN-LUBRICATION_DEGRADATION-004,58.11,0.4585,2327.4605,LUBRICATION_DEGRADATION,0.0,0.0,166.0,0.887,LOW_RUL,PHYSICAL_FAULT,
2026-01-01 00:03:10+00:00,ENG-DATASET-004,MSN-LUBRICATION_DEGRADATION-004,57.46,0.4638,2289.587,LUBRICATION_DEGRADATION,0.0,0.0,144.8,0.883,LOW_RUL,PHYSICAL_FAULT,
2026-01-01 00:03:11+00:00,ENG-DATASET-004,MSN-LUBRICATION_DEGRADATION-004,57.01,0.4652,2249.7659,LUBRICATION_DEGRADATION,0.0,0.0,139.2,0.882,LOW_RUL,PHYSICAL_FAULT,
2026-01-01 00:03:12+00:00,ENG-DATASET-004,MSN-LUBRICATION_DEGRADATION-004,56.86,0.4668,2206.1798,LUBRICATION_DEGRADATION,0.0,0.0,132.8,0.881,LOW_RUL,PHYSICAL_FAULT,
2026-01-01 00:03:13+00:00,ENG-DATASET-004,MSN-LUBRICATION_DEGRADATION-004,56.71,0.4684,2158.9007,LUBRICATION_DEGRADATION,0.0,0.0,126.4,0.88,LOW_RUL,PHYSICAL_FAULT,
2026-01-01 00:03:14+00:00,ENG-DATASET-004,MSN-LUBRICATION_DEGRADATION-004,56.56,0.4698,2108.0616,LUBRICATION_DEGRADATION,0.0,0.0,120.8,0.88,LOW_RUL,PHYSICAL_FAULT,
2026-01-01 00:03:15+00:00,ENG-DATASET-004,MSN-LUBRICATION_DEGRADATION-004,56.33,0.4744,2054.2086,LUBRICATION_DEGRADATION,0.0,0.0,102.4,0.878,LOW_RUL,PHYSICAL_FAULT,
2026-01-01 00:03:16+00:00,ENG-DATASET-004,MSN-LUBRICATION_DEGRADATION-004,55.95,0.4766,1998.3461,LUBRICATION_DEGRADATION,0.0,0.0,93.6,0.877,LOW_RUL,PHYSICAL_FAULT,
2026-01-01 00:03:17+00:00,ENG-DATASET-004,MSN-LUBRICATION_DEGRADATION-004,55.71,0.4789,1941.3253,LUBRICATION_DEGRADATION,0.0,0.0,84.4,0.875,LOW_RUL,PHYSICAL_FAULT,
2026-01-01 00:03:18+00:00,ENG-DATASET-004,MSN-LUBRICATION_DEGRADATION-004,55.45,0.4814,1887.4033,LUBRICATION_DEGRADATION,0.0,0.0,74.4,0.873,LOW_RUL,PHYSICAL_FAULT,
2026-01-01 00:03:19+00:00,ENG-DATASET-004,MSN-LUBRICATION_DEGRADATION-004,55.18,0.4838,1836.8792,LUBRICATION_DEGRADATION,0.0,0.0,64.8,0.871,LOW_RUL,PHYSICAL_FAULT,
2026-01-01 00:03:20+00:00,ENG-DATASET-004,MSN-LUBRICATION_DEGRADATION-004,54.96,0.4849,1789.7572,LUBRICATION_DEGRADATION,0.0,0.0,60.4,0.87,LOW_RUL,PHYSICAL_FAULT,
2026-01-01 00:03:21+00:00,ENG-DATASET-004,MSN-LUBRICATION_DEGRADATION-004,54.85,0.4858,1745.5769,LUBRICATION_DEGRADATION,0.0,0.0,56.8,0.869,LOW_RUL,PHYSICAL_FAULT,
2026-01-01 00:03:22+00:00,ENG-DATASET-004,MSN-LUBRICATION_DEGRADATION-004,54.75,0.4866,1703.8783,LUBRICATION_DEGRADATION,0.0,0.0,53.6,0.868,LOW_RUL,PHYSICAL_FAULT,
2026-01-01 00:03:23+00:00,ENG-DATASET-004,MSN-LUBRICATION_DEGRADATION-004,54.66,0.4874,1663.4491,LUBRICATION_DEGRADATION,0.0,0.0,50.4,0.867,LOW_RUL,PHYSICAL_FAULT,
2026-01-01 00:03:24+00:00,ENG-DATASET-004,MSN-LUBRICATION_DEGRADATION-004,54.57,0.488,1625.4715,LUBRICATION_DEGRADATION,0.0,0.0,48.0,0.867,LOW_RUL,PHYSICAL_FAULT,
2026-01-01 00:03:25+00:00,ENG-DATASET-004,MSN-LUBRICATION_DEGRADATION-004,54.49,0.4888,1592.1383,LUBRICATION_DEGRADATION,0.0,0.0,44.8,0.866,LOW_RUL,PHYSICAL_FAULT,
2026-01-01 00:03:26+00:00,ENG-DATASET-004,MSN-LUBRICATION_DEGRADATION-004,54.41,0.4896,1563.7554,LUBRICATION_DEGRADATION,0.0,0.0,41.6,0.865,LOW_RUL,PHYSICAL_FAULT,
2026-01-01 00:03:27+00:00,ENG-DATASET-004,MSN-LUBRICATION_DEGRADATION-004,54.31,0.4904,1532.8148,LUBRICATION_DEGRADATION,0.0,0.0,38.4,0.864,LOW_RUL,PHYSICAL_FAULT,
2026-01-01 00:03:28+00:00,ENG-DATASET-004,MSN-LUBRICATION_DEGRADATION-004,54.22,0.4913,1503.3266,LUBRICATION_DEGRADATION,0.0,0.0,34.8,0.864,LOW_RUL,PHYSICAL_FAULT,
2026-01-01 00:03:29+00:00,ENG-DATASET-004,MSN-LUBRICATION_DEGRADATION-004,54.11,0.4924,1474.7917,LUBRICATION_DEGRADATION,0.0,0.0,30.4,0.863,LOW_RUL,PHYSICAL_FAULT,
2026-01-01 00:03:30+00:00,ENG-DATASET-004,MSN-LUBRICATION_DEGRADATION-004,54.0,0.4934,1445.2205,LUBRICATION_DEGRADATION,0.0,0.0,26.4,0.862,LOW_RUL,PHYSICAL_FAULT,
2026-01-01 00:03:31+00:00,ENG-DATASET-004,MSN-LUBRICATION_DEGRADATION-004,53.9,0.4943,1414.5689,LUBRICATION_DEGRADATION,0.0,0.0,22.8,0.861,LOW_RUL,PHYSICAL_FAULT,
2026-01-01 00:03:32+00:00,ENG-DATASET-004,MSN-LUBRICATION_DEGRADATION-004,53.79,0.4952,1382.9722,LUBRICATION_DEGRADATION,0.0,0.0,19.2,0.86,LOW_RUL,PHYSICAL_FAULT,
2026-01-01 00:03:33+00:00,ENG-DATASET-004,MSN-LUBRICATION_DEGRADATION-004,53.69,0.496,1350.3841,LUBRICATION_DEGRADATION,0.0,0.0,16.0,0.86,LOW_RUL,PHYSICAL_FAULT,
2026-01-01 00:03:34+00:00,ENG-DATASET-004,MSN-LUBRICATION_DEGRADATION-004,53.6,0.4967,1316.9418,LUBRICATION_DEGRADATION,0.0,0.0,13.2,0.859,LOW_RUL,PHYSICAL_FAULT,
2026-01-01 00:03:35+00:00,ENG-DATASET-004,MSN-LUBRICATION_DEGRADATION-004,53.52,0.4974,1282.5443,LUBRICATION_DEGRADATION,0.0,0.0,10.4,0.858,LOW_RUL,PHYSICAL_FAULT,
2026-01-01 00:03:36+00:00,ENG-DATASET-004,MSN-LUBRICATION_DEGRADATION-004,53.44,0.4981,1247.3305,LUBRICATION_DEGRADATION,0.0,0.0,7.6,0.857,LOW_RUL,PHYSICAL_FAULT,
2026-01-01 00:03:37+00:00,ENG-DATASET-004,MSN-LUBRICATION_DEGRADATION-004,53.36,0.4988,1211.3195,LUBRICATION_DEGRADATION,0.0,0.0,4.8,0.856,LOW_RUL,PHYSICAL_FAULT,
2026-01-01 00:03:38+00:00,ENG-DATASET-004,MSN-LUBRICATION_DEGRADATION-004,53.27,0.4995,1174.6483,LUBRICATION_DEGRADATION,0.0,0.0,2.0,0.856,LOW_RUL,PHYSICAL_FAULT,
2026-01-01 00:03:39+00:00,ENG-DATASET-004,MSN-LUBRICATION_DEGRADATION-004,53.18,0.5004,1137.515,LUBRICATION_DEGRADATION,0.0,0.0,0.0,0.855,LOW_RUL,PHYSICAL_FAULT,
2026-01-01 00:03:40+00:00,ENG-DATASET-004,MSN-LUBRICATION_DEGRADATION-004,53.07,0.5014,1100.1176,LUBRICATION_DEGRADATION,0.0,0.0,0.0,0.854,LOW_RUL,PHYSICAL_FAULT,
2026-01-01 00:03:41+00:00,ENG-DATASET-004,MSN-LUBRICATION_DEGRADATION-004,52.96,0.5025,1062.4101,LUBRICATION_DEGRADATION,0.0,0.0,0.0,0.853,LOW_RUL,PHYSICAL_FAULT,
2026-01-01 00:03:42+00:00,ENG-DATASET-004,MSN-LUBRICATION_DEGRADATION-004,52.83,0.5038,1024.5826,LUBRICATION_DEGRADATION,0.0,0.0,0.0,0.852,LOW_RUL,PHYSICAL_FAULT,
2026-01-01 00:03:43+00:00,ENG-DATASET-004,MSN-LUBRICATION_DEGRADATION-004,52.7,0.505,986.7641,LUBRICATION_DEGRADATION,0.0,0.0,0.0,0.851,LOW_RUL,PHYSICAL_FAULT,
2026-01-01 00:03:44+00:00,ENG-DATASET-004,MSN-LUBRICATION_DEGRADATION-004,52.57,0.5062,949.0856,LUBRICATION_DEGRADATION,0.0,0.0,0.0,0.85,LOW_RUL,PHYSICAL_FAULT,
2026-01-01 00:03:45+00:00,ENG-DATASET-004,MSN-LUBRICATION_DEGRADATION-004,52.44,0.5073,921.1989,LUBRICATION_DEGRADATION,0.0,0.0,0.0,0.849,LOW_RUL,PHYSICAL_FAULT,
2026-01-01 00:03:46+00:00,ENG-DATASET-004,MSN-LUBRICATION_DEGRADATION-004,52.32,0.5084,893.8513,LUBRICATION_DEGRADATION,0.0,0.0,0.0,0.848,LOW_RUL,PHYSICAL_FAULT,
2026-01-01 00:03:47+00:00,ENG-DATASET-004,MSN-LUBRICATION_DEGRADATION-004,52.2,0.5093,867.1779,LUBRICATION_DEGRADATION,0.0,0.0,0.0,0.847,LOW_RUL,PHYSICAL_FAULT,
2026-01-01 00:03:48+00:00,ENG-DATASET-004,MSN-LUBRICATION_DEGRADATION-004,52.1,0.5102,841.1366,LUBRICATION_DEGRADATION,0.0,0.0,0.0,0.846,LOW_RUL,PHYSICAL_FAULT,
2026-01-01 00:03:49+00:00,ENG-DATASET-004,MSN-LUBRICATION_DEGRADATION-004,51.99,0.5111,816.0497,LUBRICATION_DEGRADATION,0.0,0.0,0.0,0.845,LOW_RUL,PHYSICAL_FAULT,
2026-01-01 00:03:50+00:00,ENG-DATASET-004,MSN-LUBRICATION_DEGRADATION-004,51.89,0.512,791.881,LUBRICATION_DEGRADATION,0.0,0.0,0.0,0.844,LOW_RUL,PHYSICAL_FAULT,
2026-01-01 00:03:51+00:00,ENG-DATASET-004,MSN-LUBRICATION_DEGRADATION-004,51.77,0.5131,768.7715,LUBRICATION_DEGRADATION,0.0,0.0,0.0,0.843,LOW_RUL,PHYSICAL_FAULT,
2026-01-01 00:03:52+00:00,ENG-DATASET-004,MSN-LUBRICATION_DEGRADATION-004,51.65,0.5142,746.9215,LUBRICATION_DEGRADATION,0.0,0.0,0.0,0.842,LOW_RUL,PHYSICAL_FAULT,
2026-01-01 00:03:53+00:00,ENG-DATASET-004,MSN-LUBRICATION_DEGRADATION-004,51.52,0.5155,726.1057,LUBRICATION_DEGRADATION,0.0,0.0,0.0,0.841,LOW_RUL,PHYSICAL_FAULT,
2026-01-01 00:03:54+00:00,ENG-DATASET-004,MSN-LUBRICATION_DEGRADATION-004,51.37,0.5169,705.656,LUBRICATION_DEGRADATION,0.0,0.0,0.0,0.84,LOW_RUL,PHYSICAL_FAULT,
2026-01-01 00:03:55+00:00,ENG-DATASET-004,MSN-LUBRICATION_DEGRADATION-004,51.23,0.5183,685.3054,LUBRICATION_DEGRADATION,0.0,0.0,0.0,0.839,LOW_RUL,PHYSICAL_FAULT,
2026-01-01 00:03:56+00:00,ENG-DATASET-004,MSN-LUBRICATION_DEGRADATION-004,51.08,0.5197,665.0207,LUBRICATION_DEGRADATION,0.0,0.0,0.0,0.838,LOW_RUL,PHYSICAL_FAULT,
2026-01-01 00:03:57+00:00,ENG-DATASET-004,MSN-LUBRICATION_DEGRADATION-004,50.94,0.5209,644.7671,LUBRICATION_DEGRADATION,0.0,0.0,0.0,0.837,LOW_RUL,PHYSICAL_FAULT,
2026-01-01 00:03:58+00:00,ENG-DATASET-004,MSN-LUBRICATION_DEGRADATION-004,50.81,0.522,624.6335,LUBRICATION_DEGRADATION,0.0,0.0,0.0,0.836,LOW_RUL,PHYSICAL_FAULT,
2026-01-01 00:03:59+00:00,ENG-DATASET-004,MSN-LUBRICATION_DEGRADATION-004,50.69,0.5229,604.5929,LUBRICATION_DEGRADATION,0.0,0.0,0.0,0.836,LOW_RUL,PHYSICAL_FAULT,
2026-01-01 00:04:00+00:00,ENG-DATASET-004,MSN-LUBRICATION_DEGRADATION-004,50.46,0.5273,585.2676,LUBRICATION_DEGRADATION,0.0,0.0,0.0,0.831,LOW_RUL,PHYSICAL_FAULT,
2026-01-01 00:04:01+00:00,ENG-DATASET-004,MSN-LUBRICATION_DEGRADATION-004,49.96,0.5313,568.1998,LUBRICATION_DEGRADATION,0.0,0.0,0.0,0.826,LOW_RUL,PHYSICAL_FAULT,
2026-01-01 00:04:02+00:00,ENG-DATASET-004,MSN-LUBRICATION_DEGRADATION-004,49.48,0.5351,553.3477,LUBRICATION_DEGRADATION,0.0,0.0,0.0,0.821,LOW_RUL,PHYSICAL_FAULT,
2026-01-01 00:04:03+00:00,ENG-DATASET-004,MSN-LUBRICATION_DEGRADATION-004,49.03,0.5387,540.5572,LUBRICATION_DEGRADATION,0.0,0.0,0.0,0.817,LOW_RUL,PHYSICAL_FAULT,
2026-01-01 00:04:04+00:00,ENG-DATASET-004,MSN-LUBRICATION_DEGRADATION-004,48.59,0.5421,529.7391,LUBRICATION_DEGRADATION,0.0,0.0,0.0,0.813,LOW_RUL,PHYSICAL_FAULT,
2026-01-01 00:04:05+00:00,ENG-DATASET-004,MSN-LUBRICATION_DEGRADATION-004,48.31,0.5419,519.9214,LUBRICATION_DEGRADATION,0.0,0.0,0.0,0.813,LOW_RUL,PHYSICAL_FAULT,
2026-01-01 00:04:06+00:00,ENG-DATASET-004,MSN-LUBRICATION_DEGRADATION-004,48.33,0.5417,510.0697,LUBRICATION_DEGRADATION,0.0,0.0,0.0,0.813,LOW_RUL,PHYSICAL_FAULT,
2026-01-01 00:04:07+00:00,ENG-DATASET-004,MSN-LUBRICATION_DEGRADATION-004,48.34,0.5417,502.1615,LUBRICATION_DEGRADATION,0.0,0.0,0.0,0.813,LOW_RUL,PHYSICAL_FAULT,
2026-01-01 00:04:08+00:00,ENG-DATASET-004,MSN-LUBRICATION_DEGRADATION-004,48.35,0.5417,496.4649,LUBRICATION_DEGRADATION,0.0,0.0,0.0,0.813,LOW_RUL,PHYSICAL_FAULT,
2026-01-01 00:04:09+00:00,ENG-DATASET-004,MSN-LUBRICATION_DEGRADATION-004,48.36,0.5415,492.9469,LUBRICATION_DEGRADATION,0.0,0.0,0.0,0.813,LOW_RUL,PHYSICAL_FAULT,
2026-01-01 00:04:10+00:00,ENG-DATASET-004,MSN-LUBRICATION_DEGRADATION-004,48.39,0.5412,491.2675,LUBRICATION_DEGRADATION,0.0,0.0,0.0,0.814,LOW_RUL,PHYSICAL_FAULT,
2026-01-01 00:04:11+00:00,ENG-DATASET-004,MSN-LUBRICATION_DEGRADATION-004,48.42,0.5407,490.3422,LUBRICATION_DEGRADATION,0.0,0.0,0.0,0.814,LOW_RUL,PHYSICAL_FAULT,
2026-01-01 00:04:12+00:00,ENG-DATASET-004,MSN-LUBRICATION_DEGRADATION-004,48.47,0.54,488.3186,LUBRICATION_DEGRADATION,0.0,0.0,0.0,0.814,LOW_RUL,PHYSICAL_FAULT,
2026-01-01 00:04:13+00:00,ENG-DATASET-004,MSN-LUBRICATION_DEGRADATION-004,48.54,0.5393,485.1188,LUBRICATION_DEGRADATION,0.0,0.0,0.0,0.814,LOW_RUL,PHYSICAL_FAULT,
2026-01-01 00:04:14+00:00,ENG-DATASET-004,MSN-LUBRICATION_DEGRADATION-004,48.61,0.5385,480.7866,LUBRICATION_DEGRADATION,0.0,0.0,0.0,0.815,LOW_RUL,PHYSICAL_FAULT,
2026-01-01 00:04:15+00:00,ENG-DATASET-004,MSN-LUBRICATION_DEGRADATION-004,48.69,0.5378,475.7952,LUBRICATION_DEGRADATION,0.0,0.0,0.0,0.815,LOW_RUL,PHYSICAL_FAULT,
2026-01-01 00:04:16+00:00,ENG-DATASET-004,MSN-LUBRICATION_DEGRADATION-004,48.75,0.5372,471.2399,LUBRICATION_DEGRADATION,0.0,0.0,0.0,0.815,LOW_RUL,PHYSICAL_FAULT,
2026-01-01 00:04:17+00:00,ENG-DATASET-004,MSN-LUBRICATION_DEGRADATION-004,48.8,0.5368,466.4136,LUBRICATION_DEGRADATION,0.0,0.0,0.0,0.815,LOW_RUL,PHYSICAL_FAULT,
2026-01-01 00:04:18+00:00,ENG-DATASET-004,MSN-LUBRICATION_DEGRADATION-004,48.84,0.5365,461.5552,LUBRICATION_DEGRADATION,0.0,0.0,0.0,0.815,LOW_RUL,PHYSICAL_FAULT,
2026-01-01 00:04:19+00:00,ENG-DATASET-004,MSN-LUBRICATION_DEGRADATION-004,48.86,0.5364,456.9039,LUBRICATION_DEGRADATION,0.0,0.0,0.0,0.816,LOW_RUL,PHYSICAL_FAULT,
2026-01-01 00:04:20+00:00,ENG-DATASET-004,MSN-LUBRICATION_DEGRADATION-004,48.87,0.5364,452.2716,LUBRICATION_DEGRADATION,0.0,0.0,0.0,0.816,LOW_RUL,PHYSICAL_FAULT,
2026-01-01 00:04:21+00:00,ENG-DATASET-004,MSN-LUBRICATION_DEGRADATION-004,48.88,0.5363,447.0332,LUBRICATION_DEGRADATION,0.0,0.0,0.0,0.816,LOW_RUL,PHYSICAL_FAULT,
2026-01-01 00:04:22+00:00,ENG-DATASET-004,MSN-LUBRICATION_DEGRADATION-004,48.89,0.5362,441.1515,LUBRICATION_DEGRADATION,0.0,0.0,0.0,0.816,LOW_RUL,PHYSICAL_FAULT,
2026-01-01 00:04:23+00:00,ENG-DATASET-004,MSN-LUBRICATION_DEGRADATION-004,48.9,0.536,434.5877,LUBRICATION_DEGRADATION,0.0,0.0,0.0,0.816,LOW_RUL,PHYSICAL_FAULT,
2026-01-01 00:04:24+00:00,ENG-DATASET-004,MSN-LUBRICATION_DEGRADATION-004,48.93,0.5357,427.2437,LUBRICATION_DEGRADATION,0.0,0.0,0.0,0.816,LOW_RUL,PHYSICAL_FAULT,
2026-01-01 00:04:25+00:00,ENG-DATASET-004,MSN-LUBRICATION_DEGRADATION-004,48.96,0.5353,419.0824,LUBRICATION_DEGRADATION,0.0,0.0,0.0,0.816,LOW_RUL,PHYSICAL_FAULT,
2026-01-01 00:04:26+00:00,ENG-DATASET-004,MSN-LUBRICATION_DEGRADATION-004,49.0,0.5348,410.0669,LUBRICATION_DEGRADATION,0.0,0.0,0.0,0.816,LOW_RUL,PHYSICAL_FAULT,
2026-01-01 00:04:27+00:00,ENG-DATASET-004,MSN-LUBRICATION_DEGRADATION-004,49.04,0.5345,400.3432,LUBRICATION_DEGRADATION,0.0,0.0,0.0,0.816,LOW_RUL,PHYSICAL_FAULT,
2026-01-01 00:04:28+00:00,ENG-DATASET-004,MSN-LUBRICATION_DEGRADATION-004,49.07,0.5342,389.9373,LUBRICATION_DEGRADATION,0.0,0.0,0.0,0.816,LOW_RUL,PHYSICAL_FAULT,
2026-01-01 00:04:29+00:00,ENG-DATASET-004,MSN-LUBRICATION_DEGRADATION-004,49.09,0.5341,379.0543,LUBRICATION_DEGRADATION,0.0,0.0,0.0,0.816,LOW_RUL,PHYSICAL_FAULT,
2026-01-01 00:04:30+00:00,ENG-DATASET-004,MSN-LUBRICATION_DEGRADATION-004,49.09,0.5343,367.8382,LUBRICATION_DEGRADATION,0.0,0.0,0.0,0.816,LOW_RUL,PHYSICAL_FAULT,
2026-01-01 00:04:31+00:00,ENG-DATASET-004,MSN-LUBRICATION_DEGRADATION-004,49.07,0.5346,356.368,LUBRICATION_DEGRADATION,0.0,0.0,0.0,0.816,LOW_RUL,PHYSICAL_FAULT,
2026-01-01 00:04:32+00:00,ENG-DATASET-004,MSN-LUBRICATION_DEGRADATION-004,49.04,0.535,344.7798,LUBRICATION_DEGRADATION,0.0,0.0,0.0,0.816,LOW_RUL,PHYSICAL_FAULT,
2026-01-01 00:04:33+00:00,ENG-DATASET-004,MSN-LUBRICATION_DEGRADATION-004,49.0,0.5355,333.0875,LUBRICATION_DEGRADATION,0.0,0.0,0.0,0.816,LOW_RUL,PHYSICAL_FAULT,
2026-01-01 00:04:34+00:00,ENG-DATASET-004,MSN-LUBRICATION_DEGRADATION-004,48.95,0.5359,321.3013,LUBRICATION_DEGRADATION,0.0,0.0,0.0,0.816,LOW_RUL,PHYSICAL_FAULT,
2026-01-01 00:04:35+00:00,ENG-DATASET-004,MSN-LUBRICATION_DEGRADATION-004,48.91,0.5363,309.3089,LUBRICATION_DEGRADATION,0.0,0.0,0.0,0.816,LOW_RUL,PHYSICAL_FAULT,
2026-01-01 00:04:36+00:00,ENG-DATASET-004,MSN-LUBRICATION_DEGRADATION-004,48.88,0.5366,297.0595,LUBRICATION_DEGRADATION,0.0,0.0,0.0,0.815,LOW_RUL,PHYSICAL_FAULT,
2026-01-01 00:04:37+00:00,ENG-DATASET-004,MSN-LUBRICATION_DEGRADATION-004,48.85,0.5367,284.563,LUBRICATION_DEGRADATION,0.0,0.0,0.0,0.815,LOW_RUL,PHYSICAL_FAULT,
2026-01-01 00:04:38+00:00,ENG-DATASET-004,MSN-LUBRICATION_DEGRADATION-004,48.84,0.5367,271.7725,LUBRICATION_DEGRADATION,0.0,0.0,0.0,0.815,LOW_RUL,PHYSICAL_FAULT,
2026-01-01 00:04:39+00:00,ENG-DATASET-004,MSN-LUBRICATION_DEGRADATION-004,48.8,0.5377,258.8809,LUBRICATION_DEGRADATION,0.0,0.0,0.0,0.814,LOW_RUL,PHYSICAL_FAULT,
2026-01-01 00:04:40+00:00,ENG-DATASET-004,MSN-LUBRICATION_DEGRADATION-004,48.68,0.5388,246.4925,LUBRICATION_DEGRADATION,0.0,0.0,0.0,0.813,LOW_RUL,PHYSICAL_FAULT,
2026-01-01 00:04:41+00:00,ENG-DATASET-004,MSN-LUBRICATION_DEGRADATION-004,48.55,0.5401,234.6642,LUBRICATION_DEGRADATION,0.0,0.0,0.0,0.811,LOW_RUL,PHYSICAL_FAULT,
2026-01-01 00:04:42+00:00,ENG-DATASET-004,MSN-LUBRICATION_DEGRADATION-004,48.39,0.5416,223.6911,LUBRICATION_DEGRADATION,0.0,0.0,0.0,0.81,LOW_RUL,PHYSICAL_FAULT,
2026-01-01 00:04:43+00:00,ENG-DATASET-004,MSN-LUBRICATION_DEGRADATION-004,48.21,0.5433,213.6854,LUBRICATION_DEGRADATION,0.0,0.0,0.0,0.809,LOW_RUL,PHYSICAL_FAULT,
2026-01-01 00:04:44+00:00,ENG-DATASET-004,MSN-LUBRICATION_DEGRADATION-004,48.06,0.5443,204.4598,LUBRICATION_DEGRADATION,0.0,0.0,0.0,0.809,LOW_RUL,PHYSICAL_FAULT,
2026-01-01 00:04:45+00:00,ENG-DATASET-004,MSN-LUBRICATION_DEGRADATION-004,48.1,0.5413,194.8891,LUBRICATION_DEGRADATION,0.0,0.0,0.0,0.812,LOW_RUL,PHYSICAL_FAULT,
2026-01-01 00:04:46+00:00,ENG-DATASET-004,MSN-LUBRICATION_DEGRADATION-004,48.31,0.5423,183.9431,LUBRICATION_DEGRADATION,0.0,0.0,0.0,0.811,LOW_RUL,PHYSICAL_FAULT,
2026-01-01 00:04:47+00:00,ENG-DATASET-004,MSN-LUBRICATION_DEGRADATION-004,48.22,0.543,173.4582,LUBRICATION_DEGRADATION,0.0,0.0,0.0,0.811,LOW_RUL,PHYSICAL_FAULT,
2026-01-01 00:04:48+00:00,ENG-DATASET-004,MSN-LUBRICATION_DEGRADATION-004,48.16,0.5435,163.1413,LUBRICATION_DEGRADATION,0.0,0.0,0.0,0.811,LOW_RUL,PHYSICAL_FAULT,
2026-01-01 00:04:49+00:00,ENG-DATASET-004,MSN-LUBRICATION_DEGRADATION-004,48.13,0.5437,152.8845,LUBRICATION_DEGRADATION,0.0,0.0,0.0,0.811,LOW_RUL,PHYSICAL_FAULT,
2026-01-01 00:04:50+00:00,ENG-DATASET-004,MSN-LUBRICATION_DEGRADATION-004,47.98,0.5475,143.3508,LUBRICATION_DEGRADATION,0.0,0.0,0.0,0.807,LOW_RUL,PHYSICAL_FAULT,
2026-01-01 00:04:51+00:00,ENG-DATASET-004,MSN-LUBRICATION_DEGRADATION-004,47.81,0.5433,134.7704,LUBRICATION_DEGRADATION,0.0,0.0,0.0,0.81,LOW_RUL,PHYSICAL_FAULT,
2026-01-01 00:04:52+00:00,ENG-DATASET-004,MSN-LUBRICATION_DEGRADATION-004,48.14,0.543,124.1825,LUBRICATION_DEGRADATION,0.0,0.0,0.0,0.811,LOW_RUL,PHYSICAL_FAULT,
2026-01-01 00:04:53+00:00,ENG-DATASET-004,MSN-LUBRICATION_DEGRADATION-004,48.18,0.5426,113.4495,LUBRICATION_DEGRADATION,0.0,0.0,0.0,0.811,LOW_RUL,PHYSICAL_FAULT,
2026-01-01 00:04:54+00:00,ENG-DATASET-004,MSN-LUBRICATION_DEGRADATION-004,48.2,0.5424,102.8456,LUBRICATION_DEGRADATION,0.0,0.0,0.0,0.811,LOW_RUL,PHYSICAL_FAULT,
2026-01-01 00:04:55+00:00,ENG-DATASET-004,MSN-LUBRICATION_DEGRADATION-004,48.21,0.5424,92.4027,LUBRICATION_DEGRADATION,0.0,0.0,0.0,0.811,LOW_RUL,PHYSICAL_FAULT,
2026-01-01 00:04:56+00:00,ENG-DATASET-004,MSN-LUBRICATION_DEGRADATION-004,48.08,0.5465,83.0381,LUBRICATION_DEGRADATION,0.0,0.0,0.0,0.807,LOW_RUL,PHYSICAL_FAULT,
2026-01-01 00:04:57+00:00,ENG-DATASET-004,MSN-LUBRICATION_DEGRADATION-004,47.76,0.5466,75.8161,LUBRICATION_DEGRADATION,0.0,0.0,0.0,0.807,LOW_RUL,PHYSICAL_FAULT,
2026-01-01 00:04:58+00:00,ENG-DATASET-004,MSN-LUBRICATION_DEGRADATION-004,47.75,0.5468,68.8101,LUBRICATION_DEGRADATION,0.0,0.0,0.0,0.807,LOW_RUL,PHYSICAL_FAULT,
2026-01-01 00:04:59+00:00,ENG-DATASET-004,MSN-LUBRICATION_DEGRADATION-004,47.75,0.5469,61.9242,LUBRICATION_DEGRADATION,0.0,0.0,0.0,0.808,LOW_RUL,PHYSICAL_FAULT,
2026-01-01 00:05:00+00:00,ENG-DATASET-004,MSN-LUBRICATION_DEGRADATION-004,47.97,0.5398,54.5552,LUBRICATION_DEGRADATION,0.0,0.0,0.0,0.813,LOW_RUL,PHYSICAL_FAULT,
