timestamp,engineId,missionId,health,degradation,degradationRatePerHour,dominantMechanism,rulHours,rulLowerBoundHours,rulUpperBoundHours,rulConfidence,rulStatus,diagnosticType,affectedSensor
2026-01-01 00:00:01+00:00,ENG-DATASET-000,MSN-MISFIRE-000,100.0,0.0,0.0,HEALTHY,,,,0.05,INSUFFICIENT_HISTORY,NORMAL,
2026-01-01 00:00:02+00:00,ENG-DATASET-000,MSN-MISFIRE-000,100.0,0.0,0.0,HEALTHY,,,,0.1,INSUFFICIENT_HISTORY,NORMAL,
2026-01-01 00:00:03+00:00,ENG-DATASET-000,MSN-MISFIRE-000,100.0,0.0,0.0,HEALTHY,,,,0.15,INSUFFICIENT_HISTORY,NORMAL,
2026-01-01 00:00:04+00:00,ENG-DATASET-000,MSN-MISFIRE-000,100.0,0.0,0.0,HEALTHY,,,,0.2,INSUFFICIENT_HISTORY,NORMAL,
2026-01-01 00:00:05+00:00,ENG-DATASET-000,MSN-MISFIRE-000,100.0,0.0,0.0,HEALTHY,,,,0.25,STABLE,NORMAL,
2026-01-01 00:00:06+00:00,ENG-DATASET-000,MSN-MISFIRE-000,100.0,0.0,0.0,HEALTHY,,,,0.3,STABLE,NORMAL,
2026-01-01 00:00:07+00:00,ENG-DATASET-000,MSN-MISFIRE-000,100.0,0.0,0.0,HEALTHY,,,,0.35,STABLE,NORMAL,
2026-01-01 00:00:08+00:00,ENG-DATASET-000,MSN-MISFIRE-000,100.0,0.0,0.0,HEALTHY,,,,0.4,STABLE,NORMAL,
2026-01-01 00:00:09+00:00,ENG-DATASET-000,MSN-MISFIRE-000,100.0,0.0,0.0,HEALTHY,,,,0.45,STABLE,NORMAL,
2026-01-01 00:00:10+00:00,ENG-DATASET-000,MSN-MISFIRE-000,100.0,0.0,0.0,HEALTHY,,,,0.5,STABLE,NORMAL,
2026-01-01 00:00:11+00:00,ENG-DATASET-000,MSN-MISFIRE-000,100.0,0.0,0.0,HEALTHY,,,,0.55,STABLE,NORMAL,
2026-01-01 00:00:12+00:00,ENG-DATASET-000,MSN-MISFIRE-000,100.0,0.0,0.0,HEALTHY,,,,0.6,STABLE,NORMAL,
2026-01-01 00:00:13+00:00,ENG-DATASET-000,MSN-MISFIRE-000,100.0,0.0,0.0,HEALTHY,,,,0.65,STABLE,NORMAL,
2026-01-01 00:00:14+00:00,ENG-DATASET-000,MSN-MISFIRE-000,100.0,0.0,0.0,HEALTHY,,,,0.7,STABLE,NORMAL,
2026-01-01 00:00:15+00:00,ENG-DATASET-000,MSN-MISFIRE-000,100.0,0.0,0.0,HEALTHY,,,,0.75,STABLE,NORMAL,
2026-01-01 00:00:16+00:00,ENG-DATASET-000,MSN-MISFIRE-000,100.0,0.0,0.0,HEALTHY,,,,0.8,STABLE,NORMAL,
2026-01-01 00:00:17+00:00,ENG-DATASET-000,MSN-MISFIRE-000,100.0,0.0,0.0,HEALTHY,,,,0.85,STABLE,NORMAL,
2026-01-01 00:00:18+00:00,ENG-DATASET-000,MSN-MISFIRE-000,100.0,0.0,0.0,HEALTHY,,,,0.9,STABLE,NORMAL,
2026-01-01 00:00:19+00:00,ENG-DATASET-000,MSN-MISFIRE-000,100.0,0.0,0.0,HEALTHY,,,,0.95,STABLE,NORMAL,
2026-01-01 00:00:20+00:00,ENG-DATASET-000,MSN-MISFIRE-000,100.0,0.0,0.0,HEALTHY,,,,1.0,STABLE,NORMAL,
2026-01-01 00:00:21+00:00,ENG-DATASET-000,MSN-MISFIRE-000,100.0,0.0,0.0,HEALTHY,,,,1.0,STABLE,NORMAL,
2026-01-01 00:00:22+00:00,ENG-DATASET-000,MSN-MISFIRE-000,100.0,0.0,0.0,HEALTHY,,,,1.0,STABLE,NORMAL,
2026-01-01 00:00:23+00:00,ENG-DATASET-000,MSN-MISFIRE-000,100.0,0.0,0.0,HEALTHY,,,,1.0,STABLE,NORMAL,
2026-01-01 00:00:24+00:00,ENG-DATASET-000,MSN-MISFIRE-000,100.0,0.0,0.0,HEALTHY,,,,1.0,STABLE,NORMAL,
2026-01-01 00:00:25+00:00,ENG-DATASET-000,MSN-MISFIRE-000,100.0,0.0,0.0,HEALTHY,,,,1.0,STABLE,NORMAL,
2026-01-01 00:00:26+00:00,ENG-DATASET-000,MSN-MISFIRE-000,100.0,0.0,0.0,HEALTHY,,,,1.0,STABLE,NORMAL,
2026-01-01 00:00:27+00:00,ENG-DATASET-000,MSN-MISFIRE-000,100.0,0.0,0.0,HEALTHY,,,,1.0,STABLE,NORMAL,
2026-01-01 00:00:28+00:00,ENG-DATASET-000,MSN-MISFIRE-000,100.0,0.0,0.0,HEALTHY,,,,1.0,STABLE,NORMAL,
2026-01-01 00:00:29+00:00,ENG-DATASET-000,MSN-MISFIRE-000,100.0,0.0,0.0,HEALTHY,,,,1.0,STABLE,NORMAL,
2026-01-01 00:00:30+00:00,ENG-DATASET-000,MSN-MISFIRE-000,100.0,0.0,0.0,HEALTHY,,,,1.0,STABLE,NORMAL,
2026-01-01 00:00:31+00:00,ENG-DATASET-000,MSN-MISFIRE-000,100.0,0.0,0.0,HEALTHY,,,,1.0,STABLE,NORMAL,
2026-01-01 00:00:32+00:00,ENG-DATASET-000,MSN-MISFIRE-000,100.0,0.0,0.0,HEALTHY,,,,1.0,STABLE,NORMAL,
2026-01-01 00:00:33+00:00,ENG-DATASET-000,MSN-MISFIRE-000,100.0,0.0,0.0,HEALTHY,,,,1.0,STABLE,NORMAL,
2026-01-01 00:00:34+00:00,ENG-DATASET-000,MSN-MISFIRE-000,100.0,0.0,0.0,HEALTHY,,,,1.0,STABLE,NORMAL,
2026-01-01 00:00:35+00:00,ENG-DATASET-000,MSN-MISFIRE-000,100.0,0.0,0.0,HEALTHY,,,,1.0,STABLE,NORMAL,
2026-01-01 00:00:36+00:00,ENG-DATASET-000,MSN-MISFIRE-000,100.0,0.0,0.0,HEALTHY,,,,1.0,STABLE,NORMAL,
2026-01-01 00:00:37+00:00,ENG-DATASET-000,MSN-MISFIRE-000,100.0,0.0,0.0,HEALTHY,,,,1.0,STABLE,NORMAL,
2026-01-01 00:00:38+00:00,ENG-DATASET-000,MSN-MISFIRE-000,100.0,0.0,0.0,HEALTHY,,,,1.0,STABLE,NORMAL,
2026-01-01 00:00:39+00:00,ENG-DATASET-000,MSN-MISFIRE-000,100.0,0.0,0.0,HEALTHY,,,,1.0,STABLE,NORMAL,
2026-01-01 00:00:40+00:00,ENG-DATASET-000,MSN-MISFIRE-000,100.0,0.0,0.0,HEALTHY,,,,1.0,STABLE,NORMAL,
2026-01-01 00:00:41+00:00,ENG-DATASET-000,MSN-MISFIRE-000,100.0,0.0,0.0,HEALTHY,,,,1.0,STABLE,NORMAL,
2026-01-01 00:00:42+00:00,ENG-DATASET-000,MSN-MISFIRE-000,100.0,0.0,0.0,HEALTHY,,,,1.0,STABLE,NORMAL,
2026-01-01 00:00:43+00:00,ENG-DATASET-000,MSN-MISFIRE-000,100.0,0.0,0.0,HEALTHY,,,,1.0,STABLE,NORMAL,
2026-01-01 00:00:44+00:00,ENG-DATASET-000,MSN-MISFIRE-000,100.0,0.0,0.0,HEALTHY,,,,1.0,STABLE,NORMAL,
2026-01-01 00:00:45+00:00,ENG-DATASET-000,MSN-MISFIRE-000,100.0,0.0,0.0,HEALTHY,,,,1.0,STABLE,NORMAL,
2026-01-01 00:00:46+00:00,ENG-DATASET-000,MSN-MISFIRE-000,100.0,0.0,0.0,HEALTHY,,,,1.0,STABLE,NORMAL,
2026-01-01 00:00:47+00:00,ENG-DATASET-000,MSN-MISFIRE-000,100.0,0.0,0.0,HEALTHY,,,,1.0,STABLE,NORMAL,
2026-01-01 00:00:48+00:00,ENG-DATASET-000,MSN-MISFIRE-000,100.0,0.0,0.0,HEALTHY,,,,1.0,STABLE,NORMAL,
2026-01-01 00:00:49+00:00,ENG-DATASET-000,MSN-MISFIRE-000,100.0,0.0,0.0,HEALTHY,,,,1.0,STABLE,NORMAL,
2026-01-01 00:00:50+00:00,ENG-DATASET-000,MSN-MISFIRE-000,100.0,0.0,0.0,HEALTHY,,,,1.0,STABLE,NORMAL,
2026-01-01 00:00:51+00:00,ENG-DATASET-000,MSN-MISFIRE-000,100.0,0.0,0.0,HEALTHY,,,,1.0,STABLE,NORMAL,
2026-01-01 00:00:52+00:00,ENG-DATASET-000,MSN-MISFIRE-000,100.0,0.0,0.0,HEALTHY,,,,1.0,STABLE,NORMAL,
2026-01-01 00:00:53+00:00,ENG-DATASET-000,MSN-MISFIRE-000,100.0,0.0,0.0,HEALTHY,,,,1.0,STABLE,NORMAL,
2026-01-01 00:00:54+00:00,ENG-DATASET-000,MSN-MISFIRE-000,100.0,0.0,0.0,HEALTHY,,,,1.0,STABLE,NORMAL,
2026-01-01 00:00:55+00:00,ENG-DATASET-000,MSN-MISFIRE-000,100.0,0.0,0.0,HEALTHY,,,,1.0,STABLE,NORMAL,
2026-01-01 00:00:56+00:00,ENG-DATASET-000,MSN-MISFIRE-000,100.0,0.0,0.0,HEALTHY,,,,1.0,STABLE,NORMAL,
2026-01-01 00:00:57+00:00,ENG-DATASET-000,MSN-MISFIRE-000,100.0,0.0,0.0,HEALTHY,,,,1.0,STABLE,NORMAL,
2026-01-01 00:00:58+00:00,ENG-DATASET-000,MSN-MISFIRE-000,100.0,0.0,0.0,HEALTHY,,,,1.0,STABLE,NORMAL,
2026-01-01 00:00:59+00:00,ENG-DATASET-000,MSN-MISFIRE-000,100.0,0.0,0.0,HEALTHY,,,,1.0,STABLE,NORMAL,
2026-01-01 00:01:00+00:00,ENG-DATASET-000,MSN-MISFIRE-000,100.0,0.0,0.0,HEALTHY,,,,1.0,STABLE,NORMAL,
2026-01-01 00:01:01+00:00,ENG-DATASET-000,MSN-MISFIRE-000,100.0,0.0,0.0,HEALTHY,,,,1.0,STABLE,NORMAL,
2026-01-01 00:01:02+00:00,ENG-DATASET-000,MSN-MISFIRE-000,100.0,0.0,0.0,HEALTHY,,,,1.0,STABLE,NORMAL,
2026-01-01 00:01:03+00:00,ENG-DATASET-000,MSN-MISFIRE-000,100.0,0.0,0.0,HEALTHY,,,,1.0,STABLE,NORMAL,
2026-01-01 00:01:04+00:00,ENG-DATASET-000,MSN-MISFIRE-000,100.0,0.0,0.0,HEALTHY,,,,1.0,STABLE,NORMAL,
2026-01-01 00:01:05+00:00,ENG-DATASET-000,MSN-MISFIRE-000,100.0,0.0,0.0,HEALTHY,,,,1.0,STABLE,NORMAL,
2026-01-01 00:01:06+00:00,ENG-DATASET-000,MSN-MISFIRE-000,100.0,0.0,0.0,HEALTHY,,,,1.0,STABLE,NORMAL,
2026-01-01 00:01:07+00:00,ENG-DATASET-000,MSN-MISFIRE-000,100.0,0.0,0.0,HEALTHY,,,,1.0,STABLE,NORMAL,
2026-01-01 00:01:08+00:00,ENG-DATASET-000,MSN-MISFIRE-000,100.0,0.0,0.0,HEALTHY,,,,1.0,STABLE,NORMAL,
2026-01-01 00:01:09+00:00,ENG-DATASET-000,MSN-MISFIRE-000,100.0,0.0,0.0,HEALTHY,,,,1.0,STABLE,NORMAL,
2026-01-01 00:01:10+00:00,ENG-DATASET-000,MSN-MISFIRE-000,100.0,0.0,0.0,HEALTHY,,,,1.0,STABLE,NORMAL,
2026-01-01 00:01:11+00:00,ENG-DATASET-000,MSN-MISFIRE-000,100.0,0.0,0.0,HEALTHY,,,,1.0,STABLE,NORMAL,
2026-01-01 00:01:12+00:00,ENG-DATASET-000,MSN-MISFIRE-000,100.0,0.0,0.0,HEALTHY,,,,1.0,STABLE,NORMAL,
2026-01-01 00:01:13+00:00,ENG-DATASET-000,MSN-MISFIRE-000,100.0,0.0,0.0,HEALTHY,,,,1.0,STABLE,NORMAL,
2026-01-01 00:01:14+00:00,ENG-DATASET-000,MSN-MISFIRE-000,100.0,0.0,0.0,HEALTHY,,,,1.0,STABLE,NORMAL,
2026-01-01 00:01:15+00:00,ENG-DATASET-000,MSN-MISFIRE-000,100.0,0.0,0.0,HEALTHY,,,,1.0,STABLE,NORMAL,
2026-01-01 00:01:16+00:00,ENG-DATASET-000,MSN-MISFIRE-000,100.0,0.0,0.0,HEALTHY,,,,1.0,STABLE,NORMAL,
2026-01-01 00:01:17+00:00,ENG-DATASET-000,MSN-MISFIRE-000,100.0,0.0,0.0,HEALTHY,,,,1.0,STABLE,NORMAL,
2026-01-01 00:01:18+00:00,ENG-DATASET-000,MSN-MISFIRE-000,100.0,0.0,0.0,HEALTHY,,,,1.0,STABLE,NORMAL,
2026-01-01 00:01:19+00:00,ENG-DATASET-000,MSN-MISFIRE-000,100.0,0.0,0.0,HEALTHY,,,,1.0,STABLE,NORMAL,
2026-01-01 00:01:20+00:00,ENG-DATASET-000,MSN-MISFIRE-000,100.0,0.0,0.0,HEALTHY,,,,1.0,STABLE,NORMAL,
2026-01-01 00:01:21+00:00,ENG-DATASET-000,MSN-MISFIRE-000,100.0,0.0,0.0,HEALTHY,,,,1.0,STABLE,NORMAL,
2026-01-01 00:01:22+00:00,ENG-DATASET-000,MSN-MISFIRE-000,100.0,0.0,0.0,HEALTHY,,,,1.0,STABLE,NORMAL,
2026-01-01 00:01:23+00:00,ENG-DATASET-000,MSN-MISFIRE-000,100.0,0.0,0.0,HEALTHY,,,,1.0,STABLE,NORMAL,
2026-01-01 00:01:24+00:00,ENG-DATASET-000,MSN-MISFIRE-000,100.0,0.0,0.0,HEALTHY,,,,1.0,STABLE,NORMAL,
2026-01-01 00:01:25+00:00,ENG-DATASET-000,MSN-MISFIRE-000,100.0,0.0,0.0,HEALTHY,,,,1.0,STABLE,NORMAL,
2026-01-01 00:01:26+00:00,ENG-DATASET-000,MSN-MISFIRE-000,100.0,0.0,0.0,HEALTHY,,,,1.0,STABLE,NORMAL,
2026-01-01 00:01:27+00:00,ENG-DATASET-000,MSN-MISFIRE-000,100.0,0.0,0.0,HEALTHY,,,,1.0,STABLE,NORMAL,
2026-01-01 00:01:28+00:00,ENG-DATASET-000,MSN-MISFIRE-000,100.0,0.0,0.0,HEALTHY,,,,1.0,STABLE,NORMAL,
2026-01-01 00:01:29+00:00,ENG-DATASET-000,MSN-MISFIRE-000,100.0,0.0,0.0,HEALTHY,,,,1.0,STABLE,NORMAL,
2026-01-01 00:01:30+00:00,ENG-DATASET-000,MSN-MISFIRE-000,100.0,0.0,0.0,HEALTHY,,,,1.0,STABLE,NORMAL,
2026-01-01 00:01:31+00:00,ENG-DATASET-000,MSN-MISFIRE-000,100.0,0.0,0.0,HEALTHY,,,,1.0,STABLE,NORMAL,
2026-01-01 00:01:32+00:00,ENG-DATASET-000,MSN-MISFIRE-000,100.0,0.0,0.0,HEALTHY,,,,1.0,STABLE,NORMAL,
2026-01-01 00:01:33+00:00,ENG-DATASET-000,MSN-MISFIRE-000,100.0,0.0,0.0,HEALTHY,,,,1.0,STABLE,NORMAL,
2026-01-01 00:01:34+00:00,ENG-DATASET-000,MSN-MISFIRE-000,100.0,0.0,0.0,HEALTHY,,,,1.0,STABLE,NORMAL,
2026-01-01 00:01:35+00:00,ENG-DATASET-000,MSN-MISFIRE-000,100.0,0.0,0.0,HEALTHY,,,,1.0,STABLE,NORMAL,
2026-01-01 00:01:36+00:00,ENG-DATASET-000,MSN-MISFIRE-000,100.0,0.0,0.0,HEALTHY,,,,1.0,STABLE,NORMAL,
2026-01-01 00:01:37+00:00,ENG-DATASET-000,MSN-MISFIRE-000,100.0,0.0,0.0,HEALTHY,,,,1.0,STABLE,NORMAL,
2026-01-01 00:01:38+00:00,ENG-DATASET-000,MSN-MISFIRE-000,100.0,0.0,0.0,HEALTHY,,,,1.0,STABLE,NORMAL,
2026-01-01 00:01:39+00:00,ENG-DATASET-000,MSN-MISFIRE-000,100.0,0.0,0.0,HEALTHY,,,,1.0,STABLE,NORMAL,
2026-01-01 00:01:40+00:00,ENG-DATASET-000,MSN-MISFIRE-000,100.0,0.0,0.0,HEALTHY,,,,1.0,STABLE,NORMAL,
2026-01-01 00:01:41+00:00,ENG-DATASET-000,MSN-MISFIRE-000,100.0,0.0,0.0,HEALTHY,,,,1.0,STABLE,NORMAL,
2026-01-01 00:01:42+00:00,ENG-DATASET-000,MSN-MISFIRE-000,100.0,0.0,0.0,HEALTHY,,,,1.0,STABLE,NORMAL,
2026-01-01 00:01:43+00:00,ENG-DATASET-000,MSN-MISFIRE-000,100.0,0.0,0.0,HEALTHY,,,,1.0,STABLE,NORMAL,
2026-01-01 00:01:44+00:00,ENG-DATASET-000,MSN-MISFIRE-000,100.0,0.0,0.0,HEALTHY,,,,1.0,STABLE,NORMAL,
2026-01-01 00:01:45+00:00,ENG-DATASET-000,MSN-MISFIRE-000,100.0,0.0,0.0,HEALTHY,,,,1.0,STABLE,NORMAL,
2026-01-01 00:01:46+00:00,ENG-DATASET-000,MSN-MISFIRE-000,100.0,0.0,0.0,HEALTHY,,,,1.0,STABLE,NORMAL,
2026-01-01 00:01:47+00:00,ENG-DATASET-000,MSN-MISFIRE-000,100.0,0.0,0.0,HEALTHY,,,,1.0,STABLE,NORMAL,
2026-01-01 00:01:48+00:00,ENG-DATASET-000,MSN-MISFIRE-000,100.0,0.0,0.0,HEALTHY,,,,1.0,STABLE,NORMAL,
2026-01-01 00:01:49+00:00,ENG-DATASET-000,MSN-MISFIRE-000,100.0,0.0,0.0,HEALTHY,,,,1.0,STABLE,NORMAL,
2026-01-01 00:01:50+00:00,ENG-DATASET-000,MSN-MISFIRE-000,100.0,0.0,0.0,HEALTHY,,,,1.0,STABLE,NORMAL,
2026-01-01 00:01:51+00:00,ENG-DATASET-000,MSN-MISFIRE-000,100.0,0.0,0.0,HEALTHY,,,,1.0,STABLE,NORMAL,
2026-01-01 00:01:52+00:00,ENG-DATASET-000,MSN-MISFIRE-000,100.0,0.0,0.0,HEALTHY,,,,1.0,STABLE,NORMAL,
2026-01-01 00:01:53+00:00,ENG-DATASET-000,MSN-MISFIRE-000,100.0,0.0,0.0,HEALTHY,,,,1.0,STABLE,NORMAL,
2026-01-01 00:01:54+00:00,ENG-DATASET-000,MSN-MISFIRE-000,100.0,0.0,0.0,HEALTHY,,,,1.0,STABLE,NORMAL,
2026-01-01 00:01:55+00:00,ENG-DATASET-000,MSN-MISFIRE-000,100.0,0.0,0.0,HEALTHY,,,,1.0,STABLE,NORMAL,
2026-01-01 00:01:56+00:00,ENG-DATASET-000,MSN-MISFIRE-000,100.0,0.0,0.0,HEALTHY,,,,1.0,STABLE,NORMAL,
2026-01-01 00:01:57+00:00,ENG-DATASET-000,MSN-MISFIRE-000,100.0,0.0,0.0,HEALTHY,,,,1.0,STABLE,NORMAL,
2026-01-01 00:01:58+00:00,ENG-DATASET-000,MSN-MISFIRE-000,100.0,0.0,0.0,HEALTHY,,,,1.0,STABLE,NORMAL,
2026-01-01 00:01:59+00:00,ENG-DATASET-000,MSN-MISFIRE-000,100.0,0.0,0.0,HEALTHY,,,,1.0,STABLE,NORMAL,
2026-01-01 00:02:00+00:00,ENG-DATASET-000,MSN-MISFIRE-000,100.0,0.0,0.0,HEALTHY,,,,1.0,STABLE,NORMAL,
2026-01-01 00:02:01+00:00,ENG-DATASET-000,MSN-MISFIRE-000,100.0,0.0,0.0,MISFIRE,,,,1.0,STABLE,PHYSICAL_FAULT,
2026-01-01 00:02:02+00:00,ENG-DATASET-000,MSN-MISFIRE-000,100.0,0.0,0.0,MISFIRE,,,,1.0,STABLE,PHYSICAL_FAULT,
2026-01-01 00:02:03+00:00,ENG-DATASET-000,MSN-MISFIRE-000,100.0,0.0,0.0,MISFIRE,,,,1.0,STABLE,PHYSICAL_FAULT,
2026-01-01 00:02:04+00:00,ENG-DATASET-000,MSN-MISFIRE-000,100.0,0.0,0.0,MISFIRE,,,,1.0,STABLE,PHYSICAL_FAULT,
2026-01-01 00:02:05+00:00,ENG-DATASET-000,MSN-MISFIRE-000,100.0,0.0,0.0,MISFIRE,,,,1.0,STABLE,PHYSICAL_FAULT,
2026-01-01 00:02:06+00:00,ENG-DATASET-000,MSN-MISFIRE-000,100.0,0.0,0.0,MISFIRE,,,,1.0,STABLE,PHYSICAL_FAULT,
2026-01-01 00:02:07+00:00,ENG-DATASET-000,MSN-MISFIRE-000,100.0,0.0,0.0,MISFIRE,,,,1.0,STABLE,PHYSICAL_FAULT,
2026-01-01 00:02:08+00:00,ENG-DATASET-000,MSN-MISFIRE-000,100.0,0.0,0.0,MISFIRE,,,,1.0,STABLE,PHYSICAL_FAULT,
2026-01-01 00:02:09+00:00,ENG-DATASET-000,MSN-MISFIRE-000,100.0,0.0,0.0,MISFIRE,,,,1.0,STABLE,PHYSICAL_FAULT,
2026-01-01 00:02:10+00:00,ENG-DATASET-000,MSN-MISFIRE-000,99.44,0.0194,3.3049,MISFIRE,14.54,0.09,1922.4,0.993,ESTIMATED,PHYSICAL_FAULT,
2026-01-01 00:02:11+00:00,ENG-DATASET-000,MSN-MISFIRE-000,98.15,0.0194,14.1109,MISFIRE,3.41,0.04,1922.4,0.993,LOW_RUL,PHYSICAL_FAULT,
2026-01-01 00:02:12+00:00,ENG-DATASET-000,MSN-MISFIRE-000,98.15,0.0194,24.5468,MISFIRE,1.96,0.04,1922.4,0.993,LOW_RUL,PHYSICAL_FAULT,
2026-01-01 00:02:13+00:00,ENG-DATASET-000,MSN-MISFIRE-000,97.59,0.0388,37.9175,MISFIRE,1.22,0.03,1844.8,0.987,LOW_RUL,PHYSICAL_FAULT,
2026-01-01 00:02:14+00:00,ENG-DATASET-000,MSN-MISFIRE-000,96.3,0.0388,58.4192,MISFIRE,0.79,0.03,1844.8,0.987,LOW_RUL,PHYSICAL_FAULT,
2026-01-01 00:02:15+00:00,ENG-DATASET-000,MSN-MISFIRE-000,96.86,0.0194,74.8758,MISFIRE,0.64,0.02,1922.4,0.993,LOW_RUL,PHYSICAL_FAULT,
2026-01-01 00:02:16+00:00,ENG-DATASET-000,MSN-MISFIRE-000,98.15,0.0194,83.0911,MISFIRE,0.58,0.02,1922.4,0.993,LOW_RUL,PHYSICAL_FAULT,
2026-01-01 00:02:17+00:00,ENG-DATASET-000,MSN-MISFIRE-000,98.15,0.0194,90.9363,MISFIRE,0.53,0.02,1922.4,0.993,LOW_RUL,PHYSICAL_FAULT,
2026-01-01 00:02:18+00:00,ENG-DATASET-000,MSN-MISFIRE-000,98.71,0.0,95.1064,MISFIRE,0.53,0.02,2000.0,1.0,LOW_RUL,PHYSICAL_FAULT,
2026-01-01 00:02:19+00:00,ENG-DATASET-000,MSN-MISFIRE-000,100.0,0.0,91.4054,MISFIRE,0.55,0.02,2000.0,1.0,LOW_RUL,PHYSICAL_FAULT,
2026-01-01 00:02:20+00:00,ENG-DATASET-000,MSN-MISFIRE-000,99.33,0.0235,91.6585,MISFIRE,0.52,0.02,1906.0,0.992,LOW_RUL,PHYSICAL_FAULT,
2026-01-01 00:02:21+00:00,ENG-DATASET-000,MSN-MISFIRE-000,97.78,0.0235,100.925,MISFIRE,0.47,0.02,1906.0,0.992,LOW_RUL,PHYSICAL_FAULT,
2026-01-01 00:02:22+00:00,ENG-DATASET-000,MSN-MISFIRE-000,97.78,0.0235,109.7475,MISFIRE,0.43,0.02,1906.0,0.992,LOW_RUL,PHYSICAL_FAULT,
2026-01-01 00:02:23+00:00,ENG-DATASET-000,MSN-MISFIRE-000,97.78,0.0235,118.1258,MISFIRE,0.4,0.02,1906.0,0.992,LOW_RUL,PHYSICAL_FAULT,
2026-01-01 00:02:24+00:00,ENG-DATASET-000,MSN-MISFIRE-000,97.78,0.0235,126.06,MISFIRE,0.38,0.02,1906.0,0.992,LOW_RUL,PHYSICAL_FAULT,
2026-01-01 00:02:25+00:00,ENG-DATASET-000,MSN-MISFIRE-000,98.44,0.0,129.655,MISFIRE,0.39,0.02,2000.0,1.0,LOW_RUL,PHYSICAL_FAULT,
2026-01-01 00:02:26+00:00,ENG-DATASET-000,MSN-MISFIRE-000,100.0,0.0,123.7314,MISFIRE,0.4,0.01,2000.0,1.0,LOW_RUL,PHYSICAL_FAULT,
2026-01-01 00:02:27+00:00,ENG-DATASET-000,MSN-MISFIRE-000,99.32,0.0238,121.8208,MISFIRE,0.39,0.01,1904.8,0.992,LOW_RUL,PHYSICAL_FAULT,
2026-01-01 00:02:28+00:00,ENG-DATASET-000,MSN-MISFIRE-000,97.04,0.0488,133.23,MISFIRE,0.34,0.01,1804.8,0.984,LOW_RUL,PHYSICAL_FAULT,
2026-01-01 00:02:29+00:00,ENG-DATASET-000,MSN-MISFIRE-000,95.38,0.0488,153.8437,MISFIRE,0.29,0.01,1804.8,0.984,LOW_RUL,PHYSICAL_FAULT,
2026-01-01 00:02:30+00:00,ENG-DATASET-000,MSN-MISFIRE-000,95.38,0.0488,173.5332,MISFIRE,0.26,0.01,1804.8,0.984,LOW_RUL,PHYSICAL_FAULT,
2026-01-01 00:02:31+00:00,ENG-DATASET-000,MSN-MISFIRE-000,95.38,0.0488,192.2984,MISFIRE,0.23,0.01,1804.8,0.984,LOW_RUL,PHYSICAL_FAULT,
2026-01-01 00:02:32+00:00,ENG-DATASET-000,MSN-MISFIRE-000,96.06,0.025,206.1263,MISFIRE,0.23,0.01,1900.0,0.992,LOW_RUL,PHYSICAL_FAULT,
2026-01-01 00:02:33+00:00,ENG-DATASET-000,MSN-MISFIRE-000,98.34,0.0,205.7101,MISFIRE,0.24,0.01,2000.0,1.0,LOW_RUL,PHYSICAL_FAULT,
2026-01-01 00:02:34+00:00,ENG-DATASET-000,MSN-MISFIRE-000,100.0,0.0,195.1652,MISFIRE,0.26,0.01,2000.0,1.0,LOW_RUL,PHYSICAL_FAULT,
2026-01-01 00:02:35+00:00,ENG-DATASET-000,MSN-MISFIRE-000,100.0,0.0,184.6203,MISFIRE,0.27,0.01,2000.0,1.0,LOW_RUL,PHYSICAL_FAULT,
2026-01-01 00:02:36+00:00,ENG-DATASET-000,MSN-MISFIRE-000,100.0,0.0,174.0754,MISFIRE,0.29,0.01,2000.0,1.0,LOW_RUL,PHYSICAL_FAULT,
2026-01-01 00:02:37+00:00,ENG-DATASET-000,MSN-MISFIRE-000,100.0,0.0,163.5304,MISFIRE,0.31,0.01,2000.0,1.0,LOW_RUL,PHYSICAL_FAULT,
2026-01-01 00:02:38+00:00,ENG-DATASET-000,MSN-MISFIRE-000,100.0,0.0,152.9855,MISFIRE,0.33,0.01,2000.0,1.0,LOW_RUL,PHYSICAL_FAULT,
2026-01-01 00:02:39+00:00,ENG-DATASET-000,MSN-MISFIRE-000,100.0,0.0,142.4406,MISFIRE,0.35,0.01,2000.0,1.0,LOW_RUL,PHYSICAL_FAULT,
2026-01-01 00:02:40+00:00,ENG-DATASET-000,MSN-MISFIRE-000,100.0,0.0,131.8956,MISFIRE,0.38,0.01,2000.0,1.0,LOW_RUL,PHYSICAL_FAULT,
2026-01-01 00:02:41+00:00,ENG-DATASET-000,MSN-MISFIRE-000,100.0,0.0,121.3507,MISFIRE,0.41,0.01,2000.0,1.0,LOW_RUL,PHYSICAL_FAULT,
2026-01-01 00:02:42+00:00,ENG-DATASET-000,MSN-MISFIRE-000,98.97,0.0361,116.8845,MISFIRE,0.4,0.01,1855.6,0.988,LOW_RUL,PHYSICAL_FAULT,
2026-01-01 00:02:43+00:00,ENG-DATASET-000,MSN-MISFIRE-000,95.48,0.0741,132.8089,MISFIRE,0.32,0.01,1703.6,0.975,LOW_RUL,PHYSICAL_FAULT,
2026-01-01 00:02:44+00:00,ENG-DATASET-000,MSN-MISFIRE-000,92.96,0.0741,162.7012,MISFIRE,0.26,0.01,1703.6,0.975,LOW_RUL,PHYSICAL_FAULT,
2026-01-01 00:02:45+00:00,ENG-DATASET-000,MSN-MISFIRE-000,91.85,0.1128,197.7359,MISFIRE,0.2,0.01,1548.8,0.962,LOW_RUL,PHYSICAL_FAULT,
2026-01-01 00:02:46+00:00,ENG-DATASET-000,MSN-MISFIRE-000,88.36,0.1444,251.7369,MISFIRE,0.14,0.0,1422.4,0.95,LOW_RUL,PHYSICAL_FAULT,
2026-01-01 00:02:47+00:00,ENG-DATASET-000,MSN-MISFIRE-000,86.21,0.1448,316.0978,MISFIRE,0.11,0.0,1420.8,0.949,LOW_RUL,PHYSICAL_FAULT,
2026-01-01 00:02:48+00:00,ENG-DATASET-000,MSN-MISFIRE-000,86.15,0.1453,378.054,MISFIRE,0.09,0.0,1418.8,0.949,LOW_RUL,PHYSICAL_FAULT,
2026-01-01 00:02:49+00:00,ENG-DATASET-000,MSN-MISFIRE-000,86.11,0.1453,437.4755,MISFIRE,0.08,0.0,1418.8,0.949,LOW_RUL,PHYSICAL_FAULT,
2026-01-01 00:02:50+00:00,ENG-DATASET-000,MSN-MISFIRE-000,86.99,0.1156,488.9248,MISFIRE,0.08,0.0,1537.6,0.962,LOW_RUL,PHYSICAL_FAULT,
2026-01-01 00:02:51+00:00,ENG-DATASET-000,MSN-MISFIRE-000,90.09,0.0781,519.4763,MISFIRE,0.08,0.0,1687.6,0.974,LOW_RUL,PHYSICAL_FAULT,
2026-01-01 00:02:52+00:00,ENG-DATASET-000,MSN-MISFIRE-000,92.53,0.0803,533.6452,MISFIRE,0.08,0.0,1678.8,0.974,LOW_RUL,PHYSICAL_FAULT,
2026-01-01 00:02:53+00:00,ENG-DATASET-000,MSN-MISFIRE-000,92.32,0.0827,547.5591,MISFIRE,0.08,0.0,1669.2,0.973,LOW_RUL,PHYSICAL_FAULT,
2026-01-01 00:02:54+00:00,ENG-DATASET-000,MSN-MISFIRE-000,92.16,0.0827,560.8808,MISFIRE,0.07,0.0,1669.2,0.973,LOW_RUL,PHYSICAL_FAULT,
2026-01-01 00:02:55+00:00,ENG-DATASET-000,MSN-MISFIRE-000,92.16,0.0827,572.6341,MISFIRE,0.07,0.0,1669.2,0.973,LOW_RUL,PHYSICAL_FAULT,
2026-01-01 00:02:56+00:00,ENG-DATASET-000,MSN-MISFIRE-000,92.16,0.0827,582.8189,MISFIRE,0.07,0.0,1669.2,0.973,LOW_RUL,PHYSICAL_FAULT,
2026-01-01 00:02:57+00:00,ENG-DATASET-000,MSN-MISFIRE-000,92.1,0.0852,591.7894,MISFIRE,0.07,0.0,1659.2,0.973,LOW_RUL,PHYSICAL_FAULT,
2026-01-01 00:02:58+00:00,ENG-DATASET-000,MSN-MISFIRE-000,93.15,0.0426,592.9827,MISFIRE,0.08,0.01,1829.6,0.986,LOW_RUL,PHYSICAL_FAULT,
2026-01-01 00:02:59+00:00,ENG-DATASET-000,MSN-MISFIRE-000,94.66,0.089,583.8942,MISFIRE,0.07,0.0,1644.0,0.972,LOW_RUL,PHYSICAL_FAULT,
2026-01-01 00:03:00+00:00,ENG-DATASET-000,MSN-MISFIRE-000,91.6,0.089,591.7964,MISFIRE,0.07,0.0,1644.0,0.972,LOW_RUL,PHYSICAL_FAULT,
2026-01-01 00:03:01+00:00,ENG-DATASET-000,MSN-MISFIRE-000,91.6,0.089,598.0181,MISFIRE,0.07,0.0,1644.0,0.972,LOW_RUL,PHYSICAL_FAULT,
2026-01-01 00:03:02+00:00,ENG-DATASET-000,MSN-MISFIRE-000,92.8,0.0464,595.4774,MISFIRE,0.08,0.0,1814.4,0.986,LOW_RUL,PHYSICAL_FAULT,
2026-01-01 00:03:03+00:00,ENG-DATASET-000,MSN-MISFIRE-000,95.62,0.0464,574.8537,MISFIRE,0.08,0.0,1814.4,0.986,LOW_RUL,PHYSICAL_FAULT,
2026-01-01 00:03:04+00:00,ENG-DATASET-000,MSN-MISFIRE-000,96.94,0.0,545.5635,MISFIRE,0.09,0.0,2000.0,1.0,LOW_RUL,PHYSICAL_FAULT,
2026-01-01 00:03:05+00:00,ENG-DATASET-000,MSN-MISFIRE-000,100.0,0.0,497.6022,MISFIRE,0.1,0.0,2000.0,1.0,LOW_RUL,PHYSICAL_FAULT,
2026-01-01 00:03:06+00:00,ENG-DATASET-000,MSN-MISFIRE-000,100.0,0.0,449.6409,MISFIRE,0.11,0.0,2000.0,1.0,LOW_RUL,PHYSICAL_FAULT,
2026-01-01 00:03:07+00:00,ENG-DATASET-000,MSN-MISFIRE-000,98.66,0.0474,409.5878,MISFIRE,0.11,0.0,1810.4,0.985,LOW_RUL,PHYSICAL_FAULT,
2026-01-01 00:03:08+00:00,ENG-DATASET-000,MSN-MISFIRE-000,94.1,0.0978,396.178,MISFIRE,0.1,0.0,1608.8,0.97,LOW_RUL,PHYSICAL_FAULT,
2026-01-01 00:03:09+00:00,ENG-DATASET-000,MSN-MISFIRE-000,89.61,0.1385,408.0864,MISFIRE,0.09,0.0,1446.0,0.955,LOW_RUL,PHYSICAL_FAULT,
2026-01-01 00:03:10+00:00,ENG-DATASET-000,MSN-MISFIRE-000,86.3,0.1555,440.8675,MISFIRE,0.08,0.0,1378.0,0.94,LOW_RUL,PHYSICAL_FAULT,
2026-01-01 00:03:11+00:00,ENG-DATASET-000,MSN-MISFIRE-000,84.41,0.1725,490.0451,MISFIRE,0.07,0.0,1310.0,0.925,LOW_RUL,PHYSICAL_FAULT,
2026-01-01 00:03:12+00:00,ENG-DATASET-000,MSN-MISFIRE-000,83.64,0.1559,541.0183,MISFIRE,0.06,0.0,1376.4,0.94,LOW_RUL,PHYSICAL_FAULT,
2026-01-01 00:03:13+00:00,ENG-DATASET-000,MSN-MISFIRE-000,85.51,0.1391,581.4695,MISFIRE,0.06,0.0,1443.6,0.955,LOW_RUL,PHYSICAL_FAULT,
2026-01-01 00:03:14+00:00,ENG-DATASET-000,MSN-MISFIRE-000,86.81,0.1395,619.7031,MISFIRE,0.06,0.0,1442.0,0.955,LOW_RUL,PHYSICAL_FAULT,
2026-01-01 00:03:15+00:00,ENG-DATASET-000,MSN-MISFIRE-000,87.93,0.0997,646.0114,MISFIRE,0.06,0.0,1601.2,0.97,LOW_RUL,PHYSICAL_FAULT,
2026-01-01 00:03:16+00:00,ENG-DATASET-000,MSN-MISFIRE-000,90.01,0.1209,650.3867,MISFIRE,0.06,0.0,1516.4,0.963,LOW_RUL,PHYSICAL_FAULT,
2026-01-01 00:03:17+00:00,ENG-DATASET-000,MSN-MISFIRE-000,88.62,0.1209,661.3367,MISFIRE,0.06,0.0,1516.4,0.963,LOW_RUL,PHYSICAL_FAULT,
2026-01-01 00:03:18+00:00,ENG-DATASET-000,MSN-MISFIRE-000,87.38,0.1615,674.2813,MISFIRE,0.05,0.0,1354.0,0.941,LOW_RUL,PHYSICAL_FAULT,
2026-01-01 00:03:19+00:00,ENG-DATASET-000,MSN-MISFIRE-000,84.16,0.1723,696.0914,MISFIRE,0.05,0.0,1310.8,0.934,LOW_RUL,PHYSICAL_FAULT,
2026-01-01 00:03:20+00:00,ENG-DATASET-000,MSN-MISFIRE-000,82.73,0.1887,727.26,MISFIRE,0.04,0.0,1245.2,0.909,LOW_RUL,PHYSICAL_FAULT,
2026-01-01 00:03:21+00:00,ENG-DATASET-000,MSN-MISFIRE-000,80.79,0.1765,776.0146,MISFIRE,0.04,0.0,1294.0,0.93,LOW_RUL,PHYSICAL_FAULT,
2026-01-01 00:03:22+00:00,ENG-DATASET-000,MSN-MISFIRE-000,82.25,0.193,812.7538,MISFIRE,0.04,0.0,1228.0,0.904,LOW_RUL,PHYSICAL_FAULT,
2026-01-01 00:03:23+00:00,ENG-DATASET-000,MSN-MISFIRE-000,80.31,0.1806,857.8353,MISFIRE,0.04,0.0,1277.6,0.927,LOW_RUL,PHYSICAL_FAULT,
2026-01-01 00:03:24+00:00,ENG-DATASET-000,MSN-MISFIRE-000,83.37,0.1525,881.3628,MISFIRE,0.04,0.0,1390.0,0.949,LOW_RUL,PHYSICAL_FAULT,
2026-01-01 00:03:25+00:00,ENG-DATASET-000,MSN-MISFIRE-000,85.37,0.1567,886.1772,MISFIRE,0.04,0.0,1373.2,0.946,LOW_RUL,PHYSICAL_FAULT,
2026-01-01 00:03:26+00:00,ENG-DATASET-000,MSN-MISFIRE-000,83.86,0.193,887.7696,MISFIRE,0.03,0.0,1228.0,0.917,LOW_RUL,PHYSICAL_FAULT,
2026-01-01 00:03:27+00:00,ENG-DATASET-000,MSN-MISFIRE-000,82.19,0.1589,900.138,MISFIRE,0.04,0.0,1364.4,0.942,LOW_RUL,PHYSICAL_FAULT,
2026-01-01 00:03:28+00:00,ENG-DATASET-000,MSN-MISFIRE-000,83.51,0.1973,915.2012,MISFIRE,0.03,0.0,1210.8,0.912,LOW_RUL,PHYSICAL_FAULT,
2026-01-01 00:03:29+00:00,ENG-DATASET-000,MSN-MISFIRE-000,79.58,0.226,960.8799,MISFIRE,0.03,0.0,1096.0,0.882,LOW_RUL,PHYSICAL_FAULT,
2026-01-01 00:03:30+00:00,ENG-DATASET-000,MSN-MISFIRE-000,76.77,0.2264,1019.9813,MISFIRE,0.03,0.0,1094.4,0.882,LOW_RUL,PHYSICAL_FAULT,
2026-01-01 00:03:31+00:00,ENG-DATASET-000,MSN-MISFIRE-000,76.73,0.2268,1075.5958,MISFIRE,0.03,0.0,1092.8,0.881,LOW_RUL,PHYSICAL_FAULT,
2026-01-01 00:03:32+00:00,ENG-DATASET-000,MSN-MISFIRE-000,76.5,0.2346,1124.6874,MISFIRE,0.02,0.0,1061.6,0.881,LOW_RUL,PHYSICAL_FAULT,
2026-01-01 00:03:33+00:00,ENG-DATASET-000,MSN-MISFIRE-000,77.7,0.1981,1148.8721,MISFIRE,0.03,0.0,1207.6,0.912,LOW_RUL,PHYSICAL_FAULT,
2026-01-01 00:03:34+00:00,ENG-DATASET-000,MSN-MISFIRE-000,80.65,0.1927,1141.3891,MISFIRE,0.03,0.0,1229.2,0.911,LOW_RUL,PHYSICAL_FAULT,
2026-01-01 00:03:35+00:00,ENG-DATASET-000,MSN-MISFIRE-000,80.59,0.1932,1130.389,MISFIRE,0.03,0.0,1227.2,0.911,LOW_RUL,PHYSICAL_FAULT,
2026-01-01 00:03:36+00:00,ENG-DATASET-000,MSN-MISFIRE-000,80.54,0.1938,1115.8009,MISFIRE,0.03,0.0,1224.8,0.91,LOW_RUL,PHYSICAL_FAULT,
2026-01-01 00:03:37+00:00,ENG-DATASET-000,MSN-MISFIRE-000,80.34,0.1996,1098.5001,MISFIRE,0.03,0.0,1201.6,0.91,LOW_RUL,PHYSICAL_FAULT,
2026-01-01 00:03:38+00:00,ENG-DATASET-000,MSN-MISFIRE-000,79.3,0.2293,1083.4039,MISFIRE,0.02,0.0,1082.8,0.879,LOW_RUL,PHYSICAL_FAULT,
2026-01-01 00:03:39+00:00,ENG-DATASET-000,MSN-MISFIRE-000,77.43,0.2002,1075.2027,MISFIRE,0.03,0.0,1199.2,0.909,LOW_RUL,PHYSICAL_FAULT,
2026-01-01 00:03:40+00:00,ENG-DATASET-000,MSN-MISFIRE-000,81.48,0.163,1038.5845,MISFIRE,0.03,0.0,1348.0,0.939,LOW_RUL,PHYSICAL_FAULT,
2026-01-01 00:03:41+00:00,ENG-DATASET-000,MSN-MISFIRE-000,84.28,0.1637,981.7367,MISFIRE,0.03,0.0,1345.2,0.938,LOW_RUL,PHYSICAL_FAULT,
2026-01-01 00:03:42+00:00,ENG-DATASET-000,MSN-MISFIRE-000,84.22,0.1637,928.3829,MISFIRE,0.04,0.0,1345.2,0.938,LOW_RUL,PHYSICAL_FAULT,
2026-01-01 00:03:43+00:00,ENG-DATASET-000,MSN-MISFIRE-000,86.47,0.0869,880.0945,MISFIRE,0.05,0.0,1652.4,0.97,LOW_RUL,PHYSICAL_FAULT,
2026-01-01 00:03:44+00:00,ENG-DATASET-000,MSN-MISFIRE-000,89.43,0.1647,827.911,MISFIRE,0.04,0.0,1341.2,0.938,LOW_RUL,PHYSICAL_FAULT,
2026-01-01 00:03:45+00:00,ENG-DATASET-000,MSN-MISFIRE-000,83.03,0.1975,819.5647,MISFIRE,0.04,0.0,1210.0,0.907,LOW_RUL,PHYSICAL_FAULT,
2026-01-01 00:03:46+00:00,ENG-DATASET-000,MSN-MISFIRE-000,80.05,0.1984,848.3356,MISFIRE,0.04,0.0,1206.4,0.906,LOW_RUL,PHYSICAL_FAULT,
2026-01-01 00:03:47+00:00,ENG-DATASET-000,MSN-MISFIRE-000,78.74,0.2355,896.294,MISFIRE,0.03,0.0,1058.0,0.874,LOW_RUL,PHYSICAL_FAULT,
2026-01-01 00:03:48+00:00,ENG-DATASET-000,MSN-MISFIRE-000,74.48,0.2728,968.265,MISFIRE,0.02,0.0,908.8,0.841,LOW_RUL,PHYSICAL_FAULT,
2026-01-01 00:03:49+00:00,ENG-DATASET-000,MSN-MISFIRE-000,71.42,0.2737,1056.2044,MISFIRE,0.02,0.0,905.2,0.84,LOW_RUL,PHYSICAL_FAULT,
2026-01-01 00:03:50+00:00,ENG-DATASET-000,MSN-MISFIRE-000,72.36,0.2448,1130.288,MISFIRE,0.02,0.0,1020.8,0.871,LOW_RUL,PHYSICAL_FAULT,
2026-01-01 00:03:51+00:00,ENG-DATASET-000,MSN-MISFIRE-000,76.58,0.206,1157.6246,MISFIRE,0.03,0.0,1176.0,0.902,LOW_RUL,PHYSICAL_FAULT,
2026-01-01 00:03:52+00:00,ENG-DATASET-000,MSN-MISFIRE-000,79.67,0.201,1149.1342,MISFIRE,0.03,0.0,1196.0,0.901,LOW_RUL,PHYSICAL_FAULT,
2026-01-01 00:03:53+00:00,ENG-DATASET-000,MSN-MISFIRE-000,79.56,0.2019,1140.0017,MISFIRE,0.03,0.0,1192.4,0.9,LOW_RUL,PHYSICAL_FAULT,
2026-01-01 00:03:54+00:00,ENG-DATASET-000,MSN-MISFIRE-000,79.46,0.2028,1129.8829,MISFIRE,0.03,0.0,1188.8,0.9,LOW_RUL,PHYSICAL_FAULT,
2026-01-01 00:03:55+00:00,ENG-DATASET-000,MSN-MISFIRE-000,79.25,0.2087,1118.4627,MISFIRE,0.03,0.0,1165.2,0.9,LOW_RUL,PHYSICAL_FAULT,
2026-01-01 00:03:56+00:00,ENG-DATASET-000,MSN-MISFIRE-000,79.25,0.2087,1104.4598,MISFIRE,0.03,0.0,1165.2,0.9,LOW_RUL,PHYSICAL_FAULT,
2026-01-01 00:03:57+00:00,ENG-DATASET-000,MSN-MISFIRE-000,79.37,0.2036,1087.5321,MISFIRE,0.03,0.0,1185.6,0.899,LOW_RUL,PHYSICAL_FAULT,
2026-01-01 00:03:58+00:00,ENG-DATASET-000,MSN-MISFIRE-000,79.28,0.2044,1062.1821,MISFIRE,0.03,0.0,1182.4,0.898,LOW_RUL,PHYSICAL_FAULT,
2026-01-01 00:03:59+00:00,ENG-DATASET-000,MSN-MISFIRE-000,79.19,0.2051,1025.3748,MISFIRE,0.03,0.0,1179.6,0.897,LOW_RUL,PHYSICAL_FAULT,
2026-01-01 00:04:00+00:00,ENG-DATASET-000,MSN-MISFIRE-000,77.59,0.2541,1013.5866,MISFIRE,0.02,0.0,983.6,0.864,LOW_RUL,PHYSICAL_FAULT,
2026-01-01 00:04:01+00:00,ENG-DATASET-000,MSN-MISFIRE-000,74.31,0.2541,1018.3529,MISFIRE,0.02,0.0,983.6,0.864,LOW_RUL,PHYSICAL_FAULT,
2026-01-01 00:04:02+00:00,ENG-DATASET-000,MSN-MISFIRE-000,74.44,0.2486,1011.571,MISFIRE,0.02,0.0,1005.6,0.862,LOW_RUL,PHYSICAL_FAULT,
2026-01-01 00:04:03+00:00,ENG-DATASET-000,MSN-MISFIRE-000,75.42,0.2155,978.1257,MISFIRE,0.03,0.0,1138.0,0.897,LOW_RUL,PHYSICAL_FAULT,
2026-01-01 00:04:04+00:00,ENG-DATASET-000,MSN-MISFIRE-000,78.68,0.2116,913.3457,MISFIRE,0.03,0.0,1153.6,0.896,LOW_RUL,PHYSICAL_FAULT,
2026-01-01 00:04:05+00:00,ENG-DATASET-000,MSN-MISFIRE-000,78.56,0.2113,826.9497,MISFIRE,0.03,0.0,1154.8,0.896,LOW_RUL,PHYSICAL_FAULT,
2026-01-01 00:04:06+00:00,ENG-DATASET-000,MSN-MISFIRE-000,77.22,0.2522,744.1727,MISFIRE,0.03,0.0,991.2,0.862,LOW_RUL,PHYSICAL_FAULT,
2026-01-01 00:04:07+00:00,ENG-DATASET-000,MSN-MISFIRE-000,73.97,0.2518,684.1951,MISFIRE,0.04,0.0,992.8,0.862,LOW_RUL,PHYSICAL_FAULT,
2026-01-01 00:04:08+00:00,ENG-DATASET-000,MSN-MISFIRE-000,73.79,0.2596,648.164,MISFIRE,0.04,0.0,961.6,0.862,LOW_RUL,PHYSICAL_FAULT,
2026-01-01 00:04:09+00:00,ENG-DATASET-000,MSN-MISFIRE-000,75.2,0.2167,627.1452,MISFIRE,0.05,0.0,1133.2,0.896,LOW_RUL,PHYSICAL_FAULT,
2026-01-01 00:04:10+00:00,ENG-DATASET-000,MSN-MISFIRE-000,79.86,0.1738,595.9385,MISFIRE,0.05,0.0,1304.8,0.93,LOW_RUL,PHYSICAL_FAULT,
2026-01-01 00:04:11+00:00,ENG-DATASET-000,MSN-MISFIRE-000,83.13,0.1732,555.6774,MISFIRE,0.06,0.0,1307.2,0.93,LOW_RUL,PHYSICAL_FAULT,
2026-01-01 00:04:12+00:00,ENG-DATASET-000,MSN-MISFIRE-000,83.19,0.1727,519.5043,MISFIRE,0.06,0.0,1309.2,0.93,LOW_RUL,PHYSICAL_FAULT,
2026-01-01 00:04:13+00:00,ENG-DATASET-000,MSN-MISFIRE-000,83.23,0.1727,471.595,MISFIRE,0.07,0.0,1309.2,0.93,LOW_RUL,PHYSICAL_FAULT,
2026-01-01 00:04:14+00:00,ENG-DATASET-000,MSN-MISFIRE-000,83.23,0.1727,415.2974,MISFIRE,0.08,0.0,1309.2,0.93,LOW_RUL,PHYSICAL_FAULT,
2026-01-01 00:04:15+00:00,ENG-DATASET-000,MSN-MISFIRE-000,82.02,0.2087,358.5906,MISFIRE,0.08,0.0,1165.2,0.897,LOW_RUL,PHYSICAL_FAULT,
2026-01-01 00:04:16+00:00,ENG-DATASET-000,MSN-MISFIRE-000,78.85,0.2082,306.7182,MISFIRE,0.1,0.0,1167.2,0.898,LOW_RUL,PHYSICAL_FAULT,
2026-01-01 00:04:17+00:00,ENG-DATASET-000,MSN-MISFIRE-000,78.9,0.2077,260.7994,MISFIRE,0.11,0.0,1169.2,0.898,LOW_RUL,PHYSICAL_FAULT,
2026-01-01 00:04:18+00:00,ENG-DATASET-000,MSN-MISFIRE-000,78.79,0.2136,221.1514,MISFIRE,0.13,0.0,1145.6,0.898,LOW_RUL,PHYSICAL_FAULT,
2026-01-01 00:04:19+00:00,ENG-DATASET-000,MSN-MISFIRE-000,78.79,0.2136,199.4324,MISFIRE,0.14,0.0,1145.6,0.898,LOW_RUL,PHYSICAL_FAULT,
2026-01-01 00:04:20+00:00,ENG-DATASET-000,MSN-MISFIRE-000,78.95,0.2074,184.4202,MISFIRE,0.16,0.0,1170.4,0.898,LOW_RUL,PHYSICAL_FAULT,
2026-01-01 00:04:21+00:00,ENG-DATASET-000,MSN-MISFIRE-000,78.99,0.2071,180.2531,MISFIRE,0.16,0.0,1171.6,0.899,LOW_RUL,PHYSICAL_FAULT,
2026-01-01 00:04:22+00:00,ENG-DATASET-000,MSN-MISFIRE-000,79.01,0.2068,166.6993,MISFIRE,0.18,0.0,1172.8,0.899,LOW_RUL,PHYSICAL_FAULT,
2026-01-01 00:04:23+00:00,ENG-DATASET-000,MSN-MISFIRE-000,77.72,0.2463,171.9478,MISFIRE,0.15,0.0,1014.8,0.865,LOW_RUL,PHYSICAL_FAULT,
2026-01-01 00:04:24+00:00,ENG-DATASET-000,MSN-MISFIRE-000,74.35,0.2541,177.8954,MISFIRE,0.14,0.0,983.6,0.865,LOW_RUL,PHYSICAL_FAULT,
2026-01-01 00:04:25+00:00,ENG-DATASET-000,MSN-MISFIRE-000,74.55,0.2462,168.6548,MISFIRE,0.15,0.0,1015.2,0.865,LOW_RUL,PHYSICAL_FAULT,
2026-01-01 00:04:26+00:00,ENG-DATASET-000,MSN-MISFIRE-000,74.56,0.2462,166.4042,MISFIRE,0.15,0.0,1015.2,0.865,LOW_RUL,PHYSICAL_FAULT,
2026-01-01 00:04:27+00:00,ENG-DATASET-000,MSN-MISFIRE-000,74.56,0.2462,172.4829,MISFIRE,0.15,0.0,1015.2,0.865,LOW_RUL,PHYSICAL_FAULT,
2026-01-01 00:04:28+00:00,ENG-DATASET-000,MSN-MISFIRE-000,74.56,0.2463,168.9809,MISFIRE,0.15,0.0,1014.8,0.865,LOW_RUL,PHYSICAL_FAULT,
2026-01-01 00:04:29+00:00,ENG-DATASET-000,MSN-MISFIRE-000,73.29,0.2859,195.1632,MISFIRE,0.11,0.0,856.4,0.837,LOW_RUL,PHYSICAL_FAULT,
2026-01-01 00:04:30+00:00,ENG-DATASET-000,MSN-MISFIRE-000,70.23,0.2862,255.2919,MISFIRE,0.08,0.0,855.2,0.837,LOW_RUL,PHYSICAL_FAULT,
2026-01-01 00:04:31+00:00,ENG-DATASET-000,MSN-MISFIRE-000,71.28,0.2545,308.1596,MISFIRE,0.08,0.0,982.0,0.866,LOW_RUL,PHYSICAL_FAULT,
2026-01-01 00:04:32+00:00,ENG-DATASET-000,MSN-MISFIRE-000,74.55,0.247,342.042,MISFIRE,0.07,0.0,1012.0,0.866,LOW_RUL,PHYSICAL_FAULT,
2026-01-01 00:04:33+00:00,ENG-DATASET-000,MSN-MISFIRE-000,74.51,0.2473,368.4483,MISFIRE,0.07,0.0,1010.8,0.866,LOW_RUL,PHYSICAL_FAULT,
2026-01-01 00:04:34+00:00,ENG-DATASET-000,MSN-MISFIRE-000,74.48,0.2477,376.3936,MISFIRE,0.07,0.0,1009.2,0.866,LOW_RUL,PHYSICAL_FAULT,
2026-01-01 00:04:35+00:00,ENG-DATASET-000,MSN-MISFIRE-000,74.43,0.2482,383.7656,MISFIRE,0.07,0.0,1007.2,0.865,LOW_RUL,PHYSICAL_FAULT,
2026-01-01 00:04:36+00:00,ENG-DATASET-000,MSN-MISFIRE-000,73.12,0.2884,397.9415,MISFIRE,0.05,0.0,846.4,0.837,LOW_RUL,PHYSICAL_FAULT,
2026-01-01 00:04:37+00:00,ENG-DATASET-000,MSN-MISFIRE-000,69.99,0.2889,430.3255,MISFIRE,0.05,0.0,844.4,0.837,LOW_RUL,PHYSICAL_FAULT,
2026-01-01 00:04:38+00:00,ENG-DATASET-000,MSN-MISFIRE-000,69.94,0.2894,467.2798,MISFIRE,0.05,0.0,842.4,0.837,LOW_RUL,PHYSICAL_FAULT,
2026-01-01 00:04:39+00:00,ENG-DATASET-000,MSN-MISFIRE-000,69.78,0.2941,514.716,MISFIRE,0.04,0.0,823.6,0.835,LOW_RUL,PHYSICAL_FAULT,
2026-01-01 00:04:40+00:00,ENG-DATASET-000,MSN-MISFIRE-000,69.34,0.2989,538.5066,MISFIRE,0.04,0.0,804.4,0.834,LOW_RUL,PHYSICAL_FAULT,
2026-01-01 00:04:41+00:00,ENG-DATASET-000,MSN-MISFIRE-000,68.9,0.3038,545.3805,MISFIRE,0.04,0.0,784.8,0.833,LOW_RUL,PHYSICAL_FAULT,
2026-01-01 00:04:42+00:00,ENG-DATASET-000,MSN-MISFIRE-000,68.45,0.3088,552.1994,MISFIRE,0.03,0.0,764.8,0.832,LOW_RUL,PHYSICAL_FAULT,
2026-01-01 00:04:43+00:00,ENG-DATASET-000,MSN-MISFIRE-000,67.99,0.3137,544.8493,MISFIRE,0.03,0.0,745.2,0.831,LOW_RUL,PHYSICAL_FAULT,
2026-01-01 00:04:44+00:00,ENG-DATASET-000,MSN-MISFIRE-000,68.83,0.2768,510.7839,MISFIRE,0.04,0.0,892.8,0.855,LOW_RUL,PHYSICAL_FAULT,
2026-01-01 00:04:45+00:00,ENG-DATASET-000,MSN-MISFIRE-000,73.6,0.2299,483.4973,MISFIRE,0.06,0.0,1080.4,0.886,LOW_RUL,PHYSICAL_FAULT,
2026-01-01 00:04:46+00:00,ENG-DATASET-000,MSN-MISFIRE-000,77.01,0.2306,452.3827,MISFIRE,0.06,0.0,1077.6,0.885,LOW_RUL,PHYSICAL_FAULT,
2026-01-01 00:04:47+00:00,ENG-DATASET-000,MSN-MISFIRE-000,76.94,0.2312,429.0662,MISFIRE,0.06,0.0,1075.2,0.885,LOW_RUL,PHYSICAL_FAULT,
2026-01-01 00:04:48+00:00,ENG-DATASET-000,MSN-MISFIRE-000,76.88,0.2317,431.7369,MISFIRE,0.06,0.0,1073.2,0.885,LOW_RUL,PHYSICAL_FAULT,
2026-01-01 00:04:49+00:00,ENG-DATASET-000,MSN-MISFIRE-000,75.36,0.2795,462.5295,MISFIRE,0.05,0.0,882.0,0.854,LOW_RUL,PHYSICAL_FAULT,
2026-01-01 00:04:50+00:00,ENG-DATASET-000,MSN-MISFIRE-000,70.42,0.3274,517.5288,MISFIRE,0.03,0.0,690.4,0.829,LOW_RUL,PHYSICAL_FAULT,
2026-01-01 00:04:51+00:00,ENG-DATASET-000,MSN-MISFIRE-000,68.49,0.2797,557.7809,MISFIRE,0.04,0.0,881.2,0.854,LOW_RUL,PHYSICAL_FAULT,
2026-01-01 00:04:52+00:00,ENG-DATASET-000,MSN-MISFIRE-000,71.85,0.2796,557.7309,MISFIRE,0.04,0.0,881.6,0.854,LOW_RUL,PHYSICAL_FAULT,
2026-01-01 00:04:53+00:00,ENG-DATASET-000,MSN-MISFIRE-000,71.86,0.2794,556.7286,MISFIRE,0.04,0.0,882.4,0.854,LOW_RUL,PHYSICAL_FAULT,
2026-01-01 00:04:54+00:00,ENG-DATASET-000,MSN-MISFIRE-000,73.39,0.2315,545.7666,MISFIRE,0.05,0.0,1074.0,0.887,LOW_RUL,PHYSICAL_FAULT,
2026-01-01 00:04:55+00:00,ENG-DATASET-000,MSN-MISFIRE-000,78.49,0.1837,504.7732,MISFIRE,0.06,0.0,1265.2,0.925,LOW_RUL,PHYSICAL_FAULT,
2026-01-01 00:04:56+00:00,ENG-DATASET-000,MSN-MISFIRE-000,80.57,0.2309,451.3524,MISFIRE,0.06,0.0,1076.4,0.885,LOW_RUL,PHYSICAL_FAULT,
2026-01-01 00:04:57+00:00,ENG-DATASET-000,MSN-MISFIRE-000,76.95,0.2302,418.8273,MISFIRE,0.06,0.0,1079.2,0.886,LOW_RUL,PHYSICAL_FAULT,
2026-01-01 00:04:58+00:00,ENG-DATASET-000,MSN-MISFIRE-000,77.03,0.2295,385.8952,MISFIRE,0.07,0.0,1082.0,0.886,LOW_RUL,PHYSICAL_FAULT,
2026-01-01 00:04:59+00:00,ENG-DATASET-000,MSN-MISFIRE-000,75.61,0.2762,361.4424,MISFIRE,0.06,0.0,895.2,0.855,LOW_RUL,PHYSICAL_FAULT,
2026-01-01 00:05:00+00:00,ENG-DATASET-000,MSN-MISFIRE-000,71.31,0.3033,371.4132,MISFIRE,0.05,0.0,786.8,0.837,LOW_RUL,PHYSICAL_FAULT,
2026-01-01 00:00:01+00:00,ENG-DATASET-001,MSN-MISFIRE-001,100.0,0.0,0.0,HEALTHY,,,,0.05,INSUFFICIENT_HISTORY,NORMAL,
2026-01-01 00:00:02+00:00,ENG-DATASET-001,MSN-MISFIRE-001,100.0,0.0,0.0,HEALTHY,,,,0.1,INSUFFICIENT_HISTORY,NORMAL,
2026-01-01 00:00:03+00:00,ENG-DATASET-001,MSN-MISFIRE-001,100.0,0.0,0.0,HEALTHY,,,,0.15,INSUFFICIENT_HISTORY,NORMAL,
2026-01-01 00:00:04+00:00,ENG-DATASET-001,MSN-MISFIRE-001,100.0,0.0,0.0,HEALTHY,,,,0.2,INSUFFICIENT_HISTORY,NORMAL,
2026-01-01 00:00:05+00:00,ENG-DATASET-001,MSN-MISFIRE-001,100.0,0.0,0.0,HEALTHY,,,,0.25,STABLE,NORMAL,
2026-01-01 00:00:06+00:00,ENG-DATASET-001,MSN-MISFIRE-001,100.0,0.0,0.0,HEALTHY,,,,0.3,STABLE,NORMAL,
2026-01-01 00:00:07+00:00,ENG-DATASET-001,MSN-MISFIRE-001,100.0,0.0,0.0,HEALTHY,,,,0.35,STABLE,NORMAL,
2026-01-01 00:00:08+00:00,ENG-DATASET-001,MSN-MISFIRE-001,100.0,0.0,0.0,HEALTHY,,,,0.4,STABLE,NORMAL,
2026-01-01 00:00:09+00:00,ENG-DATASET-001,MSN-MISFIRE-001,100.0,0.0,0.0,HEALTHY,,,,0.45,STABLE,NORMAL,
2026-01-01 00:00:10+00:00,ENG-DATASET-001,MSN-MISFIRE-001,100.0,0.0,0.0,HEALTHY,,,,0.5,STABLE,NORMAL,
2026-01-01 00:00:11+00:00,ENG-DATASET-001,MSN-MISFIRE-001,100.0,0.0,0.0,HEALTHY,,,,0.55,STABLE,NORMAL,
2026-01-01 00:00:12+00:00,ENG-DATASET-001,MSN-MISFIRE-001,100.0,0.0,0.0,HEALTHY,,,,0.6,STABLE,NORMAL,
2026-01-01 00:00:13+00:00,ENG-DATASET-001,MSN-MISFIRE-001,100.0,0.0,0.0,HEALTHY,,,,0.65,STABLE,NORMAL,
2026-01-01 00:00:14+00:00,ENG-DATASET-001,MSN-MISFIRE-001,100.0,0.0,0.0,HEALTHY,,,,0.7,STABLE,NORMAL,
2026-01-01 00:00:15+00:00,ENG-DATASET-001,MSN-MISFIRE-001,100.0,0.0,0.0,HEALTHY,,,,0.75,STABLE,NORMAL,
2026-01-01 00:00:16+00:00,ENG-DATASET-001,MSN-MISFIRE-001,100.0,0.0,0.0,HEALTHY,,,,0.8,STABLE,NORMAL,
2026-01-01 00:00:17+00:00,ENG-DATASET-001,MSN-MISFIRE-001,100.0,0.0,0.0,HEALTHY,,,,0.85,STABLE,NORMAL,
2026-01-01 00:00:18+00:00,ENG-DATASET-001,MSN-MISFIRE-001,100.0,0.0,0.0,HEALTHY,,,,0.9,STABLE,NORMAL,
2026-01-01 00:00:19+00:00,ENG-DATASET-001,MSN-MISFIRE-001,100.0,0.0,0.0,HEALTHY,,,,0.95,STABLE,NORMAL,
2026-01-01 00:00:20+00:00,ENG-DATASET-001,MSN-MISFIRE-001,100.0,0.0,0.0,HEALTHY,,,,1.0,STABLE,NORMAL,
2026-01-01 00:00:21+00:00,ENG-DATASET-001,MSN-MISFIRE-001,100.0,0.0,0.0,HEALTHY,,,,1.0,STABLE,NORMAL,
2026-01-01 00:00:22+00:00,ENG-DATASET-001,MSN-MISFIRE-001,100.0,0.0,0.0,HEALTHY,,,,1.0,STABLE,NORMAL,
2026-01-01 00:00:23+00:00,ENG-DATASET-001,MSN-MISFIRE-001,100.0,0.0,0.0,HEALTHY,,,,1.0,STABLE,NORMAL,
2026-01-01 00:00:24+00:00,ENG-DATASET-001,MSN-MISFIRE-001,100.0,0.0,0.0,HEALTHY,,,,1.0,STABLE,NORMAL,
2026-01-01 00:00:25+00:00,ENG-DATASET-001,MSN-MISFIRE-001,100.0,0.0,0.0,HEALTHY,,,,1.0,STABLE,NORMAL,
2026-01-01 00:00:26+00:00,ENG-DATASET-001,MSN-MISFIRE-001,100.0,0.0,0.0,HEALTHY,,,,1.0,STABLE,NORMAL,
2026-01-01 00:00:27+00:00,ENG-DATASET-001,MSN-MISFIRE-001,100.0,0.0,0.0,HEALTHY,,,,1.0,STABLE,NORMAL,
2026-01-01 00:00:28+00:00,ENG-DATASET-001,MSN-MISFIRE-001,100.0,0.0,0.0,HEALTHY,,,,1.0,STABLE,NORMAL,
2026-01-01 00:00:29+00:00,ENG-DATASET-001,MSN-MISFIRE-001,100.0,0.0,0.0,HEALTHY,,,,1.0,STABLE,NORMAL,
2026-01-01 00:00:30+00:00,ENG-DATASET-001,MSN-MISFIRE-001,100.0,0.0,0.0,HEALTHY,,,,1.0,STABLE,NORMAL,
2026-01-01 00:00:31+00:00,ENG-DATASET-001,MSN-MISFIRE-001,100.0,0.0,0.0,HEALTHY,,,,1.0,STABLE,NORMAL,
2026-01-01 00:00:32+00:00,ENG-DATASET-001,MSN-MISFIRE-001,100.0,0.0,0.0,HEALTHY,,,,1.0,STABLE,NORMAL,
2026-01-01 00:00:33+00:00,ENG-DATASET-001,MSN-MISFIRE-001,100.0,0.0,0.0,HEALTHY,,,,1.0,STABLE,NORMAL,
2026-01-01 00:00:34+00:00,ENG-DATASET-001,MSN-MISFIRE-001,100.0,0.0,0.0,HEALTHY,,,,1.0,STABLE,NORMAL,
2026-01-01 00:00:35+00:00,ENG-DATASET-001,MSN-MISFIRE-001,100.0,0.0,0.0,HEALTHY,,,,1.0,STABLE,NORMAL,
2026-01-01 00:00:36+00:00,ENG-DATASET-001,MSN-MISFIRE-001,100.0,0.0,0.0,HEALTHY,,,,1.0,STABLE,NORMAL,
2026-01-01 00:00:37+00:00,ENG-DATASET-001,MSN-MISFIRE-001,100.0,0.0,0.0,HEALTHY,,,,1.0,STABLE,NORMAL,
2026-01-01 00:00:38+00:00,ENG-DATASET-001,MSN-MISFIRE-001,100.0,0.0,0.0,HEALTHY,,,,1.0,STABLE,NORMAL,
2026-01-01 00:00:39+00:00,ENG-DATASET-001,MSN-MISFIRE-001,100.0,0.0,0.0,HEALTHY,,,,1.0,STABLE,NORMAL,
2026-01-01 00:00:40+00:00,ENG-DATASET-001,MSN-MISFIRE-001,100.0,0.0,0.0,HEALTHY,,,,1.0,STABLE,NORMAL,
2026-01-01 00:00:41+00:00,ENG-DATASET-001,MSN-MISFIRE-001,100.0,0.0,0.0,HEALTHY,,,,1.0,STABLE,NORMAL,
2026-01-01 00:00:42+00:00,ENG-DATASET-001,MSN-MISFIRE-001,100.0,0.0,0.0,HEALTHY,,,,1.0,STABLE,NORMAL,
2026-01-01 00:00:43+00:00,ENG-DATASET-001,MSN-MISFIRE-001,100.0,0.0,0.0,HEALTHY,,,,1.0,STABLE,NORMAL,
2026-01-01 00:00:44+00:00,ENG-DATASET-001,MSN-MISFIRE-001,100.0,0.0,0.0,HEALTHY,,,,1.0,STABLE,NORMAL,
2026-01-01 00:00:45+00:00,ENG-DATASET-001,MSN-MISFIRE-001,100.0,0.0,0.0,HEALTHY,,,,1.0,STABLE,NORMAL,
2026-01-01 00:00:46+00:00,ENG-DATASET-001,MSN-MISFIRE-001,100.0,0.0,0.0,HEALTHY,,,,1.0,STABLE,NORMAL,
2026-01-01 00:00:47+00:00,ENG-DATASET-001,MSN-MISFIRE-001,100.0,0.0,0.0,HEALTHY,,,,1.0,STABLE,NORMAL,
2026-01-01 00:00:48+00:00,ENG-DATASET-001,MSN-MISFIRE-001,100.0,0.0,0.0,HEALTHY,,,,1.0,STABLE,NORMAL,
2026-01-01 00:00:49+00:00,ENG-DATASET-001,MSN-MISFIRE-001,100.0,0.0,0.0,HEALTHY,,,,1.0,STABLE,NORMAL,
2026-01-01 00:00:50+00:00,ENG-DATASET-001,MSN-MISFIRE-001,100.0,0.0,0.0,HEALTHY,,,,1.0,STABLE,NORMAL,
2026-01-01 00:00:51+00:00,ENG-DATASET-001,MSN-MISFIRE-001,100.0,0.0,0.0,HEALTHY,,,,1.0,STABLE,NORMAL,
2026-01-01 00:00:52+00:00,ENG-DATASET-001,MSN-MISFIRE-001,100.0,0.0,0.0,HEALTHY,,,,1.0,STABLE,NORMAL,
2026-01-01 00:00:53+00:00,ENG-DATASET-001,MSN-MISFIRE-001,100.0,0.0,0.0,HEALTHY,,,,1.0,STABLE,NORMAL,
2026-01-01 00:00:54+00:00,ENG-DATASET-001,MSN-MISFIRE-001,100.0,0.0,0.0,HEALTHY,,,,1.0,STABLE,NORMAL,
2026-01-01 00:00:55+00:00,ENG-DATASET-001,MSN-MISFIRE-001,100.0,0.0,0.0,HEALTHY,,,,1.0,STABLE,NORMAL,
2026-01-01 00:00:56+00:00,ENG-DATASET-001,MSN-MISFIRE-001,100.0,0.0,0.0,HEALTHY,,,,1.0,STABLE,NORMAL,
2026-01-01 00:00:57+00:00,ENG-DATASET-001,MSN-MISFIRE-001,100.0,0.0,0.0,HEALTHY,,,,1.0,STABLE,NORMAL,
2026-01-01 00:00:58+00:00,ENG-DATASET-001,MSN-MISFIRE-001,100.0,0.0,0.0,HEALTHY,,,,1.0,STABLE,NORMAL,
2026-01-01 00:00:59+00:00,ENG-DATASET-001,MSN-MISFIRE-001,100.0,0.0,0.0,HEALTHY,,,,1.0,STABLE,NORMAL,
2026-01-01 00:01:00+00:00,ENG-DATASET-001,MSN-MISFIRE-001,100.0,0.0,0.0,HEALTHY,,,,1.0,STABLE,NORMAL,
2026-01-01 00:01:01+00:00,ENG-DATASET-001,MSN-MISFIRE-001,100.0,0.0,0.0,HEALTHY,,,,1.0,STABLE,NORMAL,
2026-01-01 00:01:02+00:00,ENG-DATASET-001,MSN-MISFIRE-001,100.0,0.0,0.0,HEALTHY,,,,1.0,STABLE,NORMAL,
2026-01-01 00:01:03+00:00,ENG-DATASET-001,MSN-MISFIRE-001,100.0,0.0,0.0,HEALTHY,,,,1.0,STABLE,NORMAL,
2026-01-01 00:01:04+00:00,ENG-DATASET-001,MSN-MISFIRE-001,100.0,0.0,0.0,HEALTHY,,,,1.0,STABLE,NORMAL,
2026-01-01 00:01:05+00:00,ENG-DATASET-001,MSN-MISFIRE-001,100.0,0.0,0.0,HEALTHY,,,,1.0,STABLE,NORMAL,
2026-01-01 00:01:06+00:00,ENG-DATASET-001,MSN-MISFIRE-001,100.0,0.0,0.0,HEALTHY,,,,1.0,STABLE,NORMAL,
2026-01-01 00:01:07+00:00,ENG-DATASET-001,MSN-MISFIRE-001,100.0,0.0,0.0,HEALTHY,,,,1.0,STABLE,NORMAL,
2026-01-01 00:01:08+00:00,ENG-DATASET-001,MSN-MISFIRE-001,100.0,0.0,0.0,HEALTHY,,,,1.0,STABLE,NORMAL,
2026-01-01 00:01:09+00:00,ENG-DATASET-001,MSN-MISFIRE-001,100.0,0.0,0.0,HEALTHY,,,,1.0,STABLE,NORMAL,
2026-01-01 00:01:10+00:00,ENG-DATASET-001,MSN-MISFIRE-001,100.0,0.0,0.0,HEALTHY,,,,1.0,STABLE,NORMAL,
2026-01-01 00:01:11+00:00,ENG-DATASET-001,MSN-MISFIRE-001,100.0,0.0,0.0,HEALTHY,,,,1.0,STABLE,NORMAL,
2026-01-01 00:01:12+00:00,ENG-DATASET-001,MSN-MISFIRE-001,100.0,0.0,0.0,HEALTHY,,,,1.0,STABLE,NORMAL,
2026-01-01 00:01:13+00:00,ENG-DATASET-001,MSN-MISFIRE-001,100.0,0.0,0.0,HEALTHY,,,,1.0,STABLE,NORMAL,
2026-01-01 00:01:14+00:00,ENG-DATASET-001,MSN-MISFIRE-001,100.0,0.0,0.0,HEALTHY,,,,1.0,STABLE,NORMAL,
2026-01-01 00:01:15+00:00,ENG-DATASET-001,MSN-MISFIRE-001,100.0,0.0,0.0,HEALTHY,,,,1.0,STABLE,NORMAL,
2026-01-01 00:01:16+00:00,ENG-DATASET-001,MSN-MISFIRE-001,100.0,0.0,0.0,HEALTHY,,,,1.0,STABLE,NORMAL,
2026-01-01 00:01:17+00:00,ENG-DATASET-001,MSN-MISFIRE-001,100.0,0.0,0.0,HEALTHY,,,,1.0,STABLE,NORMAL,
2026-01-01 00:01:18+00:00,ENG-DATASET-001,MSN-MISFIRE-001,100.0,0.0,0.0,HEALTHY,,,,1.0,STABLE,NORMAL,
2026-01-01 00:01:19+00:00,ENG-DATASET-001,MSN-MISFIRE-001,100.0,0.0,0.0,HEALTHY,,,,1.0,STABLE,NORMAL,
2026-01-01 00:01:20+00:00,ENG-DATASET-001,MSN-MISFIRE-001,100.0,0.0,0.0,HEALTHY,,,,1.0,STABLE,NORMAL,
2026-01-01 00:01:21+00:00,ENG-DATASET-001,MSN-MISFIRE-001,100.0,0.0,0.0,HEALTHY,,,,1.0,STABLE,NORMAL,
2026-01-01 00:01:22+00:00,ENG-DATASET-001,MSN-MISFIRE-001,100.0,0.0,0.0,HEALTHY,,,,1.0,STABLE,NORMAL,
2026-01-01 00:01:23+00:00,ENG-DATASET-001,MSN-MISFIRE-001,100.0,0.0,0.0,HEALTHY,,,,1.0,STABLE,NORMAL,
2026-01-01 00:01:24+00:00,ENG-DATASET-001,MSN-MISFIRE-001,100.0,0.0,0.0,HEALTHY,,,,1.0,STABLE,NORMAL,
2026-01-01 00:01:25+00:00,ENG-DATASET-001,MSN-MISFIRE-001,100.0,0.0,0.0,HEALTHY,,,,1.0,STABLE,NORMAL,
2026-01-01 00:01:26+00:00,ENG-DATASET-001,MSN-MISFIRE-001,100.0,0.0,0.0,HEALTHY,,,,1.0,STABLE,NORMAL,
2026-01-01 00:01:27+00:00,ENG-DATASET-001,MSN-MISFIRE-001,100.0,0.0,0.0,HEALTHY,,,,1.0,STABLE,NORMAL,
2026-01-01 00:01:28+00:00,ENG-DATASET-001,MSN-MISFIRE-001,100.0,0.0,0.0,HEALTHY,,,,1.0,STABLE,NORMAL,
2026-01-01 00:01:29+00:00,ENG-DATASET-001,MSN-MISFIRE-001,100.0,0.0,0.0,HEALTHY,,,,1.0,STABLE,NORMAL,
2026-01-01 00:01:30+00:00,ENG-DATASET-001,MSN-MISFIRE-001,100.0,0.0,0.0,HEALTHY,,,,1.0,STABLE,NORMAL,
2026-01-01 00:01:31+00:00,ENG-DATASET-001,MSN-MISFIRE-001,100.0,0.0,0.0,HEALTHY,,,,1.0,STABLE,NORMAL,
2026-01-01 00:01:32+00:00,ENG-DATASET-001,MSN-MISFIRE-001,100.0,0.0,0.0,HEALTHY,,,,1.0,STABLE,NORMAL,
2026-01-01 00:01:33+00:00,ENG-DATASET-001,MSN-MISFIRE-001,100.0,0.0,0.0,HEALTHY,,,,1.0,STABLE,NORMAL,
2026-01-01 00:01:34+00:00,ENG-DATASET-001,MSN-MISFIRE-001,100.0,0.0,0.0,HEALTHY,,,,1.0,STABLE,NORMAL,
2026-01-01 00:01:35+00:00,ENG-DATASET-001,MSN-MISFIRE-001,100.0,0.0,0.0,HEALTHY,,,,1.0,STABLE,NORMAL,
2026-01-01 00:01:36+00:00,ENG-DATASET-001,MSN-MISFIRE-001,100.0,0.0,0.0,HEALTHY,,,,1.0,STABLE,NORMAL,
2026-01-01 00:01:37+00:00,ENG-DATASET-001,MSN-MISFIRE-001,100.0,0.0,0.0,HEALTHY,,,,1.0,STABLE,NORMAL,
2026-01-01 00:01:38+00:00,ENG-DATASET-001,MSN-MISFIRE-001,100.0,0.0,0.0,HEALTHY,,,,1.0,STABLE,NORMAL,
2026-01-01 00:01:39+00:00,ENG-DATASET-001,MSN-MISFIRE-001,100.0,0.0,0.0,HEALTHY,,,,1.0,STABLE,NORMAL,
2026-01-01 00:01:40+00:00,ENG-DATASET-001,MSN-MISFIRE-001,100.0,0.0,0.0,HEALTHY,,,,1.0,STABLE,NORMAL,
2026-01-01 00:01:41+00:00,ENG-DATASET-001,MSN-MISFIRE-001,100.0,0.0,0.0,HEALTHY,,,,1.0,STABLE,NORMAL,
2026-01-01 00:01:42+00:00,ENG-DATASET-001,MSN-MISFIRE-001,100.0,0.0,0.0,HEALTHY,,,,1.0,STABLE,NORMAL,
2026-01-01 00:01:43+00:00,ENG-DATASET-001,MSN-MISFIRE-001,100.0,0.0,0.0,HEALTHY,,,,1.0,STABLE,NORMAL,
2026-01-01 00:01:44+00:00,ENG-DATASET-001,MSN-MISFIRE-001,100.0,0.0,0.0,HEALTHY,,,,1.0,STABLE,NORMAL,
2026-01-01 00:01:45+00:00,ENG-DATASET-001,MSN-MISFIRE-001,100.0,0.0,0.0,HEALTHY,,,,1.0,STABLE,NORMAL,
2026-01-01 00:01:46+00:00,ENG-DATASET-001,MSN-MISFIRE-001,100.0,0.0,0.0,HEALTHY,,,,1.0,STABLE,NORMAL,
2026-01-01 00:01:47+00:00,ENG-DATASET-001,MSN-MISFIRE-001,100.0,0.0,0.0,HEALTHY,,,,1.0,STABLE,NORMAL,
2026-01-01 00:01:48+00:00,ENG-DATASET-001,MSN-MISFIRE-001,100.0,0.0,0.0,HEALTHY,,,,1.0,STABLE,NORMAL,
2026-01-01 00:01:49+00:00,ENG-DATASET-001,MSN-MISFIRE-001,100.0,0.0,0.0,HEALTHY,,,,1.0,STABLE,NORMAL,
2026-01-01 00:01:50+00:00,ENG-DATASET-001,MSN-MISFIRE-001,100.0,0.0,0.0,HEALTHY,,,,1.0,STABLE,NORMAL,
2026-01-01 00:01:51+00:00,ENG-DATASET-001,MSN-MISFIRE-001,100.0,0.0,0.0,HEALTHY,,,,1.0,STABLE,NORMAL,
2026-01-01 00:01:52+00:00,ENG-DATASET-001,MSN-MISFIRE-001,100.0,0.0,0.0,HEALTHY,,,,1.0,STABLE,NORMAL,
2026-01-01 00:01:53+00:00,ENG-DATASET-001,MSN-MISFIRE-001,100.0,0.0,0.0,HEALTHY,,,,1.0,STABLE,NORMAL,
2026-01-01 00:01:54+00:00,ENG-DATASET-001,MSN-MISFIRE-001,100.0,0.0,0.0,HEALTHY,,,,1.0,STABLE,NORMAL,
2026-01-01 00:01:55+00:00,ENG-DATASET-001,MSN-MISFIRE-001,100.0,0.0,0.0,HEALTHY,,,,1.0,STABLE,NORMAL,
2026-01-01 00:01:56+00:00,ENG-DATASET-001,MSN-MISFIRE-001,100.0,0.0,0.0,HEALTHY,,,,1.0,STABLE,NORMAL,
2026-01-01 00:01:57+00:00,ENG-DATASET-001,MSN-MISFIRE-001,100.0,0.0,0.0,HEALTHY,,,,1.0,STABLE,NORMAL,
2026-01-01 00:01:58+00:00,ENG-DATASET-001,MSN-MISFIRE-001,100.0,0.0,0.0,HEALTHY,,,,1.0,STABLE,NORMAL,
2026-01-01 00:01:59+00:00,ENG-DATASET-001,MSN-MISFIRE-001,100.0,0.0,0.0,HEALTHY,,,,1.0,STABLE,NORMAL,
2026-01-01 00:02:00+00:00,ENG-DATASET-001,MSN-MISFIRE-001,100.0,0.0,0.0,HEALTHY,,,,1.0,STABLE,NORMAL,
2026-01-01 00:02:01+00:00,ENG-DATASET-001,MSN-MISFIRE-001,100.0,0.0,0.0,MISFIRE,,,,1.0,STABLE,PHYSICAL_FAULT,
2026-01-01 00:02:02+00:00,ENG-DATASET-001,MSN-MISFIRE-001,100.0,0.0,0.0,MISFIRE,,,,1.0,STABLE,PHYSICAL_FAULT,
2026-01-01 00:02:03+00:00,ENG-DATASET-001,MSN-MISFIRE-001,100.0,0.0,0.0,MISFIRE,,,,1.0,STABLE,PHYSICAL_FAULT,
2026-01-01 00:02:04+00:00,ENG-DATASET-001,MSN-MISFIRE-001,100.0,0.0,0.0,MISFIRE,,,,1.0,STABLE,PHYSICAL_FAULT,
2026-01-01 00:02:05+00:00,ENG-DATASET-001,MSN-MISFIRE-001,100.0,0.0,0.0,MISFIRE,,,,1.0,STABLE,PHYSICAL_FAULT,
2026-01-01 00:02:06+00:00,ENG-DATASET-001,MSN-MISFIRE-001,100.0,0.0,0.0,MISFIRE,,,,1.0,STABLE,PHYSICAL_FAULT,
2026-01-01 00:02:07+00:00,ENG-DATASET-001,MSN-MISFIRE-001,100.0,0.0,0.0,MISFIRE,,,,1.0,STABLE,PHYSICAL_FAULT,
2026-01-01 00:02:08+00:00,ENG-DATASET-001,MSN-MISFIRE-001,100.0,0.0,0.0,MISFIRE,,,,1.0,STABLE,PHYSICAL_FAULT,
2026-01-01 00:02:09+00:00,ENG-DATASET-001,MSN-MISFIRE-001,99.46,0.0189,3.1869,MISFIRE,15.1,0.1,1924.4,0.993,ESTIMATED,PHYSICAL_FAULT,
2026-01-01 00:02:10+00:00,ENG-DATASET-001,MSN-MISFIRE-001,98.19,0.0189,13.7608,MISFIRE,3.5,0.04,1924.4,0.993,LOW_RUL,PHYSICAL_FAULT,
2026-01-01 00:02:11+00:00,ENG-DATASET-001,MSN-MISFIRE-001,98.19,0.0189,23.9727,MISFIRE,2.01,0.04,1924.4,0.993,LOW_RUL,PHYSICAL_FAULT,
2026-01-01 00:02:12+00:00,ENG-DATASET-001,MSN-MISFIRE-001,98.19,0.0189,33.8224,MISFIRE,1.42,0.04,1924.4,0.993,LOW_RUL,PHYSICAL_FAULT,
2026-01-01 00:02:13+00:00,ENG-DATASET-001,MSN-MISFIRE-001,98.19,0.0189,43.31,MISFIRE,1.11,0.04,1924.4,0.993,LOW_RUL,PHYSICAL_FAULT,
2026-01-01 00:02:14+00:00,ENG-DATASET-001,MSN-MISFIRE-001,98.73,0.0,49.2487,MISFIRE,1.02,0.04,2000.0,1.0,LOW_RUL,PHYSICAL_FAULT,
2026-01-01 00:02:15+00:00,ENG-DATASET-001,MSN-MISFIRE-001,100.0,0.0,47.4382,MISFIRE,1.05,0.03,2000.0,1.0,LOW_RUL,PHYSICAL_FAULT,
2026-01-01 00:02:16+00:00,ENG-DATASET-001,MSN-MISFIRE-001,100.0,0.0,45.6277,MISFIRE,1.1,0.03,2000.0,1.0,LOW_RUL,PHYSICAL_FAULT,
2026-01-01 00:02:17+00:00,ENG-DATASET-001,MSN-MISFIRE-001,100.0,0.0,43.8172,MISFIRE,1.14,0.03,2000.0,1.0,LOW_RUL,PHYSICAL_FAULT,
2026-01-01 00:02:18+00:00,ENG-DATASET-001,MSN-MISFIRE-001,100.0,0.0,42.0067,MISFIRE,1.19,0.03,2000.0,1.0,LOW_RUL,PHYSICAL_FAULT,
2026-01-01 00:02:19+00:00,ENG-DATASET-001,MSN-MISFIRE-001,100.0,0.0,40.1962,MISFIRE,1.24,0.03,2000.0,1.0,LOW_RUL,PHYSICAL_FAULT,
2026-01-01 00:02:20+00:00,ENG-DATASET-001,MSN-MISFIRE-001,99.09,0.0317,43.7562,MISFIRE,1.07,0.02,1873.2,0.988,LOW_RUL,PHYSICAL_FAULT,
2026-01-01 00:02:21+00:00,ENG-DATASET-001,MSN-MISFIRE-001,96.96,0.0317,59.7046,MISFIRE,0.78,0.02,1873.2,0.988,LOW_RUL,PHYSICAL_FAULT,
2026-01-01 00:02:22+00:00,ENG-DATASET-001,MSN-MISFIRE-001,96.96,0.0317,75.0448,MISFIRE,0.62,0.02,1873.2,0.988,LOW_RUL,PHYSICAL_FAULT,
2026-01-01 00:02:23+00:00,ENG-DATASET-001,MSN-MISFIRE-001,96.96,0.0317,89.7769,MISFIRE,0.52,0.02,1873.2,0.988,LOW_RUL,PHYSICAL_FAULT,
2026-01-01 00:02:24+00:00,ENG-DATASET-001,MSN-MISFIRE-001,96.96,0.0317,103.9009,MISFIRE,0.45,0.02,1873.2,0.988,LOW_RUL,PHYSICAL_FAULT,
2026-01-01 00:02:25+00:00,ENG-DATASET-001,MSN-MISFIRE-001,97.88,0.0,111.9871,MISFIRE,0.45,0.02,2000.0,1.0,LOW_RUL,PHYSICAL_FAULT,
2026-01-01 00:02:26+00:00,ENG-DATASET-001,MSN-MISFIRE-001,100.0,0.0,107.1378,MISFIRE,0.47,0.01,2000.0,1.0,LOW_RUL,PHYSICAL_FAULT,
2026-01-01 00:02:27+00:00,ENG-DATASET-001,MSN-MISFIRE-001,100.0,0.0,102.2884,MISFIRE,0.49,0.01,2000.0,1.0,LOW_RUL,PHYSICAL_FAULT,
2026-01-01 00:02:28+00:00,ENG-DATASET-001,MSN-MISFIRE-001,99.05,0.0332,103.0456,MISFIRE,0.45,0.01,1867.2,0.988,LOW_RUL,PHYSICAL_FAULT,
2026-01-01 00:02:29+00:00,ENG-DATASET-001,MSN-MISFIRE-001,95.82,0.068,122.6751,MISFIRE,0.35,0.01,1728.0,0.976,LOW_RUL,PHYSICAL_FAULT,
2026-01-01 00:02:30+00:00,ENG-DATASET-001,MSN-MISFIRE-001,93.49,0.068,155.2191,MISFIRE,0.28,0.01,1728.0,0.976,LOW_RUL,PHYSICAL_FAULT,
2026-01-01 00:02:31+00:00,ENG-DATASET-001,MSN-MISFIRE-001,93.49,0.068,186.4608,MISFIRE,0.23,0.01,1728.0,0.976,LOW_RUL,PHYSICAL_FAULT,
2026-01-01 00:02:32+00:00,ENG-DATASET-001,MSN-MISFIRE-001,93.49,0.068,216.4001,MISFIRE,0.2,0.01,1728.0,0.976,LOW_RUL,PHYSICAL_FAULT,
2026-01-01 00:02:33+00:00,ENG-DATASET-001,MSN-MISFIRE-001,94.44,0.0349,239.4305,MISFIRE,0.19,0.01,1860.4,0.988,LOW_RUL,PHYSICAL_FAULT,
2026-01-01 00:02:34+00:00,ENG-DATASET-001,MSN-MISFIRE-001,97.67,0.0,242.2863,MISFIRE,0.21,0.01,2000.0,1.0,LOW_RUL,PHYSICAL_FAULT,
2026-01-01 00:02:35+00:00,ENG-DATASET-001,MSN-MISFIRE-001,98.97,0.0361,237.0038,MISFIRE,0.2,0.01,1855.6,0.987,LOW_RUL,PHYSICAL_FAULT,
2026-01-01 00:02:36+00:00,ENG-DATASET-001,MSN-MISFIRE-001,96.55,0.0361,245.7973,MISFIRE,0.19,0.01,1855.6,0.987,LOW_RUL,PHYSICAL_FAULT,
2026-01-01 00:02:37+00:00,ENG-DATASET-001,MSN-MISFIRE-001,96.55,0.0361,253.9005,MISFIRE,0.18,0.01,1855.6,0.987,LOW_RUL,PHYSICAL_FAULT,
2026-01-01 00:02:38+00:00,ENG-DATASET-001,MSN-MISFIRE-001,96.55,0.0361,261.3136,MISFIRE,0.18,0.01,1855.6,0.987,LOW_RUL,PHYSICAL_FAULT,
2026-01-01 00:02:39+00:00,ENG-DATASET-001,MSN-MISFIRE-001,96.55,0.0361,268.0365,MISFIRE,0.17,0.01,1855.6,0.987,LOW_RUL,PHYSICAL_FAULT,
2026-01-01 00:02:40+00:00,ENG-DATASET-001,MSN-MISFIRE-001,96.52,0.0375,274.2462,MISFIRE,0.17,0.01,1850.0,0.987,LOW_RUL,PHYSICAL_FAULT,
2026-01-01 00:02:41+00:00,ENG-DATASET-001,MSN-MISFIRE-001,96.42,0.0375,280.3499,MISFIRE,0.16,0.01,1850.0,0.987,LOW_RUL,PHYSICAL_FAULT,
2026-01-01 00:02:42+00:00,ENG-DATASET-001,MSN-MISFIRE-001,96.42,0.0375,285.7374,MISFIRE,0.16,0.01,1850.0,0.987,LOW_RUL,PHYSICAL_FAULT,
2026-01-01 00:02:43+00:00,ENG-DATASET-001,MSN-MISFIRE-001,96.42,0.0375,290.4087,MISFIRE,0.16,0.01,1850.0,0.987,LOW_RUL,PHYSICAL_FAULT,
2026-01-01 00:02:44+00:00,ENG-DATASET-001,MSN-MISFIRE-001,96.42,0.0375,294.3638,MISFIRE,0.16,0.01,1850.0,0.987,LOW_RUL,PHYSICAL_FAULT,
2026-01-01 00:02:45+00:00,ENG-DATASET-001,MSN-MISFIRE-001,97.5,0.0,291.2289,MISFIRE,0.17,0.01,2000.0,1.0,LOW_RUL,PHYSICAL_FAULT,
2026-01-01 00:02:46+00:00,ENG-DATASET-001,MSN-MISFIRE-001,100.0,0.0,272.8398,MISFIRE,0.18,0.01,2000.0,1.0,LOW_RUL,PHYSICAL_FAULT,
2026-01-01 00:02:47+00:00,ENG-DATASET-001,MSN-MISFIRE-001,98.9,0.0383,260.9425,MISFIRE,0.18,0.01,1846.8,0.987,LOW_RUL,PHYSICAL_FAULT,
2026-01-01 00:02:48+00:00,ENG-DATASET-001,MSN-MISFIRE-001,96.35,0.0383,263.8743,MISFIRE,0.17,0.01,1846.8,0.987,LOW_RUL,PHYSICAL_FAULT,
2026-01-01 00:02:49+00:00,ENG-DATASET-001,MSN-MISFIRE-001,96.35,0.0383,266.0759,MISFIRE,0.17,0.01,1846.8,0.987,LOW_RUL,PHYSICAL_FAULT,
2026-01-01 00:02:50+00:00,ENG-DATASET-001,MSN-MISFIRE-001,95.18,0.0793,274.4522,MISFIRE,0.15,0.01,1682.8,0.973,LOW_RUL,PHYSICAL_FAULT,
2026-01-01 00:02:51+00:00,ENG-DATASET-001,MSN-MISFIRE-001,92.45,0.0793,297.9758,MISFIRE,0.14,0.01,1682.8,0.973,LOW_RUL,PHYSICAL_FAULT,
2026-01-01 00:02:52+00:00,ENG-DATASET-001,MSN-MISFIRE-001,93.55,0.041,313.4971,MISFIRE,0.15,0.01,1836.0,0.986,LOW_RUL,PHYSICAL_FAULT,
2026-01-01 00:02:53+00:00,ENG-DATASET-001,MSN-MISFIRE-001,94.88,0.084,319.8789,MISFIRE,0.13,0.0,1664.0,0.972,LOW_RUL,PHYSICAL_FAULT,
2026-01-01 00:02:54+00:00,ENG-DATASET-001,MSN-MISFIRE-001,92.02,0.084,342.115,MISFIRE,0.12,0.0,1664.0,0.972,LOW_RUL,PHYSICAL_FAULT,
2026-01-01 00:02:55+00:00,ENG-DATASET-001,MSN-MISFIRE-001,93.19,0.043,355.8498,MISFIRE,0.13,0.01,1828.0,0.986,LOW_RUL,PHYSICAL_FAULT,
2026-01-01 00:02:56+00:00,ENG-DATASET-001,MSN-MISFIRE-001,95.92,0.043,352.1108,MISFIRE,0.13,0.0,1828.0,0.986,LOW_RUL,PHYSICAL_FAULT,
2026-01-01 00:02:57+00:00,ENG-DATASET-001,MSN-MISFIRE-001,94.69,0.086,354.8146,MISFIRE,0.12,0.0,1656.0,0.971,LOW_RUL,PHYSICAL_FAULT,
2026-01-01 00:02:58+00:00,ENG-DATASET-001,MSN-MISFIRE-001,93.06,0.043,366.0757,MISFIRE,0.12,0.0,1828.0,0.986,LOW_RUL,PHYSICAL_FAULT,
2026-01-01 00:02:59+00:00,ENG-DATASET-001,MSN-MISFIRE-001,95.92,0.043,359.0697,MISFIRE,0.13,0.0,1828.0,0.986,LOW_RUL,PHYSICAL_FAULT,
2026-01-01 00:03:00+00:00,ENG-DATASET-001,MSN-MISFIRE-001,95.92,0.043,351.2476,MISFIRE,0.13,0.0,1828.0,0.986,LOW_RUL,PHYSICAL_FAULT,
2026-01-01 00:03:01+00:00,ENG-DATASET-001,MSN-MISFIRE-001,95.92,0.043,342.6092,MISFIRE,0.13,0.0,1828.0,0.986,LOW_RUL,PHYSICAL_FAULT,
2026-01-01 00:03:02+00:00,ENG-DATASET-001,MSN-MISFIRE-001,95.85,0.0455,333.5677,MISFIRE,0.14,0.0,1818.0,0.985,LOW_RUL,PHYSICAL_FAULT,
2026-01-01 00:03:03+00:00,ENG-DATASET-001,MSN-MISFIRE-001,95.68,0.0455,324.6992,MISFIRE,0.14,0.0,1818.0,0.985,LOW_RUL,PHYSICAL_FAULT,
2026-01-01 00:03:04+00:00,ENG-DATASET-001,MSN-MISFIRE-001,95.68,0.0455,314.9665,MISFIRE,0.14,0.0,1818.0,0.985,LOW_RUL,PHYSICAL_FAULT,
2026-01-01 00:03:05+00:00,ENG-DATASET-001,MSN-MISFIRE-001,94.34,0.0928,312.2777,MISFIRE,0.13,0.0,1628.8,0.97,LOW_RUL,PHYSICAL_FAULT,
2026-01-01 00:03:06+00:00,ENG-DATASET-001,MSN-MISFIRE-001,89.93,0.1376,334.4829,MISFIRE,0.11,0.0,1449.6,0.955,LOW_RUL,PHYSICAL_FAULT,
2026-01-01 00:03:07+00:00,ENG-DATASET-001,MSN-MISFIRE-001,86.92,0.1382,372.4375,MISFIRE,0.1,0.0,1447.2,0.954,LOW_RUL,PHYSICAL_FAULT,
2026-01-01 00:03:08+00:00,ENG-DATASET-001,MSN-MISFIRE-001,86.87,0.1382,408.0704,MISFIRE,0.09,0.0,1447.2,0.954,LOW_RUL,PHYSICAL_FAULT,
2026-01-01 00:03:09+00:00,ENG-DATASET-001,MSN-MISFIRE-001,86.7,0.1395,445.3747,MISFIRE,0.08,0.0,1442.0,0.938,LOW_RUL,PHYSICAL_FAULT,
2026-01-01 00:03:10+00:00,ENG-DATASET-001,MSN-MISFIRE-001,85.51,0.1386,494.8985,MISFIRE,0.07,0.0,1445.6,0.953,LOW_RUL,PHYSICAL_FAULT,
2026-01-01 00:03:11+00:00,ENG-DATASET-001,MSN-MISFIRE-001,86.8,0.1391,534.2724,MISFIRE,0.07,0.0,1443.6,0.953,LOW_RUL,PHYSICAL_FAULT,
2026-01-01 00:03:12+00:00,ENG-DATASET-001,MSN-MISFIRE-001,87.91,0.0993,564.8169,MISFIRE,0.07,0.0,1602.8,0.968,LOW_RUL,PHYSICAL_FAULT,
2026-01-01 00:03:13+00:00,ENG-DATASET-001,MSN-MISFIRE-001,89.73,0.1279,582.5638,MISFIRE,0.06,0.0,1488.4,0.952,LOW_RUL,PHYSICAL_FAULT,
2026-01-01 00:03:14+00:00,ENG-DATASET-001,MSN-MISFIRE-001,86.78,0.1342,612.7332,MISFIRE,0.06,0.0,1463.2,0.948,LOW_RUL,PHYSICAL_FAULT,
2026-01-01 00:03:15+00:00,ENG-DATASET-001,MSN-MISFIRE-001,85.44,0.1642,640.671,MISFIRE,0.05,0.0,1343.2,0.922,LOW_RUL,PHYSICAL_FAULT,
2026-01-01 00:03:16+00:00,ENG-DATASET-001,MSN-MISFIRE-001,83.27,0.1588,678.5025,MISFIRE,0.05,0.0,1364.8,0.938,LOW_RUL,PHYSICAL_FAULT,
2026-01-01 00:03:17+00:00,ENG-DATASET-001,MSN-MISFIRE-001,84.62,0.1588,705.0198,MISFIRE,0.05,0.0,1364.8,0.938,LOW_RUL,PHYSICAL_FAULT,
2026-01-01 00:03:18+00:00,ENG-DATASET-001,MSN-MISFIRE-001,84.3,0.1678,730.3489,MISFIRE,0.05,0.0,1328.8,0.927,LOW_RUL,PHYSICAL_FAULT,
2026-01-01 00:03:19+00:00,ENG-DATASET-001,MSN-MISFIRE-001,83.76,0.1524,755.7239,MISFIRE,0.05,0.0,1390.4,0.947,LOW_RUL,PHYSICAL_FAULT,
2026-01-01 00:03:20+00:00,ENG-DATASET-001,MSN-MISFIRE-001,87.46,0.0828,761.5665,MISFIRE,0.05,0.0,1668.8,0.973,LOW_RUL,PHYSICAL_FAULT,
2026-01-01 00:03:21+00:00,ENG-DATASET-001,MSN-MISFIRE-001,92.15,0.0828,750.4004,MISFIRE,0.06,0.0,1668.8,0.973,LOW_RUL,PHYSICAL_FAULT,
2026-01-01 00:03:22+00:00,ENG-DATASET-001,MSN-MISFIRE-001,92.15,0.0828,738.2721,MISFIRE,0.06,0.0,1668.8,0.973,LOW_RUL,PHYSICAL_FAULT,
2026-01-01 00:03:23+00:00,ENG-DATASET-001,MSN-MISFIRE-001,91.98,0.088,726.1847,MISFIRE,0.06,0.0,1648.0,0.969,LOW_RUL,PHYSICAL_FAULT,
2026-01-01 00:03:24+00:00,ENG-DATASET-001,MSN-MISFIRE-001,91.58,0.088,715.4617,MISFIRE,0.06,0.0,1648.0,0.969,LOW_RUL,PHYSICAL_FAULT,
2026-01-01 00:03:25+00:00,ENG-DATASET-001,MSN-MISFIRE-001,89.45,0.1611,710.6194,MISFIRE,0.05,0.0,1355.6,0.939,LOW_RUL,PHYSICAL_FAULT,
2026-01-01 00:03:26+00:00,ENG-DATASET-001,MSN-MISFIRE-001,84.47,0.1611,720.5452,MISFIRE,0.05,0.0,1355.6,0.939,LOW_RUL,PHYSICAL_FAULT,
2026-01-01 00:03:27+00:00,ENG-DATASET-001,MSN-MISFIRE-001,84.47,0.1611,727.364,MISFIRE,0.05,0.0,1355.6,0.939,LOW_RUL,PHYSICAL_FAULT,
2026-01-01 00:03:28+00:00,ENG-DATASET-001,MSN-MISFIRE-001,86.8,0.0806,723.1219,MISFIRE,0.06,0.0,1677.6,0.97,LOW_RUL,PHYSICAL_FAULT,
2026-01-01 00:03:29+00:00,ENG-DATASET-001,MSN-MISFIRE-001,92.25,0.0806,703.9735,MISFIRE,0.06,0.0,1677.6,0.97,LOW_RUL,PHYSICAL_FAULT,
2026-01-01 00:03:30+00:00,ENG-DATASET-001,MSN-MISFIRE-001,92.21,0.0817,698.564,MISFIRE,0.06,0.0,1673.2,0.97,LOW_RUL,PHYSICAL_FAULT,
2026-01-01 00:03:31+00:00,ENG-DATASET-001,MSN-MISFIRE-001,92.14,0.0817,693.3116,MISFIRE,0.06,0.0,1673.2,0.97,LOW_RUL,PHYSICAL_FAULT,
2026-01-01 00:03:32+00:00,ENG-DATASET-001,MSN-MISFIRE-001,89.81,0.1621,701.5399,MISFIRE,0.05,0.0,1351.6,0.938,LOW_RUL,PHYSICAL_FAULT,
2026-01-01 00:03:33+00:00,ENG-DATASET-001,MSN-MISFIRE-001,83.28,0.1933,741.773,MISFIRE,0.04,0.0,1226.8,0.906,LOW_RUL,PHYSICAL_FAULT,
2026-01-01 00:03:34+00:00,ENG-DATASET-001,MSN-MISFIRE-001,80.25,0.1992,777.9471,MISFIRE,0.04,0.0,1203.2,0.906,LOW_RUL,PHYSICAL_FAULT,
2026-01-01 00:03:35+00:00,ENG-DATASET-001,MSN-MISFIRE-001,80.38,0.1938,801.9368,MISFIRE,0.04,0.0,1224.8,0.906,LOW_RUL,PHYSICAL_FAULT,
2026-01-01 00:03:36+00:00,ENG-DATASET-001,MSN-MISFIRE-001,80.2,0.1997,838.0358,MISFIRE,0.04,0.0,1201.2,0.906,LOW_RUL,PHYSICAL_FAULT,
2026-01-01 00:03:37+00:00,ENG-DATASET-001,MSN-MISFIRE-001,80.32,0.1944,870.1557,MISFIRE,0.04,0.0,1222.4,0.905,LOW_RUL,PHYSICAL_FAULT,
2026-01-01 00:03:38+00:00,ENG-DATASET-001,MSN-MISFIRE-001,80.25,0.195,899.4418,MISFIRE,0.03,0.0,1220.0,0.904,LOW_RUL,PHYSICAL_FAULT,
2026-01-01 00:03:39+00:00,ENG-DATASET-001,MSN-MISFIRE-001,78.99,0.2309,932.9031,MISFIRE,0.03,0.0,1076.4,0.872,LOW_RUL,PHYSICAL_FAULT,
2026-01-01 00:03:40+00:00,ENG-DATASET-001,MSN-MISFIRE-001,77.1,0.2014,974.1886,MISFIRE,0.03,0.0,1194.4,0.903,LOW_RUL,PHYSICAL_FAULT,
2026-01-01 00:03:41+00:00,ENG-DATASET-001,MSN-MISFIRE-001,78.9,0.2318,1001.5762,MISFIRE,0.03,0.0,1072.8,0.871,LOW_RUL,PHYSICAL_FAULT,
2026-01-01 00:03:42+00:00,ENG-DATASET-001,MSN-MISFIRE-001,75.93,0.2326,1042.9867,MISFIRE,0.03,0.0,1069.6,0.87,LOW_RUL,PHYSICAL_FAULT,
2026-01-01 00:03:43+00:00,ENG-DATASET-001,MSN-MISFIRE-001,75.84,0.2334,1080.8292,MISFIRE,0.02,0.0,1066.4,0.869,LOW_RUL,PHYSICAL_FAULT,
2026-01-01 00:03:44+00:00,ENG-DATASET-001,MSN-MISFIRE-001,75.74,0.2343,1115.1448,MISFIRE,0.02,0.0,1062.8,0.869,LOW_RUL,PHYSICAL_FAULT,
2026-01-01 00:03:45+00:00,ENG-DATASET-001,MSN-MISFIRE-001,75.48,0.2421,1140.2677,MISFIRE,0.02,0.0,1031.6,0.869,LOW_RUL,PHYSICAL_FAULT,
2026-01-01 00:03:46+00:00,ENG-DATASET-001,MSN-MISFIRE-001,76.74,0.2039,1138.2952,MISFIRE,0.03,0.0,1184.4,0.9,LOW_RUL,PHYSICAL_FAULT,
2026-01-01 00:03:47+00:00,ENG-DATASET-001,MSN-MISFIRE-001,80.96,0.1655,1113.4763,MISFIRE,0.03,0.0,1338.0,0.933,LOW_RUL,PHYSICAL_FAULT,
2026-01-01 00:03:48+00:00,ENG-DATASET-001,MSN-MISFIRE-001,83.9,0.1665,1083.2769,MISFIRE,0.03,0.0,1334.0,0.932,LOW_RUL,PHYSICAL_FAULT,
2026-01-01 00:03:49+00:00,ENG-DATASET-001,MSN-MISFIRE-001,85.76,0.1022,1039.6098,MISFIRE,0.04,0.0,1591.2,0.965,LOW_RUL,PHYSICAL_FAULT,
2026-01-01 00:03:50+00:00,ENG-DATASET-001,MSN-MISFIRE-001,88.3,0.1676,985.9729,MISFIRE,0.03,0.0,1329.6,0.932,LOW_RUL,PHYSICAL_FAULT,
2026-01-01 00:03:51+00:00,ENG-DATASET-001,MSN-MISFIRE-001,82.4,0.2077,982.4369,MISFIRE,0.03,0.0,1169.2,0.899,LOW_RUL,PHYSICAL_FAULT,
2026-01-01 00:03:52+00:00,ENG-DATASET-001,MSN-MISFIRE-001,77.96,0.2479,996.3818,MISFIRE,0.03,0.0,1008.4,0.863,LOW_RUL,PHYSICAL_FAULT,
2026-01-01 00:03:53+00:00,ENG-DATASET-001,MSN-MISFIRE-001,74.79,0.2489,1017.8007,MISFIRE,0.02,0.0,1004.4,0.862,LOW_RUL,PHYSICAL_FAULT,
2026-01-01 00:03:54+00:00,ENG-DATASET-001,MSN-MISFIRE-001,74.92,0.241,1051.8842,MISFIRE,0.02,0.0,1036.0,0.862,LOW_RUL,PHYSICAL_FAULT,
2026-01-01 00:03:55+00:00,ENG-DATASET-001,MSN-MISFIRE-001,74.69,0.2498,1076.7651,MISFIRE,0.02,0.0,1000.8,0.861,LOW_RUL,PHYSICAL_FAULT,
2026-01-01 00:03:56+00:00,ENG-DATASET-001,MSN-MISFIRE-001,74.58,0.2506,1081.9365,MISFIRE,0.02,0.0,997.6,0.86,LOW_RUL,PHYSICAL_FAULT,
2026-01-01 00:03:57+00:00,ENG-DATASET-001,MSN-MISFIRE-001,74.48,0.2514,1090.934,MISFIRE,0.02,0.0,994.4,0.86,LOW_RUL,PHYSICAL_FAULT,
2026-01-01 00:03:58+00:00,ENG-DATASET-001,MSN-MISFIRE-001,74.39,0.2522,1106.3653,MISFIRE,0.02,0.0,991.2,0.859,LOW_RUL,PHYSICAL_FAULT,
2026-01-01 00:03:59+00:00,ENG-DATASET-001,MSN-MISFIRE-001,73.0,0.2935,1108.814,MISFIRE,0.02,0.0,826.0,0.828,LOW_RUL,PHYSICAL_FAULT,
2026-01-01 00:04:00+00:00,ENG-DATASET-001,MSN-MISFIRE-001,69.82,0.2965,1125.4446,MISFIRE,0.02,0.0,814.0,0.828,LOW_RUL,PHYSICAL_FAULT,
2026-01-01 00:04:01+00:00,ENG-DATASET-001,MSN-MISFIRE-001,69.57,0.2993,1138.3292,MISFIRE,0.02,0.0,802.8,0.828,LOW_RUL,PHYSICAL_FAULT,
2026-01-01 00:04:02+00:00,ENG-DATASET-001,MSN-MISFIRE-001,70.92,0.2503,1138.4022,MISFIRE,0.02,0.0,998.8,0.857,LOW_RUL,PHYSICAL_FAULT,
2026-01-01 00:04:03+00:00,ENG-DATASET-001,MSN-MISFIRE-001,75.15,0.217,1109.5612,MISFIRE,0.03,0.0,1132.0,0.893,LOW_RUL,PHYSICAL_FAULT,
2026-01-01 00:04:04+00:00,ENG-DATASET-001,MSN-MISFIRE-001,79.73,0.1757,1049.5836,MISFIRE,0.03,0.0,1297.2,0.928,LOW_RUL,PHYSICAL_FAULT,
2026-01-01 00:04:05+00:00,ENG-DATASET-001,MSN-MISFIRE-001,82.93,0.1754,975.706,MISFIRE,0.03,0.0,1298.4,0.929,LOW_RUL,PHYSICAL_FAULT,
2026-01-01 00:04:06+00:00,ENG-DATASET-001,MSN-MISFIRE-001,82.96,0.175,926.2773,MISFIRE,0.04,0.0,1300.0,0.929,LOW_RUL,PHYSICAL_FAULT,
2026-01-01 00:04:07+00:00,ENG-DATASET-001,MSN-MISFIRE-001,81.55,0.2182,902.1416,MISFIRE,0.03,0.0,1127.2,0.891,LOW_RUL,PHYSICAL_FAULT,
2026-01-01 00:04:08+00:00,ENG-DATASET-001,MSN-MISFIRE-001,78.19,0.2182,897.0662,MISFIRE,0.03,0.0,1127.2,0.891,LOW_RUL,PHYSICAL_FAULT,
2026-01-01 00:04:09+00:00,ENG-DATASET-001,MSN-MISFIRE-001,76.78,0.2612,899.6129,MISFIRE,0.03,0.0,955.2,0.856,LOW_RUL,PHYSICAL_FAULT,
2026-01-01 00:04:10+00:00,ENG-DATASET-001,MSN-MISFIRE-001,73.5,0.2607,926.7934,MISFIRE,0.03,0.0,957.2,0.857,LOW_RUL,PHYSICAL_FAULT,
2026-01-01 00:04:11+00:00,ENG-DATASET-001,MSN-MISFIRE-001,73.56,0.2601,943.346,MISFIRE,0.03,0.0,959.6,0.857,LOW_RUL,PHYSICAL_FAULT,
2026-01-01 00:04:12+00:00,ENG-DATASET-001,MSN-MISFIRE-001,73.62,0.2595,950.1229,MISFIRE,0.03,0.0,962.0,0.857,LOW_RUL,PHYSICAL_FAULT,
2026-01-01 00:04:13+00:00,ENG-DATASET-001,MSN-MISFIRE-001,72.33,0.3021,950.549,MISFIRE,0.02,0.0,791.6,0.83,LOW_RUL,PHYSICAL_FAULT,
2026-01-01 00:04:14+00:00,ENG-DATASET-001,MSN-MISFIRE-001,69.24,0.3015,983.7303,MISFIRE,0.02,0.0,794.0,0.83,LOW_RUL,PHYSICAL_FAULT,
2026-01-01 00:04:15+00:00,ENG-DATASET-001,MSN-MISFIRE-001,69.29,0.3009,1021.2837,MISFIRE,0.02,0.0,796.4,0.83,LOW_RUL,PHYSICAL_FAULT,
2026-01-01 00:04:16+00:00,ENG-DATASET-001,MSN-MISFIRE-001,69.34,0.3004,1068.5518,MISFIRE,0.02,0.0,798.4,0.83,LOW_RUL,PHYSICAL_FAULT,
2026-01-01 00:04:17+00:00,ENG-DATASET-001,MSN-MISFIRE-001,69.39,0.2999,1104.5008,MISFIRE,0.02,0.0,800.4,0.831,LOW_RUL,PHYSICAL_FAULT,
2026-01-01 00:04:18+00:00,ENG-DATASET-001,MSN-MISFIRE-001,69.44,0.2994,1139.0604,MISFIRE,0.02,0.0,802.4,0.831,LOW_RUL,PHYSICAL_FAULT,
2026-01-01 00:04:19+00:00,ENG-DATASET-001,MSN-MISFIRE-001,69.48,0.299,1173.706,MISFIRE,0.02,0.0,804.0,0.831,LOW_RUL,PHYSICAL_FAULT,
2026-01-01 00:04:20+00:00,ENG-DATASET-001,MSN-MISFIRE-001,69.52,0.2986,1182.6825,MISFIRE,0.02,0.0,805.6,0.831,LOW_RUL,PHYSICAL_FAULT,
2026-01-01 00:04:21+00:00,ENG-DATASET-001,MSN-MISFIRE-001,69.56,0.2983,1159.217,MISFIRE,0.02,0.0,806.8,0.831,LOW_RUL,PHYSICAL_FAULT,
2026-01-01 00:04:22+00:00,ENG-DATASET-001,MSN-MISFIRE-001,69.59,0.298,1131.0552,MISFIRE,0.02,0.0,808.0,0.831,LOW_RUL,PHYSICAL_FAULT,
2026-01-01 00:04:23+00:00,ENG-DATASET-001,MSN-MISFIRE-001,69.61,0.2978,1099.2994,MISFIRE,0.02,0.0,808.8,0.831,LOW_RUL,PHYSICAL_FAULT,
2026-01-01 00:04:24+00:00,ENG-DATASET-001,MSN-MISFIRE-001,69.63,0.2977,1065.3909,MISFIRE,0.02,0.0,809.2,0.831,LOW_RUL,PHYSICAL_FAULT,
2026-01-01 00:04:25+00:00,ENG-DATASET-001,MSN-MISFIRE-001,69.64,0.2976,1040.0289,MISFIRE,0.02,0.0,809.6,0.831,LOW_RUL,PHYSICAL_FAULT,
2026-01-01 00:04:26+00:00,ENG-DATASET-001,MSN-MISFIRE-001,69.65,0.2976,1041.0312,MISFIRE,0.02,0.0,809.6,0.831,LOW_RUL,PHYSICAL_FAULT,
2026-01-01 00:04:27+00:00,ENG-DATASET-001,MSN-MISFIRE-001,69.65,0.2976,1039.0686,MISFIRE,0.02,0.0,809.6,0.832,LOW_RUL,PHYSICAL_FAULT,
2026-01-01 00:04:28+00:00,ENG-DATASET-001,MSN-MISFIRE-001,69.65,0.2977,1019.9243,MISFIRE,0.02,0.0,809.2,0.831,LOW_RUL,PHYSICAL_FAULT,
2026-01-01 00:04:29+00:00,ENG-DATASET-001,MSN-MISFIRE-001,69.63,0.2979,964.2128,MISFIRE,0.02,0.0,808.4,0.831,LOW_RUL,PHYSICAL_FAULT,
2026-01-01 00:04:30+00:00,ENG-DATASET-001,MSN-MISFIRE-001,69.62,0.2981,904.2792,MISFIRE,0.02,0.0,807.6,0.831,LOW_RUL,PHYSICAL_FAULT,
2026-01-01 00:04:31+00:00,ENG-DATASET-001,MSN-MISFIRE-001,69.6,0.2984,840.3714,MISFIRE,0.02,0.0,806.4,0.831,LOW_RUL,PHYSICAL_FAULT,
2026-01-01 00:04:32+00:00,ENG-DATASET-001,MSN-MISFIRE-001,69.57,0.2987,786.3484,MISFIRE,0.03,0.0,805.2,0.831,LOW_RUL,PHYSICAL_FAULT,
2026-01-01 00:04:33+00:00,ENG-DATASET-001,MSN-MISFIRE-001,69.54,0.2991,768.2974,MISFIRE,0.03,0.0,803.6,0.831,LOW_RUL,PHYSICAL_FAULT,
2026-01-01 00:04:34+00:00,ENG-DATASET-001,MSN-MISFIRE-001,69.5,0.2995,766.2218,MISFIRE,0.03,0.0,802.0,0.831,LOW_RUL,PHYSICAL_FAULT,
2026-01-01 00:04:35+00:00,ENG-DATASET-001,MSN-MISFIRE-001,69.46,0.3,761.4385,MISFIRE,0.03,0.0,800.0,0.831,LOW_RUL,PHYSICAL_FAULT,
2026-01-01 00:04:36+00:00,ENG-DATASET-001,MSN-MISFIRE-001,69.41,0.3005,755.864,MISFIRE,0.03,0.0,798.0,0.831,LOW_RUL,PHYSICAL_FAULT,
2026-01-01 00:04:37+00:00,ENG-DATASET-001,MSN-MISFIRE-001,69.36,0.3011,747.6937,MISFIRE,0.03,0.0,795.6,0.831,LOW_RUL,PHYSICAL_FAULT,
2026-01-01 00:04:38+00:00,ENG-DATASET-001,MSN-MISFIRE-001,69.31,0.3016,738.053,MISFIRE,0.03,0.0,793.6,0.83,LOW_RUL,PHYSICAL_FAULT,
2026-01-01 00:04:39+00:00,ENG-DATASET-001,MSN-MISFIRE-001,69.13,0.307,734.9742,MISFIRE,0.03,0.0,772.0,0.83,LOW_RUL,PHYSICAL_FAULT,
2026-01-01 00:04:40+00:00,ENG-DATASET-001,MSN-MISFIRE-001,68.65,0.3124,744.2877,MISFIRE,0.03,0.0,750.4,0.829,LOW_RUL,PHYSICAL_FAULT,
2026-01-01 00:04:41+00:00,ENG-DATASET-001,MSN-MISFIRE-001,69.62,0.2697,735.2032,MISFIRE,0.03,0.0,921.2,0.854,LOW_RUL,PHYSICAL_FAULT,
2026-01-01 00:04:42+00:00,ENG-DATASET-001,MSN-MISFIRE-001,74.1,0.227,715.9449,MISFIRE,0.04,0.0,1092.0,0.89,LOW_RUL,PHYSICAL_FAULT,
2026-01-01 00:04:43+00:00,ENG-DATASET-001,MSN-MISFIRE-001,77.24,0.2326,678.3384,MISFIRE,0.04,0.0,1069.6,0.888,LOW_RUL,PHYSICAL_FAULT,
2026-01-01 00:04:44+00:00,ENG-DATASET-001,MSN-MISFIRE-001,78.4,0.1848,634.7763,MISFIRE,0.05,0.0,1260.8,0.924,LOW_RUL,PHYSICAL_FAULT,
2026-01-01 00:04:45+00:00,ENG-DATASET-001,MSN-MISFIRE-001,81.98,0.1857,572.2049,MISFIRE,0.05,0.0,1257.2,0.923,LOW_RUL,PHYSICAL_FAULT,
2026-01-01 00:04:46+00:00,ENG-DATASET-001,MSN-MISFIRE-001,80.3,0.2347,513.1605,MISFIRE,0.05,0.0,1061.2,0.883,LOW_RUL,PHYSICAL_FAULT,
2026-01-01 00:04:47+00:00,ENG-DATASET-001,MSN-MISFIRE-001,75.0,0.2838,460.3579,MISFIRE,0.05,0.0,864.8,0.851,LOW_RUL,PHYSICAL_FAULT,
2026-01-01 00:04:48+00:00,ENG-DATASET-001,MSN-MISFIRE-001,71.4,0.2843,409.6698,MISFIRE,0.05,0.0,862.8,0.851,LOW_RUL,PHYSICAL_FAULT,
2026-01-01 00:04:49+00:00,ENG-DATASET-001,MSN-MISFIRE-001,69.88,0.3335,354.1024,MISFIRE,0.05,0.0,666.0,0.825,LOW_RUL,PHYSICAL_FAULT,
2026-01-01 00:04:50+00:00,ENG-DATASET-001,MSN-MISFIRE-001,68.1,0.2767,290.3647,MISFIRE,0.08,0.0,893.2,0.851,LOW_RUL,PHYSICAL_FAULT,
2026-01-01 00:04:51+00:00,ENG-DATASET-001,MSN-MISFIRE-001,71.34,0.2846,239.4645,MISFIRE,0.09,0.0,861.6,0.851,LOW_RUL,PHYSICAL_FAULT,
2026-01-01 00:04:52+00:00,ENG-DATASET-001,MSN-MISFIRE-001,72.88,0.2356,204.3548,MISFIRE,0.13,0.0,1057.6,0.883,LOW_RUL,PHYSICAL_FAULT,
2026-01-01 00:04:53+00:00,ENG-DATASET-001,MSN-MISFIRE-001,76.49,0.2353,166.2662,MISFIRE,0.16,0.0,1058.8,0.884,LOW_RUL,PHYSICAL_FAULT,
2026-01-01 00:04:54+00:00,ENG-DATASET-001,MSN-MISFIRE-001,76.52,0.235,127.5474,MISFIRE,0.21,0.0,1060.0,0.884,LOW_RUL,PHYSICAL_FAULT,
2026-01-01 00:04:55+00:00,ENG-DATASET-001,MSN-MISFIRE-001,75.01,0.2836,99.4636,MISFIRE,0.22,0.0,865.6,0.851,LOW_RUL,PHYSICAL_FAULT,
2026-01-01 00:04:56+00:00,ENG-DATASET-001,MSN-MISFIRE-001,73.0,0.2345,83.9773,MISFIRE,0.32,0.0,1062.0,0.886,LOW_RUL,PHYSICAL_FAULT,
2026-01-01 00:04:57+00:00,ENG-DATASET-001,MSN-MISFIRE-001,75.11,0.2827,56.3326,MISFIRE,0.39,0.0,869.2,0.851,LOW_RUL,PHYSICAL_FAULT,
2026-01-01 00:04:58+00:00,ENG-DATASET-001,MSN-MISFIRE-001,73.05,0.2338,41.5205,MISFIRE,0.64,0.0,1064.8,0.884,LOW_RUL,PHYSICAL_FAULT,
2026-01-01 00:04:59+00:00,ENG-DATASET-001,MSN-MISFIRE-001,78.23,0.1851,4.3512,MISFIRE,7.24,0.0,1259.6,0.922,LOW_RUL,PHYSICAL_FAULT,
2026-01-01 00:05:00+00:00,ENG-DATASET-001,MSN-MISFIRE-001,82.6,0.1637,0.0,MISFIRE,,,,0.937,UNRELIABLE,PHYSICAL_FAULT,
2026-01-01 00:00:01+00:00,ENG-DATASET-002,MSN-MISFIRE-002,100.0,0.0,0.0,HEALTHY,,,,0.05,INSUFFICIENT_HISTORY,NORMAL,
2026-01-01 00:00:02+00:00,ENG-DATASET-002,MSN-MISFIRE-002,100.0,0.0,0.0,HEALTHY,,,,0.1,INSUFFICIENT_HISTORY,NORMAL,
2026-01-01 00:00:03+00:00,ENG-DATASET-002,MSN-MISFIRE-002,100.0,0.0,0.0,HEALTHY,,,,0.15,INSUFFICIENT_HISTORY,NORMAL,
2026-01-01 00:00:04+00:00,ENG-DATASET-002,MSN-MISFIRE-002,100.0,0.0,0.0,HEALTHY,,,,0.2,INSUFFICIENT_HISTORY,NORMAL,
2026-01-01 00:00:05+00:00,ENG-DATASET-002,MSN-MISFIRE-002,100.0,0.0,0.0,HEALTHY,,,,0.25,STABLE,NORMAL,
2026-01-01 00:00:06+00:00,ENG-DATASET-002,MSN-MISFIRE-002,100.0,0.0,0.0,HEALTHY,,,,0.3,STABLE,NORMAL,
2026-01-01 00:00:07+00:00,ENG-DATASET-002,MSN-MISFIRE-002,100.0,0.0,0.0,HEALTHY,,,,0.35,STABLE,NORMAL,
2026-01-01 00:00:08+00:00,ENG-DATASET-002,MSN-MISFIRE-002,100.0,0.0,0.0,HEALTHY,,,,0.4,STABLE,NORMAL,
2026-01-01 00:00:09+00:00,ENG-DATASET-002,MSN-MISFIRE-002,100.0,0.0,0.0,HEALTHY,,,,0.45,STABLE,NORMAL,
2026-01-01 00:00:10+00:00,ENG-DATASET-002,MSN-MISFIRE-002,100.0,0.0,0.0,HEALTHY,,,,0.5,STABLE,NORMAL,
2026-01-01 00:00:11+00:00,ENG-DATASET-002,MSN-MISFIRE-002,100.0,0.0,0.0,HEALTHY,,,,0.55,STABLE,NORMAL,
2026-01-01 00:00:12+00:00,ENG-DATASET-002,MSN-MISFIRE-002,100.0,0.0,0.0,HEALTHY,,,,0.6,STABLE,NORMAL,
2026-01-01 00:00:13+00:00,ENG-DATASET-002,MSN-MISFIRE-002,100.0,0.0,0.0,HEALTHY,,,,0.65,STABLE,NORMAL,
2026-01-01 00:00:14+00:00,ENG-DATASET-002,MSN-MISFIRE-002,100.0,0.0,0.0,HEALTHY,,,,0.7,STABLE,NORMAL,
2026-01-01 00:00:15+00:00,ENG-DATASET-002,MSN-MISFIRE-002,100.0,0.0,0.0,HEALTHY,,,,0.75,STABLE,NORMAL,
2026-01-01 00:00:16+00:00,ENG-DATASET-002,MSN-MISFIRE-002,100.0,0.0,0.0,HEALTHY,,,,0.8,STABLE,NORMAL,
2026-01-01 00:00:17+00:00,ENG-DATASET-002,MSN-MISFIRE-002,100.0,0.0,0.0,HEALTHY,,,,0.85,STABLE,NORMAL,
2026-01-01 00:00:18+00:00,ENG-DATASET-002,MSN-MISFIRE-002,100.0,0.0,0.0,HEALTHY,,,,0.9,STABLE,NORMAL,
2026-01-01 00:00:19+00:00,ENG-DATASET-002,MSN-MISFIRE-002,100.0,0.0,0.0,HEALTHY,,,,0.95,STABLE,NORMAL,
2026-01-01 00:00:20+00:00,ENG-DATASET-002,MSN-MISFIRE-002,100.0,0.0,0.0,HEALTHY,,,,1.0,STABLE,NORMAL,
2026-01-01 00:00:21+00:00,ENG-DATASET-002,MSN-MISFIRE-002,100.0,0.0,0.0,HEALTHY,,,,1.0,STABLE,NORMAL,
2026-01-01 00:00:22+00:00,ENG-DATASET-002,MSN-MISFIRE-002,100.0,0.0,0.0,HEALTHY,,,,1.0,STABLE,NORMAL,
2026-01-01 00:00:23+00:00,ENG-DATASET-002,MSN-MISFIRE-002,100.0,0.0,0.0,HEALTHY,,,,1.0,STABLE,NORMAL,
2026-01-01 00:00:24+00:00,ENG-DATASET-002,MSN-MISFIRE-002,100.0,0.0,0.0,HEALTHY,,,,1.0,STABLE,NORMAL,
2026-01-01 00:00:25+00:00,ENG-DATASET-002,MSN-MISFIRE-002,100.0,0.0,0.0,HEALTHY,,,,1.0,STABLE,NORMAL,
2026-01-01 00:00:26+00:00,ENG-DATASET-002,MSN-MISFIRE-002,100.0,0.0,0.0,HEALTHY,,,,1.0,STABLE,NORMAL,
2026-01-01 00:00:27+00:00,ENG-DATASET-002,MSN-MISFIRE-002,100.0,0.0,0.0,HEALTHY,,,,1.0,STABLE,NORMAL,
2026-01-01 00:00:28+00:00,ENG-DATASET-002,MSN-MISFIRE-002,100.0,0.0,0.0,HEALTHY,,,,1.0,STABLE,NORMAL,
2026-01-01 00:00:29+00:00,ENG-DATASET-002,MSN-MISFIRE-002,100.0,0.0,0.0,HEALTHY,,,,1.0,STABLE,NORMAL,
2026-01-01 00:00:30+00:00,ENG-DATASET-002,MSN-MISFIRE-002,100.0,0.0,0.0,HEALTHY,,,,1.0,STABLE,NORMAL,
2026-01-01 00:00:31+00:00,ENG-DATASET-002,MSN-MISFIRE-002,100.0,0.0,0.0,HEALTHY,,,,1.0,STABLE,NORMAL,
2026-01-01 00:00:32+00:00,ENG-DATASET-002,MSN-MISFIRE-002,100.0,0.0,0.0,HEALTHY,,,,1.0,STABLE,NORMAL,
2026-01-01 00:00:33+00:00,ENG-DATASET-002,MSN-MISFIRE-002,100.0,0.0,0.0,HEALTHY,,,,1.0,STABLE,NORMAL,
2026-01-01 00:00:34+00:00,ENG-DATASET-002,MSN-MISFIRE-002,100.0,0.0,0.0,HEALTHY,,,,1.0,STABLE,NORMAL,
2026-01-01 00:00:35+00:00,ENG-DATASET-002,MSN-MISFIRE-002,100.0,0.0,0.0,HEALTHY,,,,1.0,STABLE,NORMAL,
2026-01-01 00:00:36+00:00,ENG-DATASET-002,MSN-MISFIRE-002,100.0,0.0,0.0,HEALTHY,,,,1.0,STABLE,NORMAL,
2026-01-01 00:00:37+00:00,ENG-DATASET-002,MSN-MISFIRE-002,100.0,0.0,0.0,HEALTHY,,,,1.0,STABLE,NORMAL,
2026-01-01 00:00:38+00:00,ENG-DATASET-002,MSN-MISFIRE-002,100.0,0.0,0.0,HEALTHY,,,,1.0,STABLE,NORMAL,
2026-01-01 00:00:39+00:00,ENG-DATASET-002,MSN-MISFIRE-002,100.0,0.0,0.0,HEALTHY,,,,1.0,STABLE,NORMAL,
2026-01-01 00:00:40+00:00,ENG-DATASET-002,MSN-MISFIRE-002,100.0,0.0,0.0,HEALTHY,,,,1.0,STABLE,NORMAL,
2026-01-01 00:00:41+00:00,ENG-DATASET-002,MSN-MISFIRE-002,100.0,0.0,0.0,HEALTHY,,,,1.0,STABLE,NORMAL,
2026-01-01 00:00:42+00:00,ENG-DATASET-002,MSN-MISFIRE-002,100.0,0.0,0.0,HEALTHY,,,,1.0,STABLE,NORMAL,
2026-01-01 00:00:43+00:00,ENG-DATASET-002,MSN-MISFIRE-002,100.0,0.0,0.0,HEALTHY,,,,1.0,STABLE,NORMAL,
2026-01-01 00:00:44+00:00,ENG-DATASET-002,MSN-MISFIRE-002,100.0,0.0,0.0,HEALTHY,,,,1.0,STABLE,NORMAL,
2026-01-01 00:00:45+00:00,ENG-DATASET-002,MSN-MISFIRE-002,100.0,0.0,0.0,HEALTHY,,,,1.0,STABLE,NORMAL,
2026-01-01 00:00:46+00:00,ENG-DATASET-002,MSN-MISFIRE-002,100.0,0.0,0.0,HEALTHY,,,,1.0,STABLE,NORMAL,
2026-01-01 00:00:47+00:00,ENG-DATASET-002,MSN-MISFIRE-002,100.0,0.0,0.0,HEALTHY,,,,1.0,STABLE,NORMAL,
2026-01-01 00:00:48+00:00,ENG-DATASET-002,MSN-MISFIRE-002,100.0,0.0,0.0,HEALTHY,,,,1.0,STABLE,NORMAL,
2026-01-01 00:00:49+00:00,ENG-DATASET-002,MSN-MISFIRE-002,100.0,0.0,0.0,HEALTHY,,,,1.0,STABLE,NORMAL,
2026-01-01 00:00:50+00:00,ENG-DATASET-002,MSN-MISFIRE-002,100.0,0.0,0.0,HEALTHY,,,,1.0,STABLE,NORMAL,
2026-01-01 00:00:51+00:00,ENG-DATASET-002,MSN-MISFIRE-002,100.0,0.0,0.0,HEALTHY,,,,1.0,STABLE,NORMAL,
2026-01-01 00:00:52+00:00,ENG-DATASET-002,MSN-MISFIRE-002,100.0,0.0,0.0,HEALTHY,,,,1.0,STABLE,NORMAL,
2026-01-01 00:00:53+00:00,ENG-DATASET-002,MSN-MISFIRE-002,100.0,0.0,0.0,HEALTHY,,,,1.0,STABLE,NORMAL,
2026-01-01 00:00:54+00:00,ENG-DATASET-002,MSN-MISFIRE-002,100.0,0.0,0.0,HEALTHY,,,,1.0,STABLE,NORMAL,
2026-01-01 00:00:55+00:00,ENG-DATASET-002,MSN-MISFIRE-002,100.0,0.0,0.0,HEALTHY,,,,1.0,STABLE,NORMAL,
2026-01-01 00:00:56+00:00,ENG-DATASET-002,MSN-MISFIRE-002,100.0,0.0,0.0,HEALTHY,,,,1.0,STABLE,NORMAL,
2026-01-01 00:00:57+00:00,ENG-DATASET-002,MSN-MISFIRE-002,100.0,0.0,0.0,HEALTHY,,,,1.0,STABLE,NORMAL,
2026-01-01 00:00:58+00:00,ENG-DATASET-002,MSN-MISFIRE-002,100.0,0.0,0.0,HEALTHY,,,,1.0,STABLE,NORMAL,
2026-01-01 00:00:59+00:00,ENG-DATASET-002,MSN-MISFIRE-002,100.0,0.0,0.0,HEALTHY,,,,1.0,STABLE,NORMAL,
2026-01-01 00:01:00+00:00,ENG-DATASET-002,MSN-MISFIRE-002,100.0,0.0,0.0,HEALTHY,,,,1.0,STABLE,NORMAL,
2026-01-01 00:01:01+00:00,ENG-DATASET-002,MSN-MISFIRE-002,100.0,0.0,0.0,HEALTHY,,,,1.0,STABLE,NORMAL,
2026-01-01 00:01:02+00:00,ENG-DATASET-002,MSN-MISFIRE-002,100.0,0.0,0.0,HEALTHY,,,,1.0,STABLE,NORMAL,
2026-01-01 00:01:03+00:00,ENG-DATASET-002,MSN-MISFIRE-002,100.0,0.0,0.0,HEALTHY,,,,1.0,STABLE,NORMAL,
2026-01-01 00:01:04+00:00,ENG-DATASET-002,MSN-MISFIRE-002,100.0,0.0,0.0,HEALTHY,,,,1.0,STABLE,NORMAL,
2026-01-01 00:01:05+00:00,ENG-DATASET-002,MSN-MISFIRE-002,100.0,0.0,0.0,HEALTHY,,,,1.0,STABLE,NORMAL,
2026-01-01 00:01:06+00:00,ENG-DATASET-002,MSN-MISFIRE-002,100.0,0.0,0.0,HEALTHY,,,,1.0,STABLE,NORMAL,
2026-01-01 00:01:07+00:00,ENG-DATASET-002,MSN-MISFIRE-002,100.0,0.0,0.0,HEALTHY,,,,1.0,STABLE,NORMAL,
2026-01-01 00:01:08+00:00,ENG-DATASET-002,MSN-MISFIRE-002,100.0,0.0,0.0,HEALTHY,,,,1.0,STABLE,NORMAL,
2026-01-01 00:01:09+00:00,ENG-DATASET-002,MSN-MISFIRE-002,100.0,0.0,0.0,HEALTHY,,,,1.0,STABLE,NORMAL,
2026-01-01 00:01:10+00:00,ENG-DATASET-002,MSN-MISFIRE-002,100.0,0.0,0.0,HEALTHY,,,,1.0,STABLE,NORMAL,
2026-01-01 00:01:11+00:00,ENG-DATASET-002,MSN-MISFIRE-002,100.0,0.0,0.0,HEALTHY,,,,1.0,STABLE,NORMAL,
2026-01-01 00:01:12+00:00,ENG-DATASET-002,MSN-MISFIRE-002,100.0,0.0,0.0,HEALTHY,,,,1.0,STABLE,NORMAL,
2026-01-01 00:01:13+00:00,ENG-DATASET-002,MSN-MISFIRE-002,100.0,0.0,0.0,HEALTHY,,,,1.0,STABLE,NORMAL,
2026-01-01 00:01:14+00:00,ENG-DATASET-002,MSN-MISFIRE-002,100.0,0.0,0.0,HEALTHY,,,,1.0,STABLE,NORMAL,
2026-01-01 00:01:15+00:00,ENG-DATASET-002,MSN-MISFIRE-002,100.0,0.0,0.0,HEALTHY,,,,1.0,STABLE,NORMAL,
2026-01-01 00:01:16+00:00,ENG-DATASET-002,MSN-MISFIRE-002,100.0,0.0,0.0,HEALTHY,,,,1.0,STABLE,NORMAL,
2026-01-01 00:01:17+00:00,ENG-DATASET-002,MSN-MISFIRE-002,100.0,0.0,0.0,HEALTHY,,,,1.0,STABLE,NORMAL,
2026-01-01 00:01:18+00:00,ENG-DATASET-002,MSN-MISFIRE-002,100.0,0.0,0.0,HEALTHY,,,,1.0,STABLE,NORMAL,
2026-01-01 00:01:19+00:00,ENG-DATASET-002,MSN-MISFIRE-002,100.0,0.0,0.0,HEALTHY,,,,1.0,STABLE,NORMAL,
2026-01-01 00:01:20+00:00,ENG-DATASET-002,MSN-MISFIRE-002,100.0,0.0,0.0,HEALTHY,,,,1.0,STABLE,NORMAL,
2026-01-01 00:01:21+00:00,ENG-DATASET-002,MSN-MISFIRE-002,100.0,0.0,0.0,HEALTHY,,,,1.0,STABLE,NORMAL,
2026-01-01 00:01:22+00:00,ENG-DATASET-002,MSN-MISFIRE-002,100.0,0.0,0.0,HEALTHY,,,,1.0,STABLE,NORMAL,
2026-01-01 00:01:23+00:00,ENG-DATASET-002,MSN-MISFIRE-002,100.0,0.0,0.0,HEALTHY,,,,1.0,STABLE,NORMAL,
2026-01-01 00:01:24+00:00,ENG-DATASET-002,MSN-MISFIRE-002,100.0,0.0,0.0,HEALTHY,,,,1.0,STABLE,NORMAL,
2026-01-01 00:01:25+00:00,ENG-DATASET-002,MSN-MISFIRE-002,100.0,0.0,0.0,HEALTHY,,,,1.0,STABLE,NORMAL,
2026-01-01 00:01:26+00:00,ENG-DATASET-002,MSN-MISFIRE-002,100.0,0.0,0.0,HEALTHY,,,,1.0,STABLE,NORMAL,
2026-01-01 00:01:27+00:00,ENG-DATASET-002,MSN-MISFIRE-002,100.0,0.0,0.0,HEALTHY,,,,1.0,STABLE,NORMAL,
2026-01-01 00:01:28+00:00,ENG-DATASET-002,MSN-MISFIRE-002,100.0,0.0,0.0,HEALTHY,,,,1.0,STABLE,NORMAL,
2026-01-01 00:01:29+00:00,ENG-DATASET-002,MSN-MISFIRE-002,100.0,0.0,0.0,HEALTHY,,,,1.0,STABLE,NORMAL,
2026-01-01 00:01:30+00:00,ENG-DATASET-002,MSN-MISFIRE-002,100.0,0.0,0.0,HEALTHY,,,,1.0,STABLE,NORMAL,
2026-01-01 00:01:31+00:00,ENG-DATASET-002,MSN-MISFIRE-002,100.0,0.0,0.0,HEALTHY,,,,1.0,STABLE,NORMAL,
2026-01-01 00:01:32+00:00,ENG-DATASET-002,MSN-MISFIRE-002,100.0,0.0,0.0,HEALTHY,,,,1.0,STABLE,NORMAL,
2026-01-01 00:01:33+00:00,ENG-DATASET-002,MSN-MISFIRE-002,100.0,0.0,0.0,HEALTHY,,,,1.0,STABLE,NORMAL,
2026-01-01 00:01:34+00:00,ENG-DATASET-002,MSN-MISFIRE-002,100.0,0.0,0.0,HEALTHY,,,,1.0,STABLE,NORMAL,
2026-01-01 00:01:35+00:00,ENG-DATASET-002,MSN-MISFIRE-002,100.0,0.0,0.0,HEALTHY,,,,1.0,STABLE,NORMAL,
2026-01-01 00:01:36+00:00,ENG-DATASET-002,MSN-MISFIRE-002,100.0,0.0,0.0,HEALTHY,,,,1.0,STABLE,NORMAL,
2026-01-01 00:01:37+00:00,ENG-DATASET-002,MSN-MISFIRE-002,100.0,0.0,0.0,HEALTHY,,,,1.0,STABLE,NORMAL,
2026-01-01 00:01:38+00:00,ENG-DATASET-002,MSN-MISFIRE-002,100.0,0.0,0.0,HEALTHY,,,,1.0,STABLE,NORMAL,
2026-01-01 00:01:39+00:00,ENG-DATASET-002,MSN-MISFIRE-002,100.0,0.0,0.0,HEALTHY,,,,1.0,STABLE,NORMAL,
2026-01-01 00:01:40+00:00,ENG-DATASET-002,MSN-MISFIRE-002,100.0,0.0,0.0,HEALTHY,,,,1.0,STABLE,NORMAL,
2026-01-01 00:01:41+00:00,ENG-DATASET-002,MSN-MISFIRE-002,100.0,0.0,0.0,HEALTHY,,,,1.0,STABLE,NORMAL,
2026-01-01 00:01:42+00:00,ENG-DATASET-002,MSN-MISFIRE-002,100.0,0.0,0.0,HEALTHY,,,,1.0,STABLE,NORMAL,
2026-01-01 00:01:43+00:00,ENG-DATASET-002,MSN-MISFIRE-002,100.0,0.0,0.0,HEALTHY,,,,1.0,STABLE,NORMAL,
2026-01-01 00:01:44+00:00,ENG-DATASET-002,MSN-MISFIRE-002,100.0,0.0,0.0,HEALTHY,,,,1.0,STABLE,NORMAL,
2026-01-01 00:01:45+00:00,ENG-DATASET-002,MSN-MISFIRE-002,100.0,0.0,0.0,HEALTHY,,,,1.0,STABLE,NORMAL,
2026-01-01 00:01:46+00:00,ENG-DATASET-002,MSN-MISFIRE-002,100.0,0.0,0.0,HEALTHY,,,,1.0,STABLE,NORMAL,
2026-01-01 00:01:47+00:00,ENG-DATASET-002,MSN-MISFIRE-002,100.0,0.0,0.0,HEALTHY,,,,1.0,STABLE,NORMAL,
2026-01-01 00:01:48+00:00,ENG-DATASET-002,MSN-MISFIRE-002,100.0,0.0,0.0,HEALTHY,,,,1.0,STABLE,NORMAL,
2026-01-01 00:01:49+00:00,ENG-DATASET-002,MSN-MISFIRE-002,100.0,0.0,0.0,HEALTHY,,,,1.0,STABLE,NORMAL,
2026-01-01 00:01:50+00:00,ENG-DATASET-002,MSN-MISFIRE-002,100.0,0.0,0.0,HEALTHY,,,,1.0,STABLE,NORMAL,
2026-01-01 00:01:51+00:00,ENG-DATASET-002,MSN-MISFIRE-002,100.0,0.0,0.0,HEALTHY,,,,1.0,STABLE,NORMAL,
2026-01-01 00:01:52+00:00,ENG-DATASET-002,MSN-MISFIRE-002,100.0,0.0,0.0,HEALTHY,,,,1.0,STABLE,NORMAL,
2026-01-01 00:01:53+00:00,ENG-DATASET-002,MSN-MISFIRE-002,100.0,0.0,0.0,HEALTHY,,,,1.0,STABLE,NORMAL,
2026-01-01 00:01:54+00:00,ENG-DATASET-002,MSN-MISFIRE-002,100.0,0.0,0.0,HEALTHY,,,,1.0,STABLE,NORMAL,
2026-01-01 00:01:55+00:00,ENG-DATASET-002,MSN-MISFIRE-002,100.0,0.0,0.0,HEALTHY,,,,1.0,STABLE,NORMAL,
2026-01-01 00:01:56+00:00,ENG-DATASET-002,MSN-MISFIRE-002,100.0,0.0,0.0,HEALTHY,,,,1.0,STABLE,NORMAL,
2026-01-01 00:01:57+00:00,ENG-DATASET-002,MSN-MISFIRE-002,100.0,0.0,0.0,HEALTHY,,,,1.0,STABLE,NORMAL,
2026-01-01 00:01:58+00:00,ENG-DATASET-002,MSN-MISFIRE-002,100.0,0.0,0.0,HEALTHY,,,,1.0,STABLE,NORMAL,
2026-01-01 00:01:59+00:00,ENG-DATASET-002,MSN-MISFIRE-002,100.0,0.0,0.0,HEALTHY,,,,1.0,STABLE,NORMAL,
2026-01-01 00:02:00+00:00,ENG-DATASET-002,MSN-MISFIRE-002,100.0,0.0,0.0,HEALTHY,,,,1.0,STABLE,NORMAL,
2026-01-01 00:02:01+00:00,ENG-DATASET-002,MSN-MISFIRE-002,100.0,0.0,0.0,MISFIRE,,,,1.0,STABLE,PHYSICAL_FAULT,
2026-01-01 00:02:02+00:00,ENG-DATASET-002,MSN-MISFIRE-002,100.0,0.0,0.0,MISFIRE,,,,1.0,STABLE,PHYSICAL_FAULT,
2026-01-01 00:02:03+00:00,ENG-DATASET-002,MSN-MISFIRE-002,100.0,0.0,0.0,MISFIRE,,,,1.0,STABLE,PHYSICAL_FAULT,
2026-01-01 00:02:04+00:00,ENG-DATASET-002,MSN-MISFIRE-002,100.0,0.0,0.0,MISFIRE,,,,1.0,STABLE,PHYSICAL_FAULT,
2026-01-01 00:02:05+00:00,ENG-DATASET-002,MSN-MISFIRE-002,100.0,0.0,0.0,MISFIRE,,,,1.0,STABLE,PHYSICAL_FAULT,
2026-01-01 00:02:06+00:00,ENG-DATASET-002,MSN-MISFIRE-002,99.51,0.017,2.8918,MISFIRE,16.7,0.11,1932.0,0.994,ESTIMATED,PHYSICAL_FAULT,
2026-01-01 00:02:07+00:00,ENG-DATASET-002,MSN-MISFIRE-002,98.36,0.017,12.4725,MISFIRE,3.87,0.04,1932.0,0.994,LOW_RUL,PHYSICAL_FAULT,
2026-01-01 00:02:08+00:00,ENG-DATASET-002,MSN-MISFIRE-002,97.86,0.0344,24.6759,MISFIRE,1.89,0.04,1862.4,0.987,LOW_RUL,PHYSICAL_FAULT,
2026-01-01 00:02:09+00:00,ENG-DATASET-002,MSN-MISFIRE-002,96.7,0.0344,43.297,MISFIRE,1.08,0.03,1862.4,0.987,LOW_RUL,PHYSICAL_FAULT,
2026-01-01 00:02:10+00:00,ENG-DATASET-002,MSN-MISFIRE-002,96.7,0.0344,61.258,MISFIRE,0.76,0.03,1862.4,0.987,LOW_RUL,PHYSICAL_FAULT,
2026-01-01 00:02:11+00:00,ENG-DATASET-002,MSN-MISFIRE-002,97.19,0.0174,75.667,MISFIRE,0.64,0.03,1930.4,0.994,LOW_RUL,PHYSICAL_FAULT,
2026-01-01 00:02:12+00:00,ENG-DATASET-002,MSN-MISFIRE-002,98.33,0.0174,82.786,MISFIRE,0.58,0.02,1930.4,0.994,LOW_RUL,PHYSICAL_FAULT,
2026-01-01 00:02:13+00:00,ENG-DATASET-002,MSN-MISFIRE-002,98.83,0.0,86.6201,MISFIRE,0.58,0.02,2000.0,1.0,LOW_RUL,PHYSICAL_FAULT,
2026-01-01 00:02:14+00:00,ENG-DATASET-002,MSN-MISFIRE-002,100.0,0.0,83.3151,MISFIRE,0.6,0.02,2000.0,1.0,LOW_RUL,PHYSICAL_FAULT,
2026-01-01 00:02:15+00:00,ENG-DATASET-002,MSN-MISFIRE-002,100.0,0.0,80.0102,MISFIRE,0.62,0.02,2000.0,1.0,LOW_RUL,PHYSICAL_FAULT,
2026-01-01 00:02:16+00:00,ENG-DATASET-002,MSN-MISFIRE-002,100.0,0.0,76.7053,MISFIRE,0.65,0.02,2000.0,1.0,LOW_RUL,PHYSICAL_FAULT,
2026-01-01 00:02:17+00:00,ENG-DATASET-002,MSN-MISFIRE-002,99.41,0.0206,76.8824,MISFIRE,0.62,0.02,1917.6,0.993,LOW_RUL,PHYSICAL_FAULT,
2026-01-01 00:02:18+00:00,ENG-DATASET-002,MSN-MISFIRE-002,98.04,0.0206,85.0266,MISFIRE,0.56,0.02,1917.6,0.993,LOW_RUL,PHYSICAL_FAULT,
2026-01-01 00:02:19+00:00,ENG-DATASET-002,MSN-MISFIRE-002,98.04,0.0206,92.7788,MISFIRE,0.52,0.02,1917.6,0.993,LOW_RUL,PHYSICAL_FAULT,
2026-01-01 00:02:20+00:00,ENG-DATASET-002,MSN-MISFIRE-002,97.37,0.0442,104.0929,MISFIRE,0.44,0.02,1823.2,0.985,LOW_RUL,PHYSICAL_FAULT,
2026-01-01 00:02:21+00:00,ENG-DATASET-002,MSN-MISFIRE-002,95.15,0.0669,127.9826,MISFIRE,0.34,0.01,1732.4,0.978,LOW_RUL,PHYSICAL_FAULT,
2026-01-01 00:02:22+00:00,ENG-DATASET-002,MSN-MISFIRE-002,93.36,0.0765,161.4659,MISFIRE,0.26,0.01,1694.0,0.974,LOW_RUL,PHYSICAL_FAULT,
2026-01-01 00:02:23+00:00,ENG-DATASET-002,MSN-MISFIRE-002,92.71,0.0765,197.4568,MISFIRE,0.21,0.01,1694.0,0.974,LOW_RUL,PHYSICAL_FAULT,
2026-01-01 00:02:24+00:00,ENG-DATASET-002,MSN-MISFIRE-002,91.76,0.1095,237.596,MISFIRE,0.16,0.01,1562.0,0.962,LOW_RUL,PHYSICAL_FAULT,
2026-01-01 00:02:25+00:00,ENG-DATASET-002,MSN-MISFIRE-002,90.23,0.0858,285.1162,MISFIRE,0.15,0.01,1656.8,0.97,LOW_RUL,PHYSICAL_FAULT,
2026-01-01 00:02:26+00:00,ENG-DATASET-002,MSN-MISFIRE-002,92.44,0.0631,317.6392,MISFIRE,0.14,0.01,1747.6,0.977,LOW_RUL,PHYSICAL_FAULT,
2026-01-01 00:02:27+00:00,ENG-DATASET-002,MSN-MISFIRE-002,93.91,0.0647,339.9744,MISFIRE,0.13,0.01,1741.2,0.977,LOW_RUL,PHYSICAL_FAULT,
2026-01-01 00:02:28+00:00,ENG-DATASET-002,MSN-MISFIRE-002,93.81,0.0647,361.6815,MISFIRE,0.12,0.01,1741.2,0.977,LOW_RUL,PHYSICAL_FAULT,
2026-01-01 00:02:29+00:00,ENG-DATASET-002,MSN-MISFIRE-002,94.75,0.0317,376.6026,MISFIRE,0.12,0.01,1873.2,0.989,LOW_RUL,PHYSICAL_FAULT,
2026-01-01 00:02:30+00:00,ENG-DATASET-002,MSN-MISFIRE-002,96.96,0.0317,377.4308,MISFIRE,0.12,0.01,1873.2,0.989,LOW_RUL,PHYSICAL_FAULT,
2026-01-01 00:02:31+00:00,ENG-DATASET-002,MSN-MISFIRE-002,96.0,0.065,383.3165,MISFIRE,0.11,0.01,1740.0,0.977,LOW_RUL,PHYSICAL_FAULT,
2026-01-01 00:02:32+00:00,ENG-DATASET-002,MSN-MISFIRE-002,94.69,0.0333,396.133,MISFIRE,0.12,0.01,1866.8,0.988,LOW_RUL,PHYSICAL_FAULT,
2026-01-01 00:02:33+00:00,ENG-DATASET-002,MSN-MISFIRE-002,96.81,0.0333,395.3758,MISFIRE,0.12,0.01,1866.8,0.988,LOW_RUL,PHYSICAL_FAULT,
2026-01-01 00:02:34+00:00,ENG-DATASET-002,MSN-MISFIRE-002,95.78,0.0696,400.0591,MISFIRE,0.11,0.01,1721.6,0.976,LOW_RUL,PHYSICAL_FAULT,
2026-01-01 00:02:35+00:00,ENG-DATASET-002,MSN-MISFIRE-002,93.36,0.0696,418.1802,MISFIRE,0.1,0.01,1721.6,0.976,LOW_RUL,PHYSICAL_FAULT,
2026-01-01 00:02:36+00:00,ENG-DATASET-002,MSN-MISFIRE-002,94.32,0.0363,429.3073,MISFIRE,0.11,0.01,1854.8,0.988,LOW_RUL,PHYSICAL_FAULT,
2026-01-01 00:02:37+00:00,ENG-DATASET-002,MSN-MISFIRE-002,96.55,0.0363,426.1374,MISFIRE,0.11,0.01,1854.8,0.988,LOW_RUL,PHYSICAL_FAULT,
2026-01-01 00:02:38+00:00,ENG-DATASET-002,MSN-MISFIRE-002,95.51,0.0726,428.415,MISFIRE,0.1,0.01,1709.6,0.975,LOW_RUL,PHYSICAL_FAULT,
2026-01-01 00:02:39+00:00,ENG-DATASET-002,MSN-MISFIRE-002,94.12,0.0363,437.9977,MISFIRE,0.11,0.01,1854.8,0.988,LOW_RUL,PHYSICAL_FAULT,
2026-01-01 00:02:40+00:00,ENG-DATASET-002,MSN-MISFIRE-002,96.54,0.0363,432.122,MISFIRE,0.11,0.01,1854.8,0.988,LOW_RUL,PHYSICAL_FAULT,
2026-01-01 00:02:41+00:00,ENG-DATASET-002,MSN-MISFIRE-002,96.54,0.0363,425.5542,MISFIRE,0.11,0.01,1854.8,0.988,LOW_RUL,PHYSICAL_FAULT,
2026-01-01 00:02:42+00:00,ENG-DATASET-002,MSN-MISFIRE-002,96.54,0.0363,418.2942,MISFIRE,0.11,0.01,1854.8,0.988,LOW_RUL,PHYSICAL_FAULT,
2026-01-01 00:02:43+00:00,ENG-DATASET-002,MSN-MISFIRE-002,97.58,0.0,404.2043,MISFIRE,0.12,0.01,2000.0,1.0,LOW_RUL,PHYSICAL_FAULT,
2026-01-01 00:02:44+00:00,ENG-DATASET-002,MSN-MISFIRE-002,100.0,0.0,375.3483,MISFIRE,0.13,0.01,2000.0,1.0,LOW_RUL,PHYSICAL_FAULT,
2026-01-01 00:02:45+00:00,ENG-DATASET-002,MSN-MISFIRE-002,100.0,0.0,346.4922,MISFIRE,0.14,0.01,2000.0,1.0,LOW_RUL,PHYSICAL_FAULT,
2026-01-01 00:02:46+00:00,ENG-DATASET-002,MSN-MISFIRE-002,100.0,0.0,317.6362,MISFIRE,0.16,0.01,2000.0,1.0,LOW_RUL,PHYSICAL_FAULT,
2026-01-01 00:02:47+00:00,ENG-DATASET-002,MSN-MISFIRE-002,98.91,0.0382,295.213,MISFIRE,0.16,0.01,1847.2,0.987,LOW_RUL,PHYSICAL_FAULT,
2026-01-01 00:02:48+00:00,ENG-DATASET-002,MSN-MISFIRE-002,96.37,0.0382,287.5619,MISFIRE,0.16,0.01,1847.2,0.987,LOW_RUL,PHYSICAL_FAULT,
2026-01-01 00:02:49+00:00,ENG-DATASET-002,MSN-MISFIRE-002,96.37,0.0382,279.1846,MISFIRE,0.17,0.01,1847.2,0.987,LOW_RUL,PHYSICAL_FAULT,
2026-01-01 00:02:50+00:00,ENG-DATASET-002,MSN-MISFIRE-002,96.37,0.0382,270.081,MISFIRE,0.17,0.01,1847.2,0.987,LOW_RUL,PHYSICAL_FAULT,
2026-01-01 00:02:51+00:00,ENG-DATASET-002,MSN-MISFIRE-002,96.37,0.0382,260.2513,MISFIRE,0.18,0.01,1847.2,0.987,LOW_RUL,PHYSICAL_FAULT,
2026-01-01 00:02:52+00:00,ENG-DATASET-002,MSN-MISFIRE-002,97.46,0.0,243.2626,MISFIRE,0.21,0.01,2000.0,1.0,LOW_RUL,PHYSICAL_FAULT,
2026-01-01 00:02:53+00:00,ENG-DATASET-002,MSN-MISFIRE-002,100.0,0.0,210.7755,MISFIRE,0.24,0.01,2000.0,1.0,LOW_RUL,PHYSICAL_FAULT,
2026-01-01 00:02:54+00:00,ENG-DATASET-002,MSN-MISFIRE-002,98.75,0.0442,185.6656,MISFIRE,0.25,0.01,1823.2,0.986,LOW_RUL,PHYSICAL_FAULT,
2026-01-01 00:02:55+00:00,ENG-DATASET-002,MSN-MISFIRE-002,94.61,0.087,184.7383,MISFIRE,0.22,0.0,1652.0,0.972,LOW_RUL,PHYSICAL_FAULT,
2026-01-01 00:02:56+00:00,ENG-DATASET-002,MSN-MISFIRE-002,90.58,0.1287,206.5164,MISFIRE,0.18,0.0,1485.2,0.958,LOW_RUL,PHYSICAL_FAULT,
2026-01-01 00:02:57+00:00,ENG-DATASET-002,MSN-MISFIRE-002,87.15,0.1496,246.6525,MISFIRE,0.14,0.0,1401.6,0.944,LOW_RUL,PHYSICAL_FAULT,
2026-01-01 00:02:58+00:00,ENG-DATASET-002,MSN-MISFIRE-002,85.61,0.1496,293.3065,MISFIRE,0.12,0.0,1401.6,0.944,LOW_RUL,PHYSICAL_FAULT,
2026-01-01 00:02:59+00:00,ENG-DATASET-002,MSN-MISFIRE-002,86.31,0.1273,332.9505,MISFIRE,0.11,0.0,1490.8,0.958,LOW_RUL,PHYSICAL_FAULT,
2026-01-01 00:03:00+00:00,ENG-DATASET-002,MSN-MISFIRE-002,89.15,0.0844,353.0951,MISFIRE,0.12,0.0,1662.4,0.972,LOW_RUL,PHYSICAL_FAULT,
2026-01-01 00:03:01+00:00,ENG-DATASET-002,MSN-MISFIRE-002,93.18,0.0428,347.2855,MISFIRE,0.13,0.0,1828.8,0.986,LOW_RUL,PHYSICAL_FAULT,
2026-01-01 00:03:02+00:00,ENG-DATASET-002,MSN-MISFIRE-002,95.88,0.0453,324.177,MISFIRE,0.14,0.0,1818.8,0.986,LOW_RUL,PHYSICAL_FAULT,
2026-01-01 00:03:03+00:00,ENG-DATASET-002,MSN-MISFIRE-002,94.35,0.0935,309.2739,MISFIRE,0.13,0.0,1626.0,0.97,LOW_RUL,PHYSICAL_FAULT,
2026-01-01 00:03:04+00:00,ENG-DATASET-002,MSN-MISFIRE-002,89.92,0.137,319.3847,MISFIRE,0.11,0.0,1452.0,0.955,LOW_RUL,PHYSICAL_FAULT,
2026-01-01 00:03:05+00:00,ENG-DATASET-002,MSN-MISFIRE-002,86.46,0.1535,347.8986,MISFIRE,0.1,0.0,1386.0,0.94,LOW_RUL,PHYSICAL_FAULT,
2026-01-01 00:03:06+00:00,ENG-DATASET-002,MSN-MISFIRE-002,85.16,0.1535,384.3658,MISFIRE,0.09,0.0,1386.0,0.94,LOW_RUL,PHYSICAL_FAULT,
2026-01-01 00:03:07+00:00,ENG-DATASET-002,MSN-MISFIRE-002,85.7,0.1374,421.7922,MISFIRE,0.09,0.0,1450.4,0.955,LOW_RUL,PHYSICAL_FAULT,
2026-01-01 00:03:08+00:00,ENG-DATASET-002,MSN-MISFIRE-002,86.95,0.1379,452.3597,MISFIRE,0.08,0.0,1448.4,0.954,LOW_RUL,PHYSICAL_FAULT,
2026-01-01 00:03:09+00:00,ENG-DATASET-002,MSN-MISFIRE-002,88.07,0.0977,481.2127,MISFIRE,0.08,0.0,1609.2,0.97,LOW_RUL,PHYSICAL_FAULT,
2026-01-01 00:03:10+00:00,ENG-DATASET-002,MSN-MISFIRE-002,90.74,0.0993,492.5818,MISFIRE,0.08,0.0,1602.8,0.969,LOW_RUL,PHYSICAL_FAULT,
2026-01-01 00:03:11+00:00,ENG-DATASET-002,MSN-MISFIRE-002,90.63,0.0993,500.418,MISFIRE,0.08,0.0,1602.8,0.969,LOW_RUL,PHYSICAL_FAULT,
2026-01-01 00:03:12+00:00,ENG-DATASET-002,MSN-MISFIRE-002,89.47,0.1392,506.8318,MISFIRE,0.07,0.0,1443.2,0.954,LOW_RUL,PHYSICAL_FAULT,
2026-01-01 00:03:13+00:00,ENG-DATASET-002,MSN-MISFIRE-002,86.76,0.1397,524.4157,MISFIRE,0.07,0.0,1441.2,0.953,LOW_RUL,PHYSICAL_FAULT,
2026-01-01 00:03:14+00:00,ENG-DATASET-002,MSN-MISFIRE-002,86.72,0.1397,532.682,MISFIRE,0.07,0.0,1441.2,0.953,LOW_RUL,PHYSICAL_FAULT,
2026-01-01 00:03:15+00:00,ENG-DATASET-002,MSN-MISFIRE-002,87.81,0.1024,531.8587,MISFIRE,0.07,0.0,1590.4,0.968,LOW_RUL,PHYSICAL_FAULT,
2026-01-01 00:03:16+00:00,ENG-DATASET-002,MSN-MISFIRE-002,90.35,0.1024,513.6067,MISFIRE,0.08,0.0,1590.4,0.968,LOW_RUL,PHYSICAL_FAULT,
2026-01-01 00:03:17+00:00,ENG-DATASET-002,MSN-MISFIRE-002,89.7,0.1257,500.8601,MISFIRE,0.07,0.0,1497.2,0.962,LOW_RUL,PHYSICAL_FAULT,
2026-01-01 00:03:18+00:00,ENG-DATASET-002,MSN-MISFIRE-002,89.66,0.073,494.7664,MISFIRE,0.09,0.0,1708.0,0.978,LOW_RUL,PHYSICAL_FAULT,
2026-01-01 00:03:19+00:00,ENG-DATASET-002,MSN-MISFIRE-002,90.97,0.1485,479.2651,MISFIRE,0.07,0.0,1406.0,0.951,LOW_RUL,PHYSICAL_FAULT,
2026-01-01 00:03:20+00:00,ENG-DATASET-002,MSN-MISFIRE-002,84.94,0.1767,502.0245,MISFIRE,0.06,0.0,1293.2,0.922,LOW_RUL,PHYSICAL_FAULT,
2026-01-01 00:03:21+00:00,ENG-DATASET-002,MSN-MISFIRE-002,81.05,0.2109,558.8002,MISFIRE,0.05,0.0,1156.4,0.893,LOW_RUL,PHYSICAL_FAULT,
2026-01-01 00:03:22+00:00,ENG-DATASET-002,MSN-MISFIRE-002,78.95,0.1926,636.0707,MISFIRE,0.05,0.0,1229.6,0.915,LOW_RUL,PHYSICAL_FAULT,
2026-01-01 00:03:23+00:00,ENG-DATASET-002,MSN-MISFIRE-002,81.09,0.1926,701.7949,MISFIRE,0.04,0.0,1229.6,0.915,LOW_RUL,PHYSICAL_FAULT,
2026-01-01 00:03:24+00:00,ENG-DATASET-002,MSN-MISFIRE-002,81.1,0.1909,770.9321,MISFIRE,0.04,0.0,1236.4,0.912,LOW_RUL,PHYSICAL_FAULT,
2026-01-01 00:03:25+00:00,ENG-DATASET-002,MSN-MISFIRE-002,81.8,0.1607,843.1412,MISFIRE,0.04,0.0,1357.2,0.941,LOW_RUL,PHYSICAL_FAULT,
2026-01-01 00:03:26+00:00,ENG-DATASET-002,MSN-MISFIRE-002,86.76,0.085,870.9069,MISFIRE,0.05,0.0,1660.0,0.97,LOW_RUL,PHYSICAL_FAULT,
2026-01-01 00:03:27+00:00,ENG-DATASET-002,MSN-MISFIRE-002,89.66,0.161,871.4521,MISFIRE,0.04,0.0,1356.0,0.94,LOW_RUL,PHYSICAL_FAULT,
2026-01-01 00:03:28+00:00,ENG-DATASET-002,MSN-MISFIRE-002,84.5,0.161,902.2096,MISFIRE,0.04,0.0,1356.0,0.94,LOW_RUL,PHYSICAL_FAULT,
2026-01-01 00:03:29+00:00,ENG-DATASET-002,MSN-MISFIRE-002,84.49,0.1614,925.4281,MISFIRE,0.04,0.0,1354.4,0.939,LOW_RUL,PHYSICAL_FAULT,
2026-01-01 00:03:30+00:00,ENG-DATASET-002,MSN-MISFIRE-002,83.41,0.1922,939.483,MISFIRE,0.03,0.0,1231.2,0.91,LOW_RUL,PHYSICAL_FAULT,
2026-01-01 00:03:31+00:00,ENG-DATASET-002,MSN-MISFIRE-002,79.45,0.2271,980.0552,MISFIRE,0.03,0.0,1091.6,0.88,LOW_RUL,PHYSICAL_FAULT,
2026-01-01 00:03:32+00:00,ENG-DATASET-002,MSN-MISFIRE-002,77.64,0.1984,1035.9918,MISFIRE,0.03,0.0,1206.4,0.91,LOW_RUL,PHYSICAL_FAULT,
2026-01-01 00:03:33+00:00,ENG-DATASET-002,MSN-MISFIRE-002,80.44,0.1984,1059.0572,MISFIRE,0.03,0.0,1206.4,0.91,LOW_RUL,PHYSICAL_FAULT,
2026-01-01 00:03:34+00:00,ENG-DATASET-002,MSN-MISFIRE-002,80.57,0.193,1084.3652,MISFIRE,0.03,0.0,1228.0,0.91,LOW_RUL,PHYSICAL_FAULT,
2026-01-01 00:03:35+00:00,ENG-DATASET-002,MSN-MISFIRE-002,80.52,0.1935,1121.6916,MISFIRE,0.03,0.0,1226.0,0.909,LOW_RUL,PHYSICAL_FAULT,
2026-01-01 00:03:36+00:00,ENG-DATASET-002,MSN-MISFIRE-002,80.46,0.194,1150.9457,MISFIRE,0.03,0.0,1224.0,0.909,LOW_RUL,PHYSICAL_FAULT,
2026-01-01 00:03:37+00:00,ENG-DATASET-002,MSN-MISFIRE-002,79.23,0.2296,1171.0793,MISFIRE,0.02,0.0,1081.6,0.877,LOW_RUL,PHYSICAL_FAULT,
2026-01-01 00:03:38+00:00,ENG-DATASET-002,MSN-MISFIRE-002,75.14,0.2652,1218.2314,MISFIRE,0.02,0.0,939.2,0.845,LOW_RUL,PHYSICAL_FAULT,
2026-01-01 00:03:39+00:00,ENG-DATASET-002,MSN-MISFIRE-002,72.21,0.2659,1287.0815,MISFIRE,0.02,0.0,936.4,0.845,LOW_RUL,PHYSICAL_FAULT,
2026-01-01 00:03:40+00:00,ENG-DATASET-002,MSN-MISFIRE-002,73.13,0.2385,1331.3528,MISFIRE,0.02,0.0,1046.0,0.875,LOW_RUL,PHYSICAL_FAULT,
2026-01-01 00:03:41+00:00,ENG-DATASET-002,MSN-MISFIRE-002,76.15,0.2314,1353.1179,MISFIRE,0.02,0.0,1074.4,0.874,LOW_RUL,PHYSICAL_FAULT,
2026-01-01 00:03:42+00:00,ENG-DATASET-002,MSN-MISFIRE-002,76.07,0.2321,1371.2759,MISFIRE,0.02,0.0,1071.6,0.873,LOW_RUL,PHYSICAL_FAULT,
2026-01-01 00:03:43+00:00,ENG-DATASET-002,MSN-MISFIRE-002,77.05,0.2024,1373.2094,MISFIRE,0.02,0.0,1190.4,0.905,LOW_RUL,PHYSICAL_FAULT,
2026-01-01 00:03:44+00:00,ENG-DATASET-002,MSN-MISFIRE-002,81.2,0.1646,1331.7779,MISFIRE,0.03,0.0,1341.6,0.937,LOW_RUL,PHYSICAL_FAULT,
2026-01-01 00:03:45+00:00,ENG-DATASET-002,MSN-MISFIRE-002,82.99,0.1975,1276.0215,MISFIRE,0.02,0.0,1210.0,0.905,LOW_RUL,PHYSICAL_FAULT,
2026-01-01 00:03:46+00:00,ENG-DATASET-002,MSN-MISFIRE-002,79.99,0.1984,1234.5669,MISFIRE,0.02,0.0,1206.4,0.904,LOW_RUL,PHYSICAL_FAULT,
2026-01-01 00:03:47+00:00,ENG-DATASET-002,MSN-MISFIRE-002,79.88,0.1993,1196.4093,MISFIRE,0.03,0.0,1202.8,0.903,LOW_RUL,PHYSICAL_FAULT,
2026-01-01 00:03:48+00:00,ENG-DATASET-002,MSN-MISFIRE-002,79.66,0.2052,1171.2413,MISFIRE,0.03,0.0,1179.2,0.903,LOW_RUL,PHYSICAL_FAULT,
2026-01-01 00:03:49+00:00,ENG-DATASET-002,MSN-MISFIRE-002,78.55,0.2369,1149.2812,MISFIRE,0.02,0.0,1052.4,0.87,LOW_RUL,PHYSICAL_FAULT,
2026-01-01 00:03:50+00:00,ENG-DATASET-002,MSN-MISFIRE-002,76.58,0.2059,1135.3824,MISFIRE,0.03,0.0,1176.4,0.902,LOW_RUL,PHYSICAL_FAULT,
2026-01-01 00:03:51+00:00,ENG-DATASET-002,MSN-MISFIRE-002,80.83,0.167,1092.4425,MISFIRE,0.03,0.0,1332.0,0.934,LOW_RUL,PHYSICAL_FAULT,
2026-01-01 00:03:52+00:00,ENG-DATASET-002,MSN-MISFIRE-002,83.79,0.1679,1022.274,MISFIRE,0.03,0.0,1328.4,0.933,LOW_RUL,PHYSICAL_FAULT,
2026-01-01 00:03:53+00:00,ENG-DATASET-002,MSN-MISFIRE-002,82.52,0.2023,941.3675,MISFIRE,0.03,0.0,1190.8,0.898,LOW_RUL,PHYSICAL_FAULT,
2026-01-01 00:03:54+00:00,ENG-DATASET-002,MSN-MISFIRE-002,80.55,0.1686,876.2174,MISFIRE,0.04,0.0,1325.6,0.931,LOW_RUL,PHYSICAL_FAULT,
2026-01-01 00:03:55+00:00,ENG-DATASET-002,MSN-MISFIRE-002,82.26,0.2093,822.5955,MISFIRE,0.04,0.0,1162.8,0.898,LOW_RUL,PHYSICAL_FAULT,
2026-01-01 00:03:56+00:00,ENG-DATASET-002,MSN-MISFIRE-002,77.81,0.25,817.355,MISFIRE,0.03,0.0,1000.0,0.864,LOW_RUL,PHYSICAL_FAULT,
2026-01-01 00:03:57+00:00,ENG-DATASET-002,MSN-MISFIRE-002,74.64,0.2508,849.1969,MISFIRE,0.03,0.0,996.8,0.863,LOW_RUL,PHYSICAL_FAULT,
2026-01-01 00:03:58+00:00,ENG-DATASET-002,MSN-MISFIRE-002,74.55,0.2516,888.4638,MISFIRE,0.03,0.0,993.6,0.863,LOW_RUL,PHYSICAL_FAULT,
2026-01-01 00:03:59+00:00,ENG-DATASET-002,MSN-MISFIRE-002,73.17,0.2928,929.3912,MISFIRE,0.02,0.0,828.8,0.832,LOW_RUL,PHYSICAL_FAULT,
2026-01-01 00:04:00+00:00,ENG-DATASET-002,MSN-MISFIRE-002,70.01,0.2956,969.0102,MISFIRE,0.02,0.0,817.6,0.832,LOW_RUL,PHYSICAL_FAULT,
2026-01-01 00:04:01+00:00,ENG-DATASET-002,MSN-MISFIRE-002,69.77,0.2982,981.6267,MISFIRE,0.02,0.0,807.2,0.832,LOW_RUL,PHYSICAL_FAULT,
2026-01-01 00:04:02+00:00,ENG-DATASET-002,MSN-MISFIRE-002,70.92,0.2573,966.2984,MISFIRE,0.03,0.0,970.8,0.861,LOW_RUL,PHYSICAL_FAULT,
2026-01-01 00:04:03+00:00,ENG-DATASET-002,MSN-MISFIRE-002,73.89,0.2595,937.7845,MISFIRE,0.03,0.0,962.0,0.86,LOW_RUL,PHYSICAL_FAULT,
2026-01-01 00:04:04+00:00,ENG-DATASET-002,MSN-MISFIRE-002,73.68,0.2616,933.4473,MISFIRE,0.03,0.0,953.6,0.859,LOW_RUL,PHYSICAL_FAULT,
2026-01-01 00:04:05+00:00,ENG-DATASET-002,MSN-MISFIRE-002,73.55,0.2613,947.7403,MISFIRE,0.03,0.0,954.8,0.86,LOW_RUL,PHYSICAL_FAULT,
2026-01-01 00:04:06+00:00,ENG-DATASET-002,MSN-MISFIRE-002,73.59,0.261,967.1467,MISFIRE,0.02,0.0,956.0,0.86,LOW_RUL,PHYSICAL_FAULT,
2026-01-01 00:04:07+00:00,ENG-DATASET-002,MSN-MISFIRE-002,72.27,0.3039,988.7336,MISFIRE,0.02,0.0,784.4,0.833,LOW_RUL,PHYSICAL_FAULT,
2026-01-01 00:04:08+00:00,ENG-DATASET-002,MSN-MISFIRE-002,69.16,0.3035,1018.3609,MISFIRE,0.02,0.0,786.0,0.833,LOW_RUL,PHYSICAL_FAULT,
2026-01-01 00:04:09+00:00,ENG-DATASET-002,MSN-MISFIRE-002,69.21,0.303,1037.3001,MISFIRE,0.02,0.0,788.0,0.833,LOW_RUL,PHYSICAL_FAULT,
2026-01-01 00:04:10+00:00,ENG-DATASET-002,MSN-MISFIRE-002,70.57,0.2598,1028.1486,MISFIRE,0.02,0.0,960.8,0.858,LOW_RUL,PHYSICAL_FAULT,
2026-01-01 00:04:11+00:00,ENG-DATASET-002,MSN-MISFIRE-002,73.68,0.2593,997.279,MISFIRE,0.02,0.0,962.8,0.859,LOW_RUL,PHYSICAL_FAULT,
2026-01-01 00:04:12+00:00,ENG-DATASET-002,MSN-MISFIRE-002,75.14,0.2163,961.4801,MISFIRE,0.03,0.0,1134.8,0.895,LOW_RUL,PHYSICAL_FAULT,
2026-01-01 00:04:13+00:00,ENG-DATASET-002,MSN-MISFIRE-002,79.88,0.1735,911.3762,MISFIRE,0.04,0.0,1306.0,0.931,LOW_RUL,PHYSICAL_FAULT,
2026-01-01 00:04:14+00:00,ENG-DATASET-002,MSN-MISFIRE-002,83.2,0.1729,840.5465,MISFIRE,0.04,0.0,1308.4,0.931,LOW_RUL,PHYSICAL_FAULT,
2026-01-01 00:04:15+00:00,ENG-DATASET-002,MSN-MISFIRE-002,83.24,0.1729,762.1257,MISFIRE,0.04,0.0,1308.4,0.931,LOW_RUL,PHYSICAL_FAULT,
2026-01-01 00:04:16+00:00,ENG-DATASET-002,MSN-MISFIRE-002,83.26,0.1724,667.1743,MISFIRE,0.05,0.0,1310.4,0.932,LOW_RUL,PHYSICAL_FAULT,
2026-01-01 00:04:17+00:00,ENG-DATASET-002,MSN-MISFIRE-002,83.3,0.1724,574.5346,MISFIRE,0.06,0.0,1310.4,0.932,LOW_RUL,PHYSICAL_FAULT,
2026-01-01 00:04:18+00:00,ENG-DATASET-002,MSN-MISFIRE-002,81.92,0.2143,489.0028,MISFIRE,0.06,0.0,1142.8,0.897,LOW_RUL,PHYSICAL_FAULT,
2026-01-01 00:04:19+00:00,ENG-DATASET-002,MSN-MISFIRE-002,78.87,0.208,411.9294,MISFIRE,0.07,0.0,1168.0,0.898,LOW_RUL,PHYSICAL_FAULT,
2026-01-01 00:04:20+00:00,ENG-DATASET-002,MSN-MISFIRE-002,77.59,0.2477,376.7827,MISFIRE,0.07,0.0,1009.2,0.864,LOW_RUL,PHYSICAL_FAULT,
2026-01-01 00:04:21+00:00,ENG-DATASET-002,MSN-MISFIRE-002,74.42,0.2474,382.6093,MISFIRE,0.07,0.0,1010.4,0.864,LOW_RUL,PHYSICAL_FAULT,
2026-01-01 00:04:22+00:00,ENG-DATASET-002,MSN-MISFIRE-002,73.16,0.2871,407.3592,MISFIRE,0.05,0.0,851.6,0.835,LOW_RUL,PHYSICAL_FAULT,
2026-01-01 00:04:23+00:00,ENG-DATASET-002,MSN-MISFIRE-002,70.07,0.2869,436.1291,MISFIRE,0.05,0.0,852.4,0.835,LOW_RUL,PHYSICAL_FAULT,
2026-01-01 00:04:24+00:00,ENG-DATASET-002,MSN-MISFIRE-002,70.09,0.2868,462.5155,MISFIRE,0.05,0.0,852.8,0.835,LOW_RUL,PHYSICAL_FAULT,
2026-01-01 00:04:25+00:00,ENG-DATASET-002,MSN-MISFIRE-002,70.1,0.2867,482.369,MISFIRE,0.04,0.0,853.2,0.835,LOW_RUL,PHYSICAL_FAULT,
2026-01-01 00:04:26+00:00,ENG-DATASET-002,MSN-MISFIRE-002,70.11,0.2867,469.5584,MISFIRE,0.05,0.0,853.2,0.835,LOW_RUL,PHYSICAL_FAULT,
2026-01-01 00:04:27+00:00,ENG-DATASET-002,MSN-MISFIRE-002,70.11,0.2867,435.722,MISFIRE,0.05,0.0,853.2,0.835,LOW_RUL,PHYSICAL_FAULT,
2026-01-01 00:04:28+00:00,ENG-DATASET-002,MSN-MISFIRE-002,70.1,0.2868,429.5183,MISFIRE,0.05,0.0,852.8,0.835,LOW_RUL,PHYSICAL_FAULT,
2026-01-01 00:04:29+00:00,ENG-DATASET-002,MSN-MISFIRE-002,70.09,0.2869,420.5538,MISFIRE,0.05,0.0,852.4,0.835,LOW_RUL,PHYSICAL_FAULT,
2026-01-01 00:04:30+00:00,ENG-DATASET-002,MSN-MISFIRE-002,70.08,0.2872,415.3574,MISFIRE,0.05,0.0,851.2,0.835,LOW_RUL,PHYSICAL_FAULT,
2026-01-01 00:04:31+00:00,ENG-DATASET-002,MSN-MISFIRE-002,70.05,0.2874,431.834,MISFIRE,0.05,0.0,850.4,0.835,LOW_RUL,PHYSICAL_FAULT,
2026-01-01 00:04:32+00:00,ENG-DATASET-002,MSN-MISFIRE-002,70.03,0.2878,457.5921,MISFIRE,0.05,0.0,848.8,0.835,LOW_RUL,PHYSICAL_FAULT,
2026-01-01 00:04:33+00:00,ENG-DATASET-002,MSN-MISFIRE-002,70.0,0.2881,464.9201,MISFIRE,0.05,0.0,847.6,0.835,LOW_RUL,PHYSICAL_FAULT,
2026-01-01 00:04:34+00:00,ENG-DATASET-002,MSN-MISFIRE-002,69.96,0.2885,469.6024,MISFIRE,0.05,0.0,846.0,0.835,LOW_RUL,PHYSICAL_FAULT,
2026-01-01 00:04:35+00:00,ENG-DATASET-002,MSN-MISFIRE-002,69.92,0.289,472.7033,MISFIRE,0.04,0.0,844.0,0.835,LOW_RUL,PHYSICAL_FAULT,
2026-01-01 00:04:36+00:00,ENG-DATASET-002,MSN-MISFIRE-002,69.88,0.2895,474.2857,MISFIRE,0.04,0.0,842.0,0.835,LOW_RUL,PHYSICAL_FAULT,
2026-01-01 00:04:37+00:00,ENG-DATASET-002,MSN-MISFIRE-002,70.92,0.2573,475.119,MISFIRE,0.05,0.0,970.8,0.863,LOW_RUL,PHYSICAL_FAULT,
2026-01-01 00:04:38+00:00,ENG-DATASET-002,MSN-MISFIRE-002,74.2,0.25,479.8883,MISFIRE,0.05,0.0,1000.0,0.863,LOW_RUL,PHYSICAL_FAULT,
2026-01-01 00:04:39+00:00,ENG-DATASET-002,MSN-MISFIRE-002,74.01,0.255,503.4689,MISFIRE,0.05,0.0,980.0,0.86,LOW_RUL,PHYSICAL_FAULT,
2026-01-01 00:04:40+00:00,ENG-DATASET-002,MSN-MISFIRE-002,73.51,0.2601,524.7468,MISFIRE,0.05,0.0,959.6,0.857,LOW_RUL,PHYSICAL_FAULT,
2026-01-01 00:04:41+00:00,ENG-DATASET-002,MSN-MISFIRE-002,72.8,0.2731,531.8637,MISFIRE,0.04,0.0,907.6,0.856,LOW_RUL,PHYSICAL_FAULT,
2026-01-01 00:04:42+00:00,ENG-DATASET-002,MSN-MISFIRE-002,71.01,0.3209,549.3626,MISFIRE,0.03,0.0,716.4,0.831,LOW_RUL,PHYSICAL_FAULT,
2026-01-01 00:04:43+00:00,ENG-DATASET-002,MSN-MISFIRE-002,67.51,0.3262,580.5253,MISFIRE,0.03,0.0,695.2,0.83,LOW_RUL,PHYSICAL_FAULT,
2026-01-01 00:04:44+00:00,ENG-DATASET-002,MSN-MISFIRE-002,67.15,0.3271,586.5819,MISFIRE,0.03,0.0,691.6,0.83,LOW_RUL,PHYSICAL_FAULT,
2026-01-01 00:04:45+00:00,ENG-DATASET-002,MSN-MISFIRE-002,68.52,0.2797,570.8206,MISFIRE,0.04,0.0,881.2,0.854,LOW_RUL,PHYSICAL_FAULT,
2026-01-01 00:04:46+00:00,ENG-DATASET-002,MSN-MISFIRE-002,71.84,0.2804,550.876,MISFIRE,0.04,0.0,878.4,0.854,LOW_RUL,PHYSICAL_FAULT,
2026-01-01 00:04:47+00:00,ENG-DATASET-002,MSN-MISFIRE-002,73.31,0.2326,521.2968,MISFIRE,0.05,0.0,1069.6,0.887,LOW_RUL,PHYSICAL_FAULT,
2026-01-01 00:04:48+00:00,ENG-DATASET-002,MSN-MISFIRE-002,76.82,0.2331,471.0308,MISFIRE,0.06,0.0,1067.6,0.887,LOW_RUL,PHYSICAL_FAULT,
2026-01-01 00:04:49+00:00,ENG-DATASET-002,MSN-MISFIRE-002,76.78,0.2335,427.2057,MISFIRE,0.06,0.0,1066.0,0.887,LOW_RUL,PHYSICAL_FAULT,
2026-01-01 00:04:50+00:00,ENG-DATASET-002,MSN-MISFIRE-002,75.22,0.2819,404.2533,MISFIRE,0.05,0.0,872.4,0.854,LOW_RUL,PHYSICAL_FAULT,
2026-01-01 00:04:51+00:00,ENG-DATASET-002,MSN-MISFIRE-002,71.65,0.282,376.1655,MISFIRE,0.06,0.0,872.0,0.854,LOW_RUL,PHYSICAL_FAULT,
2026-01-01 00:04:52+00:00,ENG-DATASET-002,MSN-MISFIRE-002,71.64,0.282,328.2392,MISFIRE,0.07,0.0,872.0,0.854,LOW_RUL,PHYSICAL_FAULT,
2026-01-01 00:04:53+00:00,ENG-DATASET-002,MSN-MISFIRE-002,73.17,0.2336,276.6018,MISFIRE,0.1,0.0,1065.6,0.886,LOW_RUL,PHYSICAL_FAULT,
2026-01-01 00:04:54+00:00,ENG-DATASET-002,MSN-MISFIRE-002,76.73,0.2332,214.1045,MISFIRE,0.12,0.0,1067.2,0.886,LOW_RUL,PHYSICAL_FAULT,
2026-01-01 00:04:55+00:00,ENG-DATASET-002,MSN-MISFIRE-002,76.77,0.2327,140.1729,MISFIRE,0.19,0.0,1069.2,0.886,LOW_RUL,PHYSICAL_FAULT,
2026-01-01 00:04:56+00:00,ENG-DATASET-002,MSN-MISFIRE-002,78.39,0.1843,82.735,MISFIRE,0.38,0.0,1262.8,0.926,LOW_RUL,PHYSICAL_FAULT,
2026-01-01 00:04:57+00:00,ENG-DATASET-002,MSN-MISFIRE-002,82.11,0.1843,22.8013,MISFIRE,1.38,0.0,1262.8,0.926,LOW_RUL,PHYSICAL_FAULT,
2026-01-01 00:04:58+00:00,ENG-DATASET-002,MSN-MISFIRE-002,82.11,0.1843,0.0,MISFIRE,,,,0.926,UNRELIABLE,PHYSICAL_FAULT,
2026-01-01 00:04:59+00:00,ENG-DATASET-002,MSN-MISFIRE-002,82.13,0.1834,0.0,MISFIRE,,,,0.926,UNRELIABLE,PHYSICAL_FAULT,
2026-01-01 00:05:00+00:00,ENG-DATASET-002,MSN-MISFIRE-002,82.86,0.1626,0.0,MISFIRE,,,,0.941,UNRELIABLE,PHYSICAL_FAULT,
2026-01-01 00:00:01+00:00,ENG-DATASET-003,MSN-MISFIRE-003,100.0,0.0,0.0,HEALTHY,,,,0.05,INSUFFICIENT_HISTORY,NORMAL,
2026-01-01 00:00:02+00:00,ENG-DATASET-003,MSN-MISFIRE-003,100.0,0.0,0.0,HEALTHY,,,,0.1,INSUFFICIENT_HISTORY,NORMAL,
2026-01-01 00:00:03+00:00,ENG-DATASET-003,MSN-MISFIRE-003,100.0,0.0,0.0,HEALTHY,,,,0.15,INSUFFICIENT_HISTORY,NORMAL,
2026-01-01 00:00:04+00:00,ENG-DATASET-003,MSN-MISFIRE-003,100.0,0.0,0.0,HEALTHY,,,,0.2,INSUFFICIENT_HISTORY,NORMAL,
2026-01-01 00:00:05+00:00,ENG-DATASET-003,MSN-MISFIRE-003,100.0,0.0,0.0,HEALTHY,,,,0.25,STABLE,NORMAL,
2026-01-01 00:00:06+00:00,ENG-DATASET-003,MSN-MISFIRE-003,100.0,0.0,0.0,HEALTHY,,,,0.3,STABLE,NORMAL,
2026-01-01 00:00:07+00:00,ENG-DATASET-003,MSN-MISFIRE-003,100.0,0.0,0.0,HEALTHY,,,,0.35,STABLE,NORMAL,
2026-01-01 00:00:08+00:00,ENG-DATASET-003,MSN-MISFIRE-003,100.0,0.0,0.0,HEALTHY,,,,0.4,STABLE,NORMAL,
2026-01-01 00:00:09+00:00,ENG-DATASET-003,MSN-MISFIRE-003,100.0,0.0,0.0,HEALTHY,,,,0.45,STABLE,NORMAL,
2026-01-01 00:00:10+00:00,ENG-DATASET-003,MSN-MISFIRE-003,100.0,0.0,0.0,HEALTHY,,,,0.5,STABLE,NORMAL,
2026-01-01 00:00:11+00:00,ENG-DATASET-003,MSN-MISFIRE-003,100.0,0.0,0.0,HEALTHY,,,,0.55,STABLE,NORMAL,
2026-01-01 00:00:12+00:00,ENG-DATASET-003,MSN-MISFIRE-003,100.0,0.0,0.0,HEALTHY,,,,0.6,STABLE,NORMAL,
2026-01-01 00:00:13+00:00,ENG-DATASET-003,MSN-MISFIRE-003,100.0,0.0,0.0,HEALTHY,,,,0.65,STABLE,NORMAL,
2026-01-01 00:00:14+00:00,ENG-DATASET-003,MSN-MISFIRE-003,100.0,0.0,0.0,HEALTHY,,,,0.7,STABLE,NORMAL,
2026-01-01 00:00:15+00:00,ENG-DATASET-003,MSN-MISFIRE-003,100.0,0.0,0.0,HEALTHY,,,,0.75,STABLE,NORMAL,
2026-01-01 00:00:16+00:00,ENG-DATASET-003,MSN-MISFIRE-003,100.0,0.0,0.0,HEALTHY,,,,0.8,STABLE,NORMAL,
2026-01-01 00:00:17+00:00,ENG-DATASET-003,MSN-MISFIRE-003,100.0,0.0,0.0,HEALTHY,,,,0.85,STABLE,NORMAL,
2026-01-01 00:00:18+00:00,ENG-DATASET-003,MSN-MISFIRE-003,100.0,0.0,0.0,HEALTHY,,,,0.9,STABLE,NORMAL,
2026-01-01 00:00:19+00:00,ENG-DATASET-003,MSN-MISFIRE-003,100.0,0.0,0.0,HEALTHY,,,,0.95,STABLE,NORMAL,
2026-01-01 00:00:20+00:00,ENG-DATASET-003,MSN-MISFIRE-003,100.0,0.0,0.0,HEALTHY,,,,1.0,STABLE,NORMAL,
2026-01-01 00:00:21+00:00,ENG-DATASET-003,MSN-MISFIRE-003,100.0,0.0,0.0,HEALTHY,,,,1.0,STABLE,NORMAL,
2026-01-01 00:00:22+00:00,ENG-DATASET-003,MSN-MISFIRE-003,100.0,0.0,0.0,HEALTHY,,,,1.0,STABLE,NORMAL,
2026-01-01 00:00:23+00:00,ENG-DATASET-003,MSN-MISFIRE-003,100.0,0.0,0.0,HEALTHY,,,,1.0,STABLE,NORMAL,
2026-01-01 00:00:24+00:00,ENG-DATASET-003,MSN-MISFIRE-003,100.0,0.0,0.0,HEALTHY,,,,1.0,STABLE,NORMAL,
2026-01-01 00:00:25+00:00,ENG-DATASET-003,MSN-MISFIRE-003,100.0,0.0,0.0,HEALTHY,,,,1.0,STABLE,NORMAL,
2026-01-01 00:00:26+00:00,ENG-DATASET-003,MSN-MISFIRE-003,100.0,0.0,0.0,HEALTHY,,,,1.0,STABLE,NORMAL,
2026-01-01 00:00:27+00:00,ENG-DATASET-003,MSN-MISFIRE-003,100.0,0.0,0.0,HEALTHY,,,,1.0,STABLE,NORMAL,
2026-01-01 00:00:28+00:00,ENG-DATASET-003,MSN-MISFIRE-003,100.0,0.0,0.0,HEALTHY,,,,1.0,STABLE,NORMAL,
2026-01-01 00:00:29+00:00,ENG-DATASET-003,MSN-MISFIRE-003,100.0,0.0,0.0,HEALTHY,,,,1.0,STABLE,NORMAL,
2026-01-01 00:00:30+00:00,ENG-DATASET-003,MSN-MISFIRE-003,100.0,0.0,0.0,HEALTHY,,,,1.0,STABLE,NORMAL,
2026-01-01 00:00:31+00:00,ENG-DATASET-003,MSN-MISFIRE-003,100.0,0.0,0.0,HEALTHY,,,,1.0,STABLE,NORMAL,
2026-01-01 00:00:32+00:00,ENG-DATASET-003,MSN-MISFIRE-003,100.0,0.0,0.0,HEALTHY,,,,1.0,STABLE,NORMAL,
2026-01-01 00:00:33+00:00,ENG-DATASET-003,MSN-MISFIRE-003,100.0,0.0,0.0,HEALTHY,,,,1.0,STABLE,NORMAL,
2026-01-01 00:00:34+00:00,ENG-DATASET-003,MSN-MISFIRE-003,100.0,0.0,0.0,HEALTHY,,,,1.0,STABLE,NORMAL,
2026-01-01 00:00:35+00:00,ENG-DATASET-003,MSN-MISFIRE-003,100.0,0.0,0.0,HEALTHY,,,,1.0,STABLE,NORMAL,
2026-01-01 00:00:36+00:00,ENG-DATASET-003,MSN-MISFIRE-003,100.0,0.0,0.0,HEALTHY,,,,1.0,STABLE,NORMAL,
2026-01-01 00:00:37+00:00,ENG-DATASET-003,MSN-MISFIRE-003,100.0,0.0,0.0,HEALTHY,,,,1.0,STABLE,NORMAL,
2026-01-01 00:00:38+00:00,ENG-DATASET-003,MSN-MISFIRE-003,100.0,0.0,0.0,HEALTHY,,,,1.0,STABLE,NORMAL,
2026-01-01 00:00:39+00:00,ENG-DATASET-003,MSN-MISFIRE-003,100.0,0.0,0.0,HEALTHY,,,,1.0,STABLE,NORMAL,
2026-01-01 00:00:40+00:00,ENG-DATASET-003,MSN-MISFIRE-003,100.0,0.0,0.0,HEALTHY,,,,1.0,STABLE,NORMAL,
2026-01-01 00:00:41+00:00,ENG-DATASET-003,MSN-MISFIRE-003,100.0,0.0,0.0,HEALTHY,,,,1.0,STABLE,NORMAL,
2026-01-01 00:00:42+00:00,ENG-DATASET-003,MSN-MISFIRE-003,100.0,0.0,0.0,HEALTHY,,,,1.0,STABLE,NORMAL,
2026-01-01 00:00:43+00:00,ENG-DATASET-003,MSN-MISFIRE-003,100.0,0.0,0.0,HEALTHY,,,,1.0,STABLE,NORMAL,
2026-01-01 00:00:44+00:00,ENG-DATASET-003,MSN-MISFIRE-003,100.0,0.0,0.0,HEALTHY,,,,1.0,STABLE,NORMAL,
2026-01-01 00:00:45+00:00,ENG-DATASET-003,MSN-MISFIRE-003,100.0,0.0,0.0,HEALTHY,,,,1.0,STABLE,NORMAL,
2026-01-01 00:00:46+00:00,ENG-DATASET-003,MSN-MISFIRE-003,100.0,0.0,0.0,HEALTHY,,,,1.0,STABLE,NORMAL,
2026-01-01 00:00:47+00:00,ENG-DATASET-003,MSN-MISFIRE-003,100.0,0.0,0.0,HEALTHY,,,,1.0,STABLE,NORMAL,
2026-01-01 00:00:48+00:00,ENG-DATASET-003,MSN-MISFIRE-003,100.0,0.0,0.0,HEALTHY,,,,1.0,STABLE,NORMAL,
2026-01-01 00:00:49+00:00,ENG-DATASET-003,MSN-MISFIRE-003,100.0,0.0,0.0,HEALTHY,,,,1.0,STABLE,NORMAL,
2026-01-01 00:00:50+00:00,ENG-DATASET-003,MSN-MISFIRE-003,100.0,0.0,0.0,HEALTHY,,,,1.0,STABLE,NORMAL,
2026-01-01 00:00:51+00:00,ENG-DATASET-003,MSN-MISFIRE-003,100.0,0.0,0.0,HEALTHY,,,,1.0,STABLE,NORMAL,
2026-01-01 00:00:52+00:00,ENG-DATASET-003,MSN-MISFIRE-003,100.0,0.0,0.0,HEALTHY,,,,1.0,STABLE,NORMAL,
2026-01-01 00:00:53+00:00,ENG-DATASET-003,MSN-MISFIRE-003,100.0,0.0,0.0,HEALTHY,,,,1.0,STABLE,NORMAL,
2026-01-01 00:00:54+00:00,ENG-DATASET-003,MSN-MISFIRE-003,100.0,0.0,0.0,HEALTHY,,,,1.0,STABLE,NORMAL,
2026-01-01 00:00:55+00:00,ENG-DATASET-003,MSN-MISFIRE-003,100.0,0.0,0.0,HEALTHY,,,,1.0,STABLE,NORMAL,
2026-01-01 00:00:56+00:00,ENG-DATASET-003,MSN-MISFIRE-003,100.0,0.0,0.0,HEALTHY,,,,1.0,STABLE,NORMAL,
2026-01-01 00:00:57+00:00,ENG-DATASET-003,MSN-MISFIRE-003,100.0,0.0,0.0,HEALTHY,,,,1.0,STABLE,NORMAL,
2026-01-01 00:00:58+00:00,ENG-DATASET-003,MSN-MISFIRE-003,100.0,0.0,0.0,HEALTHY,,,,1.0,STABLE,NORMAL,
2026-01-01 00:00:59+00:00,ENG-DATASET-003,MSN-MISFIRE-003,100.0,0.0,0.0,HEALTHY,,,,1.0,STABLE,NORMAL,
2026-01-01 00:01:00+00:00,ENG-DATASET-003,MSN-MISFIRE-003,100.0,0.0,0.0,HEALTHY,,,,1.0,STABLE,NORMAL,
2026-01-01 00:01:01+00:00,ENG-DATASET-003,MSN-MISFIRE-003,100.0,0.0,0.0,HEALTHY,,,,1.0,STABLE,NORMAL,
2026-01-01 00:01:02+00:00,ENG-DATASET-003,MSN-MISFIRE-003,100.0,0.0,0.0,HEALTHY,,,,1.0,STABLE,NORMAL,
2026-01-01 00:01:03+00:00,ENG-DATASET-003,MSN-MISFIRE-003,100.0,0.0,0.0,HEALTHY,,,,1.0,STABLE,NORMAL,
2026-01-01 00:01:04+00:00,ENG-DATASET-003,MSN-MISFIRE-003,100.0,0.0,0.0,HEALTHY,,,,1.0,STABLE,NORMAL,
2026-01-01 00:01:05+00:00,ENG-DATASET-003,MSN-MISFIRE-003,100.0,0.0,0.0,HEALTHY,,,,1.0,STABLE,NORMAL,
2026-01-01 00:01:06+00:00,ENG-DATASET-003,MSN-MISFIRE-003,100.0,0.0,0.0,HEALTHY,,,,1.0,STABLE,NORMAL,
2026-01-01 00:01:07+00:00,ENG-DATASET-003,MSN-MISFIRE-003,100.0,0.0,0.0,HEALTHY,,,,1.0,STABLE,NORMAL,
2026-01-01 00:01:08+00:00,ENG-DATASET-003,MSN-MISFIRE-003,100.0,0.0,0.0,HEALTHY,,,,1.0,STABLE,NORMAL,
2026-01-01 00:01:09+00:00,ENG-DATASET-003,MSN-MISFIRE-003,100.0,0.0,0.0,HEALTHY,,,,1.0,STABLE,NORMAL,
2026-01-01 00:01:10+00:00,ENG-DATASET-003,MSN-MISFIRE-003,100.0,0.0,0.0,HEALTHY,,,,1.0,STABLE,NORMAL,
2026-01-01 00:01:11+00:00,ENG-DATASET-003,MSN-MISFIRE-003,100.0,0.0,0.0,HEALTHY,,,,1.0,STABLE,NORMAL,
2026-01-01 00:01:12+00:00,ENG-DATASET-003,MSN-MISFIRE-003,100.0,0.0,0.0,HEALTHY,,,,1.0,STABLE,NORMAL,
2026-01-01 00:01:13+00:00,ENG-DATASET-003,MSN-MISFIRE-003,100.0,0.0,0.0,HEALTHY,,,,1.0,STABLE,NORMAL,
2026-01-01 00:01:14+00:00,ENG-DATASET-003,MSN-MISFIRE-003,100.0,0.0,0.0,HEALTHY,,,,1.0,STABLE,NORMAL,
2026-01-01 00:01:15+00:00,ENG-DATASET-003,MSN-MISFIRE-003,100.0,0.0,0.0,HEALTHY,,,,1.0,STABLE,NORMAL,
2026-01-01 00:01:16+00:00,ENG-DATASET-003,MSN-MISFIRE-003,100.0,0.0,0.0,HEALTHY,,,,1.0,STABLE,NORMAL,
2026-01-01 00:01:17+00:00,ENG-DATASET-003,MSN-MISFIRE-003,100.0,0.0,0.0,HEALTHY,,,,1.0,STABLE,NORMAL,
2026-01-01 00:01:18+00:00,ENG-DATASET-003,MSN-MISFIRE-003,100.0,0.0,0.0,HEALTHY,,,,1.0,STABLE,NORMAL,
2026-01-01 00:01:19+00:00,ENG-DATASET-003,MSN-MISFIRE-003,100.0,0.0,0.0,HEALTHY,,,,1.0,STABLE,NORMAL,
2026-01-01 00:01:20+00:00,ENG-DATASET-003,MSN-MISFIRE-003,100.0,0.0,0.0,HEALTHY,,,,1.0,STABLE,NORMAL,
2026-01-01 00:01:21+00:00,ENG-DATASET-003,MSN-MISFIRE-003,100.0,0.0,0.0,HEALTHY,,,,1.0,STABLE,NORMAL,
2026-01-01 00:01:22+00:00,ENG-DATASET-003,MSN-MISFIRE-003,100.0,0.0,0.0,HEALTHY,,,,1.0,STABLE,NORMAL,
2026-01-01 00:01:23+00:00,ENG-DATASET-003,MSN-MISFIRE-003,100.0,0.0,0.0,HEALTHY,,,,1.0,STABLE,NORMAL,
2026-01-01 00:01:24+00:00,ENG-DATASET-003,MSN-MISFIRE-003,100.0,0.0,0.0,HEALTHY,,,,1.0,STABLE,NORMAL,
2026-01-01 00:01:25+00:00,ENG-DATASET-003,MSN-MISFIRE-003,100.0,0.0,0.0,HEALTHY,,,,1.0,STABLE,NORMAL,
2026-01-01 00:01:26+00:00,ENG-DATASET-003,MSN-MISFIRE-003,100.0,0.0,0.0,HEALTHY,,,,1.0,STABLE,NORMAL,
2026-01-01 00:01:27+00:00,ENG-DATASET-003,MSN-MISFIRE-003,100.0,0.0,0.0,HEALTHY,,,,1.0,STABLE,NORMAL,
2026-01-01 00:01:28+00:00,ENG-DATASET-003,MSN-MISFIRE-003,100.0,0.0,0.0,HEALTHY,,,,1.0,STABLE,NORMAL,
2026-01-01 00:01:29+00:00,ENG-DATASET-003,MSN-MISFIRE-003,100.0,0.0,0.0,HEALTHY,,,,1.0,STABLE,NORMAL,
2026-01-01 00:01:30+00:00,ENG-DATASET-003,MSN-MISFIRE-003,100.0,0.0,0.0,HEALTHY,,,,1.0,STABLE,NORMAL,
2026-01-01 00:01:31+00:00,ENG-DATASET-003,MSN-MISFIRE-003,100.0,0.0,0.0,HEALTHY,,,,1.0,STABLE,NORMAL,
2026-01-01 00:01:32+00:00,ENG-DATASET-003,MSN-MISFIRE-003,100.0,0.0,0.0,HEALTHY,,,,1.0,STABLE,NORMAL,
2026-01-01 00:01:33+00:00,ENG-DATASET-003,MSN-MISFIRE-003,100.0,0.0,0.0,HEALTHY,,,,1.0,STABLE,NORMAL,
2026-01-01 00:01:34+00:00,ENG-DATASET-003,MSN-MISFIRE-003,100.0,0.0,0.0,HEALTHY,,,,1.0,STABLE,NORMAL,
2026-01-01 00:01:35+00:00,ENG-DATASET-003,MSN-MISFIRE-003,100.0,0.0,0.0,HEALTHY,,,,1.0,STABLE,NORMAL,
2026-01-01 00:01:36+00:00,ENG-DATASET-003,MSN-MISFIRE-003,100.0,0.0,0.0,HEALTHY,,,,1.0,STABLE,NORMAL,
2026-01-01 00:01:37+00:00,ENG-DATASET-003,MSN-MISFIRE-003,100.0,0.0,0.0,HEALTHY,,,,1.0,STABLE,NORMAL,
2026-01-01 00:01:38+00:00,ENG-DATASET-003,MSN-MISFIRE-003,100.0,0.0,0.0,HEALTHY,,,,1.0,STABLE,NORMAL,
2026-01-01 00:01:39+00:00,ENG-DATASET-003,MSN-MISFIRE-003,100.0,0.0,0.0,HEALTHY,,,,1.0,STABLE,NORMAL,
2026-01-01 00:01:40+00:00,ENG-DATASET-003,MSN-MISFIRE-003,100.0,0.0,0.0,HEALTHY,,,,1.0,STABLE,NORMAL,
2026-01-01 00:01:41+00:00,ENG-DATASET-003,MSN-MISFIRE-003,100.0,0.0,0.0,HEALTHY,,,,1.0,STABLE,NORMAL,
2026-01-01 00:01:42+00:00,ENG-DATASET-003,MSN-MISFIRE-003,100.0,0.0,0.0,HEALTHY,,,,1.0,STABLE,NORMAL,
2026-01-01 00:01:43+00:00,ENG-DATASET-003,MSN-MISFIRE-003,100.0,0.0,0.0,HEALTHY,,,,1.0,STABLE,NORMAL,
2026-01-01 00:01:44+00:00,ENG-DATASET-003,MSN-MISFIRE-003,100.0,0.0,0.0,HEALTHY,,,,1.0,STABLE,NORMAL,
2026-01-01 00:01:45+00:00,ENG-DATASET-003,MSN-MISFIRE-003,100.0,0.0,0.0,HEALTHY,,,,1.0,STABLE,NORMAL,
2026-01-01 00:01:46+00:00,ENG-DATASET-003,MSN-MISFIRE-003,100.0,0.0,0.0,HEALTHY,,,,1.0,STABLE,NORMAL,
2026-01-01 00:01:47+00:00,ENG-DATASET-003,MSN-MISFIRE-003,100.0,0.0,0.0,HEALTHY,,,,1.0,STABLE,NORMAL,
2026-01-01 00:01:48+00:00,ENG-DATASET-003,MSN-MISFIRE-003,100.0,0.0,0.0,HEALTHY,,,,1.0,STABLE,NORMAL,
2026-01-01 00:01:49+00:00,ENG-DATASET-003,MSN-MISFIRE-003,100.0,0.0,0.0,HEALTHY,,,,1.0,STABLE,NORMAL,
2026-01-01 00:01:50+00:00,ENG-DATASET-003,MSN-MISFIRE-003,100.0,0.0,0.0,HEALTHY,,,,1.0,STABLE,NORMAL,
2026-01-01 00:01:51+00:00,ENG-DATASET-003,MSN-MISFIRE-003,100.0,0.0,0.0,HEALTHY,,,,1.0,STABLE,NORMAL,
2026-01-01 00:01:52+00:00,ENG-DATASET-003,MSN-MISFIRE-003,100.0,0.0,0.0,HEALTHY,,,,1.0,STABLE,NORMAL,
2026-01-01 00:01:53+00:00,ENG-DATASET-003,MSN-MISFIRE-003,100.0,0.0,0.0,HEALTHY,,,,1.0,STABLE,NORMAL,
2026-01-01 00:01:54+00:00,ENG-DATASET-003,MSN-MISFIRE-003,100.0,0.0,0.0,HEALTHY,,,,1.0,STABLE,NORMAL,
2026-01-01 00:01:55+00:00,ENG-DATASET-003,MSN-MISFIRE-003,100.0,0.0,0.0,HEALTHY,,,,1.0,STABLE,NORMAL,
2026-01-01 00:01:56+00:00,ENG-DATASET-003,MSN-MISFIRE-003,100.0,0.0,0.0,HEALTHY,,,,1.0,STABLE,NORMAL,
2026-01-01 00:01:57+00:00,ENG-DATASET-003,MSN-MISFIRE-003,100.0,0.0,0.0,HEALTHY,,,,1.0,STABLE,NORMAL,
2026-01-01 00:01:58+00:00,ENG-DATASET-003,MSN-MISFIRE-003,100.0,0.0,0.0,HEALTHY,,,,1.0,STABLE,NORMAL,
2026-01-01 00:01:59+00:00,ENG-DATASET-003,MSN-MISFIRE-003,100.0,0.0,0.0,HEALTHY,,,,1.0,STABLE,NORMAL,
2026-01-01 00:02:00+00:00,ENG-DATASET-003,MSN-MISFIRE-003,100.0,0.0,0.0,HEALTHY,,,,1.0,STABLE,NORMAL,
2026-01-01 00:02:01+00:00,ENG-DATASET-003,MSN-MISFIRE-003,100.0,0.0,0.0,MISFIRE,,,,1.0,STABLE,PHYSICAL_FAULT,
2026-01-01 00:02:02+00:00,ENG-DATASET-003,MSN-MISFIRE-003,100.0,0.0,0.0,MISFIRE,,,,1.0,STABLE,PHYSICAL_FAULT,
2026-01-01 00:02:03+00:00,ENG-DATASET-003,MSN-MISFIRE-003,100.0,0.0,0.0,MISFIRE,,,,1.0,STABLE,PHYSICAL_FAULT,
2026-01-01 00:02:04+00:00,ENG-DATASET-003,MSN-MISFIRE-003,100.0,0.0,0.0,MISFIRE,,,,1.0,STABLE,PHYSICAL_FAULT,
2026-01-01 00:02:05+00:00,ENG-DATASET-003,MSN-MISFIRE-003,100.0,0.0,0.0,MISFIRE,,,,1.0,STABLE,PHYSICAL_FAULT,
2026-01-01 00:02:06+00:00,ENG-DATASET-003,MSN-MISFIRE-003,99.51,0.0169,2.8918,MISFIRE,16.71,0.11,1932.4,0.994,ESTIMATED,PHYSICAL_FAULT,
2026-01-01 00:02:07+00:00,ENG-DATASET-003,MSN-MISFIRE-003,98.38,0.0169,12.3544,MISFIRE,3.91,0.04,1932.4,0.994,LOW_RUL,PHYSICAL_FAULT,
2026-01-01 00:02:08+00:00,ENG-DATASET-003,MSN-MISFIRE-003,98.38,0.0169,21.493,MISFIRE,2.25,0.04,1932.4,0.994,LOW_RUL,PHYSICAL_FAULT,
2026-01-01 00:02:09+00:00,ENG-DATASET-003,MSN-MISFIRE-003,98.38,0.0169,30.3074,MISFIRE,1.59,0.04,1932.4,0.994,LOW_RUL,PHYSICAL_FAULT,
2026-01-01 00:02:10+00:00,ENG-DATASET-003,MSN-MISFIRE-003,98.38,0.0169,38.7978,MISFIRE,1.25,0.04,1932.4,0.994,LOW_RUL,PHYSICAL_FAULT,
2026-01-01 00:02:11+00:00,ENG-DATASET-003,MSN-MISFIRE-003,98.32,0.0189,47.3181,MISFIRE,1.02,0.04,1924.4,0.993,LOW_RUL,PHYSICAL_FAULT,
2026-01-01 00:02:12+00:00,ENG-DATASET-003,MSN-MISFIRE-003,98.19,0.0189,56.2696,MISFIRE,0.85,0.04,1924.4,0.993,LOW_RUL,PHYSICAL_FAULT,
2026-01-01 00:02:13+00:00,ENG-DATASET-003,MSN-MISFIRE-003,98.19,0.0189,64.859,MISFIRE,0.74,0.04,1924.4,0.993,LOW_RUL,PHYSICAL_FAULT,
2026-01-01 00:02:14+00:00,ENG-DATASET-003,MSN-MISFIRE-003,98.19,0.0189,73.0863,MISFIRE,0.66,0.04,1924.4,0.993,LOW_RUL,PHYSICAL_FAULT,
2026-01-01 00:02:15+00:00,ENG-DATASET-003,MSN-MISFIRE-003,98.19,0.0189,80.9515,MISFIRE,0.59,0.04,1924.4,0.993,LOW_RUL,PHYSICAL_FAULT,
2026-01-01 00:02:16+00:00,ENG-DATASET-003,MSN-MISFIRE-003,98.74,0.0,85.2087,MISFIRE,0.59,0.04,2000.0,1.0,LOW_RUL,PHYSICAL_FAULT,
2026-01-01 00:02:17+00:00,ENG-DATASET-003,MSN-MISFIRE-003,100.0,0.0,81.7777,MISFIRE,0.61,0.03,2000.0,1.0,LOW_RUL,PHYSICAL_FAULT,
2026-01-01 00:02:18+00:00,ENG-DATASET-003,MSN-MISFIRE-003,100.0,0.0,78.3468,MISFIRE,0.64,0.03,2000.0,1.0,LOW_RUL,PHYSICAL_FAULT,
2026-01-01 00:02:19+00:00,ENG-DATASET-003,MSN-MISFIRE-003,99.34,0.0231,78.8109,MISFIRE,0.61,0.03,1907.6,0.993,LOW_RUL,PHYSICAL_FAULT,
2026-01-01 00:02:20+00:00,ENG-DATASET-003,MSN-MISFIRE-003,97.81,0.0231,88.1725,MISFIRE,0.54,0.02,1907.6,0.993,LOW_RUL,PHYSICAL_FAULT,
2026-01-01 00:02:21+00:00,ENG-DATASET-003,MSN-MISFIRE-003,97.81,0.0231,97.096,MISFIRE,0.49,0.02,1907.6,0.993,LOW_RUL,PHYSICAL_FAULT,
2026-01-01 00:02:22+00:00,ENG-DATASET-003,MSN-MISFIRE-003,97.81,0.0231,105.5813,MISFIRE,0.45,0.02,1907.6,0.993,LOW_RUL,PHYSICAL_FAULT,
2026-01-01 00:02:23+00:00,ENG-DATASET-003,MSN-MISFIRE-003,97.81,0.0231,113.6286,MISFIRE,0.42,0.02,1907.6,0.993,LOW_RUL,PHYSICAL_FAULT,
2026-01-01 00:02:24+00:00,ENG-DATASET-003,MSN-MISFIRE-003,98.47,0.0,117.3426,MISFIRE,0.43,0.02,2000.0,1.0,LOW_RUL,PHYSICAL_FAULT,
2026-01-01 00:02:25+00:00,ENG-DATASET-003,MSN-MISFIRE-003,100.0,0.0,111.721,MISFIRE,0.45,0.02,2000.0,1.0,LOW_RUL,PHYSICAL_FAULT,
2026-01-01 00:02:26+00:00,ENG-DATASET-003,MSN-MISFIRE-003,100.0,0.0,106.0995,MISFIRE,0.47,0.02,2000.0,1.0,LOW_RUL,PHYSICAL_FAULT,
2026-01-01 00:02:27+00:00,ENG-DATASET-003,MSN-MISFIRE-003,99.32,0.0238,104.491,MISFIRE,0.46,0.02,1904.8,0.992,LOW_RUL,PHYSICAL_FAULT,
2026-01-01 00:02:28+00:00,ENG-DATASET-003,MSN-MISFIRE-003,97.04,0.0488,116.2023,MISFIRE,0.39,0.01,1804.8,0.984,LOW_RUL,PHYSICAL_FAULT,
2026-01-01 00:02:29+00:00,ENG-DATASET-003,MSN-MISFIRE-003,95.38,0.0488,137.1181,MISFIRE,0.33,0.01,1804.8,0.984,LOW_RUL,PHYSICAL_FAULT,
2026-01-01 00:02:30+00:00,ENG-DATASET-003,MSN-MISFIRE-003,95.38,0.0488,157.1096,MISFIRE,0.29,0.01,1804.8,0.984,LOW_RUL,PHYSICAL_FAULT,
2026-01-01 00:02:31+00:00,ENG-DATASET-003,MSN-MISFIRE-003,95.38,0.0488,176.1769,MISFIRE,0.26,0.01,1804.8,0.984,LOW_RUL,PHYSICAL_FAULT,
2026-01-01 00:02:32+00:00,ENG-DATASET-003,MSN-MISFIRE-003,96.06,0.025,190.3069,MISFIRE,0.25,0.01,1900.0,0.992,LOW_RUL,PHYSICAL_FAULT,
2026-01-01 00:02:33+00:00,ENG-DATASET-003,MSN-MISFIRE-003,98.34,0.0,190.1928,MISFIRE,0.26,0.01,2000.0,1.0,LOW_RUL,PHYSICAL_FAULT,
2026-01-01 00:02:34+00:00,ENG-DATASET-003,MSN-MISFIRE-003,100.0,0.0,179.95,MISFIRE,0.28,0.01,2000.0,1.0,LOW_RUL,PHYSICAL_FAULT,
2026-01-01 00:02:35+00:00,ENG-DATASET-003,MSN-MISFIRE-003,100.0,0.0,169.7071,MISFIRE,0.29,0.01,2000.0,1.0,LOW_RUL,PHYSICAL_FAULT,
2026-01-01 00:02:36+00:00,ENG-DATASET-003,MSN-MISFIRE-003,100.0,0.0,159.4643,MISFIRE,0.31,0.01,2000.0,1.0,LOW_RUL,PHYSICAL_FAULT,
2026-01-01 00:02:37+00:00,ENG-DATASET-003,MSN-MISFIRE-003,100.0,0.0,149.2215,MISFIRE,0.34,0.01,2000.0,1.0,LOW_RUL,PHYSICAL_FAULT,
2026-01-01 00:02:38+00:00,ENG-DATASET-003,MSN-MISFIRE-003,100.0,0.0,138.9786,MISFIRE,0.36,0.01,2000.0,1.0,LOW_RUL,PHYSICAL_FAULT,
2026-01-01 00:02:39+00:00,ENG-DATASET-003,MSN-MISFIRE-003,100.0,0.0,128.7358,MISFIRE,0.39,0.01,2000.0,1.0,LOW_RUL,PHYSICAL_FAULT,
2026-01-01 00:02:40+00:00,ENG-DATASET-003,MSN-MISFIRE-003,98.94,0.0371,124.7487,MISFIRE,0.37,0.01,1851.6,0.988,LOW_RUL,PHYSICAL_FAULT,
2026-01-01 00:02:41+00:00,ENG-DATASET-003,MSN-MISFIRE-003,96.47,0.0371,135.1265,MISFIRE,0.34,0.01,1851.6,0.988,LOW_RUL,PHYSICAL_FAULT,
2026-01-01 00:02:42+00:00,ENG-DATASET-003,MSN-MISFIRE-003,96.47,0.0371,144.7982,MISFIRE,0.32,0.01,1851.6,0.988,LOW_RUL,PHYSICAL_FAULT,
2026-01-01 00:02:43+00:00,ENG-DATASET-003,MSN-MISFIRE-003,96.47,0.0371,153.7637,MISFIRE,0.3,0.01,1851.6,0.988,LOW_RUL,PHYSICAL_FAULT,
2026-01-01 00:02:44+00:00,ENG-DATASET-003,MSN-MISFIRE-003,96.47,0.0371,162.023,MISFIRE,0.29,0.01,1851.6,0.988,LOW_RUL,PHYSICAL_FAULT,
2026-01-01 00:02:45+00:00,ENG-DATASET-003,MSN-MISFIRE-003,96.43,0.0387,169.8122,MISFIRE,0.27,0.01,1845.2,0.987,LOW_RUL,PHYSICAL_FAULT,
2026-01-01 00:02:46+00:00,ENG-DATASET-003,MSN-MISFIRE-003,96.32,0.0387,177.5363,MISFIRE,0.26,0.01,1845.2,0.987,LOW_RUL,PHYSICAL_FAULT,
2026-01-01 00:02:47+00:00,ENG-DATASET-003,MSN-MISFIRE-003,96.32,0.0387,184.5243,MISFIRE,0.25,0.01,1845.2,0.987,LOW_RUL,PHYSICAL_FAULT,
2026-01-01 00:02:48+00:00,ENG-DATASET-003,MSN-MISFIRE-003,95.18,0.0788,197.5039,MISFIRE,0.21,0.01,1684.8,0.974,LOW_RUL,PHYSICAL_FAULT,
2026-01-01 00:02:49+00:00,ENG-DATASET-003,MSN-MISFIRE-003,92.52,0.0788,225.2176,MISFIRE,0.19,0.01,1684.8,0.974,LOW_RUL,PHYSICAL_FAULT,
2026-01-01 00:02:50+00:00,ENG-DATASET-003,MSN-MISFIRE-003,93.63,0.0401,244.884,MISFIRE,0.19,0.01,1839.6,0.987,LOW_RUL,PHYSICAL_FAULT,
2026-01-01 00:02:51+00:00,ENG-DATASET-003,MSN-MISFIRE-003,95.08,0.0795,254.7188,MISFIRE,0.17,0.01,1682.0,0.974,LOW_RUL,PHYSICAL_FAULT,
2026-01-01 00:02:52+00:00,ENG-DATASET-003,MSN-MISFIRE-003,92.46,0.0795,279.0315,MISFIRE,0.15,0.01,1682.0,0.974,LOW_RUL,PHYSICAL_FAULT,
2026-01-01 00:02:53+00:00,ENG-DATASET-003,MSN-MISFIRE-003,92.39,0.082,302.249,MISFIRE,0.14,0.01,1672.0,0.973,LOW_RUL,PHYSICAL_FAULT,
2026-01-01 00:02:54+00:00,ENG-DATASET-003,MSN-MISFIRE-003,92.24,0.082,324.8292,MISFIRE,0.13,0.01,1672.0,0.973,LOW_RUL,PHYSICAL_FAULT,
2026-01-01 00:02:55+00:00,ENG-DATASET-003,MSN-MISFIRE-003,92.24,0.082,345.8571,MISFIRE,0.12,0.01,1672.0,0.973,LOW_RUL,PHYSICAL_FAULT,
2026-01-01 00:02:56+00:00,ENG-DATASET-003,MSN-MISFIRE-003,93.36,0.0426,358.7226,MISFIRE,0.13,0.01,1829.6,0.986,LOW_RUL,PHYSICAL_FAULT,
2026-01-01 00:02:57+00:00,ENG-DATASET-003,MSN-MISFIRE-003,94.76,0.0852,361.9976,MISFIRE,0.11,0.01,1659.2,0.973,LOW_RUL,PHYSICAL_FAULT,
2026-01-01 00:02:58+00:00,ENG-DATASET-003,MSN-MISFIRE-003,93.15,0.0426,373.7258,MISFIRE,0.12,0.01,1829.6,0.986,LOW_RUL,PHYSICAL_FAULT,
2026-01-01 00:02:59+00:00,ENG-DATASET-003,MSN-MISFIRE-003,95.97,0.0426,367.4411,MISFIRE,0.12,0.01,1829.6,0.986,LOW_RUL,PHYSICAL_FAULT,
2026-01-01 00:03:00+00:00,ENG-DATASET-003,MSN-MISFIRE-003,95.97,0.0426,360.3501,MISFIRE,0.13,0.01,1829.6,0.986,LOW_RUL,PHYSICAL_FAULT,
2026-01-01 00:03:01+00:00,ENG-DATASET-003,MSN-MISFIRE-003,94.73,0.0863,359.7709,MISFIRE,0.11,0.01,1654.8,0.972,LOW_RUL,PHYSICAL_FAULT,
2026-01-01 00:03:02+00:00,ENG-DATASET-003,MSN-MISFIRE-003,91.77,0.0887,375.6063,MISFIRE,0.11,0.0,1645.2,0.972,LOW_RUL,PHYSICAL_FAULT,
2026-01-01 00:03:03+00:00,ENG-DATASET-003,MSN-MISFIRE-003,90.26,0.1365,398.7068,MISFIRE,0.09,0.0,1454.0,0.957,LOW_RUL,PHYSICAL_FAULT,
2026-01-01 00:03:04+00:00,ENG-DATASET-003,MSN-MISFIRE-003,87.11,0.1365,438.4488,MISFIRE,0.08,0.0,1454.0,0.957,LOW_RUL,PHYSICAL_FAULT,
2026-01-01 00:03:05+00:00,ENG-DATASET-003,MSN-MISFIRE-003,86.56,0.153,478.858,MISFIRE,0.07,0.0,1388.0,0.943,LOW_RUL,PHYSICAL_FAULT,
2026-01-01 00:03:06+00:00,ENG-DATASET-003,MSN-MISFIRE-003,85.81,0.137,523.9946,MISFIRE,0.07,0.0,1452.0,0.957,LOW_RUL,PHYSICAL_FAULT,
2026-01-01 00:03:07+00:00,ENG-DATASET-003,MSN-MISFIRE-003,87.03,0.1375,566.0852,MISFIRE,0.06,0.0,1450.0,0.956,LOW_RUL,PHYSICAL_FAULT,
2026-01-01 00:03:08+00:00,ENG-DATASET-003,MSN-MISFIRE-003,88.23,0.0942,598.8233,MISFIRE,0.07,0.0,1623.2,0.971,LOW_RUL,PHYSICAL_FAULT,
2026-01-01 00:03:09+00:00,ENG-DATASET-003,MSN-MISFIRE-003,91.11,0.0942,612.5341,MISFIRE,0.07,0.0,1623.2,0.971,LOW_RUL,PHYSICAL_FAULT,
2026-01-01 00:03:10+00:00,ENG-DATASET-003,MSN-MISFIRE-003,91.07,0.0959,625.0266,MISFIRE,0.06,0.0,1616.4,0.97,LOW_RUL,PHYSICAL_FAULT,
2026-01-01 00:03:11+00:00,ENG-DATASET-003,MSN-MISFIRE-003,89.73,0.1389,644.331,MISFIRE,0.06,0.0,1444.4,0.956,LOW_RUL,PHYSICAL_FAULT,
2026-01-01 00:03:12+00:00,ENG-DATASET-003,MSN-MISFIRE-003,86.84,0.1394,679.7658,MISFIRE,0.05,0.0,1442.4,0.955,LOW_RUL,PHYSICAL_FAULT,
2026-01-01 00:03:13+00:00,ENG-DATASET-003,MSN-MISFIRE-003,86.23,0.1566,716.53,MISFIRE,0.05,0.0,1373.6,0.939,LOW_RUL,PHYSICAL_FAULT,
2026-01-01 00:03:14+00:00,ENG-DATASET-003,MSN-MISFIRE-003,84.87,0.1566,758.9278,MISFIRE,0.05,0.0,1373.6,0.939,LOW_RUL,PHYSICAL_FAULT,
2026-01-01 00:03:15+00:00,ENG-DATASET-003,MSN-MISFIRE-003,85.44,0.1396,795.2969,MISFIRE,0.05,0.0,1441.6,0.954,LOW_RUL,PHYSICAL_FAULT,
2026-01-01 00:03:16+00:00,ENG-DATASET-003,MSN-MISFIRE-003,87.86,0.1018,811.4774,MISFIRE,0.05,0.0,1592.8,0.969,LOW_RUL,PHYSICAL_FAULT,
2026-01-01 00:03:17+00:00,ENG-DATASET-003,MSN-MISFIRE-003,91.82,0.0524,794.4227,MISFIRE,0.06,0.0,1790.4,0.984,LOW_RUL,PHYSICAL_FAULT,
2026-01-01 00:03:18+00:00,ENG-DATASET-003,MSN-MISFIRE-003,96.55,0.0,747.8167,MISFIRE,0.07,0.0,2000.0,1.0,LOW_RUL,PHYSICAL_FAULT,
2026-01-01 00:03:19+00:00,ENG-DATASET-003,MSN-MISFIRE-003,97.86,0.076,696.8166,MISFIRE,0.06,0.0,1696.0,0.978,LOW_RUL,PHYSICAL_FAULT,
2026-01-01 00:03:20+00:00,ENG-DATASET-003,MSN-MISFIRE-003,90.79,0.1484,696.5805,MISFIRE,0.05,0.0,1406.4,0.953,LOW_RUL,PHYSICAL_FAULT,
2026-01-01 00:03:21+00:00,ENG-DATASET-003,MSN-MISFIRE-003,85.96,0.1484,723.445,MISFIRE,0.05,0.0,1406.4,0.953,LOW_RUL,PHYSICAL_FAULT,
2026-01-01 00:03:22+00:00,ENG-DATASET-003,MSN-MISFIRE-003,85.96,0.1484,747.9388,MISFIRE,0.05,0.0,1406.4,0.953,LOW_RUL,PHYSICAL_FAULT,
2026-01-01 00:03:23+00:00,ENG-DATASET-003,MSN-MISFIRE-003,84.77,0.1846,777.0849,MISFIRE,0.04,0.0,1261.6,0.923,LOW_RUL,PHYSICAL_FAULT,
2026-01-01 00:03:24+00:00,ENG-DATASET-003,MSN-MISFIRE-003,82.9,0.1565,810.6312,MISFIRE,0.04,0.0,1374.0,0.945,LOW_RUL,PHYSICAL_FAULT,
2026-01-01 00:03:25+00:00,ENG-DATASET-003,MSN-MISFIRE-003,87.05,0.0867,807.2352,MISFIRE,0.05,0.0,1653.2,0.97,LOW_RUL,PHYSICAL_FAULT,
2026-01-01 00:03:26+00:00,ENG-DATASET-003,MSN-MISFIRE-003,91.73,0.0867,773.6289,MISFIRE,0.05,0.0,1653.2,0.97,LOW_RUL,PHYSICAL_FAULT,
2026-01-01 00:03:27+00:00,ENG-DATASET-003,MSN-MISFIRE-003,89.57,0.1608,755.2648,MISFIRE,0.04,0.0,1356.8,0.94,LOW_RUL,PHYSICAL_FAULT,
2026-01-01 00:03:28+00:00,ENG-DATASET-003,MSN-MISFIRE-003,84.53,0.1611,778.6063,MISFIRE,0.04,0.0,1355.6,0.94,LOW_RUL,PHYSICAL_FAULT,
2026-01-01 00:03:29+00:00,ENG-DATASET-003,MSN-MISFIRE-003,83.45,0.1918,815.9477,MISFIRE,0.04,0.0,1232.8,0.91,LOW_RUL,PHYSICAL_FAULT,
2026-01-01 00:03:30+00:00,ENG-DATASET-003,MSN-MISFIRE-003,80.5,0.1977,868.3122,MISFIRE,0.03,0.0,1209.2,0.91,LOW_RUL,PHYSICAL_FAULT,
2026-01-01 00:03:31+00:00,ENG-DATASET-003,MSN-MISFIRE-003,79.5,0.2265,923.6016,MISFIRE,0.03,0.0,1094.0,0.881,LOW_RUL,PHYSICAL_FAULT,
2026-01-01 00:03:32+00:00,ENG-DATASET-003,MSN-MISFIRE-003,77.7,0.198,982.1878,MISFIRE,0.03,0.0,1208.0,0.91,LOW_RUL,PHYSICAL_FAULT,
2026-01-01 00:03:33+00:00,ENG-DATASET-003,MSN-MISFIRE-003,81.69,0.1615,999.6417,MISFIRE,0.03,0.0,1354.0,0.941,LOW_RUL,PHYSICAL_FAULT,
2026-01-01 00:03:34+00:00,ENG-DATASET-003,MSN-MISFIRE-003,84.48,0.162,987.1702,MISFIRE,0.03,0.0,1352.0,0.941,LOW_RUL,PHYSICAL_FAULT,
2026-01-01 00:03:35+00:00,ENG-DATASET-003,MSN-MISFIRE-003,84.45,0.162,971.7709,MISFIRE,0.03,0.0,1352.0,0.941,LOW_RUL,PHYSICAL_FAULT,
2026-01-01 00:03:36+00:00,ENG-DATASET-003,MSN-MISFIRE-003,84.43,0.1625,953.3788,MISFIRE,0.04,0.0,1350.0,0.94,LOW_RUL,PHYSICAL_FAULT,
2026-01-01 00:03:37+00:00,ENG-DATASET-003,MSN-MISFIRE-003,84.39,0.1625,932.1079,MISFIRE,0.04,0.0,1350.0,0.94,LOW_RUL,PHYSICAL_FAULT,
2026-01-01 00:03:38+00:00,ENG-DATASET-003,MSN-MISFIRE-003,83.3,0.1942,914.1469,MISFIRE,0.03,0.0,1223.2,0.909,LOW_RUL,PHYSICAL_FAULT,
2026-01-01 00:03:39+00:00,ENG-DATASET-003,MSN-MISFIRE-003,80.38,0.1948,910.0778,MISFIRE,0.03,0.0,1220.8,0.908,LOW_RUL,PHYSICAL_FAULT,
2026-01-01 00:03:40+00:00,ENG-DATASET-003,MSN-MISFIRE-003,79.15,0.2307,915.8104,MISFIRE,0.03,0.0,1077.2,0.878,LOW_RUL,PHYSICAL_FAULT,
2026-01-01 00:03:41+00:00,ENG-DATASET-003,MSN-MISFIRE-003,77.28,0.2013,943.6911,MISFIRE,0.03,0.0,1194.8,0.908,LOW_RUL,PHYSICAL_FAULT,
2026-01-01 00:03:42+00:00,ENG-DATASET-003,MSN-MISFIRE-003,80.12,0.2013,950.9722,MISFIRE,0.03,0.0,1194.8,0.908,LOW_RUL,PHYSICAL_FAULT,
2026-01-01 00:03:43+00:00,ENG-DATASET-003,MSN-MISFIRE-003,80.24,0.1962,954.2741,MISFIRE,0.03,0.0,1215.2,0.907,LOW_RUL,PHYSICAL_FAULT,
2026-01-01 00:03:44+00:00,ENG-DATASET-003,MSN-MISFIRE-003,80.15,0.197,954.8602,MISFIRE,0.03,0.0,1212.0,0.906,LOW_RUL,PHYSICAL_FAULT,
2026-01-01 00:03:45+00:00,ENG-DATASET-003,MSN-MISFIRE-003,81.18,0.1651,946.3469,MISFIRE,0.04,0.0,1339.6,0.936,LOW_RUL,PHYSICAL_FAULT,
2026-01-01 00:03:46+00:00,ENG-DATASET-003,MSN-MISFIRE-003,84.06,0.1651,918.4571,MISFIRE,0.04,0.0,1339.6,0.936,LOW_RUL,PHYSICAL_FAULT,
2026-01-01 00:03:47+00:00,ENG-DATASET-003,MSN-MISFIRE-003,82.92,0.1982,894.8426,MISFIRE,0.03,0.0,1207.2,0.904,LOW_RUL,PHYSICAL_FAULT,
2026-01-01 00:03:48+00:00,ENG-DATASET-003,MSN-MISFIRE-003,79.88,0.1992,893.4442,MISFIRE,0.03,0.0,1203.2,0.903,LOW_RUL,PHYSICAL_FAULT,
2026-01-01 00:03:49+00:00,ENG-DATASET-003,MSN-MISFIRE-003,80.92,0.1665,899.0777,MISFIRE,0.04,0.0,1334.0,0.934,LOW_RUL,PHYSICAL_FAULT,
2026-01-01 00:03:50+00:00,ENG-DATASET-003,MSN-MISFIRE-003,82.73,0.2003,884.9358,MISFIRE,0.03,0.0,1198.8,0.903,LOW_RUL,PHYSICAL_FAULT,
2026-01-01 00:03:51+00:00,ENG-DATASET-003,MSN-MISFIRE-003,79.56,0.2061,878.474,MISFIRE,0.03,0.0,1175.6,0.903,LOW_RUL,PHYSICAL_FAULT,
2026-01-01 00:03:52+00:00,ENG-DATASET-003,MSN-MISFIRE-003,79.67,0.2012,884.2446,MISFIRE,0.03,0.0,1195.2,0.902,LOW_RUL,PHYSICAL_FAULT,
2026-01-01 00:03:53+00:00,ENG-DATASET-003,MSN-MISFIRE-003,79.57,0.2021,888.4738,MISFIRE,0.03,0.0,1191.6,0.901,LOW_RUL,PHYSICAL_FAULT,
2026-01-01 00:03:54+00:00,ENG-DATASET-003,MSN-MISFIRE-003,78.22,0.2405,899.0207,MISFIRE,0.03,0.0,1038.0,0.868,LOW_RUL,PHYSICAL_FAULT,
2026-01-01 00:03:55+00:00,ENG-DATASET-003,MSN-MISFIRE-003,75.1,0.2413,925.176,MISFIRE,0.03,0.0,1034.8,0.867,LOW_RUL,PHYSICAL_FAULT,
2026-01-01 00:03:56+00:00,ENG-DATASET-003,MSN-MISFIRE-003,73.77,0.28,948.9176,MISFIRE,0.02,0.0,880.0,0.836,LOW_RUL,PHYSICAL_FAULT,
2026-01-01 00:03:57+00:00,ENG-DATASET-003,MSN-MISFIRE-003,71.75,0.2498,972.119,MISFIRE,0.03,0.0,1000.8,0.868,LOW_RUL,PHYSICAL_FAULT,
2026-01-01 00:03:58+00:00,ENG-DATASET-003,MSN-MISFIRE-003,74.97,0.2428,981.5376,MISFIRE,0.03,0.0,1028.8,0.867,LOW_RUL,PHYSICAL_FAULT,
2026-01-01 00:03:59+00:00,ENG-DATASET-003,MSN-MISFIRE-003,76.03,0.2103,963.8567,MISFIRE,0.03,0.0,1158.8,0.9,LOW_RUL,PHYSICAL_FAULT,
2026-01-01 00:04:00+00:00,ENG-DATASET-003,MSN-MISFIRE-003,79.04,0.213,924.4228,MISFIRE,0.03,0.0,1148.0,0.899,LOW_RUL,PHYSICAL_FAULT,
2026-01-01 00:04:01+00:00,ENG-DATASET-003,MSN-MISFIRE-003,78.93,0.2096,889.8172,MISFIRE,0.03,0.0,1161.6,0.897,LOW_RUL,PHYSICAL_FAULT,
2026-01-01 00:04:02+00:00,ENG-DATASET-003,MSN-MISFIRE-003,77.37,0.2507,879.3183,MISFIRE,0.03,0.0,997.2,0.861,LOW_RUL,PHYSICAL_FAULT,
2026-01-01 00:04:03+00:00,ENG-DATASET-003,MSN-MISFIRE-003,75.21,0.2177,887.8996,MISFIRE,0.03,0.0,1129.2,0.896,LOW_RUL,PHYSICAL_FAULT,
2026-01-01 00:04:04+00:00,ENG-DATASET-003,MSN-MISFIRE-003,77.16,0.2528,901.1823,MISFIRE,0.03,0.0,988.8,0.862,LOW_RUL,PHYSICAL_FAULT,
2026-01-01 00:04:05+00:00,ENG-DATASET-003,MSN-MISFIRE-003,73.9,0.2525,935.0697,MISFIRE,0.03,0.0,990.0,0.862,LOW_RUL,PHYSICAL_FAULT,
2026-01-01 00:04:06+00:00,ENG-DATASET-003,MSN-MISFIRE-003,73.93,0.2522,970.8237,MISFIRE,0.03,0.0,991.2,0.862,LOW_RUL,PHYSICAL_FAULT,
2026-01-01 00:04:07+00:00,ENG-DATASET-003,MSN-MISFIRE-003,73.97,0.2518,996.5208,MISFIRE,0.02,0.0,992.8,0.862,LOW_RUL,PHYSICAL_FAULT,
2026-01-01 00:04:08+00:00,ENG-DATASET-003,MSN-MISFIRE-003,72.72,0.2924,1019.6602,MISFIRE,0.02,0.0,830.4,0.835,LOW_RUL,PHYSICAL_FAULT,
2026-01-01 00:04:09+00:00,ENG-DATASET-003,MSN-MISFIRE-003,69.63,0.292,1040.36,MISFIRE,0.02,0.0,832.0,0.835,LOW_RUL,PHYSICAL_FAULT,
2026-01-01 00:04:10+00:00,ENG-DATASET-003,MSN-MISFIRE-003,70.74,0.2589,1050.4558,MISFIRE,0.02,0.0,964.4,0.861,LOW_RUL,PHYSICAL_FAULT,
2026-01-01 00:04:11+00:00,ENG-DATASET-003,MSN-MISFIRE-003,75.23,0.2161,1038.1624,MISFIRE,0.03,0.0,1135.6,0.895,LOW_RUL,PHYSICAL_FAULT,
2026-01-01 00:04:12+00:00,ENG-DATASET-003,MSN-MISFIRE-003,79.91,0.1734,1012.9824,MISFIRE,0.03,0.0,1306.4,0.931,LOW_RUL,PHYSICAL_FAULT,
2026-01-01 00:04:13+00:00,ENG-DATASET-003,MSN-MISFIRE-003,85.29,0.104,958.3872,MISFIRE,0.04,0.0,1584.0,0.966,LOW_RUL,PHYSICAL_FAULT,
2026-01-01 00:04:14+00:00,ENG-DATASET-003,MSN-MISFIRE-003,90.22,0.1015,882.8072,MISFIRE,0.05,0.0,1594.0,0.967,LOW_RUL,PHYSICAL_FAULT,
2026-01-01 00:04:15+00:00,ENG-DATASET-003,MSN-MISFIRE-003,88.29,0.1721,816.2097,MISFIRE,0.04,0.0,1311.6,0.934,LOW_RUL,PHYSICAL_FAULT,
2026-01-01 00:04:16+00:00,ENG-DATASET-003,MSN-MISFIRE-003,83.4,0.1721,764.2753,MISFIRE,0.04,0.0,1311.6,0.934,LOW_RUL,PHYSICAL_FAULT,
2026-01-01 00:04:17+00:00,ENG-DATASET-003,MSN-MISFIRE-003,83.4,0.1721,687.2859,MISFIRE,0.05,0.0,1311.6,0.934,LOW_RUL,PHYSICAL_FAULT,
2026-01-01 00:04:18+00:00,ENG-DATASET-003,MSN-MISFIRE-003,82.18,0.2078,586.951,MISFIRE,0.05,0.0,1168.8,0.9,LOW_RUL,PHYSICAL_FAULT,
2026-01-01 00:04:19+00:00,ENG-DATASET-003,MSN-MISFIRE-003,80.2,0.1718,487.4334,MISFIRE,0.07,0.0,1312.8,0.933,LOW_RUL,PHYSICAL_FAULT,
2026-01-01 00:04:20+00:00,ENG-DATASET-003,MSN-MISFIRE-003,83.41,0.1714,408.5775,MISFIRE,0.08,0.0,1314.4,0.933,LOW_RUL,PHYSICAL_FAULT,
2026-01-01 00:04:21+00:00,ENG-DATASET-003,MSN-MISFIRE-003,82.22,0.207,364.7393,MISFIRE,0.08,0.0,1172.0,0.899,LOW_RUL,PHYSICAL_FAULT,
2026-01-01 00:04:22+00:00,ENG-DATASET-003,MSN-MISFIRE-003,78.89,0.2129,339.8054,MISFIRE,0.08,0.0,1148.4,0.899,LOW_RUL,PHYSICAL_FAULT,
2026-01-01 00:04:23+00:00,ENG-DATASET-003,MSN-MISFIRE-003,79.05,0.2068,319.7738,MISFIRE,0.09,0.0,1172.8,0.9,LOW_RUL,PHYSICAL_FAULT,
2026-01-01 00:04:24+00:00,ENG-DATASET-003,MSN-MISFIRE-003,77.77,0.2463,317.5622,MISFIRE,0.08,0.0,1014.8,0.867,LOW_RUL,PHYSICAL_FAULT,
2026-01-01 00:04:25+00:00,ENG-DATASET-003,MSN-MISFIRE-003,74.62,0.2462,307.5924,MISFIRE,0.08,0.0,1015.2,0.867,LOW_RUL,PHYSICAL_FAULT,
2026-01-01 00:04:26+00:00,ENG-DATASET-003,MSN-MISFIRE-003,74.63,0.2462,266.521,MISFIRE,0.1,0.0,1015.2,0.867,LOW_RUL,PHYSICAL_FAULT,
2026-01-01 00:04:27+00:00,ENG-DATASET-003,MSN-MISFIRE-003,73.35,0.2857,242.7624,MISFIRE,0.09,0.0,857.2,0.837,LOW_RUL,PHYSICAL_FAULT,
2026-01-01 00:04:28+00:00,ENG-DATASET-003,MSN-MISFIRE-003,70.25,0.2858,264.8066,MISFIRE,0.08,0.0,856.8,0.837,LOW_RUL,PHYSICAL_FAULT,
2026-01-01 00:04:29+00:00,ENG-DATASET-003,MSN-MISFIRE-003,70.24,0.2859,290.6427,MISFIRE,0.07,0.0,856.4,0.837,LOW_RUL,PHYSICAL_FAULT,
2026-01-01 00:04:30+00:00,ENG-DATASET-003,MSN-MISFIRE-003,70.23,0.2862,331.8952,MISFIRE,0.06,0.0,855.2,0.837,LOW_RUL,PHYSICAL_FAULT,
2026-01-01 00:04:31+00:00,ENG-DATASET-003,MSN-MISFIRE-003,70.21,0.2864,377.3128,MISFIRE,0.06,0.0,854.4,0.837,LOW_RUL,PHYSICAL_FAULT,
2026-01-01 00:04:32+00:00,ENG-DATASET-003,MSN-MISFIRE-003,70.18,0.2867,432.032,MISFIRE,0.05,0.0,853.2,0.837,LOW_RUL,PHYSICAL_FAULT,
2026-01-01 00:04:33+00:00,ENG-DATASET-003,MSN-MISFIRE-003,70.15,0.2871,461.0781,MISFIRE,0.05,0.0,851.6,0.837,LOW_RUL,PHYSICAL_FAULT,
2026-01-01 00:04:34+00:00,ENG-DATASET-003,MSN-MISFIRE-003,71.18,0.2553,464.7131,MISFIRE,0.05,0.0,978.8,0.864,LOW_RUL,PHYSICAL_FAULT,
2026-01-01 00:04:35+00:00,ENG-DATASET-003,MSN-MISFIRE-003,74.41,0.2479,446.8081,MISFIRE,0.06,0.0,1008.4,0.864,LOW_RUL,PHYSICAL_FAULT,
2026-01-01 00:04:36+00:00,ENG-DATASET-003,MSN-MISFIRE-003,74.36,0.2484,427.3117,MISFIRE,0.06,0.0,1006.4,0.863,LOW_RUL,PHYSICAL_FAULT,
2026-01-01 00:04:37+00:00,ENG-DATASET-003,MSN-MISFIRE-003,74.3,0.2489,406.3989,MISFIRE,0.06,0.0,1004.4,0.863,LOW_RUL,PHYSICAL_FAULT,
2026-01-01 00:04:38+00:00,ENG-DATASET-003,MSN-MISFIRE-003,74.25,0.2494,390.4134,MISFIRE,0.06,0.0,1002.4,0.863,LOW_RUL,PHYSICAL_FAULT,
2026-01-01 00:04:39+00:00,ENG-DATASET-003,MSN-MISFIRE-003,72.82,0.2941,398.8738,MISFIRE,0.05,0.0,823.6,0.835,LOW_RUL,PHYSICAL_FAULT,
2026-01-01 00:04:40+00:00,ENG-DATASET-003,MSN-MISFIRE-003,69.34,0.2989,433.8645,MISFIRE,0.05,0.0,804.4,0.834,LOW_RUL,PHYSICAL_FAULT,
2026-01-01 00:04:41+00:00,ENG-DATASET-003,MSN-MISFIRE-003,70.08,0.2665,473.9356,MISFIRE,0.05,0.0,934.0,0.859,LOW_RUL,PHYSICAL_FAULT,
2026-01-01 00:04:42+00:00,ENG-DATASET-003,MSN-MISFIRE-003,74.51,0.2242,469.0933,MISFIRE,0.06,0.0,1103.2,0.894,LOW_RUL,PHYSICAL_FAULT,
2026-01-01 00:04:43+00:00,ENG-DATASET-003,MSN-MISFIRE-003,77.77,0.2234,443.1571,MISFIRE,0.06,0.0,1106.4,0.892,LOW_RUL,PHYSICAL_FAULT,
2026-01-01 00:04:44+00:00,ENG-DATASET-003,MSN-MISFIRE-003,78.77,0.1825,411.3743,MISFIRE,0.08,0.0,1270.0,0.927,LOW_RUL,PHYSICAL_FAULT,
2026-01-01 00:04:45+00:00,ENG-DATASET-003,MSN-MISFIRE-003,82.27,0.1833,352.3749,MISFIRE,0.09,0.0,1266.8,0.926,LOW_RUL,PHYSICAL_FAULT,
2026-01-01 00:04:46+00:00,ENG-DATASET-003,MSN-MISFIRE-003,80.64,0.231,285.6403,MISFIRE,0.09,0.0,1076.0,0.887,LOW_RUL,PHYSICAL_FAULT,
2026-01-01 00:04:47+00:00,ENG-DATASET-003,MSN-MISFIRE-003,76.97,0.231,246.8366,MISFIRE,0.11,0.0,1076.0,0.887,LOW_RUL,PHYSICAL_FAULT,
2026-01-01 00:04:48+00:00,ENG-DATASET-003,MSN-MISFIRE-003,76.96,0.2315,225.4506,MISFIRE,0.12,0.0,1074.0,0.887,LOW_RUL,PHYSICAL_FAULT,
2026-01-01 00:04:49+00:00,ENG-DATASET-003,MSN-MISFIRE-003,75.41,0.2794,206.2823,MISFIRE,0.11,0.0,882.4,0.854,LOW_RUL,PHYSICAL_FAULT,
2026-01-01 00:04:50+00:00,ENG-DATASET-003,MSN-MISFIRE-003,71.88,0.2796,195.8004,MISFIRE,0.11,0.0,881.6,0.854,LOW_RUL,PHYSICAL_FAULT,
2026-01-01 00:04:51+00:00,ENG-DATASET-003,MSN-MISFIRE-003,71.86,0.2797,202.6083,MISFIRE,0.11,0.0,881.2,0.854,LOW_RUL,PHYSICAL_FAULT,
2026-01-01 00:04:52+00:00,ENG-DATASET-003,MSN-MISFIRE-003,70.41,0.3274,215.7619,MISFIRE,0.08,0.0,690.4,0.829,LOW_RUL,PHYSICAL_FAULT,
2026-01-01 00:04:53+00:00,ENG-DATASET-003,MSN-MISFIRE-003,67.05,0.3272,247.5028,MISFIRE,0.07,0.0,691.2,0.829,LOW_RUL,PHYSICAL_FAULT,
2026-01-01 00:04:54+00:00,ENG-DATASET-003,MSN-MISFIRE-003,68.51,0.2793,276.3598,MISFIRE,0.08,0.0,882.8,0.854,LOW_RUL,PHYSICAL_FAULT,
2026-01-01 00:04:55+00:00,ENG-DATASET-003,MSN-MISFIRE-003,71.89,0.2789,302.364,MISFIRE,0.07,0.0,884.4,0.854,LOW_RUL,PHYSICAL_FAULT,
2026-01-01 00:04:56+00:00,ENG-DATASET-003,MSN-MISFIRE-003,71.94,0.2783,335.5462,MISFIRE,0.07,0.0,886.8,0.854,LOW_RUL,PHYSICAL_FAULT,
2026-01-01 00:04:57+00:00,ENG-DATASET-003,MSN-MISFIRE-003,71.99,0.2776,380.3927,MISFIRE,0.06,0.0,889.6,0.854,LOW_RUL,PHYSICAL_FAULT,
2026-01-01 00:04:58+00:00,ENG-DATASET-003,MSN-MISFIRE-003,72.05,0.2769,405.2856,MISFIRE,0.06,0.0,892.4,0.854,LOW_RUL,PHYSICAL_FAULT,
2026-01-01 00:04:59+00:00,ENG-DATASET-003,MSN-MISFIRE-003,72.1,0.2769,422.8315,MISFIRE,0.05,0.0,892.4,0.854,LOW_RUL,PHYSICAL_FAULT,
2026-01-01 00:05:00+00:00,ENG-DATASET-003,MSN-MISFIRE-003,72.7,0.2565,417.684,MISFIRE,0.06,0.0,974.0,0.863,LOW_RUL,PHYSICAL_FAULT,
2026-01-01 00:00:01+00:00,ENG-DATASET-004,MSN-MISFIRE-004,100.0,0.0,0.0,HEALTHY,,,,0.05,INSUFFICIENT_HISTORY,NORMAL,
2026-01-01 00:00:02+00:00,ENG-DATASET-004,MSN-MISFIRE-004,100.0,0.0,0.0,HEALTHY,,,,0.1,INSUFFICIENT_HISTORY,NORMAL,
2026-01-01 00:00:03+00:00,ENG-DATASET-004,MSN-MISFIRE-004,100.0,0.0,0.0,HEALTHY,,,,0.15,INSUFFICIENT_HISTORY,NORMAL,
2026-01-01 00:00:04+00:00,ENG-DATASET-004,MSN-MISFIRE-004,100.0,0.0,0.0,HEALTHY,,,,0.2,INSUFFICIENT_HISTORY,NORMAL,
2026-01-01 00:00:05+00:00,ENG-DATASET-004,MSN-MISFIRE-004,100.0,0.0,0.0,HEALTHY,,,,0.25,STABLE,NORMAL,
2026-01-01 00:00:06+00:00,ENG-DATASET-004,MSN-MISFIRE-004,100.0,0.0,0.0,HEALTHY,,,,0.3,STABLE,NORMAL,
2026-01-01 00:00:07+00:00,ENG-DATASET-004,MSN-MISFIRE-004,100.0,0.0,0.0,HEALTHY,,,,0.35,STABLE,NORMAL,
2026-01-01 00:00:08+00:00,ENG-DATASET-004,MSN-MISFIRE-004,100.0,0.0,0.0,HEALTHY,,,,0.4,STABLE,NORMAL,
2026-01-01 00:00:09+00:00,ENG-DATASET-004,MSN-MISFIRE-004,100.0,0.0,0.0,HEALTHY,,,,0.45,STABLE,NORMAL,
2026-01-01 00:00:10+00:00,ENG-DATASET-004,MSN-MISFIRE-004,100.0,0.0,0.0,HEALTHY,,,,0.5,STABLE,NORMAL,
2026-01-01 00:00:11+00:00,ENG-DATASET-004,MSN-MISFIRE-004,100.0,0.0,0.0,HEALTHY,,,,0.55,STABLE,NORMAL,
2026-01-01 00:00:12+00:00,ENG-DATASET-004,MSN-MISFIRE-004,100.0,0.0,0.0,HEALTHY,,,,0.6,STABLE,NORMAL,
2026-01-01 00:00:13+00:00,ENG-DATASET-004,MSN-MISFIRE-004,100.0,0.0,0.0,HEALTHY,,,,0.65,STABLE,NORMAL,
2026-01-01 00:00:14+00:00,ENG-DATASET-004,MSN-MISFIRE-004,100.0,0.0,0.0,HEALTHY,,,,0.7,STABLE,NORMAL,
2026-01-01 00:00:15+00:00,ENG-DATASET-004,MSN-MISFIRE-004,100.0,0.0,0.0,HEALTHY,,,,0.75,STABLE,NORMAL,
2026-01-01 00:00:16+00:00,ENG-DATASET-004,MSN-MISFIRE-004,100.0,0.0,0.0,HEALTHY,,,,0.8,STABLE,NORMAL,
2026-01-01 00:00:17+00:00,ENG-DATASET-004,MSN-MISFIRE-004,100.0,0.0,0.0,HEALTHY,,,,0.85,STABLE,NORMAL,
2026-01-01 00:00:18+00:00,ENG-DATASET-004,MSN-MISFIRE-004,100.0,0.0,0.0,HEALTHY,,,,0.9,STABLE,NORMAL,
2026-01-01 00:00:19+00:00,ENG-DATASET-004,MSN-MISFIRE-004,100.0,0.0,0.0,HEALTHY,,,,0.95,STABLE,NORMAL,
2026-01-01 00:00:20+00:00,ENG-DATASET-004,MSN-MISFIRE-004,100.0,0.0,0.0,HEALTHY,,,,1.0,STABLE,NORMAL,
2026-01-01 00:00:21+00:00,ENG-DATASET-004,MSN-MISFIRE-004,100.0,0.0,0.0,HEALTHY,,,,1.0,STABLE,NORMAL,
2026-01-01 00:00:22+00:00,ENG-DATASET-004,MSN-MISFIRE-004,100.0,0.0,0.0,HEALTHY,,,,1.0,STABLE,NORMAL,
2026-01-01 00:00:23+00:00,ENG-DATASET-004,MSN-MISFIRE-004,100.0,0.0,0.0,HEALTHY,,,,1.0,STABLE,NORMAL,
2026-01-01 00:00:24+00:00,ENG-DATASET-004,MSN-MISFIRE-004,100.0,0.0,0.0,HEALTHY,,,,1.0,STABLE,NORMAL,
2026-01-01 00:00:25+00:00,ENG-DATASET-004,MSN-MISFIRE-004,100.0,0.0,0.0,HEALTHY,,,,1.0,STABLE,NORMAL,
2026-01-01 00:00:26+00:00,ENG-DATASET-004,MSN-MISFIRE-004,100.0,0.0,0.0,HEALTHY,,,,1.0,STABLE,NORMAL,
2026-01-01 00:00:27+00:00,ENG-DATASET-004,MSN-MISFIRE-004,100.0,0.0,0.0,HEALTHY,,,,1.0,STABLE,NORMAL,
2026-01-01 00:00:28+00:00,ENG-DATASET-004,MSN-MISFIRE-004,100.0,0.0,0.0,HEALTHY,,,,1.0,STABLE,NORMAL,
2026-01-01 00:00:29+00:00,ENG-DATASET-004,MSN-MISFIRE-004,100.0,0.0,0.0,HEALTHY,,,,1.0,STABLE,NORMAL,
2026-01-01 00:00:30+00:00,ENG-DATASET-004,MSN-MISFIRE-004,100.0,0.0,0.0,HEALTHY,,,,1.0,STABLE,NORMAL,
2026-01-01 00:00:31+00:00,ENG-DATASET-004,MSN-MISFIRE-004,100.0,0.0,0.0,HEALTHY,,,,1.0,STABLE,NORMAL,
2026-01-01 00:00:32+00:00,ENG-DATASET-004,MSN-MISFIRE-004,100.0,0.0,0.0,HEALTHY,,,,1.0,STABLE,NORMAL,
2026-01-01 00:00:33+00:00,ENG-DATASET-004,MSN-MISFIRE-004,100.0,0.0,0.0,HEALTHY,,,,1.0,STABLE,NORMAL,
2026-01-01 00:00:34+00:00,ENG-DATASET-004,MSN-MISFIRE-004,100.0,0.0,0.0,HEALTHY,,,,1.0,STABLE,NORMAL,
2026-01-01 00:00:35+00:00,ENG-DATASET-004,MSN-MISFIRE-004,100.0,0.0,0.0,HEALTHY,,,,1.0,STABLE,NORMAL,
2026-01-01 00:00:36+00:00,ENG-DATASET-004,MSN-MISFIRE-004,100.0,0.0,0.0,HEALTHY,,,,1.0,STABLE,NORMAL,
2026-01-01 00:00:37+00:00,ENG-DATASET-004,MSN-MISFIRE-004,100.0,0.0,0.0,HEALTHY,,,,1.0,STABLE,NORMAL,
2026-01-01 00:00:38+00:00,ENG-DATASET-004,MSN-MISFIRE-004,100.0,0.0,0.0,HEALTHY,,,,1.0,STABLE,NORMAL,
2026-01-01 00:00:39+00:00,ENG-DATASET-004,MSN-MISFIRE-004,100.0,0.0,0.0,HEALTHY,,,,1.0,STABLE,NORMAL,
2026-01-01 00:00:40+00:00,ENG-DATASET-004,MSN-MISFIRE-004,100.0,0.0,0.0,HEALTHY,,,,1.0,STABLE,NORMAL,
2026-01-01 00:00:41+00:00,ENG-DATASET-004,MSN-MISFIRE-004,100.0,0.0,0.0,HEALTHY,,,,1.0,STABLE,NORMAL,
2026-01-01 00:00:42+00:00,ENG-DATASET-004,MSN-MISFIRE-004,100.0,0.0,0.0,HEALTHY,,,,1.0,STABLE,NORMAL,
2026-01-01 00:00:43+00:00,ENG-DATASET-004,MSN-MISFIRE-004,100.0,0.0,0.0,HEALTHY,,,,1.0,STABLE,NORMAL,
2026-01-01 00:00:44+00:00,ENG-DATASET-004,MSN-MISFIRE-004,100.0,0.0,0.0,HEALTHY,,,,1.0,STABLE,NORMAL,
2026-01-01 00:00:45+00:00,ENG-DATASET-004,MSN-MISFIRE-004,100.0,0.0,0.0,HEALTHY,,,,1.0,STABLE,NORMAL,
2026-01-01 00:00:46+00:00,ENG-DATASET-004,MSN-MISFIRE-004,100.0,0.0,0.0,HEALTHY,,,,1.0,STABLE,NORMAL,
2026-01-01 00:00:47+00:00,ENG-DATASET-004,MSN-MISFIRE-004,100.0,0.0,0.0,HEALTHY,,,,1.0,STABLE,NORMAL,
2026-01-01 00:00:48+00:00,ENG-DATASET-004,MSN-MISFIRE-004,100.0,0.0,0.0,HEALTHY,,,,1.0,STABLE,NORMAL,
2026-01-01 00:00:49+00:00,ENG-DATASET-004,MSN-MISFIRE-004,100.0,0.0,0.0,HEALTHY,,,,1.0,STABLE,NORMAL,
2026-01-01 00:00:50+00:00,ENG-DATASET-004,MSN-MISFIRE-004,100.0,0.0,0.0,HEALTHY,,,,1.0,STABLE,NORMAL,
2026-01-01 00:00:51+00:00,ENG-DATASET-004,MSN-MISFIRE-004,100.0,0.0,0.0,HEALTHY,,,,1.0,STABLE,NORMAL,
2026-01-01 00:00:52+00:00,ENG-DATASET-004,MSN-MISFIRE-004,100.0,0.0,0.0,HEALTHY,,,,1.0,STABLE,NORMAL,
2026-01-01 00:00:53+00:00,ENG-DATASET-004,MSN-MISFIRE-004,100.0,0.0,0.0,HEALTHY,,,,1.0,STABLE,NORMAL,
2026-01-01 00:00:54+00:00,ENG-DATASET-004,MSN-MISFIRE-004,100.0,0.0,0.0,HEALTHY,,,,1.0,STABLE,NORMAL,
2026-01-01 00:00:55+00:00,ENG-DATASET-004,MSN-MISFIRE-004,100.0,0.0,0.0,HEALTHY,,,,1.0,STABLE,NORMAL,
2026-01-01 00:00:56+00:00,ENG-DATASET-004,MSN-MISFIRE-004,100.0,0.0,0.0,HEALTHY,,,,1.0,STABLE,NORMAL,
2026-01-01 00:00:57+00:00,ENG-DATASET-004,MSN-MISFIRE-004,100.0,0.0,0.0,HEALTHY,,,,1.0,STABLE,NORMAL,
2026-01-01 00:00:58+00:00,ENG-DATASET-004,MSN-MISFIRE-004,100.0,0.0,0.0,HEALTHY,,,,1.0,STABLE,NORMAL,
2026-01-01 00:00:59+00:00,ENG-DATASET-004,MSN-MISFIRE-004,100.0,0.0,0.0,HEALTHY,,,,1.0,STABLE,NORMAL,
2026-01-01 00:01:00+00:00,ENG-DATASET-004,MSN-MISFIRE-004,100.0,0.0,0.0,HEALTHY,,,,1.0,STABLE,NORMAL,
2026-01-01 00:01:01+00:00,ENG-DATASET-004,MSN-MISFIRE-004,100.0,0.0,0.0,HEALTHY,,,,1.0,STABLE,NORMAL,
2026-01-01 00:01:02+00:00,ENG-DATASET-004,MSN-MISFIRE-004,100.0,0.0,0.0,HEALTHY,,,,1.0,STABLE,NORMAL,
2026-01-01 00:01:03+00:00,ENG-DATASET-004,MSN-MISFIRE-004,100.0,0.0,0.0,HEALTHY,,,,1.0,STABLE,NORMAL,
2026-01-01 00:01:04+00:00,ENG-DATASET-004,MSN-MISFIRE-004,100.0,0.0,0.0,HEALTHY,,,,1.0,STABLE,NORMAL,
2026-01-01 00:01:05+00:00,ENG-DATASET-004,MSN-MISFIRE-004,100.0,0.0,0.0,HEALTHY,,,,1.0,STABLE,NORMAL,
2026-01-01 00:01:06+00:00,ENG-DATASET-004,MSN-MISFIRE-004,100.0,0.0,0.0,HEALTHY,,,,1.0,STABLE,NORMAL,
2026-01-01 00:01:07+00:00,ENG-DATASET-004,MSN-MISFIRE-004,100.0,0.0,0.0,HEALTHY,,,,1.0,STABLE,NORMAL,
2026-01-01 00:01:08+00:00,ENG-DATASET-004,MSN-MISFIRE-004,100.0,0.0,0.0,HEALTHY,,,,1.0,STABLE,NORMAL,
2026-01-01 00:01:09+00:00,ENG-DATASET-004,MSN-MISFIRE-004,100.0,0.0,0.0,HEALTHY,,,,1.0,STABLE,NORMAL,
2026-01-01 00:01:10+00:00,ENG-DATASET-004,MSN-MISFIRE-004,100.0,0.0,0.0,HEALTHY,,,,1.0,STABLE,NORMAL,
2026-01-01 00:01:11+00:00,ENG-DATASET-004,MSN-MISFIRE-004,100.0,0.0,0.0,HEALTHY,,,,1.0,STABLE,NORMAL,
2026-01-01 00:01:12+00:00,ENG-DATASET-004,MSN-MISFIRE-004,100.0,0.0,0.0,HEALTHY,,,,1.0,STABLE,NORMAL,
2026-01-01 00:01:13+00:00,ENG-DATASET-004,MSN-MISFIRE-004,100.0,0.0,0.0,HEALTHY,,,,1.0,STABLE,NORMAL,
2026-01-01 00:01:14+00:00,ENG-DATASET-004,MSN-MISFIRE-004,100.0,0.0,0.0,HEALTHY,,,,1.0,STABLE,NORMAL,
2026-01-01 00:01:15+00:00,ENG-DATASET-004,MSN-MISFIRE-004,100.0,0.0,0.0,HEALTHY,,,,1.0,STABLE,NORMAL,
2026-01-01 00:01:16+00:00,ENG-DATASET-004,MSN-MISFIRE-004,100.0,0.0,0.0,HEALTHY,,,,1.0,STABLE,NORMAL,
2026-01-01 00:01:17+00:00,ENG-DATASET-004,MSN-MISFIRE-004,100.0,0.0,0.0,HEALTHY,,,,1.0,STABLE,NORMAL,
2026-01-01 00:01:18+00:00,ENG-DATASET-004,MSN-MISFIRE-004,100.0,0.0,0.0,HEALTHY,,,,1.0,STABLE,NORMAL,
2026-01-01 00:01:19+00:00,ENG-DATASET-004,MSN-MISFIRE-004,100.0,0.0,0.0,HEALTHY,,,,1.0,STABLE,NORMAL,
2026-01-01 00:01:20+00:00,ENG-DATASET-004,MSN-MISFIRE-004,100.0,0.0,0.0,HEALTHY,,,,1.0,STABLE,NORMAL,
2026-01-01 00:01:21+00:00,ENG-DATASET-004,MSN-MISFIRE-004,100.0,0.0,0.0,HEALTHY,,,,1.0,STABLE,NORMAL,
2026-01-01 00:01:22+00:00,ENG-DATASET-004,MSN-MISFIRE-004,100.0,0.0,0.0,HEALTHY,,,,1.0,STABLE,NORMAL,
2026-01-01 00:01:23+00:00,ENG-DATASET-004,MSN-MISFIRE-004,100.0,0.0,0.0,HEALTHY,,,,1.0,STABLE,NORMAL,
2026-01-01 00:01:24+00:00,ENG-DATASET-004,MSN-MISFIRE-004,100.0,0.0,0.0,HEALTHY,,,,1.0,STABLE,NORMAL,
2026-01-01 00:01:25+00:00,ENG-DATASET-004,MSN-MISFIRE-004,100.0,0.0,0.0,HEALTHY,,,,1.0,STABLE,NORMAL,
2026-01-01 00:01:26+00:00,ENG-DATASET-004,MSN-MISFIRE-004,100.0,0.0,0.0,HEALTHY,,,,1.0,STABLE,NORMAL,
2026-01-01 00:01:27+00:00,ENG-DATASET-004,MSN-MISFIRE-004,100.0,0.0,0.0,HEALTHY,,,,1.0,STABLE,NORMAL,
2026-01-01 00:01:28+00:00,ENG-DATASET-004,MSN-MISFIRE-004,100.0,0.0,0.0,HEALTHY,,,,1.0,STABLE,NORMAL,
2026-01-01 00:01:29+00:00,ENG-DATASET-004,MSN-MISFIRE-004,100.0,0.0,0.0,HEALTHY,,,,1.0,STABLE,NORMAL,
2026-01-01 00:01:30+00:00,ENG-DATASET-004,MSN-MISFIRE-004,100.0,0.0,0.0,HEALTHY,,,,1.0,STABLE,NORMAL,
2026-01-01 00:01:31+00:00,ENG-DATASET-004,MSN-MISFIRE-004,100.0,0.0,0.0,HEALTHY,,,,1.0,STABLE,NORMAL,
2026-01-01 00:01:32+00:00,ENG-DATASET-004,MSN-MISFIRE-004,100.0,0.0,0.0,HEALTHY,,,,1.0,STABLE,NORMAL,
2026-01-01 00:01:33+00:00,ENG-DATASET-004,MSN-MISFIRE-004,100.0,0.0,0.0,HEALTHY,,,,1.0,STABLE,NORMAL,
2026-01-01 00:01:34+00:00,ENG-DATASET-004,MSN-MISFIRE-004,100.0,0.0,0.0,HEALTHY,,,,1.0,STABLE,NORMAL,
2026-01-01 00:01:35+00:00,ENG-DATASET-004,MSN-MISFIRE-004,100.0,0.0,0.0,HEALTHY,,,,1.0,STABLE,NORMAL,
2026-01-01 00:01:36+00:00,ENG-DATASET-004,MSN-MISFIRE-004,100.0,0.0,0.0,HEALTHY,,,,1.0,STABLE,NORMAL,
2026-01-01 00:01:37+00:00,ENG-DATASET-004,MSN-MISFIRE-004,100.0,0.0,0.0,HEALTHY,,,,1.0,STABLE,NORMAL,
2026-01-01 00:01:38+00:00,ENG-DATASET-004,MSN-MISFIRE-004,100.0,0.0,0.0,HEALTHY,,,,1.0,STABLE,NORMAL,
2026-01-01 00:01:39+00:00,ENG-DATASET-004,MSN-MISFIRE-004,100.0,0.0,0.0,HEALTHY,,,,1.0,STABLE,NORMAL,
2026-01-01 00:01:40+00:00,ENG-DATASET-004,MSN-MISFIRE-004,100.0,0.0,0.0,HEALTHY,,,,1.0,STABLE,NORMAL,
2026-01-01 00:01:41+00:00,ENG-DATASET-004,MSN-MISFIRE-004,100.0,0.0,0.0,HEALTHY,,,,1.0,STABLE,NORMAL,
2026-01-01 00:01:42+00:00,ENG-DATASET-004,MSN-MISFIRE-004,100.0,0.0,0.0,HEALTHY,,,,1.0,STABLE,NORMAL,
2026-01-01 00:01:43+00:00,ENG-DATASET-004,MSN-MISFIRE-004,100.0,0.0,0.0,HEALTHY,,,,1.0,STABLE,NORMAL,
2026-01-01 00:01:44+00:00,ENG-DATASET-004,MSN-MISFIRE-004,100.0,0.0,0.0,HEALTHY,,,,1.0,STABLE,NORMAL,
2026-01-01 00:01:45+00:00,ENG-DATASET-004,MSN-MISFIRE-004,100.0,0.0,0.0,HEALTHY,,,,1.0,STABLE,NORMAL,
2026-01-01 00:01:46+00:00,ENG-DATASET-004,MSN-MISFIRE-004,100.0,0.0,0.0,HEALTHY,,,,1.0,STABLE,NORMAL,
2026-01-01 00:01:47+00:00,ENG-DATASET-004,MSN-MISFIRE-004,100.0,0.0,0.0,HEALTHY,,,,1.0,STABLE,NORMAL,
2026-01-01 00:01:48+00:00,ENG-DATASET-004,MSN-MISFIRE-004,100.0,0.0,0.0,HEALTHY,,,,1.0,STABLE,NORMAL,
2026-01-01 00:01:49+00:00,ENG-DATASET-004,MSN-MISFIRE-004,100.0,0.0,0.0,HEALTHY,,,,1.0,STABLE,NORMAL,
2026-01-01 00:01:50+00:00,ENG-DATASET-004,MSN-MISFIRE-004,100.0,0.0,0.0,HEALTHY,,,,1.0,STABLE,NORMAL,
2026-01-01 00:01:51+00:00,ENG-DATASET-004,MSN-MISFIRE-004,100.0,0.0,0.0,HEALTHY,,,,1.0,STABLE,NORMAL,
2026-01-01 00:01:52+00:00,ENG-DATASET-004,MSN-MISFIRE-004,100.0,0.0,0.0,HEALTHY,,,,1.0,STABLE,NORMAL,
2026-01-01 00:01:53+00:00,ENG-DATASET-004,MSN-MISFIRE-004,100.0,0.0,0.0,HEALTHY,,,,1.0,STABLE,NORMAL,
2026-01-01 00:01:54+00:00,ENG-DATASET-004,MSN-MISFIRE-004,100.0,0.0,0.0,HEALTHY,,,,1.0,STABLE,NORMAL,
2026-01-01 00:01:55+00:00,ENG-DATASET-004,MSN-MISFIRE-004,100.0,0.0,0.0,HEALTHY,,,,1.0,STABLE,NORMAL,
2026-01-01 00:01:56+00:00,ENG-DATASET-004,MSN-MISFIRE-004,100.0,0.0,0.0,HEALTHY,,,,1.0,STABLE,NORMAL,
2026-01-01 00:01:57+00:00,ENG-DATASET-004,MSN-MISFIRE-004,100.0,0.0,0.0,HEALTHY,,,,1.0,STABLE,NORMAL,
2026-01-01 00:01:58+00:00,ENG-DATASET-004,MSN-MISFIRE-004,100.0,0.0,0.0,HEALTHY,,,,1.0,STABLE,NORMAL,
2026-01-01 00:01:59+00:00,ENG-DATASET-004,MSN-MISFIRE-004,100.0,0.0,0.0,HEALTHY,,,,1.0,STABLE,NORMAL,
2026-01-01 00:02:00+00:00,ENG-DATASET-004,MSN-MISFIRE-004,100.0,0.0,0.0,HEALTHY,,,,1.0,STABLE,NORMAL,
2026-01-01 00:02:01+00:00,ENG-DATASET-004,MSN-MISFIRE-004,100.0,0.0,0.0,MISFIRE,,,,1.0,STABLE,PHYSICAL_FAULT,
2026-01-01 00:02:02+00:00,ENG-DATASET-004,MSN-MISFIRE-004,100.0,0.0,0.0,MISFIRE,,,,1.0,STABLE,PHYSICAL_FAULT,
2026-01-01 00:02:03+00:00,ENG-DATASET-004,MSN-MISFIRE-004,100.0,0.0,0.0,MISFIRE,,,,1.0,STABLE,PHYSICAL_FAULT,
2026-01-01 00:02:04+00:00,ENG-DATASET-004,MSN-MISFIRE-004,100.0,0.0,0.0,MISFIRE,,,,1.0,STABLE,PHYSICAL_FAULT,
2026-01-01 00:02:05+00:00,ENG-DATASET-004,MSN-MISFIRE-004,100.0,0.0,0.0,MISFIRE,,,,1.0,STABLE,PHYSICAL_FAULT,
2026-01-01 00:02:06+00:00,ENG-DATASET-004,MSN-MISFIRE-004,100.0,0.0,0.0,MISFIRE,,,,1.0,STABLE,PHYSICAL_FAULT,
2026-01-01 00:02:07+00:00,ENG-DATASET-004,MSN-MISFIRE-004,100.0,0.0,0.0,MISFIRE,,,,1.0,STABLE,PHYSICAL_FAULT,
2026-01-01 00:02:08+00:00,ENG-DATASET-004,MSN-MISFIRE-004,100.0,0.0,0.0,MISFIRE,,,,1.0,STABLE,PHYSICAL_FAULT,
2026-01-01 00:02:09+00:00,ENG-DATASET-004,MSN-MISFIRE-004,99.46,0.0189,3.1869,MISFIRE,15.1,0.1,1924.4,0.993,ESTIMATED,PHYSICAL_FAULT,
2026-01-01 00:02:10+00:00,ENG-DATASET-004,MSN-MISFIRE-004,98.19,0.0189,13.7608,MISFIRE,3.5,0.04,1924.4,0.993,LOW_RUL,PHYSICAL_FAULT,
2026-01-01 00:02:11+00:00,ENG-DATASET-004,MSN-MISFIRE-004,98.19,0.0189,23.9727,MISFIRE,2.01,0.04,1924.4,0.993,LOW_RUL,PHYSICAL_FAULT,
2026-01-01 00:02:12+00:00,ENG-DATASET-004,MSN-MISFIRE-004,98.19,0.0189,33.8224,MISFIRE,1.42,0.04,1924.4,0.993,LOW_RUL,PHYSICAL_FAULT,
2026-01-01 00:02:13+00:00,ENG-DATASET-004,MSN-MISFIRE-004,98.19,0.0189,43.31,MISFIRE,1.11,0.04,1924.4,0.993,LOW_RUL,PHYSICAL_FAULT,
2026-01-01 00:02:14+00:00,ENG-DATASET-004,MSN-MISFIRE-004,98.73,0.0,49.2487,MISFIRE,1.02,0.04,2000.0,1.0,LOW_RUL,PHYSICAL_FAULT,
2026-01-01 00:02:15+00:00,ENG-DATASET-004,MSN-MISFIRE-004,100.0,0.0,47.4382,MISFIRE,1.05,0.03,2000.0,1.0,LOW_RUL,PHYSICAL_FAULT,
2026-01-01 00:02:16+00:00,ENG-DATASET-004,MSN-MISFIRE-004,100.0,0.0,45.6277,MISFIRE,1.1,0.03,2000.0,1.0,LOW_RUL,PHYSICAL_FAULT,
2026-01-01 00:02:17+00:00,ENG-DATASET-004,MSN-MISFIRE-004,100.0,0.0,43.8172,MISFIRE,1.14,0.03,2000.0,1.0,LOW_RUL,PHYSICAL_FAULT,
2026-01-01 00:02:18+00:00,ENG-DATASET-004,MSN-MISFIRE-004,100.0,0.0,42.0067,MISFIRE,1.19,0.03,2000.0,1.0,LOW_RUL,PHYSICAL_FAULT,
2026-01-01 00:02:19+00:00,ENG-DATASET-004,MSN-MISFIRE-004,99.1,0.0312,45.5076,MISFIRE,1.03,0.02,1875.2,0.989,LOW_RUL,PHYSICAL_FAULT,
2026-01-01 00:02:20+00:00,ENG-DATASET-004,MSN-MISFIRE-004,97.0,0.0312,61.222,MISFIRE,0.77,0.02,1875.2,0.989,LOW_RUL,PHYSICAL_FAULT,
2026-01-01 00:02:21+00:00,ENG-DATASET-004,MSN-MISFIRE-004,97.0,0.0312,76.3362,MISFIRE,0.61,0.02,1875.2,0.989,LOW_RUL,PHYSICAL_FAULT,
2026-01-01 00:02:22+00:00,ENG-DATASET-004,MSN-MISFIRE-004,97.0,0.0312,90.8502,MISFIRE,0.52,0.02,1875.2,0.989,LOW_RUL,PHYSICAL_FAULT,
2026-01-01 00:02:23+00:00,ENG-DATASET-004,MSN-MISFIRE-004,97.0,0.0312,104.7641,MISFIRE,0.45,0.02,1875.2,0.989,LOW_RUL,PHYSICAL_FAULT,
2026-01-01 00:02:24+00:00,ENG-DATASET-004,MSN-MISFIRE-004,96.95,0.0332,118.3729,MISFIRE,0.39,0.02,1867.2,0.988,LOW_RUL,PHYSICAL_FAULT,
2026-01-01 00:02:25+00:00,ENG-DATASET-004,MSN-MISFIRE-004,96.83,0.0332,132.0797,MISFIRE,0.35,0.02,1867.2,0.988,LOW_RUL,PHYSICAL_FAULT,
2026-01-01 00:02:26+00:00,ENG-DATASET-004,MSN-MISFIRE-004,96.83,0.0332,145.1523,MISFIRE,0.32,0.02,1867.2,0.988,LOW_RUL,PHYSICAL_FAULT,
2026-01-01 00:02:27+00:00,ENG-DATASET-004,MSN-MISFIRE-004,95.91,0.065,163.0203,MISFIRE,0.27,0.01,1740.0,0.976,LOW_RUL,PHYSICAL_FAULT,
2026-01-01 00:02:28+00:00,ENG-DATASET-004,MSN-MISFIRE-004,93.77,0.065,192.6995,MISFIRE,0.23,0.01,1740.0,0.976,LOW_RUL,PHYSICAL_FAULT,
2026-01-01 00:02:29+00:00,ENG-DATASET-004,MSN-MISFIRE-004,94.72,0.0319,215.5259,MISFIRE,0.22,0.01,1872.4,0.988,LOW_RUL,PHYSICAL_FAULT,
2026-01-01 00:02:30+00:00,ENG-DATASET-004,MSN-MISFIRE-004,96.94,0.0319,224.1943,MISFIRE,0.21,0.01,1872.4,0.988,LOW_RUL,PHYSICAL_FAULT,
2026-01-01 00:02:31+00:00,ENG-DATASET-004,MSN-MISFIRE-004,96.94,0.0319,232.2505,MISFIRE,0.2,0.01,1872.4,0.988,LOW_RUL,PHYSICAL_FAULT,
2026-01-01 00:02:32+00:00,ENG-DATASET-004,MSN-MISFIRE-004,96.9,0.0333,239.9306,MISFIRE,0.19,0.01,1866.8,0.988,LOW_RUL,PHYSICAL_FAULT,
2026-01-01 00:02:33+00:00,ENG-DATASET-004,MSN-MISFIRE-004,96.81,0.0333,247.5218,MISFIRE,0.19,0.01,1866.8,0.988,LOW_RUL,PHYSICAL_FAULT,
2026-01-01 00:02:34+00:00,ENG-DATASET-004,MSN-MISFIRE-004,95.76,0.0697,260.6714,MISFIRE,0.17,0.01,1721.2,0.975,LOW_RUL,PHYSICAL_FAULT,
2026-01-01 00:02:35+00:00,ENG-DATASET-004,MSN-MISFIRE-004,93.33,0.0697,287.3138,MISFIRE,0.15,0.01,1721.2,0.975,LOW_RUL,PHYSICAL_FAULT,
2026-01-01 00:02:36+00:00,ENG-DATASET-004,MSN-MISFIRE-004,93.33,0.0697,312.6218,MISFIRE,0.14,0.01,1721.2,0.975,LOW_RUL,PHYSICAL_FAULT,
2026-01-01 00:02:37+00:00,ENG-DATASET-004,MSN-MISFIRE-004,93.29,0.0712,336.8316,MISFIRE,0.13,0.01,1715.2,0.975,LOW_RUL,PHYSICAL_FAULT,
2026-01-01 00:02:38+00:00,ENG-DATASET-004,MSN-MISFIRE-004,93.2,0.0712,360.2301,MISFIRE,0.12,0.01,1715.2,0.975,LOW_RUL,PHYSICAL_FAULT,
2026-01-01 00:02:39+00:00,ENG-DATASET-004,MSN-MISFIRE-004,94.24,0.0348,376.1305,MISFIRE,0.12,0.01,1860.8,0.988,LOW_RUL,PHYSICAL_FAULT,
2026-01-01 00:02:40+00:00,ENG-DATASET-004,MSN-MISFIRE-004,95.6,0.0722,382.8523,MISFIRE,0.11,0.01,1711.2,0.975,LOW_RUL,PHYSICAL_FAULT,
2026-01-01 00:02:41+00:00,ENG-DATASET-004,MSN-MISFIRE-004,92.06,0.1084,409.5858,MISFIRE,0.1,0.01,1566.4,0.962,LOW_RUL,PHYSICAL_FAULT,
2026-01-01 00:02:42+00:00,ENG-DATASET-004,MSN-MISFIRE-004,89.59,0.1101,449.3078,MISFIRE,0.09,0.01,1559.6,0.962,LOW_RUL,PHYSICAL_FAULT,
2026-01-01 00:02:43+00:00,ENG-DATASET-004,MSN-MISFIRE-004,89.49,0.1101,487.5374,MISFIRE,0.08,0.01,1559.6,0.962,LOW_RUL,PHYSICAL_FAULT,
2026-01-01 00:02:44+00:00,ENG-DATASET-004,MSN-MISFIRE-004,89.49,0.1101,523.6645,MISFIRE,0.07,0.01,1559.6,0.962,LOW_RUL,PHYSICAL_FAULT,
2026-01-01 00:02:45+00:00,ENG-DATASET-004,MSN-MISFIRE-004,90.56,0.0726,551.3742,MISFIRE,0.08,0.01,1709.6,0.974,LOW_RUL,PHYSICAL_FAULT,
2026-01-01 00:02:46+00:00,ENG-DATASET-004,MSN-MISFIRE-004,93.02,0.0742,562.6773,MISFIRE,0.08,0.01,1703.2,0.974,LOW_RUL,PHYSICAL_FAULT,
2026-01-01 00:02:47+00:00,ENG-DATASET-004,MSN-MISFIRE-004,92.86,0.0761,573.5283,MISFIRE,0.07,0.01,1695.6,0.974,LOW_RUL,PHYSICAL_FAULT,
2026-01-01 00:02:48+00:00,ENG-DATASET-004,MSN-MISFIRE-004,91.58,0.1166,590.505,MISFIRE,0.06,0.01,1533.6,0.96,LOW_RUL,PHYSICAL_FAULT,
2026-01-01 00:02:49+00:00,ENG-DATASET-004,MSN-MISFIRE-004,88.88,0.1166,621.7317,MISFIRE,0.06,0.0,1533.6,0.96,LOW_RUL,PHYSICAL_FAULT,
2026-01-01 00:02:50+00:00,ENG-DATASET-004,MSN-MISFIRE-004,88.88,0.1166,650.7338,MISFIRE,0.06,0.0,1533.6,0.96,LOW_RUL,PHYSICAL_FAULT,
2026-01-01 00:02:51+00:00,ENG-DATASET-004,MSN-MISFIRE-004,89.97,0.0788,671.0784,MISFIRE,0.06,0.01,1684.8,0.973,LOW_RUL,PHYSICAL_FAULT,
2026-01-01 00:02:52+00:00,ENG-DATASET-004,MSN-MISFIRE-004,93.59,0.0405,668.0526,MISFIRE,0.07,0.01,1838.0,0.986,LOW_RUL,PHYSICAL_FAULT,
2026-01-01 00:02:53+00:00,ENG-DATASET-004,MSN-MISFIRE-004,97.3,0.0,641.8493,MISFIRE,0.08,0.01,2000.0,1.0,LOW_RUL,PHYSICAL_FAULT,
2026-01-01 00:02:54+00:00,ENG-DATASET-004,MSN-MISFIRE-004,98.74,0.0444,606.6075,MISFIRE,0.08,0.0,1822.4,0.986,LOW_RUL,PHYSICAL_FAULT,
2026-01-01 00:02:55+00:00,ENG-DATASET-004,MSN-MISFIRE-004,95.79,0.0444,588.5235,MISFIRE,0.08,0.0,1822.4,0.986,LOW_RUL,PHYSICAL_FAULT,
2026-01-01 00:02:56+00:00,ENG-DATASET-004,MSN-MISFIRE-004,94.6,0.0863,576.6202,MISFIRE,0.07,0.0,1654.8,0.971,LOW_RUL,PHYSICAL_FAULT,
2026-01-01 00:02:57+00:00,ENG-DATASET-004,MSN-MISFIRE-004,90.58,0.1292,587.3612,MISFIRE,0.06,0.0,1483.2,0.957,LOW_RUL,PHYSICAL_FAULT,
2026-01-01 00:02:58+00:00,ENG-DATASET-004,MSN-MISFIRE-004,87.73,0.1292,613.0373,MISFIRE,0.06,0.0,1483.2,0.957,LOW_RUL,PHYSICAL_FAULT,
2026-01-01 00:02:59+00:00,ENG-DATASET-004,MSN-MISFIRE-004,87.66,0.1317,636.6719,MISFIRE,0.06,0.0,1473.2,0.956,LOW_RUL,PHYSICAL_FAULT,
2026-01-01 00:03:00+00:00,ENG-DATASET-004,MSN-MISFIRE-004,86.87,0.151,662.5,MISFIRE,0.05,0.0,1396.0,0.942,LOW_RUL,PHYSICAL_FAULT,
2026-01-01 00:03:01+00:00,ENG-DATASET-004,MSN-MISFIRE-004,85.94,0.1351,691.19,MISFIRE,0.05,0.0,1459.6,0.956,LOW_RUL,PHYSICAL_FAULT,
2026-01-01 00:03:02+00:00,ENG-DATASET-004,MSN-MISFIRE-004,87.16,0.1362,709.8672,MISFIRE,0.05,0.0,1455.2,0.955,LOW_RUL,PHYSICAL_FAULT,
2026-01-01 00:03:03+00:00,ENG-DATASET-004,MSN-MISFIRE-004,86.92,0.1368,727.3921,MISFIRE,0.05,0.0,1452.8,0.94,LOW_RUL,PHYSICAL_FAULT,
2026-01-01 00:03:04+00:00,ENG-DATASET-004,MSN-MISFIRE-004,85.77,0.1367,749.0871,MISFIRE,0.05,0.0,1453.2,0.955,LOW_RUL,PHYSICAL_FAULT,
2026-01-01 00:03:05+00:00,ENG-DATASET-004,MSN-MISFIRE-004,88.25,0.094,753.2992,MISFIRE,0.05,0.0,1624.0,0.97,LOW_RUL,PHYSICAL_FAULT,
2026-01-01 00:03:06+00:00,ENG-DATASET-004,MSN-MISFIRE-004,89.85,0.1374,745.7181,MISFIRE,0.05,0.0,1450.4,0.954,LOW_RUL,PHYSICAL_FAULT,
2026-01-01 00:03:07+00:00,ENG-DATASET-004,MSN-MISFIRE-004,88.18,0.0947,745.9622,MISFIRE,0.05,0.0,1621.2,0.969,LOW_RUL,PHYSICAL_FAULT,
2026-01-01 00:03:08+00:00,ENG-DATASET-004,MSN-MISFIRE-004,90.97,0.0972,727.376,MISFIRE,0.06,0.0,1611.2,0.969,LOW_RUL,PHYSICAL_FAULT,
2026-01-01 00:03:09+00:00,ENG-DATASET-004,MSN-MISFIRE-004,90.81,0.0972,711.2226,MISFIRE,0.06,0.0,1611.2,0.969,LOW_RUL,PHYSICAL_FAULT,
2026-01-01 00:03:10+00:00,ENG-DATASET-004,MSN-MISFIRE-004,89.6,0.1388,708.2287,MISFIRE,0.05,0.0,1444.8,0.953,LOW_RUL,PHYSICAL_FAULT,
2026-01-01 00:03:11+00:00,ENG-DATASET-004,MSN-MISFIRE-004,87.08,0.1275,718.3886,MISFIRE,0.05,0.0,1490.0,0.953,LOW_RUL,PHYSICAL_FAULT,
2026-01-01 00:03:12+00:00,ENG-DATASET-004,MSN-MISFIRE-004,86.55,0.1409,729.4536,MISFIRE,0.05,0.0,1436.4,0.937,LOW_RUL,PHYSICAL_FAULT,
2026-01-01 00:03:13+00:00,ENG-DATASET-004,MSN-MISFIRE-004,85.37,0.1397,745.154,MISFIRE,0.05,0.0,1441.2,0.953,LOW_RUL,PHYSICAL_FAULT,
2026-01-01 00:03:14+00:00,ENG-DATASET-004,MSN-MISFIRE-004,86.33,0.1473,749.3291,MISFIRE,0.05,0.0,1410.8,0.933,LOW_RUL,PHYSICAL_FAULT,
2026-01-01 00:03:15+00:00,ENG-DATASET-004,MSN-MISFIRE-004,84.12,0.1642,756.3171,MISFIRE,0.04,0.0,1343.2,0.922,LOW_RUL,PHYSICAL_FAULT,
2026-01-01 00:03:16+00:00,ENG-DATASET-004,MSN-MISFIRE-004,83.3,0.1588,764.9675,MISFIRE,0.04,0.0,1364.8,0.938,LOW_RUL,PHYSICAL_FAULT,
2026-01-01 00:03:17+00:00,ENG-DATASET-004,MSN-MISFIRE-004,85.48,0.1319,757.4114,MISFIRE,0.05,0.0,1472.4,0.954,LOW_RUL,PHYSICAL_FAULT,
2026-01-01 00:03:18+00:00,ENG-DATASET-004,MSN-MISFIRE-004,87.41,0.1319,735.5603,MISFIRE,0.05,0.0,1472.4,0.954,LOW_RUL,PHYSICAL_FAULT,
2026-01-01 00:03:19+00:00,ENG-DATASET-004,MSN-MISFIRE-004,86.82,0.1525,720.164,MISFIRE,0.05,0.0,1390.0,0.947,LOW_RUL,PHYSICAL_FAULT,
2026-01-01 00:03:20+00:00,ENG-DATASET-004,MSN-MISFIRE-004,87.5,0.0812,711.1115,MISFIRE,0.06,0.0,1675.2,0.973,LOW_RUL,PHYSICAL_FAULT,
2026-01-01 00:03:21+00:00,ENG-DATASET-004,MSN-MISFIRE-004,90.09,0.1567,684.8732,MISFIRE,0.05,0.0,1373.2,0.943,LOW_RUL,PHYSICAL_FAULT,
2026-01-01 00:03:22+00:00,ENG-DATASET-004,MSN-MISFIRE-004,83.93,0.1872,693.6067,MISFIRE,0.05,0.0,1251.2,0.913,LOW_RUL,PHYSICAL_FAULT,
2026-01-01 00:03:23+00:00,ENG-DATASET-004,MSN-MISFIRE-004,79.97,0.2216,723.0959,MISFIRE,0.04,0.0,1113.6,0.882,LOW_RUL,PHYSICAL_FAULT,
2026-01-01 00:03:24+00:00,ENG-DATASET-004,MSN-MISFIRE-004,77.01,0.2257,766.952,MISFIRE,0.04,0.0,1097.2,0.878,LOW_RUL,PHYSICAL_FAULT,
2026-01-01 00:03:25+00:00,ENG-DATASET-004,MSN-MISFIRE-004,75.53,0.2603,816.2857,MISFIRE,0.03,0.0,958.8,0.848,LOW_RUL,PHYSICAL_FAULT,
2026-01-01 00:03:26+00:00,ENG-DATASET-004,MSN-MISFIRE-004,72.72,0.2605,877.9419,MISFIRE,0.03,0.0,958.0,0.847,LOW_RUL,PHYSICAL_FAULT,
2026-01-01 00:03:27+00:00,ENG-DATASET-004,MSN-MISFIRE-004,73.64,0.234,934.9587,MISFIRE,0.03,0.0,1064.0,0.878,LOW_RUL,PHYSICAL_FAULT,
2026-01-01 00:03:28+00:00,ENG-DATASET-004,MSN-MISFIRE-004,76.63,0.2265,982.932,MISFIRE,0.03,0.0,1094.0,0.877,LOW_RUL,PHYSICAL_FAULT,
2026-01-01 00:03:29+00:00,ENG-DATASET-004,MSN-MISFIRE-004,76.59,0.2268,1021.9159,MISFIRE,0.03,0.0,1092.8,0.877,LOW_RUL,PHYSICAL_FAULT,
2026-01-01 00:03:30+00:00,ENG-DATASET-004,MSN-MISFIRE-004,77.57,0.1982,1037.9433,MISFIRE,0.03,0.0,1207.2,0.907,LOW_RUL,PHYSICAL_FAULT,
2026-01-01 00:03:31+00:00,ENG-DATASET-004,MSN-MISFIRE-004,81.57,0.1617,1026.4891,MISFIRE,0.03,0.0,1353.2,0.937,LOW_RUL,PHYSICAL_FAULT,
2026-01-01 00:03:32+00:00,ENG-DATASET-004,MSN-MISFIRE-004,84.37,0.1617,995.6796,MISFIRE,0.03,0.0,1353.2,0.937,LOW_RUL,PHYSICAL_FAULT,
2026-01-01 00:03:33+00:00,ENG-DATASET-004,MSN-MISFIRE-004,86.58,0.0864,949.8699,MISFIRE,0.04,0.0,1654.4,0.969,LOW_RUL,PHYSICAL_FAULT,
2026-01-01 00:03:34+00:00,ENG-DATASET-004,MSN-MISFIRE-004,91.68,0.0878,878.322,MISFIRE,0.05,0.0,1648.8,0.968,LOW_RUL,PHYSICAL_FAULT,
2026-01-01 00:03:35+00:00,ENG-DATASET-004,MSN-MISFIRE-004,89.4,0.1628,834.2407,MISFIRE,0.04,0.0,1348.8,0.938,LOW_RUL,PHYSICAL_FAULT,
2026-01-01 00:03:36+00:00,ENG-DATASET-004,MSN-MISFIRE-004,83.21,0.1944,825.9044,MISFIRE,0.04,0.0,1222.4,0.907,LOW_RUL,PHYSICAL_FAULT,
2026-01-01 00:03:37+00:00,ENG-DATASET-004,MSN-MISFIRE-004,79.13,0.23,839.8663,MISFIRE,0.03,0.0,1080.0,0.874,LOW_RUL,PHYSICAL_FAULT,
2026-01-01 00:03:38+00:00,ENG-DATASET-004,MSN-MISFIRE-004,75.01,0.2658,875.8593,MISFIRE,0.03,0.0,936.8,0.842,LOW_RUL,PHYSICAL_FAULT,
2026-01-01 00:03:39+00:00,ENG-DATASET-004,MSN-MISFIRE-004,72.05,0.2664,919.3364,MISFIRE,0.03,0.0,934.4,0.841,LOW_RUL,PHYSICAL_FAULT,
2026-01-01 00:03:40+00:00,ENG-DATASET-004,MSN-MISFIRE-004,72.98,0.2389,944.5874,MISFIRE,0.03,0.0,1044.4,0.872,LOW_RUL,PHYSICAL_FAULT,
2026-01-01 00:03:41+00:00,ENG-DATASET-004,MSN-MISFIRE-004,76.02,0.2318,968.9722,MISFIRE,0.03,0.0,1072.8,0.871,LOW_RUL,PHYSICAL_FAULT,
2026-01-01 00:03:42+00:00,ENG-DATASET-004,MSN-MISFIRE-004,77.01,0.2021,999.3766,MISFIRE,0.03,0.0,1191.6,0.903,LOW_RUL,PHYSICAL_FAULT,
2026-01-01 00:03:43+00:00,ENG-DATASET-004,MSN-MISFIRE-004,81.18,0.1643,1003.2647,MISFIRE,0.03,0.0,1342.8,0.936,LOW_RUL,PHYSICAL_FAULT,
2026-01-01 00:03:44+00:00,ENG-DATASET-004,MSN-MISFIRE-004,86.35,0.088,974.9788,MISFIRE,0.04,0.0,1648.0,0.968,LOW_RUL,PHYSICAL_FAULT,
2026-01-01 00:03:45+00:00,ENG-DATASET-004,MSN-MISFIRE-004,89.3,0.1654,922.1261,MISFIRE,0.04,0.0,1338.4,0.936,LOW_RUL,PHYSICAL_FAULT,
2026-01-01 00:03:46+00:00,ENG-DATASET-004,MSN-MISFIRE-004,83.99,0.1663,885.3489,MISFIRE,0.04,0.0,1334.8,0.935,LOW_RUL,PHYSICAL_FAULT,
2026-01-01 00:03:47+00:00,ENG-DATASET-004,MSN-MISFIRE-004,83.92,0.1663,848.1546,MISFIRE,0.04,0.0,1334.8,0.935,LOW_RUL,PHYSICAL_FAULT,
2026-01-01 00:03:48+00:00,ENG-DATASET-004,MSN-MISFIRE-004,83.92,0.1663,816.9819,MISFIRE,0.04,0.0,1334.8,0.935,LOW_RUL,PHYSICAL_FAULT,
2026-01-01 00:03:49+00:00,ENG-DATASET-004,MSN-MISFIRE-004,82.6,0.206,808.5416,MISFIRE,0.04,0.0,1176.0,0.901,LOW_RUL,PHYSICAL_FAULT,
2026-01-01 00:03:50+00:00,ENG-DATASET-004,MSN-MISFIRE-004,79.5,0.2069,817.14,MISFIRE,0.04,0.0,1172.4,0.9,LOW_RUL,PHYSICAL_FAULT,
2026-01-01 00:03:51+00:00,ENG-DATASET-004,MSN-MISFIRE-004,80.72,0.1678,810.011,MISFIRE,0.04,0.0,1328.8,0.933,LOW_RUL,PHYSICAL_FAULT,
2026-01-01 00:03:52+00:00,ENG-DATASET-004,MSN-MISFIRE-004,82.39,0.2081,769.0876,MISFIRE,0.04,0.0,1167.6,0.898,LOW_RUL,PHYSICAL_FAULT,
2026-01-01 00:03:53+00:00,ENG-DATASET-004,MSN-MISFIRE-004,77.9,0.2485,729.7847,MISFIRE,0.03,0.0,1006.0,0.862,LOW_RUL,PHYSICAL_FAULT,
2026-01-01 00:03:54+00:00,ENG-DATASET-004,MSN-MISFIRE-004,76.06,0.2088,688.6733,MISFIRE,0.04,0.0,1164.8,0.896,LOW_RUL,PHYSICAL_FAULT,
2026-01-01 00:03:55+00:00,ENG-DATASET-004,MSN-MISFIRE-004,80.45,0.1689,635.1164,MISFIRE,0.05,0.0,1324.4,0.929,LOW_RUL,PHYSICAL_FAULT,
2026-01-01 00:03:56+00:00,ENG-DATASET-004,MSN-MISFIRE-004,83.52,0.1689,567.6337,MISFIRE,0.06,0.0,1324.4,0.929,LOW_RUL,PHYSICAL_FAULT,
2026-01-01 00:03:57+00:00,ENG-DATASET-004,MSN-MISFIRE-004,83.49,0.1697,522.6402,MISFIRE,0.06,0.0,1321.2,0.928,LOW_RUL,PHYSICAL_FAULT,
2026-01-01 00:03:58+00:00,ENG-DATASET-004,MSN-MISFIRE-004,83.39,0.1705,494.2083,MISFIRE,0.07,0.0,1318.0,0.927,LOW_RUL,PHYSICAL_FAULT,
2026-01-01 00:03:59+00:00,ENG-DATASET-004,MSN-MISFIRE-004,81.96,0.2119,473.7746,MISFIRE,0.06,0.0,1152.4,0.892,LOW_RUL,PHYSICAL_FAULT,
2026-01-01 00:04:00+00:00,ENG-DATASET-004,MSN-MISFIRE-004,77.33,0.2556,484.3455,MISFIRE,0.05,0.0,977.6,0.857,LOW_RUL,PHYSICAL_FAULT,
2026-01-01 00:04:01+00:00,ENG-DATASET-004,MSN-MISFIRE-004,72.62,0.2993,526.4792,MISFIRE,0.04,0.0,802.8,0.828,LOW_RUL,PHYSICAL_FAULT,
2026-01-01 00:04:02+00:00,ENG-DATASET-004,MSN-MISFIRE-004,70.92,0.2503,568.5369,MISFIRE,0.04,0.0,998.8,0.857,LOW_RUL,PHYSICAL_FAULT,
2026-01-01 00:04:03+00:00,ENG-DATASET-004,MSN-MISFIRE-004,73.7,0.2605,592.4036,MISFIRE,0.04,0.0,958.0,0.856,LOW_RUL,PHYSICAL_FAULT,
2026-01-01 00:04:04+00:00,ENG-DATASET-004,MSN-MISFIRE-004,73.47,0.2628,621.9998,MISFIRE,0.04,0.0,948.8,0.855,LOW_RUL,PHYSICAL_FAULT,
2026-01-01 00:04:05+00:00,ENG-DATASET-004,MSN-MISFIRE-004,73.34,0.2625,634.7703,MISFIRE,0.04,0.0,950.0,0.856,LOW_RUL,PHYSICAL_FAULT,
2026-01-01 00:04:06+00:00,ENG-DATASET-004,MSN-MISFIRE-004,73.37,0.2621,634.6183,MISFIRE,0.04,0.0,951.6,0.856,LOW_RUL,PHYSICAL_FAULT,
2026-01-01 00:04:07+00:00,ENG-DATASET-004,MSN-MISFIRE-004,72.05,0.3053,649.1493,MISFIRE,0.03,0.0,778.8,0.829,LOW_RUL,PHYSICAL_FAULT,
2026-01-01 00:04:08+00:00,ENG-DATASET-004,MSN-MISFIRE-004,68.93,0.3049,661.8428,MISFIRE,0.03,0.0,780.4,0.829,LOW_RUL,PHYSICAL_FAULT,
2026-01-01 00:04:09+00:00,ENG-DATASET-004,MSN-MISFIRE-004,68.97,0.3043,670.8674,MISFIRE,0.03,0.0,782.8,0.829,LOW_RUL,PHYSICAL_FAULT,
2026-01-01 00:04:10+00:00,ENG-DATASET-004,MSN-MISFIRE-004,69.02,0.3038,682.6106,MISFIRE,0.03,0.0,784.8,0.829,LOW_RUL,PHYSICAL_FAULT,
2026-01-01 00:04:11+00:00,ENG-DATASET-004,MSN-MISFIRE-004,69.07,0.3032,705.3179,MISFIRE,0.03,0.0,787.2,0.83,LOW_RUL,PHYSICAL_FAULT,
2026-01-01 00:04:12+00:00,ENG-DATASET-004,MSN-MISFIRE-004,69.13,0.3027,727.302,MISFIRE,0.03,0.0,789.2,0.83,LOW_RUL,PHYSICAL_FAULT,
2026-01-01 00:04:13+00:00,ENG-DATASET-004,MSN-MISFIRE-004,69.18,0.3021,752.7061,MISFIRE,0.03,0.0,791.6,0.83,LOW_RUL,PHYSICAL_FAULT,
2026-01-01 00:04:14+00:00,ENG-DATASET-004,MSN-MISFIRE-004,69.24,0.3015,768.6595,MISFIRE,0.03,0.0,794.0,0.83,LOW_RUL,PHYSICAL_FAULT,
2026-01-01 00:04:15+00:00,ENG-DATASET-004,MSN-MISFIRE-004,69.29,0.3009,794.3837,MISFIRE,0.03,0.0,796.4,0.83,LOW_RUL,PHYSICAL_FAULT,
2026-01-01 00:04:16+00:00,ENG-DATASET-004,MSN-MISFIRE-004,69.34,0.3004,821.8493,MISFIRE,0.02,0.0,798.4,0.83,LOW_RUL,PHYSICAL_FAULT,
2026-01-01 00:04:17+00:00,ENG-DATASET-004,MSN-MISFIRE-004,69.39,0.2999,832.9254,MISFIRE,0.02,0.0,800.4,0.831,LOW_RUL,PHYSICAL_FAULT,
2026-01-01 00:04:18+00:00,ENG-DATASET-004,MSN-MISFIRE-004,69.44,0.2994,828.7112,MISFIRE,0.02,0.0,802.4,0.831,LOW_RUL,PHYSICAL_FAULT,
2026-01-01 00:04:19+00:00,ENG-DATASET-004,MSN-MISFIRE-004,69.48,0.299,824.266,MISFIRE,0.02,0.0,804.0,0.831,LOW_RUL,PHYSICAL_FAULT,
2026-01-01 00:04:20+00:00,ENG-DATASET-004,MSN-MISFIRE-004,69.52,0.2986,811.9665,MISFIRE,0.02,0.0,805.6,0.831,LOW_RUL,PHYSICAL_FAULT,
2026-01-01 00:04:21+00:00,ENG-DATASET-004,MSN-MISFIRE-004,69.56,0.2983,780.0307,MISFIRE,0.03,0.0,806.8,0.831,LOW_RUL,PHYSICAL_FAULT,
2026-01-01 00:04:22+00:00,ENG-DATASET-004,MSN-MISFIRE-004,69.59,0.298,781.3971,MISFIRE,0.03,0.0,808.0,0.831,LOW_RUL,PHYSICAL_FAULT,
2026-01-01 00:04:23+00:00,ENG-DATASET-004,MSN-MISFIRE-004,69.61,0.2978,803.9393,MISFIRE,0.03,0.0,808.8,0.831,LOW_RUL,PHYSICAL_FAULT,
2026-01-01 00:04:24+00:00,ENG-DATASET-004,MSN-MISFIRE-004,69.63,0.2977,842.352,MISFIRE,0.02,0.0,809.2,0.831,LOW_RUL,PHYSICAL_FAULT,
2026-01-01 00:04:25+00:00,ENG-DATASET-004,MSN-MISFIRE-004,69.64,0.2976,888.2597,MISFIRE,0.02,0.0,809.6,0.831,LOW_RUL,PHYSICAL_FAULT,
2026-01-01 00:04:26+00:00,ENG-DATASET-004,MSN-MISFIRE-004,70.98,0.2557,942.2267,MISFIRE,0.03,0.0,977.2,0.861,LOW_RUL,PHYSICAL_FAULT,
2026-01-01 00:04:27+00:00,ENG-DATASET-004,MSN-MISFIRE-004,74.08,0.2557,971.937,MISFIRE,0.03,0.0,977.2,0.861,LOW_RUL,PHYSICAL_FAULT,
2026-01-01 00:04:28+00:00,ENG-DATASET-004,MSN-MISFIRE-004,75.47,0.2139,975.2879,MISFIRE,0.03,0.0,1144.4,0.896,LOW_RUL,PHYSICAL_FAULT,
2026-01-01 00:04:29+00:00,ENG-DATASET-004,MSN-MISFIRE-004,78.69,0.214,959.6476,MISFIRE,0.03,0.0,1144.0,0.896,LOW_RUL,PHYSICAL_FAULT,
2026-01-01 00:04:30+00:00,ENG-DATASET-004,MSN-MISFIRE-004,80.05,0.1722,930.4215,MISFIRE,0.04,0.0,1311.2,0.93,LOW_RUL,PHYSICAL_FAULT,
2026-01-01 00:04:31+00:00,ENG-DATASET-004,MSN-MISFIRE-004,81.86,0.2143,866.6027,MISFIRE,0.03,0.0,1142.8,0.894,LOW_RUL,PHYSICAL_FAULT,
2026-01-01 00:04:32+00:00,ENG-DATASET-004,MSN-MISFIRE-004,78.59,0.2147,805.0556,MISFIRE,0.04,0.0,1141.2,0.894,LOW_RUL,PHYSICAL_FAULT,
2026-01-01 00:04:33+00:00,ENG-DATASET-004,MSN-MISFIRE-004,77.17,0.257,737.2478,MISFIRE,0.03,0.0,972.0,0.858,LOW_RUL,PHYSICAL_FAULT,
2026-01-01 00:04:34+00:00,ENG-DATASET-004,MSN-MISFIRE-004,73.89,0.2574,655.7962,MISFIRE,0.04,0.0,970.4,0.858,LOW_RUL,PHYSICAL_FAULT,
2026-01-01 00:04:35+00:00,ENG-DATASET-004,MSN-MISFIRE-004,73.86,0.2574,584.8745,MISFIRE,0.04,0.0,970.4,0.858,LOW_RUL,PHYSICAL_FAULT,
2026-01-01 00:04:36+00:00,ENG-DATASET-004,MSN-MISFIRE-004,73.84,0.2579,548.7314,MISFIRE,0.04,0.0,968.4,0.858,LOW_RUL,PHYSICAL_FAULT,
2026-01-01 00:04:37+00:00,ENG-DATASET-004,MSN-MISFIRE-004,73.78,0.2585,535.9629,MISFIRE,0.05,0.0,966.0,0.857,LOW_RUL,PHYSICAL_FAULT,
2026-01-01 00:04:38+00:00,ENG-DATASET-004,MSN-MISFIRE-004,75.14,0.2161,539.2368,MISFIRE,0.05,0.0,1135.6,0.892,LOW_RUL,PHYSICAL_FAULT,
2026-01-01 00:04:39+00:00,ENG-DATASET-004,MSN-MISFIRE-004,78.24,0.2215,542.3026,MISFIRE,0.05,0.0,1114.0,0.89,LOW_RUL,PHYSICAL_FAULT,
2026-01-01 00:04:40+00:00,ENG-DATASET-004,MSN-MISFIRE-004,76.32,0.2695,552.2634,MISFIRE,0.04,0.0,922.0,0.854,LOW_RUL,PHYSICAL_FAULT,
2026-01-01 00:04:41+00:00,ENG-DATASET-004,MSN-MISFIRE-004,72.55,0.2751,566.5924,MISFIRE,0.04,0.0,899.6,0.853,LOW_RUL,PHYSICAL_FAULT,
2026-01-01 00:04:42+00:00,ENG-DATASET-004,MSN-MISFIRE-004,73.59,0.2323,568.0488,MISFIRE,0.05,0.0,1070.8,0.886,LOW_RUL,PHYSICAL_FAULT,
2026-01-01 00:04:43+00:00,ENG-DATASET-004,MSN-MISFIRE-004,76.82,0.2323,524.3146,MISFIRE,0.05,0.0,1070.8,0.886,LOW_RUL,PHYSICAL_FAULT,
2026-01-01 00:04:44+00:00,ENG-DATASET-004,MSN-MISFIRE-004,76.79,0.2332,448.3395,MISFIRE,0.06,0.0,1067.2,0.885,LOW_RUL,PHYSICAL_FAULT,
2026-01-01 00:04:45+00:00,ENG-DATASET-004,MSN-MISFIRE-004,76.7,0.2341,352.9831,MISFIRE,0.08,0.0,1063.6,0.884,LOW_RUL,PHYSICAL_FAULT,
2026-01-01 00:04:46+00:00,ENG-DATASET-004,MSN-MISFIRE-004,76.61,0.2349,288.037,MISFIRE,0.09,0.0,1060.4,0.884,LOW_RUL,PHYSICAL_FAULT,
2026-01-01 00:04:47+00:00,ENG-DATASET-004,MSN-MISFIRE-004,76.54,0.2349,222.4548,MISFIRE,0.12,0.0,1060.4,0.884,LOW_RUL,PHYSICAL_FAULT,
2026-01-01 00:04:48+00:00,ENG-DATASET-004,MSN-MISFIRE-004,75.0,0.284,164.4847,MISFIRE,0.13,0.0,864.0,0.851,LOW_RUL,PHYSICAL_FAULT,
2026-01-01 00:04:49+00:00,ENG-DATASET-004,MSN-MISFIRE-004,72.92,0.2352,125.0597,MISFIRE,0.21,0.0,1059.2,0.883,LOW_RUL,PHYSICAL_FAULT,
2026-01-01 00:04:50+00:00,ENG-DATASET-004,MSN-MISFIRE-004,78.07,0.1864,72.2201,MISFIRE,0.43,0.0,1254.4,0.921,LOW_RUL,PHYSICAL_FAULT,
2026-01-01 00:04:51+00:00,ENG-DATASET-004,MSN-MISFIRE-004,81.78,0.1864,0.0,MISFIRE,,,,0.921,UNRELIABLE,PHYSICAL_FAULT,
2026-01-01 00:04:52+00:00,ENG-DATASET-004,MSN-MISFIRE-004,80.16,0.2354,0.0,MISFIRE,,,,0.88,UNRELIABLE,PHYSICAL_FAULT,
2026-01-01 00:04:53+00:00,ENG-DATASET-004,MSN-MISFIRE-004,76.41,0.2352,0.0,MISFIRE,,,,0.881,UNRELIABLE,PHYSICAL_FAULT,
2026-01-01 00:04:54+00:00,ENG-DATASET-004,MSN-MISFIRE-004,74.92,0.284,0.0,MISFIRE,,,,0.851,UNRELIABLE,PHYSICAL_FAULT,
2026-01-01 00:04:55+00:00,ENG-DATASET-004,MSN-MISFIRE-004,69.93,0.3326,0.0,MISFIRE,,,,0.826,UNRELIABLE,PHYSICAL_FAULT,
2026-01-01 00:04:56+00:00,ENG-DATASET-004,MSN-MISFIRE-004,66.51,0.3319,0.0,MISFIRE,,,,0.826,UNRELIABLE,PHYSICAL_FAULT,
2026-01-01 00:04:57+00:00,ENG-DATASET-004,MSN-MISFIRE-004,66.58,0.3311,0.0,MISFIRE,,,,0.826,UNRELIABLE,PHYSICAL_FAULT,
2026-01-01 00:04:58+00:00,ENG-DATASET-004,MSN-MISFIRE-004,66.65,0.3303,0.0,MISFIRE,,,,0.826,UNRELIABLE,PHYSICAL_FAULT,
2026-01-01 00:04:59+00:00,ENG-DATASET-004,MSN-MISFIRE-004,66.73,0.3293,0.0,MISFIRE,,,,0.826,UNRELIABLE,PHYSICAL_FAULT,
2026-01-01 00:05:00+00:00,ENG-DATASET-004,MSN-MISFIRE-004,68.26,0.2807,0.0,MISFIRE,,,,0.852,UNRELIABLE,PHYSICAL_FAULT,
