timestamp,engineId,missionId,health,degradation,degradationRatePerHour,dominantMechanism,rulHours,rulLowerBoundHours,rulUpperBoundHours,rulConfidence,rulStatus,diagnosticType,affectedSensor
2026-01-01 00:00:01+00:00,ENG-DATASET-000,MSN-SENSOR_DRIFT-000,100.0,0.0,0.0,HEALTHY,,,,0.05,INSUFFICIENT_HISTORY,NORMAL,
2026-01-01 00:00:02+00:00,ENG-DATASET-000,MSN-SENSOR_DRIFT-000,100.0,0.0,0.0,HEALTHY,,,,0.1,INSUFFICIENT_HISTORY,NORMAL,
2026-01-01 00:00:03+00:00,ENG-DATASET-000,MSN-SENSOR_DRIFT-000,100.0,0.0,0.0,HEALTHY,,,,0.15,INSUFFICIENT_HISTORY,NORMAL,
2026-01-01 00:00:04+00:00,ENG-DATASET-000,MSN-SENSOR_DRIFT-000,100.0,0.0,0.0,HEALTHY,,,,0.2,INSUFFICIENT_HISTORY,NORMAL,
2026-01-01 00:00:05+00:00,ENG-DATASET-000,MSN-SENSOR_DRIFT-000,100.0,0.0,0.0,HEALTHY,,,,0.25,STABLE,NORMAL,
2026-01-01 00:00:06+00:00,ENG-DATASET-000,MSN-SENSOR_DRIFT-000,100.0,0.0,0.0,HEALTHY,,,,0.3,STABLE,NORMAL,
2026-01-01 00:00:07+00:00,ENG-DATASET-000,MSN-SENSOR_DRIFT-000,100.0,0.0,0.0,HEALTHY,,,,0.35,STABLE,NORMAL,
2026-01-01 00:00:08+00:00,ENG-DATASET-000,MSN-SENSOR_DRIFT-000,100.0,0.0,0.0,HEALTHY,,,,0.4,STABLE,NORMAL,
2026-01-01 00:00:09+00:00,ENG-DATASET-000,MSN-SENSOR_DRIFT-000,100.0,0.0,0.0,HEALTHY,,,,0.45,STABLE,NORMAL,
2026-01-01 00:00:10+00:00,ENG-DATASET-000,MSN-SENSOR_DRIFT-000,100.0,0.0,0.0,HEALTHY,,,,0.5,STABLE,NORMAL,
2026-01-01 00:00:11+00:00,ENG-DATASET-000,MSN-SENSOR_DRIFT-000,100.0,0.0,0.0,HEALTHY,,,,0.55,STABLE,NORMAL,
2026-01-01 00:00:12+00:00,ENG-DATASET-000,MSN-SENSOR_DRIFT-000,100.0,0.0,0.0,HEALTHY,,,,0.6,STABLE,NORMAL,
2026-01-01 00:00:13+00:00,ENG-DATASET-000,MSN-SENSOR_DRIFT-000,100.0,0.0,0.0,HEALTHY,,,,0.65,STABLE,NORMAL,
2026-01-01 00:00:14+00:00,ENG-DATASET-000,MSN-SENSOR_DRIFT-000,100.0,0.0,0.0,HEALTHY,,,,0.7,STABLE,NORMAL,
2026-01-01 00:00:15+00:00,ENG-DATASET-000,MSN-SENSOR_DRIFT-000,100.0,0.0,0.0,HEALTHY,,,,0.75,STABLE,NORMAL,
2026-01-01 00:00:16+00:00,ENG-DATASET-000,MSN-SENSOR_DRIFT-000,100.0,0.0,0.0,HEALTHY,,,,0.8,STABLE,NORMAL,
2026-01-01 00:00:17+00:00,ENG-DATASET-000,MSN-SENSOR_DRIFT-000,100.0,0.0,0.0,HEALTHY,,,,0.85,STABLE,NORMAL,
2026-01-01 00:00:18+00:00,ENG-DATASET-000,MSN-SENSOR_DRIFT-000,100.0,0.0,0.0,HEALTHY,,,,0.9,STABLE,NORMAL,
2026-01-01 00:00:19+00:00,ENG-DATASET-000,MSN-SENSOR_DRIFT-000,100.0,0.0,0.0,HEALTHY,,,,0.95,STABLE,NORMAL,
2026-01-01 00:00:20+00:00,ENG-DATASET-000,MSN-SENSOR_DRIFT-000,100.0,0.0,0.0,HEALTHY,,,,1.0,STABLE,NORMAL,
2026-01-01 00:00:21+00:00,ENG-DATASET-000,MSN-SENSOR_DRIFT-000,100.0,0.0,0.0,HEALTHY,,,,1.0,STABLE,NORMAL,
2026-01-01 00:00:22+00:00,ENG-DATASET-000,MSN-SENSOR_DRIFT-000,100.0,0.0,0.0,HEALTHY,,,,1.0,STABLE,NORMAL,
2026-01-01 00:00:23+00:00,ENG-DATASET-000,MSN-SENSOR_DRIFT-000,100.0,0.0,0.0,HEALTHY,,,,1.0,STABLE,NORMAL,
2026-01-01 00:00:24+00:00,ENG-DATASET-000,MSN-SENSOR_DRIFT-000,100.0,0.0,0.0,HEALTHY,,,,1.0,STABLE,NORMAL,
2026-01-01 00:00:25+00:00,ENG-DATASET-000,MSN-SENSOR_DRIFT-000,100.0,0.0,0.0,HEALTHY,,,,1.0,STABLE,NORMAL,
2026-01-01 00:00:26+00:00,ENG-DATASET-000,MSN-SENSOR_DRIFT-000,100.0,0.0,0.0,HEALTHY,,,,1.0,STABLE,NORMAL,
2026-01-01 00:00:27+00:00,ENG-DATASET-000,MSN-SENSOR_DRIFT-000,100.0,0.0,0.0,HEALTHY,,,,1.0,STABLE,NORMAL,
2026-01-01 00:00:28+00:00,ENG-DATASET-000,MSN-SENSOR_DRIFT-000,100.0,0.0,0.0,HEALTHY,,,,1.0,STABLE,NORMAL,
2026-01-01 00:00:29+00:00,ENG-DATASET-000,MSN-SENSOR_DRIFT-000,100.0,0.0,0.0,HEALTHY,,,,1.0,STABLE,NORMAL,
2026-01-01 00:00:30+00:00,ENG-DATASET-000,MSN-SENSOR_DRIFT-000,100.0,0.0,0.0,HEALTHY,,,,1.0,STABLE,NORMAL,
2026-01-01 00:00:31+00:00,ENG-DATASET-000,MSN-SENSOR_DRIFT-000,100.0,0.0,0.0,HEALTHY,,,,1.0,STABLE,NORMAL,
2026-01-01 00:00:32+00:00,ENG-DATASET-000,MSN-SENSOR_DRIFT-000,100.0,0.0,0.0,HEALTHY,,,,1.0,STABLE,NORMAL,
2026-01-01 00:00:33+00:00,ENG-DATASET-000,MSN-SENSOR_DRIFT-000,100.0,0.0,0.0,HEALTHY,,,,1.0,STABLE,NORMAL,
2026-01-01 00:00:34+00:00,ENG-DATASET-000,MSN-SENSOR_DRIFT-000,100.0,0.0,0.0,HEALTHY,,,,1.0,STABLE,NORMAL,
2026-01-01 00:00:35+00:00,ENG-DATASET-000,MSN-SENSOR_DRIFT-000,100.0,0.0,0.0,HEALTHY,,,,1.0,STABLE,NORMAL,
2026-01-01 00:00:36+00:00,ENG-DATASET-000,MSN-SENSOR_DRIFT-000,100.0,0.0,0.0,HEALTHY,,,,1.0,STABLE,NORMAL,
2026-01-01 00:00:37+00:00,ENG-DATASET-000,MSN-SENSOR_DRIFT-000,100.0,0.0,0.0,HEALTHY,,,,1.0,STABLE,NORMAL,
2026-01-01 00:00:38+00:00,ENG-DATASET-000,MSN-SENSOR_DRIFT-000,100.0,0.0,0.0,HEALTHY,,,,1.0,STABLE,NORMAL,
2026-01-01 00:00:39+00:00,ENG-DATASET-000,MSN-SENSOR_DRIFT-000,100.0,0.0,0.0,HEALTHY,,,,1.0,STABLE,NORMAL,
2026-01-01 00:00:40+00:00,ENG-DATASET-000,MSN-SENSOR_DRIFT-000,100.0,0.0,0.0,HEALTHY,,,,1.0,STABLE,NORMAL,
2026-01-01 00:00:41+00:00,ENG-DATASET-000,MSN-SENSOR_DRIFT-000,100.0,0.0,0.0,HEALTHY,,,,1.0,STABLE,NORMAL,
2026-01-01 00:00:42+00:00,ENG-DATASET-000,MSN-SENSOR_DRIFT-000,100.0,0.0,0.0,HEALTHY,,,,1.0,STABLE,NORMAL,
2026-01-01 00:00:43+00:00,ENG-DATASET-000,MSN-SENSOR_DRIFT-000,100.0,0.0,0.0,HEALTHY,,,,1.0,STABLE,NORMAL,
2026-01-01 00:00:44+00:00,ENG-DATASET-000,MSN-SENSOR_DRIFT-000,100.0,0.0,0.0,HEALTHY,,,,1.0,STABLE,NORMAL,
2026-01-01 00:00:45+00:00,ENG-DATASET-000,MSN-SENSOR_DRIFT-000,100.0,0.0,0.0,HEALTHY,,,,1.0,STABLE,NORMAL,
2026-01-01 00:00:46+00:00,ENG-DATASET-000,MSN-SENSOR_DRIFT-000,100.0,0.0,0.0,HEALTHY,,,,1.0,STABLE,NORMAL,
2026-01-01 00:00:47+00:00,ENG-DATASET-000,MSN-SENSOR_DRIFT-000,100.0,0.0,0.0,HEALTHY,,,,1.0,STABLE,NORMAL,
2026-01-01 00:00:48+00:00,ENG-DATASET-000,MSN-SENSOR_DRIFT-000,100.0,0.0,0.0,HEALTHY,,,,1.0,STABLE,NORMAL,
2026-01-01 00:00:49+00:00,ENG-DATASET-000,MSN-SENSOR_DRIFT-000,100.0,0.0,0.0,HEALTHY,,,,1.0,STABLE,NORMAL,
2026-01-01 00:00:50+00:00,ENG-DATASET-000,MSN-SENSOR_DRIFT-000,100.0,0.0,0.0,HEALTHY,,,,1.0,STABLE,NORMAL,
2026-01-01 00:00:51+00:00,ENG-DATASET-000,MSN-SENSOR_DRIFT-000,100.0,0.0,0.0,HEALTHY,,,,1.0,STABLE,NORMAL,
2026-01-01 00:00:52+00:00,ENG-DATASET-000,MSN-SENSOR_DRIFT-000,100.0,0.0,0.0,HEALTHY,,,,1.0,STABLE,NORMAL,
2026-01-01 00:00:53+00:00,ENG-DATASET-000,MSN-SENSOR_DRIFT-000,100.0,0.0,0.0,HEALTHY,,,,1.0,STABLE,NORMAL,
2026-01-01 00:00:54+00:00,ENG-DATASET-000,MSN-SENSOR_DRIFT-000,100.0,0.0,0.0,HEALTHY,,,,1.0,STABLE,NORMAL,
2026-01-01 00:00:55+00:00,ENG-DATASET-000,MSN-SENSOR_DRIFT-000,100.0,0.0,0.0,HEALTHY,,,,1.0,STABLE,NORMAL,
2026-01-01 00:00:56+00:00,ENG-DATASET-000,MSN-SENSOR_DRIFT-000,100.0,0.0,0.0,HEALTHY,,,,1.0,STABLE,NORMAL,
2026-01-01 00:00:57+00:00,ENG-DATASET-000,MSN-SENSOR_DRIFT-000,100.0,0.0,0.0,HEALTHY,,,,1.0,STABLE,NORMAL,
2026-01-01 00:00:58+00:00,ENG-DATASET-000,MSN-SENSOR_DRIFT-000,100.0,0.0,0.0,HEALTHY,,,,1.0,STABLE,NORMAL,
2026-01-01 00:00:59+00:00,ENG-DATASET-000,MSN-SENSOR_DRIFT-000,100.0,0.0,0.0,HEALTHY,,,,1.0,STABLE,NORMAL,
2026-01-01 00:01:00+00:00,ENG-DATASET-000,MSN-SENSOR_DRIFT-000,100.0,0.0,0.0,HEALTHY,,,,1.0,STABLE,NORMAL,
2026-01-01 00:01:01+00:00,ENG-DATASET-000,MSN-SENSOR_DRIFT-000,100.0,0.0,0.0,HEALTHY,,,,1.0,STABLE,NORMAL,
2026-01-01 00:01:02+00:00,ENG-DATASET-000,MSN-SENSOR_DRIFT-000,100.0,0.0,0.0,HEALTHY,,,,1.0,STABLE,NORMAL,
2026-01-01 00:01:03+00:00,ENG-DATASET-000,MSN-SENSOR_DRIFT-000,100.0,0.0,0.0,HEALTHY,,,,1.0,STABLE,NORMAL,
2026-01-01 00:01:04+00:00,ENG-DATASET-000,MSN-SENSOR_DRIFT-000,100.0,0.0,0.0,HEALTHY,,,,1.0,STABLE,NORMAL,
2026-01-01 00:01:05+00:00,ENG-DATASET-000,MSN-SENSOR_DRIFT-000,100.0,0.0,0.0,HEALTHY,,,,1.0,STABLE,NORMAL,
2026-01-01 00:01:06+00:00,ENG-DATASET-000,MSN-SENSOR_DRIFT-000,100.0,0.0,0.0,HEALTHY,,,,1.0,STABLE,NORMAL,
2026-01-01 00:01:07+00:00,ENG-DATASET-000,MSN-SENSOR_DRIFT-000,100.0,0.0,0.0,HEALTHY,,,,1.0,STABLE,NORMAL,
2026-01-01 00:01:08+00:00,ENG-DATASET-000,MSN-SENSOR_DRIFT-000,100.0,0.0,0.0,HEALTHY,,,,1.0,STABLE,NORMAL,
2026-01-01 00:01:09+00:00,ENG-DATASET-000,MSN-SENSOR_DRIFT-000,100.0,0.0,0.0,HEALTHY,,,,1.0,STABLE,NORMAL,
2026-01-01 00:01:10+00:00,ENG-DATASET-000,MSN-SENSOR_DRIFT-000,100.0,0.0,0.0,HEALTHY,,,,1.0,STABLE,NORMAL,
2026-01-01 00:01:11+00:00,ENG-DATASET-000,MSN-SENSOR_DRIFT-000,100.0,0.0,0.0,HEALTHY,,,,1.0,STABLE,NORMAL,
2026-01-01 00:01:12+00:00,ENG-DATASET-000,MSN-SENSOR_DRIFT-000,100.0,0.0,0.0,HEALTHY,,,,1.0,STABLE,NORMAL,
2026-01-01 00:01:13+00:00,ENG-DATASET-000,MSN-SENSOR_DRIFT-000,100.0,0.0,0.0,HEALTHY,,,,1.0,STABLE,NORMAL,
2026-01-01 00:01:14+00:00,ENG-DATASET-000,MSN-SENSOR_DRIFT-000,100.0,0.0,0.0,HEALTHY,,,,1.0,STABLE,NORMAL,
2026-01-01 00:01:15+00:00,ENG-DATASET-000,MSN-SENSOR_DRIFT-000,100.0,0.0,0.0,HEALTHY,,,,1.0,STABLE,NORMAL,
2026-01-01 00:01:16+00:00,ENG-DATASET-000,MSN-SENSOR_DRIFT-000,100.0,0.0,0.0,HEALTHY,,,,1.0,STABLE,NORMAL,
2026-01-01 00:01:17+00:00,ENG-DATASET-000,MSN-SENSOR_DRIFT-000,100.0,0.0,0.0,HEALTHY,,,,1.0,STABLE,NORMAL,
2026-01-01 00:01:18+00:00,ENG-DATASET-000,MSN-SENSOR_DRIFT-000,100.0,0.0,0.0,HEALTHY,,,,1.0,STABLE,NORMAL,
2026-01-01 00:01:19+00:00,ENG-DATASET-000,MSN-SENSOR_DRIFT-000,100.0,0.0,0.0,HEALTHY,,,,1.0,STABLE,NORMAL,
2026-01-01 00:01:20+00:00,ENG-DATASET-000,MSN-SENSOR_DRIFT-000,100.0,0.0,0.0,HEALTHY,,,,1.0,STABLE,NORMAL,
2026-01-01 00:01:21+00:00,ENG-DATASET-000,MSN-SENSOR_DRIFT-000,100.0,0.0,0.0,HEALTHY,,,,1.0,STABLE,NORMAL,
2026-01-01 00:01:22+00:00,ENG-DATASET-000,MSN-SENSOR_DRIFT-000,100.0,0.0,0.0,HEALTHY,,,,1.0,STABLE,NORMAL,
2026-01-01 00:01:23+00:00,ENG-DATASET-000,MSN-SENSOR_DRIFT-000,100.0,0.0,0.0,HEALTHY,,,,1.0,STABLE,NORMAL,
2026-01-01 00:01:24+00:00,ENG-DATASET-000,MSN-SENSOR_DRIFT-000,100.0,0.0,0.0,HEALTHY,,,,1.0,STABLE,NORMAL,
2026-01-01 00:01:25+00:00,ENG-DATASET-000,MSN-SENSOR_DRIFT-000,100.0,0.0,0.0,HEALTHY,,,,1.0,STABLE,NORMAL,
2026-01-01 00:01:26+00:00,ENG-DATASET-000,MSN-SENSOR_DRIFT-000,100.0,0.0,0.0,HEALTHY,,,,1.0,STABLE,NORMAL,
2026-01-01 00:01:27+00:00,ENG-DATASET-000,MSN-SENSOR_DRIFT-000,100.0,0.0,0.0,HEALTHY,,,,1.0,STABLE,NORMAL,
2026-01-01 00:01:28+00:00,ENG-DATASET-000,MSN-SENSOR_DRIFT-000,100.0,0.0,0.0,HEALTHY,,,,1.0,STABLE,NORMAL,
2026-01-01 00:01:29+00:00,ENG-DATASET-000,MSN-SENSOR_DRIFT-000,100.0,0.0,0.0,HEALTHY,,,,1.0,STABLE,NORMAL,
2026-01-01 00:01:30+00:00,ENG-DATASET-000,MSN-SENSOR_DRIFT-000,100.0,0.0,0.0,HEALTHY,,,,1.0,STABLE,NORMAL,
2026-01-01 00:01:31+00:00,ENG-DATASET-000,MSN-SENSOR_DRIFT-000,100.0,0.0,0.0,HEALTHY,,,,1.0,STABLE,NORMAL,
2026-01-01 00:01:32+00:00,ENG-DATASET-000,MSN-SENSOR_DRIFT-000,100.0,0.0,0.0,HEALTHY,,,,1.0,STABLE,NORMAL,
2026-01-01 00:01:33+00:00,ENG-DATASET-000,MSN-SENSOR_DRIFT-000,100.0,0.0,0.0,HEALTHY,,,,1.0,STABLE,NORMAL,
2026-01-01 00:01:34+00:00,ENG-DATASET-000,MSN-SENSOR_DRIFT-000,100.0,0.0,0.0,HEALTHY,,,,1.0,STABLE,NORMAL,
2026-01-01 00:01:35+00:00,ENG-DATASET-000,MSN-SENSOR_DRIFT-000,100.0,0.0,0.0,HEALTHY,,,,1.0,STABLE,NORMAL,
2026-01-01 00:01:36+00:00,ENG-DATASET-000,MSN-SENSOR_DRIFT-000,100.0,0.0,0.0,HEALTHY,,,,1.0,STABLE,NORMAL,
2026-01-01 00:01:37+00:00,ENG-DATASET-000,MSN-SENSOR_DRIFT-000,100.0,0.0,0.0,HEALTHY,,,,1.0,STABLE,NORMAL,
2026-01-01 00:01:38+00:00,ENG-DATASET-000,MSN-SENSOR_DRIFT-000,100.0,0.0,0.0,HEALTHY,,,,1.0,STABLE,NORMAL,
2026-01-01 00:01:39+00:00,ENG-DATASET-000,MSN-SENSOR_DRIFT-000,100.0,0.0,0.0,HEALTHY,,,,1.0,STABLE,NORMAL,
2026-01-01 00:01:40+00:00,ENG-DATASET-000,MSN-SENSOR_DRIFT-000,100.0,0.0,0.0,HEALTHY,,,,1.0,STABLE,NORMAL,
2026-01-01 00:01:41+00:00,ENG-DATASET-000,MSN-SENSOR_DRIFT-000,100.0,0.0,0.0,HEALTHY,,,,1.0,STABLE,NORMAL,
2026-01-01 00:01:42+00:00,ENG-DATASET-000,MSN-SENSOR_DRIFT-000,100.0,0.0,0.0,HEALTHY,,,,1.0,STABLE,NORMAL,
2026-01-01 00:01:43+00:00,ENG-DATASET-000,MSN-SENSOR_DRIFT-000,100.0,0.0,0.0,HEALTHY,,,,1.0,STABLE,NORMAL,
2026-01-01 00:01:44+00:00,ENG-DATASET-000,MSN-SENSOR_DRIFT-000,100.0,0.0,0.0,HEALTHY,,,,1.0,STABLE,NORMAL,
2026-01-01 00:01:45+00:00,ENG-DATASET-000,MSN-SENSOR_DRIFT-000,100.0,0.0,0.0,HEALTHY,,,,1.0,STABLE,NORMAL,
2026-01-01 00:01:46+00:00,ENG-DATASET-000,MSN-SENSOR_DRIFT-000,100.0,0.0,0.0,HEALTHY,,,,1.0,STABLE,NORMAL,
2026-01-01 00:01:47+00:00,ENG-DATASET-000,MSN-SENSOR_DRIFT-000,100.0,0.0,0.0,HEALTHY,,,,1.0,STABLE,NORMAL,
2026-01-01 00:01:48+00:00,ENG-DATASET-000,MSN-SENSOR_DRIFT-000,100.0,0.0,0.0,HEALTHY,,,,1.0,STABLE,NORMAL,
2026-01-01 00:01:49+00:00,ENG-DATASET-000,MSN-SENSOR_DRIFT-000,100.0,0.0,0.0,HEALTHY,,,,1.0,STABLE,NORMAL,
2026-01-01 00:01:50+00:00,ENG-DATASET-000,MSN-SENSOR_DRIFT-000,100.0,0.0,0.0,HEALTHY,,,,1.0,STABLE,NORMAL,
2026-01-01 00:01:51+00:00,ENG-DATASET-000,MSN-SENSOR_DRIFT-000,100.0,0.0,0.0,HEALTHY,,,,1.0,STABLE,NORMAL,
2026-01-01 00:01:52+00:00,ENG-DATASET-000,MSN-SENSOR_DRIFT-000,100.0,0.0,0.0,HEALTHY,,,,1.0,STABLE,NORMAL,
2026-01-01 00:01:53+00:00,ENG-DATASET-000,MSN-SENSOR_DRIFT-000,100.0,0.0,0.0,HEALTHY,,,,1.0,STABLE,NORMAL,
2026-01-01 00:01:54+00:00,ENG-DATASET-000,MSN-SENSOR_DRIFT-000,100.0,0.0,0.0,HEALTHY,,,,1.0,STABLE,NORMAL,
2026-01-01 00:01:55+00:00,ENG-DATASET-000,MSN-SENSOR_DRIFT-000,100.0,0.0,0.0,HEALTHY,,,,1.0,STABLE,NORMAL,
2026-01-01 00:01:56+00:00,ENG-DATASET-000,MSN-SENSOR_DRIFT-000,100.0,0.0,0.0,HEALTHY,,,,1.0,STABLE,NORMAL,
2026-01-01 00:01:57+00:00,ENG-DATASET-000,MSN-SENSOR_DRIFT-000,100.0,0.0,0.0,HEALTHY,,,,1.0,STABLE,NORMAL,
2026-01-01 00:01:58+00:00,ENG-DATASET-000,MSN-SENSOR_DRIFT-000,100.0,0.0,0.0,HEALTHY,,,,1.0,STABLE,NORMAL,
2026-01-01 00:01:59+00:00,ENG-DATASET-000,MSN-SENSOR_DRIFT-000,100.0,0.0,0.0,HEALTHY,,,,1.0,STABLE,NORMAL,
2026-01-01 00:02:00+00:00,ENG-DATASET-000,MSN-SENSOR_DRIFT-000,100.0,0.0,0.0,HEALTHY,,,,1.0,STABLE,NORMAL,
2026-01-01 00:02:01+00:00,ENG-DATASET-000,MSN-SENSOR_DRIFT-000,100.0,0.0,0.0,SENSOR_QUALITY_ISSUE,,,,0.36,UNRELIABLE,PHYSICAL_FAULT,
2026-01-01 00:02:02+00:00,ENG-DATASET-000,MSN-SENSOR_DRIFT-000,99.99,0.0001,0.059,SENSOR_QUALITY_ISSUE,,,,0.36,UNRELIABLE,PHYSICAL_FAULT,
2026-01-01 00:02:03+00:00,ENG-DATASET-000,MSN-SENSOR_DRIFT-000,99.97,0.0001,0.2341,SENSOR_QUALITY_ISSUE,,,,0.36,UNRELIABLE,PHYSICAL_FAULT,
2026-01-01 00:02:04+00:00,ENG-DATASET-000,MSN-SENSOR_DRIFT-000,99.94,0.0002,0.5802,SENSOR_QUALITY_ISSUE,,,,0.36,UNRELIABLE,PHYSICAL_FAULT,
2026-01-01 00:02:05+00:00,ENG-DATASET-000,MSN-SENSOR_DRIFT-000,99.9,0.0003,1.1503,SENSOR_QUALITY_ISSUE,,,,0.36,UNRELIABLE,PHYSICAL_FAULT,
2026-01-01 00:02:06+00:00,ENG-DATASET-000,MSN-SENSOR_DRIFT-000,99.86,0.0004,1.9365,SENSOR_QUALITY_ISSUE,,,,0.36,UNRELIABLE,PHYSICAL_FAULT,
2026-01-01 00:02:07+00:00,ENG-DATASET-000,MSN-SENSOR_DRIFT-000,99.82,0.0005,2.9308,SENSOR_QUALITY_ISSUE,,,,0.36,UNRELIABLE,PHYSICAL_FAULT,
2026-01-01 00:02:08+00:00,ENG-DATASET-000,MSN-SENSOR_DRIFT-000,99.77,0.0006,4.1842,SENSOR_QUALITY_ISSUE,,,,0.36,UNRELIABLE,PHYSICAL_FAULT,
2026-01-01 00:02:09+00:00,ENG-DATASET-000,MSN-SENSOR_DRIFT-000,99.73,0.0007,5.6276,SENSOR_QUALITY_ISSUE,,,,0.36,UNRELIABLE,PHYSICAL_FAULT,
2026-01-01 00:02:10+00:00,ENG-DATASET-000,MSN-SENSOR_DRIFT-000,99.68,0.0008,7.312,SENSOR_QUALITY_ISSUE,,,,0.36,UNRELIABLE,PHYSICAL_FAULT,
2026-01-01 00:02:11+00:00,ENG-DATASET-000,MSN-SENSOR_DRIFT-000,99.63,0.0009,9.2276,SENSOR_QUALITY_ISSUE,,,,0.36,UNRELIABLE,PHYSICAL_FAULT,
2026-01-01 00:02:12+00:00,ENG-DATASET-000,MSN-SENSOR_DRIFT-000,99.58,0.001,11.3642,SENSOR_QUALITY_ISSUE,,,,0.36,UNRELIABLE,PHYSICAL_FAULT,
2026-01-01 00:02:13+00:00,ENG-DATASET-000,MSN-SENSOR_DRIFT-000,99.54,0.0011,13.6528,SENSOR_QUALITY_ISSUE,,,,0.36,UNRELIABLE,PHYSICAL_FAULT,
2026-01-01 00:02:14+00:00,ENG-DATASET-000,MSN-SENSOR_DRIFT-000,99.48,0.0012,16.2035,SENSOR_QUALITY_ISSUE,,,,0.359,UNRELIABLE,PHYSICAL_FAULT,
2026-01-01 00:02:15+00:00,ENG-DATASET-000,MSN-SENSOR_DRIFT-000,99.43,0.0013,18.9453,SENSOR_QUALITY_ISSUE,,,,0.359,UNRELIABLE,PHYSICAL_FAULT,
2026-01-01 00:02:16+00:00,ENG-DATASET-000,MSN-SENSOR_DRIFT-000,99.38,0.0015,21.8681,SENSOR_QUALITY_ISSUE,,,,0.359,UNRELIABLE,PHYSICAL_FAULT,
2026-01-01 00:02:17+00:00,ENG-DATASET-000,MSN-SENSOR_DRIFT-000,99.33,0.0016,24.9619,SENSOR_QUALITY_ISSUE,,,,0.359,UNRELIABLE,PHYSICAL_FAULT,
2026-01-01 00:02:18+00:00,ENG-DATASET-000,MSN-SENSOR_DRIFT-000,99.27,0.0017,28.2759,SENSOR_QUALITY_ISSUE,,,,0.359,UNRELIABLE,PHYSICAL_FAULT,
2026-01-01 00:02:19+00:00,ENG-DATASET-000,MSN-SENSOR_DRIFT-000,99.22,0.0018,31.7388,SENSOR_QUALITY_ISSUE,,,,0.359,UNRELIABLE,PHYSICAL_FAULT,
2026-01-01 00:02:20+00:00,ENG-DATASET-000,MSN-SENSOR_DRIFT-000,99.16,0.002,35.3998,SENSOR_QUALITY_ISSUE,,,,0.359,UNRELIABLE,PHYSICAL_FAULT,
2026-01-01 00:02:21+00:00,ENG-DATASET-000,MSN-SENSOR_DRIFT-000,99.11,0.0021,39.1879,SENSOR_QUALITY_ISSUE,,,,0.359,UNRELIABLE,PHYSICAL_FAULT,
2026-01-01 00:02:22+00:00,ENG-DATASET-000,MSN-SENSOR_DRIFT-000,99.05,0.0022,43.152,SENSOR_QUALITY_ISSUE,,,,0.359,UNRELIABLE,PHYSICAL_FAULT,
2026-01-01 00:02:23+00:00,ENG-DATASET-000,MSN-SENSOR_DRIFT-000,99.0,0.0023,47.2211,SENSOR_QUALITY_ISSUE,,,,0.359,UNRELIABLE,PHYSICAL_FAULT,
2026-01-01 00:02:24+00:00,ENG-DATASET-000,MSN-SENSOR_DRIFT-000,98.94,0.0025,51.4443,SENSOR_QUALITY_ISSUE,,,,0.359,UNRELIABLE,PHYSICAL_FAULT,
2026-01-01 00:02:25+00:00,ENG-DATASET-000,MSN-SENSOR_DRIFT-000,98.88,0.0026,55.8095,SENSOR_QUALITY_ISSUE,,,,0.359,UNRELIABLE,PHYSICAL_FAULT,
2026-01-01 00:02:26+00:00,ENG-DATASET-000,MSN-SENSOR_DRIFT-000,98.83,0.0027,60.2457,SENSOR_QUALITY_ISSUE,,,,0.359,UNRELIABLE,PHYSICAL_FAULT,
2026-01-01 00:02:27+00:00,ENG-DATASET-000,MSN-SENSOR_DRIFT-000,98.77,0.0029,64.802,SENSOR_QUALITY_ISSUE,,,,0.359,UNRELIABLE,PHYSICAL_FAULT,
2026-01-01 00:02:28+00:00,ENG-DATASET-000,MSN-SENSOR_DRIFT-000,98.71,0.003,69.4663,SENSOR_QUALITY_ISSUE,,,,0.359,UNRELIABLE,PHYSICAL_FAULT,
2026-01-01 00:02:29+00:00,ENG-DATASET-000,MSN-SENSOR_DRIFT-000,98.65,0.0031,74.2266,SENSOR_QUALITY_ISSUE,,,,0.359,UNRELIABLE,PHYSICAL_FAULT,
2026-01-01 00:02:30+00:00,ENG-DATASET-000,MSN-SENSOR_DRIFT-000,98.6,0.0032,79.0119,SENSOR_QUALITY_ISSUE,,,,0.359,UNRELIABLE,PHYSICAL_FAULT,
2026-01-01 00:02:31+00:00,ENG-DATASET-000,MSN-SENSOR_DRIFT-000,98.54,0.0034,83.8713,SENSOR_QUALITY_ISSUE,,,,0.359,UNRELIABLE,PHYSICAL_FAULT,
2026-01-01 00:02:32+00:00,ENG-DATASET-000,MSN-SENSOR_DRIFT-000,98.48,0.0035,88.7927,SENSOR_QUALITY_ISSUE,,,,0.359,UNRELIABLE,PHYSICAL_FAULT,
2026-01-01 00:02:33+00:00,ENG-DATASET-000,MSN-SENSOR_DRIFT-000,98.42,0.0036,93.764,SENSOR_QUALITY_ISSUE,,,,0.359,UNRELIABLE,PHYSICAL_FAULT,
2026-01-01 00:02:34+00:00,ENG-DATASET-000,MSN-SENSOR_DRIFT-000,98.37,0.0037,98.7144,SENSOR_QUALITY_ISSUE,,,,0.359,UNRELIABLE,PHYSICAL_FAULT,
2026-01-01 00:02:35+00:00,ENG-DATASET-000,MSN-SENSOR_DRIFT-000,98.31,0.0039,103.6928,SENSOR_QUALITY_ISSUE,,,,0.359,UNRELIABLE,PHYSICAL_FAULT,
2026-01-01 00:02:36+00:00,ENG-DATASET-000,MSN-SENSOR_DRIFT-000,98.25,0.004,108.6872,SENSOR_QUALITY_ISSUE,,,,0.359,UNRELIABLE,PHYSICAL_FAULT,
2026-01-01 00:02:37+00:00,ENG-DATASET-000,MSN-SENSOR_DRIFT-000,98.19,0.0041,113.6856,SENSOR_QUALITY_ISSUE,,,,0.359,UNRELIABLE,PHYSICAL_FAULT,
2026-01-01 00:02:38+00:00,ENG-DATASET-000,MSN-SENSOR_DRIFT-000,98.14,0.0043,118.6169,SENSOR_QUALITY_ISSUE,,,,0.359,UNRELIABLE,PHYSICAL_FAULT,
2026-01-01 00:02:39+00:00,ENG-DATASET-000,MSN-SENSOR_DRIFT-000,98.08,0.0044,123.5303,SENSOR_QUALITY_ISSUE,,,,0.359,UNRELIABLE,PHYSICAL_FAULT,
2026-01-01 00:02:40+00:00,ENG-DATASET-000,MSN-SENSOR_DRIFT-000,98.02,0.0045,128.4137,SENSOR_QUALITY_ISSUE,,,,0.359,UNRELIABLE,PHYSICAL_FAULT,
2026-01-01 00:02:41+00:00,ENG-DATASET-000,MSN-SENSOR_DRIFT-000,97.96,0.0047,133.255,SENSOR_QUALITY_ISSUE,,,,0.359,UNRELIABLE,PHYSICAL_FAULT,
2026-01-01 00:02:42+00:00,ENG-DATASET-000,MSN-SENSOR_DRIFT-000,97.89,0.0048,138.1014,SENSOR_QUALITY_ISSUE,,,,0.359,UNRELIABLE,PHYSICAL_FAULT,
2026-01-01 00:02:43+00:00,ENG-DATASET-000,MSN-SENSOR_DRIFT-000,97.83,0.005,142.8797,SENSOR_QUALITY_ISSUE,,,,0.359,UNRELIABLE,PHYSICAL_FAULT,
2026-01-01 00:02:44+00:00,ENG-DATASET-000,MSN-SENSOR_DRIFT-000,97.77,0.0051,147.578,SENSOR_QUALITY_ISSUE,,,,0.359,UNRELIABLE,PHYSICAL_FAULT,
2026-01-01 00:02:45+00:00,ENG-DATASET-000,MSN-SENSOR_DRIFT-000,97.7,0.0052,152.2433,SENSOR_QUALITY_ISSUE,,,,0.359,UNRELIABLE,PHYSICAL_FAULT,
2026-01-01 00:02:46+00:00,ENG-DATASET-000,MSN-SENSOR_DRIFT-000,97.64,0.0054,156.8026,SENSOR_QUALITY_ISSUE,,,,0.359,UNRELIABLE,PHYSICAL_FAULT,
2026-01-01 00:02:47+00:00,ENG-DATASET-000,MSN-SENSOR_DRIFT-000,97.57,0.0056,161.3028,SENSOR_QUALITY_ISSUE,,,,0.359,UNRELIABLE,PHYSICAL_FAULT,
2026-01-01 00:02:48+00:00,ENG-DATASET-000,MSN-SENSOR_DRIFT-000,97.5,0.0057,165.73,SENSOR_QUALITY_ISSUE,,,,0.359,UNRELIABLE,PHYSICAL_FAULT,
2026-01-01 00:02:49+00:00,ENG-DATASET-000,MSN-SENSOR_DRIFT-000,97.43,0.0059,170.0702,SENSOR_QUALITY_ISSUE,,,,0.358,UNRELIABLE,PHYSICAL_FAULT,
2026-01-01 00:02:50+00:00,ENG-DATASET-000,MSN-SENSOR_DRIFT-000,97.36,0.006,174.3094,SENSOR_QUALITY_ISSUE,,,,0.358,UNRELIABLE,PHYSICAL_FAULT,
2026-01-01 00:02:51+00:00,ENG-DATASET-000,MSN-SENSOR_DRIFT-000,97.28,0.0062,178.4926,SENSOR_QUALITY_ISSUE,,,,0.358,UNRELIABLE,PHYSICAL_FAULT,
2026-01-01 00:02:52+00:00,ENG-DATASET-000,MSN-SENSOR_DRIFT-000,97.2,0.0064,182.6037,SENSOR_QUALITY_ISSUE,,,,0.358,UNRELIABLE,PHYSICAL_FAULT,
2026-01-01 00:02:53+00:00,ENG-DATASET-000,MSN-SENSOR_DRIFT-000,97.12,0.0066,186.6268,SENSOR_QUALITY_ISSUE,,,,0.358,UNRELIABLE,PHYSICAL_FAULT,
2026-01-01 00:02:54+00:00,ENG-DATASET-000,MSN-SENSOR_DRIFT-000,97.04,0.0068,190.5459,SENSOR_QUALITY_ISSUE,,,,0.358,UNRELIABLE,PHYSICAL_FAULT,
2026-01-01 00:02:55+00:00,ENG-DATASET-000,MSN-SENSOR_DRIFT-000,96.96,0.0069,194.345,SENSOR_QUALITY_ISSUE,,,,0.358,UNRELIABLE,PHYSICAL_FAULT,
2026-01-01 00:02:56+00:00,ENG-DATASET-000,MSN-SENSOR_DRIFT-000,96.87,0.0071,198.067,SENSOR_QUALITY_ISSUE,,,,0.358,UNRELIABLE,PHYSICAL_FAULT,
2026-01-01 00:02:57+00:00,ENG-DATASET-000,MSN-SENSOR_DRIFT-000,96.79,0.0073,201.635,SENSOR_QUALITY_ISSUE,,,,0.358,UNRELIABLE,PHYSICAL_FAULT,
2026-01-01 00:02:58+00:00,ENG-DATASET-000,MSN-SENSOR_DRIFT-000,96.7,0.0075,205.092,SENSOR_QUALITY_ISSUE,,,,0.358,UNRELIABLE,PHYSICAL_FAULT,
2026-01-01 00:02:59+00:00,ENG-DATASET-000,MSN-SENSOR_DRIFT-000,96.61,0.0077,208.4199,SENSOR_QUALITY_ISSUE,,,,0.358,UNRELIABLE,PHYSICAL_FAULT,
2026-01-01 00:03:00+00:00,ENG-DATASET-000,MSN-SENSOR_DRIFT-000,96.52,0.0079,211.6008,SENSOR_QUALITY_ISSUE,,,,0.358,UNRELIABLE,PHYSICAL_FAULT,
2026-01-01 00:03:01+00:00,ENG-DATASET-000,MSN-SENSOR_DRIFT-000,96.43,0.0082,214.6166,SENSOR_QUALITY_ISSUE,,,,0.358,UNRELIABLE,PHYSICAL_FAULT,
2026-01-01 00:03:02+00:00,ENG-DATASET-000,MSN-SENSOR_DRIFT-000,96.33,0.0084,217.5694,SENSOR_QUALITY_ISSUE,,,,0.358,UNRELIABLE,PHYSICAL_FAULT,
2026-01-01 00:03:03+00:00,ENG-DATASET-000,MSN-SENSOR_DRIFT-000,96.24,0.0086,220.4432,SENSOR_QUALITY_ISSUE,,,,0.358,UNRELIABLE,PHYSICAL_FAULT,
2026-01-01 00:03:04+00:00,ENG-DATASET-000,MSN-SENSOR_DRIFT-000,96.14,0.0088,223.344,SENSOR_QUALITY_ISSUE,,,,0.358,UNRELIABLE,PHYSICAL_FAULT,
2026-01-01 00:03:05+00:00,ENG-DATASET-000,MSN-SENSOR_DRIFT-000,96.05,0.009,226.2598,SENSOR_QUALITY_ISSUE,,,,0.358,UNRELIABLE,PHYSICAL_FAULT,
2026-01-01 00:03:06+00:00,ENG-DATASET-000,MSN-SENSOR_DRIFT-000,95.95,0.0092,229.2397,SENSOR_QUALITY_ISSUE,,,,0.358,UNRELIABLE,PHYSICAL_FAULT,
2026-01-01 00:03:07+00:00,ENG-DATASET-000,MSN-SENSOR_DRIFT-000,95.72,0.0102,233.0387,SENSOR_QUALITY_ISSUE,,,,0.356,UNRELIABLE,PHYSICAL_FAULT,
2026-01-01 00:03:08+00:00,ENG-DATASET-000,MSN-SENSOR_DRIFT-000,95.18,0.0112,239.5095,SENSOR_QUALITY_ISSUE,,,,0.355,UNRELIABLE,PHYSICAL_FAULT,
2026-01-01 00:03:09+00:00,ENG-DATASET-000,MSN-SENSOR_DRIFT-000,94.64,0.0122,248.493,SENSOR_QUALITY_ISSUE,,,,0.353,UNRELIABLE,PHYSICAL_FAULT,
2026-01-01 00:03:10+00:00,ENG-DATASET-000,MSN-SENSOR_DRIFT-000,94.11,0.0132,259.8912,SENSOR_QUALITY_ISSUE,,,,0.352,UNRELIABLE,PHYSICAL_FAULT,
2026-01-01 00:03:11+00:00,ENG-DATASET-000,MSN-SENSOR_DRIFT-000,93.57,0.0142,273.667,SENSOR_QUALITY_ISSUE,,,,0.351,UNRELIABLE,PHYSICAL_FAULT,
2026-01-01 00:03:12+00:00,ENG-DATASET-000,MSN-SENSOR_DRIFT-000,93.17,0.0144,288.8962,SENSOR_QUALITY_ISSUE,,,,0.351,UNRELIABLE,PHYSICAL_FAULT,
2026-01-01 00:03:13+00:00,ENG-DATASET-000,MSN-SENSOR_DRIFT-000,93.08,0.0146,303.6183,SENSOR_QUALITY_ISSUE,,,,0.351,UNRELIABLE,PHYSICAL_FAULT,
2026-01-01 00:03:14+00:00,ENG-DATASET-000,MSN-SENSOR_DRIFT-000,92.99,0.0148,317.9453,SENSOR_QUALITY_ISSUE,,,,0.351,UNRELIABLE,PHYSICAL_FAULT,
2026-01-01 00:03:15+00:00,ENG-DATASET-000,MSN-SENSOR_DRIFT-000,92.84,0.0155,332.1643,SENSOR_QUALITY_ISSUE,,,,0.35,UNRELIABLE,PHYSICAL_FAULT,
2026-01-01 00:03:16+00:00,ENG-DATASET-000,MSN-SENSOR_DRIFT-000,92.57,0.0161,346.9634,SENSOR_QUALITY_ISSUE,,,,0.35,UNRELIABLE,PHYSICAL_FAULT,
2026-01-01 00:03:17+00:00,ENG-DATASET-000,MSN-SENSOR_DRIFT-000,92.28,0.0168,362.4167,SENSOR_QUALITY_ISSUE,,,,0.35,UNRELIABLE,PHYSICAL_FAULT,
2026-01-01 00:03:18+00:00,ENG-DATASET-000,MSN-SENSOR_DRIFT-000,91.99,0.0174,378.5371,SENSOR_QUALITY_ISSUE,,,,0.35,UNRELIABLE,PHYSICAL_FAULT,
2026-01-01 00:03:19+00:00,ENG-DATASET-000,MSN-SENSOR_DRIFT-000,91.69,0.0181,395.2768,SENSOR_QUALITY_ISSUE,,,,0.35,UNRELIABLE,PHYSICAL_FAULT,
2026-01-01 00:03:20+00:00,ENG-DATASET-000,MSN-SENSOR_DRIFT-000,91.43,0.0184,412.4106,SENSOR_QUALITY_ISSUE,,,,0.35,UNRELIABLE,PHYSICAL_FAULT,
2026-01-01 00:03:21+00:00,ENG-DATASET-000,MSN-SENSOR_DRIFT-000,91.3,0.0187,429.0702,SENSOR_QUALITY_ISSUE,,,,0.35,UNRELIABLE,PHYSICAL_FAULT,
2026-01-01 00:03:22+00:00,ENG-DATASET-000,MSN-SENSOR_DRIFT-000,91.17,0.019,445.3007,SENSOR_QUALITY_ISSUE,,,,0.35,UNRELIABLE,PHYSICAL_FAULT,
2026-01-01 00:03:23+00:00,ENG-DATASET-000,MSN-SENSOR_DRIFT-000,91.04,0.0193,461.0271,SENSOR_QUALITY_ISSUE,,,,0.35,UNRELIABLE,PHYSICAL_FAULT,
2026-01-01 00:03:24+00:00,ENG-DATASET-000,MSN-SENSOR_DRIFT-000,91.98,0.0112,469.9795,SENSOR_QUALITY_ISSUE,,,,0.286,UNRELIABLE,SENSOR_FAULT,cht
2026-01-01 00:03:25+00:00,ENG-DATASET-000,MSN-SENSOR_DRIFT-000,91.88,0.0114,478.4959,SENSOR_QUALITY_ISSUE,,,,0.287,UNRELIABLE,SENSOR_FAULT,cht
2026-01-01 00:03:26+00:00,ENG-DATASET-000,MSN-SENSOR_DRIFT-000,91.77,0.0115,486.5662,SENSOR_QUALITY_ISSUE,,,,0.288,UNRELIABLE,SENSOR_FAULT,cht
2026-01-01 00:03:27+00:00,ENG-DATASET-000,MSN-SENSOR_DRIFT-000,91.67,0.0116,494.1803,SENSOR_QUALITY_ISSUE,,,,0.289,UNRELIABLE,SENSOR_FAULT,cht
2026-01-01 00:03:28+00:00,ENG-DATASET-000,MSN-SENSOR_DRIFT-000,91.57,0.0118,501.3303,SENSOR_QUALITY_ISSUE,,,,0.289,UNRELIABLE,SENSOR_FAULT,cht
2026-01-01 00:03:29+00:00,ENG-DATASET-000,MSN-SENSOR_DRIFT-000,91.47,0.0119,508.0081,SENSOR_QUALITY_ISSUE,,,,0.29,UNRELIABLE,SENSOR_FAULT,cht
2026-01-01 00:03:30+00:00,ENG-DATASET-000,MSN-SENSOR_DRIFT-000,91.37,0.0121,514.1448,SENSOR_QUALITY_ISSUE,,,,0.29,UNRELIABLE,SENSOR_FAULT,cht
2026-01-01 00:03:31+00:00,ENG-DATASET-000,MSN-SENSOR_DRIFT-000,91.27,0.0122,519.7914,SENSOR_QUALITY_ISSUE,,,,0.291,UNRELIABLE,SENSOR_FAULT,cht
2026-01-01 00:03:32+00:00,ENG-DATASET-000,MSN-SENSOR_DRIFT-000,91.16,0.0124,524.9988,SENSOR_QUALITY_ISSUE,,,,0.292,UNRELIABLE,SENSOR_FAULT,cht
2026-01-01 00:03:33+00:00,ENG-DATASET-000,MSN-SENSOR_DRIFT-000,91.05,0.0126,529.7572,SENSOR_QUALITY_ISSUE,,,,0.292,UNRELIABLE,SENSOR_FAULT,cht
2026-01-01 00:03:34+00:00,ENG-DATASET-000,MSN-SENSOR_DRIFT-000,90.95,0.0127,533.9363,SENSOR_QUALITY_ISSUE,,,,0.292,UNRELIABLE,SENSOR_FAULT,cht
2026-01-01 00:03:35+00:00,ENG-DATASET-000,MSN-SENSOR_DRIFT-000,90.83,0.0129,537.7054,SENSOR_QUALITY_ISSUE,,,,0.293,UNRELIABLE,SENSOR_FAULT,cht
2026-01-01 00:03:36+00:00,ENG-DATASET-000,MSN-SENSOR_DRIFT-000,90.71,0.0131,541.0523,SENSOR_QUALITY_ISSUE,,,,0.293,UNRELIABLE,SENSOR_FAULT,cht
2026-01-01 00:03:37+00:00,ENG-DATASET-000,MSN-SENSOR_DRIFT-000,90.59,0.0134,543.9651,SENSOR_QUALITY_ISSUE,,,,0.294,UNRELIABLE,SENSOR_FAULT,cht
2026-01-01 00:03:38+00:00,ENG-DATASET-000,MSN-SENSOR_DRIFT-000,90.47,0.0136,546.3708,SENSOR_QUALITY_ISSUE,,,,0.294,UNRELIABLE,SENSOR_FAULT,cht
2026-01-01 00:03:39+00:00,ENG-DATASET-000,MSN-SENSOR_DRIFT-000,90.34,0.0138,548.3753,SENSOR_QUALITY_ISSUE,,,,0.295,UNRELIABLE,SENSOR_FAULT,cht
2026-01-01 00:03:40+00:00,ENG-DATASET-000,MSN-SENSOR_DRIFT-000,90.2,0.0141,550.0238,SENSOR_QUALITY_ISSUE,,,,0.295,UNRELIABLE,SENSOR_FAULT,cht
2026-01-01 00:03:41+00:00,ENG-DATASET-000,MSN-SENSOR_DRIFT-000,89.78,0.0163,552.9526,SENSOR_QUALITY_ISSUE,,,,0.295,UNRELIABLE,SENSOR_FAULT,cht
2026-01-01 00:03:42+00:00,ENG-DATASET-000,MSN-SENSOR_DRIFT-000,88.81,0.0185,560.3967,SENSOR_QUALITY_ISSUE,,,,0.294,UNRELIABLE,SENSOR_FAULT,cht
2026-01-01 00:03:43+00:00,ENG-DATASET-000,MSN-SENSOR_DRIFT-000,87.84,0.0207,572.1149,SENSOR_QUALITY_ISSUE,,,,0.293,UNRELIABLE,SENSOR_FAULT,cht
2026-01-01 00:03:44+00:00,ENG-DATASET-000,MSN-SENSOR_DRIFT-000,86.86,0.023,587.9843,SENSOR_QUALITY_ISSUE,,,,0.293,UNRELIABLE,SENSOR_FAULT,cht
2026-01-01 00:03:45+00:00,ENG-DATASET-000,MSN-SENSOR_DRIFT-000,85.88,0.0252,607.8819,SENSOR_QUALITY_ISSUE,,,,0.292,UNRELIABLE,SENSOR_FAULT,cht
2026-01-01 00:03:46+00:00,ENG-DATASET-000,MSN-SENSOR_DRIFT-000,85.17,0.0255,629.971,SENSOR_QUALITY_ISSUE,,,,0.292,UNRELIABLE,SENSOR_FAULT,cht
2026-01-01 00:03:47+00:00,ENG-DATASET-000,MSN-SENSOR_DRIFT-000,85.0,0.0258,650.9958,SENSOR_QUALITY_ISSUE,,,,0.293,UNRELIABLE,SENSOR_FAULT,cht
2026-01-01 00:03:48+00:00,ENG-DATASET-000,MSN-SENSOR_DRIFT-000,84.82,0.0262,670.9954,SENSOR_QUALITY_ISSUE,,,,0.293,UNRELIABLE,SENSOR_FAULT,cht
2026-01-01 00:03:49+00:00,ENG-DATASET-000,MSN-SENSOR_DRIFT-000,84.65,0.0265,689.8886,SENSOR_QUALITY_ISSUE,,,,0.294,UNRELIABLE,SENSOR_FAULT,cht
2026-01-01 00:03:50+00:00,ENG-DATASET-000,MSN-SENSOR_DRIFT-000,84.47,0.0268,707.7146,SENSOR_QUALITY_ISSUE,,,,0.295,UNRELIABLE,SENSOR_FAULT,cht
2026-01-01 00:03:51+00:00,ENG-DATASET-000,MSN-SENSOR_DRIFT-000,84.28,0.0271,724.5713,SENSOR_QUALITY_ISSUE,,,,0.295,UNRELIABLE,SENSOR_FAULT,cht
2026-01-01 00:03:52+00:00,ENG-DATASET-000,MSN-SENSOR_DRIFT-000,84.1,0.0275,740.3777,SENSOR_QUALITY_ISSUE,,,,0.295,UNRELIABLE,SENSOR_FAULT,cht
2026-01-01 00:03:53+00:00,ENG-DATASET-000,MSN-SENSOR_DRIFT-000,83.91,0.0278,755.1728,SENSOR_QUALITY_ISSUE,,,,0.296,UNRELIABLE,SENSOR_FAULT,cht
2026-01-01 00:03:54+00:00,ENG-DATASET-000,MSN-SENSOR_DRIFT-000,83.73,0.0281,768.8756,SENSOR_QUALITY_ISSUE,,,,0.296,UNRELIABLE,SENSOR_FAULT,cht
2026-01-01 00:03:55+00:00,ENG-DATASET-000,MSN-SENSOR_DRIFT-000,83.54,0.0284,781.5251,SENSOR_QUALITY_ISSUE,,,,0.298,UNRELIABLE,SENSOR_FAULT,cht
2026-01-01 00:03:56+00:00,ENG-DATASET-000,MSN-SENSOR_DRIFT-000,83.36,0.0287,793.1013,SENSOR_QUALITY_ISSUE,,,,0.298,UNRELIABLE,SENSOR_FAULT,cht
2026-01-01 00:03:57+00:00,ENG-DATASET-000,MSN-SENSOR_DRIFT-000,83.18,0.029,803.5252,SENSOR_QUALITY_ISSUE,,,,0.299,UNRELIABLE,SENSOR_FAULT,cht
2026-01-01 00:03:58+00:00,ENG-DATASET-000,MSN-SENSOR_DRIFT-000,83.0,0.0293,812.8378,SENSOR_QUALITY_ISSUE,,,,0.299,UNRELIABLE,SENSOR_FAULT,cht
2026-01-01 00:03:59+00:00,ENG-DATASET-000,MSN-SENSOR_DRIFT-000,82.83,0.0296,820.962,SENSOR_QUALITY_ISSUE,,,,0.3,UNRELIABLE,SENSOR_FAULT,cht
2026-01-01 00:04:00+00:00,ENG-DATASET-000,MSN-SENSOR_DRIFT-000,82.66,0.0299,827.882,SENSOR_QUALITY_ISSUE,,,,0.301,UNRELIABLE,SENSOR_FAULT,cht
2026-01-01 00:04:01+00:00,ENG-DATASET-000,MSN-SENSOR_DRIFT-000,82.51,0.0301,833.4635,SENSOR_QUALITY_ISSUE,,,,0.302,UNRELIABLE,SENSOR_FAULT,cht
2026-01-01 00:04:02+00:00,ENG-DATASET-000,MSN-SENSOR_DRIFT-000,82.38,0.0302,837.6377,SENSOR_QUALITY_ISSUE,,,,0.302,UNRELIABLE,SENSOR_FAULT,cht
2026-01-01 00:04:03+00:00,ENG-DATASET-000,MSN-SENSOR_DRIFT-000,82.29,0.0303,840.1014,SENSOR_QUALITY_ISSUE,,,,0.302,UNRELIABLE,SENSOR_FAULT,cht
2026-01-01 00:04:04+00:00,ENG-DATASET-000,MSN-SENSOR_DRIFT-000,82.23,0.0303,840.7385,SENSOR_QUALITY_ISSUE,,,,0.302,UNRELIABLE,SENSOR_FAULT,cht
2026-01-01 00:04:05+00:00,ENG-DATASET-000,MSN-SENSOR_DRIFT-000,82.2,0.0304,839.3191,SENSOR_QUALITY_ISSUE,,,,0.302,UNRELIABLE,SENSOR_FAULT,cht
2026-01-01 00:04:06+00:00,ENG-DATASET-000,MSN-SENSOR_DRIFT-000,82.19,0.0304,835.7982,SENSOR_QUALITY_ISSUE,,,,0.302,UNRELIABLE,SENSOR_FAULT,cht
2026-01-01 00:04:07+00:00,ENG-DATASET-000,MSN-SENSOR_DRIFT-000,82.19,0.0304,830.9278,SENSOR_QUALITY_ISSUE,,,,0.302,UNRELIABLE,SENSOR_FAULT,cht
2026-01-01 00:04:08+00:00,ENG-DATASET-000,MSN-SENSOR_DRIFT-000,82.19,0.0303,826.6456,SENSOR_QUALITY_ISSUE,,,,0.302,UNRELIABLE,SENSOR_FAULT,cht
2026-01-01 00:04:09+00:00,ENG-DATASET-000,MSN-SENSOR_DRIFT-000,82.2,0.0303,823.0006,SENSOR_QUALITY_ISSUE,,,,0.303,UNRELIABLE,SENSOR_FAULT,cht
2026-01-01 00:04:10+00:00,ENG-DATASET-000,MSN-SENSOR_DRIFT-000,82.22,0.0303,819.9828,SENSOR_QUALITY_ISSUE,,,,0.303,UNRELIABLE,SENSOR_FAULT,cht
2026-01-01 00:04:11+00:00,ENG-DATASET-000,MSN-SENSOR_DRIFT-000,82.23,0.0302,817.8222,SENSOR_QUALITY_ISSUE,,,,0.303,UNRELIABLE,SENSOR_FAULT,cht
2026-01-01 00:04:12+00:00,ENG-DATASET-000,MSN-SENSOR_DRIFT-000,82.25,0.0302,815.7156,SENSOR_QUALITY_ISSUE,,,,0.303,UNRELIABLE,SENSOR_FAULT,cht
2026-01-01 00:04:13+00:00,ENG-DATASET-000,MSN-SENSOR_DRIFT-000,82.28,0.0301,811.7965,SENSOR_QUALITY_ISSUE,,,,0.303,UNRELIABLE,SENSOR_FAULT,cht
2026-01-01 00:04:14+00:00,ENG-DATASET-000,MSN-SENSOR_DRIFT-000,82.3,0.0301,806.1479,SENSOR_QUALITY_ISSUE,,,,0.303,UNRELIABLE,SENSOR_FAULT,cht
2026-01-01 00:04:15+00:00,ENG-DATASET-000,MSN-SENSOR_DRIFT-000,82.32,0.03,799.158,SENSOR_QUALITY_ISSUE,,,,0.303,UNRELIABLE,SENSOR_FAULT,cht
2026-01-01 00:04:16+00:00,ENG-DATASET-000,MSN-SENSOR_DRIFT-000,82.35,0.03,791.5339,SENSOR_QUALITY_ISSUE,,,,0.303,UNRELIABLE,SENSOR_FAULT,cht
2026-01-01 00:04:17+00:00,ENG-DATASET-000,MSN-SENSOR_DRIFT-000,82.37,0.0299,783.5166,SENSOR_QUALITY_ISSUE,,,,0.303,UNRELIABLE,SENSOR_FAULT,cht
2026-01-01 00:04:18+00:00,ENG-DATASET-000,MSN-SENSOR_DRIFT-000,82.39,0.0299,775.1683,SENSOR_QUALITY_ISSUE,,,,0.303,UNRELIABLE,SENSOR_FAULT,cht
2026-01-01 00:04:19+00:00,ENG-DATASET-000,MSN-SENSOR_DRIFT-000,82.41,0.0299,766.6119,SENSOR_QUALITY_ISSUE,,,,0.302,UNRELIABLE,SENSOR_FAULT,cht
2026-01-01 00:04:20+00:00,ENG-DATASET-000,MSN-SENSOR_DRIFT-000,82.42,0.0299,757.7265,SENSOR_QUALITY_ISSUE,,,,0.302,UNRELIABLE,SENSOR_FAULT,cht
2026-01-01 00:04:21+00:00,ENG-DATASET-000,MSN-SENSOR_DRIFT-000,82.43,0.0299,747.7727,SENSOR_QUALITY_ISSUE,,,,0.302,UNRELIABLE,SENSOR_FAULT,cht
2026-01-01 00:04:22+00:00,ENG-DATASET-000,MSN-SENSOR_DRIFT-000,82.43,0.0299,736.8377,SENSOR_QUALITY_ISSUE,,,,0.302,UNRELIABLE,SENSOR_FAULT,cht
2026-01-01 00:04:23+00:00,ENG-DATASET-000,MSN-SENSOR_DRIFT-000,82.43,0.0299,724.9474,SENSOR_QUALITY_ISSUE,,,,0.302,UNRELIABLE,SENSOR_FAULT,cht
2026-01-01 00:04:24+00:00,ENG-DATASET-000,MSN-SENSOR_DRIFT-000,82.42,0.0299,705.658,SENSOR_QUALITY_ISSUE,,,,0.302,UNRELIABLE,SENSOR_FAULT,cht
2026-01-01 00:04:25+00:00,ENG-DATASET-000,MSN-SENSOR_DRIFT-000,82.41,0.03,685.1253,SENSOR_QUALITY_ISSUE,,,,0.302,UNRELIABLE,SENSOR_FAULT,cht
2026-01-01 00:04:26+00:00,ENG-DATASET-000,MSN-SENSOR_DRIFT-000,82.38,0.0301,663.5463,SENSOR_QUALITY_ISSUE,,,,0.302,UNRELIABLE,SENSOR_FAULT,cht
2026-01-01 00:04:27+00:00,ENG-DATASET-000,MSN-SENSOR_DRIFT-000,82.35,0.0302,640.876,SENSOR_QUALITY_ISSUE,,,,0.302,UNRELIABLE,SENSOR_FAULT,cht
2026-01-01 00:04:28+00:00,ENG-DATASET-000,MSN-SENSOR_DRIFT-000,82.31,0.0303,617.1874,SENSOR_QUALITY_ISSUE,,,,0.302,UNRELIABLE,SENSOR_FAULT,cht
2026-01-01 00:04:29+00:00,ENG-DATASET-000,MSN-SENSOR_DRIFT-000,82.27,0.0304,592.4926,SENSOR_QUALITY_ISSUE,,,,0.302,UNRELIABLE,SENSOR_FAULT,cht
2026-01-01 00:04:30+00:00,ENG-DATASET-000,MSN-SENSOR_DRIFT-000,82.21,0.0305,566.9215,SENSOR_QUALITY_ISSUE,,,,0.302,UNRELIABLE,SENSOR_FAULT,cht
2026-01-01 00:04:31+00:00,ENG-DATASET-000,MSN-SENSOR_DRIFT-000,82.15,0.0307,540.4821,SENSOR_QUALITY_ISSUE,,,,0.301,UNRELIABLE,SENSOR_FAULT,cht
2026-01-01 00:04:32+00:00,ENG-DATASET-000,MSN-SENSOR_DRIFT-000,82.08,0.0308,513.3026,SENSOR_QUALITY_ISSUE,,,,0.301,UNRELIABLE,SENSOR_FAULT,cht
2026-01-01 00:04:33+00:00,ENG-DATASET-000,MSN-SENSOR_DRIFT-000,82.0,0.031,485.4498,SENSOR_QUALITY_ISSUE,,,,0.302,UNRELIABLE,SENSOR_FAULT,cht
2026-01-01 00:04:34+00:00,ENG-DATASET-000,MSN-SENSOR_DRIFT-000,81.91,0.0312,456.9279,SENSOR_QUALITY_ISSUE,,,,0.302,UNRELIABLE,SENSOR_FAULT,cht
2026-01-01 00:04:35+00:00,ENG-DATASET-000,MSN-SENSOR_DRIFT-000,81.82,0.0314,427.8609,SENSOR_QUALITY_ISSUE,,,,0.301,UNRELIABLE,SENSOR_FAULT,cht
2026-01-01 00:04:36+00:00,ENG-DATASET-000,MSN-SENSOR_DRIFT-000,81.73,0.0316,398.2546,SENSOR_QUALITY_ISSUE,,,,0.302,UNRELIABLE,SENSOR_FAULT,cht
2026-01-01 00:04:37+00:00,ENG-DATASET-000,MSN-SENSOR_DRIFT-000,81.62,0.0318,368.2333,SENSOR_QUALITY_ISSUE,,,,0.302,UNRELIABLE,SENSOR_FAULT,cht
2026-01-01 00:04:38+00:00,ENG-DATASET-000,MSN-SENSOR_DRIFT-000,81.51,0.032,337.7988,SENSOR_QUALITY_ISSUE,,,,0.302,UNRELIABLE,SENSOR_FAULT,cht
2026-01-01 00:04:39+00:00,ENG-DATASET-000,MSN-SENSOR_DRIFT-000,81.27,0.0333,307.7815,SENSOR_QUALITY_ISSUE,,,,0.296,UNRELIABLE,SENSOR_FAULT,cht
2026-01-01 00:04:40+00:00,ENG-DATASET-000,MSN-SENSOR_DRIFT-000,80.73,0.0345,279.9908,SENSOR_QUALITY_ISSUE,,,,0.296,UNRELIABLE,SENSOR_FAULT,cht
2026-01-01 00:04:41+00:00,ENG-DATASET-000,MSN-SENSOR_DRIFT-000,80.19,0.0358,256.0551,SENSOR_QUALITY_ISSUE,,,,0.297,UNRELIABLE,SENSOR_FAULT,cht
2026-01-01 00:04:42+00:00,ENG-DATASET-000,MSN-SENSOR_DRIFT-000,79.67,0.0371,239.1884,SENSOR_QUALITY_ISSUE,,,,0.298,UNRELIABLE,SENSOR_FAULT,cht
2026-01-01 00:04:43+00:00,ENG-DATASET-000,MSN-SENSOR_DRIFT-000,79.14,0.0384,229.5398,SENSOR_QUALITY_ISSUE,,,,0.299,UNRELIABLE,SENSOR_FAULT,cht
2026-01-01 00:04:44+00:00,ENG-DATASET-000,MSN-SENSOR_DRIFT-000,78.56,0.0399,227.5532,SENSOR_QUALITY_ISSUE,,,,0.299,UNRELIABLE,SENSOR_FAULT,cht
2026-01-01 00:04:45+00:00,ENG-DATASET-000,MSN-SENSOR_DRIFT-000,77.83,0.0413,234.1941,SENSOR_QUALITY_ISSUE,,,,0.299,UNRELIABLE,SENSOR_FAULT,cht
2026-01-01 00:04:46+00:00,ENG-DATASET-000,MSN-SENSOR_DRIFT-000,77.11,0.0428,247.8058,SENSOR_QUALITY_ISSUE,,,,0.299,UNRELIABLE,SENSOR_FAULT,cht
2026-01-01 00:04:47+00:00,ENG-DATASET-000,MSN-SENSOR_DRIFT-000,76.39,0.0442,265.0916,SENSOR_QUALITY_ISSUE,,,,0.299,UNRELIABLE,SENSOR_FAULT,cht
2026-01-01 00:04:48+00:00,ENG-DATASET-000,MSN-SENSOR_DRIFT-000,75.68,0.0456,285.9434,SENSOR_QUALITY_ISSUE,,,,0.299,UNRELIABLE,SENSOR_FAULT,cht
2026-01-01 00:04:49+00:00,ENG-DATASET-000,MSN-SENSOR_DRIFT-000,75.17,0.0458,309.0138,SENSOR_QUALITY_ISSUE,,,,0.3,UNRELIABLE,SENSOR_FAULT,cht
2026-01-01 00:04:50+00:00,ENG-DATASET-000,MSN-SENSOR_DRIFT-000,75.09,0.0459,331.7582,SENSOR_QUALITY_ISSUE,,,,0.301,UNRELIABLE,SENSOR_FAULT,cht
2026-01-01 00:04:51+00:00,ENG-DATASET-000,MSN-SENSOR_DRIFT-000,75.03,0.046,354.1394,SENSOR_QUALITY_ISSUE,,,,0.302,UNRELIABLE,SENSOR_FAULT,cht
2026-01-01 00:04:52+00:00,ENG-DATASET-000,MSN-SENSOR_DRIFT-000,74.98,0.0461,376.0635,SENSOR_QUALITY_ISSUE,,,,0.303,UNRELIABLE,SENSOR_FAULT,cht
2026-01-01 00:04:53+00:00,ENG-DATASET-000,MSN-SENSOR_DRIFT-000,74.94,0.0462,397.5584,SENSOR_QUALITY_ISSUE,,,,0.304,UNRELIABLE,SENSOR_FAULT,cht
2026-01-01 00:04:54+00:00,ENG-DATASET-000,MSN-SENSOR_DRIFT-000,74.92,0.0462,418.4752,SENSOR_QUALITY_ISSUE,,,,0.305,UNRELIABLE,SENSOR_FAULT,cht
2026-01-01 00:04:55+00:00,ENG-DATASET-000,MSN-SENSOR_DRIFT-000,74.91,0.0462,438.8479,SENSOR_QUALITY_ISSUE,,,,0.306,UNRELIABLE,SENSOR_FAULT,cht
2026-01-01 00:04:56+00:00,ENG-DATASET-000,MSN-SENSOR_DRIFT-000,74.91,0.0462,458.5924,SENSOR_QUALITY_ISSUE,,,,0.307,UNRELIABLE,SENSOR_FAULT,cht
2026-01-01 00:04:57+00:00,ENG-DATASET-000,MSN-SENSOR_DRIFT-000,74.92,0.0461,477.6857,SENSOR_QUALITY_ISSUE,,,,0.308,UNRELIABLE,SENSOR_FAULT,cht
2026-01-01 00:04:58+00:00,ENG-DATASET-000,MSN-SENSOR_DRIFT-000,74.94,0.046,496.1068,SENSOR_QUALITY_ISSUE,,,,0.308,UNRELIABLE,SENSOR_FAULT,cht
2026-01-01 00:04:59+00:00,ENG-DATASET-000,MSN-SENSOR_DRIFT-000,74.98,0.0459,513.7167,SENSOR_QUALITY_ISSUE,,,,0.309,UNRELIABLE,SENSOR_FAULT,cht
2026-01-01 00:05:00+00:00,ENG-DATASET-000,MSN-SENSOR_DRIFT-000,75.95,0.0391,525.0689,SENSOR_QUALITY_ISSUE,,,,0.329,UNRELIABLE,SENSOR_FAULT,cht
2026-01-01 00:00:01+00:00,ENG-DATASET-001,MSN-SENSOR_DRIFT-001,100.0,0.0,0.0,HEALTHY,,,,0.05,INSUFFICIENT_HISTORY,NORMAL,
2026-01-01 00:00:02+00:00,ENG-DATASET-001,MSN-SENSOR_DRIFT-001,100.0,0.0,0.0,HEALTHY,,,,0.1,INSUFFICIENT_HISTORY,NORMAL,
2026-01-01 00:00:03+00:00,ENG-DATASET-001,MSN-SENSOR_DRIFT-001,100.0,0.0,0.0,HEALTHY,,,,0.15,INSUFFICIENT_HISTORY,NORMAL,
2026-01-01 00:00:04+00:00,ENG-DATASET-001,MSN-SENSOR_DRIFT-001,100.0,0.0,0.0,HEALTHY,,,,0.2,INSUFFICIENT_HISTORY,NORMAL,
2026-01-01 00:00:05+00:00,ENG-DATASET-001,MSN-SENSOR_DRIFT-001,100.0,0.0,0.0,HEALTHY,,,,0.25,STABLE,NORMAL,
2026-01-01 00:00:06+00:00,ENG-DATASET-001,MSN-SENSOR_DRIFT-001,100.0,0.0,0.0,HEALTHY,,,,0.3,STABLE,NORMAL,
2026-01-01 00:00:07+00:00,ENG-DATASET-001,MSN-SENSOR_DRIFT-001,100.0,0.0,0.0,HEALTHY,,,,0.35,STABLE,NORMAL,
2026-01-01 00:00:08+00:00,ENG-DATASET-001,MSN-SENSOR_DRIFT-001,100.0,0.0,0.0,HEALTHY,,,,0.4,STABLE,NORMAL,
2026-01-01 00:00:09+00:00,ENG-DATASET-001,MSN-SENSOR_DRIFT-001,100.0,0.0,0.0,HEALTHY,,,,0.45,STABLE,NORMAL,
2026-01-01 00:00:10+00:00,ENG-DATASET-001,MSN-SENSOR_DRIFT-001,100.0,0.0,0.0,HEALTHY,,,,0.5,STABLE,NORMAL,
2026-01-01 00:00:11+00:00,ENG-DATASET-001,MSN-SENSOR_DRIFT-001,100.0,0.0,0.0,HEALTHY,,,,0.55,STABLE,NORMAL,
2026-01-01 00:00:12+00:00,ENG-DATASET-001,MSN-SENSOR_DRIFT-001,100.0,0.0,0.0,HEALTHY,,,,0.6,STABLE,NORMAL,
2026-01-01 00:00:13+00:00,ENG-DATASET-001,MSN-SENSOR_DRIFT-001,100.0,0.0,0.0,HEALTHY,,,,0.65,STABLE,NORMAL,
2026-01-01 00:00:14+00:00,ENG-DATASET-001,MSN-SENSOR_DRIFT-001,100.0,0.0,0.0,HEALTHY,,,,0.7,STABLE,NORMAL,
2026-01-01 00:00:15+00:00,ENG-DATASET-001,MSN-SENSOR_DRIFT-001,100.0,0.0,0.0,HEALTHY,,,,0.75,STABLE,NORMAL,
2026-01-01 00:00:16+00:00,ENG-DATASET-001,MSN-SENSOR_DRIFT-001,100.0,0.0,0.0,HEALTHY,,,,0.8,STABLE,NORMAL,
2026-01-01 00:00:17+00:00,ENG-DATASET-001,MSN-SENSOR_DRIFT-001,100.0,0.0,0.0,HEALTHY,,,,0.85,STABLE,NORMAL,
2026-01-01 00:00:18+00:00,ENG-DATASET-001,MSN-SENSOR_DRIFT-001,100.0,0.0,0.0,HEALTHY,,,,0.9,STABLE,NORMAL,
2026-01-01 00:00:19+00:00,ENG-DATASET-001,MSN-SENSOR_DRIFT-001,100.0,0.0,0.0,HEALTHY,,,,0.95,STABLE,NORMAL,
2026-01-01 00:00:20+00:00,ENG-DATASET-001,MSN-SENSOR_DRIFT-001,100.0,0.0,0.0,HEALTHY,,,,1.0,STABLE,NORMAL,
2026-01-01 00:00:21+00:00,ENG-DATASET-001,MSN-SENSOR_DRIFT-001,100.0,0.0,0.0,HEALTHY,,,,1.0,STABLE,NORMAL,
2026-01-01 00:00:22+00:00,ENG-DATASET-001,MSN-SENSOR_DRIFT-001,100.0,0.0,0.0,HEALTHY,,,,1.0,STABLE,NORMAL,
2026-01-01 00:00:23+00:00,ENG-DATASET-001,MSN-SENSOR_DRIFT-001,100.0,0.0,0.0,HEALTHY,,,,1.0,STABLE,NORMAL,
2026-01-01 00:00:24+00:00,ENG-DATASET-001,MSN-SENSOR_DRIFT-001,100.0,0.0,0.0,HEALTHY,,,,1.0,STABLE,NORMAL,
2026-01-01 00:00:25+00:00,ENG-DATASET-001,MSN-SENSOR_DRIFT-001,100.0,0.0,0.0,HEALTHY,,,,1.0,STABLE,NORMAL,
2026-01-01 00:00:26+00:00,ENG-DATASET-001,MSN-SENSOR_DRIFT-001,100.0,0.0,0.0,HEALTHY,,,,1.0,STABLE,NORMAL,
2026-01-01 00:00:27+00:00,ENG-DATASET-001,MSN-SENSOR_DRIFT-001,100.0,0.0,0.0,HEALTHY,,,,1.0,STABLE,NORMAL,
2026-01-01 00:00:28+00:00,ENG-DATASET-001,MSN-SENSOR_DRIFT-001,100.0,0.0,0.0,HEALTHY,,,,1.0,STABLE,NORMAL,
2026-01-01 00:00:29+00:00,ENG-DATASET-001,MSN-SENSOR_DRIFT-001,100.0,0.0,0.0,HEALTHY,,,,1.0,STABLE,NORMAL,
2026-01-01 00:00:30+00:00,ENG-DATASET-001,MSN-SENSOR_DRIFT-001,100.0,0.0,0.0,HEALTHY,,,,1.0,STABLE,NORMAL,
2026-01-01 00:00:31+00:00,ENG-DATASET-001,MSN-SENSOR_DRIFT-001,100.0,0.0,0.0,HEALTHY,,,,1.0,STABLE,NORMAL,
2026-01-01 00:00:32+00:00,ENG-DATASET-001,MSN-SENSOR_DRIFT-001,100.0,0.0,0.0,HEALTHY,,,,1.0,STABLE,NORMAL,
2026-01-01 00:00:33+00:00,ENG-DATASET-001,MSN-SENSOR_DRIFT-001,100.0,0.0,0.0,HEALTHY,,,,1.0,STABLE,NORMAL,
2026-01-01 00:00:34+00:00,ENG-DATASET-001,MSN-SENSOR_DRIFT-001,100.0,0.0,0.0,HEALTHY,,,,1.0,STABLE,NORMAL,
2026-01-01 00:00:35+00:00,ENG-DATASET-001,MSN-SENSOR_DRIFT-001,100.0,0.0,0.0,HEALTHY,,,,1.0,STABLE,NORMAL,
2026-01-01 00:00:36+00:00,ENG-DATASET-001,MSN-SENSOR_DRIFT-001,100.0,0.0,0.0,HEALTHY,,,,1.0,STABLE,NORMAL,
2026-01-01 00:00:37+00:00,ENG-DATASET-001,MSN-SENSOR_DRIFT-001,100.0,0.0,0.0,HEALTHY,,,,1.0,STABLE,NORMAL,
2026-01-01 00:00:38+00:00,ENG-DATASET-001,MSN-SENSOR_DRIFT-001,100.0,0.0,0.0,HEALTHY,,,,1.0,STABLE,NORMAL,
2026-01-01 00:00:39+00:00,ENG-DATASET-001,MSN-SENSOR_DRIFT-001,100.0,0.0,0.0,HEALTHY,,,,1.0,STABLE,NORMAL,
2026-01-01 00:00:40+00:00,ENG-DATASET-001,MSN-SENSOR_DRIFT-001,100.0,0.0,0.0,HEALTHY,,,,1.0,STABLE,NORMAL,
2026-01-01 00:00:41+00:00,ENG-DATASET-001,MSN-SENSOR_DRIFT-001,100.0,0.0,0.0,HEALTHY,,,,1.0,STABLE,NORMAL,
2026-01-01 00:00:42+00:00,ENG-DATASET-001,MSN-SENSOR_DRIFT-001,100.0,0.0,0.0,HEALTHY,,,,1.0,STABLE,NORMAL,
2026-01-01 00:00:43+00:00,ENG-DATASET-001,MSN-SENSOR_DRIFT-001,100.0,0.0,0.0,HEALTHY,,,,1.0,STABLE,NORMAL,
2026-01-01 00:00:44+00:00,ENG-DATASET-001,MSN-SENSOR_DRIFT-001,100.0,0.0,0.0,HEALTHY,,,,1.0,STABLE,NORMAL,
2026-01-01 00:00:45+00:00,ENG-DATASET-001,MSN-SENSOR_DRIFT-001,100.0,0.0,0.0,HEALTHY,,,,1.0,STABLE,NORMAL,
2026-01-01 00:00:46+00:00,ENG-DATASET-001,MSN-SENSOR_DRIFT-001,100.0,0.0,0.0,HEALTHY,,,,1.0,STABLE,NORMAL,
2026-01-01 00:00:47+00:00,ENG-DATASET-001,MSN-SENSOR_DRIFT-001,100.0,0.0,0.0,HEALTHY,,,,1.0,STABLE,NORMAL,
2026-01-01 00:00:48+00:00,ENG-DATASET-001,MSN-SENSOR_DRIFT-001,100.0,0.0,0.0,HEALTHY,,,,1.0,STABLE,NORMAL,
2026-01-01 00:00:49+00:00,ENG-DATASET-001,MSN-SENSOR_DRIFT-001,100.0,0.0,0.0,HEALTHY,,,,1.0,STABLE,NORMAL,
2026-01-01 00:00:50+00:00,ENG-DATASET-001,MSN-SENSOR_DRIFT-001,100.0,0.0,0.0,HEALTHY,,,,1.0,STABLE,NORMAL,
2026-01-01 00:00:51+00:00,ENG-DATASET-001,MSN-SENSOR_DRIFT-001,100.0,0.0,0.0,HEALTHY,,,,1.0,STABLE,NORMAL,
2026-01-01 00:00:52+00:00,ENG-DATASET-001,MSN-SENSOR_DRIFT-001,100.0,0.0,0.0,HEALTHY,,,,1.0,STABLE,NORMAL,
2026-01-01 00:00:53+00:00,ENG-DATASET-001,MSN-SENSOR_DRIFT-001,100.0,0.0,0.0,HEALTHY,,,,1.0,STABLE,NORMAL,
2026-01-01 00:00:54+00:00,ENG-DATASET-001,MSN-SENSOR_DRIFT-001,100.0,0.0,0.0,HEALTHY,,,,1.0,STABLE,NORMAL,
2026-01-01 00:00:55+00:00,ENG-DATASET-001,MSN-SENSOR_DRIFT-001,100.0,0.0,0.0,HEALTHY,,,,1.0,STABLE,NORMAL,
2026-01-01 00:00:56+00:00,ENG-DATASET-001,MSN-SENSOR_DRIFT-001,100.0,0.0,0.0,HEALTHY,,,,1.0,STABLE,NORMAL,
2026-01-01 00:00:57+00:00,ENG-DATASET-001,MSN-SENSOR_DRIFT-001,100.0,0.0,0.0,HEALTHY,,,,1.0,STABLE,NORMAL,
2026-01-01 00:00:58+00:00,ENG-DATASET-001,MSN-SENSOR_DRIFT-001,100.0,0.0,0.0,HEALTHY,,,,1.0,STABLE,NORMAL,
2026-01-01 00:00:59+00:00,ENG-DATASET-001,MSN-SENSOR_DRIFT-001,100.0,0.0,0.0,HEALTHY,,,,1.0,STABLE,NORMAL,
2026-01-01 00:01:00+00:00,ENG-DATASET-001,MSN-SENSOR_DRIFT-001,100.0,0.0,0.0,HEALTHY,,,,1.0,STABLE,NORMAL,
2026-01-01 00:01:01+00:00,ENG-DATASET-001,MSN-SENSOR_DRIFT-001,100.0,0.0,0.0,HEALTHY,,,,1.0,STABLE,NORMAL,
2026-01-01 00:01:02+00:00,ENG-DATASET-001,MSN-SENSOR_DRIFT-001,100.0,0.0,0.0,HEALTHY,,,,1.0,STABLE,NORMAL,
2026-01-01 00:01:03+00:00,ENG-DATASET-001,MSN-SENSOR_DRIFT-001,100.0,0.0,0.0,HEALTHY,,,,1.0,STABLE,NORMAL,
2026-01-01 00:01:04+00:00,ENG-DATASET-001,MSN-SENSOR_DRIFT-001,100.0,0.0,0.0,HEALTHY,,,,1.0,STABLE,NORMAL,
2026-01-01 00:01:05+00:00,ENG-DATASET-001,MSN-SENSOR_DRIFT-001,100.0,0.0,0.0,HEALTHY,,,,1.0,STABLE,NORMAL,
2026-01-01 00:01:06+00:00,ENG-DATASET-001,MSN-SENSOR_DRIFT-001,100.0,0.0,0.0,HEALTHY,,,,1.0,STABLE,NORMAL,
2026-01-01 00:01:07+00:00,ENG-DATASET-001,MSN-SENSOR_DRIFT-001,100.0,0.0,0.0,HEALTHY,,,,1.0,STABLE,NORMAL,
2026-01-01 00:01:08+00:00,ENG-DATASET-001,MSN-SENSOR_DRIFT-001,100.0,0.0,0.0,HEALTHY,,,,1.0,STABLE,NORMAL,
2026-01-01 00:01:09+00:00,ENG-DATASET-001,MSN-SENSOR_DRIFT-001,100.0,0.0,0.0,HEALTHY,,,,1.0,STABLE,NORMAL,
2026-01-01 00:01:10+00:00,ENG-DATASET-001,MSN-SENSOR_DRIFT-001,100.0,0.0,0.0,HEALTHY,,,,1.0,STABLE,NORMAL,
2026-01-01 00:01:11+00:00,ENG-DATASET-001,MSN-SENSOR_DRIFT-001,100.0,0.0,0.0,HEALTHY,,,,1.0,STABLE,NORMAL,
2026-01-01 00:01:12+00:00,ENG-DATASET-001,MSN-SENSOR_DRIFT-001,100.0,0.0,0.0,HEALTHY,,,,1.0,STABLE,NORMAL,
2026-01-01 00:01:13+00:00,ENG-DATASET-001,MSN-SENSOR_DRIFT-001,100.0,0.0,0.0,HEALTHY,,,,1.0,STABLE,NORMAL,
2026-01-01 00:01:14+00:00,ENG-DATASET-001,MSN-SENSOR_DRIFT-001,100.0,0.0,0.0,HEALTHY,,,,1.0,STABLE,NORMAL,
2026-01-01 00:01:15+00:00,ENG-DATASET-001,MSN-SENSOR_DRIFT-001,100.0,0.0,0.0,HEALTHY,,,,1.0,STABLE,NORMAL,
2026-01-01 00:01:16+00:00,ENG-DATASET-001,MSN-SENSOR_DRIFT-001,100.0,0.0,0.0,HEALTHY,,,,1.0,STABLE,NORMAL,
2026-01-01 00:01:17+00:00,ENG-DATASET-001,MSN-SENSOR_DRIFT-001,100.0,0.0,0.0,HEALTHY,,,,1.0,STABLE,NORMAL,
2026-01-01 00:01:18+00:00,ENG-DATASET-001,MSN-SENSOR_DRIFT-001,100.0,0.0,0.0,HEALTHY,,,,1.0,STABLE,NORMAL,
2026-01-01 00:01:19+00:00,ENG-DATASET-001,MSN-SENSOR_DRIFT-001,100.0,0.0,0.0,HEALTHY,,,,1.0,STABLE,NORMAL,
2026-01-01 00:01:20+00:00,ENG-DATASET-001,MSN-SENSOR_DRIFT-001,100.0,0.0,0.0,HEALTHY,,,,1.0,STABLE,NORMAL,
2026-01-01 00:01:21+00:00,ENG-DATASET-001,MSN-SENSOR_DRIFT-001,100.0,0.0,0.0,HEALTHY,,,,1.0,STABLE,NORMAL,
2026-01-01 00:01:22+00:00,ENG-DATASET-001,MSN-SENSOR_DRIFT-001,100.0,0.0,0.0,HEALTHY,,,,1.0,STABLE,NORMAL,
2026-01-01 00:01:23+00:00,ENG-DATASET-001,MSN-SENSOR_DRIFT-001,100.0,0.0,0.0,HEALTHY,,,,1.0,STABLE,NORMAL,
2026-01-01 00:01:24+00:00,ENG-DATASET-001,MSN-SENSOR_DRIFT-001,100.0,0.0,0.0,HEALTHY,,,,1.0,STABLE,NORMAL,
2026-01-01 00:01:25+00:00,ENG-DATASET-001,MSN-SENSOR_DRIFT-001,100.0,0.0,0.0,HEALTHY,,,,1.0,STABLE,NORMAL,
2026-01-01 00:01:26+00:00,ENG-DATASET-001,MSN-SENSOR_DRIFT-001,100.0,0.0,0.0,HEALTHY,,,,1.0,STABLE,NORMAL,
2026-01-01 00:01:27+00:00,ENG-DATASET-001,MSN-SENSOR_DRIFT-001,100.0,0.0,0.0,HEALTHY,,,,1.0,STABLE,NORMAL,
2026-01-01 00:01:28+00:00,ENG-DATASET-001,MSN-SENSOR_DRIFT-001,100.0,0.0,0.0,HEALTHY,,,,1.0,STABLE,NORMAL,
2026-01-01 00:01:29+00:00,ENG-DATASET-001,MSN-SENSOR_DRIFT-001,100.0,0.0,0.0,HEALTHY,,,,1.0,STABLE,NORMAL,
2026-01-01 00:01:30+00:00,ENG-DATASET-001,MSN-SENSOR_DRIFT-001,100.0,0.0,0.0,HEALTHY,,,,1.0,STABLE,NORMAL,
2026-01-01 00:01:31+00:00,ENG-DATASET-001,MSN-SENSOR_DRIFT-001,100.0,0.0,0.0,HEALTHY,,,,1.0,STABLE,NORMAL,
2026-01-01 00:01:32+00:00,ENG-DATASET-001,MSN-SENSOR_DRIFT-001,100.0,0.0,0.0,HEALTHY,,,,1.0,STABLE,NORMAL,
2026-01-01 00:01:33+00:00,ENG-DATASET-001,MSN-SENSOR_DRIFT-001,100.0,0.0,0.0,HEALTHY,,,,1.0,STABLE,NORMAL,
2026-01-01 00:01:34+00:00,ENG-DATASET-001,MSN-SENSOR_DRIFT-001,100.0,0.0,0.0,HEALTHY,,,,1.0,STABLE,NORMAL,
2026-01-01 00:01:35+00:00,ENG-DATASET-001,MSN-SENSOR_DRIFT-001,100.0,0.0,0.0,HEALTHY,,,,1.0,STABLE,NORMAL,
2026-01-01 00:01:36+00:00,ENG-DATASET-001,MSN-SENSOR_DRIFT-001,100.0,0.0,0.0,HEALTHY,,,,1.0,STABLE,NORMAL,
2026-01-01 00:01:37+00:00,ENG-DATASET-001,MSN-SENSOR_DRIFT-001,100.0,0.0,0.0,HEALTHY,,,,1.0,STABLE,NORMAL,
2026-01-01 00:01:38+00:00,ENG-DATASET-001,MSN-SENSOR_DRIFT-001,100.0,0.0,0.0,HEALTHY,,,,1.0,STABLE,NORMAL,
2026-01-01 00:01:39+00:00,ENG-DATASET-001,MSN-SENSOR_DRIFT-001,100.0,0.0,0.0,HEALTHY,,,,1.0,STABLE,NORMAL,
2026-01-01 00:01:40+00:00,ENG-DATASET-001,MSN-SENSOR_DRIFT-001,100.0,0.0,0.0,HEALTHY,,,,1.0,STABLE,NORMAL,
2026-01-01 00:01:41+00:00,ENG-DATASET-001,MSN-SENSOR_DRIFT-001,100.0,0.0,0.0,HEALTHY,,,,1.0,STABLE,NORMAL,
2026-01-01 00:01:42+00:00,ENG-DATASET-001,MSN-SENSOR_DRIFT-001,100.0,0.0,0.0,HEALTHY,,,,1.0,STABLE,NORMAL,
2026-01-01 00:01:43+00:00,ENG-DATASET-001,MSN-SENSOR_DRIFT-001,100.0,0.0,0.0,HEALTHY,,,,1.0,STABLE,NORMAL,
2026-01-01 00:01:44+00:00,ENG-DATASET-001,MSN-SENSOR_DRIFT-001,100.0,0.0,0.0,HEALTHY,,,,1.0,STABLE,NORMAL,
2026-01-01 00:01:45+00:00,ENG-DATASET-001,MSN-SENSOR_DRIFT-001,100.0,0.0,0.0,HEALTHY,,,,1.0,STABLE,NORMAL,
2026-01-01 00:01:46+00:00,ENG-DATASET-001,MSN-SENSOR_DRIFT-001,100.0,0.0,0.0,HEALTHY,,,,1.0,STABLE,NORMAL,
2026-01-01 00:01:47+00:00,ENG-DATASET-001,MSN-SENSOR_DRIFT-001,100.0,0.0,0.0,HEALTHY,,,,1.0,STABLE,NORMAL,
2026-01-01 00:01:48+00:00,ENG-DATASET-001,MSN-SENSOR_DRIFT-001,100.0,0.0,0.0,HEALTHY,,,,1.0,STABLE,NORMAL,
2026-01-01 00:01:49+00:00,ENG-DATASET-001,MSN-SENSOR_DRIFT-001,100.0,0.0,0.0,HEALTHY,,,,1.0,STABLE,NORMAL,
2026-01-01 00:01:50+00:00,ENG-DATASET-001,MSN-SENSOR_DRIFT-001,100.0,0.0,0.0,HEALTHY,,,,1.0,STABLE,NORMAL,
2026-01-01 00:01:51+00:00,ENG-DATASET-001,MSN-SENSOR_DRIFT-001,100.0,0.0,0.0,HEALTHY,,,,1.0,STABLE,NORMAL,
2026-01-01 00:01:52+00:00,ENG-DATASET-001,MSN-SENSOR_DRIFT-001,100.0,0.0,0.0,HEALTHY,,,,1.0,STABLE,NORMAL,
2026-01-01 00:01:53+00:00,ENG-DATASET-001,MSN-SENSOR_DRIFT-001,100.0,0.0,0.0,HEALTHY,,,,1.0,STABLE,NORMAL,
2026-01-01 00:01:54+00:00,ENG-DATASET-001,MSN-SENSOR_DRIFT-001,100.0,0.0,0.0,HEALTHY,,,,1.0,STABLE,NORMAL,
2026-01-01 00:01:55+00:00,ENG-DATASET-001,MSN-SENSOR_DRIFT-001,100.0,0.0,0.0,HEALTHY,,,,1.0,STABLE,NORMAL,
2026-01-01 00:01:56+00:00,ENG-DATASET-001,MSN-SENSOR_DRIFT-001,100.0,0.0,0.0,HEALTHY,,,,1.0,STABLE,NORMAL,
2026-01-01 00:01:57+00:00,ENG-DATASET-001,MSN-SENSOR_DRIFT-001,100.0,0.0,0.0,HEALTHY,,,,1.0,STABLE,NORMAL,
2026-01-01 00:01:58+00:00,ENG-DATASET-001,MSN-SENSOR_DRIFT-001,100.0,0.0,0.0,HEALTHY,,,,1.0,STABLE,NORMAL,
2026-01-01 00:01:59+00:00,ENG-DATASET-001,MSN-SENSOR_DRIFT-001,100.0,0.0,0.0,HEALTHY,,,,1.0,STABLE,NORMAL,
2026-01-01 00:02:00+00:00,ENG-DATASET-001,MSN-SENSOR_DRIFT-001,100.0,0.0,0.0,HEALTHY,,,,1.0,STABLE,NORMAL,
2026-01-01 00:02:01+00:00,ENG-DATASET-001,MSN-SENSOR_DRIFT-001,100.0,0.0,0.0,SENSOR_QUALITY_ISSUE,,,,0.36,UNRELIABLE,PHYSICAL_FAULT,
2026-01-01 00:02:02+00:00,ENG-DATASET-001,MSN-SENSOR_DRIFT-001,99.98,0.0001,0.118,SENSOR_QUALITY_ISSUE,,,,0.36,UNRELIABLE,PHYSICAL_FAULT,
2026-01-01 00:02:03+00:00,ENG-DATASET-001,MSN-SENSOR_DRIFT-001,99.96,0.0001,0.3501,SENSOR_QUALITY_ISSUE,,,,0.36,UNRELIABLE,PHYSICAL_FAULT,
2026-01-01 00:02:04+00:00,ENG-DATASET-001,MSN-SENSOR_DRIFT-001,99.92,0.0002,0.8102,SENSOR_QUALITY_ISSUE,,,,0.36,UNRELIABLE,PHYSICAL_FAULT,
2026-01-01 00:02:05+00:00,ENG-DATASET-001,MSN-SENSOR_DRIFT-001,99.88,0.0004,1.4904,SENSOR_QUALITY_ISSUE,,,,0.36,UNRELIABLE,PHYSICAL_FAULT,
2026-01-01 00:02:06+00:00,ENG-DATASET-001,MSN-SENSOR_DRIFT-001,99.82,0.0005,2.5007,SENSOR_QUALITY_ISSUE,,,,0.36,UNRELIABLE,PHYSICAL_FAULT,
2026-01-01 00:02:07+00:00,ENG-DATASET-001,MSN-SENSOR_DRIFT-001,99.77,0.0006,3.77,SENSOR_QUALITY_ISSUE,,,,0.36,UNRELIABLE,PHYSICAL_FAULT,
2026-01-01 00:02:08+00:00,ENG-DATASET-001,MSN-SENSOR_DRIFT-001,99.71,0.0007,5.3475,SENSOR_QUALITY_ISSUE,,,,0.36,UNRELIABLE,PHYSICAL_FAULT,
2026-01-01 00:02:09+00:00,ENG-DATASET-001,MSN-SENSOR_DRIFT-001,99.65,0.0009,7.221,SENSOR_QUALITY_ISSUE,,,,0.36,UNRELIABLE,PHYSICAL_FAULT,
2026-01-01 00:02:10+00:00,ENG-DATASET-001,MSN-SENSOR_DRIFT-001,99.6,0.001,9.3196,SENSOR_QUALITY_ISSUE,,,,0.36,UNRELIABLE,PHYSICAL_FAULT,
2026-01-01 00:02:11+00:00,ENG-DATASET-001,MSN-SENSOR_DRIFT-001,99.54,0.0011,11.6922,SENSOR_QUALITY_ISSUE,,,,0.36,UNRELIABLE,PHYSICAL_FAULT,
2026-01-01 00:02:12+00:00,ENG-DATASET-001,MSN-SENSOR_DRIFT-001,99.47,0.0013,14.386,SENSOR_QUALITY_ISSUE,,,,0.359,UNRELIABLE,PHYSICAL_FAULT,
2026-01-01 00:02:13+00:00,ENG-DATASET-001,MSN-SENSOR_DRIFT-001,99.41,0.0014,17.3278,SENSOR_QUALITY_ISSUE,,,,0.359,UNRELIABLE,PHYSICAL_FAULT,
2026-01-01 00:02:14+00:00,ENG-DATASET-001,MSN-SENSOR_DRIFT-001,99.35,0.0016,20.5057,SENSOR_QUALITY_ISSUE,,,,0.359,UNRELIABLE,PHYSICAL_FAULT,
2026-01-01 00:02:15+00:00,ENG-DATASET-001,MSN-SENSOR_DRIFT-001,99.28,0.0017,23.9667,SENSOR_QUALITY_ISSUE,,,,0.359,UNRELIABLE,PHYSICAL_FAULT,
2026-01-01 00:02:16+00:00,ENG-DATASET-001,MSN-SENSOR_DRIFT-001,99.22,0.0019,27.6377,SENSOR_QUALITY_ISSUE,,,,0.359,UNRELIABLE,PHYSICAL_FAULT,
2026-01-01 00:02:17+00:00,ENG-DATASET-001,MSN-SENSOR_DRIFT-001,99.15,0.002,31.5658,SENSOR_QUALITY_ISSUE,,,,0.359,UNRELIABLE,PHYSICAL_FAULT,
2026-01-01 00:02:18+00:00,ENG-DATASET-001,MSN-SENSOR_DRIFT-001,99.08,0.0022,35.7369,SENSOR_QUALITY_ISSUE,,,,0.359,UNRELIABLE,PHYSICAL_FAULT,
2026-01-01 00:02:19+00:00,ENG-DATASET-001,MSN-SENSOR_DRIFT-001,99.01,0.0023,40.1371,SENSOR_QUALITY_ISSUE,,,,0.359,UNRELIABLE,PHYSICAL_FAULT,
2026-01-01 00:02:20+00:00,ENG-DATASET-001,MSN-SENSOR_DRIFT-001,98.94,0.0025,44.7524,SENSOR_QUALITY_ISSUE,,,,0.359,UNRELIABLE,PHYSICAL_FAULT,
2026-01-01 00:02:21+00:00,ENG-DATASET-001,MSN-SENSOR_DRIFT-001,98.87,0.0026,49.5688,SENSOR_QUALITY_ISSUE,,,,0.359,UNRELIABLE,PHYSICAL_FAULT,
2026-01-01 00:02:22+00:00,ENG-DATASET-001,MSN-SENSOR_DRIFT-001,98.8,0.0028,54.5722,SENSOR_QUALITY_ISSUE,,,,0.359,UNRELIABLE,PHYSICAL_FAULT,
2026-01-01 00:02:23+00:00,ENG-DATASET-001,MSN-SENSOR_DRIFT-001,98.73,0.003,59.7486,SENSOR_QUALITY_ISSUE,,,,0.359,UNRELIABLE,PHYSICAL_FAULT,
2026-01-01 00:02:24+00:00,ENG-DATASET-001,MSN-SENSOR_DRIFT-001,98.66,0.0031,65.0841,SENSOR_QUALITY_ISSUE,,,,0.359,UNRELIABLE,PHYSICAL_FAULT,
2026-01-01 00:02:25+00:00,ENG-DATASET-001,MSN-SENSOR_DRIFT-001,98.59,0.0033,70.5646,SENSOR_QUALITY_ISSUE,,,,0.359,UNRELIABLE,PHYSICAL_FAULT,
2026-01-01 00:02:26+00:00,ENG-DATASET-001,MSN-SENSOR_DRIFT-001,98.52,0.0034,76.1762,SENSOR_QUALITY_ISSUE,,,,0.359,UNRELIABLE,PHYSICAL_FAULT,
2026-01-01 00:02:27+00:00,ENG-DATASET-001,MSN-SENSOR_DRIFT-001,98.45,0.0036,81.9048,SENSOR_QUALITY_ISSUE,,,,0.359,UNRELIABLE,PHYSICAL_FAULT,
2026-01-01 00:02:28+00:00,ENG-DATASET-001,MSN-SENSOR_DRIFT-001,98.37,0.0038,87.7954,SENSOR_QUALITY_ISSUE,,,,0.359,UNRELIABLE,PHYSICAL_FAULT,
2026-01-01 00:02:29+00:00,ENG-DATASET-001,MSN-SENSOR_DRIFT-001,98.3,0.0039,93.773,SENSOR_QUALITY_ISSUE,,,,0.359,UNRELIABLE,PHYSICAL_FAULT,
2026-01-01 00:02:30+00:00,ENG-DATASET-001,MSN-SENSOR_DRIFT-001,98.23,0.0041,99.8237,SENSOR_QUALITY_ISSUE,,,,0.359,UNRELIABLE,PHYSICAL_FAULT,
2026-01-01 00:02:31+00:00,ENG-DATASET-001,MSN-SENSOR_DRIFT-001,98.15,0.0042,105.9924,SENSOR_QUALITY_ISSUE,,,,0.359,UNRELIABLE,PHYSICAL_FAULT,
2026-01-01 00:02:32+00:00,ENG-DATASET-001,MSN-SENSOR_DRIFT-001,98.08,0.0044,112.2042,SENSOR_QUALITY_ISSUE,,,,0.359,UNRELIABLE,PHYSICAL_FAULT,
2026-01-01 00:02:33+00:00,ENG-DATASET-001,MSN-SENSOR_DRIFT-001,98.01,0.0046,118.4449,SENSOR_QUALITY_ISSUE,,,,0.359,UNRELIABLE,PHYSICAL_FAULT,
2026-01-01 00:02:34+00:00,ENG-DATASET-001,MSN-SENSOR_DRIFT-001,97.94,0.0047,124.7006,SENSOR_QUALITY_ISSUE,,,,0.359,UNRELIABLE,PHYSICAL_FAULT,
2026-01-01 00:02:35+00:00,ENG-DATASET-001,MSN-SENSOR_DRIFT-001,97.86,0.0049,131.0164,SENSOR_QUALITY_ISSUE,,,,0.359,UNRELIABLE,PHYSICAL_FAULT,
2026-01-01 00:02:36+00:00,ENG-DATASET-001,MSN-SENSOR_DRIFT-001,97.79,0.0051,137.3171,SENSOR_QUALITY_ISSUE,,,,0.359,UNRELIABLE,PHYSICAL_FAULT,
2026-01-01 00:02:37+00:00,ENG-DATASET-001,MSN-SENSOR_DRIFT-001,97.71,0.0052,143.6479,SENSOR_QUALITY_ISSUE,,,,0.359,UNRELIABLE,PHYSICAL_FAULT,
2026-01-01 00:02:38+00:00,ENG-DATASET-001,MSN-SENSOR_DRIFT-001,97.64,0.0054,149.9336,SENSOR_QUALITY_ISSUE,,,,0.359,UNRELIABLE,PHYSICAL_FAULT,
2026-01-01 00:02:39+00:00,ENG-DATASET-001,MSN-SENSOR_DRIFT-001,97.56,0.0056,156.2194,SENSOR_QUALITY_ISSUE,,,,0.359,UNRELIABLE,PHYSICAL_FAULT,
2026-01-01 00:02:40+00:00,ENG-DATASET-001,MSN-SENSOR_DRIFT-001,97.48,0.0058,162.4891,SENSOR_QUALITY_ISSUE,,,,0.359,UNRELIABLE,PHYSICAL_FAULT,
2026-01-01 00:02:41+00:00,ENG-DATASET-001,MSN-SENSOR_DRIFT-001,97.41,0.0059,168.6679,SENSOR_QUALITY_ISSUE,,,,0.358,UNRELIABLE,PHYSICAL_FAULT,
2026-01-01 00:02:42+00:00,ENG-DATASET-001,MSN-SENSOR_DRIFT-001,97.33,0.0061,174.8006,SENSOR_QUALITY_ISSUE,,,,0.358,UNRELIABLE,PHYSICAL_FAULT,
2026-01-01 00:02:43+00:00,ENG-DATASET-001,MSN-SENSOR_DRIFT-001,97.24,0.0063,180.9303,SENSOR_QUALITY_ISSUE,,,,0.358,UNRELIABLE,PHYSICAL_FAULT,
2026-01-01 00:02:44+00:00,ENG-DATASET-001,MSN-SENSOR_DRIFT-001,97.16,0.0065,186.9799,SENSOR_QUALITY_ISSUE,,,,0.358,UNRELIABLE,PHYSICAL_FAULT,
2026-01-01 00:02:45+00:00,ENG-DATASET-001,MSN-SENSOR_DRIFT-001,97.08,0.0067,192.9336,SENSOR_QUALITY_ISSUE,,,,0.358,UNRELIABLE,PHYSICAL_FAULT,
2026-01-01 00:02:46+00:00,ENG-DATASET-001,MSN-SENSOR_DRIFT-001,96.99,0.0069,198.8342,SENSOR_QUALITY_ISSUE,,,,0.358,UNRELIABLE,PHYSICAL_FAULT,
2026-01-01 00:02:47+00:00,ENG-DATASET-001,MSN-SENSOR_DRIFT-001,96.91,0.0071,204.6048,SENSOR_QUALITY_ISSUE,,,,0.358,UNRELIABLE,PHYSICAL_FAULT,
2026-01-01 00:02:48+00:00,ENG-DATASET-001,MSN-SENSOR_DRIFT-001,96.82,0.0073,210.2884,SENSOR_QUALITY_ISSUE,,,,0.358,UNRELIABLE,PHYSICAL_FAULT,
2026-01-01 00:02:49+00:00,ENG-DATASET-001,MSN-SENSOR_DRIFT-001,96.73,0.0075,215.867,SENSOR_QUALITY_ISSUE,,,,0.358,UNRELIABLE,PHYSICAL_FAULT,
2026-01-01 00:02:50+00:00,ENG-DATASET-001,MSN-SENSOR_DRIFT-001,96.64,0.0077,221.3225,SENSOR_QUALITY_ISSUE,,,,0.358,UNRELIABLE,PHYSICAL_FAULT,
2026-01-01 00:02:51+00:00,ENG-DATASET-001,MSN-SENSOR_DRIFT-001,96.54,0.0079,226.696,SENSOR_QUALITY_ISSUE,,,,0.358,UNRELIABLE,PHYSICAL_FAULT,
2026-01-01 00:02:52+00:00,ENG-DATASET-001,MSN-SENSOR_DRIFT-001,96.44,0.0081,231.9674,SENSOR_QUALITY_ISSUE,,,,0.358,UNRELIABLE,PHYSICAL_FAULT,
2026-01-01 00:02:53+00:00,ENG-DATASET-001,MSN-SENSOR_DRIFT-001,96.34,0.0084,237.1169,SENSOR_QUALITY_ISSUE,,,,0.358,UNRELIABLE,PHYSICAL_FAULT,
2026-01-01 00:02:54+00:00,ENG-DATASET-001,MSN-SENSOR_DRIFT-001,96.24,0.0086,242.1243,SENSOR_QUALITY_ISSUE,,,,0.358,UNRELIABLE,PHYSICAL_FAULT,
2026-01-01 00:02:55+00:00,ENG-DATASET-001,MSN-SENSOR_DRIFT-001,96.14,0.0088,246.9696,SENSOR_QUALITY_ISSUE,,,,0.358,UNRELIABLE,PHYSICAL_FAULT,
2026-01-01 00:02:56+00:00,ENG-DATASET-001,MSN-SENSOR_DRIFT-001,96.03,0.0091,251.6919,SENSOR_QUALITY_ISSUE,,,,0.358,UNRELIABLE,PHYSICAL_FAULT,
2026-01-01 00:02:57+00:00,ENG-DATASET-001,MSN-SENSOR_DRIFT-001,95.79,0.0101,257.0364,SENSOR_QUALITY_ISSUE,,,,0.356,UNRELIABLE,PHYSICAL_FAULT,
2026-01-01 00:02:58+00:00,ENG-DATASET-001,MSN-SENSOR_DRIFT-001,95.24,0.0111,264.7846,SENSOR_QUALITY_ISSUE,,,,0.355,UNRELIABLE,PHYSICAL_FAULT,
2026-01-01 00:02:59+00:00,ENG-DATASET-001,MSN-SENSOR_DRIFT-001,94.69,0.0122,274.8263,SENSOR_QUALITY_ISSUE,,,,0.353,UNRELIABLE,PHYSICAL_FAULT,
2026-01-01 00:03:00+00:00,ENG-DATASET-001,MSN-SENSOR_DRIFT-001,94.13,0.0132,287.1108,SENSOR_QUALITY_ISSUE,,,,0.352,UNRELIABLE,PHYSICAL_FAULT,
2026-01-01 00:03:01+00:00,ENG-DATASET-001,MSN-SENSOR_DRIFT-001,93.58,0.0143,301.4667,SENSOR_QUALITY_ISSUE,,,,0.351,UNRELIABLE,PHYSICAL_FAULT,
2026-01-01 00:03:02+00:00,ENG-DATASET-001,MSN-SENSOR_DRIFT-001,93.15,0.0145,317.1981,SENSOR_QUALITY_ISSUE,,,,0.351,UNRELIABLE,PHYSICAL_FAULT,
2026-01-01 00:03:03+00:00,ENG-DATASET-001,MSN-SENSOR_DRIFT-001,93.03,0.0148,332.3933,SENSOR_QUALITY_ISSUE,,,,0.351,UNRELIABLE,PHYSICAL_FAULT,
2026-01-01 00:03:04+00:00,ENG-DATASET-001,MSN-SENSOR_DRIFT-001,92.91,0.0151,347.1544,SENSOR_QUALITY_ISSUE,,,,0.351,UNRELIABLE,PHYSICAL_FAULT,
2026-01-01 00:03:05+00:00,ENG-DATASET-001,MSN-SENSOR_DRIFT-001,92.8,0.0153,361.4064,SENSOR_QUALITY_ISSUE,,,,0.35,UNRELIABLE,PHYSICAL_FAULT,
2026-01-01 00:03:06+00:00,ENG-DATASET-001,MSN-SENSOR_DRIFT-001,92.68,0.0156,375.3163,SENSOR_QUALITY_ISSUE,,,,0.35,UNRELIABLE,PHYSICAL_FAULT,
2026-01-01 00:03:07+00:00,ENG-DATASET-001,MSN-SENSOR_DRIFT-001,92.55,0.0159,388.87,SENSOR_QUALITY_ISSUE,,,,0.35,UNRELIABLE,PHYSICAL_FAULT,
2026-01-01 00:03:08+00:00,ENG-DATASET-001,MSN-SENSOR_DRIFT-001,92.43,0.0161,402.0537,SENSOR_QUALITY_ISSUE,,,,0.35,UNRELIABLE,PHYSICAL_FAULT,
2026-01-01 00:03:09+00:00,ENG-DATASET-001,MSN-SENSOR_DRIFT-001,92.31,0.0164,414.8552,SENSOR_QUALITY_ISSUE,,,,0.35,UNRELIABLE,PHYSICAL_FAULT,
2026-01-01 00:03:10+00:00,ENG-DATASET-001,MSN-SENSOR_DRIFT-001,92.19,0.0167,427.2017,SENSOR_QUALITY_ISSUE,,,,0.35,UNRELIABLE,PHYSICAL_FAULT,
2026-01-01 00:03:11+00:00,ENG-DATASET-001,MSN-SENSOR_DRIFT-001,92.08,0.0169,439.081,SENSOR_QUALITY_ISSUE,,,,0.35,UNRELIABLE,PHYSICAL_FAULT,
2026-01-01 00:03:12+00:00,ENG-DATASET-001,MSN-SENSOR_DRIFT-001,91.96,0.0172,450.6032,SENSOR_QUALITY_ISSUE,,,,0.35,UNRELIABLE,PHYSICAL_FAULT,
2026-01-01 00:03:13+00:00,ENG-DATASET-001,MSN-SENSOR_DRIFT-001,91.84,0.0174,461.6972,SENSOR_QUALITY_ISSUE,,,,0.35,UNRELIABLE,PHYSICAL_FAULT,
2026-01-01 00:03:14+00:00,ENG-DATASET-001,MSN-SENSOR_DRIFT-001,91.73,0.0177,472.2922,SENSOR_QUALITY_ISSUE,,,,0.35,UNRELIABLE,PHYSICAL_FAULT,
2026-01-01 00:03:15+00:00,ENG-DATASET-001,MSN-SENSOR_DRIFT-001,91.31,0.0201,484.2685,SENSOR_QUALITY_ISSUE,,,,0.349,UNRELIABLE,PHYSICAL_FAULT,
2026-01-01 00:03:16+00:00,ENG-DATASET-001,MSN-SENSOR_DRIFT-001,90.18,0.0225,501.6854,SENSOR_QUALITY_ISSUE,,,,0.347,UNRELIABLE,PHYSICAL_FAULT,
2026-01-01 00:03:17+00:00,ENG-DATASET-001,MSN-SENSOR_DRIFT-001,89.91,0.018,519.3143,SENSOR_QUALITY_ISSUE,,,,0.28,UNRELIABLE,SENSOR_FAULT,cht
2026-01-01 00:03:18+00:00,ENG-DATASET-001,MSN-SENSOR_DRIFT-001,88.73,0.0208,542.4857,SENSOR_QUALITY_ISSUE,,,,0.28,UNRELIABLE,SENSOR_FAULT,cht
2026-01-01 00:03:19+00:00,ENG-DATASET-001,MSN-SENSOR_DRIFT-001,87.53,0.0235,571.0956,SENSOR_QUALITY_ISSUE,,,,0.28,UNRELIABLE,SENSOR_FAULT,cht
2026-01-01 00:03:20+00:00,ENG-DATASET-001,MSN-SENSOR_DRIFT-001,86.69,0.0237,602.7934,SENSOR_QUALITY_ISSUE,,,,0.281,UNRELIABLE,SENSOR_FAULT,cht
2026-01-01 00:03:21+00:00,ENG-DATASET-001,MSN-SENSOR_DRIFT-001,86.55,0.0239,633.2939,SENSOR_QUALITY_ISSUE,,,,0.282,UNRELIABLE,SENSOR_FAULT,cht
2026-01-01 00:03:22+00:00,ENG-DATASET-001,MSN-SENSOR_DRIFT-001,86.41,0.0241,662.5831,SENSOR_QUALITY_ISSUE,,,,0.283,UNRELIABLE,SENSOR_FAULT,cht
2026-01-01 00:03:23+00:00,ENG-DATASET-001,MSN-SENSOR_DRIFT-001,86.28,0.0243,690.5878,SENSOR_QUALITY_ISSUE,,,,0.284,UNRELIABLE,SENSOR_FAULT,cht
2026-01-01 00:03:24+00:00,ENG-DATASET-001,MSN-SENSOR_DRIFT-001,86.15,0.0244,717.2962,SENSOR_QUALITY_ISSUE,,,,0.284,UNRELIABLE,SENSOR_FAULT,cht
2026-01-01 00:03:25+00:00,ENG-DATASET-001,MSN-SENSOR_DRIFT-001,86.02,0.0246,742.6963,SENSOR_QUALITY_ISSUE,,,,0.286,UNRELIABLE,SENSOR_FAULT,cht
2026-01-01 00:03:26+00:00,ENG-DATASET-001,MSN-SENSOR_DRIFT-001,85.89,0.0248,766.776,SENSOR_QUALITY_ISSUE,,,,0.286,UNRELIABLE,SENSOR_FAULT,cht
2026-01-01 00:03:27+00:00,ENG-DATASET-001,MSN-SENSOR_DRIFT-001,85.76,0.025,789.5233,SENSOR_QUALITY_ISSUE,,,,0.287,UNRELIABLE,SENSOR_FAULT,cht
2026-01-01 00:03:28+00:00,ENG-DATASET-001,MSN-SENSOR_DRIFT-001,85.63,0.0252,810.9873,SENSOR_QUALITY_ISSUE,,,,0.288,UNRELIABLE,SENSOR_FAULT,cht
2026-01-01 00:03:29+00:00,ENG-DATASET-001,MSN-SENSOR_DRIFT-001,85.5,0.0254,831.0969,SENSOR_QUALITY_ISSUE,,,,0.289,UNRELIABLE,SENSOR_FAULT,cht
2026-01-01 00:03:30+00:00,ENG-DATASET-001,MSN-SENSOR_DRIFT-001,85.37,0.0256,849.8401,SENSOR_QUALITY_ISSUE,,,,0.289,UNRELIABLE,SENSOR_FAULT,cht
2026-01-01 00:03:31+00:00,ENG-DATASET-001,MSN-SENSOR_DRIFT-001,85.24,0.0258,867.2659,SENSOR_QUALITY_ISSUE,,,,0.29,UNRELIABLE,SENSOR_FAULT,cht
2026-01-01 00:03:32+00:00,ENG-DATASET-001,MSN-SENSOR_DRIFT-001,85.1,0.026,883.3624,SENSOR_QUALITY_ISSUE,,,,0.29,UNRELIABLE,SENSOR_FAULT,cht
2026-01-01 00:03:33+00:00,ENG-DATASET-001,MSN-SENSOR_DRIFT-001,84.97,0.0262,898.0565,SENSOR_QUALITY_ISSUE,,,,0.291,UNRELIABLE,SENSOR_FAULT,cht
2026-01-01 00:03:34+00:00,ENG-DATASET-001,MSN-SENSOR_DRIFT-001,84.82,0.0265,911.4542,SENSOR_QUALITY_ISSUE,,,,0.292,UNRELIABLE,SENSOR_FAULT,cht
2026-01-01 00:03:35+00:00,ENG-DATASET-001,MSN-SENSOR_DRIFT-001,84.68,0.0267,923.5415,SENSOR_QUALITY_ISSUE,,,,0.292,UNRELIABLE,SENSOR_FAULT,cht
2026-01-01 00:03:36+00:00,ENG-DATASET-001,MSN-SENSOR_DRIFT-001,84.53,0.027,934.3045,SENSOR_QUALITY_ISSUE,,,,0.293,UNRELIABLE,SENSOR_FAULT,cht
2026-01-01 00:03:37+00:00,ENG-DATASET-001,MSN-SENSOR_DRIFT-001,84.37,0.0272,943.8472,SENSOR_QUALITY_ISSUE,,,,0.293,UNRELIABLE,SENSOR_FAULT,cht
2026-01-01 00:03:38+00:00,ENG-DATASET-001,MSN-SENSOR_DRIFT-001,84.21,0.0275,952.0925,SENSOR_QUALITY_ISSUE,,,,0.293,UNRELIABLE,SENSOR_FAULT,cht
2026-01-01 00:03:39+00:00,ENG-DATASET-001,MSN-SENSOR_DRIFT-001,84.05,0.0278,959.0834,SENSOR_QUALITY_ISSUE,,,,0.294,UNRELIABLE,SENSOR_FAULT,cht
2026-01-01 00:03:40+00:00,ENG-DATASET-001,MSN-SENSOR_DRIFT-001,83.88,0.0281,964.863,SENSOR_QUALITY_ISSUE,,,,0.295,UNRELIABLE,SENSOR_FAULT,cht
2026-01-01 00:03:41+00:00,ENG-DATASET-001,MSN-SENSOR_DRIFT-001,83.71,0.0285,969.3523,SENSOR_QUALITY_ISSUE,,,,0.295,UNRELIABLE,SENSOR_FAULT,cht
2026-01-01 00:03:42+00:00,ENG-DATASET-001,MSN-SENSOR_DRIFT-001,83.52,0.0288,972.7102,SENSOR_QUALITY_ISSUE,,,,0.295,UNRELIABLE,SENSOR_FAULT,cht
2026-01-01 00:03:43+00:00,ENG-DATASET-001,MSN-SENSOR_DRIFT-001,83.34,0.0292,974.9168,SENSOR_QUALITY_ISSUE,,,,0.296,UNRELIABLE,SENSOR_FAULT,cht
2026-01-01 00:03:44+00:00,ENG-DATASET-001,MSN-SENSOR_DRIFT-001,83.14,0.0295,976.0111,SENSOR_QUALITY_ISSUE,,,,0.296,UNRELIABLE,SENSOR_FAULT,cht
2026-01-01 00:03:45+00:00,ENG-DATASET-001,MSN-SENSOR_DRIFT-001,82.94,0.0299,975.9691,SENSOR_QUALITY_ISSUE,,,,0.297,UNRELIABLE,SENSOR_FAULT,cht
2026-01-01 00:03:46+00:00,ENG-DATASET-001,MSN-SENSOR_DRIFT-001,82.74,0.0303,974.8278,SENSOR_QUALITY_ISSUE,,,,0.298,UNRELIABLE,SENSOR_FAULT,cht
2026-01-01 00:03:47+00:00,ENG-DATASET-001,MSN-SENSOR_DRIFT-001,82.53,0.0307,972.5632,SENSOR_QUALITY_ISSUE,,,,0.298,UNRELIABLE,SENSOR_FAULT,cht
2026-01-01 00:03:48+00:00,ENG-DATASET-001,MSN-SENSOR_DRIFT-001,82.31,0.0311,969.2692,SENSOR_QUALITY_ISSUE,,,,0.299,UNRELIABLE,SENSOR_FAULT,cht
2026-01-01 00:03:49+00:00,ENG-DATASET-001,MSN-SENSOR_DRIFT-001,82.1,0.0315,964.861,SENSOR_QUALITY_ISSUE,,,,0.299,UNRELIABLE,SENSOR_FAULT,cht
2026-01-01 00:03:50+00:00,ENG-DATASET-001,MSN-SENSOR_DRIFT-001,81.88,0.0319,959.3735,SENSOR_QUALITY_ISSUE,,,,0.299,UNRELIABLE,SENSOR_FAULT,cht
2026-01-01 00:03:51+00:00,ENG-DATASET-001,MSN-SENSOR_DRIFT-001,81.65,0.0323,952.9007,SENSOR_QUALITY_ISSUE,,,,0.3,UNRELIABLE,SENSOR_FAULT,cht
2026-01-01 00:03:52+00:00,ENG-DATASET-001,MSN-SENSOR_DRIFT-001,81.43,0.0327,945.3576,SENSOR_QUALITY_ISSUE,,,,0.301,UNRELIABLE,SENSOR_FAULT,cht
2026-01-01 00:03:53+00:00,ENG-DATASET-001,MSN-SENSOR_DRIFT-001,81.22,0.0331,936.6612,SENSOR_QUALITY_ISSUE,,,,0.301,UNRELIABLE,SENSOR_FAULT,cht
2026-01-01 00:03:54+00:00,ENG-DATASET-001,MSN-SENSOR_DRIFT-001,81.05,0.0335,926.5534,SENSOR_QUALITY_ISSUE,,,,0.302,UNRELIABLE,SENSOR_FAULT,cht
2026-01-01 00:03:55+00:00,ENG-DATASET-001,MSN-SENSOR_DRIFT-001,80.88,0.0339,915.0202,SENSOR_QUALITY_ISSUE,,,,0.302,UNRELIABLE,SENSOR_FAULT,cht
2026-01-01 00:03:56+00:00,ENG-DATASET-001,MSN-SENSOR_DRIFT-001,80.72,0.0343,902.0496,SENSOR_QUALITY_ISSUE,,,,0.304,UNRELIABLE,SENSOR_FAULT,cht
2026-01-01 00:03:57+00:00,ENG-DATASET-001,MSN-SENSOR_DRIFT-001,80.56,0.0347,888.4248,SENSOR_QUALITY_ISSUE,,,,0.304,UNRELIABLE,SENSOR_FAULT,cht
2026-01-01 00:03:58+00:00,ENG-DATASET-001,MSN-SENSOR_DRIFT-001,80.4,0.0351,876.0533,SENSOR_QUALITY_ISSUE,,,,0.305,UNRELIABLE,SENSOR_FAULT,cht
2026-01-01 00:03:59+00:00,ENG-DATASET-001,MSN-SENSOR_DRIFT-001,80.25,0.0354,864.9543,SENSOR_QUALITY_ISSUE,,,,0.305,UNRELIABLE,SENSOR_FAULT,cht
2026-01-01 00:04:00+00:00,ENG-DATASET-001,MSN-SENSOR_DRIFT-001,80.13,0.0356,855.0915,SENSOR_QUALITY_ISSUE,,,,0.307,UNRELIABLE,SENSOR_FAULT,cht
2026-01-01 00:04:01+00:00,ENG-DATASET-001,MSN-SENSOR_DRIFT-001,80.05,0.0357,846.2561,SENSOR_QUALITY_ISSUE,,,,0.308,UNRELIABLE,SENSOR_FAULT,cht
2026-01-01 00:04:02+00:00,ENG-DATASET-001,MSN-SENSOR_DRIFT-001,80.0,0.0357,837.6327,SENSOR_QUALITY_ISSUE,,,,0.309,UNRELIABLE,SENSOR_FAULT,cht
2026-01-01 00:04:03+00:00,ENG-DATASET-001,MSN-SENSOR_DRIFT-001,79.98,0.0357,827.2288,SENSOR_QUALITY_ISSUE,,,,0.309,UNRELIABLE,SENSOR_FAULT,cht
2026-01-01 00:04:04+00:00,ENG-DATASET-001,MSN-SENSOR_DRIFT-001,79.98,0.0356,814.9464,SENSOR_QUALITY_ISSUE,,,,0.309,UNRELIABLE,SENSOR_FAULT,cht
2026-01-01 00:04:05+00:00,ENG-DATASET-001,MSN-SENSOR_DRIFT-001,79.99,0.0357,800.6894,SENSOR_QUALITY_ISSUE,,,,0.309,UNRELIABLE,SENSOR_FAULT,cht
2026-01-01 00:04:06+00:00,ENG-DATASET-001,MSN-SENSOR_DRIFT-001,79.98,0.0357,784.661,SENSOR_QUALITY_ISSUE,,,,0.309,UNRELIABLE,SENSOR_FAULT,cht
2026-01-01 00:04:07+00:00,ENG-DATASET-001,MSN-SENSOR_DRIFT-001,79.97,0.0357,766.944,SENSOR_QUALITY_ISSUE,,,,0.309,UNRELIABLE,SENSOR_FAULT,cht
2026-01-01 00:04:08+00:00,ENG-DATASET-001,MSN-SENSOR_DRIFT-001,79.97,0.0357,747.4426,SENSOR_QUALITY_ISSUE,,,,0.309,UNRELIABLE,SENSOR_FAULT,cht
2026-01-01 00:04:09+00:00,ENG-DATASET-001,MSN-SENSOR_DRIFT-001,79.98,0.0356,726.1217,SENSOR_QUALITY_ISSUE,,,,0.309,UNRELIABLE,SENSOR_FAULT,cht
2026-01-01 00:04:10+00:00,ENG-DATASET-001,MSN-SENSOR_DRIFT-001,79.99,0.0356,703.0073,SENSOR_QUALITY_ISSUE,,,,0.309,UNRELIABLE,SENSOR_FAULT,cht
2026-01-01 00:04:11+00:00,ENG-DATASET-001,MSN-SENSOR_DRIFT-001,80.01,0.0355,678.0053,SENSOR_QUALITY_ISSUE,,,,0.309,UNRELIABLE,SENSOR_FAULT,cht
2026-01-01 00:04:12+00:00,ENG-DATASET-001,MSN-SENSOR_DRIFT-001,80.03,0.0355,651.2029,SENSOR_QUALITY_ISSUE,,,,0.309,UNRELIABLE,SENSOR_FAULT,cht
2026-01-01 00:04:13+00:00,ENG-DATASET-001,MSN-SENSOR_DRIFT-001,80.05,0.0354,622.628,SENSOR_QUALITY_ISSUE,,,,0.309,UNRELIABLE,SENSOR_FAULT,cht
2026-01-01 00:04:14+00:00,ENG-DATASET-001,MSN-SENSOR_DRIFT-001,80.07,0.0354,592.2475,SENSOR_QUALITY_ISSUE,,,,0.309,UNRELIABLE,SENSOR_FAULT,cht
2026-01-01 00:04:15+00:00,ENG-DATASET-001,MSN-SENSOR_DRIFT-001,80.09,0.0353,561.9791,SENSOR_QUALITY_ISSUE,,,,0.309,UNRELIABLE,SENSOR_FAULT,cht
2026-01-01 00:04:16+00:00,ENG-DATASET-001,MSN-SENSOR_DRIFT-001,80.11,0.0353,536.243,SENSOR_QUALITY_ISSUE,,,,0.309,UNRELIABLE,SENSOR_FAULT,cht
2026-01-01 00:04:17+00:00,ENG-DATASET-001,MSN-SENSOR_DRIFT-001,80.13,0.0352,510.0217,SENSOR_QUALITY_ISSUE,,,,0.309,UNRELIABLE,SENSOR_FAULT,cht
2026-01-01 00:04:18+00:00,ENG-DATASET-001,MSN-SENSOR_DRIFT-001,80.15,0.0352,488.9258,SENSOR_QUALITY_ISSUE,,,,0.309,UNRELIABLE,SENSOR_FAULT,cht
2026-01-01 00:04:19+00:00,ENG-DATASET-001,MSN-SENSOR_DRIFT-001,80.16,0.0352,473.3765,SENSOR_QUALITY_ISSUE,,,,0.309,UNRELIABLE,SENSOR_FAULT,cht
2026-01-01 00:04:20+00:00,ENG-DATASET-001,MSN-SENSOR_DRIFT-001,80.17,0.0352,461.4192,SENSOR_QUALITY_ISSUE,,,,0.309,UNRELIABLE,SENSOR_FAULT,cht
2026-01-01 00:04:21+00:00,ENG-DATASET-001,MSN-SENSOR_DRIFT-001,80.17,0.0352,449.0117,SENSOR_QUALITY_ISSUE,,,,0.309,UNRELIABLE,SENSOR_FAULT,cht
2026-01-01 00:04:22+00:00,ENG-DATASET-001,MSN-SENSOR_DRIFT-001,80.16,0.0352,436.2412,SENSOR_QUALITY_ISSUE,,,,0.309,UNRELIABLE,SENSOR_FAULT,cht
2026-01-01 00:04:23+00:00,ENG-DATASET-001,MSN-SENSOR_DRIFT-001,80.15,0.0352,423.0725,SENSOR_QUALITY_ISSUE,,,,0.309,UNRELIABLE,SENSOR_FAULT,cht
2026-01-01 00:04:24+00:00,ENG-DATASET-001,MSN-SENSOR_DRIFT-001,80.13,0.0353,409.5888,SENSOR_QUALITY_ISSUE,,,,0.309,UNRELIABLE,SENSOR_FAULT,cht
2026-01-01 00:04:25+00:00,ENG-DATASET-001,MSN-SENSOR_DRIFT-001,80.11,0.0354,395.8119,SENSOR_QUALITY_ISSUE,,,,0.309,UNRELIABLE,SENSOR_FAULT,cht
2026-01-01 00:04:26+00:00,ENG-DATASET-001,MSN-SENSOR_DRIFT-001,80.08,0.0355,381.8231,SENSOR_QUALITY_ISSUE,,,,0.308,UNRELIABLE,SENSOR_FAULT,cht
2026-01-01 00:04:27+00:00,ENG-DATASET-001,MSN-SENSOR_DRIFT-001,80.04,0.0356,367.7011,SENSOR_QUALITY_ISSUE,,,,0.308,UNRELIABLE,SENSOR_FAULT,cht
2026-01-01 00:04:28+00:00,ENG-DATASET-001,MSN-SENSOR_DRIFT-001,79.99,0.0357,353.5232,SENSOR_QUALITY_ISSUE,,,,0.308,UNRELIABLE,SENSOR_FAULT,cht
2026-01-01 00:04:29+00:00,ENG-DATASET-001,MSN-SENSOR_DRIFT-001,79.94,0.0358,339.3053,SENSOR_QUALITY_ISSUE,,,,0.308,UNRELIABLE,SENSOR_FAULT,cht
2026-01-01 00:04:30+00:00,ENG-DATASET-001,MSN-SENSOR_DRIFT-001,79.88,0.036,325.1223,SENSOR_QUALITY_ISSUE,,,,0.308,UNRELIABLE,SENSOR_FAULT,cht
2026-01-01 00:04:31+00:00,ENG-DATASET-001,MSN-SENSOR_DRIFT-001,79.81,0.0362,311.0474,SENSOR_QUALITY_ISSUE,,,,0.308,UNRELIABLE,SENSOR_FAULT,cht
2026-01-01 00:04:32+00:00,ENG-DATASET-001,MSN-SENSOR_DRIFT-001,79.73,0.0364,297.2126,SENSOR_QUALITY_ISSUE,,,,0.308,UNRELIABLE,SENSOR_FAULT,cht
2026-01-01 00:04:33+00:00,ENG-DATASET-001,MSN-SENSOR_DRIFT-001,79.65,0.0366,283.5688,SENSOR_QUALITY_ISSUE,,,,0.308,UNRELIABLE,SENSOR_FAULT,cht
2026-01-01 00:04:34+00:00,ENG-DATASET-001,MSN-SENSOR_DRIFT-001,79.56,0.0368,270.3071,SENSOR_QUALITY_ISSUE,,,,0.308,UNRELIABLE,SENSOR_FAULT,cht
2026-01-01 00:04:35+00:00,ENG-DATASET-001,MSN-SENSOR_DRIFT-001,79.47,0.0371,257.3785,SENSOR_QUALITY_ISSUE,,,,0.308,UNRELIABLE,SENSOR_FAULT,cht
2026-01-01 00:04:36+00:00,ENG-DATASET-001,MSN-SENSOR_DRIFT-001,79.37,0.0373,244.913,SENSOR_QUALITY_ISSUE,,,,0.308,UNRELIABLE,SENSOR_FAULT,cht
2026-01-01 00:04:37+00:00,ENG-DATASET-001,MSN-SENSOR_DRIFT-001,79.27,0.0376,232.9817,SENSOR_QUALITY_ISSUE,,,,0.308,UNRELIABLE,SENSOR_FAULT,cht
2026-01-01 00:04:38+00:00,ENG-DATASET-001,MSN-SENSOR_DRIFT-001,79.16,0.0379,221.6556,SENSOR_QUALITY_ISSUE,,,,0.308,UNRELIABLE,SENSOR_FAULT,cht
2026-01-01 00:04:39+00:00,ENG-DATASET-001,MSN-SENSOR_DRIFT-001,78.97,0.0387,211.4167,SENSOR_QUALITY_ISSUE,,,,0.305,UNRELIABLE,SENSOR_FAULT,cht
2026-01-01 00:04:40+00:00,ENG-DATASET-001,MSN-SENSOR_DRIFT-001,78.62,0.0396,203.2645,SENSOR_QUALITY_ISSUE,,,,0.305,UNRELIABLE,SENSOR_FAULT,cht
2026-01-01 00:04:41+00:00,ENG-DATASET-001,MSN-SENSOR_DRIFT-001,78.07,0.0416,198.3431,SENSOR_QUALITY_ISSUE,,,,0.304,UNRELIABLE,SENSOR_FAULT,cht
2026-01-01 00:04:42+00:00,ENG-DATASET-001,MSN-SENSOR_DRIFT-001,77.1,0.0437,199.1773,SENSOR_QUALITY_ISSUE,,,,0.304,UNRELIABLE,SENSOR_FAULT,cht
2026-01-01 00:04:43+00:00,ENG-DATASET-001,MSN-SENSOR_DRIFT-001,74.89,0.0553,212.8681,SENSOR_QUALITY_ISSUE,,,,0.333,UNRELIABLE,PHYSICAL_FAULT,
2026-01-01 00:04:44+00:00,ENG-DATASET-001,MSN-SENSOR_DRIFT-001,73.99,0.0568,231.4003,SENSOR_QUALITY_ISSUE,,,,0.331,UNRELIABLE,PHYSICAL_FAULT,
2026-01-01 00:04:45+00:00,ENG-DATASET-001,MSN-SENSOR_DRIFT-001,73.26,0.0583,253.6305,SENSOR_QUALITY_ISSUE,,,,0.33,UNRELIABLE,PHYSICAL_FAULT,
2026-01-01 00:04:46+00:00,ENG-DATASET-001,MSN-SENSOR_DRIFT-001,72.71,0.0585,278.3903,SENSOR_QUALITY_ISSUE,,,,0.33,UNRELIABLE,PHYSICAL_FAULT,
2026-01-01 00:04:47+00:00,ENG-DATASET-001,MSN-SENSOR_DRIFT-001,72.6,0.0587,303.0742,SENSOR_QUALITY_ISSUE,,,,0.33,UNRELIABLE,PHYSICAL_FAULT,
2026-01-01 00:04:48+00:00,ENG-DATASET-001,MSN-SENSOR_DRIFT-001,72.49,0.059,327.763,SENSOR_QUALITY_ISSUE,,,,0.33,UNRELIABLE,PHYSICAL_FAULT,
2026-01-01 00:04:49+00:00,ENG-DATASET-001,MSN-SENSOR_DRIFT-001,72.4,0.0591,352.2999,SENSOR_QUALITY_ISSUE,,,,0.329,UNRELIABLE,PHYSICAL_FAULT,
2026-01-01 00:04:50+00:00,ENG-DATASET-001,MSN-SENSOR_DRIFT-001,72.32,0.0593,376.7106,SENSOR_QUALITY_ISSUE,,,,0.329,UNRELIABLE,PHYSICAL_FAULT,
2026-01-01 00:04:51+00:00,ENG-DATASET-001,MSN-SENSOR_DRIFT-001,72.25,0.0594,401.0254,SENSOR_QUALITY_ISSUE,,,,0.329,UNRELIABLE,PHYSICAL_FAULT,
2026-01-01 00:04:52+00:00,ENG-DATASET-001,MSN-SENSOR_DRIFT-001,72.21,0.0595,425.0381,SENSOR_QUALITY_ISSUE,,,,0.329,UNRELIABLE,PHYSICAL_FAULT,
2026-01-01 00:04:53+00:00,ENG-DATASET-001,MSN-SENSOR_DRIFT-001,72.17,0.0595,448.7236,SENSOR_QUALITY_ISSUE,,,,0.329,UNRELIABLE,PHYSICAL_FAULT,
2026-01-01 00:04:54+00:00,ENG-DATASET-001,MSN-SENSOR_DRIFT-001,72.14,0.0596,471.8131,SENSOR_QUALITY_ISSUE,,,,0.329,UNRELIABLE,PHYSICAL_FAULT,
2026-01-01 00:04:55+00:00,ENG-DATASET-001,MSN-SENSOR_DRIFT-001,72.13,0.0596,494.2163,SENSOR_QUALITY_ISSUE,,,,0.329,UNRELIABLE,PHYSICAL_FAULT,
2026-01-01 00:04:56+00:00,ENG-DATASET-001,MSN-SENSOR_DRIFT-001,72.13,0.0595,515.8453,SENSOR_QUALITY_ISSUE,,,,0.329,UNRELIABLE,PHYSICAL_FAULT,
2026-01-01 00:04:57+00:00,ENG-DATASET-001,MSN-SENSOR_DRIFT-001,72.15,0.0595,536.6141,SENSOR_QUALITY_ISSUE,,,,0.329,UNRELIABLE,PHYSICAL_FAULT,
2026-01-01 00:04:58+00:00,ENG-DATASET-001,MSN-SENSOR_DRIFT-001,72.17,0.0594,556.5586,SENSOR_QUALITY_ISSUE,,,,0.329,UNRELIABLE,PHYSICAL_FAULT,
2026-01-01 00:04:59+00:00,ENG-DATASET-001,MSN-SENSOR_DRIFT-001,72.21,0.0593,575.5359,SENSOR_QUALITY_ISSUE,,,,0.329,UNRELIABLE,PHYSICAL_FAULT,
2026-01-01 00:05:00+00:00,ENG-DATASET-001,MSN-SENSOR_DRIFT-001,74.44,0.0426,580.4762,SENSOR_QUALITY_ISSUE,,,,0.332,UNRELIABLE,SENSOR_FAULT,cht
2026-01-01 00:00:01+00:00,ENG-DATASET-002,MSN-SENSOR_DRIFT-002,100.0,0.0,0.0,HEALTHY,,,,0.05,INSUFFICIENT_HISTORY,NORMAL,
2026-01-01 00:00:02+00:00,ENG-DATASET-002,MSN-SENSOR_DRIFT-002,100.0,0.0,0.0,HEALTHY,,,,0.1,INSUFFICIENT_HISTORY,NORMAL,
2026-01-01 00:00:03+00:00,ENG-DATASET-002,MSN-SENSOR_DRIFT-002,100.0,0.0,0.0,HEALTHY,,,,0.15,INSUFFICIENT_HISTORY,NORMAL,
2026-01-01 00:00:04+00:00,ENG-DATASET-002,MSN-SENSOR_DRIFT-002,100.0,0.0,0.0,HEALTHY,,,,0.2,INSUFFICIENT_HISTORY,NORMAL,
2026-01-01 00:00:05+00:00,ENG-DATASET-002,MSN-SENSOR_DRIFT-002,100.0,0.0,0.0,HEALTHY,,,,0.25,STABLE,NORMAL,
2026-01-01 00:00:06+00:00,ENG-DATASET-002,MSN-SENSOR_DRIFT-002,100.0,0.0,0.0,HEALTHY,,,,0.3,STABLE,NORMAL,
2026-01-01 00:00:07+00:00,ENG-DATASET-002,MSN-SENSOR_DRIFT-002,100.0,0.0,0.0,HEALTHY,,,,0.35,STABLE,NORMAL,
2026-01-01 00:00:08+00:00,ENG-DATASET-002,MSN-SENSOR_DRIFT-002,100.0,0.0,0.0,HEALTHY,,,,0.4,STABLE,NORMAL,
2026-01-01 00:00:09+00:00,ENG-DATASET-002,MSN-SENSOR_DRIFT-002,100.0,0.0,0.0,HEALTHY,,,,0.45,STABLE,NORMAL,
2026-01-01 00:00:10+00:00,ENG-DATASET-002,MSN-SENSOR_DRIFT-002,100.0,0.0,0.0,HEALTHY,,,,0.5,STABLE,NORMAL,
2026-01-01 00:00:11+00:00,ENG-DATASET-002,MSN-SENSOR_DRIFT-002,100.0,0.0,0.0,HEALTHY,,,,0.55,STABLE,NORMAL,
2026-01-01 00:00:12+00:00,ENG-DATASET-002,MSN-SENSOR_DRIFT-002,100.0,0.0,0.0,HEALTHY,,,,0.6,STABLE,NORMAL,
2026-01-01 00:00:13+00:00,ENG-DATASET-002,MSN-SENSOR_DRIFT-002,100.0,0.0,0.0,HEALTHY,,,,0.65,STABLE,NORMAL,
2026-01-01 00:00:14+00:00,ENG-DATASET-002,MSN-SENSOR_DRIFT-002,100.0,0.0,0.0,HEALTHY,,,,0.7,STABLE,NORMAL,
2026-01-01 00:00:15+00:00,ENG-DATASET-002,MSN-SENSOR_DRIFT-002,100.0,0.0,0.0,HEALTHY,,,,0.75,STABLE,NORMAL,
2026-01-01 00:00:16+00:00,ENG-DATASET-002,MSN-SENSOR_DRIFT-002,100.0,0.0,0.0,HEALTHY,,,,0.8,STABLE,NORMAL,
2026-01-01 00:00:17+00:00,ENG-DATASET-002,MSN-SENSOR_DRIFT-002,100.0,0.0,0.0,HEALTHY,,,,0.85,STABLE,NORMAL,
2026-01-01 00:00:18+00:00,ENG-DATASET-002,MSN-SENSOR_DRIFT-002,100.0,0.0,0.0,HEALTHY,,,,0.9,STABLE,NORMAL,
2026-01-01 00:00:19+00:00,ENG-DATASET-002,MSN-SENSOR_DRIFT-002,100.0,0.0,0.0,HEALTHY,,,,0.95,STABLE,NORMAL,
2026-01-01 00:00:20+00:00,ENG-DATASET-002,MSN-SENSOR_DRIFT-002,100.0,0.0,0.0,HEALTHY,,,,1.0,STABLE,NORMAL,
2026-01-01 00:00:21+00:00,ENG-DATASET-002,MSN-SENSOR_DRIFT-002,100.0,0.0,0.0,HEALTHY,,,,1.0,STABLE,NORMAL,
2026-01-01 00:00:22+00:00,ENG-DATASET-002,MSN-SENSOR_DRIFT-002,100.0,0.0,0.0,HEALTHY,,,,1.0,STABLE,NORMAL,
2026-01-01 00:00:23+00:00,ENG-DATASET-002,MSN-SENSOR_DRIFT-002,100.0,0.0,0.0,HEALTHY,,,,1.0,STABLE,NORMAL,
2026-01-01 00:00:24+00:00,ENG-DATASET-002,MSN-SENSOR_DRIFT-002,100.0,0.0,0.0,HEALTHY,,,,1.0,STABLE,NORMAL,
2026-01-01 00:00:25+00:00,ENG-DATASET-002,MSN-SENSOR_DRIFT-002,100.0,0.0,0.0,HEALTHY,,,,1.0,STABLE,NORMAL,
2026-01-01 00:00:26+00:00,ENG-DATASET-002,MSN-SENSOR_DRIFT-002,100.0,0.0,0.0,HEALTHY,,,,1.0,STABLE,NORMAL,
2026-01-01 00:00:27+00:00,ENG-DATASET-002,MSN-SENSOR_DRIFT-002,100.0,0.0,0.0,HEALTHY,,,,1.0,STABLE,NORMAL,
2026-01-01 00:00:28+00:00,ENG-DATASET-002,MSN-SENSOR_DRIFT-002,100.0,0.0,0.0,HEALTHY,,,,1.0,STABLE,NORMAL,
2026-01-01 00:00:29+00:00,ENG-DATASET-002,MSN-SENSOR_DRIFT-002,100.0,0.0,0.0,HEALTHY,,,,1.0,STABLE,NORMAL,
2026-01-01 00:00:30+00:00,ENG-DATASET-002,MSN-SENSOR_DRIFT-002,100.0,0.0,0.0,HEALTHY,,,,1.0,STABLE,NORMAL,
2026-01-01 00:00:31+00:00,ENG-DATASET-002,MSN-SENSOR_DRIFT-002,100.0,0.0,0.0,HEALTHY,,,,1.0,STABLE,NORMAL,
2026-01-01 00:00:32+00:00,ENG-DATASET-002,MSN-SENSOR_DRIFT-002,100.0,0.0,0.0,HEALTHY,,,,1.0,STABLE,NORMAL,
2026-01-01 00:00:33+00:00,ENG-DATASET-002,MSN-SENSOR_DRIFT-002,100.0,0.0,0.0,HEALTHY,,,,1.0,STABLE,NORMAL,
2026-01-01 00:00:34+00:00,ENG-DATASET-002,MSN-SENSOR_DRIFT-002,100.0,0.0,0.0,HEALTHY,,,,1.0,STABLE,NORMAL,
2026-01-01 00:00:35+00:00,ENG-DATASET-002,MSN-SENSOR_DRIFT-002,100.0,0.0,0.0,HEALTHY,,,,1.0,STABLE,NORMAL,
2026-01-01 00:00:36+00:00,ENG-DATASET-002,MSN-SENSOR_DRIFT-002,100.0,0.0,0.0,HEALTHY,,,,1.0,STABLE,NORMAL,
2026-01-01 00:00:37+00:00,ENG-DATASET-002,MSN-SENSOR_DRIFT-002,100.0,0.0,0.0,HEALTHY,,,,1.0,STABLE,NORMAL,
2026-01-01 00:00:38+00:00,ENG-DATASET-002,MSN-SENSOR_DRIFT-002,100.0,0.0,0.0,HEALTHY,,,,1.0,STABLE,NORMAL,
2026-01-01 00:00:39+00:00,ENG-DATASET-002,MSN-SENSOR_DRIFT-002,100.0,0.0,0.0,HEALTHY,,,,1.0,STABLE,NORMAL,
2026-01-01 00:00:40+00:00,ENG-DATASET-002,MSN-SENSOR_DRIFT-002,100.0,0.0,0.0,HEALTHY,,,,1.0,STABLE,NORMAL,
2026-01-01 00:00:41+00:00,ENG-DATASET-002,MSN-SENSOR_DRIFT-002,100.0,0.0,0.0,HEALTHY,,,,1.0,STABLE,NORMAL,
2026-01-01 00:00:42+00:00,ENG-DATASET-002,MSN-SENSOR_DRIFT-002,100.0,0.0,0.0,HEALTHY,,,,1.0,STABLE,NORMAL,
2026-01-01 00:00:43+00:00,ENG-DATASET-002,MSN-SENSOR_DRIFT-002,100.0,0.0,0.0,HEALTHY,,,,1.0,STABLE,NORMAL,
2026-01-01 00:00:44+00:00,ENG-DATASET-002,MSN-SENSOR_DRIFT-002,100.0,0.0,0.0,HEALTHY,,,,1.0,STABLE,NORMAL,
2026-01-01 00:00:45+00:00,ENG-DATASET-002,MSN-SENSOR_DRIFT-002,100.0,0.0,0.0,HEALTHY,,,,1.0,STABLE,NORMAL,
2026-01-01 00:00:46+00:00,ENG-DATASET-002,MSN-SENSOR_DRIFT-002,100.0,0.0,0.0,HEALTHY,,,,1.0,STABLE,NORMAL,
2026-01-01 00:00:47+00:00,ENG-DATASET-002,MSN-SENSOR_DRIFT-002,100.0,0.0,0.0,HEALTHY,,,,1.0,STABLE,NORMAL,
2026-01-01 00:00:48+00:00,ENG-DATASET-002,MSN-SENSOR_DRIFT-002,100.0,0.0,0.0,HEALTHY,,,,1.0,STABLE,NORMAL,
2026-01-01 00:00:49+00:00,ENG-DATASET-002,MSN-SENSOR_DRIFT-002,100.0,0.0,0.0,HEALTHY,,,,1.0,STABLE,NORMAL,
2026-01-01 00:00:50+00:00,ENG-DATASET-002,MSN-SENSOR_DRIFT-002,100.0,0.0,0.0,HEALTHY,,,,1.0,STABLE,NORMAL,
2026-01-01 00:00:51+00:00,ENG-DATASET-002,MSN-SENSOR_DRIFT-002,100.0,0.0,0.0,HEALTHY,,,,1.0,STABLE,NORMAL,
2026-01-01 00:00:52+00:00,ENG-DATASET-002,MSN-SENSOR_DRIFT-002,100.0,0.0,0.0,HEALTHY,,,,1.0,STABLE,NORMAL,
2026-01-01 00:00:53+00:00,ENG-DATASET-002,MSN-SENSOR_DRIFT-002,100.0,0.0,0.0,HEALTHY,,,,1.0,STABLE,NORMAL,
2026-01-01 00:00:54+00:00,ENG-DATASET-002,MSN-SENSOR_DRIFT-002,100.0,0.0,0.0,HEALTHY,,,,1.0,STABLE,NORMAL,
2026-01-01 00:00:55+00:00,ENG-DATASET-002,MSN-SENSOR_DRIFT-002,100.0,0.0,0.0,HEALTHY,,,,1.0,STABLE,NORMAL,
2026-01-01 00:00:56+00:00,ENG-DATASET-002,MSN-SENSOR_DRIFT-002,100.0,0.0,0.0,HEALTHY,,,,1.0,STABLE,NORMAL,
2026-01-01 00:00:57+00:00,ENG-DATASET-002,MSN-SENSOR_DRIFT-002,100.0,0.0,0.0,HEALTHY,,,,1.0,STABLE,NORMAL,
2026-01-01 00:00:58+00:00,ENG-DATASET-002,MSN-SENSOR_DRIFT-002,100.0,0.0,0.0,HEALTHY,,,,1.0,STABLE,NORMAL,
2026-01-01 00:00:59+00:00,ENG-DATASET-002,MSN-SENSOR_DRIFT-002,100.0,0.0,0.0,HEALTHY,,,,1.0,STABLE,NORMAL,
2026-01-01 00:01:00+00:00,ENG-DATASET-002,MSN-SENSOR_DRIFT-002,100.0,0.0,0.0,HEALTHY,,,,1.0,STABLE,NORMAL,
2026-01-01 00:01:01+00:00,ENG-DATASET-002,MSN-SENSOR_DRIFT-002,100.0,0.0,0.0,HEALTHY,,,,1.0,STABLE,NORMAL,
2026-01-01 00:01:02+00:00,ENG-DATASET-002,MSN-SENSOR_DRIFT-002,100.0,0.0,0.0,HEALTHY,,,,1.0,STABLE,NORMAL,
2026-01-01 00:01:03+00:00,ENG-DATASET-002,MSN-SENSOR_DRIFT-002,100.0,0.0,0.0,HEALTHY,,,,1.0,STABLE,NORMAL,
2026-01-01 00:01:04+00:00,ENG-DATASET-002,MSN-SENSOR_DRIFT-002,100.0,0.0,0.0,HEALTHY,,,,1.0,STABLE,NORMAL,
2026-01-01 00:01:05+00:00,ENG-DATASET-002,MSN-SENSOR_DRIFT-002,100.0,0.0,0.0,HEALTHY,,,,1.0,STABLE,NORMAL,
2026-01-01 00:01:06+00:00,ENG-DATASET-002,MSN-SENSOR_DRIFT-002,100.0,0.0,0.0,HEALTHY,,,,1.0,STABLE,NORMAL,
2026-01-01 00:01:07+00:00,ENG-DATASET-002,MSN-SENSOR_DRIFT-002,100.0,0.0,0.0,HEALTHY,,,,1.0,STABLE,NORMAL,
2026-01-01 00:01:08+00:00,ENG-DATASET-002,MSN-SENSOR_DRIFT-002,100.0,0.0,0.0,HEALTHY,,,,1.0,STABLE,NORMAL,
2026-01-01 00:01:09+00:00,ENG-DATASET-002,MSN-SENSOR_DRIFT-002,100.0,0.0,0.0,HEALTHY,,,,1.0,STABLE,NORMAL,
2026-01-01 00:01:10+00:00,ENG-DATASET-002,MSN-SENSOR_DRIFT-002,100.0,0.0,0.0,HEALTHY,,,,1.0,STABLE,NORMAL,
2026-01-01 00:01:11+00:00,ENG-DATASET-002,MSN-SENSOR_DRIFT-002,100.0,0.0,0.0,HEALTHY,,,,1.0,STABLE,NORMAL,
2026-01-01 00:01:12+00:00,ENG-DATASET-002,MSN-SENSOR_DRIFT-002,100.0,0.0,0.0,HEALTHY,,,,1.0,STABLE,NORMAL,
2026-01-01 00:01:13+00:00,ENG-DATASET-002,MSN-SENSOR_DRIFT-002,100.0,0.0,0.0,HEALTHY,,,,1.0,STABLE,NORMAL,
2026-01-01 00:01:14+00:00,ENG-DATASET-002,MSN-SENSOR_DRIFT-002,100.0,0.0,0.0,HEALTHY,,,,1.0,STABLE,NORMAL,
2026-01-01 00:01:15+00:00,ENG-DATASET-002,MSN-SENSOR_DRIFT-002,100.0,0.0,0.0,HEALTHY,,,,1.0,STABLE,NORMAL,
2026-01-01 00:01:16+00:00,ENG-DATASET-002,MSN-SENSOR_DRIFT-002,100.0,0.0,0.0,HEALTHY,,,,1.0,STABLE,NORMAL,
2026-01-01 00:01:17+00:00,ENG-DATASET-002,MSN-SENSOR_DRIFT-002,100.0,0.0,0.0,HEALTHY,,,,1.0,STABLE,NORMAL,
2026-01-01 00:01:18+00:00,ENG-DATASET-002,MSN-SENSOR_DRIFT-002,100.0,0.0,0.0,HEALTHY,,,,1.0,STABLE,NORMAL,
2026-01-01 00:01:19+00:00,ENG-DATASET-002,MSN-SENSOR_DRIFT-002,100.0,0.0,0.0,HEALTHY,,,,1.0,STABLE,NORMAL,
2026-01-01 00:01:20+00:00,ENG-DATASET-002,MSN-SENSOR_DRIFT-002,100.0,0.0,0.0,HEALTHY,,,,1.0,STABLE,NORMAL,
2026-01-01 00:01:21+00:00,ENG-DATASET-002,MSN-SENSOR_DRIFT-002,100.0,0.0,0.0,HEALTHY,,,,1.0,STABLE,NORMAL,
2026-01-01 00:01:22+00:00,ENG-DATASET-002,MSN-SENSOR_DRIFT-002,100.0,0.0,0.0,HEALTHY,,,,1.0,STABLE,NORMAL,
2026-01-01 00:01:23+00:00,ENG-DATASET-002,MSN-SENSOR_DRIFT-002,100.0,0.0,0.0,HEALTHY,,,,1.0,STABLE,NORMAL,
2026-01-01 00:01:24+00:00,ENG-DATASET-002,MSN-SENSOR_DRIFT-002,100.0,0.0,0.0,HEALTHY,,,,1.0,STABLE,NORMAL,
2026-01-01 00:01:25+00:00,ENG-DATASET-002,MSN-SENSOR_DRIFT-002,100.0,0.0,0.0,HEALTHY,,,,1.0,STABLE,NORMAL,
2026-01-01 00:01:26+00:00,ENG-DATASET-002,MSN-SENSOR_DRIFT-002,100.0,0.0,0.0,HEALTHY,,,,1.0,STABLE,NORMAL,
2026-01-01 00:01:27+00:00,ENG-DATASET-002,MSN-SENSOR_DRIFT-002,100.0,0.0,0.0,HEALTHY,,,,1.0,STABLE,NORMAL,
2026-01-01 00:01:28+00:00,ENG-DATASET-002,MSN-SENSOR_DRIFT-002,100.0,0.0,0.0,HEALTHY,,,,1.0,STABLE,NORMAL,
2026-01-01 00:01:29+00:00,ENG-DATASET-002,MSN-SENSOR_DRIFT-002,100.0,0.0,0.0,HEALTHY,,,,1.0,STABLE,NORMAL,
2026-01-01 00:01:30+00:00,ENG-DATASET-002,MSN-SENSOR_DRIFT-002,100.0,0.0,0.0,HEALTHY,,,,1.0,STABLE,NORMAL,
2026-01-01 00:01:31+00:00,ENG-DATASET-002,MSN-SENSOR_DRIFT-002,100.0,0.0,0.0,HEALTHY,,,,1.0,STABLE,NORMAL,
2026-01-01 00:01:32+00:00,ENG-DATASET-002,MSN-SENSOR_DRIFT-002,100.0,0.0,0.0,HEALTHY,,,,1.0,STABLE,NORMAL,
2026-01-01 00:01:33+00:00,ENG-DATASET-002,MSN-SENSOR_DRIFT-002,100.0,0.0,0.0,HEALTHY,,,,1.0,STABLE,NORMAL,
2026-01-01 00:01:34+00:00,ENG-DATASET-002,MSN-SENSOR_DRIFT-002,100.0,0.0,0.0,HEALTHY,,,,1.0,STABLE,NORMAL,
2026-01-01 00:01:35+00:00,ENG-DATASET-002,MSN-SENSOR_DRIFT-002,100.0,0.0,0.0,HEALTHY,,,,1.0,STABLE,NORMAL,
2026-01-01 00:01:36+00:00,ENG-DATASET-002,MSN-SENSOR_DRIFT-002,100.0,0.0,0.0,HEALTHY,,,,1.0,STABLE,NORMAL,
2026-01-01 00:01:37+00:00,ENG-DATASET-002,MSN-SENSOR_DRIFT-002,100.0,0.0,0.0,HEALTHY,,,,1.0,STABLE,NORMAL,
2026-01-01 00:01:38+00:00,ENG-DATASET-002,MSN-SENSOR_DRIFT-002,100.0,0.0,0.0,HEALTHY,,,,1.0,STABLE,NORMAL,
2026-01-01 00:01:39+00:00,ENG-DATASET-002,MSN-SENSOR_DRIFT-002,100.0,0.0,0.0,HEALTHY,,,,1.0,STABLE,NORMAL,
2026-01-01 00:01:40+00:00,ENG-DATASET-002,MSN-SENSOR_DRIFT-002,100.0,0.0,0.0,HEALTHY,,,,1.0,STABLE,NORMAL,
2026-01-01 00:01:41+00:00,ENG-DATASET-002,MSN-SENSOR_DRIFT-002,100.0,0.0,0.0,HEALTHY,,,,1.0,STABLE,NORMAL,
2026-01-01 00:01:42+00:00,ENG-DATASET-002,MSN-SENSOR_DRIFT-002,100.0,0.0,0.0,HEALTHY,,,,1.0,STABLE,NORMAL,
2026-01-01 00:01:43+00:00,ENG-DATASET-002,MSN-SENSOR_DRIFT-002,100.0,0.0,0.0,HEALTHY,,,,1.0,STABLE,NORMAL,
2026-01-01 00:01:44+00:00,ENG-DATASET-002,MSN-SENSOR_DRIFT-002,100.0,0.0,0.0,HEALTHY,,,,1.0,STABLE,NORMAL,
2026-01-01 00:01:45+00:00,ENG-DATASET-002,MSN-SENSOR_DRIFT-002,100.0,0.0,0.0,HEALTHY,,,,1.0,STABLE,NORMAL,
2026-01-01 00:01:46+00:00,ENG-DATASET-002,MSN-SENSOR_DRIFT-002,100.0,0.0,0.0,HEALTHY,,,,1.0,STABLE,NORMAL,
2026-01-01 00:01:47+00:00,ENG-DATASET-002,MSN-SENSOR_DRIFT-002,100.0,0.0,0.0,HEALTHY,,,,1.0,STABLE,NORMAL,
2026-01-01 00:01:48+00:00,ENG-DATASET-002,MSN-SENSOR_DRIFT-002,100.0,0.0,0.0,HEALTHY,,,,1.0,STABLE,NORMAL,
2026-01-01 00:01:49+00:00,ENG-DATASET-002,MSN-SENSOR_DRIFT-002,100.0,0.0,0.0,HEALTHY,,,,1.0,STABLE,NORMAL,
2026-01-01 00:01:50+00:00,ENG-DATASET-002,MSN-SENSOR_DRIFT-002,100.0,0.0,0.0,HEALTHY,,,,1.0,STABLE,NORMAL,
2026-01-01 00:01:51+00:00,ENG-DATASET-002,MSN-SENSOR_DRIFT-002,100.0,0.0,0.0,HEALTHY,,,,1.0,STABLE,NORMAL,
2026-01-01 00:01:52+00:00,ENG-DATASET-002,MSN-SENSOR_DRIFT-002,100.0,0.0,0.0,HEALTHY,,,,1.0,STABLE,NORMAL,
2026-01-01 00:01:53+00:00,ENG-DATASET-002,MSN-SENSOR_DRIFT-002,100.0,0.0,0.0,HEALTHY,,,,1.0,STABLE,NORMAL,
2026-01-01 00:01:54+00:00,ENG-DATASET-002,MSN-SENSOR_DRIFT-002,100.0,0.0,0.0,HEALTHY,,,,1.0,STABLE,NORMAL,
2026-01-01 00:01:55+00:00,ENG-DATASET-002,MSN-SENSOR_DRIFT-002,100.0,0.0,0.0,HEALTHY,,,,1.0,STABLE,NORMAL,
2026-01-01 00:01:56+00:00,ENG-DATASET-002,MSN-SENSOR_DRIFT-002,100.0,0.0,0.0,HEALTHY,,,,1.0,STABLE,NORMAL,
2026-01-01 00:01:57+00:00,ENG-DATASET-002,MSN-SENSOR_DRIFT-002,100.0,0.0,0.0,HEALTHY,,,,1.0,STABLE,NORMAL,
2026-01-01 00:01:58+00:00,ENG-DATASET-002,MSN-SENSOR_DRIFT-002,100.0,0.0,0.0,HEALTHY,,,,1.0,STABLE,NORMAL,
2026-01-01 00:01:59+00:00,ENG-DATASET-002,MSN-SENSOR_DRIFT-002,100.0,0.0,0.0,HEALTHY,,,,1.0,STABLE,NORMAL,
2026-01-01 00:02:00+00:00,ENG-DATASET-002,MSN-SENSOR_DRIFT-002,100.0,0.0,0.0,HEALTHY,,,,1.0,STABLE,NORMAL,
2026-01-01 00:02:01+00:00,ENG-DATASET-002,MSN-SENSOR_DRIFT-002,100.0,0.0,0.0,SENSOR_QUALITY_ISSUE,,,,0.36,UNRELIABLE,PHYSICAL_FAULT,
2026-01-01 00:02:02+00:00,ENG-DATASET-002,MSN-SENSOR_DRIFT-002,99.99,0.0001,0.059,SENSOR_QUALITY_ISSUE,,,,0.36,UNRELIABLE,PHYSICAL_FAULT,
2026-01-01 00:02:03+00:00,ENG-DATASET-002,MSN-SENSOR_DRIFT-002,99.96,0.0001,0.2931,SENSOR_QUALITY_ISSUE,,,,0.36,UNRELIABLE,PHYSICAL_FAULT,
2026-01-01 00:02:04+00:00,ENG-DATASET-002,MSN-SENSOR_DRIFT-002,99.93,0.0002,0.6962,SENSOR_QUALITY_ISSUE,,,,0.36,UNRELIABLE,PHYSICAL_FAULT,
2026-01-01 00:02:05+00:00,ENG-DATASET-002,MSN-SENSOR_DRIFT-002,99.89,0.0003,1.3214,SENSOR_QUALITY_ISSUE,,,,0.36,UNRELIABLE,PHYSICAL_FAULT,
2026-01-01 00:02:06+00:00,ENG-DATASET-002,MSN-SENSOR_DRIFT-002,99.85,0.0004,2.1606,SENSOR_QUALITY_ISSUE,,,,0.36,UNRELIABLE,PHYSICAL_FAULT,
2026-01-01 00:02:07+00:00,ENG-DATASET-002,MSN-SENSOR_DRIFT-002,99.8,0.0005,3.2649,SENSOR_QUALITY_ISSUE,,,,0.36,UNRELIABLE,PHYSICAL_FAULT,
2026-01-01 00:02:08+00:00,ENG-DATASET-002,MSN-SENSOR_DRIFT-002,99.75,0.0006,4.6243,SENSOR_QUALITY_ISSUE,,,,0.36,UNRELIABLE,PHYSICAL_FAULT,
2026-01-01 00:02:09+00:00,ENG-DATASET-002,MSN-SENSOR_DRIFT-002,99.7,0.0008,6.2287,SENSOR_QUALITY_ISSUE,,,,0.36,UNRELIABLE,PHYSICAL_FAULT,
2026-01-01 00:02:10+00:00,ENG-DATASET-002,MSN-SENSOR_DRIFT-002,99.65,0.0009,8.0682,SENSOR_QUALITY_ISSUE,,,,0.36,UNRELIABLE,PHYSICAL_FAULT,
2026-01-01 00:02:11+00:00,ENG-DATASET-002,MSN-SENSOR_DRIFT-002,99.59,0.001,10.1918,SENSOR_QUALITY_ISSUE,,,,0.36,UNRELIABLE,PHYSICAL_FAULT,
2026-01-01 00:02:12+00:00,ENG-DATASET-002,MSN-SENSOR_DRIFT-002,99.54,0.0011,12.5285,SENSOR_QUALITY_ISSUE,,,,0.36,UNRELIABLE,PHYSICAL_FAULT,
2026-01-01 00:02:13+00:00,ENG-DATASET-002,MSN-SENSOR_DRIFT-002,99.48,0.0012,15.1272,SENSOR_QUALITY_ISSUE,,,,0.359,UNRELIABLE,PHYSICAL_FAULT,
2026-01-01 00:02:14+00:00,ENG-DATASET-002,MSN-SENSOR_DRIFT-002,99.43,0.0014,17.917,SENSOR_QUALITY_ISSUE,,,,0.359,UNRELIABLE,PHYSICAL_FAULT,
2026-01-01 00:02:15+00:00,ENG-DATASET-002,MSN-SENSOR_DRIFT-002,99.37,0.0015,20.9468,SENSOR_QUALITY_ISSUE,,,,0.359,UNRELIABLE,PHYSICAL_FAULT,
2026-01-01 00:02:16+00:00,ENG-DATASET-002,MSN-SENSOR_DRIFT-002,99.31,0.0016,24.2047,SENSOR_QUALITY_ISSUE,,,,0.359,UNRELIABLE,PHYSICAL_FAULT,
2026-01-01 00:02:17+00:00,ENG-DATASET-002,MSN-SENSOR_DRIFT-002,99.25,0.0018,27.6787,SENSOR_QUALITY_ISSUE,,,,0.359,UNRELIABLE,PHYSICAL_FAULT,
2026-01-01 00:02:18+00:00,ENG-DATASET-002,MSN-SENSOR_DRIFT-002,99.19,0.0019,31.3567,SENSOR_QUALITY_ISSUE,,,,0.359,UNRELIABLE,PHYSICAL_FAULT,
2026-01-01 00:02:19+00:00,ENG-DATASET-002,MSN-SENSOR_DRIFT-002,99.13,0.0021,35.2268,SENSOR_QUALITY_ISSUE,,,,0.359,UNRELIABLE,PHYSICAL_FAULT,
2026-01-01 00:02:20+00:00,ENG-DATASET-002,MSN-SENSOR_DRIFT-002,99.07,0.0022,39.2769,SENSOR_QUALITY_ISSUE,,,,0.359,UNRELIABLE,PHYSICAL_FAULT,
2026-01-01 00:02:21+00:00,ENG-DATASET-002,MSN-SENSOR_DRIFT-002,99.01,0.0023,43.4951,SENSOR_QUALITY_ISSUE,,,,0.359,UNRELIABLE,PHYSICAL_FAULT,
2026-01-01 00:02:22+00:00,ENG-DATASET-002,MSN-SENSOR_DRIFT-002,98.94,0.0025,47.9283,SENSOR_QUALITY_ISSUE,,,,0.359,UNRELIABLE,PHYSICAL_FAULT,
2026-01-01 00:02:23+00:00,ENG-DATASET-002,MSN-SENSOR_DRIFT-002,98.88,0.0026,52.5036,SENSOR_QUALITY_ISSUE,,,,0.359,UNRELIABLE,PHYSICAL_FAULT,
2026-01-01 00:02:24+00:00,ENG-DATASET-002,MSN-SENSOR_DRIFT-002,98.82,0.0027,57.2089,SENSOR_QUALITY_ISSUE,,,,0.359,UNRELIABLE,PHYSICAL_FAULT,
2026-01-01 00:02:25+00:00,ENG-DATASET-002,MSN-SENSOR_DRIFT-002,98.76,0.0029,62.0322,SENSOR_QUALITY_ISSUE,,,,0.359,UNRELIABLE,PHYSICAL_FAULT,
2026-01-01 00:02:26+00:00,ENG-DATASET-002,MSN-SENSOR_DRIFT-002,98.69,0.003,67.0206,SENSOR_QUALITY_ISSUE,,,,0.359,UNRELIABLE,PHYSICAL_FAULT,
2026-01-01 00:02:27+00:00,ENG-DATASET-002,MSN-SENSOR_DRIFT-002,98.63,0.0032,72.101,SENSOR_QUALITY_ISSUE,,,,0.359,UNRELIABLE,PHYSICAL_FAULT,
2026-01-01 00:02:28+00:00,ENG-DATASET-002,MSN-SENSOR_DRIFT-002,98.56,0.0033,77.3205,SENSOR_QUALITY_ISSUE,,,,0.359,UNRELIABLE,PHYSICAL_FAULT,
2026-01-01 00:02:29+00:00,ENG-DATASET-002,MSN-SENSOR_DRIFT-002,98.5,0.0035,82.6059,SENSOR_QUALITY_ISSUE,,,,0.359,UNRELIABLE,PHYSICAL_FAULT,
2026-01-01 00:02:30+00:00,ENG-DATASET-002,MSN-SENSOR_DRIFT-002,98.44,0.0036,87.9454,SENSOR_QUALITY_ISSUE,,,,0.359,UNRELIABLE,PHYSICAL_FAULT,
2026-01-01 00:02:31+00:00,ENG-DATASET-002,MSN-SENSOR_DRIFT-002,98.37,0.0037,93.3859,SENSOR_QUALITY_ISSUE,,,,0.359,UNRELIABLE,PHYSICAL_FAULT,
2026-01-01 00:02:32+00:00,ENG-DATASET-002,MSN-SENSOR_DRIFT-002,98.31,0.0039,98.8545,SENSOR_QUALITY_ISSUE,,,,0.359,UNRELIABLE,PHYSICAL_FAULT,
2026-01-01 00:02:33+00:00,ENG-DATASET-002,MSN-SENSOR_DRIFT-002,98.25,0.004,104.339,SENSOR_QUALITY_ISSUE,,,,0.359,UNRELIABLE,PHYSICAL_FAULT,
2026-01-01 00:02:34+00:00,ENG-DATASET-002,MSN-SENSOR_DRIFT-002,98.18,0.0042,109.8865,SENSOR_QUALITY_ISSUE,,,,0.359,UNRELIABLE,PHYSICAL_FAULT,
2026-01-01 00:02:35+00:00,ENG-DATASET-002,MSN-SENSOR_DRIFT-002,98.12,0.0043,115.4241,SENSOR_QUALITY_ISSUE,,,,0.359,UNRELIABLE,PHYSICAL_FAULT,
2026-01-01 00:02:36+00:00,ENG-DATASET-002,MSN-SENSOR_DRIFT-002,98.05,0.0045,120.9986,SENSOR_QUALITY_ISSUE,,,,0.359,UNRELIABLE,PHYSICAL_FAULT,
2026-01-01 00:02:37+00:00,ENG-DATASET-002,MSN-SENSOR_DRIFT-002,97.98,0.0046,126.5962,SENSOR_QUALITY_ISSUE,,,,0.359,UNRELIABLE,PHYSICAL_FAULT,
2026-01-01 00:02:38+00:00,ENG-DATASET-002,MSN-SENSOR_DRIFT-002,97.92,0.0048,132.1437,SENSOR_QUALITY_ISSUE,,,,0.359,UNRELIABLE,PHYSICAL_FAULT,
2026-01-01 00:02:39+00:00,ENG-DATASET-002,MSN-SENSOR_DRIFT-002,97.85,0.0049,137.6882,SENSOR_QUALITY_ISSUE,,,,0.359,UNRELIABLE,PHYSICAL_FAULT,
2026-01-01 00:02:40+00:00,ENG-DATASET-002,MSN-SENSOR_DRIFT-002,97.79,0.0051,143.1568,SENSOR_QUALITY_ISSUE,,,,0.359,UNRELIABLE,PHYSICAL_FAULT,
2026-01-01 00:02:41+00:00,ENG-DATASET-002,MSN-SENSOR_DRIFT-002,97.72,0.0052,148.5963,SENSOR_QUALITY_ISSUE,,,,0.359,UNRELIABLE,PHYSICAL_FAULT,
2026-01-01 00:02:42+00:00,ENG-DATASET-002,MSN-SENSOR_DRIFT-002,97.65,0.0054,153.9928,SENSOR_QUALITY_ISSUE,,,,0.359,UNRELIABLE,PHYSICAL_FAULT,
2026-01-01 00:02:43+00:00,ENG-DATASET-002,MSN-SENSOR_DRIFT-002,97.58,0.0055,159.3323,SENSOR_QUALITY_ISSUE,,,,0.359,UNRELIABLE,PHYSICAL_FAULT,
2026-01-01 00:02:44+00:00,ENG-DATASET-002,MSN-SENSOR_DRIFT-002,97.51,0.0057,164.6007,SENSOR_QUALITY_ISSUE,,,,0.359,UNRELIABLE,PHYSICAL_FAULT,
2026-01-01 00:02:45+00:00,ENG-DATASET-002,MSN-SENSOR_DRIFT-002,97.44,0.0059,169.7842,SENSOR_QUALITY_ISSUE,,,,0.359,UNRELIABLE,PHYSICAL_FAULT,
2026-01-01 00:02:46+00:00,ENG-DATASET-002,MSN-SENSOR_DRIFT-002,97.36,0.006,174.9276,SENSOR_QUALITY_ISSUE,,,,0.358,UNRELIABLE,PHYSICAL_FAULT,
2026-01-01 00:02:47+00:00,ENG-DATASET-002,MSN-SENSOR_DRIFT-002,97.28,0.0062,180.015,SENSOR_QUALITY_ISSUE,,,,0.358,UNRELIABLE,PHYSICAL_FAULT,
2026-01-01 00:02:48+00:00,ENG-DATASET-002,MSN-SENSOR_DRIFT-002,97.21,0.0064,184.9714,SENSOR_QUALITY_ISSUE,,,,0.358,UNRELIABLE,PHYSICAL_FAULT,
2026-01-01 00:02:49+00:00,ENG-DATASET-002,MSN-SENSOR_DRIFT-002,97.13,0.0066,189.8417,SENSOR_QUALITY_ISSUE,,,,0.358,UNRELIABLE,PHYSICAL_FAULT,
2026-01-01 00:02:50+00:00,ENG-DATASET-002,MSN-SENSOR_DRIFT-002,97.05,0.0068,194.6101,SENSOR_QUALITY_ISSUE,,,,0.358,UNRELIABLE,PHYSICAL_FAULT,
2026-01-01 00:02:51+00:00,ENG-DATASET-002,MSN-SENSOR_DRIFT-002,96.96,0.0069,199.3194,SENSOR_QUALITY_ISSUE,,,,0.358,UNRELIABLE,PHYSICAL_FAULT,
2026-01-01 00:02:52+00:00,ENG-DATASET-002,MSN-SENSOR_DRIFT-002,96.88,0.0071,203.8926,SENSOR_QUALITY_ISSUE,,,,0.358,UNRELIABLE,PHYSICAL_FAULT,
2026-01-01 00:02:53+00:00,ENG-DATASET-002,MSN-SENSOR_DRIFT-002,96.79,0.0073,208.3729,SENSOR_QUALITY_ISSUE,,,,0.358,UNRELIABLE,PHYSICAL_FAULT,
2026-01-01 00:02:54+00:00,ENG-DATASET-002,MSN-SENSOR_DRIFT-002,96.7,0.0075,212.7421,SENSOR_QUALITY_ISSUE,,,,0.358,UNRELIABLE,PHYSICAL_FAULT,
2026-01-01 00:02:55+00:00,ENG-DATASET-002,MSN-SENSOR_DRIFT-002,96.61,0.0077,216.9823,SENSOR_QUALITY_ISSUE,,,,0.358,UNRELIABLE,PHYSICAL_FAULT,
2026-01-01 00:02:56+00:00,ENG-DATASET-002,MSN-SENSOR_DRIFT-002,96.51,0.008,221.1344,SENSOR_QUALITY_ISSUE,,,,0.358,UNRELIABLE,PHYSICAL_FAULT,
2026-01-01 00:02:57+00:00,ENG-DATASET-002,MSN-SENSOR_DRIFT-002,96.41,0.0082,225.1785,SENSOR_QUALITY_ISSUE,,,,0.358,UNRELIABLE,PHYSICAL_FAULT,
2026-01-01 00:02:58+00:00,ENG-DATASET-002,MSN-SENSOR_DRIFT-002,96.32,0.0084,229.0356,SENSOR_QUALITY_ISSUE,,,,0.358,UNRELIABLE,PHYSICAL_FAULT,
2026-01-01 00:02:59+00:00,ENG-DATASET-002,MSN-SENSOR_DRIFT-002,96.22,0.0086,232.7467,SENSOR_QUALITY_ISSUE,,,,0.358,UNRELIABLE,PHYSICAL_FAULT,
2026-01-01 00:03:00+00:00,ENG-DATASET-002,MSN-SENSOR_DRIFT-002,96.12,0.0089,236.2916,SENSOR_QUALITY_ISSUE,,,,0.358,UNRELIABLE,PHYSICAL_FAULT,
2026-01-01 00:03:01+00:00,ENG-DATASET-002,MSN-SENSOR_DRIFT-002,96.02,0.0091,239.6506,SENSOR_QUALITY_ISSUE,,,,0.358,UNRELIABLE,PHYSICAL_FAULT,
2026-01-01 00:03:02+00:00,ENG-DATASET-002,MSN-SENSOR_DRIFT-002,95.78,0.0101,243.6907,SENSOR_QUALITY_ISSUE,,,,0.356,UNRELIABLE,PHYSICAL_FAULT,
2026-01-01 00:03:03+00:00,ENG-DATASET-002,MSN-SENSOR_DRIFT-002,95.23,0.0111,250.3175,SENSOR_QUALITY_ISSUE,,,,0.355,UNRELIABLE,PHYSICAL_FAULT,
2026-01-01 00:03:04+00:00,ENG-DATASET-002,MSN-SENSOR_DRIFT-002,94.69,0.0122,259.368,SENSOR_QUALITY_ISSUE,,,,0.353,UNRELIABLE,PHYSICAL_FAULT,
2026-01-01 00:03:05+00:00,ENG-DATASET-002,MSN-SENSOR_DRIFT-002,94.14,0.0132,270.8602,SENSOR_QUALITY_ISSUE,,,,0.352,UNRELIABLE,PHYSICAL_FAULT,
2026-01-01 00:03:06+00:00,ENG-DATASET-002,MSN-SENSOR_DRIFT-002,93.59,0.0142,284.6921,SENSOR_QUALITY_ISSUE,,,,0.351,UNRELIABLE,PHYSICAL_FAULT,
2026-01-01 00:03:07+00:00,ENG-DATASET-002,MSN-SENSOR_DRIFT-002,93.17,0.0145,300.0553,SENSOR_QUALITY_ISSUE,,,,0.351,UNRELIABLE,PHYSICAL_FAULT,
2026-01-01 00:03:08+00:00,ENG-DATASET-002,MSN-SENSOR_DRIFT-002,93.07,0.0147,314.9875,SENSOR_QUALITY_ISSUE,,,,0.351,UNRELIABLE,PHYSICAL_FAULT,
2026-01-01 00:03:09+00:00,ENG-DATASET-002,MSN-SENSOR_DRIFT-002,92.96,0.0149,329.5375,SENSOR_QUALITY_ISSUE,,,,0.351,UNRELIABLE,PHYSICAL_FAULT,
2026-01-01 00:03:10+00:00,ENG-DATASET-002,MSN-SENSOR_DRIFT-002,92.85,0.0152,343.6935,SENSOR_QUALITY_ISSUE,,,,0.351,UNRELIABLE,PHYSICAL_FAULT,
2026-01-01 00:03:11+00:00,ENG-DATASET-002,MSN-SENSOR_DRIFT-002,92.75,0.0154,357.4453,SENSOR_QUALITY_ISSUE,,,,0.35,UNRELIABLE,PHYSICAL_FAULT,
2026-01-01 00:03:12+00:00,ENG-DATASET-002,MSN-SENSOR_DRIFT-002,92.64,0.0156,370.783,SENSOR_QUALITY_ISSUE,,,,0.35,UNRELIABLE,PHYSICAL_FAULT,
2026-01-01 00:03:13+00:00,ENG-DATASET-002,MSN-SENSOR_DRIFT-002,92.54,0.0159,383.6966,SENSOR_QUALITY_ISSUE,,,,0.35,UNRELIABLE,PHYSICAL_FAULT,
2026-01-01 00:03:14+00:00,ENG-DATASET-002,MSN-SENSOR_DRIFT-002,92.44,0.0161,396.117,SENSOR_QUALITY_ISSUE,,,,0.35,UNRELIABLE,PHYSICAL_FAULT,
2026-01-01 00:03:15+00:00,ENG-DATASET-002,MSN-SENSOR_DRIFT-002,92.28,0.0168,408.4495,SENSOR_QUALITY_ISSUE,,,,0.35,UNRELIABLE,PHYSICAL_FAULT,
2026-01-01 00:03:16+00:00,ENG-DATASET-002,MSN-SENSOR_DRIFT-002,91.97,0.0175,421.5591,SENSOR_QUALITY_ISSUE,,,,0.35,UNRELIABLE,PHYSICAL_FAULT,
2026-01-01 00:03:17+00:00,ENG-DATASET-002,MSN-SENSOR_DRIFT-002,91.65,0.0182,435.455,SENSOR_QUALITY_ISSUE,,,,0.35,UNRELIABLE,PHYSICAL_FAULT,
2026-01-01 00:03:18+00:00,ENG-DATASET-002,MSN-SENSOR_DRIFT-002,91.32,0.019,450.144,SENSOR_QUALITY_ISSUE,,,,0.35,UNRELIABLE,PHYSICAL_FAULT,
2026-01-01 00:03:19+00:00,ENG-DATASET-002,MSN-SENSOR_DRIFT-002,90.98,0.0198,465.6313,SENSOR_QUALITY_ISSUE,,,,0.35,UNRELIABLE,PHYSICAL_FAULT,
2026-01-01 00:03:20+00:00,ENG-DATASET-002,MSN-SENSOR_DRIFT-002,91.72,0.012,475.4871,SENSOR_QUALITY_ISSUE,,,,0.285,UNRELIABLE,SENSOR_FAULT,cht
2026-01-01 00:03:21+00:00,ENG-DATASET-002,MSN-SENSOR_DRIFT-002,91.6,0.0122,484.9467,SENSOR_QUALITY_ISSUE,,,,0.286,UNRELIABLE,SENSOR_FAULT,cht
2026-01-01 00:03:22+00:00,ENG-DATASET-002,MSN-SENSOR_DRIFT-002,91.48,0.0123,494.0592,SENSOR_QUALITY_ISSUE,,,,0.287,UNRELIABLE,SENSOR_FAULT,cht
2026-01-01 00:03:23+00:00,ENG-DATASET-002,MSN-SENSOR_DRIFT-002,91.36,0.0125,502.7537,SENSOR_QUALITY_ISSUE,,,,0.288,UNRELIABLE,SENSOR_FAULT,cht
2026-01-01 00:03:24+00:00,ENG-DATASET-002,MSN-SENSOR_DRIFT-002,91.24,0.0126,511.0179,SENSOR_QUALITY_ISSUE,,,,0.289,UNRELIABLE,SENSOR_FAULT,cht
2026-01-01 00:03:25+00:00,ENG-DATASET-002,MSN-SENSOR_DRIFT-002,91.13,0.0128,518.7811,SENSOR_QUALITY_ISSUE,,,,0.289,UNRELIABLE,SENSOR_FAULT,cht
2026-01-01 00:03:26+00:00,ENG-DATASET-002,MSN-SENSOR_DRIFT-002,91.01,0.0129,526.1532,SENSOR_QUALITY_ISSUE,,,,0.29,UNRELIABLE,SENSOR_FAULT,cht
2026-01-01 00:03:27+00:00,ENG-DATASET-002,MSN-SENSOR_DRIFT-002,90.9,0.0131,533.0041,SENSOR_QUALITY_ISSUE,,,,0.291,UNRELIABLE,SENSOR_FAULT,cht
2026-01-01 00:03:28+00:00,ENG-DATASET-002,MSN-SENSOR_DRIFT-002,90.79,0.0132,539.3848,SENSOR_QUALITY_ISSUE,,,,0.292,UNRELIABLE,SENSOR_FAULT,cht
2026-01-01 00:03:29+00:00,ENG-DATASET-002,MSN-SENSOR_DRIFT-002,90.68,0.0134,545.2265,SENSOR_QUALITY_ISSUE,,,,0.292,UNRELIABLE,SENSOR_FAULT,cht
2026-01-01 00:03:30+00:00,ENG-DATASET-002,MSN-SENSOR_DRIFT-002,90.28,0.0155,552.2304,SENSOR_QUALITY_ISSUE,,,,0.292,UNRELIABLE,SENSOR_FAULT,cht
2026-01-01 00:03:31+00:00,ENG-DATASET-002,MSN-SENSOR_DRIFT-002,89.34,0.0177,563.5765,SENSOR_QUALITY_ISSUE,,,,0.292,UNRELIABLE,SENSOR_FAULT,cht
2026-01-01 00:03:32+00:00,ENG-DATASET-002,MSN-SENSOR_DRIFT-002,88.4,0.0198,579.0298,SENSOR_QUALITY_ISSUE,,,,0.291,UNRELIABLE,SENSOR_FAULT,cht
2026-01-01 00:03:33+00:00,ENG-DATASET-002,MSN-SENSOR_DRIFT-002,87.45,0.022,598.4732,SENSOR_QUALITY_ISSUE,,,,0.29,UNRELIABLE,SENSOR_FAULT,cht
2026-01-01 00:03:34+00:00,ENG-DATASET-002,MSN-SENSOR_DRIFT-002,86.51,0.0241,621.7307,SENSOR_QUALITY_ISSUE,,,,0.29,UNRELIABLE,SENSOR_FAULT,cht
2026-01-01 00:03:35+00:00,ENG-DATASET-002,MSN-SENSOR_DRIFT-002,85.84,0.0243,646.9737,SENSOR_QUALITY_ISSUE,,,,0.29,UNRELIABLE,SENSOR_FAULT,cht
2026-01-01 00:03:36+00:00,ENG-DATASET-002,MSN-SENSOR_DRIFT-002,85.71,0.0246,670.9544,SENSOR_QUALITY_ISSUE,,,,0.291,UNRELIABLE,SENSOR_FAULT,cht
2026-01-01 00:03:37+00:00,ENG-DATASET-002,MSN-SENSOR_DRIFT-002,85.57,0.0248,693.7197,SENSOR_QUALITY_ISSUE,,,,0.292,UNRELIABLE,SENSOR_FAULT,cht
2026-01-01 00:03:38+00:00,ENG-DATASET-002,MSN-SENSOR_DRIFT-002,85.43,0.025,715.1947,SENSOR_QUALITY_ISSUE,,,,0.292,UNRELIABLE,SENSOR_FAULT,cht
2026-01-01 00:03:39+00:00,ENG-DATASET-002,MSN-SENSOR_DRIFT-002,85.29,0.0253,735.4243,SENSOR_QUALITY_ISSUE,,,,0.292,UNRELIABLE,SENSOR_FAULT,cht
2026-01-01 00:03:40+00:00,ENG-DATASET-002,MSN-SENSOR_DRIFT-002,85.14,0.0256,754.3926,SENSOR_QUALITY_ISSUE,,,,0.293,UNRELIABLE,SENSOR_FAULT,cht
2026-01-01 00:03:41+00:00,ENG-DATASET-002,MSN-SENSOR_DRIFT-002,84.98,0.0259,772.2015,SENSOR_QUALITY_ISSUE,,,,0.293,UNRELIABLE,SENSOR_FAULT,cht
2026-01-01 00:03:42+00:00,ENG-DATASET-002,MSN-SENSOR_DRIFT-002,84.82,0.0262,788.8331,SENSOR_QUALITY_ISSUE,,,,0.293,UNRELIABLE,SENSOR_FAULT,cht
2026-01-01 00:03:43+00:00,ENG-DATASET-002,MSN-SENSOR_DRIFT-002,84.65,0.0265,804.3284,SENSOR_QUALITY_ISSUE,,,,0.294,UNRELIABLE,SENSOR_FAULT,cht
2026-01-01 00:03:44+00:00,ENG-DATASET-002,MSN-SENSOR_DRIFT-002,84.48,0.0268,818.6674,SENSOR_QUALITY_ISSUE,,,,0.295,UNRELIABLE,SENSOR_FAULT,cht
2026-01-01 00:03:45+00:00,ENG-DATASET-002,MSN-SENSOR_DRIFT-002,84.3,0.0271,831.8891,SENSOR_QUALITY_ISSUE,,,,0.295,UNRELIABLE,SENSOR_FAULT,cht
2026-01-01 00:03:46+00:00,ENG-DATASET-002,MSN-SENSOR_DRIFT-002,84.12,0.0274,844.0325,SENSOR_QUALITY_ISSUE,,,,0.295,UNRELIABLE,SENSOR_FAULT,cht
2026-01-01 00:03:47+00:00,ENG-DATASET-002,MSN-SENSOR_DRIFT-002,83.93,0.0278,855.1365,SENSOR_QUALITY_ISSUE,,,,0.296,UNRELIABLE,SENSOR_FAULT,cht
2026-01-01 00:03:48+00:00,ENG-DATASET-002,MSN-SENSOR_DRIFT-002,83.74,0.0281,865.1183,SENSOR_QUALITY_ISSUE,,,,0.296,UNRELIABLE,SENSOR_FAULT,cht
2026-01-01 00:03:49+00:00,ENG-DATASET-002,MSN-SENSOR_DRIFT-002,83.55,0.0285,874.0148,SENSOR_QUALITY_ISSUE,,,,0.297,UNRELIABLE,SENSOR_FAULT,cht
2026-01-01 00:03:50+00:00,ENG-DATASET-002,MSN-SENSOR_DRIFT-002,83.35,0.0289,881.863,SENSOR_QUALITY_ISSUE,,,,0.298,UNRELIABLE,SENSOR_FAULT,cht
2026-01-01 00:03:51+00:00,ENG-DATASET-002,MSN-SENSOR_DRIFT-002,83.15,0.0292,888.6999,SENSOR_QUALITY_ISSUE,,,,0.298,UNRELIABLE,SENSOR_FAULT,cht
2026-01-01 00:03:52+00:00,ENG-DATASET-002,MSN-SENSOR_DRIFT-002,82.94,0.0296,894.5015,SENSOR_QUALITY_ISSUE,,,,0.299,UNRELIABLE,SENSOR_FAULT,cht
2026-01-01 00:03:53+00:00,ENG-DATASET-002,MSN-SENSOR_DRIFT-002,82.74,0.03,899.2438,SENSOR_QUALITY_ISSUE,,,,0.299,UNRELIABLE,SENSOR_FAULT,cht
2026-01-01 00:03:54+00:00,ENG-DATASET-002,MSN-SENSOR_DRIFT-002,82.53,0.0303,902.9638,SENSOR_QUALITY_ISSUE,,,,0.3,UNRELIABLE,SENSOR_FAULT,cht
2026-01-01 00:03:55+00:00,ENG-DATASET-002,MSN-SENSOR_DRIFT-002,82.33,0.0307,905.5785,SENSOR_QUALITY_ISSUE,,,,0.301,UNRELIABLE,SENSOR_FAULT,cht
2026-01-01 00:03:56+00:00,ENG-DATASET-002,MSN-SENSOR_DRIFT-002,82.13,0.031,907.127,SENSOR_QUALITY_ISSUE,,,,0.302,UNRELIABLE,SENSOR_FAULT,cht
2026-01-01 00:03:57+00:00,ENG-DATASET-002,MSN-SENSOR_DRIFT-002,81.93,0.0314,907.5891,SENSOR_QUALITY_ISSUE,,,,0.302,UNRELIABLE,SENSOR_FAULT,cht
2026-01-01 00:03:58+00:00,ENG-DATASET-002,MSN-SENSOR_DRIFT-002,81.73,0.0317,906.8839,SENSOR_QUALITY_ISSUE,,,,0.303,UNRELIABLE,SENSOR_FAULT,cht
2026-01-01 00:03:59+00:00,ENG-DATASET-002,MSN-SENSOR_DRIFT-002,81.57,0.032,904.8143,SENSOR_QUALITY_ISSUE,,,,0.304,UNRELIABLE,SENSOR_FAULT,cht
2026-01-01 00:04:00+00:00,ENG-DATASET-002,MSN-SENSOR_DRIFT-002,81.46,0.0322,901.0733,SENSOR_QUALITY_ISSUE,,,,0.305,UNRELIABLE,SENSOR_FAULT,cht
2026-01-01 00:04:01+00:00,ENG-DATASET-002,MSN-SENSOR_DRIFT-002,81.39,0.0323,895.4227,SENSOR_QUALITY_ISSUE,,,,0.306,UNRELIABLE,SENSOR_FAULT,cht
2026-01-01 00:04:02+00:00,ENG-DATASET-002,MSN-SENSOR_DRIFT-002,81.34,0.0323,888.6048,SENSOR_QUALITY_ISSUE,,,,0.307,UNRELIABLE,SENSOR_FAULT,cht
2026-01-01 00:04:03+00:00,ENG-DATASET-002,MSN-SENSOR_DRIFT-002,81.31,0.0323,882.4311,SENSOR_QUALITY_ISSUE,,,,0.307,UNRELIABLE,SENSOR_FAULT,cht
2026-01-01 00:04:04+00:00,ENG-DATASET-002,MSN-SENSOR_DRIFT-002,81.3,0.0322,876.8266,SENSOR_QUALITY_ISSUE,,,,0.307,UNRELIABLE,SENSOR_FAULT,cht
2026-01-01 00:04:05+00:00,ENG-DATASET-002,MSN-SENSOR_DRIFT-002,81.3,0.0323,871.8992,SENSOR_QUALITY_ISSUE,,,,0.307,UNRELIABLE,SENSOR_FAULT,cht
2026-01-01 00:04:06+00:00,ENG-DATASET-002,MSN-SENSOR_DRIFT-002,81.3,0.0323,867.759,SENSOR_QUALITY_ISSUE,,,,0.307,UNRELIABLE,SENSOR_FAULT,cht
2026-01-01 00:04:07+00:00,ENG-DATASET-002,MSN-SENSOR_DRIFT-002,81.29,0.0323,863.7819,SENSOR_QUALITY_ISSUE,,,,0.307,UNRELIABLE,SENSOR_FAULT,cht
2026-01-01 00:04:08+00:00,ENG-DATASET-002,MSN-SENSOR_DRIFT-002,81.3,0.0323,857.9793,SENSOR_QUALITY_ISSUE,,,,0.307,UNRELIABLE,SENSOR_FAULT,cht
2026-01-01 00:04:09+00:00,ENG-DATASET-002,MSN-SENSOR_DRIFT-002,81.31,0.0322,850.4342,SENSOR_QUALITY_ISSUE,,,,0.307,UNRELIABLE,SENSOR_FAULT,cht
2026-01-01 00:04:10+00:00,ENG-DATASET-002,MSN-SENSOR_DRIFT-002,81.32,0.0322,841.1707,SENSOR_QUALITY_ISSUE,,,,0.307,UNRELIABLE,SENSOR_FAULT,cht
2026-01-01 00:04:11+00:00,ENG-DATASET-002,MSN-SENSOR_DRIFT-002,81.34,0.0321,830.0926,SENSOR_QUALITY_ISSUE,,,,0.307,UNRELIABLE,SENSOR_FAULT,cht
2026-01-01 00:04:12+00:00,ENG-DATASET-002,MSN-SENSOR_DRIFT-002,81.36,0.0321,817.285,SENSOR_QUALITY_ISSUE,,,,0.307,UNRELIABLE,SENSOR_FAULT,cht
2026-01-01 00:04:13+00:00,ENG-DATASET-002,MSN-SENSOR_DRIFT-002,81.38,0.032,802.713,SENSOR_QUALITY_ISSUE,,,,0.307,UNRELIABLE,SENSOR_FAULT,cht
2026-01-01 00:04:14+00:00,ENG-DATASET-002,MSN-SENSOR_DRIFT-002,81.4,0.032,786.4004,SENSOR_QUALITY_ISSUE,,,,0.307,UNRELIABLE,SENSOR_FAULT,cht
2026-01-01 00:04:15+00:00,ENG-DATASET-002,MSN-SENSOR_DRIFT-002,81.42,0.0319,768.7375,SENSOR_QUALITY_ISSUE,,,,0.307,UNRELIABLE,SENSOR_FAULT,cht
2026-01-01 00:04:16+00:00,ENG-DATASET-002,MSN-SENSOR_DRIFT-002,81.45,0.0319,750.6165,SENSOR_QUALITY_ISSUE,,,,0.306,UNRELIABLE,SENSOR_FAULT,cht
2026-01-01 00:04:17+00:00,ENG-DATASET-002,MSN-SENSOR_DRIFT-002,81.46,0.0318,732.2844,SENSOR_QUALITY_ISSUE,,,,0.306,UNRELIABLE,SENSOR_FAULT,cht
2026-01-01 00:04:18+00:00,ENG-DATASET-002,MSN-SENSOR_DRIFT-002,81.48,0.0318,713.8093,SENSOR_QUALITY_ISSUE,,,,0.306,UNRELIABLE,SENSOR_FAULT,cht
2026-01-01 00:04:19+00:00,ENG-DATASET-002,MSN-SENSOR_DRIFT-002,81.49,0.0318,695.3812,SENSOR_QUALITY_ISSUE,,,,0.306,UNRELIABLE,SENSOR_FAULT,cht
2026-01-01 00:04:20+00:00,ENG-DATASET-002,MSN-SENSOR_DRIFT-002,81.5,0.0318,670.4802,SENSOR_QUALITY_ISSUE,,,,0.306,UNRELIABLE,SENSOR_FAULT,cht
2026-01-01 00:04:21+00:00,ENG-DATASET-002,MSN-SENSOR_DRIFT-002,81.5,0.0318,644.267,SENSOR_QUALITY_ISSUE,,,,0.306,UNRELIABLE,SENSOR_FAULT,cht
2026-01-01 00:04:22+00:00,ENG-DATASET-002,MSN-SENSOR_DRIFT-002,81.5,0.0318,616.7653,SENSOR_QUALITY_ISSUE,,,,0.306,UNRELIABLE,SENSOR_FAULT,cht
2026-01-01 00:04:23+00:00,ENG-DATASET-002,MSN-SENSOR_DRIFT-002,81.49,0.0318,588.0583,SENSOR_QUALITY_ISSUE,,,,0.305,UNRELIABLE,SENSOR_FAULT,cht
2026-01-01 00:04:24+00:00,ENG-DATASET-002,MSN-SENSOR_DRIFT-002,81.48,0.0318,558.168,SENSOR_QUALITY_ISSUE,,,,0.305,UNRELIABLE,SENSOR_FAULT,cht
2026-01-01 00:04:25+00:00,ENG-DATASET-002,MSN-SENSOR_DRIFT-002,81.46,0.0319,527.1144,SENSOR_QUALITY_ISSUE,,,,0.305,UNRELIABLE,SENSOR_FAULT,cht
2026-01-01 00:04:26+00:00,ENG-DATASET-002,MSN-SENSOR_DRIFT-002,81.44,0.032,494.9765,SENSOR_QUALITY_ISSUE,,,,0.305,UNRELIABLE,SENSOR_FAULT,cht
2026-01-01 00:04:27+00:00,ENG-DATASET-002,MSN-SENSOR_DRIFT-002,81.4,0.0321,461.8313,SENSOR_QUALITY_ISSUE,,,,0.305,UNRELIABLE,SENSOR_FAULT,cht
2026-01-01 00:04:28+00:00,ENG-DATASET-002,MSN-SENSOR_DRIFT-002,81.36,0.0322,427.6928,SENSOR_QUALITY_ISSUE,,,,0.305,UNRELIABLE,SENSOR_FAULT,cht
2026-01-01 00:04:29+00:00,ENG-DATASET-002,MSN-SENSOR_DRIFT-002,81.31,0.0323,392.6341,SENSOR_QUALITY_ISSUE,,,,0.305,UNRELIABLE,SENSOR_FAULT,cht
2026-01-01 00:04:30+00:00,ENG-DATASET-002,MSN-SENSOR_DRIFT-002,81.26,0.0325,358.4366,SENSOR_QUALITY_ISSUE,,,,0.305,UNRELIABLE,SENSOR_FAULT,cht
2026-01-01 00:04:31+00:00,ENG-DATASET-002,MSN-SENSOR_DRIFT-002,81.2,0.0326,328.5243,SENSOR_QUALITY_ISSUE,,,,0.305,UNRELIABLE,SENSOR_FAULT,cht
2026-01-01 00:04:32+00:00,ENG-DATASET-002,MSN-SENSOR_DRIFT-002,81.13,0.0328,303.1322,SENSOR_QUALITY_ISSUE,,,,0.305,UNRELIABLE,SENSOR_FAULT,cht
2026-01-01 00:04:33+00:00,ENG-DATASET-002,MSN-SENSOR_DRIFT-002,81.06,0.033,282.4955,SENSOR_QUALITY_ISSUE,,,,0.305,UNRELIABLE,SENSOR_FAULT,cht
2026-01-01 00:04:34+00:00,ENG-DATASET-002,MSN-SENSOR_DRIFT-002,80.98,0.0332,266.7881,SENSOR_QUALITY_ISSUE,,,,0.305,UNRELIABLE,SENSOR_FAULT,cht
2026-01-01 00:04:35+00:00,ENG-DATASET-002,MSN-SENSOR_DRIFT-002,80.89,0.0334,254.5937,SENSOR_QUALITY_ISSUE,,,,0.305,UNRELIABLE,SENSOR_FAULT,cht
2026-01-01 00:04:36+00:00,ENG-DATASET-002,MSN-SENSOR_DRIFT-002,80.8,0.0336,242.7334,SENSOR_QUALITY_ISSUE,,,,0.305,UNRELIABLE,SENSOR_FAULT,cht
2026-01-01 00:04:37+00:00,ENG-DATASET-002,MSN-SENSOR_DRIFT-002,80.71,0.0339,231.2762,SENSOR_QUALITY_ISSUE,,,,0.305,UNRELIABLE,SENSOR_FAULT,cht
2026-01-01 00:04:38+00:00,ENG-DATASET-002,MSN-SENSOR_DRIFT-002,80.61,0.0341,220.2912,SENSOR_QUALITY_ISSUE,,,,0.305,UNRELIABLE,SENSOR_FAULT,cht
2026-01-01 00:04:39+00:00,ENG-DATASET-002,MSN-SENSOR_DRIFT-002,80.43,0.035,210.2584,SENSOR_QUALITY_ISSUE,,,,0.301,UNRELIABLE,SENSOR_FAULT,cht
2026-01-01 00:04:40+00:00,ENG-DATASET-002,MSN-SENSOR_DRIFT-002,80.05,0.036,202.4112,SENSOR_QUALITY_ISSUE,,,,0.302,UNRELIABLE,SENSOR_FAULT,cht
2026-01-01 00:04:41+00:00,ENG-DATASET-002,MSN-SENSOR_DRIFT-002,79.66,0.0369,196.8237,SENSOR_QUALITY_ISSUE,,,,0.302,UNRELIABLE,SENSOR_FAULT,cht
2026-01-01 00:04:42+00:00,ENG-DATASET-002,MSN-SENSOR_DRIFT-002,79.27,0.0379,193.4497,SENSOR_QUALITY_ISSUE,,,,0.302,UNRELIABLE,SENSOR_FAULT,cht
2026-01-01 00:04:43+00:00,ENG-DATASET-002,MSN-SENSOR_DRIFT-002,78.69,0.04,193.4257,SENSOR_QUALITY_ISSUE,,,,0.302,UNRELIABLE,SENSOR_FAULT,cht
2026-01-01 00:04:44+00:00,ENG-DATASET-002,MSN-SENSOR_DRIFT-002,77.76,0.0415,198.7352,SENSOR_QUALITY_ISSUE,,,,0.301,UNRELIABLE,SENSOR_FAULT,cht
2026-01-01 00:04:45+00:00,ENG-DATASET-002,MSN-SENSOR_DRIFT-002,77.03,0.0429,208.1068,SENSOR_QUALITY_ISSUE,,,,0.301,UNRELIABLE,SENSOR_FAULT,cht
2026-01-01 00:04:46+00:00,ENG-DATASET-002,MSN-SENSOR_DRIFT-002,76.31,0.0444,221.3715,SENSOR_QUALITY_ISSUE,,,,0.3,UNRELIABLE,SENSOR_FAULT,cht
2026-01-01 00:04:47+00:00,ENG-DATASET-002,MSN-SENSOR_DRIFT-002,75.59,0.0458,238.4822,SENSOR_QUALITY_ISSUE,,,,0.299,UNRELIABLE,SENSOR_FAULT,cht
2026-01-01 00:04:48+00:00,ENG-DATASET-002,MSN-SENSOR_DRIFT-002,75.07,0.046,258.1527,SENSOR_QUALITY_ISSUE,,,,0.3,UNRELIABLE,SENSOR_FAULT,cht
2026-01-01 00:04:49+00:00,ENG-DATASET-002,MSN-SENSOR_DRIFT-002,74.98,0.0462,277.7792,SENSOR_QUALITY_ISSUE,,,,0.301,UNRELIABLE,SENSOR_FAULT,cht
2026-01-01 00:04:50+00:00,ENG-DATASET-002,MSN-SENSOR_DRIFT-002,74.9,0.0464,297.3836,SENSOR_QUALITY_ISSUE,,,,0.302,UNRELIABLE,SENSOR_FAULT,cht
2026-01-01 00:04:51+00:00,ENG-DATASET-002,MSN-SENSOR_DRIFT-002,74.84,0.0465,316.872,SENSOR_QUALITY_ISSUE,,,,0.302,UNRELIABLE,SENSOR_FAULT,cht
2026-01-01 00:04:52+00:00,ENG-DATASET-002,MSN-SENSOR_DRIFT-002,74.79,0.0466,336.2744,SENSOR_QUALITY_ISSUE,,,,0.303,UNRELIABLE,SENSOR_FAULT,cht
2026-01-01 00:04:53+00:00,ENG-DATASET-002,MSN-SENSOR_DRIFT-002,74.75,0.0466,355.5028,SENSOR_QUALITY_ISSUE,,,,0.304,UNRELIABLE,SENSOR_FAULT,cht
2026-01-01 00:04:54+00:00,ENG-DATASET-002,MSN-SENSOR_DRIFT-002,74.73,0.0467,374.532,SENSOR_QUALITY_ISSUE,,,,0.304,UNRELIABLE,SENSOR_FAULT,cht
2026-01-01 00:04:55+00:00,ENG-DATASET-002,MSN-SENSOR_DRIFT-002,74.72,0.0467,393.2802,SENSOR_QUALITY_ISSUE,,,,0.305,UNRELIABLE,SENSOR_FAULT,cht
2026-01-01 00:04:56+00:00,ENG-DATASET-002,MSN-SENSOR_DRIFT-002,74.73,0.0466,411.6674,SENSOR_QUALITY_ISSUE,,,,0.305,UNRELIABLE,SENSOR_FAULT,cht
2026-01-01 00:04:57+00:00,ENG-DATASET-002,MSN-SENSOR_DRIFT-002,74.74,0.0466,429.7354,SENSOR_QUALITY_ISSUE,,,,0.306,UNRELIABLE,SENSOR_FAULT,cht
2026-01-01 00:04:58+00:00,ENG-DATASET-002,MSN-SENSOR_DRIFT-002,74.77,0.0465,447.4083,SENSOR_QUALITY_ISSUE,,,,0.307,UNRELIABLE,SENSOR_FAULT,cht
2026-01-01 00:04:59+00:00,ENG-DATASET-002,MSN-SENSOR_DRIFT-002,74.8,0.0464,464.488,SENSOR_QUALITY_ISSUE,,,,0.307,UNRELIABLE,SENSOR_FAULT,cht
2026-01-01 00:05:00+00:00,ENG-DATASET-002,MSN-SENSOR_DRIFT-002,75.79,0.0395,475.042,SENSOR_QUALITY_ISSUE,,,,0.328,UNRELIABLE,SENSOR_FAULT,cht
2026-01-01 00:00:01+00:00,ENG-DATASET-003,MSN-SENSOR_DRIFT-003,100.0,0.0,0.0,HEALTHY,,,,0.05,INSUFFICIENT_HISTORY,NORMAL,
2026-01-01 00:00:02+00:00,ENG-DATASET-003,MSN-SENSOR_DRIFT-003,100.0,0.0,0.0,HEALTHY,,,,0.1,INSUFFICIENT_HISTORY,NORMAL,
2026-01-01 00:00:03+00:00,ENG-DATASET-003,MSN-SENSOR_DRIFT-003,100.0,0.0,0.0,HEALTHY,,,,0.15,INSUFFICIENT_HISTORY,NORMAL,
2026-01-01 00:00:04+00:00,ENG-DATASET-003,MSN-SENSOR_DRIFT-003,100.0,0.0,0.0,HEALTHY,,,,0.2,INSUFFICIENT_HISTORY,NORMAL,
2026-01-01 00:00:05+00:00,ENG-DATASET-003,MSN-SENSOR_DRIFT-003,100.0,0.0,0.0,HEALTHY,,,,0.25,STABLE,NORMAL,
2026-01-01 00:00:06+00:00,ENG-DATASET-003,MSN-SENSOR_DRIFT-003,100.0,0.0,0.0,HEALTHY,,,,0.3,STABLE,NORMAL,
2026-01-01 00:00:07+00:00,ENG-DATASET-003,MSN-SENSOR_DRIFT-003,100.0,0.0,0.0,HEALTHY,,,,0.35,STABLE,NORMAL,
2026-01-01 00:00:08+00:00,ENG-DATASET-003,MSN-SENSOR_DRIFT-003,100.0,0.0,0.0,HEALTHY,,,,0.4,STABLE,NORMAL,
2026-01-01 00:00:09+00:00,ENG-DATASET-003,MSN-SENSOR_DRIFT-003,100.0,0.0,0.0,HEALTHY,,,,0.45,STABLE,NORMAL,
2026-01-01 00:00:10+00:00,ENG-DATASET-003,MSN-SENSOR_DRIFT-003,100.0,0.0,0.0,HEALTHY,,,,0.5,STABLE,NORMAL,
2026-01-01 00:00:11+00:00,ENG-DATASET-003,MSN-SENSOR_DRIFT-003,100.0,0.0,0.0,HEALTHY,,,,0.55,STABLE,NORMAL,
2026-01-01 00:00:12+00:00,ENG-DATASET-003,MSN-SENSOR_DRIFT-003,100.0,0.0,0.0,HEALTHY,,,,0.6,STABLE,NORMAL,
2026-01-01 00:00:13+00:00,ENG-DATASET-003,MSN-SENSOR_DRIFT-003,100.0,0.0,0.0,HEALTHY,,,,0.65,STABLE,NORMAL,
2026-01-01 00:00:14+00:00,ENG-DATASET-003,MSN-SENSOR_DRIFT-003,100.0,0.0,0.0,HEALTHY,,,,0.7,STABLE,NORMAL,
2026-01-01 00:00:15+00:00,ENG-DATASET-003,MSN-SENSOR_DRIFT-003,100.0,0.0,0.0,HEALTHY,,,,0.75,STABLE,NORMAL,
2026-01-01 00:00:16+00:00,ENG-DATASET-003,MSN-SENSOR_DRIFT-003,100.0,0.0,0.0,HEALTHY,,,,0.8,STABLE,NORMAL,
2026-01-01 00:00:17+00:00,ENG-DATASET-003,MSN-SENSOR_DRIFT-003,100.0,0.0,0.0,HEALTHY,,,,0.85,STABLE,NORMAL,
2026-01-01 00:00:18+00:00,ENG-DATASET-003,MSN-SENSOR_DRIFT-003,100.0,0.0,0.0,HEALTHY,,,,0.9,STABLE,NORMAL,
2026-01-01 00:00:19+00:00,ENG-DATASET-003,MSN-SENSOR_DRIFT-003,100.0,0.0,0.0,HEALTHY,,,,0.95,STABLE,NORMAL,
2026-01-01 00:00:20+00:00,ENG-DATASET-003,MSN-SENSOR_DRIFT-003,100.0,0.0,0.0,HEALTHY,,,,1.0,STABLE,NORMAL,
2026-01-01 00:00:21+00:00,ENG-DATASET-003,MSN-SENSOR_DRIFT-003,100.0,0.0,0.0,HEALTHY,,,,1.0,STABLE,NORMAL,
2026-01-01 00:00:22+00:00,ENG-DATASET-003,MSN-SENSOR_DRIFT-003,100.0,0.0,0.0,HEALTHY,,,,1.0,STABLE,NORMAL,
2026-01-01 00:00:23+00:00,ENG-DATASET-003,MSN-SENSOR_DRIFT-003,100.0,0.0,0.0,HEALTHY,,,,1.0,STABLE,NORMAL,
2026-01-01 00:00:24+00:00,ENG-DATASET-003,MSN-SENSOR_DRIFT-003,100.0,0.0,0.0,HEALTHY,,,,1.0,STABLE,NORMAL,
2026-01-01 00:00:25+00:00,ENG-DATASET-003,MSN-SENSOR_DRIFT-003,100.0,0.0,0.0,HEALTHY,,,,1.0,STABLE,NORMAL,
2026-01-01 00:00:26+00:00,ENG-DATASET-003,MSN-SENSOR_DRIFT-003,100.0,0.0,0.0,HEALTHY,,,,1.0,STABLE,NORMAL,
2026-01-01 00:00:27+00:00,ENG-DATASET-003,MSN-SENSOR_DRIFT-003,100.0,0.0,0.0,HEALTHY,,,,1.0,STABLE,NORMAL,
2026-01-01 00:00:28+00:00,ENG-DATASET-003,MSN-SENSOR_DRIFT-003,100.0,0.0,0.0,HEALTHY,,,,1.0,STABLE,NORMAL,
2026-01-01 00:00:29+00:00,ENG-DATASET-003,MSN-SENSOR_DRIFT-003,100.0,0.0,0.0,HEALTHY,,,,1.0,STABLE,NORMAL,
2026-01-01 00:00:30+00:00,ENG-DATASET-003,MSN-SENSOR_DRIFT-003,100.0,0.0,0.0,HEALTHY,,,,1.0,STABLE,NORMAL,
2026-01-01 00:00:31+00:00,ENG-DATASET-003,MSN-SENSOR_DRIFT-003,100.0,0.0,0.0,HEALTHY,,,,1.0,STABLE,NORMAL,
2026-01-01 00:00:32+00:00,ENG-DATASET-003,MSN-SENSOR_DRIFT-003,100.0,0.0,0.0,HEALTHY,,,,1.0,STABLE,NORMAL,
2026-01-01 00:00:33+00:00,ENG-DATASET-003,MSN-SENSOR_DRIFT-003,100.0,0.0,0.0,HEALTHY,,,,1.0,STABLE,NORMAL,
2026-01-01 00:00:34+00:00,ENG-DATASET-003,MSN-SENSOR_DRIFT-003,100.0,0.0,0.0,HEALTHY,,,,1.0,STABLE,NORMAL,
2026-01-01 00:00:35+00:00,ENG-DATASET-003,MSN-SENSOR_DRIFT-003,100.0,0.0,0.0,HEALTHY,,,,1.0,STABLE,NORMAL,
2026-01-01 00:00:36+00:00,ENG-DATASET-003,MSN-SENSOR_DRIFT-003,100.0,0.0,0.0,HEALTHY,,,,1.0,STABLE,NORMAL,
2026-01-01 00:00:37+00:00,ENG-DATASET-003,MSN-SENSOR_DRIFT-003,100.0,0.0,0.0,HEALTHY,,,,1.0,STABLE,NORMAL,
2026-01-01 00:00:38+00:00,ENG-DATASET-003,MSN-SENSOR_DRIFT-003,100.0,0.0,0.0,HEALTHY,,,,1.0,STABLE,NORMAL,
2026-01-01 00:00:39+00:00,ENG-DATASET-003,MSN-SENSOR_DRIFT-003,100.0,0.0,0.0,HEALTHY,,,,1.0,STABLE,NORMAL,
2026-01-01 00:00:40+00:00,ENG-DATASET-003,MSN-SENSOR_DRIFT-003,100.0,0.0,0.0,HEALTHY,,,,1.0,STABLE,NORMAL,
2026-01-01 00:00:41+00:00,ENG-DATASET-003,MSN-SENSOR_DRIFT-003,100.0,0.0,0.0,HEALTHY,,,,1.0,STABLE,NORMAL,
2026-01-01 00:00:42+00:00,ENG-DATASET-003,MSN-SENSOR_DRIFT-003,100.0,0.0,0.0,HEALTHY,,,,1.0,STABLE,NORMAL,
2026-01-01 00:00:43+00:00,ENG-DATASET-003,MSN-SENSOR_DRIFT-003,100.0,0.0,0.0,HEALTHY,,,,1.0,STABLE,NORMAL,
2026-01-01 00:00:44+00:00,ENG-DATASET-003,MSN-SENSOR_DRIFT-003,100.0,0.0,0.0,HEALTHY,,,,1.0,STABLE,NORMAL,
2026-01-01 00:00:45+00:00,ENG-DATASET-003,MSN-SENSOR_DRIFT-003,100.0,0.0,0.0,HEALTHY,,,,1.0,STABLE,NORMAL,
2026-01-01 00:00:46+00:00,ENG-DATASET-003,MSN-SENSOR_DRIFT-003,100.0,0.0,0.0,HEALTHY,,,,1.0,STABLE,NORMAL,
2026-01-01 00:00:47+00:00,ENG-DATASET-003,MSN-SENSOR_DRIFT-003,100.0,0.0,0.0,HEALTHY,,,,1.0,STABLE,NORMAL,
2026-01-01 00:00:48+00:00,ENG-DATASET-003,MSN-SENSOR_DRIFT-003,100.0,0.0,0.0,HEALTHY,,,,1.0,STABLE,NORMAL,
2026-01-01 00:00:49+00:00,ENG-DATASET-003,MSN-SENSOR_DRIFT-003,100.0,0.0,0.0,HEALTHY,,,,1.0,STABLE,NORMAL,
2026-01-01 00:00:50+00:00,ENG-DATASET-003,MSN-SENSOR_DRIFT-003,100.0,0.0,0.0,HEALTHY,,,,1.0,STABLE,NORMAL,
2026-01-01 00:00:51+00:00,ENG-DATASET-003,MSN-SENSOR_DRIFT-003,100.0,0.0,0.0,HEALTHY,,,,1.0,STABLE,NORMAL,
2026-01-01 00:00:52+00:00,ENG-DATASET-003,MSN-SENSOR_DRIFT-003,100.0,0.0,0.0,HEALTHY,,,,1.0,STABLE,NORMAL,
2026-01-01 00:00:53+00:00,ENG-DATASET-003,MSN-SENSOR_DRIFT-003,100.0,0.0,0.0,HEALTHY,,,,1.0,STABLE,NORMAL,
2026-01-01 00:00:54+00:00,ENG-DATASET-003,MSN-SENSOR_DRIFT-003,100.0,0.0,0.0,HEALTHY,,,,1.0,STABLE,NORMAL,
2026-01-01 00:00:55+00:00,ENG-DATASET-003,MSN-SENSOR_DRIFT-003,100.0,0.0,0.0,HEALTHY,,,,1.0,STABLE,NORMAL,
2026-01-01 00:00:56+00:00,ENG-DATASET-003,MSN-SENSOR_DRIFT-003,100.0,0.0,0.0,HEALTHY,,,,1.0,STABLE,NORMAL,
2026-01-01 00:00:57+00:00,ENG-DATASET-003,MSN-SENSOR_DRIFT-003,100.0,0.0,0.0,HEALTHY,,,,1.0,STABLE,NORMAL,
2026-01-01 00:00:58+00:00,ENG-DATASET-003,MSN-SENSOR_DRIFT-003,100.0,0.0,0.0,HEALTHY,,,,1.0,STABLE,NORMAL,
2026-01-01 00:00:59+00:00,ENG-DATASET-003,MSN-SENSOR_DRIFT-003,100.0,0.0,0.0,HEALTHY,,,,1.0,STABLE,NORMAL,
2026-01-01 00:01:00+00:00,ENG-DATASET-003,MSN-SENSOR_DRIFT-003,100.0,0.0,0.0,HEALTHY,,,,1.0,STABLE,NORMAL,
2026-01-01 00:01:01+00:00,ENG-DATASET-003,MSN-SENSOR_DRIFT-003,100.0,0.0,0.0,HEALTHY,,,,1.0,STABLE,NORMAL,
2026-01-01 00:01:02+00:00,ENG-DATASET-003,MSN-SENSOR_DRIFT-003,100.0,0.0,0.0,HEALTHY,,,,1.0,STABLE,NORMAL,
2026-01-01 00:01:03+00:00,ENG-DATASET-003,MSN-SENSOR_DRIFT-003,100.0,0.0,0.0,HEALTHY,,,,1.0,STABLE,NORMAL,
2026-01-01 00:01:04+00:00,ENG-DATASET-003,MSN-SENSOR_DRIFT-003,100.0,0.0,0.0,HEALTHY,,,,1.0,STABLE,NORMAL,
2026-01-01 00:01:05+00:00,ENG-DATASET-003,MSN-SENSOR_DRIFT-003,100.0,0.0,0.0,HEALTHY,,,,1.0,STABLE,NORMAL,
2026-01-01 00:01:06+00:00,ENG-DATASET-003,MSN-SENSOR_DRIFT-003,100.0,0.0,0.0,HEALTHY,,,,1.0,STABLE,NORMAL,
2026-01-01 00:01:07+00:00,ENG-DATASET-003,MSN-SENSOR_DRIFT-003,100.0,0.0,0.0,HEALTHY,,,,1.0,STABLE,NORMAL,
2026-01-01 00:01:08+00:00,ENG-DATASET-003,MSN-SENSOR_DRIFT-003,100.0,0.0,0.0,HEALTHY,,,,1.0,STABLE,NORMAL,
2026-01-01 00:01:09+00:00,ENG-DATASET-003,MSN-SENSOR_DRIFT-003,100.0,0.0,0.0,HEALTHY,,,,1.0,STABLE,NORMAL,
2026-01-01 00:01:10+00:00,ENG-DATASET-003,MSN-SENSOR_DRIFT-003,100.0,0.0,0.0,HEALTHY,,,,1.0,STABLE,NORMAL,
2026-01-01 00:01:11+00:00,ENG-DATASET-003,MSN-SENSOR_DRIFT-003,100.0,0.0,0.0,HEALTHY,,,,1.0,STABLE,NORMAL,
2026-01-01 00:01:12+00:00,ENG-DATASET-003,MSN-SENSOR_DRIFT-003,100.0,0.0,0.0,HEALTHY,,,,1.0,STABLE,NORMAL,
2026-01-01 00:01:13+00:00,ENG-DATASET-003,MSN-SENSOR_DRIFT-003,100.0,0.0,0.0,HEALTHY,,,,1.0,STABLE,NORMAL,
2026-01-01 00:01:14+00:00,ENG-DATASET-003,MSN-SENSOR_DRIFT-003,100.0,0.0,0.0,HEALTHY,,,,1.0,STABLE,NORMAL,
2026-01-01 00:01:15+00:00,ENG-DATASET-003,MSN-SENSOR_DRIFT-003,100.0,0.0,0.0,HEALTHY,,,,1.0,STABLE,NORMAL,
2026-01-01 00:01:16+00:00,ENG-DATASET-003,MSN-SENSOR_DRIFT-003,100.0,0.0,0.0,HEALTHY,,,,1.0,STABLE,NORMAL,
2026-01-01 00:01:17+00:00,ENG-DATASET-003,MSN-SENSOR_DRIFT-003,100.0,0.0,0.0,HEALTHY,,,,1.0,STABLE,NORMAL,
2026-01-01 00:01:18+00:00,ENG-DATASET-003,MSN-SENSOR_DRIFT-003,100.0,0.0,0.0,HEALTHY,,,,1.0,STABLE,NORMAL,
2026-01-01 00:01:19+00:00,ENG-DATASET-003,MSN-SENSOR_DRIFT-003,100.0,0.0,0.0,HEALTHY,,,,1.0,STABLE,NORMAL,
2026-01-01 00:01:20+00:00,ENG-DATASET-003,MSN-SENSOR_DRIFT-003,100.0,0.0,0.0,HEALTHY,,,,1.0,STABLE,NORMAL,
2026-01-01 00:01:21+00:00,ENG-DATASET-003,MSN-SENSOR_DRIFT-003,100.0,0.0,0.0,HEALTHY,,,,1.0,STABLE,NORMAL,
2026-01-01 00:01:22+00:00,ENG-DATASET-003,MSN-SENSOR_DRIFT-003,100.0,0.0,0.0,HEALTHY,,,,1.0,STABLE,NORMAL,
2026-01-01 00:01:23+00:00,ENG-DATASET-003,MSN-SENSOR_DRIFT-003,100.0,0.0,0.0,HEALTHY,,,,1.0,STABLE,NORMAL,
2026-01-01 00:01:24+00:00,ENG-DATASET-003,MSN-SENSOR_DRIFT-003,100.0,0.0,0.0,HEALTHY,,,,1.0,STABLE,NORMAL,
2026-01-01 00:01:25+00:00,ENG-DATASET-003,MSN-SENSOR_DRIFT-003,100.0,0.0,0.0,HEALTHY,,,,1.0,STABLE,NORMAL,
2026-01-01 00:01:26+00:00,ENG-DATASET-003,MSN-SENSOR_DRIFT-003,100.0,0.0,0.0,HEALTHY,,,,1.0,STABLE,NORMAL,
2026-01-01 00:01:27+00:00,ENG-DATASET-003,MSN-SENSOR_DRIFT-003,100.0,0.0,0.0,HEALTHY,,,,1.0,STABLE,NORMAL,
2026-01-01 00:01:28+00:00,ENG-DATASET-003,MSN-SENSOR_DRIFT-003,100.0,0.0,0.0,HEALTHY,,,,1.0,STABLE,NORMAL,
2026-01-01 00:01:29+00:00,ENG-DATASET-003,MSN-SENSOR_DRIFT-003,100.0,0.0,0.0,HEALTHY,,,,1.0,STABLE,NORMAL,
2026-01-01 00:01:30+00:00,ENG-DATASET-003,MSN-SENSOR_DRIFT-003,100.0,0.0,0.0,HEALTHY,,,,1.0,STABLE,NORMAL,
2026-01-01 00:01:31+00:00,ENG-DATASET-003,MSN-SENSOR_DRIFT-003,100.0,0.0,0.0,HEALTHY,,,,1.0,STABLE,NORMAL,
2026-01-01 00:01:32+00:00,ENG-DATASET-003,MSN-SENSOR_DRIFT-003,100.0,0.0,0.0,HEALTHY,,,,1.0,STABLE,NORMAL,
2026-01-01 00:01:33+00:00,ENG-DATASET-003,MSN-SENSOR_DRIFT-003,100.0,0.0,0.0,HEALTHY,,,,1.0,STABLE,NORMAL,
2026-01-01 00:01:34+00:00,ENG-DATASET-003,MSN-SENSOR_DRIFT-003,100.0,0.0,0.0,HEALTHY,,,,1.0,STABLE,NORMAL,
2026-01-01 00:01:35+00:00,ENG-DATASET-003,MSN-SENSOR_DRIFT-003,100.0,0.0,0.0,HEALTHY,,,,1.0,STABLE,NORMAL,
2026-01-01 00:01:36+00:00,ENG-DATASET-003,MSN-SENSOR_DRIFT-003,100.0,0.0,0.0,HEALTHY,,,,1.0,STABLE,NORMAL,
2026-01-01 00:01:37+00:00,ENG-DATASET-003,MSN-SENSOR_DRIFT-003,100.0,0.0,0.0,HEALTHY,,,,1.0,STABLE,NORMAL,
2026-01-01 00:01:38+00:00,ENG-DATASET-003,MSN-SENSOR_DRIFT-003,100.0,0.0,0.0,HEALTHY,,,,1.0,STABLE,NORMAL,
2026-01-01 00:01:39+00:00,ENG-DATASET-003,MSN-SENSOR_DRIFT-003,100.0,0.0,0.0,HEALTHY,,,,1.0,STABLE,NORMAL,
2026-01-01 00:01:40+00:00,ENG-DATASET-003,MSN-SENSOR_DRIFT-003,100.0,0.0,0.0,HEALTHY,,,,1.0,STABLE,NORMAL,
2026-01-01 00:01:41+00:00,ENG-DATASET-003,MSN-SENSOR_DRIFT-003,100.0,0.0,0.0,HEALTHY,,,,1.0,STABLE,NORMAL,
2026-01-01 00:01:42+00:00,ENG-DATASET-003,MSN-SENSOR_DRIFT-003,100.0,0.0,0.0,HEALTHY,,,,1.0,STABLE,NORMAL,
2026-01-01 00:01:43+00:00,ENG-DATASET-003,MSN-SENSOR_DRIFT-003,100.0,0.0,0.0,HEALTHY,,,,1.0,STABLE,NORMAL,
2026-01-01 00:01:44+00:00,ENG-DATASET-003,MSN-SENSOR_DRIFT-003,100.0,0.0,0.0,HEALTHY,,,,1.0,STABLE,NORMAL,
2026-01-01 00:01:45+00:00,ENG-DATASET-003,MSN-SENSOR_DRIFT-003,100.0,0.0,0.0,HEALTHY,,,,1.0,STABLE,NORMAL,
2026-01-01 00:01:46+00:00,ENG-DATASET-003,MSN-SENSOR_DRIFT-003,100.0,0.0,0.0,HEALTHY,,,,1.0,STABLE,NORMAL,
2026-01-01 00:01:47+00:00,ENG-DATASET-003,MSN-SENSOR_DRIFT-003,100.0,0.0,0.0,HEALTHY,,,,1.0,STABLE,NORMAL,
2026-01-01 00:01:48+00:00,ENG-DATASET-003,MSN-SENSOR_DRIFT-003,100.0,0.0,0.0,HEALTHY,,,,1.0,STABLE,NORMAL,
2026-01-01 00:01:49+00:00,ENG-DATASET-003,MSN-SENSOR_DRIFT-003,100.0,0.0,0.0,HEALTHY,,,,1.0,STABLE,NORMAL,
2026-01-01 00:01:50+00:00,ENG-DATASET-003,MSN-SENSOR_DRIFT-003,100.0,0.0,0.0,HEALTHY,,,,1.0,STABLE,NORMAL,
2026-01-01 00:01:51+00:00,ENG-DATASET-003,MSN-SENSOR_DRIFT-003,100.0,0.0,0.0,HEALTHY,,,,1.0,STABLE,NORMAL,
2026-01-01 00:01:52+00:00,ENG-DATASET-003,MSN-SENSOR_DRIFT-003,100.0,0.0,0.0,HEALTHY,,,,1.0,STABLE,NORMAL,
2026-01-01 00:01:53+00:00,ENG-DATASET-003,MSN-SENSOR_DRIFT-003,100.0,0.0,0.0,HEALTHY,,,,1.0,STABLE,NORMAL,
2026-01-01 00:01:54+00:00,ENG-DATASET-003,MSN-SENSOR_DRIFT-003,100.0,0.0,0.0,HEALTHY,,,,1.0,STABLE,NORMAL,
2026-01-01 00:01:55+00:00,ENG-DATASET-003,MSN-SENSOR_DRIFT-003,100.0,0.0,0.0,HEALTHY,,,,1.0,STABLE,NORMAL,
2026-01-01 00:01:56+00:00,ENG-DATASET-003,MSN-SENSOR_DRIFT-003,100.0,0.0,0.0,HEALTHY,,,,1.0,STABLE,NORMAL,
2026-01-01 00:01:57+00:00,ENG-DATASET-003,MSN-SENSOR_DRIFT-003,100.0,0.0,0.0,HEALTHY,,,,1.0,STABLE,NORMAL,
2026-01-01 00:01:58+00:00,ENG-DATASET-003,MSN-SENSOR_DRIFT-003,100.0,0.0,0.0,HEALTHY,,,,1.0,STABLE,NORMAL,
2026-01-01 00:01:59+00:00,ENG-DATASET-003,MSN-SENSOR_DRIFT-003,100.0,0.0,0.0,HEALTHY,,,,1.0,STABLE,NORMAL,
2026-01-01 00:02:00+00:00,ENG-DATASET-003,MSN-SENSOR_DRIFT-003,100.0,0.0,0.0,HEALTHY,,,,1.0,STABLE,NORMAL,
2026-01-01 00:02:01+00:00,ENG-DATASET-003,MSN-SENSOR_DRIFT-003,100.0,0.0,0.0,SENSOR_QUALITY_ISSUE,,,,0.36,UNRELIABLE,PHYSICAL_FAULT,
2026-01-01 00:02:02+00:00,ENG-DATASET-003,MSN-SENSOR_DRIFT-003,99.99,0.0001,0.059,SENSOR_QUALITY_ISSUE,,,,0.36,UNRELIABLE,PHYSICAL_FAULT,
2026-01-01 00:02:03+00:00,ENG-DATASET-003,MSN-SENSOR_DRIFT-003,99.97,0.0001,0.2341,SENSOR_QUALITY_ISSUE,,,,0.36,UNRELIABLE,PHYSICAL_FAULT,
2026-01-01 00:02:04+00:00,ENG-DATASET-003,MSN-SENSOR_DRIFT-003,99.94,0.0002,0.5802,SENSOR_QUALITY_ISSUE,,,,0.36,UNRELIABLE,PHYSICAL_FAULT,
2026-01-01 00:02:05+00:00,ENG-DATASET-003,MSN-SENSOR_DRIFT-003,99.9,0.0003,1.1503,SENSOR_QUALITY_ISSUE,,,,0.36,UNRELIABLE,PHYSICAL_FAULT,
2026-01-01 00:02:06+00:00,ENG-DATASET-003,MSN-SENSOR_DRIFT-003,99.86,0.0004,1.9365,SENSOR_QUALITY_ISSUE,,,,0.36,UNRELIABLE,PHYSICAL_FAULT,
2026-01-01 00:02:07+00:00,ENG-DATASET-003,MSN-SENSOR_DRIFT-003,99.82,0.0005,2.9308,SENSOR_QUALITY_ISSUE,,,,0.36,UNRELIABLE,PHYSICAL_FAULT,
2026-01-01 00:02:08+00:00,ENG-DATASET-003,MSN-SENSOR_DRIFT-003,99.77,0.0006,4.1842,SENSOR_QUALITY_ISSUE,,,,0.36,UNRELIABLE,PHYSICAL_FAULT,
2026-01-01 00:02:09+00:00,ENG-DATASET-003,MSN-SENSOR_DRIFT-003,99.73,0.0007,5.6276,SENSOR_QUALITY_ISSUE,,,,0.36,UNRELIABLE,PHYSICAL_FAULT,
2026-01-01 00:02:10+00:00,ENG-DATASET-003,MSN-SENSOR_DRIFT-003,99.68,0.0008,7.312,SENSOR_QUALITY_ISSUE,,,,0.36,UNRELIABLE,PHYSICAL_FAULT,
2026-01-01 00:02:11+00:00,ENG-DATASET-003,MSN-SENSOR_DRIFT-003,99.63,0.0009,9.2276,SENSOR_QUALITY_ISSUE,,,,0.36,UNRELIABLE,PHYSICAL_FAULT,
2026-01-01 00:02:12+00:00,ENG-DATASET-003,MSN-SENSOR_DRIFT-003,99.58,0.001,11.3642,SENSOR_QUALITY_ISSUE,,,,0.36,UNRELIABLE,PHYSICAL_FAULT,
2026-01-01 00:02:13+00:00,ENG-DATASET-003,MSN-SENSOR_DRIFT-003,99.54,0.0011,13.6528,SENSOR_QUALITY_ISSUE,,,,0.36,UNRELIABLE,PHYSICAL_FAULT,
2026-01-01 00:02:14+00:00,ENG-DATASET-003,MSN-SENSOR_DRIFT-003,99.48,0.0012,16.2035,SENSOR_QUALITY_ISSUE,,,,0.359,UNRELIABLE,PHYSICAL_FAULT,
2026-01-01 00:02:15+00:00,ENG-DATASET-003,MSN-SENSOR_DRIFT-003,99.43,0.0013,18.9453,SENSOR_QUALITY_ISSUE,,,,0.359,UNRELIABLE,PHYSICAL_FAULT,
2026-01-01 00:02:16+00:00,ENG-DATASET-003,MSN-SENSOR_DRIFT-003,99.38,0.0015,21.8681,SENSOR_QUALITY_ISSUE,,,,0.359,UNRELIABLE,PHYSICAL_FAULT,
2026-01-01 00:02:17+00:00,ENG-DATASET-003,MSN-SENSOR_DRIFT-003,99.33,0.0016,24.9619,SENSOR_QUALITY_ISSUE,,,,0.359,UNRELIABLE,PHYSICAL_FAULT,
2026-01-01 00:02:18+00:00,ENG-DATASET-003,MSN-SENSOR_DRIFT-003,99.27,0.0017,28.2759,SENSOR_QUALITY_ISSUE,,,,0.359,UNRELIABLE,PHYSICAL_FAULT,
2026-01-01 00:02:19+00:00,ENG-DATASET-003,MSN-SENSOR_DRIFT-003,99.22,0.0018,31.7388,SENSOR_QUALITY_ISSUE,,,,0.359,UNRELIABLE,PHYSICAL_FAULT,
2026-01-01 00:02:20+00:00,ENG-DATASET-003,MSN-SENSOR_DRIFT-003,99.16,0.002,35.3998,SENSOR_QUALITY_ISSUE,,,,0.359,UNRELIABLE,PHYSICAL_FAULT,
2026-01-01 00:02:21+00:00,ENG-DATASET-003,MSN-SENSOR_DRIFT-003,99.11,0.0021,39.1879,SENSOR_QUALITY_ISSUE,,,,0.359,UNRELIABLE,PHYSICAL_FAULT,
2026-01-01 00:02:22+00:00,ENG-DATASET-003,MSN-SENSOR_DRIFT-003,99.05,0.0022,43.152,SENSOR_QUALITY_ISSUE,,,,0.359,UNRELIABLE,PHYSICAL_FAULT,
2026-01-01 00:02:23+00:00,ENG-DATASET-003,MSN-SENSOR_DRIFT-003,99.0,0.0023,47.2211,SENSOR_QUALITY_ISSUE,,,,0.359,UNRELIABLE,PHYSICAL_FAULT,
2026-01-01 00:02:24+00:00,ENG-DATASET-003,MSN-SENSOR_DRIFT-003,98.94,0.0025,51.4443,SENSOR_QUALITY_ISSUE,,,,0.359,UNRELIABLE,PHYSICAL_FAULT,
2026-01-01 00:02:25+00:00,ENG-DATASET-003,MSN-SENSOR_DRIFT-003,98.88,0.0026,55.8095,SENSOR_QUALITY_ISSUE,,,,0.359,UNRELIABLE,PHYSICAL_FAULT,
2026-01-01 00:02:26+00:00,ENG-DATASET-003,MSN-SENSOR_DRIFT-003,98.83,0.0027,60.2457,SENSOR_QUALITY_ISSUE,,,,0.359,UNRELIABLE,PHYSICAL_FAULT,
2026-01-01 00:02:27+00:00,ENG-DATASET-003,MSN-SENSOR_DRIFT-003,98.77,0.0029,64.802,SENSOR_QUALITY_ISSUE,,,,0.359,UNRELIABLE,PHYSICAL_FAULT,
2026-01-01 00:02:28+00:00,ENG-DATASET-003,MSN-SENSOR_DRIFT-003,98.71,0.003,69.4663,SENSOR_QUALITY_ISSUE,,,,0.359,UNRELIABLE,PHYSICAL_FAULT,
2026-01-01 00:02:29+00:00,ENG-DATASET-003,MSN-SENSOR_DRIFT-003,98.65,0.0031,74.2266,SENSOR_QUALITY_ISSUE,,,,0.359,UNRELIABLE,PHYSICAL_FAULT,
2026-01-01 00:02:30+00:00,ENG-DATASET-003,MSN-SENSOR_DRIFT-003,98.6,0.0032,79.0119,SENSOR_QUALITY_ISSUE,,,,0.359,UNRELIABLE,PHYSICAL_FAULT,
2026-01-01 00:02:31+00:00,ENG-DATASET-003,MSN-SENSOR_DRIFT-003,98.54,0.0034,83.8713,SENSOR_QUALITY_ISSUE,,,,0.359,UNRELIABLE,PHYSICAL_FAULT,
2026-01-01 00:02:32+00:00,ENG-DATASET-003,MSN-SENSOR_DRIFT-003,98.48,0.0035,88.7927,SENSOR_QUALITY_ISSUE,,,,0.359,UNRELIABLE,PHYSICAL_FAULT,
2026-01-01 00:02:33+00:00,ENG-DATASET-003,MSN-SENSOR_DRIFT-003,98.42,0.0036,93.764,SENSOR_QUALITY_ISSUE,,,,0.359,UNRELIABLE,PHYSICAL_FAULT,
2026-01-01 00:02:34+00:00,ENG-DATASET-003,MSN-SENSOR_DRIFT-003,98.37,0.0037,98.7144,SENSOR_QUALITY_ISSUE,,,,0.359,UNRELIABLE,PHYSICAL_FAULT,
2026-01-01 00:02:35+00:00,ENG-DATASET-003,MSN-SENSOR_DRIFT-003,98.31,0.0039,103.6928,SENSOR_QUALITY_ISSUE,,,,0.359,UNRELIABLE,PHYSICAL_FAULT,
2026-01-01 00:02:36+00:00,ENG-DATASET-003,MSN-SENSOR_DRIFT-003,98.25,0.004,108.6872,SENSOR_QUALITY_ISSUE,,,,0.359,UNRELIABLE,PHYSICAL_FAULT,
2026-01-01 00:02:37+00:00,ENG-DATASET-003,MSN-SENSOR_DRIFT-003,98.19,0.0041,113.6856,SENSOR_QUALITY_ISSUE,,,,0.359,UNRELIABLE,PHYSICAL_FAULT,
2026-01-01 00:02:38+00:00,ENG-DATASET-003,MSN-SENSOR_DRIFT-003,98.14,0.0043,118.6169,SENSOR_QUALITY_ISSUE,,,,0.359,UNRELIABLE,PHYSICAL_FAULT,
2026-01-01 00:02:39+00:00,ENG-DATASET-003,MSN-SENSOR_DRIFT-003,98.08,0.0044,123.5303,SENSOR_QUALITY_ISSUE,,,,0.359,UNRELIABLE,PHYSICAL_FAULT,
2026-01-01 00:02:40+00:00,ENG-DATASET-003,MSN-SENSOR_DRIFT-003,98.02,0.0045,128.4137,SENSOR_QUALITY_ISSUE,,,,0.359,UNRELIABLE,PHYSICAL_FAULT,
2026-01-01 00:02:41+00:00,ENG-DATASET-003,MSN-SENSOR_DRIFT-003,97.96,0.0047,133.255,SENSOR_QUALITY_ISSUE,,,,0.359,UNRELIABLE,PHYSICAL_FAULT,
2026-01-01 00:02:42+00:00,ENG-DATASET-003,MSN-SENSOR_DRIFT-003,97.89,0.0048,138.1014,SENSOR_QUALITY_ISSUE,,,,0.359,UNRELIABLE,PHYSICAL_FAULT,
2026-01-01 00:02:43+00:00,ENG-DATASET-003,MSN-SENSOR_DRIFT-003,97.83,0.005,142.8797,SENSOR_QUALITY_ISSUE,,,,0.359,UNRELIABLE,PHYSICAL_FAULT,
2026-01-01 00:02:44+00:00,ENG-DATASET-003,MSN-SENSOR_DRIFT-003,97.77,0.0051,147.578,SENSOR_QUALITY_ISSUE,,,,0.359,UNRELIABLE,PHYSICAL_FAULT,
2026-01-01 00:02:45+00:00,ENG-DATASET-003,MSN-SENSOR_DRIFT-003,97.7,0.0052,152.2433,SENSOR_QUALITY_ISSUE,,,,0.359,UNRELIABLE,PHYSICAL_FAULT,
2026-01-01 00:02:46+00:00,ENG-DATASET-003,MSN-SENSOR_DRIFT-003,97.64,0.0054,156.8026,SENSOR_QUALITY_ISSUE,,,,0.359,UNRELIABLE,PHYSICAL_FAULT,
2026-01-01 00:02:47+00:00,ENG-DATASET-003,MSN-SENSOR_DRIFT-003,97.57,0.0056,161.3028,SENSOR_QUALITY_ISSUE,,,,0.359,UNRELIABLE,PHYSICAL_FAULT,
2026-01-01 00:02:48+00:00,ENG-DATASET-003,MSN-SENSOR_DRIFT-003,97.5,0.0057,165.73,SENSOR_QUALITY_ISSUE,,,,0.359,UNRELIABLE,PHYSICAL_FAULT,
2026-01-01 00:02:49+00:00,ENG-DATASET-003,MSN-SENSOR_DRIFT-003,97.43,0.0059,170.0702,SENSOR_QUALITY_ISSUE,,,,0.358,UNRELIABLE,PHYSICAL_FAULT,
2026-01-01 00:02:50+00:00,ENG-DATASET-003,MSN-SENSOR_DRIFT-003,97.36,0.006,174.3094,SENSOR_QUALITY_ISSUE,,,,0.358,UNRELIABLE,PHYSICAL_FAULT,
2026-01-01 00:02:51+00:00,ENG-DATASET-003,MSN-SENSOR_DRIFT-003,97.28,0.0062,178.4926,SENSOR_QUALITY_ISSUE,,,,0.358,UNRELIABLE,PHYSICAL_FAULT,
2026-01-01 00:02:52+00:00,ENG-DATASET-003,MSN-SENSOR_DRIFT-003,97.2,0.0064,182.6037,SENSOR_QUALITY_ISSUE,,,,0.358,UNRELIABLE,PHYSICAL_FAULT,
2026-01-01 00:02:53+00:00,ENG-DATASET-003,MSN-SENSOR_DRIFT-003,97.12,0.0066,186.6268,SENSOR_QUALITY_ISSUE,,,,0.358,UNRELIABLE,PHYSICAL_FAULT,
2026-01-01 00:02:54+00:00,ENG-DATASET-003,MSN-SENSOR_DRIFT-003,97.04,0.0068,190.5459,SENSOR_QUALITY_ISSUE,,,,0.358,UNRELIABLE,PHYSICAL_FAULT,
2026-01-01 00:02:55+00:00,ENG-DATASET-003,MSN-SENSOR_DRIFT-003,96.96,0.0069,194.345,SENSOR_QUALITY_ISSUE,,,,0.358,UNRELIABLE,PHYSICAL_FAULT,
2026-01-01 00:02:56+00:00,ENG-DATASET-003,MSN-SENSOR_DRIFT-003,96.87,0.0071,198.067,SENSOR_QUALITY_ISSUE,,,,0.358,UNRELIABLE,PHYSICAL_FAULT,
2026-01-01 00:02:57+00:00,ENG-DATASET-003,MSN-SENSOR_DRIFT-003,96.79,0.0073,201.635,SENSOR_QUALITY_ISSUE,,,,0.358,UNRELIABLE,PHYSICAL_FAULT,
2026-01-01 00:02:58+00:00,ENG-DATASET-003,MSN-SENSOR_DRIFT-003,96.7,0.0075,205.092,SENSOR_QUALITY_ISSUE,,,,0.358,UNRELIABLE,PHYSICAL_FAULT,
2026-01-01 00:02:59+00:00,ENG-DATASET-003,MSN-SENSOR_DRIFT-003,96.61,0.0077,208.4199,SENSOR_QUALITY_ISSUE,,,,0.358,UNRELIABLE,PHYSICAL_FAULT,
2026-01-01 00:03:00+00:00,ENG-DATASET-003,MSN-SENSOR_DRIFT-003,96.52,0.0079,211.6008,SENSOR_QUALITY_ISSUE,,,,0.358,UNRELIABLE,PHYSICAL_FAULT,
2026-01-01 00:03:01+00:00,ENG-DATASET-003,MSN-SENSOR_DRIFT-003,96.43,0.0082,214.6166,SENSOR_QUALITY_ISSUE,,,,0.358,UNRELIABLE,PHYSICAL_FAULT,
2026-01-01 00:03:02+00:00,ENG-DATASET-003,MSN-SENSOR_DRIFT-003,96.33,0.0084,217.5694,SENSOR_QUALITY_ISSUE,,,,0.358,UNRELIABLE,PHYSICAL_FAULT,
2026-01-01 00:03:03+00:00,ENG-DATASET-003,MSN-SENSOR_DRIFT-003,96.24,0.0086,220.4432,SENSOR_QUALITY_ISSUE,,,,0.358,UNRELIABLE,PHYSICAL_FAULT,
2026-01-01 00:03:04+00:00,ENG-DATASET-003,MSN-SENSOR_DRIFT-003,96.14,0.0088,223.344,SENSOR_QUALITY_ISSUE,,,,0.358,UNRELIABLE,PHYSICAL_FAULT,
2026-01-01 00:03:05+00:00,ENG-DATASET-003,MSN-SENSOR_DRIFT-003,96.05,0.009,226.2598,SENSOR_QUALITY_ISSUE,,,,0.358,UNRELIABLE,PHYSICAL_FAULT,
2026-01-01 00:03:06+00:00,ENG-DATASET-003,MSN-SENSOR_DRIFT-003,95.95,0.0092,229.2397,SENSOR_QUALITY_ISSUE,,,,0.358,UNRELIABLE,PHYSICAL_FAULT,
2026-01-01 00:03:07+00:00,ENG-DATASET-003,MSN-SENSOR_DRIFT-003,95.72,0.0102,233.0387,SENSOR_QUALITY_ISSUE,,,,0.356,UNRELIABLE,PHYSICAL_FAULT,
2026-01-01 00:03:08+00:00,ENG-DATASET-003,MSN-SENSOR_DRIFT-003,95.18,0.0112,239.5095,SENSOR_QUALITY_ISSUE,,,,0.355,UNRELIABLE,PHYSICAL_FAULT,
2026-01-01 00:03:09+00:00,ENG-DATASET-003,MSN-SENSOR_DRIFT-003,94.64,0.0122,248.493,SENSOR_QUALITY_ISSUE,,,,0.353,UNRELIABLE,PHYSICAL_FAULT,
2026-01-01 00:03:10+00:00,ENG-DATASET-003,MSN-SENSOR_DRIFT-003,94.11,0.0132,259.8912,SENSOR_QUALITY_ISSUE,,,,0.352,UNRELIABLE,PHYSICAL_FAULT,
2026-01-01 00:03:11+00:00,ENG-DATASET-003,MSN-SENSOR_DRIFT-003,93.57,0.0142,273.667,SENSOR_QUALITY_ISSUE,,,,0.351,UNRELIABLE,PHYSICAL_FAULT,
2026-01-01 00:03:12+00:00,ENG-DATASET-003,MSN-SENSOR_DRIFT-003,93.17,0.0144,288.8962,SENSOR_QUALITY_ISSUE,,,,0.351,UNRELIABLE,PHYSICAL_FAULT,
2026-01-01 00:03:13+00:00,ENG-DATASET-003,MSN-SENSOR_DRIFT-003,93.08,0.0146,303.6183,SENSOR_QUALITY_ISSUE,,,,0.351,UNRELIABLE,PHYSICAL_FAULT,
2026-01-01 00:03:14+00:00,ENG-DATASET-003,MSN-SENSOR_DRIFT-003,92.99,0.0148,317.9453,SENSOR_QUALITY_ISSUE,,,,0.351,UNRELIABLE,PHYSICAL_FAULT,
2026-01-01 00:03:15+00:00,ENG-DATASET-003,MSN-SENSOR_DRIFT-003,92.84,0.0155,332.1643,SENSOR_QUALITY_ISSUE,,,,0.35,UNRELIABLE,PHYSICAL_FAULT,
2026-01-01 00:03:16+00:00,ENG-DATASET-003,MSN-SENSOR_DRIFT-003,92.57,0.0161,346.9634,SENSOR_QUALITY_ISSUE,,,,0.35,UNRELIABLE,PHYSICAL_FAULT,
2026-01-01 00:03:17+00:00,ENG-DATASET-003,MSN-SENSOR_DRIFT-003,92.28,0.0168,362.4167,SENSOR_QUALITY_ISSUE,,,,0.35,UNRELIABLE,PHYSICAL_FAULT,
2026-01-01 00:03:18+00:00,ENG-DATASET-003,MSN-SENSOR_DRIFT-003,91.99,0.0174,378.5371,SENSOR_QUALITY_ISSUE,,,,0.35,UNRELIABLE,PHYSICAL_FAULT,
2026-01-01 00:03:19+00:00,ENG-DATASET-003,MSN-SENSOR_DRIFT-003,91.69,0.0181,395.2768,SENSOR_QUALITY_ISSUE,,,,0.35,UNRELIABLE,PHYSICAL_FAULT,
2026-01-01 00:03:20+00:00,ENG-DATASET-003,MSN-SENSOR_DRIFT-003,91.43,0.0184,412.4106,SENSOR_QUALITY_ISSUE,,,,0.35,UNRELIABLE,PHYSICAL_FAULT,
2026-01-01 00:03:21+00:00,ENG-DATASET-003,MSN-SENSOR_DRIFT-003,91.3,0.0187,429.0702,SENSOR_QUALITY_ISSUE,,,,0.35,UNRELIABLE,PHYSICAL_FAULT,
2026-01-01 00:03:22+00:00,ENG-DATASET-003,MSN-SENSOR_DRIFT-003,91.17,0.019,445.3007,SENSOR_QUALITY_ISSUE,,,,0.35,UNRELIABLE,PHYSICAL_FAULT,
2026-01-01 00:03:23+00:00,ENG-DATASET-003,MSN-SENSOR_DRIFT-003,91.04,0.0193,461.0271,SENSOR_QUALITY_ISSUE,,,,0.35,UNRELIABLE,PHYSICAL_FAULT,
2026-01-01 00:03:24+00:00,ENG-DATASET-003,MSN-SENSOR_DRIFT-003,91.98,0.0112,469.9795,SENSOR_QUALITY_ISSUE,,,,0.286,UNRELIABLE,SENSOR_FAULT,cht
2026-01-01 00:03:25+00:00,ENG-DATASET-003,MSN-SENSOR_DRIFT-003,91.88,0.0114,478.4959,SENSOR_QUALITY_ISSUE,,,,0.287,UNRELIABLE,SENSOR_FAULT,cht
2026-01-01 00:03:26+00:00,ENG-DATASET-003,MSN-SENSOR_DRIFT-003,91.77,0.0115,486.5662,SENSOR_QUALITY_ISSUE,,,,0.288,UNRELIABLE,SENSOR_FAULT,cht
2026-01-01 00:03:27+00:00,ENG-DATASET-003,MSN-SENSOR_DRIFT-003,91.67,0.0116,494.1803,SENSOR_QUALITY_ISSUE,,,,0.289,UNRELIABLE,SENSOR_FAULT,cht
2026-01-01 00:03:28+00:00,ENG-DATASET-003,MSN-SENSOR_DRIFT-003,91.57,0.0118,501.3303,SENSOR_QUALITY_ISSUE,,,,0.289,UNRELIABLE,SENSOR_FAULT,cht
2026-01-01 00:03:29+00:00,ENG-DATASET-003,MSN-SENSOR_DRIFT-003,91.47,0.0119,508.0081,SENSOR_QUALITY_ISSUE,,,,0.29,UNRELIABLE,SENSOR_FAULT,cht
2026-01-01 00:03:30+00:00,ENG-DATASET-003,MSN-SENSOR_DRIFT-003,91.37,0.0121,514.1448,SENSOR_QUALITY_ISSUE,,,,0.29,UNRELIABLE,SENSOR_FAULT,cht
2026-01-01 00:03:31+00:00,ENG-DATASET-003,MSN-SENSOR_DRIFT-003,91.27,0.0122,519.7914,SENSOR_QUALITY_ISSUE,,,,0.291,UNRELIABLE,SENSOR_FAULT,cht
2026-01-01 00:03:32+00:00,ENG-DATASET-003,MSN-SENSOR_DRIFT-003,91.16,0.0124,524.9988,SENSOR_QUALITY_ISSUE,,,,0.292,UNRELIABLE,SENSOR_FAULT,cht
2026-01-01 00:03:33+00:00,ENG-DATASET-003,MSN-SENSOR_DRIFT-003,91.05,0.0126,529.7572,SENSOR_QUALITY_ISSUE,,,,0.292,UNRELIABLE,SENSOR_FAULT,cht
2026-01-01 00:03:34+00:00,ENG-DATASET-003,MSN-SENSOR_DRIFT-003,90.95,0.0127,533.9363,SENSOR_QUALITY_ISSUE,,,,0.292,UNRELIABLE,SENSOR_FAULT,cht
2026-01-01 00:03:35+00:00,ENG-DATASET-003,MSN-SENSOR_DRIFT-003,90.83,0.0129,537.7054,SENSOR_QUALITY_ISSUE,,,,0.293,UNRELIABLE,SENSOR_FAULT,cht
2026-01-01 00:03:36+00:00,ENG-DATASET-003,MSN-SENSOR_DRIFT-003,90.71,0.0131,541.0523,SENSOR_QUALITY_ISSUE,,,,0.293,UNRELIABLE,SENSOR_FAULT,cht
2026-01-01 00:03:37+00:00,ENG-DATASET-003,MSN-SENSOR_DRIFT-003,90.59,0.0134,543.9651,SENSOR_QUALITY_ISSUE,,,,0.294,UNRELIABLE,SENSOR_FAULT,cht
2026-01-01 00:03:38+00:00,ENG-DATASET-003,MSN-SENSOR_DRIFT-003,90.47,0.0136,546.3708,SENSOR_QUALITY_ISSUE,,,,0.294,UNRELIABLE,SENSOR_FAULT,cht
2026-01-01 00:03:39+00:00,ENG-DATASET-003,MSN-SENSOR_DRIFT-003,90.34,0.0138,548.3753,SENSOR_QUALITY_ISSUE,,,,0.295,UNRELIABLE,SENSOR_FAULT,cht
2026-01-01 00:03:40+00:00,ENG-DATASET-003,MSN-SENSOR_DRIFT-003,90.2,0.0141,550.0238,SENSOR_QUALITY_ISSUE,,,,0.295,UNRELIABLE,SENSOR_FAULT,cht
2026-01-01 00:03:41+00:00,ENG-DATASET-003,MSN-SENSOR_DRIFT-003,89.78,0.0163,552.9526,SENSOR_QUALITY_ISSUE,,,,0.295,UNRELIABLE,SENSOR_FAULT,cht
2026-01-01 00:03:42+00:00,ENG-DATASET-003,MSN-SENSOR_DRIFT-003,88.81,0.0185,560.3967,SENSOR_QUALITY_ISSUE,,,,0.294,UNRELIABLE,SENSOR_FAULT,cht
2026-01-01 00:03:43+00:00,ENG-DATASET-003,MSN-SENSOR_DRIFT-003,87.84,0.0207,572.1149,SENSOR_QUALITY_ISSUE,,,,0.293,UNRELIABLE,SENSOR_FAULT,cht
2026-01-01 00:03:44+00:00,ENG-DATASET-003,MSN-SENSOR_DRIFT-003,86.86,0.023,587.9843,SENSOR_QUALITY_ISSUE,,,,0.293,UNRELIABLE,SENSOR_FAULT,cht
2026-01-01 00:03:45+00:00,ENG-DATASET-003,MSN-SENSOR_DRIFT-003,85.88,0.0252,607.8819,SENSOR_QUALITY_ISSUE,,,,0.292,UNRELIABLE,SENSOR_FAULT,cht
2026-01-01 00:03:46+00:00,ENG-DATASET-003,MSN-SENSOR_DRIFT-003,85.17,0.0255,629.971,SENSOR_QUALITY_ISSUE,,,,0.292,UNRELIABLE,SENSOR_FAULT,cht
2026-01-01 00:03:47+00:00,ENG-DATASET-003,MSN-SENSOR_DRIFT-003,85.0,0.0258,650.9958,SENSOR_QUALITY_ISSUE,,,,0.293,UNRELIABLE,SENSOR_FAULT,cht
2026-01-01 00:03:48+00:00,ENG-DATASET-003,MSN-SENSOR_DRIFT-003,84.82,0.0262,670.9954,SENSOR_QUALITY_ISSUE,,,,0.293,UNRELIABLE,SENSOR_FAULT,cht
2026-01-01 00:03:49+00:00,ENG-DATASET-003,MSN-SENSOR_DRIFT-003,84.65,0.0265,689.8886,SENSOR_QUALITY_ISSUE,,,,0.294,UNRELIABLE,SENSOR_FAULT,cht
2026-01-01 00:03:50+00:00,ENG-DATASET-003,MSN-SENSOR_DRIFT-003,84.47,0.0268,707.7146,SENSOR_QUALITY_ISSUE,,,,0.295,UNRELIABLE,SENSOR_FAULT,cht
2026-01-01 00:03:51+00:00,ENG-DATASET-003,MSN-SENSOR_DRIFT-003,84.28,0.0271,724.5713,SENSOR_QUALITY_ISSUE,,,,0.295,UNRELIABLE,SENSOR_FAULT,cht
2026-01-01 00:03:52+00:00,ENG-DATASET-003,MSN-SENSOR_DRIFT-003,84.1,0.0275,740.3777,SENSOR_QUALITY_ISSUE,,,,0.295,UNRELIABLE,SENSOR_FAULT,cht
2026-01-01 00:03:53+00:00,ENG-DATASET-003,MSN-SENSOR_DRIFT-003,83.91,0.0278,755.1728,SENSOR_QUALITY_ISSUE,,,,0.296,UNRELIABLE,SENSOR_FAULT,cht
2026-01-01 00:03:54+00:00,ENG-DATASET-003,MSN-SENSOR_DRIFT-003,83.73,0.0281,768.8756,SENSOR_QUALITY_ISSUE,,,,0.296,UNRELIABLE,SENSOR_FAULT,cht
2026-01-01 00:03:55+00:00,ENG-DATASET-003,MSN-SENSOR_DRIFT-003,83.54,0.0284,781.5251,SENSOR_QUALITY_ISSUE,,,,0.298,UNRELIABLE,SENSOR_FAULT,cht
2026-01-01 00:03:56+00:00,ENG-DATASET-003,MSN-SENSOR_DRIFT-003,83.36,0.0287,793.1013,SENSOR_QUALITY_ISSUE,,,,0.298,UNRELIABLE,SENSOR_FAULT,cht
2026-01-01 00:03:57+00:00,ENG-DATASET-003,MSN-SENSOR_DRIFT-003,83.18,0.029,803.5252,SENSOR_QUALITY_ISSUE,,,,0.299,UNRELIABLE,SENSOR_FAULT,cht
2026-01-01 00:03:58+00:00,ENG-DATASET-003,MSN-SENSOR_DRIFT-003,83.0,0.0293,812.8378,SENSOR_QUALITY_ISSUE,,,,0.299,UNRELIABLE,SENSOR_FAULT,cht
2026-01-01 00:03:59+00:00,ENG-DATASET-003,MSN-SENSOR_DRIFT-003,82.83,0.0296,820.962,SENSOR_QUALITY_ISSUE,,,,0.3,UNRELIABLE,SENSOR_FAULT,cht
2026-01-01 00:04:00+00:00,ENG-DATASET-003,MSN-SENSOR_DRIFT-003,82.66,0.0299,827.882,SENSOR_QUALITY_ISSUE,,,,0.301,UNRELIABLE,SENSOR_FAULT,cht
2026-01-01 00:04:01+00:00,ENG-DATASET-003,MSN-SENSOR_DRIFT-003,82.51,0.0301,833.4635,SENSOR_QUALITY_ISSUE,,,,0.302,UNRELIABLE,SENSOR_FAULT,cht
2026-01-01 00:04:02+00:00,ENG-DATASET-003,MSN-SENSOR_DRIFT-003,82.38,0.0302,837.6377,SENSOR_QUALITY_ISSUE,,,,0.302,UNRELIABLE,SENSOR_FAULT,cht
2026-01-01 00:04:03+00:00,ENG-DATASET-003,MSN-SENSOR_DRIFT-003,82.29,0.0303,840.1014,SENSOR_QUALITY_ISSUE,,,,0.302,UNRELIABLE,SENSOR_FAULT,cht
2026-01-01 00:04:04+00:00,ENG-DATASET-003,MSN-SENSOR_DRIFT-003,82.23,0.0303,840.7385,SENSOR_QUALITY_ISSUE,,,,0.302,UNRELIABLE,SENSOR_FAULT,cht
2026-01-01 00:04:05+00:00,ENG-DATASET-003,MSN-SENSOR_DRIFT-003,82.2,0.0304,839.3191,SENSOR_QUALITY_ISSUE,,,,0.302,UNRELIABLE,SENSOR_FAULT,cht
2026-01-01 00:04:06+00:00,ENG-DATASET-003,MSN-SENSOR_DRIFT-003,82.19,0.0304,835.7982,SENSOR_QUALITY_ISSUE,,,,0.302,UNRELIABLE,SENSOR_FAULT,cht
2026-01-01 00:04:07+00:00,ENG-DATASET-003,MSN-SENSOR_DRIFT-003,82.19,0.0304,830.9278,SENSOR_QUALITY_ISSUE,,,,0.302,UNRELIABLE,SENSOR_FAULT,cht
2026-01-01 00:04:08+00:00,ENG-DATASET-003,MSN-SENSOR_DRIFT-003,82.19,0.0303,826.6456,SENSOR_QUALITY_ISSUE,,,,0.302,UNRELIABLE,SENSOR_FAULT,cht
2026-01-01 00:04:09+00:00,ENG-DATASET-003,MSN-SENSOR_DRIFT-003,82.2,0.0303,823.0006,SENSOR_QUALITY_ISSUE,,,,0.303,UNRELIABLE,SENSOR_FAULT,cht
2026-01-01 00:04:10+00:00,ENG-DATASET-003,MSN-SENSOR_DRIFT-003,82.22,0.0303,819.9828,SENSOR_QUALITY_ISSUE,,,,0.303,UNRELIABLE,SENSOR_FAULT,cht
2026-01-01 00:04:11+00:00,ENG-DATASET-003,MSN-SENSOR_DRIFT-003,82.23,0.0302,817.8222,SENSOR_QUALITY_ISSUE,,,,0.303,UNRELIABLE,SENSOR_FAULT,cht
2026-01-01 00:04:12+00:00,ENG-DATASET-003,MSN-SENSOR_DRIFT-003,82.25,0.0302,815.7156,SENSOR_QUALITY_ISSUE,,,,0.303,UNRELIABLE,SENSOR_FAULT,cht
2026-01-01 00:04:13+00:00,ENG-DATASET-003,MSN-SENSOR_DRIFT-003,82.28,0.0301,811.7965,SENSOR_QUALITY_ISSUE,,,,0.303,UNRELIABLE,SENSOR_FAULT,cht
2026-01-01 00:04:14+00:00,ENG-DATASET-003,MSN-SENSOR_DRIFT-003,82.3,0.0301,806.1479,SENSOR_QUALITY_ISSUE,,,,0.303,UNRELIABLE,SENSOR_FAULT,cht
2026-01-01 00:04:15+00:00,ENG-DATASET-003,MSN-SENSOR_DRIFT-003,82.32,0.03,799.158,SENSOR_QUALITY_ISSUE,,,,0.303,UNRELIABLE,SENSOR_FAULT,cht
2026-01-01 00:04:16+00:00,ENG-DATASET-003,MSN-SENSOR_DRIFT-003,82.35,0.03,791.5339,SENSOR_QUALITY_ISSUE,,,,0.303,UNRELIABLE,SENSOR_FAULT,cht
2026-01-01 00:04:17+00:00,ENG-DATASET-003,MSN-SENSOR_DRIFT-003,82.37,0.0299,783.5166,SENSOR_QUALITY_ISSUE,,,,0.303,UNRELIABLE,SENSOR_FAULT,cht
2026-01-01 00:04:18+00:00,ENG-DATASET-003,MSN-SENSOR_DRIFT-003,82.39,0.0299,775.1683,SENSOR_QUALITY_ISSUE,,,,0.303,UNRELIABLE,SENSOR_FAULT,cht
2026-01-01 00:04:19+00:00,ENG-DATASET-003,MSN-SENSOR_DRIFT-003,82.41,0.0299,766.6119,SENSOR_QUALITY_ISSUE,,,,0.302,UNRELIABLE,SENSOR_FAULT,cht
2026-01-01 00:04:20+00:00,ENG-DATASET-003,MSN-SENSOR_DRIFT-003,82.42,0.0299,757.7265,SENSOR_QUALITY_ISSUE,,,,0.302,UNRELIABLE,SENSOR_FAULT,cht
2026-01-01 00:04:21+00:00,ENG-DATASET-003,MSN-SENSOR_DRIFT-003,82.43,0.0299,747.7727,SENSOR_QUALITY_ISSUE,,,,0.302,UNRELIABLE,SENSOR_FAULT,cht
2026-01-01 00:04:22+00:00,ENG-DATASET-003,MSN-SENSOR_DRIFT-003,82.43,0.0299,736.8377,SENSOR_QUALITY_ISSUE,,,,0.302,UNRELIABLE,SENSOR_FAULT,cht
2026-01-01 00:04:23+00:00,ENG-DATASET-003,MSN-SENSOR_DRIFT-003,82.43,0.0299,724.9474,SENSOR_QUALITY_ISSUE,,,,0.302,UNRELIABLE,SENSOR_FAULT,cht
2026-01-01 00:04:24+00:00,ENG-DATASET-003,MSN-SENSOR_DRIFT-003,82.42,0.0299,705.658,SENSOR_QUALITY_ISSUE,,,,0.302,UNRELIABLE,SENSOR_FAULT,cht
2026-01-01 00:04:25+00:00,ENG-DATASET-003,MSN-SENSOR_DRIFT-003,82.41,0.03,685.1253,SENSOR_QUALITY_ISSUE,,,,0.302,UNRELIABLE,SENSOR_FAULT,cht
2026-01-01 00:04:26+00:00,ENG-DATASET-003,MSN-SENSOR_DRIFT-003,82.38,0.0301,663.5463,SENSOR_QUALITY_ISSUE,,,,0.302,UNRELIABLE,SENSOR_FAULT,cht
2026-01-01 00:04:27+00:00,ENG-DATASET-003,MSN-SENSOR_DRIFT-003,82.35,0.0302,640.876,SENSOR_QUALITY_ISSUE,,,,0.302,UNRELIABLE,SENSOR_FAULT,cht
2026-01-01 00:04:28+00:00,ENG-DATASET-003,MSN-SENSOR_DRIFT-003,82.31,0.0303,617.1874,SENSOR_QUALITY_ISSUE,,,,0.302,UNRELIABLE,SENSOR_FAULT,cht
2026-01-01 00:04:29+00:00,ENG-DATASET-003,MSN-SENSOR_DRIFT-003,82.27,0.0304,592.4926,SENSOR_QUALITY_ISSUE,,,,0.302,UNRELIABLE,SENSOR_FAULT,cht
2026-01-01 00:04:30+00:00,ENG-DATASET-003,MSN-SENSOR_DRIFT-003,82.21,0.0305,566.9215,SENSOR_QUALITY_ISSUE,,,,0.302,UNRELIABLE,SENSOR_FAULT,cht
2026-01-01 00:04:31+00:00,ENG-DATASET-003,MSN-SENSOR_DRIFT-003,82.15,0.0307,540.4821,SENSOR_QUALITY_ISSUE,,,,0.301,UNRELIABLE,SENSOR_FAULT,cht
2026-01-01 00:04:32+00:00,ENG-DATASET-003,MSN-SENSOR_DRIFT-003,82.08,0.0308,513.3026,SENSOR_QUALITY_ISSUE,,,,0.301,UNRELIABLE,SENSOR_FAULT,cht
2026-01-01 00:04:33+00:00,ENG-DATASET-003,MSN-SENSOR_DRIFT-003,82.0,0.031,485.4498,SENSOR_QUALITY_ISSUE,,,,0.302,UNRELIABLE,SENSOR_FAULT,cht
2026-01-01 00:04:34+00:00,ENG-DATASET-003,MSN-SENSOR_DRIFT-003,81.91,0.0312,456.9279,SENSOR_QUALITY_ISSUE,,,,0.302,UNRELIABLE,SENSOR_FAULT,cht
2026-01-01 00:04:35+00:00,ENG-DATASET-003,MSN-SENSOR_DRIFT-003,81.82,0.0314,427.8609,SENSOR_QUALITY_ISSUE,,,,0.301,UNRELIABLE,SENSOR_FAULT,cht
2026-01-01 00:04:36+00:00,ENG-DATASET-003,MSN-SENSOR_DRIFT-003,81.73,0.0316,398.2546,SENSOR_QUALITY_ISSUE,,,,0.302,UNRELIABLE,SENSOR_FAULT,cht
2026-01-01 00:04:37+00:00,ENG-DATASET-003,MSN-SENSOR_DRIFT-003,81.62,0.0318,368.2333,SENSOR_QUALITY_ISSUE,,,,0.302,UNRELIABLE,SENSOR_FAULT,cht
2026-01-01 00:04:38+00:00,ENG-DATASET-003,MSN-SENSOR_DRIFT-003,81.51,0.032,337.7988,SENSOR_QUALITY_ISSUE,,,,0.302,UNRELIABLE,SENSOR_FAULT,cht
2026-01-01 00:04:39+00:00,ENG-DATASET-003,MSN-SENSOR_DRIFT-003,81.27,0.0333,307.7815,SENSOR_QUALITY_ISSUE,,,,0.296,UNRELIABLE,SENSOR_FAULT,cht
2026-01-01 00:04:40+00:00,ENG-DATASET-003,MSN-SENSOR_DRIFT-003,80.73,0.0345,279.9908,SENSOR_QUALITY_ISSUE,,,,0.296,UNRELIABLE,SENSOR_FAULT,cht
2026-01-01 00:04:41+00:00,ENG-DATASET-003,MSN-SENSOR_DRIFT-003,80.19,0.0358,256.0551,SENSOR_QUALITY_ISSUE,,,,0.297,UNRELIABLE,SENSOR_FAULT,cht
2026-01-01 00:04:42+00:00,ENG-DATASET-003,MSN-SENSOR_DRIFT-003,79.67,0.0371,239.1884,SENSOR_QUALITY_ISSUE,,,,0.298,UNRELIABLE,SENSOR_FAULT,cht
2026-01-01 00:04:43+00:00,ENG-DATASET-003,MSN-SENSOR_DRIFT-003,79.14,0.0384,229.5398,SENSOR_QUALITY_ISSUE,,,,0.299,UNRELIABLE,SENSOR_FAULT,cht
2026-01-01 00:04:44+00:00,ENG-DATASET-003,MSN-SENSOR_DRIFT-003,78.56,0.0399,227.5532,SENSOR_QUALITY_ISSUE,,,,0.299,UNRELIABLE,SENSOR_FAULT,cht
2026-01-01 00:04:45+00:00,ENG-DATASET-003,MSN-SENSOR_DRIFT-003,77.83,0.0413,234.1941,SENSOR_QUALITY_ISSUE,,,,0.299,UNRELIABLE,SENSOR_FAULT,cht
2026-01-01 00:04:46+00:00,ENG-DATASET-003,MSN-SENSOR_DRIFT-003,77.11,0.0428,247.8058,SENSOR_QUALITY_ISSUE,,,,0.299,UNRELIABLE,SENSOR_FAULT,cht
2026-01-01 00:04:47+00:00,ENG-DATASET-003,MSN-SENSOR_DRIFT-003,76.39,0.0442,265.0916,SENSOR_QUALITY_ISSUE,,,,0.299,UNRELIABLE,SENSOR_FAULT,cht
2026-01-01 00:04:48+00:00,ENG-DATASET-003,MSN-SENSOR_DRIFT-003,75.68,0.0456,285.9434,SENSOR_QUALITY_ISSUE,,,,0.299,UNRELIABLE,SENSOR_FAULT,cht
2026-01-01 00:04:49+00:00,ENG-DATASET-003,MSN-SENSOR_DRIFT-003,75.17,0.0458,309.0138,SENSOR_QUALITY_ISSUE,,,,0.3,UNRELIABLE,SENSOR_FAULT,cht
2026-01-01 00:04:50+00:00,ENG-DATASET-003,MSN-SENSOR_DRIFT-003,75.09,0.0459,331.7582,SENSOR_QUALITY_ISSUE,,,,0.301,UNRELIABLE,SENSOR_FAULT,cht
2026-01-01 00:04:51+00:00,ENG-DATASET-003,MSN-SENSOR_DRIFT-003,75.03,0.046,354.1394,SENSOR_QUALITY_ISSUE,,,,0.302,UNRELIABLE,SENSOR_FAULT,cht
2026-01-01 00:04:52+00:00,ENG-DATASET-003,MSN-SENSOR_DRIFT-003,74.98,0.0461,376.0635,SENSOR_QUALITY_ISSUE,,,,0.303,UNRELIABLE,SENSOR_FAULT,cht
2026-01-01 00:04:53+00:00,ENG-DATASET-003,MSN-SENSOR_DRIFT-003,74.94,0.0462,397.5584,SENSOR_QUALITY_ISSUE,,,,0.304,UNRELIABLE,SENSOR_FAULT,cht
2026-01-01 00:04:54+00:00,ENG-DATASET-003,MSN-SENSOR_DRIFT-003,74.92,0.0462,418.4752,SENSOR_QUALITY_ISSUE,,,,0.305,UNRELIABLE,SENSOR_FAULT,cht
2026-01-01 00:04:55+00:00,ENG-DATASET-003,MSN-SENSOR_DRIFT-003,74.91,0.0462,438.8479,SENSOR_QUALITY_ISSUE,,,,0.306,UNRELIABLE,SENSOR_FAULT,cht
2026-01-01 00:04:56+00:00,ENG-DATASET-003,MSN-SENSOR_DRIFT-003,74.91,0.0462,458.5924,SENSOR_QUALITY_ISSUE,,,,0.307,UNRELIABLE,SENSOR_FAULT,cht
2026-01-01 00:04:57+00:00,ENG-DATASET-003,MSN-SENSOR_DRIFT-003,74.92,0.0461,477.6857,SENSOR_QUALITY_ISSUE,,,,0.308,UNRELIABLE,SENSOR_FAULT,cht
2026-01-01 00:04:58+00:00,ENG-DATASET-003,MSN-SENSOR_DRIFT-003,74.94,0.046,496.1068,SENSOR_QUALITY_ISSUE,,,,0.308,UNRELIABLE,SENSOR_FAULT,cht
2026-01-01 00:04:59+00:00,ENG-DATASET-003,MSN-SENSOR_DRIFT-003,74.98,0.0459,513.7167,SENSOR_QUALITY_ISSUE,,,,0.309,UNRELIABLE,SENSOR_FAULT,cht
2026-01-01 00:05:00+00:00,ENG-DATASET-003,MSN-SENSOR_DRIFT-003,75.95,0.0391,525.0689,SENSOR_QUALITY_ISSUE,,,,0.329,UNRELIABLE,SENSOR_FAULT,cht
2026-01-01 00:00:01+00:00,ENG-DATASET-004,MSN-SENSOR_DRIFT-004,100.0,0.0,0.0,HEALTHY,,,,0.05,INSUFFICIENT_HISTORY,NORMAL,
2026-01-01 00:00:02+00:00,ENG-DATASET-004,MSN-SENSOR_DRIFT-004,100.0,0.0,0.0,HEALTHY,,,,0.1,INSUFFICIENT_HISTORY,NORMAL,
2026-01-01 00:00:03+00:00,ENG-DATASET-004,MSN-SENSOR_DRIFT-004,100.0,0.0,0.0,HEALTHY,,,,0.15,INSUFFICIENT_HISTORY,NORMAL,
2026-01-01 00:00:04+00:00,ENG-DATASET-004,MSN-SENSOR_DRIFT-004,100.0,0.0,0.0,HEALTHY,,,,0.2,INSUFFICIENT_HISTORY,NORMAL,
2026-01-01 00:00:05+00:00,ENG-DATASET-004,MSN-SENSOR_DRIFT-004,100.0,0.0,0.0,HEALTHY,,,,0.25,STABLE,NORMAL,
2026-01-01 00:00:06+00:00,ENG-DATASET-004,MSN-SENSOR_DRIFT-004,100.0,0.0,0.0,HEALTHY,,,,0.3,STABLE,NORMAL,
2026-01-01 00:00:07+00:00,ENG-DATASET-004,MSN-SENSOR_DRIFT-004,100.0,0.0,0.0,HEALTHY,,,,0.35,STABLE,NORMAL,
2026-01-01 00:00:08+00:00,ENG-DATASET-004,MSN-SENSOR_DRIFT-004,100.0,0.0,0.0,HEALTHY,,,,0.4,STABLE,NORMAL,
2026-01-01 00:00:09+00:00,ENG-DATASET-004,MSN-SENSOR_DRIFT-004,100.0,0.0,0.0,HEALTHY,,,,0.45,STABLE,NORMAL,
2026-01-01 00:00:10+00:00,ENG-DATASET-004,MSN-SENSOR_DRIFT-004,100.0,0.0,0.0,HEALTHY,,,,0.5,STABLE,NORMAL,
2026-01-01 00:00:11+00:00,ENG-DATASET-004,MSN-SENSOR_DRIFT-004,100.0,0.0,0.0,HEALTHY,,,,0.55,STABLE,NORMAL,
2026-01-01 00:00:12+00:00,ENG-DATASET-004,MSN-SENSOR_DRIFT-004,100.0,0.0,0.0,HEALTHY,,,,0.6,STABLE,NORMAL,
2026-01-01 00:00:13+00:00,ENG-DATASET-004,MSN-SENSOR_DRIFT-004,100.0,0.0,0.0,HEALTHY,,,,0.65,STABLE,NORMAL,
2026-01-01 00:00:14+00:00,ENG-DATASET-004,MSN-SENSOR_DRIFT-004,100.0,0.0,0.0,HEALTHY,,,,0.7,STABLE,NORMAL,
2026-01-01 00:00:15+00:00,ENG-DATASET-004,MSN-SENSOR_DRIFT-004,100.0,0.0,0.0,HEALTHY,,,,0.75,STABLE,NORMAL,
2026-01-01 00:00:16+00:00,ENG-DATASET-004,MSN-SENSOR_DRIFT-004,100.0,0.0,0.0,HEALTHY,,,,0.8,STABLE,NORMAL,
2026-01-01 00:00:17+00:00,ENG-DATASET-004,MSN-SENSOR_DRIFT-004,100.0,0.0,0.0,HEALTHY,,,,0.85,STABLE,NORMAL,
2026-01-01 00:00:18+00:00,ENG-DATASET-004,MSN-SENSOR_DRIFT-004,100.0,0.0,0.0,HEALTHY,,,,0.9,STABLE,NORMAL,
2026-01-01 00:00:19+00:00,ENG-DATASET-004,MSN-SENSOR_DRIFT-004,100.0,0.0,0.0,HEALTHY,,,,0.95,STABLE,NORMAL,
2026-01-01 00:00:20+00:00,ENG-DATASET-004,MSN-SENSOR_DRIFT-004,100.0,0.0,0.0,HEALTHY,,,,1.0,STABLE,NORMAL,
2026-01-01 00:00:21+00:00,ENG-DATASET-004,MSN-SENSOR_DRIFT-004,100.0,0.0,0.0,HEALTHY,,,,1.0,STABLE,NORMAL,
2026-01-01 00:00:22+00:00,ENG-DATASET-004,MSN-SENSOR_DRIFT-004,100.0,0.0,0.0,HEALTHY,,,,1.0,STABLE,NORMAL,
2026-01-01 00:00:23+00:00,ENG-DATASET-004,MSN-SENSOR_DRIFT-004,100.0,0.0,0.0,HEALTHY,,,,1.0,STABLE,NORMAL,
2026-01-01 00:00:24+00:00,ENG-DATASET-004,MSN-SENSOR_DRIFT-004,100.0,0.0,0.0,HEALTHY,,,,1.0,STABLE,NORMAL,
2026-01-01 00:00:25+00:00,ENG-DATASET-004,MSN-SENSOR_DRIFT-004,100.0,0.0,0.0,HEALTHY,,,,1.0,STABLE,NORMAL,
2026-01-01 00:00:26+00:00,ENG-DATASET-004,MSN-SENSOR_DRIFT-004,100.0,0.0,0.0,HEALTHY,,,,1.0,STABLE,NORMAL,
2026-01-01 00:00:27+00:00,ENG-DATASET-004,MSN-SENSOR_DRIFT-004,100.0,0.0,0.0,HEALTHY,,,,1.0,STABLE,NORMAL,
2026-01-01 00:00:28+00:00,ENG-DATASET-004,MSN-SENSOR_DRIFT-004,100.0,0.0,0.0,HEALTHY,,,,1.0,STABLE,NORMAL,
2026-01-01 00:00:29+00:00,ENG-DATASET-004,MSN-SENSOR_DRIFT-004,100.0,0.0,0.0,HEALTHY,,,,1.0,STABLE,NORMAL,
2026-01-01 00:00:30+00:00,ENG-DATASET-004,MSN-SENSOR_DRIFT-004,100.0,0.0,0.0,HEALTHY,,,,1.0,STABLE,NORMAL,
2026-01-01 00:00:31+00:00,ENG-DATASET-004,MSN-SENSOR_DRIFT-004,100.0,0.0,0.0,HEALTHY,,,,1.0,STABLE,NORMAL,
2026-01-01 00:00:32+00:00,ENG-DATASET-004,MSN-SENSOR_DRIFT-004,100.0,0.0,0.0,HEALTHY,,,,1.0,STABLE,NORMAL,
2026-01-01 00:00:33+00:00,ENG-DATASET-004,MSN-SENSOR_DRIFT-004,100.0,0.0,0.0,HEALTHY,,,,1.0,STABLE,NORMAL,
2026-01-01 00:00:34+00:00,ENG-DATASET-004,MSN-SENSOR_DRIFT-004,100.0,0.0,0.0,HEALTHY,,,,1.0,STABLE,NORMAL,
2026-01-01 00:00:35+00:00,ENG-DATASET-004,MSN-SENSOR_DRIFT-004,100.0,0.0,0.0,HEALTHY,,,,1.0,STABLE,NORMAL,
2026-01-01 00:00:36+00:00,ENG-DATASET-004,MSN-SENSOR_DRIFT-004,100.0,0.0,0.0,HEALTHY,,,,1.0,STABLE,NORMAL,
2026-01-01 00:00:37+00:00,ENG-DATASET-004,MSN-SENSOR_DRIFT-004,100.0,0.0,0.0,HEALTHY,,,,1.0,STABLE,NORMAL,
2026-01-01 00:00:38+00:00,ENG-DATASET-004,MSN-SENSOR_DRIFT-004,100.0,0.0,0.0,HEALTHY,,,,1.0,STABLE,NORMAL,
2026-01-01 00:00:39+00:00,ENG-DATASET-004,MSN-SENSOR_DRIFT-004,100.0,0.0,0.0,HEALTHY,,,,1.0,STABLE,NORMAL,
2026-01-01 00:00:40+00:00,ENG-DATASET-004,MSN-SENSOR_DRIFT-004,100.0,0.0,0.0,HEALTHY,,,,1.0,STABLE,NORMAL,
2026-01-01 00:00:41+00:00,ENG-DATASET-004,MSN-SENSOR_DRIFT-004,100.0,0.0,0.0,HEALTHY,,,,1.0,STABLE,NORMAL,
2026-01-01 00:00:42+00:00,ENG-DATASET-004,MSN-SENSOR_DRIFT-004,100.0,0.0,0.0,HEALTHY,,,,1.0,STABLE,NORMAL,
2026-01-01 00:00:43+00:00,ENG-DATASET-004,MSN-SENSOR_DRIFT-004,100.0,0.0,0.0,HEALTHY,,,,1.0,STABLE,NORMAL,
2026-01-01 00:00:44+00:00,ENG-DATASET-004,MSN-SENSOR_DRIFT-004,100.0,0.0,0.0,HEALTHY,,,,1.0,STABLE,NORMAL,
2026-01-01 00:00:45+00:00,ENG-DATASET-004,MSN-SENSOR_DRIFT-004,100.0,0.0,0.0,HEALTHY,,,,1.0,STABLE,NORMAL,
2026-01-01 00:00:46+00:00,ENG-DATASET-004,MSN-SENSOR_DRIFT-004,100.0,0.0,0.0,HEALTHY,,,,1.0,STABLE,NORMAL,
2026-01-01 00:00:47+00:00,ENG-DATASET-004,MSN-SENSOR_DRIFT-004,100.0,0.0,0.0,HEALTHY,,,,1.0,STABLE,NORMAL,
2026-01-01 00:00:48+00:00,ENG-DATASET-004,MSN-SENSOR_DRIFT-004,100.0,0.0,0.0,HEALTHY,,,,1.0,STABLE,NORMAL,
2026-01-01 00:00:49+00:00,ENG-DATASET-004,MSN-SENSOR_DRIFT-004,100.0,0.0,0.0,HEALTHY,,,,1.0,STABLE,NORMAL,
2026-01-01 00:00:50+00:00,ENG-DATASET-004,MSN-SENSOR_DRIFT-004,100.0,0.0,0.0,HEALTHY,,,,1.0,STABLE,NORMAL,
2026-01-01 00:00:51+00:00,ENG-DATASET-004,MSN-SENSOR_DRIFT-004,100.0,0.0,0.0,HEALTHY,,,,1.0,STABLE,NORMAL,
2026-01-01 00:00:52+00:00,ENG-DATASET-004,MSN-SENSOR_DRIFT-004,100.0,0.0,0.0,HEALTHY,,,,1.0,STABLE,NORMAL,
2026-01-01 00:00:53+00:00,ENG-DATASET-004,MSN-SENSOR_DRIFT-004,100.0,0.0,0.0,HEALTHY,,,,1.0,STABLE,NORMAL,
2026-01-01 00:00:54+00:00,ENG-DATASET-004,MSN-SENSOR_DRIFT-004,100.0,0.0,0.0,HEALTHY,,,,1.0,STABLE,NORMAL,
2026-01-01 00:00:55+00:00,ENG-DATASET-004,MSN-SENSOR_DRIFT-004,100.0,0.0,0.0,HEALTHY,,,,1.0,STABLE,NORMAL,
2026-01-01 00:00:56+00:00,ENG-DATASET-004,MSN-SENSOR_DRIFT-004,100.0,0.0,0.0,HEALTHY,,,,1.0,STABLE,NORMAL,
2026-01-01 00:00:57+00:00,ENG-DATASET-004,MSN-SENSOR_DRIFT-004,100.0,0.0,0.0,HEALTHY,,,,1.0,STABLE,NORMAL,
2026-01-01 00:00:58+00:00,ENG-DATASET-004,MSN-SENSOR_DRIFT-004,100.0,0.0,0.0,HEALTHY,,,,1.0,STABLE,NORMAL,
2026-01-01 00:00:59+00:00,ENG-DATASET-004,MSN-SENSOR_DRIFT-004,100.0,0.0,0.0,HEALTHY,,,,1.0,STABLE,NORMAL,
2026-01-01 00:01:00+00:00,ENG-DATASET-004,MSN-SENSOR_DRIFT-004,100.0,0.0,0.0,HEALTHY,,,,1.0,STABLE,NORMAL,
2026-01-01 00:01:01+00:00,ENG-DATASET-004,MSN-SENSOR_DRIFT-004,100.0,0.0,0.0,HEALTHY,,,,1.0,STABLE,NORMAL,
2026-01-01 00:01:02+00:00,ENG-DATASET-004,MSN-SENSOR_DRIFT-004,100.0,0.0,0.0,HEALTHY,,,,1.0,STABLE,NORMAL,
2026-01-01 00:01:03+00:00,ENG-DATASET-004,MSN-SENSOR_DRIFT-004,100.0,0.0,0.0,HEALTHY,,,,1.0,STABLE,NORMAL,
2026-01-01 00:01:04+00:00,ENG-DATASET-004,MSN-SENSOR_DRIFT-004,100.0,0.0,0.0,HEALTHY,,,,1.0,STABLE,NORMAL,
2026-01-01 00:01:05+00:00,ENG-DATASET-004,MSN-SENSOR_DRIFT-004,100.0,0.0,0.0,HEALTHY,,,,1.0,STABLE,NORMAL,
2026-01-01 00:01:06+00:00,ENG-DATASET-004,MSN-SENSOR_DRIFT-004,100.0,0.0,0.0,HEALTHY,,,,1.0,STABLE,NORMAL,
2026-01-01 00:01:07+00:00,ENG-DATASET-004,MSN-SENSOR_DRIFT-004,100.0,0.0,0.0,HEALTHY,,,,1.0,STABLE,NORMAL,
2026-01-01 00:01:08+00:00,ENG-DATASET-004,MSN-SENSOR_DRIFT-004,100.0,0.0,0.0,HEALTHY,,,,1.0,STABLE,NORMAL,
2026-01-01 00:01:09+00:00,ENG-DATASET-004,MSN-SENSOR_DRIFT-004,100.0,0.0,0.0,HEALTHY,,,,1.0,STABLE,NORMAL,
2026-01-01 00:01:10+00:00,ENG-DATASET-004,MSN-SENSOR_DRIFT-004,100.0,0.0,0.0,HEALTHY,,,,1.0,STABLE,NORMAL,
2026-01-01 00:01:11+00:00,ENG-DATASET-004,MSN-SENSOR_DRIFT-004,100.0,0.0,0.0,HEALTHY,,,,1.0,STABLE,NORMAL,
2026-01-01 00:01:12+00:00,ENG-DATASET-004,MSN-SENSOR_DRIFT-004,100.0,0.0,0.0,HEALTHY,,,,1.0,STABLE,NORMAL,
2026-01-01 00:01:13+00:00,ENG-DATASET-004,MSN-SENSOR_DRIFT-004,100.0,0.0,0.0,HEALTHY,,,,1.0,STABLE,NORMAL,
2026-01-01 00:01:14+00:00,ENG-DATASET-004,MSN-SENSOR_DRIFT-004,100.0,0.0,0.0,HEALTHY,,,,1.0,STABLE,NORMAL,
2026-01-01 00:01:15+00:00,ENG-DATASET-004,MSN-SENSOR_DRIFT-004,100.0,0.0,0.0,HEALTHY,,,,1.0,STABLE,NORMAL,
2026-01-01 00:01:16+00:00,ENG-DATASET-004,MSN-SENSOR_DRIFT-004,100.0,0.0,0.0,HEALTHY,,,,1.0,STABLE,NORMAL,
2026-01-01 00:01:17+00:00,ENG-DATASET-004,MSN-SENSOR_DRIFT-004,100.0,0.0,0.0,HEALTHY,,,,1.0,STABLE,NORMAL,
2026-01-01 00:01:18+00:00,ENG-DATASET-004,MSN-SENSOR_DRIFT-004,100.0,0.0,0.0,HEALTHY,,,,1.0,STABLE,NORMAL,
2026-01-01 00:01:19+00:00,ENG-DATASET-004,MSN-SENSOR_DRIFT-004,100.0,0.0,0.0,HEALTHY,,,,1.0,STABLE,NORMAL,
2026-01-01 00:01:20+00:00,ENG-DATASET-004,MSN-SENSOR_DRIFT-004,100.0,0.0,0.0,HEALTHY,,,,1.0,STABLE,NORMAL,
2026-01-01 00:01:21+00:00,ENG-DATASET-004,MSN-SENSOR_DRIFT-004,100.0,0.0,0.0,HEALTHY,,,,1.0,STABLE,NORMAL,
2026-01-01 00:01:22+00:00,ENG-DATASET-004,MSN-SENSOR_DRIFT-004,100.0,0.0,0.0,HEALTHY,,,,1.0,STABLE,NORMAL,
2026-01-01 00:01:23+00:00,ENG-DATASET-004,MSN-SENSOR_DRIFT-004,100.0,0.0,0.0,HEALTHY,,,,1.0,STABLE,NORMAL,
2026-01-01 00:01:24+00:00,ENG-DATASET-004,MSN-SENSOR_DRIFT-004,100.0,0.0,0.0,HEALTHY,,,,1.0,STABLE,NORMAL,
2026-01-01 00:01:25+00:00,ENG-DATASET-004,MSN-SENSOR_DRIFT-004,100.0,0.0,0.0,HEALTHY,,,,1.0,STABLE,NORMAL,
2026-01-01 00:01:26+00:00,ENG-DATASET-004,MSN-SENSOR_DRIFT-004,100.0,0.0,0.0,HEALTHY,,,,1.0,STABLE,NORMAL,
2026-01-01 00:01:27+00:00,ENG-DATASET-004,MSN-SENSOR_DRIFT-004,100.0,0.0,0.0,HEALTHY,,,,1.0,STABLE,NORMAL,
2026-01-01 00:01:28+00:00,ENG-DATASET-004,MSN-SENSOR_DRIFT-004,100.0,0.0,0.0,HEALTHY,,,,1.0,STABLE,NORMAL,
2026-01-01 00:01:29+00:00,ENG-DATASET-004,MSN-SENSOR_DRIFT-004,100.0,0.0,0.0,HEALTHY,,,,1.0,STABLE,NORMAL,
2026-01-01 00:01:30+00:00,ENG-DATASET-004,MSN-SENSOR_DRIFT-004,100.0,0.0,0.0,HEALTHY,,,,1.0,STABLE,NORMAL,
2026-01-01 00:01:31+00:00,ENG-DATASET-004,MSN-SENSOR_DRIFT-004,100.0,0.0,0.0,HEALTHY,,,,1.0,STABLE,NORMAL,
2026-01-01 00:01:32+00:00,ENG-DATASET-004,MSN-SENSOR_DRIFT-004,100.0,0.0,0.0,HEALTHY,,,,1.0,STABLE,NORMAL,
2026-01-01 00:01:33+00:00,ENG-DATASET-004,MSN-SENSOR_DRIFT-004,100.0,0.0,0.0,HEALTHY,,,,1.0,STABLE,NORMAL,
2026-01-01 00:01:34+00:00,ENG-DATASET-004,MSN-SENSOR_DRIFT-004,100.0,0.0,0.0,HEALTHY,,,,1.0,STABLE,NORMAL,
2026-01-01 00:01:35+00:00,ENG-DATASET-004,MSN-SENSOR_DRIFT-004,100.0,0.0,0.0,HEALTHY,,,,1.0,STABLE,NORMAL,
2026-01-01 00:01:36+00:00,ENG-DATASET-004,MSN-SENSOR_DRIFT-004,100.0,0.0,0.0,HEALTHY,,,,1.0,STABLE,NORMAL,
2026-01-01 00:01:37+00:00,ENG-DATASET-004,MSN-SENSOR_DRIFT-004,100.0,0.0,0.0,HEALTHY,,,,1.0,STABLE,NORMAL,
2026-01-01 00:01:38+00:00,ENG-DATASET-004,MSN-SENSOR_DRIFT-004,100.0,0.0,0.0,HEALTHY,,,,1.0,STABLE,NORMAL,
2026-01-01 00:01:39+00:00,ENG-DATASET-004,MSN-SENSOR_DRIFT-004,100.0,0.0,0.0,HEALTHY,,,,1.0,STABLE,NORMAL,
2026-01-01 00:01:40+00:00,ENG-DATASET-004,MSN-SENSOR_DRIFT-004,100.0,0.0,0.0,HEALTHY,,,,1.0,STABLE,NORMAL,
2026-01-01 00:01:41+00:00,ENG-DATASET-004,MSN-SENSOR_DRIFT-004,100.0,0.0,0.0,HEALTHY,,,,1.0,STABLE,NORMAL,
2026-01-01 00:01:42+00:00,ENG-DATASET-004,MSN-SENSOR_DRIFT-004,100.0,0.0,0.0,HEALTHY,,,,1.0,STABLE,NORMAL,
2026-01-01 00:01:43+00:00,ENG-DATASET-004,MSN-SENSOR_DRIFT-004,100.0,0.0,0.0,HEALTHY,,,,1.0,STABLE,NORMAL,
2026-01-01 00:01:44+00:00,ENG-DATASET-004,MSN-SENSOR_DRIFT-004,100.0,0.0,0.0,HEALTHY,,,,1.0,STABLE,NORMAL,
2026-01-01 00:01:45+00:00,ENG-DATASET-004,MSN-SENSOR_DRIFT-004,100.0,0.0,0.0,HEALTHY,,,,1.0,STABLE,NORMAL,
2026-01-01 00:01:46+00:00,ENG-DATASET-004,MSN-SENSOR_DRIFT-004,100.0,0.0,0.0,HEALTHY,,,,1.0,STABLE,NORMAL,
2026-01-01 00:01:47+00:00,ENG-DATASET-004,MSN-SENSOR_DRIFT-004,100.0,0.0,0.0,HEALTHY,,,,1.0,STABLE,NORMAL,
2026-01-01 00:01:48+00:00,ENG-DATASET-004,MSN-SENSOR_DRIFT-004,100.0,0.0,0.0,HEALTHY,,,,1.0,STABLE,NORMAL,
2026-01-01 00:01:49+00:00,ENG-DATASET-004,MSN-SENSOR_DRIFT-004,100.0,0.0,0.0,HEALTHY,,,,1.0,STABLE,NORMAL,
2026-01-01 00:01:50+00:00,ENG-DATASET-004,MSN-SENSOR_DRIFT-004,100.0,0.0,0.0,HEALTHY,,,,1.0,STABLE,NORMAL,
2026-01-01 00:01:51+00:00,ENG-DATASET-004,MSN-SENSOR_DRIFT-004,100.0,0.0,0.0,HEALTHY,,,,1.0,STABLE,NORMAL,
2026-01-01 00:01:52+00:00,ENG-DATASET-004,MSN-SENSOR_DRIFT-004,100.0,0.0,0.0,HEALTHY,,,,1.0,STABLE,NORMAL,
2026-01-01 00:01:53+00:00,ENG-DATASET-004,MSN-SENSOR_DRIFT-004,100.0,0.0,0.0,HEALTHY,,,,1.0,STABLE,NORMAL,
2026-01-01 00:01:54+00:00,ENG-DATASET-004,MSN-SENSOR_DRIFT-004,100.0,0.0,0.0,HEALTHY,,,,1.0,STABLE,NORMAL,
2026-01-01 00:01:55+00:00,ENG-DATASET-004,MSN-SENSOR_DRIFT-004,100.0,0.0,0.0,HEALTHY,,,,1.0,STABLE,NORMAL,
2026-01-01 00:01:56+00:00,ENG-DATASET-004,MSN-SENSOR_DRIFT-004,100.0,0.0,0.0,HEALTHY,,,,1.0,STABLE,NORMAL,
2026-01-01 00:01:57+00:00,ENG-DATASET-004,MSN-SENSOR_DRIFT-004,100.0,0.0,0.0,HEALTHY,,,,1.0,STABLE,NORMAL,
2026-01-01 00:01:58+00:00,ENG-DATASET-004,MSN-SENSOR_DRIFT-004,100.0,0.0,0.0,HEALTHY,,,,1.0,STABLE,NORMAL,
2026-01-01 00:01:59+00:00,ENG-DATASET-004,MSN-SENSOR_DRIFT-004,100.0,0.0,0.0,HEALTHY,,,,1.0,STABLE,NORMAL,
2026-01-01 00:02:00+00:00,ENG-DATASET-004,MSN-SENSOR_DRIFT-004,100.0,0.0,0.0,HEALTHY,,,,1.0,STABLE,NORMAL,
2026-01-01 00:02:01+00:00,ENG-DATASET-004,MSN-SENSOR_DRIFT-004,100.0,0.0,0.0,SENSOR_QUALITY_ISSUE,,,,0.36,UNRELIABLE,PHYSICAL_FAULT,
2026-01-01 00:02:02+00:00,ENG-DATASET-004,MSN-SENSOR_DRIFT-004,99.98,0.0001,0.118,SENSOR_QUALITY_ISSUE,,,,0.36,UNRELIABLE,PHYSICAL_FAULT,
2026-01-01 00:02:03+00:00,ENG-DATASET-004,MSN-SENSOR_DRIFT-004,99.96,0.0001,0.3501,SENSOR_QUALITY_ISSUE,,,,0.36,UNRELIABLE,PHYSICAL_FAULT,
2026-01-01 00:02:04+00:00,ENG-DATASET-004,MSN-SENSOR_DRIFT-004,99.92,0.0002,0.8102,SENSOR_QUALITY_ISSUE,,,,0.36,UNRELIABLE,PHYSICAL_FAULT,
2026-01-01 00:02:05+00:00,ENG-DATASET-004,MSN-SENSOR_DRIFT-004,99.88,0.0004,1.4904,SENSOR_QUALITY_ISSUE,,,,0.36,UNRELIABLE,PHYSICAL_FAULT,
2026-01-01 00:02:06+00:00,ENG-DATASET-004,MSN-SENSOR_DRIFT-004,99.82,0.0005,2.5007,SENSOR_QUALITY_ISSUE,,,,0.36,UNRELIABLE,PHYSICAL_FAULT,
2026-01-01 00:02:07+00:00,ENG-DATASET-004,MSN-SENSOR_DRIFT-004,99.77,0.0006,3.77,SENSOR_QUALITY_ISSUE,,,,0.36,UNRELIABLE,PHYSICAL_FAULT,
2026-01-01 00:02:08+00:00,ENG-DATASET-004,MSN-SENSOR_DRIFT-004,99.71,0.0007,5.3475,SENSOR_QUALITY_ISSUE,,,,0.36,UNRELIABLE,PHYSICAL_FAULT,
2026-01-01 00:02:09+00:00,ENG-DATASET-004,MSN-SENSOR_DRIFT-004,99.65,0.0009,7.221,SENSOR_QUALITY_ISSUE,,,,0.36,UNRELIABLE,PHYSICAL_FAULT,
2026-01-01 00:02:10+00:00,ENG-DATASET-004,MSN-SENSOR_DRIFT-004,99.6,0.001,9.3196,SENSOR_QUALITY_ISSUE,,,,0.36,UNRELIABLE,PHYSICAL_FAULT,
2026-01-01 00:02:11+00:00,ENG-DATASET-004,MSN-SENSOR_DRIFT-004,99.54,0.0011,11.6922,SENSOR_QUALITY_ISSUE,,,,0.36,UNRELIABLE,PHYSICAL_FAULT,
2026-01-01 00:02:12+00:00,ENG-DATASET-004,MSN-SENSOR_DRIFT-004,99.47,0.0013,14.386,SENSOR_QUALITY_ISSUE,,,,0.359,UNRELIABLE,PHYSICAL_FAULT,
2026-01-01 00:02:13+00:00,ENG-DATASET-004,MSN-SENSOR_DRIFT-004,99.41,0.0014,17.3278,SENSOR_QUALITY_ISSUE,,,,0.359,UNRELIABLE,PHYSICAL_FAULT,
2026-01-01 00:02:14+00:00,ENG-DATASET-004,MSN-SENSOR_DRIFT-004,99.35,0.0016,20.5057,SENSOR_QUALITY_ISSUE,,,,0.359,UNRELIABLE,PHYSICAL_FAULT,
2026-01-01 00:02:15+00:00,ENG-DATASET-004,MSN-SENSOR_DRIFT-004,99.28,0.0017,23.9667,SENSOR_QUALITY_ISSUE,,,,0.359,UNRELIABLE,PHYSICAL_FAULT,
2026-01-01 00:02:16+00:00,ENG-DATASET-004,MSN-SENSOR_DRIFT-004,99.22,0.0019,27.6377,SENSOR_QUALITY_ISSUE,,,,0.359,UNRELIABLE,PHYSICAL_FAULT,
2026-01-01 00:02:17+00:00,ENG-DATASET-004,MSN-SENSOR_DRIFT-004,99.15,0.002,31.5658,SENSOR_QUALITY_ISSUE,,,,0.359,UNRELIABLE,PHYSICAL_FAULT,
2026-01-01 00:02:18+00:00,ENG-DATASET-004,MSN-SENSOR_DRIFT-004,99.08,0.0022,35.7369,SENSOR_QUALITY_ISSUE,,,,0.359,UNRELIABLE,PHYSICAL_FAULT,
2026-01-01 00:02:19+00:00,ENG-DATASET-004,MSN-SENSOR_DRIFT-004,99.01,0.0023,40.1371,SENSOR_QUALITY_ISSUE,,,,0.359,UNRELIABLE,PHYSICAL_FAULT,
2026-01-01 00:02:20+00:00,ENG-DATASET-004,MSN-SENSOR_DRIFT-004,98.94,0.0025,44.7524,SENSOR_QUALITY_ISSUE,,,,0.359,UNRELIABLE,PHYSICAL_FAULT,
2026-01-01 00:02:21+00:00,ENG-DATASET-004,MSN-SENSOR_DRIFT-004,98.87,0.0026,49.5688,SENSOR_QUALITY_ISSUE,,,,0.359,UNRELIABLE,PHYSICAL_FAULT,
2026-01-01 00:02:22+00:00,ENG-DATASET-004,MSN-SENSOR_DRIFT-004,98.8,0.0028,54.5722,SENSOR_QUALITY_ISSUE,,,,0.359,UNRELIABLE,PHYSICAL_FAULT,
2026-01-01 00:02:23+00:00,ENG-DATASET-004,MSN-SENSOR_DRIFT-004,98.73,0.003,59.7486,SENSOR_QUALITY_ISSUE,,,,0.359,UNRELIABLE,PHYSICAL_FAULT,
2026-01-01 00:02:24+00:00,ENG-DATASET-004,MSN-SENSOR_DRIFT-004,98.66,0.0031,65.0841,SENSOR_QUALITY_ISSUE,,,,0.359,UNRELIABLE,PHYSICAL_FAULT,
2026-01-01 00:02:25+00:00,ENG-DATASET-004,MSN-SENSOR_DRIFT-004,98.59,0.0033,70.5646,SENSOR_QUALITY_ISSUE,,,,0.359,UNRELIABLE,PHYSICAL_FAULT,
2026-01-01 00:02:26+00:00,ENG-DATASET-004,MSN-SENSOR_DRIFT-004,98.52,0.0034,76.1762,SENSOR_QUALITY_ISSUE,,,,0.359,UNRELIABLE,PHYSICAL_FAULT,
2026-01-01 00:02:27+00:00,ENG-DATASET-004,MSN-SENSOR_DRIFT-004,98.45,0.0036,81.9048,SENSOR_QUALITY_ISSUE,,,,0.359,UNRELIABLE,PHYSICAL_FAULT,
2026-01-01 00:02:28+00:00,ENG-DATASET-004,MSN-SENSOR_DRIFT-004,98.37,0.0038,87.7954,SENSOR_QUALITY_ISSUE,,,,0.359,UNRELIABLE,PHYSICAL_FAULT,
2026-01-01 00:02:29+00:00,ENG-DATASET-004,MSN-SENSOR_DRIFT-004,98.3,0.0039,93.773,SENSOR_QUALITY_ISSUE,,,,0.359,UNRELIABLE,PHYSICAL_FAULT,
2026-01-01 00:02:30+00:00,ENG-DATASET-004,MSN-SENSOR_DRIFT-004,98.23,0.0041,99.8237,SENSOR_QUALITY_ISSUE,,,,0.359,UNRELIABLE,PHYSICAL_FAULT,
2026-01-01 00:02:31+00:00,ENG-DATASET-004,MSN-SENSOR_DRIFT-004,98.15,0.0042,105.9924,SENSOR_QUALITY_ISSUE,,,,0.359,UNRELIABLE,PHYSICAL_FAULT,
2026-01-01 00:02:32+00:00,ENG-DATASET-004,MSN-SENSOR_DRIFT-004,98.08,0.0044,112.2042,SENSOR_QUALITY_ISSUE,,,,0.359,UNRELIABLE,PHYSICAL_FAULT,
2026-01-01 00:02:33+00:00,ENG-DATASET-004,MSN-SENSOR_DRIFT-004,98.01,0.0046,118.4449,SENSOR_QUALITY_ISSUE,,,,0.359,UNRELIABLE,PHYSICAL_FAULT,
2026-01-01 00:02:34+00:00,ENG-DATASET-004,MSN-SENSOR_DRIFT-004,97.94,0.0047,124.7006,SENSOR_QUALITY_ISSUE,,,,0.359,UNRELIABLE,PHYSICAL_FAULT,
2026-01-01 00:02:35+00:00,ENG-DATASET-004,MSN-SENSOR_DRIFT-004,97.86,0.0049,131.0164,SENSOR_QUALITY_ISSUE,,,,0.359,UNRELIABLE,PHYSICAL_FAULT,
2026-01-01 00:02:36+00:00,ENG-DATASET-004,MSN-SENSOR_DRIFT-004,97.79,0.0051,137.3171,SENSOR_QUALITY_ISSUE,,,,0.359,UNRELIABLE,PHYSICAL_FAULT,
2026-01-01 00:02:37+00:00,ENG-DATASET-004,MSN-SENSOR_DRIFT-004,97.71,0.0052,143.6479,SENSOR_QUALITY_ISSUE,,,,0.359,UNRELIABLE,PHYSICAL_FAULT,
2026-01-01 00:02:38+00:00,ENG-DATASET-004,MSN-SENSOR_DRIFT-004,97.64,0.0054,149.9336,SENSOR_QUALITY_ISSUE,,,,0.359,UNRELIABLE,PHYSICAL_FAULT,
2026-01-01 00:02:39+00:00,ENG-DATASET-004,MSN-SENSOR_DRIFT-004,97.56,0.0056,156.2194,SENSOR_QUALITY_ISSUE,,,,0.359,UNRELIABLE,PHYSICAL_FAULT,
2026-01-01 00:02:40+00:00,ENG-DATASET-004,MSN-SENSOR_DRIFT-004,97.48,0.0058,162.4891,SENSOR_QUALITY_ISSUE,,,,0.359,UNRELIABLE,PHYSICAL_FAULT,
2026-01-01 00:02:41+00:00,ENG-DATASET-004,MSN-SENSOR_DRIFT-004,97.41,0.0059,168.6679,SENSOR_QUALITY_ISSUE,,,,0.358,UNRELIABLE,PHYSICAL_FAULT,
2026-01-01 00:02:42+00:00,ENG-DATASET-004,MSN-SENSOR_DRIFT-004,97.33,0.0061,174.8006,SENSOR_QUALITY_ISSUE,,,,0.358,UNRELIABLE,PHYSICAL_FAULT,
2026-01-01 00:02:43+00:00,ENG-DATASET-004,MSN-SENSOR_DRIFT-004,97.24,0.0063,180.9303,SENSOR_QUALITY_ISSUE,,,,0.358,UNRELIABLE,PHYSICAL_FAULT,
2026-01-01 00:02:44+00:00,ENG-DATASET-004,MSN-SENSOR_DRIFT-004,97.16,0.0065,186.9799,SENSOR_QUALITY_ISSUE,,,,0.358,UNRELIABLE,PHYSICAL_FAULT,
2026-01-01 00:02:45+00:00,ENG-DATASET-004,MSN-SENSOR_DRIFT-004,97.08,0.0067,192.9336,SENSOR_QUALITY_ISSUE,,,,0.358,UNRELIABLE,PHYSICAL_FAULT,
2026-01-01 00:02:46+00:00,ENG-DATASET-004,MSN-SENSOR_DRIFT-004,96.99,0.0069,198.8342,SENSOR_QUALITY_ISSUE,,,,0.358,UNRELIABLE,PHYSICAL_FAULT,
2026-01-01 00:02:47+00:00,ENG-DATASET-004,MSN-SENSOR_DRIFT-004,96.91,0.0071,204.6048,SENSOR_QUALITY_ISSUE,,,,0.358,UNRELIABLE,PHYSICAL_FAULT,
2026-01-01 00:02:48+00:00,ENG-DATASET-004,MSN-SENSOR_DRIFT-004,96.82,0.0073,210.2884,SENSOR_QUALITY_ISSUE,,,,0.358,UNRELIABLE,PHYSICAL_FAULT,
2026-01-01 00:02:49+00:00,ENG-DATASET-004,MSN-SENSOR_DRIFT-004,96.73,0.0075,215.867,SENSOR_QUALITY_ISSUE,,,,0.358,UNRELIABLE,PHYSICAL_FAULT,
2026-01-01 00:02:50+00:00,ENG-DATASET-004,MSN-SENSOR_DRIFT-004,96.64,0.0077,221.3225,SENSOR_QUALITY_ISSUE,,,,0.358,UNRELIABLE,PHYSICAL_FAULT,
2026-01-01 00:02:51+00:00,ENG-DATASET-004,MSN-SENSOR_DRIFT-004,96.54,0.0079,226.696,SENSOR_QUALITY_ISSUE,,,,0.358,UNRELIABLE,PHYSICAL_FAULT,
2026-01-01 00:02:52+00:00,ENG-DATASET-004,MSN-SENSOR_DRIFT-004,96.44,0.0081,231.9674,SENSOR_QUALITY_ISSUE,,,,0.358,UNRELIABLE,PHYSICAL_FAULT,
2026-01-01 00:02:53+00:00,ENG-DATASET-004,MSN-SENSOR_DRIFT-004,96.34,0.0084,237.1169,SENSOR_QUALITY_ISSUE,,,,0.358,UNRELIABLE,PHYSICAL_FAULT,
2026-01-01 00:02:54+00:00,ENG-DATASET-004,MSN-SENSOR_DRIFT-004,96.24,0.0086,242.1243,SENSOR_QUALITY_ISSUE,,,,0.358,UNRELIABLE,PHYSICAL_FAULT,
2026-01-01 00:02:55+00:00,ENG-DATASET-004,MSN-SENSOR_DRIFT-004,96.14,0.0088,246.9696,SENSOR_QUALITY_ISSUE,,,,0.358,UNRELIABLE,PHYSICAL_FAULT,
2026-01-01 00:02:56+00:00,ENG-DATASET-004,MSN-SENSOR_DRIFT-004,96.03,0.0091,251.6919,SENSOR_QUALITY_ISSUE,,,,0.358,UNRELIABLE,PHYSICAL_FAULT,
2026-01-01 00:02:57+00:00,ENG-DATASET-004,MSN-SENSOR_DRIFT-004,95.79,0.0101,257.0364,SENSOR_QUALITY_ISSUE,,,,0.356,UNRELIABLE,PHYSICAL_FAULT,
2026-01-01 00:02:58+00:00,ENG-DATASET-004,MSN-SENSOR_DRIFT-004,95.24,0.0111,264.7846,SENSOR_QUALITY_ISSUE,,,,0.355,UNRELIABLE,PHYSICAL_FAULT,
2026-01-01 00:02:59+00:00,ENG-DATASET-004,MSN-SENSOR_DRIFT-004,94.69,0.0122,274.8263,SENSOR_QUALITY_ISSUE,,,,0.353,UNRELIABLE,PHYSICAL_FAULT,
2026-01-01 00:03:00+00:00,ENG-DATASET-004,MSN-SENSOR_DRIFT-004,94.13,0.0132,287.1108,SENSOR_QUALITY_ISSUE,,,,0.352,UNRELIABLE,PHYSICAL_FAULT,
2026-01-01 00:03:01+00:00,ENG-DATASET-004,MSN-SENSOR_DRIFT-004,93.58,0.0143,301.4667,SENSOR_QUALITY_ISSUE,,,,0.351,UNRELIABLE,PHYSICAL_FAULT,
2026-01-01 00:03:02+00:00,ENG-DATASET-004,MSN-SENSOR_DRIFT-004,93.15,0.0145,317.1981,SENSOR_QUALITY_ISSUE,,,,0.351,UNRELIABLE,PHYSICAL_FAULT,
2026-01-01 00:03:03+00:00,ENG-DATASET-004,MSN-SENSOR_DRIFT-004,93.03,0.0148,332.3933,SENSOR_QUALITY_ISSUE,,,,0.351,UNRELIABLE,PHYSICAL_FAULT,
2026-01-01 00:03:04+00:00,ENG-DATASET-004,MSN-SENSOR_DRIFT-004,92.91,0.0151,347.1544,SENSOR_QUALITY_ISSUE,,,,0.351,UNRELIABLE,PHYSICAL_FAULT,
2026-01-01 00:03:05+00:00,ENG-DATASET-004,MSN-SENSOR_DRIFT-004,92.8,0.0153,361.4064,SENSOR_QUALITY_ISSUE,,,,0.35,UNRELIABLE,PHYSICAL_FAULT,
2026-01-01 00:03:06+00:00,ENG-DATASET-004,MSN-SENSOR_DRIFT-004,92.68,0.0156,375.3163,SENSOR_QUALITY_ISSUE,,,,0.35,UNRELIABLE,PHYSICAL_FAULT,
2026-01-01 00:03:07+00:00,ENG-DATASET-004,MSN-SENSOR_DRIFT-004,92.55,0.0159,388.87,SENSOR_QUALITY_ISSUE,,,,0.35,UNRELIABLE,PHYSICAL_FAULT,
2026-01-01 00:03:08+00:00,ENG-DATASET-004,MSN-SENSOR_DRIFT-004,92.43,0.0161,402.0537,SENSOR_QUALITY_ISSUE,,,,0.35,UNRELIABLE,PHYSICAL_FAULT,
2026-01-01 00:03:09+00:00,ENG-DATASET-004,MSN-SENSOR_DRIFT-004,92.31,0.0164,414.8552,SENSOR_QUALITY_ISSUE,,,,0.35,UNRELIABLE,PHYSICAL_FAULT,
2026-01-01 00:03:10+00:00,ENG-DATASET-004,MSN-SENSOR_DRIFT-004,92.19,0.0167,427.2017,SENSOR_QUALITY_ISSUE,,,,0.35,UNRELIABLE,PHYSICAL_FAULT,
2026-01-01 00:03:11+00:00,ENG-DATASET-004,MSN-SENSOR_DRIFT-004,92.08,0.0169,439.081,SENSOR_QUALITY_ISSUE,,,,0.35,UNRELIABLE,PHYSICAL_FAULT,
2026-01-01 00:03:12+00:00,ENG-DATASET-004,MSN-SENSOR_DRIFT-004,91.96,0.0172,450.6032,SENSOR_QUALITY_ISSUE,,,,0.35,UNRELIABLE,PHYSICAL_FAULT,
2026-01-01 00:03:13+00:00,ENG-DATASET-004,MSN-SENSOR_DRIFT-004,91.84,0.0174,461.6972,SENSOR_QUALITY_ISSUE,,,,0.35,UNRELIABLE,PHYSICAL_FAULT,
2026-01-01 00:03:14+00:00,ENG-DATASET-004,MSN-SENSOR_DRIFT-004,91.73,0.0177,472.2922,SENSOR_QUALITY_ISSUE,,,,0.35,UNRELIABLE,PHYSICAL_FAULT,
2026-01-01 00:03:15+00:00,ENG-DATASET-004,MSN-SENSOR_DRIFT-004,91.31,0.0201,484.2685,SENSOR_QUALITY_ISSUE,,,,0.349,UNRELIABLE,PHYSICAL_FAULT,
2026-01-01 00:03:16+00:00,ENG-DATASET-004,MSN-SENSOR_DRIFT-004,90.18,0.0225,501.6854,SENSOR_QUALITY_ISSUE,,,,0.347,UNRELIABLE,PHYSICAL_FAULT,
2026-01-01 00:03:17+00:00,ENG-DATASET-004,MSN-SENSOR_DRIFT-004,89.91,0.018,519.3143,SENSOR_QUALITY_ISSUE,,,,0.28,UNRELIABLE,SENSOR_FAULT,cht
2026-01-01 00:03:18+00:00,ENG-DATASET-004,MSN-SENSOR_DRIFT-004,88.73,0.0208,542.4857,SENSOR_QUALITY_ISSUE,,,,0.28,UNRELIABLE,SENSOR_FAULT,cht
2026-01-01 00:03:19+00:00,ENG-DATASET-004,MSN-SENSOR_DRIFT-004,87.53,0.0235,571.0956,SENSOR_QUALITY_ISSUE,,,,0.28,UNRELIABLE,SENSOR_FAULT,cht
2026-01-01 00:03:20+00:00,ENG-DATASET-004,MSN-SENSOR_DRIFT-004,86.69,0.0237,602.7934,SENSOR_QUALITY_ISSUE,,,,0.281,UNRELIABLE,SENSOR_FAULT,cht
2026-01-01 00:03:21+00:00,ENG-DATASET-004,MSN-SENSOR_DRIFT-004,86.55,0.0239,633.2939,SENSOR_QUALITY_ISSUE,,,,0.282,UNRELIABLE,SENSOR_FAULT,cht
2026-01-01 00:03:22+00:00,ENG-DATASET-004,MSN-SENSOR_DRIFT-004,86.41,0.0241,662.5831,SENSOR_QUALITY_ISSUE,,,,0.283,UNRELIABLE,SENSOR_FAULT,cht
2026-01-01 00:03:23+00:00,ENG-DATASET-004,MSN-SENSOR_DRIFT-004,86.28,0.0243,690.5878,SENSOR_QUALITY_ISSUE,,,,0.284,UNRELIABLE,SENSOR_FAULT,cht
2026-01-01 00:03:24+00:00,ENG-DATASET-004,MSN-SENSOR_DRIFT-004,86.15,0.0244,717.2962,SENSOR_QUALITY_ISSUE,,,,0.284,UNRELIABLE,SENSOR_FAULT,cht
2026-01-01 00:03:25+00:00,ENG-DATASET-004,MSN-SENSOR_DRIFT-004,86.02,0.0246,742.6963,SENSOR_QUALITY_ISSUE,,,,0.286,UNRELIABLE,SENSOR_FAULT,cht
2026-01-01 00:03:26+00:00,ENG-DATASET-004,MSN-SENSOR_DRIFT-004,85.89,0.0248,766.776,SENSOR_QUALITY_ISSUE,,,,0.286,UNRELIABLE,SENSOR_FAULT,cht
2026-01-01 00:03:27+00:00,ENG-DATASET-004,MSN-SENSOR_DRIFT-004,85.76,0.025,789.5233,SENSOR_QUALITY_ISSUE,,,,0.287,UNRELIABLE,SENSOR_FAULT,cht
2026-01-01 00:03:28+00:00,ENG-DATASET-004,MSN-SENSOR_DRIFT-004,85.63,0.0252,810.9873,SENSOR_QUALITY_ISSUE,,,,0.288,UNRELIABLE,SENSOR_FAULT,cht
2026-01-01 00:03:29+00:00,ENG-DATASET-004,MSN-SENSOR_DRIFT-004,85.5,0.0254,831.0969,SENSOR_QUALITY_ISSUE,,,,0.289,UNRELIABLE,SENSOR_FAULT,cht
2026-01-01 00:03:30+00:00,ENG-DATASET-004,MSN-SENSOR_DRIFT-004,85.37,0.0256,849.8401,SENSOR_QUALITY_ISSUE,,,,0.289,UNRELIABLE,SENSOR_FAULT,cht
2026-01-01 00:03:31+00:00,ENG-DATASET-004,MSN-SENSOR_DRIFT-004,85.24,0.0258,867.2659,SENSOR_QUALITY_ISSUE,,,,0.29,UNRELIABLE,SENSOR_FAULT,cht
2026-01-01 00:03:32+00:00,ENG-DATASET-004,MSN-SENSOR_DRIFT-004,85.1,0.026,883.3624,SENSOR_QUALITY_ISSUE,,,,0.29,UNRELIABLE,SENSOR_FAULT,cht
2026-01-01 00:03:33+00:00,ENG-DATASET-004,MSN-SENSOR_DRIFT-004,84.97,0.0262,898.0565,SENSOR_QUALITY_ISSUE,,,,0.291,UNRELIABLE,SENSOR_FAULT,cht
2026-01-01 00:03:34+00:00,ENG-DATASET-004,MSN-SENSOR_DRIFT-004,84.82,0.0265,911.4542,SENSOR_QUALITY_ISSUE,,,,0.292,UNRELIABLE,SENSOR_FAULT,cht
2026-01-01 00:03:35+00:00,ENG-DATASET-004,MSN-SENSOR_DRIFT-004,84.68,0.0267,923.5415,SENSOR_QUALITY_ISSUE,,,,0.292,UNRELIABLE,SENSOR_FAULT,cht
2026-01-01 00:03:36+00:00,ENG-DATASET-004,MSN-SENSOR_DRIFT-004,84.53,0.027,934.3045,SENSOR_QUALITY_ISSUE,,,,0.293,UNRELIABLE,SENSOR_FAULT,cht
2026-01-01 00:03:37+00:00,ENG-DATASET-004,MSN-SENSOR_DRIFT-004,84.37,0.0272,943.8472,SENSOR_QUALITY_ISSUE,,,,0.293,UNRELIABLE,SENSOR_FAULT,cht
2026-01-01 00:03:38+00:00,ENG-DATASET-004,MSN-SENSOR_DRIFT-004,84.21,0.0275,952.0925,SENSOR_QUALITY_ISSUE,,,,0.293,UNRELIABLE,SENSOR_FAULT,cht
2026-01-01 00:03:39+00:00,ENG-DATASET-004,MSN-SENSOR_DRIFT-004,84.05,0.0278,959.0834,SENSOR_QUALITY_ISSUE,,,,0.294,UNRELIABLE,SENSOR_FAULT,cht
2026-01-01 00:03:40+00:00,ENG-DATASET-004,MSN-SENSOR_DRIFT-004,83.88,0.0281,964.863,SENSOR_QUALITY_ISSUE,,,,0.295,UNRELIABLE,SENSOR_FAULT,cht
2026-01-01 00:03:41+00:00,ENG-DATASET-004,MSN-SENSOR_DRIFT-004,83.71,0.0285,969.3523,SENSOR_QUALITY_ISSUE,,,,0.295,UNRELIABLE,SENSOR_FAULT,cht
2026-01-01 00:03:42+00:00,ENG-DATASET-004,MSN-SENSOR_DRIFT-004,83.52,0.0288,972.7102,SENSOR_QUALITY_ISSUE,,,,0.295,UNRELIABLE,SENSOR_FAULT,cht
2026-01-01 00:03:43+00:00,ENG-DATASET-004,MSN-SENSOR_DRIFT-004,83.34,0.0292,974.9168,SENSOR_QUALITY_ISSUE,,,,0.296,UNRELIABLE,SENSOR_FAULT,cht
2026-01-01 00:03:44+00:00,ENG-DATASET-004,MSN-SENSOR_DRIFT-004,83.14,0.0295,976.0111,SENSOR_QUALITY_ISSUE,,,,0.296,UNRELIABLE,SENSOR_FAULT,cht
2026-01-01 00:03:45+00:00,ENG-DATASET-004,MSN-SENSOR_DRIFT-004,82.94,0.0299,975.9691,SENSOR_QUALITY_ISSUE,,,,0.297,UNRELIABLE,SENSOR_FAULT,cht
2026-01-01 00:03:46+00:00,ENG-DATASET-004,MSN-SENSOR_DRIFT-004,82.74,0.0303,974.8278,SENSOR_QUALITY_ISSUE,,,,0.298,UNRELIABLE,SENSOR_FAULT,cht
2026-01-01 00:03:47+00:00,ENG-DATASET-004,MSN-SENSOR_DRIFT-004,82.53,0.0307,972.5632,SENSOR_QUALITY_ISSUE,,,,0.298,UNRELIABLE,SENSOR_FAULT,cht
2026-01-01 00:03:48+00:00,ENG-DATASET-004,MSN-SENSOR_DRIFT-004,82.31,0.0311,969.2692,SENSOR_QUALITY_ISSUE,,,,0.299,UNRELIABLE,SENSOR_FAULT,cht
2026-01-01 00:03:49+00:00,ENG-DATASET-004,MSN-SENSOR_DRIFT-004,82.1,0.0315,964.861,SENSOR_QUALITY_ISSUE,,,,0.299,UNRELIABLE,SENSOR_FAULT,cht
2026-01-01 00:03:50+00:00,ENG-DATASET-004,MSN-SENSOR_DRIFT-004,81.88,0.0319,959.3735,SENSOR_QUALITY_ISSUE,,,,0.299,UNRELIABLE,SENSOR_FAULT,cht
2026-01-01 00:03:51+00:00,ENG-DATASET-004,MSN-SENSOR_DRIFT-004,81.65,0.0323,952.9007,SENSOR_QUALITY_ISSUE,,,,0.3,UNRELIABLE,SENSOR_FAULT,cht
2026-01-01 00:03:52+00:00,ENG-DATASET-004,MSN-SENSOR_DRIFT-004,81.43,0.0327,945.3576,SENSOR_QUALITY_ISSUE,,,,0.301,UNRELIABLE,SENSOR_FAULT,cht
2026-01-01 00:03:53+00:00,ENG-DATASET-004,MSN-SENSOR_DRIFT-004,81.22,0.0331,936.6612,SENSOR_QUALITY_ISSUE,,,,0.301,UNRELIABLE,SENSOR_FAULT,cht
2026-01-01 00:03:54+00:00,ENG-DATASET-004,MSN-SENSOR_DRIFT-004,81.05,0.0335,926.5534,SENSOR_QUALITY_ISSUE,,,,0.302,UNRELIABLE,SENSOR_FAULT,cht
2026-01-01 00:03:55+00:00,ENG-DATASET-004,MSN-SENSOR_DRIFT-004,80.88,0.0339,915.0202,SENSOR_QUALITY_ISSUE,,,,0.302,UNRELIABLE,SENSOR_FAULT,cht
2026-01-01 00:03:56+00:00,ENG-DATASET-004,MSN-SENSOR_DRIFT-004,80.72,0.0343,902.0496,SENSOR_QUALITY_ISSUE,,,,0.304,UNRELIABLE,SENSOR_FAULT,cht
2026-01-01 00:03:57+00:00,ENG-DATASET-004,MSN-SENSOR_DRIFT-004,80.56,0.0347,888.4248,SENSOR_QUALITY_ISSUE,,,,0.304,UNRELIABLE,SENSOR_FAULT,cht
2026-01-01 00:03:58+00:00,ENG-DATASET-004,MSN-SENSOR_DRIFT-004,80.4,0.0351,876.0533,SENSOR_QUALITY_ISSUE,,,,0.305,UNRELIABLE,SENSOR_FAULT,cht
2026-01-01 00:03:59+00:00,ENG-DATASET-004,MSN-SENSOR_DRIFT-004,80.25,0.0354,864.9543,SENSOR_QUALITY_ISSUE,,,,0.305,UNRELIABLE,SENSOR_FAULT,cht
2026-01-01 00:04:00+00:00,ENG-DATASET-004,MSN-SENSOR_DRIFT-004,80.13,0.0356,855.0915,SENSOR_QUALITY_ISSUE,,,,0.307,UNRELIABLE,SENSOR_FAULT,cht
2026-01-01 00:04:01+00:00,ENG-DATASET-004,MSN-SENSOR_DRIFT-004,80.05,0.0357,846.2561,SENSOR_QUALITY_ISSUE,,,,0.308,UNRELIABLE,SENSOR_FAULT,cht
2026-01-01 00:04:02+00:00,ENG-DATASET-004,MSN-SENSOR_DRIFT-004,80.0,0.0357,837.6327,SENSOR_QUALITY_ISSUE,,,,0.309,UNRELIABLE,SENSOR_FAULT,cht
2026-01-01 00:04:03+00:00,ENG-DATASET-004,MSN-SENSOR_DRIFT-004,79.98,0.0357,827.2288,SENSOR_QUALITY_ISSUE,,,,0.309,UNRELIABLE,SENSOR_FAULT,cht
2026-01-01 00:04:04+00:00,ENG-DATASET-004,MSN-SENSOR_DRIFT-004,79.98,0.0356,814.9464,SENSOR_QUALITY_ISSUE,,,,0.309,UNRELIABLE,SENSOR_FAULT,cht
2026-01-01 00:04:05+00:00,ENG-DATASET-004,MSN-SENSOR_DRIFT-004,79.99,0.0357,800.6894,SENSOR_QUALITY_ISSUE,,,,0.309,UNRELIABLE,SENSOR_FAULT,cht
2026-01-01 00:04:06+00:00,ENG-DATASET-004,MSN-SENSOR_DRIFT-004,79.98,0.0357,784.661,SENSOR_QUALITY_ISSUE,,,,0.309,UNRELIABLE,SENSOR_FAULT,cht
2026-01-01 00:04:07+00:00,ENG-DATASET-004,MSN-SENSOR_DRIFT-004,79.97,0.0357,766.944,SENSOR_QUALITY_ISSUE,,,,0.309,UNRELIABLE,SENSOR_FAULT,cht
2026-01-01 00:04:08+00:00,ENG-DATASET-004,MSN-SENSOR_DRIFT-004,79.97,0.0357,747.4426,SENSOR_QUALITY_ISSUE,,,,0.309,UNRELIABLE,SENSOR_FAULT,cht
2026-01-01 00:04:09+00:00,ENG-DATASET-004,MSN-SENSOR_DRIFT-004,79.98,0.0356,726.1217,SENSOR_QUALITY_ISSUE,,,,0.309,UNRELIABLE,SENSOR_FAULT,cht
2026-01-01 00:04:10+00:00,ENG-DATASET-004,MSN-SENSOR_DRIFT-004,79.99,0.0356,703.0073,SENSOR_QUALITY_ISSUE,,,,0.309,UNRELIABLE,SENSOR_FAULT,cht
2026-01-01 00:04:11+00:00,ENG-DATASET-004,MSN-SENSOR_DRIFT-004,80.01,0.0355,678.0053,SENSOR_QUALITY_ISSUE,,,,0.309,UNRELIABLE,SENSOR_FAULT,cht
2026-01-01 00:04:12+00:00,ENG-DATASET-004,MSN-SENSOR_DRIFT-004,80.03,0.0355,651.2029,SENSOR_QUALITY_ISSUE,,,,0.309,UNRELIABLE,SENSOR_FAULT,cht
2026-01-01 00:04:13+00:00,ENG-DATASET-004,MSN-SENSOR_DRIFT-004,80.05,0.0354,622.628,SENSOR_QUALITY_ISSUE,,,,0.309,UNRELIABLE,SENSOR_FAULT,cht
2026-01-01 00:04:14+00:00,ENG-DATASET-004,MSN-SENSOR_DRIFT-004,80.07,0.0354,592.2475,SENSOR_QUALITY_ISSUE,,,,0.309,UNRELIABLE,SENSOR_FAULT,cht
2026-01-01 00:04:15+00:00,ENG-DATASET-004,MSN-SENSOR_DRIFT-004,80.09,0.0353,561.9791,SENSOR_QUALITY_ISSUE,,,,0.309,UNRELIABLE,SENSOR_FAULT,cht
2026-01-01 00:04:16+00:00,ENG-DATASET-004,MSN-SENSOR_DRIFT-004,80.11,0.0353,536.243,SENSOR_QUALITY_ISSUE,,,,0.309,UNRELIABLE,SENSOR_FAULT,cht
2026-01-01 00:04:17+00:00,ENG-DATASET-004,MSN-SENSOR_DRIFT-004,80.13,0.0352,510.0217,SENSOR_QUALITY_ISSUE,,,,0.309,UNRELIABLE,SENSOR_FAULT,cht
2026-01-01 00:04:18+00:00,ENG-DATASET-004,MSN-SENSOR_DRIFT-004,80.15,0.0352,488.9258,SENSOR_QUALITY_ISSUE,,,,0.309,UNRELIABLE,SENSOR_FAULT,cht
2026-01-01 00:04:19+00:00,ENG-DATASET-004,MSN-SENSOR_DRIFT-004,80.16,0.0352,473.3765,SENSOR_QUALITY_ISSUE,,,,0.309,UNRELIABLE,SENSOR_FAULT,cht
2026-01-01 00:04:20+00:00,ENG-DATASET-004,MSN-SENSOR_DRIFT-004,80.17,0.0352,461.4192,SENSOR_QUALITY_ISSUE,,,,0.309,UNRELIABLE,SENSOR_FAULT,cht
2026-01-01 00:04:21+00:00,ENG-DATASET-004,MSN-SENSOR_DRIFT-004,80.17,0.0352,449.0117,SENSOR_QUALITY_ISSUE,,,,0.309,UNRELIABLE,SENSOR_FAULT,cht
2026-01-01 00:04:22+00:00,ENG-DATASET-004,MSN-SENSOR_DRIFT-004,80.16,0.0352,436.2412,SENSOR_QUALITY_ISSUE,,,,0.309,UNRELIABLE,SENSOR_FAULT,cht
2026-01-01 00:04:23+00:00,ENG-DATASET-004,MSN-SENSOR_DRIFT-004,80.15,0.0352,423.0725,SENSOR_QUALITY_ISSUE,,,,0.309,UNRELIABLE,SENSOR_FAULT,cht
2026-01-01 00:04:24+00:00,ENG-DATASET-004,MSN-SENSOR_DRIFT-004,80.13,0.0353,409.5888,SENSOR_QUALITY_ISSUE,,,,0.309,UNRELIABLE,SENSOR_FAULT,cht
2026-01-01 00:04:25+00:00,ENG-DATASET-004,MSN-SENSOR_DRIFT-004,80.11,0.0354,395.8119,SENSOR_QUALITY_ISSUE,,,,0.309,UNRELIABLE,SENSOR_FAULT,cht
2026-01-01 00:04:26+00:00,ENG-DATASET-004,MSN-SENSOR_DRIFT-004,80.08,0.0355,381.8231,SENSOR_QUALITY_ISSUE,,,,0.308,UNRELIABLE,SENSOR_FAULT,cht
2026-01-01 00:04:27+00:00,ENG-DATASET-004,MSN-SENSOR_DRIFT-004,80.04,0.0356,367.7011,SENSOR_QUALITY_ISSUE,,,,0.308,UNRELIABLE,SENSOR_FAULT,cht
2026-01-01 00:04:28+00:00,ENG-DATASET-004,MSN-SENSOR_DRIFT-004,79.99,0.0357,353.5232,SENSOR_QUALITY_ISSUE,,,,0.308,UNRELIABLE,SENSOR_FAULT,cht
2026-01-01 00:04:29+00:00,ENG-DATASET-004,MSN-SENSOR_DRIFT-004,79.94,0.0358,339.3053,SENSOR_QUALITY_ISSUE,,,,0.308,UNRELIABLE,SENSOR_FAULT,cht
2026-01-01 00:04:30+00:00,ENG-DATASET-004,MSN-SENSOR_DRIFT-004,79.88,0.036,325.1223,SENSOR_QUALITY_ISSUE,,,,0.308,UNRELIABLE,SENSOR_FAULT,cht
2026-01-01 00:04:31+00:00,ENG-DATASET-004,MSN-SENSOR_DRIFT-004,79.81,0.0362,311.0474,SENSOR_QUALITY_ISSUE,,,,0.308,UNRELIABLE,SENSOR_FAULT,cht
2026-01-01 00:04:32+00:00,ENG-DATASET-004,MSN-SENSOR_DRIFT-004,79.73,0.0364,297.2126,SENSOR_QUALITY_ISSUE,,,,0.308,UNRELIABLE,SENSOR_FAULT,cht
2026-01-01 00:04:33+00:00,ENG-DATASET-004,MSN-SENSOR_DRIFT-004,79.65,0.0366,283.5688,SENSOR_QUALITY_ISSUE,,,,0.308,UNRELIABLE,SENSOR_FAULT,cht
2026-01-01 00:04:34+00:00,ENG-DATASET-004,MSN-SENSOR_DRIFT-004,79.56,0.0368,270.3071,SENSOR_QUALITY_ISSUE,,,,0.308,UNRELIABLE,SENSOR_FAULT,cht
2026-01-01 00:04:35+00:00,ENG-DATASET-004,MSN-SENSOR_DRIFT-004,79.47,0.0371,257.3785,SENSOR_QUALITY_ISSUE,,,,0.308,UNRELIABLE,SENSOR_FAULT,cht
2026-01-01 00:04:36+00:00,ENG-DATASET-004,MSN-SENSOR_DRIFT-004,79.37,0.0373,244.913,SENSOR_QUALITY_ISSUE,,,,0.308,UNRELIABLE,SENSOR_FAULT,cht
2026-01-01 00:04:37+00:00,ENG-DATASET-004,MSN-SENSOR_DRIFT-004,79.27,0.0376,232.9817,SENSOR_QUALITY_ISSUE,,,,0.308,UNRELIABLE,SENSOR_FAULT,cht
2026-01-01 00:04:38+00:00,ENG-DATASET-004,MSN-SENSOR_DRIFT-004,79.16,0.0379,221.6556,SENSOR_QUALITY_ISSUE,,,,0.308,UNRELIABLE,SENSOR_FAULT,cht
2026-01-01 00:04:39+00:00,ENG-DATASET-004,MSN-SENSOR_DRIFT-004,78.97,0.0387,211.4167,SENSOR_QUALITY_ISSUE,,,,0.305,UNRELIABLE,SENSOR_FAULT,cht
2026-01-01 00:04:40+00:00,ENG-DATASET-004,MSN-SENSOR_DRIFT-004,78.62,0.0396,203.2645,SENSOR_QUALITY_ISSUE,,,,0.305,UNRELIABLE,SENSOR_FAULT,cht
2026-01-01 00:04:41+00:00,ENG-DATASET-004,MSN-SENSOR_DRIFT-004,78.07,0.0416,198.3431,SENSOR_QUALITY_ISSUE,,,,0.304,UNRELIABLE,SENSOR_FAULT,cht
2026-01-01 00:04:42+00:00,ENG-DATASET-004,MSN-SENSOR_DRIFT-004,77.1,0.0437,199.1773,SENSOR_QUALITY_ISSUE,,,,0.304,UNRELIABLE,SENSOR_FAULT,cht
2026-01-01 00:04:43+00:00,ENG-DATASET-004,MSN-SENSOR_DRIFT-004,74.89,0.0553,212.8681,SENSOR_QUALITY_ISSUE,,,,0.333,UNRELIABLE,PHYSICAL_FAULT,
2026-01-01 00:04:44+00:00,ENG-DATASET-004,MSN-SENSOR_DRIFT-004,73.99,0.0568,231.4003,SENSOR_QUALITY_ISSUE,,,,0.331,UNRELIABLE,PHYSICAL_FAULT,
2026-01-01 00:04:45+00:00,ENG-DATASET-004,MSN-SENSOR_DRIFT-004,73.26,0.0583,253.6305,SENSOR_QUALITY_ISSUE,,,,0.33,UNRELIABLE,PHYSICAL_FAULT,
2026-01-01 00:04:46+00:00,ENG-DATASET-004,MSN-SENSOR_DRIFT-004,72.71,0.0585,278.3903,SENSOR_QUALITY_ISSUE,,,,0.33,UNRELIABLE,PHYSICAL_FAULT,
2026-01-01 00:04:47+00:00,ENG-DATASET-004,MSN-SENSOR_DRIFT-004,72.6,0.0587,303.0742,SENSOR_QUALITY_ISSUE,,,,0.33,UNRELIABLE,PHYSICAL_FAULT,
2026-01-01 00:04:48+00:00,ENG-DATASET-004,MSN-SENSOR_DRIFT-004,72.49,0.059,327.763,SENSOR_QUALITY_ISSUE,,,,0.33,UNRELIABLE,PHYSICAL_FAULT,
2026-01-01 00:04:49+00:00,ENG-DATASET-004,MSN-SENSOR_DRIFT-004,72.4,0.0591,352.2999,SENSOR_QUALITY_ISSUE,,,,0.329,UNRELIABLE,PHYSICAL_FAULT,
2026-01-01 00:04:50+00:00,ENG-DATASET-004,MSN-SENSOR_DRIFT-004,72.32,0.0593,376.7106,SENSOR_QUALITY_ISSUE,,,,0.329,UNRELIABLE,PHYSICAL_FAULT,
2026-01-01 00:04:51+00:00,ENG-DATASET-004,MSN-SENSOR_DRIFT-004,72.25,0.0594,401.0254,SENSOR_QUALITY_ISSUE,,,,0.329,UNRELIABLE,PHYSICAL_FAULT,
2026-01-01 00:04:52+00:00,ENG-DATASET-004,MSN-SENSOR_DRIFT-004,72.21,0.0595,425.0381,SENSOR_QUALITY_ISSUE,,,,0.329,UNRELIABLE,PHYSICAL_FAULT,
2026-01-01 00:04:53+00:00,ENG-DATASET-004,MSN-SENSOR_DRIFT-004,72.17,0.0595,448.7236,SENSOR_QUALITY_ISSUE,,,,0.329,UNRELIABLE,PHYSICAL_FAULT,
2026-01-01 00:04:54+00:00,ENG-DATASET-004,MSN-SENSOR_DRIFT-004,72.14,0.0596,471.8131,SENSOR_QUALITY_ISSUE,,,,0.329,UNRELIABLE,PHYSICAL_FAULT,
2026-01-01 00:04:55+00:00,ENG-DATASET-004,MSN-SENSOR_DRIFT-004,72.13,0.0596,494.2163,SENSOR_QUALITY_ISSUE,,,,0.329,UNRELIABLE,PHYSICAL_FAULT,
2026-01-01 00:04:56+00:00,ENG-DATASET-004,MSN-SENSOR_DRIFT-004,72.13,0.0595,515.8453,SENSOR_QUALITY_ISSUE,,,,0.329,UNRELIABLE,PHYSICAL_FAULT,
2026-01-01 00:04:57+00:00,ENG-DATASET-004,MSN-SENSOR_DRIFT-004,72.15,0.0595,536.6141,SENSOR_QUALITY_ISSUE,,,,0.329,UNRELIABLE,PHYSICAL_FAULT,
2026-01-01 00:04:58+00:00,ENG-DATASET-004,MSN-SENSOR_DRIFT-004,72.17,0.0594,556.5586,SENSOR_QUALITY_ISSUE,,,,0.329,UNRELIABLE,PHYSICAL_FAULT,
2026-01-01 00:04:59+00:00,ENG-DATASET-004,MSN-SENSOR_DRIFT-004,72.21,0.0593,575.5359,SENSOR_QUALITY_ISSUE,,,,0.329,UNRELIABLE,PHYSICAL_FAULT,
2026-01-01 00:05:00+00:00,ENG-DATASET-004,MSN-SENSOR_DRIFT-004,74.44,0.0426,580.4762,SENSOR_QUALITY_ISSUE,,,,0.332,UNRELIABLE,SENSOR_FAULT,cht
